2025-12-13 21:15:42,275 - INFO - Starting comprehensive experiment for ElasticNet
2025-12-13 21:15:50,749 - INFO - Performing feature analysis...
2025-12-13 21:15:52,414 - INFO - Model justification: Linear model with L1 and L2 regularization for handling multicollinearity
2025-12-13 21:15:52,414 - INFO - Performing robust cross-validation...
2025-12-13 21:15:52,450 - INFO - CV Results - MSE: 2.9192 ± 0.2735
2025-12-13 21:15:52,450 - INFO - Starting hyperparameter optimization...
2025-12-13 21:15:53,064 - INFO - Best parameters for ElasticNet: {'alpha': 0.022706212560545135, 'l1_ratio': 0.1017665558828088}
2025-12-13 21:15:53,064 - INFO - ⏱️ HPO took 0.61 seconds
2025-12-13 21:15:53,064 - INFO - Training final model...
2025-12-13 21:15:53,066 - INFO - ⏱️ Training took 0.00 seconds
2025-12-13 21:15:53,066 - INFO - Performing residual analysis...
2025-12-13 21:15:54,285 - INFO - Generating XAI explanations...
2025-12-13 21:15:54,285 - WARNING - Using 168 background data samples could cause slower run times. Consider using shap.sample(data, K) or shap.kmeans(data, K) to summarize the background as K samples.
2025-12-13 21:15:54,302 - INFO - num_full_subsets = 2
2025-12-13 21:15:54,307 - INFO - phi = [ 0.03402316  0.04625849 -0.27023886  0.04859335]
2025-12-13 21:15:54,322 - INFO - num_full_subsets = 2
2025-12-13 21:15:54,328 - INFO - phi = [-0.10970822  0.22646547 -0.39563193  0.33172683]
2025-12-13 21:15:54,343 - INFO - num_full_subsets = 2
2025-12-13 21:15:54,349 - INFO - phi = [-0.14633959 -0.26534941 -0.03512685 -0.25813459]
2025-12-13 21:15:54,363 - INFO - num_full_subsets = 2
2025-12-13 21:15:54,369 - INFO - phi = [-0.14605545 -0.043845   -0.34077246  0.0721878 ]
2025-12-13 21:15:54,384 - INFO - num_full_subsets = 2
2025-12-13 21:15:54,390 - INFO - phi = [ 0.24618679  0.01246968 -0.43481726  0.37891574]
2025-12-13 21:15:54,405 - INFO - num_full_subsets = 2
2025-12-13 21:15:54,411 - INFO - phi = [ 0.3361669  -0.00630188 -0.38779486 -0.25813459]
2025-12-13 21:15:54,426 - INFO - num_full_subsets = 2
2025-12-13 21:15:54,432 - INFO - phi = [ 0.84763277  0.05939858  0.5213049  -0.98956275]
2025-12-13 21:15:54,446 - INFO - num_full_subsets = 2
2025-12-13 21:15:54,452 - INFO - phi = [-0.13419228  0.20206244 -0.27023886  0.68564368]
2025-12-13 21:15:54,467 - INFO - num_full_subsets = 2
2025-12-13 21:15:54,472 - INFO - phi = [-0.14413745 -0.37797877 -0.32509833 -0.16375677]
2025-12-13 21:15:54,487 - INFO - num_full_subsets = 2
2025-12-13 21:15:54,493 - INFO - phi = [-0.14333236  0.65257988  0.37240063  0.80361596]
2025-12-13 21:15:54,508 - INFO - num_full_subsets = 2
2025-12-13 21:15:54,514 - INFO - phi = [-0.1365365  -0.01005619  0.12945155  0.26094346]
2025-12-13 21:15:54,529 - INFO - num_full_subsets = 2
2025-12-13 21:15:54,534 - INFO - phi = [ 0.26512997  0.07441583 -0.39563193  0.47329357]
2025-12-13 21:15:54,549 - INFO - num_full_subsets = 2
2025-12-13 21:15:54,555 - INFO - phi = [ 0.74581318  0.20769391 -0.00377859 -0.94237384]
2025-12-13 21:15:54,570 - INFO - num_full_subsets = 2
2025-12-13 21:15:54,576 - INFO - phi = [ 0.25565838 -0.14145711  0.26268169  0.73283259]
2025-12-13 21:15:54,591 - INFO - num_full_subsets = 2
2025-12-13 21:15:54,596 - INFO - phi = [ 0.10174504 -0.15647436 -0.27023886  0.73283259]
2025-12-13 21:15:54,612 - INFO - num_full_subsets = 2
2025-12-13 21:15:54,618 - INFO - phi = [-0.1398042   0.38414657 -0.22321646  0.19016009]
2025-12-13 21:15:54,633 - INFO - num_full_subsets = 2
2025-12-13 21:15:54,638 - INFO - phi = [-0.14517932  0.52117896  0.01973261 -0.16375677]
2025-12-13 21:15:54,653 - INFO - num_full_subsets = 2
2025-12-13 21:15:54,659 - INFO - phi = [-0.14141437 -0.21278904  0.67804623 -1.62661308]
2025-12-13 21:15:54,674 - INFO - num_full_subsets = 2
2025-12-13 21:15:54,679 - INFO - phi = [ 0.4332507  -0.18087739  0.45860836 -0.11656785]
2025-12-13 21:15:54,694 - INFO - num_full_subsets = 2
2025-12-13 21:15:54,700 - INFO - phi = [0.02549873 0.1907995  0.37240063 0.35532128]
2025-12-13 21:15:54,715 - INFO - num_full_subsets = 2
2025-12-13 21:15:54,721 - INFO - phi = [-0.1444216   0.39353235 -0.00377859  0.35532128]
2025-12-13 21:15:54,736 - INFO - num_full_subsets = 2
2025-12-13 21:15:54,742 - INFO - phi = [-0.14444528  0.01622399  0.28619289  0.47329357]
2025-12-13 21:15:54,757 - INFO - num_full_subsets = 2
2025-12-13 21:15:54,762 - INFO - phi = [ 0.56822086  0.08192445  0.02756968 -0.87159047]
2025-12-13 21:15:54,777 - INFO - num_full_subsets = 2
2025-12-13 21:15:54,783 - INFO - phi = [ 0.74581318 -0.01756482  0.19998515 -0.4704847 ]
2025-12-13 21:15:54,798 - INFO - num_full_subsets = 2
2025-12-13 21:15:54,803 - INFO - phi = [-0.14094079 -0.18838602  0.39591183 -0.04578448]
2025-12-13 21:15:54,819 - INFO - num_full_subsets = 2
2025-12-13 21:15:54,824 - INFO - phi = [-0.14404273 -0.35733006  0.11377742 -0.02219002]
2025-12-13 21:15:54,839 - INFO - num_full_subsets = 2
2025-12-13 21:15:54,845 - INFO - phi = [-0.03062044  0.01246968  0.46644543  0.26094346]
2025-12-13 21:15:54,860 - INFO - num_full_subsets = 2
2025-12-13 21:15:54,866 - INFO - phi = [-0.14337972 -0.36108437 -0.17619406  0.16656563]
2025-12-13 21:15:54,881 - INFO - num_full_subsets = 2
2025-12-13 21:15:54,886 - INFO - phi = [-0.14619752 -0.29538391 -0.4975138  -0.35251242]
2025-12-13 21:15:54,901 - INFO - num_full_subsets = 2
2025-12-13 21:15:54,907 - INFO - phi = [-0.14508461  0.51179318  0.20782222  0.30813237]
2025-12-13 21:15:54,922 - INFO - num_full_subsets = 2
2025-12-13 21:15:54,928 - INFO - phi = [-0.14361651 -0.35169859  0.55265316 -1.673802  ]
2025-12-13 21:15:54,943 - INFO - num_full_subsets = 2
2025-12-13 21:15:54,949 - INFO - phi = [-0.14626856 -0.25784079 -0.31726126 -0.35251242]
2025-12-13 21:15:54,964 - INFO - num_full_subsets = 2
2025-12-13 21:15:54,969 - INFO - phi = [-0.14394802 -0.27661235  0.46644543 -0.91877938]
2025-12-13 21:15:54,984 - INFO - num_full_subsets = 2
2025-12-13 21:15:54,990 - INFO - phi = [-0.13172967  0.42732116 -0.06647512  0.63845476]
2025-12-13 21:15:55,005 - INFO - num_full_subsets = 2
2025-12-13 21:15:55,010 - INFO - phi = [-0.14581866  0.40104098 -0.29375006  0.66204922]
2025-12-13 21:15:55,026 - INFO - num_full_subsets = 2
2025-12-13 21:15:55,032 - INFO - phi = [-0.14456367  0.29216593 -0.5445362   0.63845476]
2025-12-13 21:15:55,047 - INFO - num_full_subsets = 2
2025-12-13 21:15:55,053 - INFO - phi = [-0.13502104 -0.17712308 -0.48967673  0.28453791]
2025-12-13 21:15:55,068 - INFO - num_full_subsets = 2
2025-12-13 21:15:55,073 - INFO - phi = [ 0.80737852 -0.13582565  0.53697903 -0.96596829]
2025-12-13 21:15:55,088 - INFO - num_full_subsets = 2
2025-12-13 21:15:55,094 - INFO - phi = [-0.14477678 -0.22029767 -0.68560341  0.92158824]
2025-12-13 21:15:55,109 - INFO - num_full_subsets = 2
2025-12-13 21:15:55,115 - INFO - phi = [-0.14657638 -0.18087739 -0.03512685  0.42610465]
2025-12-13 21:15:55,130 - INFO - num_full_subsets = 2
2025-12-13 21:15:55,136 - INFO - phi = [-0.14470575  0.13260767 -0.48967673  0.21375454]
2025-12-13 21:15:55,151 - INFO - num_full_subsets = 2
2025-12-13 21:15:55,157 - INFO - phi = [ 0.74581318 -0.01756482  0.19998515 -0.4704847 ]
2025-12-13 21:15:55,172 - INFO - num_full_subsets = 2
2025-12-13 21:15:55,177 - INFO - phi = [-0.14472942 -0.20152611  0.06675502  0.56767139]
2025-12-13 21:15:55,192 - INFO - num_full_subsets = 2
2025-12-13 21:15:55,198 - INFO - phi = [-0.14626856 -0.35169859 -0.77181114 -0.42329579]
2025-12-13 21:15:55,213 - INFO - num_full_subsets = 2
2025-12-13 21:15:55,218 - INFO - phi = [-0.14423217 -0.37047015 -0.28591299 -0.54126807]
2025-12-13 21:15:55,234 - INFO - num_full_subsets = 2
2025-12-13 21:15:55,240 - INFO - phi = [-0.14444528 -0.30664685 -0.18403112 -0.35251242]
2025-12-13 21:15:55,255 - INFO - num_full_subsets = 2
2025-12-13 21:15:55,274 - INFO - phi = [-0.14468207 -0.34418997 -0.24672766  0.61486031]
2025-12-13 21:15:55,289 - INFO - num_full_subsets = 2
2025-12-13 21:15:55,308 - INFO - phi = [-0.14039617 -0.24282354  0.41942303  0.54407694]
2025-12-13 21:15:55,329 - INFO - num_full_subsets = 2
2025-12-13 21:15:55,334 - INFO - phi = [-0.13987523  0.03874986  0.44293423  0.61486031]
2025-12-13 21:15:55,349 - INFO - num_full_subsets = 2
2025-12-13 21:15:55,355 - INFO - phi = [0.19882884 0.11946757 0.57616436 0.52048248]
2025-12-13 21:15:55,370 - INFO - num_full_subsets = 2
2025-12-13 21:15:55,376 - INFO - phi = [-0.14574762 -0.30664685  0.04324382 -0.56486253]
2025-12-13 21:15:55,391 - INFO - num_full_subsets = 2
2025-12-13 21:15:55,403 - INFO - phi = [ 0.73160579 -0.01193335  0.50563076 -0.82440155]
2025-12-13 21:15:55,418 - INFO - num_full_subsets = 2
2025-12-13 21:15:55,424 - INFO - phi = [-0.13925958  1.49542294  0.40374889  0.49688802]
2025-12-13 21:15:55,439 - INFO - num_full_subsets = 2
2025-12-13 21:15:55,444 - INFO - phi = [-0.14539244 -0.08138812 -0.15268286 -0.44689025]
2025-12-13 21:15:55,459 - INFO - num_full_subsets = 2
2025-12-13 21:15:55,465 - INFO - phi = [-0.14515565  2.71557436  0.22349635  0.16656563]
2025-12-13 21:15:55,481 - INFO - num_full_subsets = 2
2025-12-13 21:15:55,486 - INFO - phi = [-0.14541611 -0.34418997 -0.19970526 -0.11656785]
2025-12-13 21:15:55,502 - INFO - num_full_subsets = 2
2025-12-13 21:15:55,507 - INFO - phi = [-0.14427952 -0.38173309 -0.521025    0.02499889]
2025-12-13 21:15:55,522 - INFO - num_full_subsets = 2
2025-12-13 21:15:55,528 - INFO - phi = [ 0.24855469 -0.15272005 -0.50535087 -0.06937894]
2025-12-13 21:15:55,543 - INFO - num_full_subsets = 2
2025-12-13 21:15:55,549 - INFO - phi = [ 0.44982598 -0.01005619 -0.27023886 -0.28172905]
2025-12-13 21:15:55,564 - INFO - num_full_subsets = 2
2025-12-13 21:15:55,569 - INFO - phi = [-0.12249487  0.19643097 -0.21537939  0.75642705]
2025-12-13 21:15:55,585 - INFO - num_full_subsets = 2
2025-12-13 21:15:55,591 - INFO - phi = [-0.14105918  0.33346336  0.38807476  0.19016009]
2025-12-13 21:15:55,606 - INFO - num_full_subsets = 2
2025-12-13 21:15:55,611 - INFO - phi = [-0.14158012  0.75394631  0.36456356  0.59126585]
2025-12-13 21:15:55,626 - INFO - num_full_subsets = 2
2025-12-13 21:15:55,632 - INFO - phi = [-0.10970822  0.0500128   0.02756968  0.44969911]
2025-12-13 21:15:55,647 - INFO - num_full_subsets = 2
2025-12-13 21:15:55,652 - INFO - phi = [-0.11823265  0.00683821  0.51346783  0.37891574]
2025-12-13 21:15:55,667 - INFO - num_full_subsets = 2
2025-12-13 21:15:55,673 - INFO - phi = [-0.14382962 -0.32354125  0.41942303 -0.49407916]
2025-12-13 21:15:55,688 - INFO - num_full_subsets = 2
2025-12-13 21:15:55,694 - INFO - phi = [-0.14513197 -0.24094638 -0.01945272  0.02499889]
2025-12-13 21:15:55,709 - INFO - num_full_subsets = 2
2025-12-13 21:15:55,715 - INFO - phi = [-0.14207738 -0.14896574 -0.21537939 -0.32891796]
2025-12-13 21:15:55,730 - INFO - num_full_subsets = 2
2025-12-13 21:15:55,735 - INFO - phi = [ 0.30538423  0.26588574  0.09810328 -0.6356459 ]
2025-12-13 21:15:55,750 - INFO - num_full_subsets = 2
2025-12-13 21:15:55,756 - INFO - phi = [-0.14129597 -0.22029767 -0.38779486  0.19016009]
2025-12-13 21:15:55,771 - INFO - num_full_subsets = 2
2025-12-13 21:15:55,776 - INFO - phi = [-0.13163495 -0.05323078  0.17647395  0.4025102 ]
2025-12-13 21:15:55,792 - INFO - num_full_subsets = 2
2025-12-13 21:15:55,798 - INFO - phi = [-0.13182438 -0.00067041  0.26268169  0.52048248]
2025-12-13 21:15:55,813 - INFO - num_full_subsets = 2
2025-12-13 21:15:55,818 - INFO - phi = [-0.14330869 -0.18275455  0.03540675  0.44969911]
2025-12-13 21:15:55,833 - INFO - num_full_subsets = 2
2025-12-13 21:15:55,839 - INFO - phi = [ 0.05438708  0.15325638 -0.4975138   0.37891574]
2025-12-13 21:15:55,854 - INFO - num_full_subsets = 2
2025-12-13 21:15:55,860 - INFO - phi = [-0.14470575 -0.31603263  0.16863689 -1.06034612]
2025-12-13 21:15:55,875 - INFO - num_full_subsets = 2
2025-12-13 21:15:55,881 - INFO - phi = [-0.14472942 -0.20152611  0.06675502  0.56767139]
2025-12-13 21:15:55,896 - INFO - num_full_subsets = 2
2025-12-13 21:15:55,902 - INFO - phi = [-0.14525036 -0.05510794 -0.31726126  0.35532128]
2025-12-13 21:15:55,917 - INFO - num_full_subsets = 2
2025-12-13 21:15:55,923 - INFO - phi = [ 0.69371943  0.10257317 -0.45832847 -0.58845699]
2025-12-13 21:15:55,938 - INFO - num_full_subsets = 2
2025-12-13 21:15:55,943 - INFO - phi = [-0.1305694   0.08192445 -0.3799578   0.4025102 ]
2025-12-13 21:15:55,958 - INFO - num_full_subsets = 2
2025-12-13 21:15:55,964 - INFO - phi = [-0.14423217 -0.34418997 -0.34077246  0.4025102 ]
2025-12-13 21:15:55,979 - INFO - num_full_subsets = 2
2025-12-13 21:15:55,984 - INFO - phi = [-0.14688421 -0.12268555  0.27051876 -0.14016231]
2025-12-13 21:15:56,000 - INFO - num_full_subsets = 2
2025-12-13 21:15:56,006 - INFO - phi = [-0.14541611 -0.36859299 -0.08998632  0.19016009]
2025-12-13 21:15:56,021 - INFO - num_full_subsets = 2
2025-12-13 21:15:56,027 - INFO - phi = [-0.10568279  0.36537501  0.45077129  0.47329357]
2025-12-13 21:15:56,042 - INFO - num_full_subsets = 2
2025-12-13 21:15:56,047 - INFO - phi = [-0.14285878 -0.32917272  0.57616436 -0.73002373]
2025-12-13 21:15:56,062 - INFO - num_full_subsets = 2
2025-12-13 21:15:56,068 - INFO - phi = [-0.14413745  0.81213815  0.36456356  0.02499889]
2025-12-13 21:15:56,083 - INFO - num_full_subsets = 2
2025-12-13 21:15:56,088 - INFO - phi = [-0.14390066  0.4554785  -0.4504914   0.26094346]
2025-12-13 21:15:56,104 - INFO - num_full_subsets = 2
2025-12-13 21:15:56,110 - INFO - phi = [-0.12533634  0.05939858 -0.31726126  0.35532128]
2025-12-13 21:15:56,126 - INFO - num_full_subsets = 2
2025-12-13 21:15:56,131 - INFO - phi = [-0.09147541 -0.00442472 -0.29375006  0.44969911]
2025-12-13 21:15:56,146 - INFO - num_full_subsets = 2
2025-12-13 21:15:56,152 - INFO - phi = [ 0.71266261  0.16827363  0.36456356 -0.98956275]
2025-12-13 21:15:56,167 - INFO - num_full_subsets = 2
2025-12-13 21:15:56,172 - INFO - phi = [-0.13599188  0.04250418 -0.31726126  0.30813237]
2025-12-13 21:15:56,187 - INFO - num_full_subsets = 2
2025-12-13 21:15:56,193 - INFO - phi = [-0.14375859 -0.20903473 -0.4269802   0.35532128]
2025-12-13 21:15:56,208 - INFO - num_full_subsets = 2
2025-12-13 21:15:56,214 - INFO - phi = [ 0.75528477 -0.01756482  0.00405848 -0.75361818]
2025-12-13 21:15:56,229 - INFO - num_full_subsets = 2
2025-12-13 21:15:56,235 - INFO - phi = [-0.13942533 -0.2146662   0.5213049   0.68564368]
2025-12-13 21:15:56,250 - INFO - num_full_subsets = 2
2025-12-13 21:15:56,255 - INFO - phi = [-0.14641063  0.75770062 -0.43481726  0.82721042]
2025-12-13 21:15:56,270 - INFO - num_full_subsets = 2
2025-12-13 21:15:56,276 - INFO - phi = [-0.14167484 -0.03633638  0.6858833  -1.60301863]
2025-12-13 21:15:56,291 - INFO - num_full_subsets = 2
2025-12-13 21:15:56,296 - INFO - phi = [ 0.07190953 -0.22029767 -0.34077246  0.59126585]
2025-12-13 21:15:56,312 - INFO - num_full_subsets = 2
2025-12-13 21:15:56,318 - INFO - phi = [-0.14633959 -0.34794428  0.24700755 -2.64117472]
2025-12-13 21:15:56,332 - INFO - num_full_subsets = 2
2025-12-13 21:15:56,338 - INFO - phi = [-0.13182438 -0.1377028   0.52914196  0.61486031]
2025-12-13 21:15:56,353 - INFO - num_full_subsets = 2
2025-12-13 21:15:56,359 - INFO - phi = [ 0.45219388 -0.14896574 -0.46616553 -0.16375677]
2025-12-13 21:15:56,373 - INFO - num_full_subsets = 2
2025-12-13 21:15:56,379 - INFO - phi = [ 0.60847512 -0.00817904 -0.24672766 -0.21094568]
2025-12-13 21:15:56,394 - INFO - num_full_subsets = 2
2025-12-13 21:15:56,399 - INFO - phi = [-0.14427952 -0.17900024  0.15296275  0.21375454]
2025-12-13 21:15:56,415 - INFO - num_full_subsets = 2
2025-12-13 21:15:56,421 - INFO - phi = [-0.09100183 -0.03633638  0.23133342  0.0721878 ]
2025-12-13 21:15:56,436 - INFO - num_full_subsets = 2
2025-12-13 21:15:56,441 - INFO - phi = [-0.14574762 -0.32729556 -0.04296392  0.11937672]
2025-12-13 21:15:56,456 - INFO - num_full_subsets = 2
2025-12-13 21:15:56,462 - INFO - phi = [0.14199929 0.59251089 0.5213049  0.9451827 ]
2025-12-13 21:15:56,477 - INFO - num_full_subsets = 2
2025-12-13 21:15:56,482 - INFO - phi = [-0.14700261 -0.28412097 -0.12133459  0.02499889]
2025-12-13 21:15:56,497 - INFO - num_full_subsets = 2
2025-12-13 21:15:56,503 - INFO - phi = [-0.14641063  0.75770062 -0.43481726  0.82721042]
2025-12-13 21:15:56,519 - INFO - num_full_subsets = 2
2025-12-13 21:15:56,524 - INFO - phi = [-0.14470575 -0.23906923 -0.64641807  0.21375454]
2025-12-13 21:15:56,539 - INFO - num_full_subsets = 2
2025-12-13 21:15:56,545 - INFO - phi = [-0.14333236 -0.27098088 -0.21537939 -0.51767362]
2025-12-13 21:15:56,559 - INFO - num_full_subsets = 2
2025-12-13 21:15:56,565 - INFO - phi = [-0.12623614 -0.00254757 -0.18403112 -0.0929734 ]
2025-12-13 21:15:56,580 - INFO - num_full_subsets = 2
2025-12-13 21:15:56,586 - INFO - phi = [ 0.25802628 -0.12831702 -0.28591299  0.21375454]
2025-12-13 21:15:56,600 - INFO - num_full_subsets = 2
2025-12-13 21:15:56,606 - INFO - phi = [-0.14229049  0.06315289  0.39591183  0.59126585]
2025-12-13 21:15:56,622 - INFO - num_full_subsets = 2
2025-12-13 21:15:56,627 - INFO - phi = [-0.14508461 -0.38361024 -0.4504914  -1.55582971]
2025-12-13 21:15:56,642 - INFO - num_full_subsets = 2
2025-12-13 21:15:56,648 - INFO - phi = [-0.09763194  0.42168969  0.33321529  0.16656563]
2025-12-13 21:15:56,663 - INFO - num_full_subsets = 2
2025-12-13 21:15:56,689 - INFO - phi = [ 0.56348506  0.34097198  0.41158596 -0.6356459 ]
2025-12-13 21:15:56,704 - INFO - num_full_subsets = 2
2025-12-13 21:15:56,710 - INFO - phi = [-0.14394802 -0.16398299  0.34105236  0.04859335]
2025-12-13 21:15:56,725 - INFO - num_full_subsets = 2
2025-12-13 21:15:56,730 - INFO - phi = [ 0.68898364  0.0800473  -0.29375006 -0.73002373]
2025-12-13 21:15:56,746 - INFO - num_full_subsets = 2
2025-12-13 21:15:56,752 - INFO - phi = [-0.13954373 -0.01193335  0.43509716  0.59126585]
2025-12-13 21:15:56,767 - INFO - num_full_subsets = 2
2025-12-13 21:15:56,772 - INFO - phi = [ 0.27696946 -0.11142262 -0.20754233  0.44969911]
2025-12-13 21:15:56,787 - INFO - num_full_subsets = 2
2025-12-13 21:15:56,793 - INFO - phi = [ 0.07285669 -0.02507344 -0.38779486  0.30813237]
2025-12-13 21:15:56,808 - INFO - num_full_subsets = 2
2025-12-13 21:15:56,813 - INFO - phi = [-0.14380594  0.64131695  0.34888942  0.54407694]
2025-12-13 21:15:56,828 - INFO - num_full_subsets = 2
2025-12-13 21:15:56,834 - INFO - phi = [-0.12083734 -0.14896574  0.01189555  0.63845476]
2025-12-13 21:15:56,850 - INFO - num_full_subsets = 2
2025-12-13 21:15:56,856 - INFO - phi = [ 0.57532455  0.02748693 -0.05080099  0.11937672]
2025-12-13 21:15:56,871 - INFO - num_full_subsets = 2
2025-12-13 21:15:56,876 - INFO - phi = [ 0.46403337 -0.05323078  0.41942303  0.33172683]
2025-12-13 21:15:56,891 - INFO - num_full_subsets = 2
2025-12-13 21:15:56,897 - INFO - phi = [-0.14558187 -0.34418997 -0.403469   -0.04578448]
2025-12-13 21:15:56,912 - INFO - num_full_subsets = 2
2025-12-13 21:15:56,917 - INFO - phi = [-0.14302454 -0.32166409  0.6623721  -1.90974656]
2025-12-13 21:15:56,932 - INFO - num_full_subsets = 2
2025-12-13 21:15:56,938 - INFO - phi = [-0.14224313 -0.09828253  0.01973261  0.70923813]
2025-12-13 21:15:56,954 - INFO - num_full_subsets = 2
2025-12-13 21:15:56,959 - INFO - phi = [ 0.21303622 -0.04572216  0.18431102  0.63845476]
2025-12-13 21:15:56,974 - INFO - num_full_subsets = 2
2025-12-13 21:15:56,980 - INFO - phi = [-0.14309557  0.10445032 -0.26240179  0.59126585]
2025-12-13 21:15:56,995 - INFO - num_full_subsets = 2
2025-12-13 21:15:57,001 - INFO - phi = [-0.10260453  0.12134473  0.19214809  0.61486031]
2025-12-13 21:15:57,016 - INFO - num_full_subsets = 2
2025-12-13 21:15:57,021 - INFO - phi = [-0.14373491 -0.28975244 -0.3329354   0.11937672]
2025-12-13 21:15:57,036 - INFO - num_full_subsets = 2
2025-12-13 21:15:57,042 - INFO - phi = [-0.14181691 -0.3385585   0.6153497  -1.15472395]
2025-12-13 21:15:57,058 - INFO - num_full_subsets = 2
2025-12-13 21:15:57,064 - INFO - phi = [-0.14702628 -0.08326528 -0.31726126  0.14297117]
2025-12-13 21:15:57,078 - INFO - num_full_subsets = 2
2025-12-13 21:15:57,084 - INFO - phi = [-0.13916486 -0.19026317  0.45077129 -1.24910178]
2025-12-13 21:15:57,099 - INFO - num_full_subsets = 2
2025-12-13 21:15:57,105 - INFO - phi = [-0.04577498 -0.1377028  -0.12133459  1.08674944]
2025-12-13 21:15:57,119 - INFO - num_full_subsets = 2
2025-12-13 21:15:57,125 - INFO - phi = [-0.1364181  -0.09452821 -0.08998632  0.49688802]
2025-12-13 21:15:57,140 - INFO - num_full_subsets = 2
2025-12-13 21:15:57,146 - INFO - phi = [-0.05832484 -0.07951097  0.23133342  1.13393836]
2025-12-13 21:15:57,162 - INFO - num_full_subsets = 2
2025-12-13 21:15:57,167 - INFO - phi = [-0.14470575 -0.32541841 -0.01945272  0.21375454]
2025-12-13 21:15:57,182 - INFO - num_full_subsets = 2
2025-12-13 21:15:57,188 - INFO - phi = [-0.14513197 -0.2916296  -0.41130606  0.09578226]
2025-12-13 21:15:57,203 - INFO - num_full_subsets = 2
2025-12-13 21:15:57,209 - INFO - phi = [-0.1435218   0.42919832 -0.28591299 -0.04578448]
2025-12-13 21:15:57,224 - INFO - num_full_subsets = 2
2025-12-13 21:15:57,229 - INFO - phi = [-0.14373491 -0.1377028  -0.50535087  0.4025102 ]
2025-12-13 21:15:57,244 - INFO - num_full_subsets = 2
2025-12-13 21:15:57,250 - INFO - phi = [ 0.54927768  0.0030839  -0.25456473 -0.91877938]
2025-12-13 21:15:57,266 - INFO - num_full_subsets = 2
2025-12-13 21:15:57,271 - INFO - phi = [-0.12623614 -0.00254757 -0.18403112 -0.0929734 ]
2025-12-13 21:15:57,286 - INFO - num_full_subsets = 2
2025-12-13 21:15:57,292 - INFO - phi = [-0.14513197  0.14011629  0.01189555 -0.02219002]
2025-12-13 21:15:57,307 - INFO - num_full_subsets = 2
2025-12-13 21:15:57,312 - INFO - phi = [ 0.51849501  0.04062702  0.60751263 -0.25813459]
2025-12-13 21:15:57,327 - INFO - num_full_subsets = 2
2025-12-13 21:15:57,333 - INFO - phi = [-0.0014953   0.37476079  0.40374889  0.63845476]
2025-12-13 21:15:57,349 - INFO - num_full_subsets = 2
2025-12-13 21:15:57,355 - INFO - phi = [-0.14525036 -0.2916296   0.5213049   0.70923813]
2025-12-13 21:15:57,372 - INFO - num_full_subsets = 2
2025-12-13 21:15:57,378 - INFO - phi = [-0.14593705 -0.37047015  0.27051876 -2.45241907]
2025-12-13 21:15:57,395 - INFO - num_full_subsets = 2
2025-12-13 21:15:57,401 - INFO - phi = [-0.02777896  0.26025428  0.23917049  0.35532128]
2025-12-13 21:15:57,418 - INFO - num_full_subsets = 2
2025-12-13 21:15:57,423 - INFO - phi = [-0.14551083 -0.38924171 -0.50535087 -0.23454014]
2025-12-13 21:15:57,440 - INFO - num_full_subsets = 2
2025-12-13 21:15:57,446 - INFO - phi = [-0.14598441 -0.32541841 -0.18403112 -0.28172905]
2025-12-13 21:15:57,462 - INFO - num_full_subsets = 2
2025-12-13 21:15:57,468 - INFO - phi = [-0.14184059 -0.27098088  0.6623721  -1.24910178]
2025-12-13 21:15:57,485 - INFO - num_full_subsets = 2
2025-12-13 21:15:57,490 - INFO - phi = [ 0.60373932  0.06878436 -0.4269802  -0.25813459]
2025-12-13 21:15:57,505 - INFO - num_full_subsets = 2
2025-12-13 21:15:57,511 - INFO - phi = [-0.14534508 -0.27661235 -0.4504914  -0.0929734 ]
2025-12-13 21:15:57,526 - INFO - num_full_subsets = 2
2025-12-13 21:15:57,532 - INFO - phi = [-0.1462212  -0.33104987  0.16863689 -0.73002373]
2025-12-13 21:15:57,547 - INFO - num_full_subsets = 2
2025-12-13 21:15:57,552 - INFO - phi = [ 0.06717373 -0.24094638 -0.05863805  0.59126585]
2025-12-13 21:15:57,567 - INFO - num_full_subsets = 2
2025-12-13 21:15:57,573 - INFO - phi = [-0.14650535 -0.01005619  0.16079982 -0.32891796]
2025-12-13 21:15:57,589 - INFO - num_full_subsets = 2
2025-12-13 21:15:57,594 - INFO - phi = [-0.14468207 -0.34418997 -0.24672766  0.61486031]
2025-12-13 21:15:57,609 - INFO - num_full_subsets = 2
2025-12-13 21:15:57,615 - INFO - phi = [-0.14636327  0.5493363  -0.3799578   0.09578226]
2025-12-13 21:15:57,630 - INFO - num_full_subsets = 2
2025-12-13 21:15:57,635 - INFO - phi = [-0.1462212  -0.26534941  0.15296275 -0.30532351]
2025-12-13 21:15:57,650 - INFO - num_full_subsets = 2
2025-12-13 21:15:57,656 - INFO - phi = [-0.14446896 -0.08701959 -0.6150698   0.21375454]
2025-12-13 21:15:57,671 - INFO - num_full_subsets = 2
2025-12-13 21:15:57,676 - INFO - phi = [-0.145203   -0.33292703 -0.00377859 -1.15472395]
2025-12-13 21:15:57,692 - INFO - num_full_subsets = 2
2025-12-13 21:15:57,698 - INFO - phi = [ 0.78843534  0.08943308  0.48211956 -1.03675166]
2025-12-13 21:15:57,713 - INFO - num_full_subsets = 2
2025-12-13 21:15:57,719 - INFO - phi = [-0.03914487 -0.11893124  0.00405848  0.4025102 ]
2025-12-13 21:15:57,734 - INFO - num_full_subsets = 2
2025-12-13 21:15:57,739 - INFO - phi = [-0.11420722 -0.14333427 -0.29375006  0.21375454]
2025-12-13 21:15:57,754 - INFO - num_full_subsets = 2
2025-12-13 21:15:57,760 - INFO - phi = [-0.14349812 -0.30664685  0.6388609   0.0721878 ]
2025-12-13 21:15:57,775 - INFO - num_full_subsets = 2
2025-12-13 21:15:57,780 - INFO - phi = [-0.14165116 -0.37047015  0.33321529  0.30813237]
2025-12-13 21:15:57,796 - INFO - num_full_subsets = 2
2025-12-13 21:15:57,802 - INFO - phi = [-0.1435218  -0.38924171 -0.02728979 -0.51767362]
2025-12-13 21:15:57,817 - INFO - num_full_subsets = 2
2025-12-13 21:15:57,822 - INFO - phi = [-0.14418481 -0.34043565 -0.12917166  0.00140443]
2025-12-13 21:15:57,837 - INFO - num_full_subsets = 2
2025-12-13 21:15:57,843 - INFO - phi = [-0.14333236  3.01591932  0.03540675  0.44969911]
2025-12-13 21:15:58,380 - INFO - Computing feature importance...
2025-12-13 21:15:58,869 - INFO - Experiment completed for ElasticNet
2025-12-13 21:15:58,870 - INFO - Total time: 16.16s (0.27 min)
2025-12-13 21:15:58,870 - INFO - Starting comprehensive experiment for ElasticNet
2025-12-13 21:16:08,454 - INFO - Performing feature analysis...
2025-12-13 21:16:09,715 - INFO - Model justification: Linear model with L1 and L2 regularization for handling multicollinearity
2025-12-13 21:16:09,715 - INFO - Performing robust cross-validation...
2025-12-13 21:16:09,753 - INFO - CV Results - MSE: 3.0577 ± 0.3333
2025-12-13 21:16:09,753 - INFO - Starting hyperparameter optimization...
2025-12-13 21:16:10,379 - INFO - Best parameters for ElasticNet: {'alpha': 0.026089526672667614, 'l1_ratio': 0.1352883094961702}
2025-12-13 21:16:10,379 - INFO - ⏱️ HPO took 0.63 seconds
2025-12-13 21:16:10,379 - INFO - Training final model...
2025-12-13 21:16:10,381 - INFO - ⏱️ Training took 0.00 seconds
2025-12-13 21:16:10,381 - INFO - Performing residual analysis...
2025-12-13 21:16:11,485 - INFO - Generating XAI explanations...
2025-12-13 21:16:11,485 - WARNING - Using 168 background data samples could cause slower run times. Consider using shap.sample(data, K) or shap.kmeans(data, K) to summarize the background as K samples.
2025-12-13 21:16:11,500 - INFO - num_full_subsets = 2
2025-12-13 21:16:11,506 - INFO - phi = [ 0.72018924  0.38750971 -0.1947081  -0.3573297 ]
2025-12-13 21:16:11,521 - INFO - num_full_subsets = 2
2025-12-13 21:16:11,527 - INFO - phi = [-0.13898553 -0.23580022  0.72071059 -1.915954  ]
2025-12-13 21:16:11,542 - INFO - num_full_subsets = 2
2025-12-13 21:16:11,547 - INFO - phi = [-0.14040957  0.16859925 -0.56087558  0.27586143]
2025-12-13 21:16:11,564 - INFO - num_full_subsets = 2
2025-12-13 21:16:11,576 - INFO - phi = [-0.05560926  0.10342743  0.1627411   0.61681049]
2025-12-13 21:16:11,591 - INFO - num_full_subsets = 2
2025-12-13 21:16:11,596 - INFO - phi = [ 0.19068872  0.06165063 -0.49984767  0.44633596]
2025-12-13 21:16:11,612 - INFO - num_full_subsets = 2
2025-12-13 21:16:11,617 - INFO - phi = [-0.13812309 -0.21741843  0.69455577 -0.60086475]
2025-12-13 21:16:11,633 - INFO - num_full_subsets = 2
2025-12-13 21:16:11,638 - INFO - phi = [-0.14061014  0.36912791 -0.33420048  0.6655175 ]
2025-12-13 21:16:11,654 - INFO - num_full_subsets = 2
2025-12-13 21:16:11,664 - INFO - phi = [-0.13958724 -0.07203515 -0.57831213  0.47068946]
2025-12-13 21:16:11,680 - INFO - num_full_subsets = 2
2025-12-13 21:16:11,685 - INFO - phi = [-0.14105139 -0.27423488 -0.53472076 -0.40603671]
2025-12-13 21:16:11,700 - INFO - num_full_subsets = 2
2025-12-13 21:16:11,706 - INFO - phi = [-0.12895711  0.16191496 -0.43010148  0.42198245]
2025-12-13 21:16:11,722 - INFO - num_full_subsets = 2
2025-12-13 21:16:11,738 - INFO - phi = [-0.1413723  -0.19569449  0.31967002 -1.08793484]
2025-12-13 21:16:11,755 - INFO - num_full_subsets = 2
2025-12-13 21:16:11,768 - INFO - phi = [ 0.39326278 -0.09375909  0.43300757 -0.45474372]
2025-12-13 21:16:11,783 - INFO - num_full_subsets = 2
2025-12-13 21:16:11,788 - INFO - phi = [-0.13796263  0.04159776  0.48531721  0.49504297]
2025-12-13 21:16:11,804 - INFO - num_full_subsets = 2
2025-12-13 21:16:11,824 - INFO - phi = [-0.13818326  0.08170349 -0.30804566  0.61681049]
2025-12-13 21:16:11,839 - INFO - num_full_subsets = 2
2025-12-13 21:16:11,848 - INFO - phi = [-0.13836377 -0.02524513  0.53762685  0.22715442]
2025-12-13 21:16:11,863 - INFO - num_full_subsets = 2
2025-12-13 21:16:11,869 - INFO - phi = [-0.13651854 -0.1890102   0.8166116  -2.15948905]
2025-12-13 21:16:11,884 - INFO - num_full_subsets = 2
2025-12-13 21:16:11,890 - INFO - phi = [ 0.40730257  0.30896931  0.45044412 -0.30862269]
2025-12-13 21:16:11,906 - INFO - num_full_subsets = 2
2025-12-13 21:16:11,912 - INFO - phi = [-0.14046974 -0.06702193  0.12786801  0.95775956]
2025-12-13 21:16:11,927 - INFO - num_full_subsets = 2
2025-12-13 21:16:11,935 - INFO - phi = [-0.14121184 -0.16227305  0.38941621 -0.25991568]
2025-12-13 21:16:11,951 - INFO - num_full_subsets = 2
2025-12-13 21:16:11,966 - INFO - phi = [ 0.21676261 -0.04864014 -0.24701774  0.51939647]
2025-12-13 21:16:11,988 - INFO - num_full_subsets = 2
2025-12-13 21:16:11,994 - INFO - phi = [-0.1296591   0.08671671 -0.36907357 -0.08944115]
2025-12-13 21:16:12,009 - INFO - num_full_subsets = 2
2025-12-13 21:16:12,015 - INFO - phi = [-0.14115167 -0.20237878 -0.05521573 -0.16250166]
2025-12-13 21:16:12,031 - INFO - num_full_subsets = 2
2025-12-13 21:16:12,037 - INFO - phi = [-0.13722053 -0.1171541   0.4242893   0.00797287]
2025-12-13 21:16:12,052 - INFO - num_full_subsets = 2
2025-12-13 21:16:12,058 - INFO - phi = [-0.1399282  -0.28593239 -0.37779184 -0.11379465]
2025-12-13 21:16:12,088 - INFO - num_full_subsets = 2
2025-12-13 21:16:12,098 - INFO - phi = [-0.13964741 -0.20906307  0.69455577 -0.50345073]
2025-12-13 21:16:12,114 - INFO - num_full_subsets = 2
2025-12-13 21:16:12,120 - INFO - phi = [-0.13338967  0.1953364  -0.29060911  0.61681049]
2025-12-13 21:16:12,136 - INFO - num_full_subsets = 2
2025-12-13 21:16:12,142 - INFO - phi = [-0.07847405 -0.05365335 -0.63062177  0.27586143]
2025-12-13 21:16:12,158 - INFO - num_full_subsets = 2
2025-12-13 21:16:12,163 - INFO - phi = [ 0.49755834 -0.02524513  0.23248729 -0.11379465]
2025-12-13 21:16:12,179 - INFO - num_full_subsets = 2
2025-12-13 21:16:12,184 - INFO - phi = [-0.14101127 -0.25585309 -0.23829947 -0.06508764]
2025-12-13 21:16:12,201 - INFO - num_full_subsets = 2
2025-12-13 21:16:12,206 - INFO - phi = [-0.14077059 -0.20906307 -0.47369285  0.1540939 ]
2025-12-13 21:16:12,222 - INFO - num_full_subsets = 2
2025-12-13 21:16:12,228 - INFO - phi = [ 0.09040453 -0.17898377 -0.81370551 -0.01638063]
2025-12-13 21:16:12,243 - INFO - num_full_subsets = 2
2025-12-13 21:16:12,249 - INFO - phi = [-0.1278941   0.06833492 -0.36907357  0.17844741]
2025-12-13 21:16:12,265 - INFO - num_full_subsets = 2
2025-12-13 21:16:12,271 - INFO - phi = [ 0.50558108  0.08003242 -0.63934004 -0.69827876]
2025-12-13 21:16:12,287 - INFO - num_full_subsets = 2
2025-12-13 21:16:12,293 - INFO - phi = [-0.13910587 -0.23245808  0.27607865 -0.33297619]
2025-12-13 21:16:12,309 - INFO - num_full_subsets = 2
2025-12-13 21:16:12,315 - INFO - phi = [ 0.70013241  0.10342743  0.56378167 -0.96616732]
2025-12-13 21:16:12,331 - INFO - num_full_subsets = 2
2025-12-13 21:16:12,337 - INFO - phi = [-0.1413723  -0.21073414  0.38069793  0.27586143]
2025-12-13 21:16:12,353 - INFO - num_full_subsets = 2
2025-12-13 21:16:12,359 - INFO - phi = [ 0.37721731  0.16024389 -0.04649746  0.17844741]
2025-12-13 21:16:12,374 - INFO - num_full_subsets = 2
2025-12-13 21:16:12,379 - INFO - phi = [0.15659209 0.23209999 0.52890858 0.44633596]
2025-12-13 21:16:12,396 - INFO - num_full_subsets = 2
2025-12-13 21:16:12,402 - INFO - phi = [-0.14046974 -0.28259024 -0.50856594 -0.21120867]
2025-12-13 21:16:12,417 - INFO - num_full_subsets = 2
2025-12-13 21:16:12,423 - INFO - phi = [-0.13776206  0.72172414  0.38941621  0.6655175 ]
2025-12-13 21:16:12,439 - INFO - num_full_subsets = 2
2025-12-13 21:16:12,445 - INFO - phi = [-0.13631797  0.36578577  0.49403549  0.86034554]
2025-12-13 21:16:12,461 - INFO - num_full_subsets = 2
2025-12-13 21:16:12,467 - INFO - phi = [ 0.19871145 -0.07537729  0.27607865  0.81163853]
2025-12-13 21:16:12,483 - INFO - num_full_subsets = 2
2025-12-13 21:16:12,488 - INFO - phi = [-0.14185366  0.72506629 -0.49984767  0.90905255]
2025-12-13 21:16:12,505 - INFO - num_full_subsets = 2
2025-12-13 21:16:12,511 - INFO - phi = [-0.14077059  0.34239076 -0.48241112  0.30021493]
2025-12-13 21:16:12,526 - INFO - num_full_subsets = 2
2025-12-13 21:16:12,533 - INFO - phi = [ 0.53165497  0.05496634  0.44172585 -0.82004629]
2025-12-13 21:16:12,550 - INFO - num_full_subsets = 2
2025-12-13 21:16:12,557 - INFO - phi = [ 0.33910932  0.15188853  0.34582484 -0.45474372]
2025-12-13 21:16:12,572 - INFO - num_full_subsets = 2
2025-12-13 21:16:12,578 - INFO - phi = [ 0.03083572 -0.02357405 -0.37779184  0.81163853]
2025-12-13 21:16:12,594 - INFO - num_full_subsets = 2
2025-12-13 21:16:12,599 - INFO - phi = [-0.0413689   0.28223216  0.24992383  0.42198245]
2025-12-13 21:16:12,615 - INFO - num_full_subsets = 2
2025-12-13 21:16:12,621 - INFO - phi = [-0.13613746 -0.08039051  0.4242893  -1.20970236]
2025-12-13 21:16:12,638 - INFO - num_full_subsets = 2
2025-12-13 21:16:12,644 - INFO - phi = [-0.13910587 -0.23245808  0.27607865 -0.33297619]
2025-12-13 21:16:12,660 - INFO - num_full_subsets = 2
2025-12-13 21:16:12,665 - INFO - phi = [-0.14014883 -0.22243165  0.07555837 -0.08944115]
2025-12-13 21:16:12,680 - INFO - num_full_subsets = 2
2025-12-13 21:16:12,686 - INFO - phi = [ 0.24484218 -0.068693   -0.03777918  0.30021493]
2025-12-13 21:16:12,701 - INFO - num_full_subsets = 2
2025-12-13 21:16:12,707 - INFO - phi = [-0.12488557  0.0031631  -0.40394666  0.49504297]
2025-12-13 21:16:12,723 - INFO - num_full_subsets = 2
2025-12-13 21:16:12,729 - INFO - phi = [0.13653525 0.1652571  0.04068528 0.73857802]
2025-12-13 21:16:12,744 - INFO - num_full_subsets = 2
2025-12-13 21:16:12,750 - INFO - phi = [-0.04036606  0.49111618  0.24992383  1.00646657]
2025-12-13 21:16:12,765 - INFO - num_full_subsets = 2
2025-12-13 21:16:12,771 - INFO - phi = [-0.13495411  0.14687531 -0.11624364  0.27586143]
2025-12-13 21:16:12,786 - INFO - num_full_subsets = 2
2025-12-13 21:16:12,792 - INFO - phi = [ 0.39727415  0.17862568 -0.3254822  -0.60086475]
2025-12-13 21:16:12,808 - INFO - num_full_subsets = 2
2025-12-13 21:16:12,814 - INFO - phi = [ 0.45945035  0.35408826  0.44172585 -0.60086475]
2025-12-13 21:16:12,829 - INFO - num_full_subsets = 2
2025-12-13 21:16:12,834 - INFO - phi = [-0.1390457   0.14353317 -0.30804566  0.6655175 ]
2025-12-13 21:16:12,850 - INFO - num_full_subsets = 2
2025-12-13 21:16:12,856 - INFO - phi = [-0.13086251  0.68328948 -0.02906091  0.71422451]
2025-12-13 21:16:12,872 - INFO - num_full_subsets = 2
2025-12-13 21:16:12,877 - INFO - phi = [-0.13330945  0.42928651  0.56378167  0.37327544]
2025-12-13 21:16:12,893 - INFO - num_full_subsets = 2
2025-12-13 21:16:12,900 - INFO - phi = [-0.14239519 -0.03527156  0.18017765 -0.08944115]
2025-12-13 21:16:12,916 - INFO - num_full_subsets = 2
2025-12-13 21:16:12,921 - INFO - phi = [-0.14057002 -0.24582666  0.56378167 -1.08793484]
2025-12-13 21:16:12,938 - INFO - num_full_subsets = 2
2025-12-13 21:16:12,943 - INFO - phi = [-0.14063019 -0.26587952 -0.1947081  -0.18685516]
2025-12-13 21:16:12,959 - INFO - num_full_subsets = 2
2025-12-13 21:16:12,965 - INFO - phi = [-0.14125195 -0.19068127 -0.53472076  0.6655175 ]
2025-12-13 21:16:12,981 - INFO - num_full_subsets = 2
2025-12-13 21:16:12,986 - INFO - phi = [-0.11377409  0.19867855  0.13658628  0.27586143]
2025-12-13 21:16:13,002 - INFO - num_full_subsets = 2
2025-12-13 21:16:13,007 - INFO - phi = [-0.1390457  -0.25083987 -0.00290609  0.32456844]
2025-12-13 21:16:13,029 - INFO - num_full_subsets = 2
2025-12-13 21:16:13,035 - INFO - phi = [-0.13940673  0.43262865 -0.33420048  0.00797287]
2025-12-13 21:16:13,054 - INFO - num_full_subsets = 2
2025-12-13 21:16:13,083 - INFO - phi = [-0.13964741  0.62145981  0.37197966  0.61681049]
2025-12-13 21:16:13,105 - INFO - num_full_subsets = 2
2025-12-13 21:16:13,117 - INFO - phi = [ 0.04387266  0.02822918 -0.44753803  0.37327544]
2025-12-13 21:16:13,142 - INFO - num_full_subsets = 2
2025-12-13 21:16:13,152 - INFO - phi = [-0.13796263 -0.25083987  0.66840095 -1.13664185]
2025-12-13 21:16:13,168 - INFO - num_full_subsets = 2
2025-12-13 21:16:13,190 - INFO - phi = [-0.1412319  -0.17229948 -0.79626896  0.90905255]
2025-12-13 21:16:13,206 - INFO - num_full_subsets = 2
2025-12-13 21:16:13,221 - INFO - phi = [-0.13986803 -0.25752416  0.24992383 -1.28276288]
2025-12-13 21:16:13,241 - INFO - num_full_subsets = 2
2025-12-13 21:16:13,256 - INFO - phi = [-0.13758155 -0.21574736  0.65096441 -1.76983297]
2025-12-13 21:16:13,271 - INFO - num_full_subsets = 2
2025-12-13 21:16:13,277 - INFO - phi = [ 0.23080239 -0.15558876  0.65968268  0.73857802]
2025-12-13 21:16:13,292 - INFO - num_full_subsets = 2
2025-12-13 21:16:13,305 - INFO - phi = [-0.14115167 -0.2190895  -0.79626896  0.03232638]
2025-12-13 21:16:13,321 - INFO - num_full_subsets = 2
2025-12-13 21:16:13,328 - INFO - phi = [-0.13768184 -0.06200871  0.66840095  0.08103339]
2025-12-13 21:16:13,343 - INFO - num_full_subsets = 2
2025-12-13 21:16:13,362 - INFO - phi = [ 0.17865461 -0.05532443 -0.37779184  0.51939647]
2025-12-13 21:16:13,378 - INFO - num_full_subsets = 2
2025-12-13 21:16:13,399 - INFO - phi = [-0.14093104 -0.21240521  0.34582484 -0.47909722]
2025-12-13 21:16:13,415 - INFO - num_full_subsets = 2
2025-12-13 21:16:13,421 - INFO - phi = [-0.14067031 -0.15725983 -0.55215731  0.81163853]
2025-12-13 21:16:13,440 - INFO - num_full_subsets = 2
2025-12-13 21:16:13,461 - INFO - phi = [ 0.49354697 -0.04028478 -0.22086292 -0.79569278]
2025-12-13 21:16:13,477 - INFO - num_full_subsets = 2
2025-12-13 21:16:13,484 - INFO - phi = [ 0.04467494  0.01820275 -0.31676393  0.90905255]
2025-12-13 21:16:13,499 - INFO - num_full_subsets = 2
2025-12-13 21:16:13,506 - INFO - phi = [-0.14059008 -0.22744486 -0.35163702 -0.45474372]
2025-12-13 21:16:13,521 - INFO - num_full_subsets = 2
2025-12-13 21:16:13,527 - INFO - phi = [ 0.45744466 -0.07537729  0.54634513 -0.11379465]
2025-12-13 21:16:13,544 - INFO - num_full_subsets = 2
2025-12-13 21:16:13,550 - INFO - phi = [-0.14155281 -0.11548302  0.18017765 -0.84439979]
2025-12-13 21:16:13,567 - INFO - num_full_subsets = 2
2025-12-13 21:16:13,597 - INFO - phi = [0.2047285  0.32066682 0.58993649 0.42198245]
2025-12-13 21:16:13,619 - INFO - num_full_subsets = 2
2025-12-13 21:16:13,625 - INFO - phi = [-0.14199406 -0.29762989 -0.37779184  0.27586143]
2025-12-13 21:16:13,641 - INFO - num_full_subsets = 2
2025-12-13 21:16:13,646 - INFO - phi = [-0.08709849 -0.00519226  0.31967002  0.6655175 ]
2025-12-13 21:16:13,662 - INFO - num_full_subsets = 2
2025-12-13 21:16:13,668 - INFO - phi = [-0.12488557  0.0031631  -0.40394666  0.49504297]
2025-12-13 21:16:13,683 - INFO - num_full_subsets = 2
2025-12-13 21:16:13,689 - INFO - phi = [-0.13483377  0.08838778  0.52019031  0.76293152]
2025-12-13 21:16:13,708 - INFO - num_full_subsets = 2
2025-12-13 21:16:13,715 - INFO - phi = [-0.14245536 -0.0987723   0.12786801  0.32456844]
2025-12-13 21:16:13,742 - INFO - num_full_subsets = 2
2025-12-13 21:16:13,752 - INFO - phi = [-0.12665058  0.59305159  0.11914974 -0.21120867]
2025-12-13 21:16:13,778 - INFO - num_full_subsets = 2
2025-12-13 21:16:13,784 - INFO - phi = [-0.13922621 -0.11214088  0.02324873  0.51939647]
2025-12-13 21:16:13,812 - INFO - num_full_subsets = 2
2025-12-13 21:16:13,838 - INFO - phi = [-0.09050815  0.3758122   0.15402283  0.56810348]
2025-12-13 21:16:13,855 - INFO - num_full_subsets = 2
2025-12-13 21:16:13,868 - INFO - phi = [-0.14185366  0.44933938 -0.49984767  0.22715442]
2025-12-13 21:16:13,897 - INFO - num_full_subsets = 2
2025-12-13 21:16:13,915 - INFO - phi = [-0.02632627  0.07836135 -0.38651012  0.27586143]
2025-12-13 21:16:13,933 - INFO - num_full_subsets = 2
2025-12-13 21:16:13,939 - INFO - phi = [ 0.56174022  0.05997956  0.62480959 -0.67392526]
2025-12-13 21:16:13,955 - INFO - num_full_subsets = 2
2025-12-13 21:16:13,961 - INFO - phi = [-0.13900559 -0.13219375  0.72942887 -0.16250166]
2025-12-13 21:16:13,978 - INFO - num_full_subsets = 2
2025-12-13 21:16:13,984 - INFO - phi = [-0.14014883 -0.16060197  0.41557103 -0.57651124]
2025-12-13 21:16:14,001 - INFO - num_full_subsets = 2
2025-12-13 21:16:14,012 - INFO - phi = [-0.14227485 -0.17229948  0.01453046 -0.84439979]
2025-12-13 21:16:14,030 - INFO - num_full_subsets = 2
2025-12-13 21:16:14,038 - INFO - phi = [-0.13116336 -0.1288516  -0.56959386 -0.30862269]
2025-12-13 21:16:14,056 - INFO - num_full_subsets = 2
2025-12-13 21:16:14,062 - INFO - phi = [-0.13591684  0.45936581  0.45044412  0.51939647]
2025-12-13 21:16:14,085 - INFO - num_full_subsets = 2
2025-12-13 21:16:14,091 - INFO - phi = [-0.1409511  -0.25585309  0.1627411   0.22715442]
2025-12-13 21:16:14,111 - INFO - num_full_subsets = 2
2025-12-13 21:16:14,117 - INFO - phi = [-0.13810303 -0.207392    0.64224613 -0.69827876]
2025-12-13 21:16:14,140 - INFO - num_full_subsets = 2
2025-12-13 21:16:14,146 - INFO - phi = [-0.14199406 -0.21574736  0.12786801 -0.8931068 ]
2025-12-13 21:16:14,175 - INFO - num_full_subsets = 2
2025-12-13 21:16:14,185 - INFO - phi = [-0.13980786  0.02822918 -0.33420048  0.78728503]
2025-12-13 21:16:14,200 - INFO - num_full_subsets = 2
2025-12-13 21:16:14,206 - INFO - phi = [-0.07265757  0.17862568  0.56378167  0.81163853]
2025-12-13 21:16:14,221 - INFO - num_full_subsets = 2
2025-12-13 21:16:14,227 - INFO - phi = [-0.1399282  -0.20070771  0.31095175  0.34892194]
2025-12-13 21:16:14,242 - INFO - num_full_subsets = 2
2025-12-13 21:16:14,250 - INFO - phi = [-0.02632627 -0.12718053 -0.46497458  0.42198245]
2025-12-13 21:16:14,265 - INFO - num_full_subsets = 2
2025-12-13 21:16:14,271 - INFO - phi = [-0.13976775 -0.19569449  0.50275376 -0.8931068 ]
2025-12-13 21:16:14,288 - INFO - num_full_subsets = 2
2025-12-13 21:16:14,294 - INFO - phi = [-0.14203417  0.01151846 -0.54343904  0.03232638]
2025-12-13 21:16:14,309 - INFO - num_full_subsets = 2
2025-12-13 21:16:14,315 - INFO - phi = [ 0.27091607 -0.0085344   0.58993649  0.71422451]
2025-12-13 21:16:14,330 - INFO - num_full_subsets = 2
2025-12-13 21:16:14,336 - INFO - phi = [-0.1073559   0.3758122   0.48531721  0.54374998]
2025-12-13 21:16:14,351 - INFO - num_full_subsets = 2
2025-12-13 21:16:14,356 - INFO - phi = [ 0.56976296  0.14186209 -0.52600249 -0.55215774]
2025-12-13 21:16:14,372 - INFO - num_full_subsets = 2
2025-12-13 21:16:14,378 - INFO - phi = [ 0.54970612  0.31732467 -0.02906091 -0.77133928]
2025-12-13 21:16:14,393 - INFO - num_full_subsets = 2
2025-12-13 21:16:14,398 - INFO - phi = [-0.1362578   0.39252292 -0.26445429  0.25150792]
2025-12-13 21:16:14,414 - INFO - num_full_subsets = 2
2025-12-13 21:16:14,419 - INFO - phi = [-0.14217457 -0.23914237 -0.39522839 -0.08944115]
2025-12-13 21:16:14,435 - INFO - num_full_subsets = 2
2025-12-13 21:16:14,441 - INFO - phi = [-0.14129207 -0.22243165  0.031967   -0.52780423]
2025-12-13 21:16:14,456 - INFO - num_full_subsets = 2
2025-12-13 21:16:14,462 - INFO - phi = [-0.14159292 -0.27089274 -0.49984767  0.47068946]
2025-12-13 21:16:14,478 - INFO - num_full_subsets = 2
2025-12-13 21:16:14,484 - INFO - phi = [-0.14075053 -0.26420845 -0.43881976  0.27586143]
2025-12-13 21:16:14,499 - INFO - num_full_subsets = 2
2025-12-13 21:16:14,505 - INFO - phi = [-0.14165309 -0.25752416 -0.21214465 -0.06508764]
2025-12-13 21:16:14,520 - INFO - num_full_subsets = 2
2025-12-13 21:16:14,526 - INFO - phi = [ 0.57377433  0.13183566  0.51147203 -0.45474372]
2025-12-13 21:16:14,541 - INFO - num_full_subsets = 2
2025-12-13 21:16:14,547 - INFO - phi = [-0.14135224 -0.27757703 -0.69164968 -0.84439979]
2025-12-13 21:16:14,562 - INFO - num_full_subsets = 2
2025-12-13 21:16:14,567 - INFO - phi = [-0.14235508 -0.20237878 -0.15111674  0.08103339]
2025-12-13 21:16:14,584 - INFO - num_full_subsets = 2
2025-12-13 21:16:14,590 - INFO - phi = [ 0.56976296 -0.068693   -0.02034264 -1.18534886]
2025-12-13 21:16:14,605 - INFO - num_full_subsets = 2
2025-12-13 21:16:14,611 - INFO - phi = [-0.12420364  0.07334813  0.15402283  0.49504297]
2025-12-13 21:16:14,626 - INFO - num_full_subsets = 2
2025-12-13 21:16:14,632 - INFO - phi = [-0.1416932  -0.24415558  0.17145937 -0.69827876]
2025-12-13 21:16:14,647 - INFO - num_full_subsets = 2
2025-12-13 21:16:14,652 - INFO - phi = [-0.14125195  0.3156536  -0.61318522  0.90905255]
2025-12-13 21:16:14,667 - INFO - num_full_subsets = 2
2025-12-13 21:16:14,673 - INFO - phi = [-0.14065025 -0.25919523 -0.15111674 -0.25991568]
2025-12-13 21:16:14,690 - INFO - num_full_subsets = 2
2025-12-13 21:16:14,696 - INFO - phi = [-0.13720047 -0.17898377  0.74686541 -1.47759092]
2025-12-13 21:16:14,717 - INFO - num_full_subsets = 2
2025-12-13 21:16:14,722 - INFO - phi = [0.37521163 0.0031631  0.45044412 0.39762895]
2025-12-13 21:16:14,738 - INFO - num_full_subsets = 2
2025-12-13 21:16:14,743 - INFO - phi = [ 0.28295017 -0.04362692  0.32838829  0.20280091]
2025-12-13 21:16:14,758 - INFO - num_full_subsets = 2
2025-12-13 21:16:14,765 - INFO - phi = [-0.14018894 -0.26420845  0.54634513 -1.76983297]
2025-12-13 21:16:14,780 - INFO - num_full_subsets = 2
2025-12-13 21:16:14,786 - INFO - phi = [ 0.04166641 -0.01521869 -0.03777918  0.42198245]
2025-12-13 21:16:14,803 - INFO - num_full_subsets = 2
2025-12-13 21:16:14,808 - INFO - phi = [-0.14185366  0.72506629 -0.49984767  0.90905255]
2025-12-13 21:16:14,823 - INFO - num_full_subsets = 2
2025-12-13 21:16:14,829 - INFO - phi = [ 0.70013241  0.14353317  0.53762685 -0.99052082]
2025-12-13 21:16:14,844 - INFO - num_full_subsets = 2
2025-12-13 21:16:14,850 - INFO - phi = [ 0.16260914  0.56631443 -0.31676393  0.03232638]
2025-12-13 21:16:14,865 - INFO - num_full_subsets = 2
2025-12-13 21:16:14,871 - INFO - phi = [ 0.11246705 -0.09208801 -0.42138321  0.1540939 ]
2025-12-13 21:16:14,886 - INFO - num_full_subsets = 2
2025-12-13 21:16:14,891 - INFO - phi = [-0.13984798 -0.26755059  0.11043146  0.03232638]
2025-12-13 21:16:14,908 - INFO - num_full_subsets = 2
2025-12-13 21:16:14,913 - INFO - phi = [-0.14153275 -0.25418202 -0.0988071  -0.79569278]
2025-12-13 21:16:14,930 - INFO - num_full_subsets = 2
2025-12-13 21:16:14,936 - INFO - phi = [-0.1421144   0.06833492 -0.35163702  0.39762895]
2025-12-13 21:16:14,951 - INFO - num_full_subsets = 2
2025-12-13 21:16:14,956 - INFO - phi = [ 0.56976296  0.14186209 -0.52600249 -0.55215774]
2025-12-13 21:16:14,972 - INFO - num_full_subsets = 2
2025-12-13 21:16:14,978 - INFO - phi = [-0.14052991 -0.13553589 -0.43010148  0.17844741]
2025-12-13 21:16:14,993 - INFO - num_full_subsets = 2
2025-12-13 21:16:14,998 - INFO - phi = [-0.13605723  0.29560073 -0.0988071   0.90905255]
2025-12-13 21:16:15,015 - INFO - num_full_subsets = 2
2025-12-13 21:16:15,022 - INFO - phi = [-0.14059008 -0.23580022  0.36326139 -0.52780423]
2025-12-13 21:16:15,037 - INFO - num_full_subsets = 2
2025-12-13 21:16:15,043 - INFO - phi = [ 0.52563791 -0.07036408  0.08427664 -0.69827876]
2025-12-13 21:16:15,058 - INFO - num_full_subsets = 2
2025-12-13 21:16:15,064 - INFO - phi = [ 0.46346172  0.1234803   0.01453046 -0.84439979]
2025-12-13 21:16:15,079 - INFO - num_full_subsets = 2
2025-12-13 21:16:15,085 - INFO - phi = [-0.14157286 -0.23412915  0.25864211 -1.23405587]
2025-12-13 21:16:15,100 - INFO - num_full_subsets = 2
2025-12-13 21:16:15,106 - INFO - phi = [-0.14147258 -0.10712766 -0.23829947 -0.21120867]
2025-12-13 21:16:15,129 - INFO - num_full_subsets = 2
2025-12-13 21:16:15,135 - INFO - phi = [ 0.0137874  -0.07203515  0.33710657  0.76293152]
2025-12-13 21:16:15,154 - INFO - num_full_subsets = 2
2025-12-13 21:16:15,160 - INFO - phi = [-0.14241525  0.11178279  0.0668401   0.61681049]
2025-12-13 21:16:15,175 - INFO - num_full_subsets = 2
2025-12-13 21:16:15,181 - INFO - phi = [-0.14157286 -0.21574736 -0.57831213  0.71422451]
2025-12-13 21:16:15,196 - INFO - num_full_subsets = 2
2025-12-13 21:16:15,202 - INFO - phi = [-0.14107144 -0.22243165 -0.60446695  0.71422451]
2025-12-13 21:16:15,217 - INFO - num_full_subsets = 2
2025-12-13 21:16:15,223 - INFO - phi = [-0.14067031 -0.29428775 -0.43881976 -0.77133928]
2025-12-13 21:16:15,240 - INFO - num_full_subsets = 2
2025-12-13 21:16:15,245 - INFO - phi = [ 0.01418854 -0.07871944 -0.34291875  0.56810348]
2025-12-13 21:16:15,260 - INFO - num_full_subsets = 2
2025-12-13 21:16:15,266 - INFO - phi = [-0.13846405 -0.00185012 -0.063934    0.641164  ]
2025-12-13 21:16:15,281 - INFO - num_full_subsets = 2
2025-12-13 21:16:15,287 - INFO - phi = [ 0.613888    0.03491347  0.20633247 -0.43039021]
2025-12-13 21:16:15,302 - INFO - num_full_subsets = 2
2025-12-13 21:16:15,308 - INFO - phi = [ 0.01418854 -0.07871944 -0.34291875  0.56810348]
2025-12-13 21:16:15,323 - INFO - num_full_subsets = 2
2025-12-13 21:16:15,329 - INFO - phi = [-0.14040957 -0.23914237 -0.03777918  0.27586143]
2025-12-13 21:16:15,347 - INFO - num_full_subsets = 2
2025-12-13 21:16:15,353 - INFO - phi = [-0.11096613  0.13016459 -0.47369285  0.61681049]
2025-12-13 21:16:15,369 - INFO - num_full_subsets = 2
2025-12-13 21:16:15,375 - INFO - phi = [ 0.51962086  0.01987382 -0.3254822  -0.45474372]
2025-12-13 21:16:15,391 - INFO - num_full_subsets = 2
2025-12-13 21:16:15,396 - INFO - phi = [-0.14129207 -0.207392   -0.53472076 -0.74698577]
2025-12-13 21:16:15,412 - INFO - num_full_subsets = 2
2025-12-13 21:16:15,418 - INFO - phi = [-0.10635306  0.36244362  0.52890858  0.61681049]
2025-12-13 21:16:15,434 - INFO - num_full_subsets = 2
2025-12-13 21:16:15,440 - INFO - phi = [ 0.19871145 -0.07537729  0.27607865  0.81163853]
2025-12-13 21:16:15,456 - INFO - num_full_subsets = 2
2025-12-13 21:16:15,462 - INFO - phi = [-0.1399282  -0.28593239 -0.37779184 -0.11379465]
2025-12-13 21:16:15,478 - INFO - num_full_subsets = 2
2025-12-13 21:16:15,483 - INFO - phi = [-0.13595695 -0.11548302  0.64224613 -0.62521825]
2025-12-13 21:16:15,498 - INFO - num_full_subsets = 2
2025-12-13 21:16:15,504 - INFO - phi = [-0.13968752 -0.12718053 -0.33420048  0.51939647]
2025-12-13 21:16:15,521 - INFO - num_full_subsets = 2
2025-12-13 21:16:15,527 - INFO - phi = [-0.14119178  0.01987382 -0.51728422  0.17844741]
2025-12-13 21:16:16,039 - INFO - Computing feature importance...
2025-12-13 21:16:16,482 - INFO - Experiment completed for ElasticNet
2025-12-13 21:16:16,482 - INFO - Total time: 17.22s (0.29 min)
2025-12-13 21:16:16,482 - INFO - Starting comprehensive experiment for ElasticNet
2025-12-13 21:16:26,160 - INFO - Performing feature analysis...
2025-12-13 21:16:27,350 - INFO - Model justification: Linear model with L1 and L2 regularization for handling multicollinearity
2025-12-13 21:16:27,350 - INFO - Performing robust cross-validation...
2025-12-13 21:16:27,384 - INFO - CV Results - MSE: 3.0828 ± 0.3229
2025-12-13 21:16:27,384 - INFO - Starting hyperparameter optimization...
2025-12-13 21:16:27,980 - INFO - Best parameters for ElasticNet: {'alpha': 0.004297055654910052, 'l1_ratio': 0.10781460434890205}
2025-12-13 21:16:27,980 - INFO - ⏱️ HPO took 0.60 seconds
2025-12-13 21:16:27,980 - INFO - Training final model...
2025-12-13 21:16:27,982 - INFO - ⏱️ Training took 0.00 seconds
2025-12-13 21:16:27,982 - INFO - Performing residual analysis...
2025-12-13 21:16:29,071 - INFO - Generating XAI explanations...
2025-12-13 21:16:29,071 - WARNING - Using 168 background data samples could cause slower run times. Consider using shap.sample(data, K) or shap.kmeans(data, K) to summarize the background as K samples.
2025-12-13 21:16:29,086 - INFO - num_full_subsets = 2
2025-12-13 21:16:29,092 - INFO - phi = [ 0.56873656  0.51507594  0.29673686 -0.14747025]
2025-12-13 21:16:29,107 - INFO - num_full_subsets = 2
2025-12-13 21:16:29,112 - INFO - phi = [ 0.43397505 -0.09634735 -0.38397035 -0.3563217 ]
2025-12-13 21:16:29,127 - INFO - num_full_subsets = 2
2025-12-13 21:16:29,133 - INFO - phi = [-0.14752084  0.21883705 -0.26384555  0.79236125]
2025-12-13 21:16:29,148 - INFO - num_full_subsets = 2
2025-12-13 21:16:29,153 - INFO - phi = [-0.15581564  0.43584926  0.50695526  0.53129694]
2025-12-13 21:16:29,168 - INFO - num_full_subsets = 2
2025-12-13 21:16:29,174 - INFO - phi = [-0.14828758  0.40656984 -0.11368954  0.74014839]
2025-12-13 21:16:29,189 - INFO - num_full_subsets = 2
2025-12-13 21:16:29,195 - INFO - phi = [-0.1601373  -0.27030159  0.73719447 -0.43464099]
2025-12-13 21:16:29,210 - INFO - num_full_subsets = 2
2025-12-13 21:16:29,215 - INFO - phi = [-0.16076464 -0.30991493  0.61706967 -1.92270754]
2025-12-13 21:16:29,230 - INFO - num_full_subsets = 2
2025-12-13 21:16:29,236 - INFO - phi = [-0.15934732 -0.26685695  0.72718407 -1.76606896]
2025-12-13 21:16:29,250 - INFO - num_full_subsets = 2
2025-12-13 21:16:29,256 - INFO - phi = [ 0.81270135  0.11033094  0.60705926 -1.08730176]
2025-12-13 21:16:29,271 - INFO - num_full_subsets = 2
2025-12-13 21:16:29,277 - INFO - phi = [ 0.60823562 -0.26168999 -0.40399115 -1.00898247]
2025-12-13 21:16:29,292 - INFO - num_full_subsets = 2
2025-12-13 21:16:29,298 - INFO - phi = [-0.15300423  0.00526948  0.13657046  0.3224455 ]
2025-12-13 21:16:29,313 - INFO - num_full_subsets = 2
2025-12-13 21:16:29,318 - INFO - phi = [-0.14838052 -0.11184823  0.64710087  0.71404196]
2025-12-13 21:16:29,333 - INFO - num_full_subsets = 2
2025-12-13 21:16:29,339 - INFO - phi = [-0.16269312  0.42551535 -0.58417835  0.21801978]
2025-12-13 21:16:29,354 - INFO - num_full_subsets = 2
2025-12-13 21:16:29,359 - INFO - phi = [-0.15883615 -0.26513463  0.55700726  0.53129694]
2025-12-13 21:16:29,374 - INFO - num_full_subsets = 2
2025-12-13 21:16:29,380 - INFO - phi = [-0.13016448  0.16716748  0.14658086  0.27023264]
2025-12-13 21:16:29,395 - INFO - num_full_subsets = 2
2025-12-13 21:16:29,401 - INFO - phi = [-0.14828758  0.40656984 -0.11368954  0.74014839]
2025-12-13 21:16:29,416 - INFO - num_full_subsets = 2
2025-12-13 21:16:29,430 - INFO - phi = [ 0.57803046  0.0069918  -0.34392875 -0.19968312]
2025-12-13 21:16:29,445 - INFO - num_full_subsets = 2
2025-12-13 21:16:29,450 - INFO - phi = [-0.16176373 -0.32024884 -0.62421995 -0.46074742]
2025-12-13 21:16:29,465 - INFO - num_full_subsets = 2
2025-12-13 21:16:29,471 - INFO - phi = [-0.1612061  -0.31163725 -0.41400155  0.53129694]
2025-12-13 21:16:29,486 - INFO - num_full_subsets = 2
2025-12-13 21:16:29,493 - INFO - phi = [ 0.2225389   0.02593731 -0.58417835  0.45297765]
2025-12-13 21:16:29,509 - INFO - num_full_subsets = 2
2025-12-13 21:16:29,515 - INFO - phi = [-0.16046259  0.1516666   0.20664326  0.27023264]
2025-12-13 21:16:29,530 - INFO - num_full_subsets = 2
2025-12-13 21:16:29,535 - INFO - phi = [-0.15820882 -0.23413289  0.81727767 -1.34836607]
2025-12-13 21:16:29,551 - INFO - num_full_subsets = 2
2025-12-13 21:16:29,560 - INFO - phi = [-0.16308811  0.19127994  0.13657046  1.23617057]
2025-12-13 21:16:29,575 - INFO - num_full_subsets = 2
2025-12-13 21:16:29,581 - INFO - phi = [-0.1618102  -0.31508189 -0.13371034 -0.25189598]
2025-12-13 21:16:29,596 - INFO - num_full_subsets = 2
2025-12-13 21:16:29,601 - INFO - phi = [-0.16269312  0.70969801 -0.58417835  0.94899984]
2025-12-13 21:16:29,617 - INFO - num_full_subsets = 2
2025-12-13 21:16:29,625 - INFO - phi = [-0.16192638 -0.20140882  0.43688246  0.76625482]
2025-12-13 21:16:29,640 - INFO - num_full_subsets = 2
2025-12-13 21:16:29,646 - INFO - phi = [-0.02886101 -0.16868476 -0.54413675  0.42687122]
2025-12-13 21:16:29,661 - INFO - num_full_subsets = 2
2025-12-13 21:16:29,667 - INFO - phi = [-0.15818558  0.00526948  0.54699686  0.50519051]
2025-12-13 21:16:29,682 - INFO - num_full_subsets = 2
2025-12-13 21:16:29,688 - INFO - phi = [ 0.11565909 -0.09806967 -0.62421995  0.84457411]
2025-12-13 21:16:29,703 - INFO - num_full_subsets = 2
2025-12-13 21:16:29,709 - INFO - phi = [ 0.04061087 -0.01884299  0.39684086  0.08748762]
2025-12-13 21:16:29,725 - INFO - num_full_subsets = 2
2025-12-13 21:16:29,731 - INFO - phi = [-0.15607122 -0.12045982  0.47692406 -1.32225964]
2025-12-13 21:16:29,746 - INFO - num_full_subsets = 2
2025-12-13 21:16:29,761 - INFO - phi = [ 0.21789195 -0.00334212  0.66712167  0.6618291 ]
2025-12-13 21:16:29,776 - INFO - num_full_subsets = 2
2025-12-13 21:16:29,782 - INFO - phi = [-0.16273959 -0.33058276 -0.00357514 -1.81828182]
2025-12-13 21:16:29,797 - INFO - num_full_subsets = 2
2025-12-13 21:16:29,803 - INFO - phi = [ 0.04432843  0.03110426 -0.35393915  0.47908408]
2025-12-13 21:16:29,818 - INFO - num_full_subsets = 2
2025-12-13 21:16:29,827 - INFO - phi = [-0.06394547 -0.11184823 -0.18376235  1.23617057]
2025-12-13 21:16:29,843 - INFO - num_full_subsets = 2
2025-12-13 21:16:29,849 - INFO - phi = [-0.12156763  0.33595475  0.59704886  0.63572267]
2025-12-13 21:16:29,864 - INFO - num_full_subsets = 2
2025-12-13 21:16:29,870 - INFO - phi = [-0.16143845  0.38245737  0.02645606 -0.30410884]
2025-12-13 21:16:29,885 - INFO - num_full_subsets = 2
2025-12-13 21:16:29,890 - INFO - phi = [-0.16185667 -0.30130333 -0.62421995 -0.27800241]
2025-12-13 21:16:29,906 - INFO - num_full_subsets = 2
2025-12-13 21:16:29,911 - INFO - phi = [-0.16102022 -0.33230508 -0.01358554 -1.55721751]
2025-12-13 21:16:29,926 - INFO - num_full_subsets = 2
2025-12-13 21:16:29,932 - INFO - phi = [-0.16164756 -0.30130333  0.17661206  0.21801978]
2025-12-13 21:16:29,948 - INFO - num_full_subsets = 2
2025-12-13 21:16:29,954 - INFO - phi = [-0.16290223 -0.02573227 -0.63423035  0.00916833]
2025-12-13 21:16:29,968 - INFO - num_full_subsets = 2
2025-12-13 21:16:29,974 - INFO - phi = [-0.16211225  0.38245737 -0.40399115  0.76625482]
2025-12-13 21:16:29,989 - INFO - num_full_subsets = 2
2025-12-13 21:16:29,995 - INFO - phi = [-0.13504378  0.02077035  0.62708007  0.45297765]
2025-12-13 21:16:30,009 - INFO - num_full_subsets = 2
2025-12-13 21:16:30,015 - INFO - phi = [-0.16106669 -0.21863201  0.41686166 -0.12136382]
2025-12-13 21:16:30,030 - INFO - num_full_subsets = 2
2025-12-13 21:16:30,036 - INFO - phi = [-0.16125257  0.34284403 -0.39398075  0.68793553]
2025-12-13 21:16:30,052 - INFO - num_full_subsets = 2
2025-12-13 21:16:30,058 - INFO - phi = [-0.133185    0.09138543  0.62708007  0.58350981]
2025-12-13 21:16:30,073 - INFO - num_full_subsets = 2
2025-12-13 21:16:30,078 - INFO - phi = [ 1.82420386e-04 -1.79018672e-01 -6.14209551e-01  4.52977652e-01]
2025-12-13 21:16:30,093 - INFO - num_full_subsets = 2
2025-12-13 21:16:30,099 - INFO - phi = [-0.1612061  -0.29096942  0.63709047 -1.19172748]
2025-12-13 21:16:30,113 - INFO - num_full_subsets = 2
2025-12-13 21:16:30,119 - INFO - phi = [-0.15830176  0.18955763 -0.50409515  0.68793553]
2025-12-13 21:16:30,134 - INFO - num_full_subsets = 2
2025-12-13 21:16:30,140 - INFO - phi = [-0.16150815 -0.3254158  -0.68428235 -0.14747025]
2025-12-13 21:16:30,155 - INFO - num_full_subsets = 2
2025-12-13 21:16:30,161 - INFO - phi = [-0.07416875 -0.05156706 -0.36394955  0.55740338]
2025-12-13 21:16:30,177 - INFO - num_full_subsets = 2
2025-12-13 21:16:30,182 - INFO - phi = [-0.15957967 -0.28752478  0.48693446 -0.06915096]
2025-12-13 21:16:30,197 - INFO - num_full_subsets = 2
2025-12-13 21:16:30,203 - INFO - phi = [-0.16250724 -0.22896593  0.16660166 -0.30410884]
2025-12-13 21:16:30,218 - INFO - num_full_subsets = 2
2025-12-13 21:16:30,223 - INFO - phi = [-0.15878968 -0.24618912  0.81727767 -0.77402459]
2025-12-13 21:16:30,238 - INFO - num_full_subsets = 2
2025-12-13 21:16:30,244 - INFO - phi = [-0.16146168  2.50607688  0.25669526  0.21801978]
2025-12-13 21:16:30,260 - INFO - num_full_subsets = 2
2025-12-13 21:16:30,266 - INFO - phi = [-0.16260018  0.13788805 -0.07364794  0.58350981]
2025-12-13 21:16:30,280 - INFO - num_full_subsets = 2
2025-12-13 21:16:30,286 - INFO - phi = [-0.16018377 -0.32713812 -0.23381435 -0.14747025]
2025-12-13 21:16:30,301 - INFO - num_full_subsets = 2
2025-12-13 21:16:30,307 - INFO - phi = [-0.13922603  0.19472458 -0.30388715  0.87068054]
2025-12-13 21:16:30,322 - INFO - num_full_subsets = 2
2025-12-13 21:16:30,327 - INFO - phi = [ 0.57803046 -0.06362329  0.25669526 -0.14747025]
2025-12-13 21:16:30,342 - INFO - num_full_subsets = 2
2025-12-13 21:16:30,348 - INFO - phi = [-0.1578603  -0.10151431  0.75721527  0.06138119]
2025-12-13 21:16:30,363 - INFO - num_full_subsets = 2
2025-12-13 21:16:30,369 - INFO - phi = [-0.16060199 -0.33574972 -0.69429275  0.06138119]
2025-12-13 21:16:30,384 - INFO - num_full_subsets = 2
2025-12-13 21:16:30,389 - INFO - phi = [-0.1600676  -0.11184823 -0.67427195  0.47908408]
2025-12-13 21:16:30,404 - INFO - num_full_subsets = 2
2025-12-13 21:16:30,410 - INFO - phi = [ 0.05338998 -0.01884299 -0.37395995  0.94899984]
2025-12-13 21:16:30,425 - INFO - num_full_subsets = 2
2025-12-13 21:16:30,430 - INFO - phi = [-0.1579997  -0.17729635  0.85731927 -2.54926188]
2025-12-13 21:16:30,445 - INFO - num_full_subsets = 2
2025-12-13 21:16:30,451 - INFO - phi = [-0.16150815 -0.30130333  0.04647686 -0.72181173]
2025-12-13 21:16:30,467 - INFO - num_full_subsets = 2
2025-12-13 21:16:30,472 - INFO - phi = [ 0.7453206   0.1154979  -0.55414715 -1.13951462]
2025-12-13 21:16:30,487 - INFO - num_full_subsets = 2
2025-12-13 21:16:30,493 - INFO - phi = [-0.1243558  -0.16696244 -0.09366874 -0.48685385]
2025-12-13 21:16:30,507 - INFO - num_full_subsets = 2
2025-12-13 21:16:30,513 - INFO - phi = [ 0.83593609  0.36178954 -0.23381435 -0.40853456]
2025-12-13 21:16:30,528 - INFO - num_full_subsets = 2
2025-12-13 21:16:30,534 - INFO - phi = [-0.1622749  -0.32197116 -0.13371034 -0.38242813]
2025-12-13 21:16:30,548 - INFO - num_full_subsets = 2
2025-12-13 21:16:30,554 - INFO - phi = [ 0.66167553  0.05693905  0.65711127 -0.66959887]
2025-12-13 21:16:30,569 - INFO - num_full_subsets = 2
2025-12-13 21:16:30,575 - INFO - phi = [-0.15944026 -0.29613637 -0.01358554  0.3224455 ]
2025-12-13 21:16:30,590 - INFO - num_full_subsets = 2
2025-12-13 21:16:30,595 - INFO - phi = [ 0.76623187 -0.07223489 -0.03360634 -0.82623745]
2025-12-13 21:16:30,610 - INFO - num_full_subsets = 2
2025-12-13 21:16:30,616 - INFO - phi = [ 0.68491027 -0.19451954  0.25669526 -0.98287604]
2025-12-13 21:16:30,630 - INFO - num_full_subsets = 2
2025-12-13 21:16:30,636 - INFO - phi = [-0.16055553  0.32045388 -0.40399115  0.79236125]
2025-12-13 21:16:30,651 - INFO - num_full_subsets = 2
2025-12-13 21:16:30,657 - INFO - phi = [-0.15597828  0.26706199 -0.12369994  0.94899984]
2025-12-13 21:16:30,672 - INFO - num_full_subsets = 2
2025-12-13 21:16:30,678 - INFO - phi = [-0.15971907 -0.01884299 -0.03360634  0.81846768]
2025-12-13 21:16:30,693 - INFO - num_full_subsets = 2
2025-12-13 21:16:30,698 - INFO - phi = [ 0.01760848 -0.11184823  0.37682006  0.79236125]
2025-12-13 21:16:30,713 - INFO - num_full_subsets = 2
2025-12-13 21:16:30,719 - INFO - phi = [-0.16115963 -0.17729635 -0.50409515  0.16580691]
2025-12-13 21:16:30,734 - INFO - num_full_subsets = 2
2025-12-13 21:16:30,739 - INFO - phi = [ 0.65238163  0.02421499  0.70716327 -0.74791816]
2025-12-13 21:16:30,754 - INFO - num_full_subsets = 2
2025-12-13 21:16:30,760 - INFO - phi = [-0.15597828  0.26706199 -0.12369994  0.94899984]
2025-12-13 21:16:30,776 - INFO - num_full_subsets = 2
2025-12-13 21:16:30,781 - INFO - phi = [ 0.40609336 -0.15146157  0.55700726 -0.09525739]
2025-12-13 21:16:30,796 - INFO - num_full_subsets = 2
2025-12-13 21:16:30,802 - INFO - phi = [-0.15985848 -0.06362329 -0.26384555  1.15785128]
2025-12-13 21:16:30,817 - INFO - num_full_subsets = 2
2025-12-13 21:16:30,828 - INFO - phi = [-0.1623446  -0.15662852  0.19663286 -0.93066318]
2025-12-13 21:16:30,843 - INFO - num_full_subsets = 2
2025-12-13 21:16:30,848 - INFO - phi = [ 0.56873656 -0.01884299  0.44689286 -0.72181173]
2025-12-13 21:16:30,863 - INFO - num_full_subsets = 2
2025-12-13 21:16:30,869 - INFO - phi = [ 0.16445205  0.13788805 -0.49408475  0.47908408]
2025-12-13 21:16:30,884 - INFO - num_full_subsets = 2
2025-12-13 21:16:30,890 - INFO - phi = [-0.15985848  0.40829216 -0.39398075 -0.0169381 ]
2025-12-13 21:16:30,905 - INFO - num_full_subsets = 2
2025-12-13 21:16:30,911 - INFO - phi = [0.12030604 0.55813392 0.63709047 1.07953199]
2025-12-13 21:16:30,926 - INFO - num_full_subsets = 2
2025-12-13 21:16:30,931 - INFO - phi = [ 0.81270135  0.10516399 -0.05362714 -1.21783391]
2025-12-13 21:16:30,947 - INFO - num_full_subsets = 2
2025-12-13 21:16:30,952 - INFO - phi = [-0.16046259 -0.33230508 -0.44403275 -0.14747025]
2025-12-13 21:16:30,967 - INFO - num_full_subsets = 2
2025-12-13 21:16:30,973 - INFO - phi = [-0.15920791 -0.28752478  0.70716327 -0.77402459]
2025-12-13 21:16:30,989 - INFO - num_full_subsets = 2
2025-12-13 21:16:30,994 - INFO - phi = [ 0.01760848 -0.10840359  0.52697606  0.58350981]
2025-12-13 21:16:31,009 - INFO - num_full_subsets = 2
2025-12-13 21:16:31,015 - INFO - phi = [ 0.25274407 -0.08773576 -0.29387675  0.53129694]
2025-12-13 21:16:31,029 - INFO - num_full_subsets = 2
2025-12-13 21:16:31,035 - INFO - phi = [-0.16232137 -0.29269174  0.39684086 -0.51296028]
2025-12-13 21:16:31,050 - INFO - num_full_subsets = 2
2025-12-13 21:16:31,059 - INFO - phi = [ 0.43397505 -0.09634735 -0.38397035 -0.3563217 ]
2025-12-13 21:16:31,075 - INFO - num_full_subsets = 2
2025-12-13 21:16:31,080 - INFO - phi = [-0.16339016 -0.13940533  0.13657046  0.3224455 ]
2025-12-13 21:16:31,096 - INFO - num_full_subsets = 2
2025-12-13 21:16:31,102 - INFO - phi = [-0.0832303  -0.11529286  0.71717367  0.47908408]
2025-12-13 21:16:31,117 - INFO - num_full_subsets = 2
2025-12-13 21:16:31,123 - INFO - phi = [-0.14838052  0.01388107  0.30674726  0.60961624]
2025-12-13 21:16:31,138 - INFO - num_full_subsets = 2
2025-12-13 21:16:31,147 - INFO - phi = [-0.16260018  0.6459722  -0.37395995  0.37465836]
2025-12-13 21:16:31,162 - INFO - num_full_subsets = 2
2025-12-13 21:16:31,168 - INFO - phi = [-0.16139198  0.4840742   0.23667446  0.37465836]
2025-12-13 21:16:31,183 - INFO - num_full_subsets = 2
2025-12-13 21:16:31,191 - INFO - phi = [ 0.73370323 -0.15662852  0.49694486 -0.80013102]
2025-12-13 21:16:31,207 - INFO - num_full_subsets = 2
2025-12-13 21:16:31,213 - INFO - phi = [-0.16055553 -0.30130333 -0.46405355  0.47908408]
2025-12-13 21:16:31,227 - INFO - num_full_subsets = 2
2025-12-13 21:16:31,233 - INFO - phi = [-0.12272937  0.34973331  0.54699686  0.55740338]
2025-12-13 21:16:31,248 - INFO - num_full_subsets = 2
2025-12-13 21:16:31,253 - INFO - phi = [-0.16171726 -0.30130333 -0.28386635 -0.09525739]
2025-12-13 21:16:31,268 - INFO - num_full_subsets = 2
2025-12-13 21:16:31,274 - INFO - phi = [-0.15944026  0.11033094 -0.36394955  0.68793553]
2025-12-13 21:16:31,288 - INFO - num_full_subsets = 2
2025-12-13 21:16:31,294 - INFO - phi = [-0.16125257  0.34284403 -0.39398075  0.68793553]
2025-12-13 21:16:31,310 - INFO - num_full_subsets = 2
2025-12-13 21:16:31,315 - INFO - phi = [ 0.11565909 -0.09806967 -0.62421995  0.84457411]
2025-12-13 21:16:31,330 - INFO - num_full_subsets = 2
2025-12-13 21:16:31,335 - INFO - phi = [-0.1573259  -0.15835084  0.47692406 -0.0169381 ]
2025-12-13 21:16:31,350 - INFO - num_full_subsets = 2
2025-12-13 21:16:31,356 - INFO - phi = [-0.16269312  0.70969801 -0.58417835  0.94899984]
2025-12-13 21:16:31,371 - INFO - num_full_subsets = 2
2025-12-13 21:16:31,377 - INFO - phi = [-0.16011407 -0.25996767  0.41686166  0.58350981]
2025-12-13 21:16:31,394 - INFO - num_full_subsets = 2
2025-12-13 21:16:31,400 - INFO - phi = [-0.16157785 -0.28752478  0.35679926 -1.60943038]
2025-12-13 21:16:31,417 - INFO - num_full_subsets = 2
2025-12-13 21:16:31,423 - INFO - phi = [ 0.79643703  0.10516399  0.43688246 -0.93066318]
2025-12-13 21:16:31,439 - INFO - num_full_subsets = 2
2025-12-13 21:16:31,445 - INFO - phi = [-0.16099699 -0.30130333 -0.34392875  0.71404196]
2025-12-13 21:16:31,460 - INFO - num_full_subsets = 2
2025-12-13 21:16:31,466 - INFO - phi = [-0.1420142   0.06899528 -0.43402235  0.42687122]
2025-12-13 21:16:31,480 - INFO - num_full_subsets = 2
2025-12-13 21:16:31,486 - INFO - phi = [ 0.42468116 -0.12218214 -0.62421995 -0.14747025]
2025-12-13 21:16:31,501 - INFO - num_full_subsets = 2
2025-12-13 21:16:31,507 - INFO - phi = [-0.13109387 -0.11701518 -0.40399115  0.27023264]
2025-12-13 21:16:31,522 - INFO - num_full_subsets = 2
2025-12-13 21:16:31,528 - INFO - phi = [-0.15806941 -0.17557403  0.35679926  0.47908408]
2025-12-13 21:16:31,543 - INFO - num_full_subsets = 2
2025-12-13 21:16:31,549 - INFO - phi = [-0.15704708  0.14133269  0.25669526  0.60961624]
2025-12-13 21:16:31,564 - INFO - num_full_subsets = 2
2025-12-13 21:16:31,569 - INFO - phi = [-0.16150815 -0.34091667 -0.85445915 -0.51296028]
2025-12-13 21:16:31,584 - INFO - num_full_subsets = 2
2025-12-13 21:16:31,590 - INFO - phi = [0.28294923 0.35145563 0.22666406 0.40076479]
2025-12-13 21:16:31,605 - INFO - num_full_subsets = 2
2025-12-13 21:16:31,610 - INFO - phi = [ 0.43629853 -0.03434386  0.50695526  0.40076479]
2025-12-13 21:16:31,626 - INFO - num_full_subsets = 2
2025-12-13 21:16:31,631 - INFO - phi = [-0.14652174  0.03282658 -0.43402235  0.16580691]
2025-12-13 21:16:31,646 - INFO - num_full_subsets = 2
2025-12-13 21:16:31,652 - INFO - phi = [-0.16097375 -0.18590795  0.31675766  0.97510627]
2025-12-13 21:16:31,667 - INFO - num_full_subsets = 2
2025-12-13 21:16:31,672 - INFO - phi = [ 0.65702858  0.0879408  -0.40399115 -0.77402459]
2025-12-13 21:16:31,687 - INFO - num_full_subsets = 2
2025-12-13 21:16:31,693 - INFO - phi = [-0.16088081 -0.27546854 -0.23381435 -0.46074742]
2025-12-13 21:16:31,708 - INFO - num_full_subsets = 2
2025-12-13 21:16:31,713 - INFO - phi = [-0.15456096  0.05349441  0.58703846  0.79236125]
2025-12-13 21:16:31,729 - INFO - num_full_subsets = 2
2025-12-13 21:16:31,735 - INFO - phi = [ 0.19001026 -0.06017865 -0.00357514  0.79236125]
2025-12-13 21:16:31,749 - INFO - num_full_subsets = 2
2025-12-13 21:16:31,755 - INFO - phi = [-0.1155266   0.08621848 -0.48407435  0.47908408]
2025-12-13 21:16:31,770 - INFO - num_full_subsets = 2
2025-12-13 21:16:31,776 - INFO - phi = [-0.16060199 -0.28235782  0.18662246 -0.61738601]
2025-12-13 21:16:31,791 - INFO - num_full_subsets = 2
2025-12-13 21:16:31,801 - INFO - phi = [-0.16118286 -0.28752478  0.25669526  0.11359405]
2025-12-13 21:16:31,816 - INFO - num_full_subsets = 2
2025-12-13 21:16:31,822 - INFO - phi = [0.18536331 0.11205326 0.18662246 0.08748762]
2025-12-13 21:16:31,838 - INFO - num_full_subsets = 2
2025-12-13 21:16:31,844 - INFO - phi = [-0.1618102  -0.34263899 -0.67427195 -0.22578955]
2025-12-13 21:16:31,858 - INFO - num_full_subsets = 2
2025-12-13 21:16:31,864 - INFO - phi = [-0.16025347 -0.27719086 -0.33391835 -0.82623745]
2025-12-13 21:16:31,879 - INFO - num_full_subsets = 2
2025-12-13 21:16:31,885 - INFO - phi = [ 0.53853139  0.08966311  0.00643526 -0.93066318]
2025-12-13 21:16:31,900 - INFO - num_full_subsets = 2
2025-12-13 21:16:31,908 - INFO - phi = [-0.15967261 -0.11184823 -0.54413675  0.53129694]
2025-12-13 21:16:31,923 - INFO - num_full_subsets = 2
2025-12-13 21:16:31,929 - INFO - phi = [-0.16016053 -0.28235782  0.50695526 -0.51296028]
2025-12-13 21:16:31,945 - INFO - num_full_subsets = 2
2025-12-13 21:16:31,951 - INFO - phi = [-0.16236784 -0.27891318  0.28672646 -1.34836607]
2025-12-13 21:16:31,966 - INFO - num_full_subsets = 2
2025-12-13 21:16:31,971 - INFO - phi = [ 0.63147036 -0.14973925  0.11654966 -0.72181173]
2025-12-13 21:16:31,986 - INFO - num_full_subsets = 2
2025-12-13 21:16:31,992 - INFO - phi = [-0.16118286 -0.19451954 -0.60419915  0.03527476]
2025-12-13 21:16:32,007 - INFO - num_full_subsets = 2
2025-12-13 21:16:32,013 - INFO - phi = [-0.15855734 -0.26685695  0.29673686 -0.93066318]
2025-12-13 21:16:32,028 - INFO - num_full_subsets = 2
2025-12-13 21:16:32,033 - INFO - phi = [-0.150309   -0.17040708 -0.66426155 -0.3563217 ]
2025-12-13 21:16:32,049 - INFO - num_full_subsets = 2
2025-12-13 21:16:32,055 - INFO - phi = [-0.16027671 -0.26341231 -0.66426155  0.27023264]
2025-12-13 21:16:32,070 - INFO - num_full_subsets = 2
2025-12-13 21:16:32,076 - INFO - phi = [-0.16129904 -0.30474797 -0.18376235 -0.30410884]
2025-12-13 21:16:32,092 - INFO - num_full_subsets = 2
2025-12-13 21:16:32,100 - INFO - phi = [-0.16199608 -0.23413289 -0.62421995  0.68793553]
2025-12-13 21:16:32,115 - INFO - num_full_subsets = 2
2025-12-13 21:16:32,121 - INFO - phi = [-0.16118286 -0.19451954 -0.60419915  0.03527476]
2025-12-13 21:16:32,136 - INFO - num_full_subsets = 2
2025-12-13 21:16:32,141 - INFO - phi = [-0.15981201  1.78270284  0.23667446  0.55740338]
2025-12-13 21:16:32,157 - INFO - num_full_subsets = 2
2025-12-13 21:16:32,163 - INFO - phi = [0.40609336 0.01732571 0.68714247 0.68793553]
2025-12-13 21:16:32,178 - INFO - num_full_subsets = 2
2025-12-13 21:16:32,184 - INFO - phi = [ 0.22486238 -0.12562678 -0.67427195 -0.04304453]
2025-12-13 21:16:32,198 - INFO - num_full_subsets = 2
2025-12-13 21:16:32,204 - INFO - phi = [-0.1612758  -0.27030159  0.29673686 -1.32225964]
2025-12-13 21:16:32,219 - INFO - num_full_subsets = 2
2025-12-13 21:16:32,225 - INFO - phi = [-0.16332046 -0.0739572   0.19663286 -0.12136382]
2025-12-13 21:16:32,240 - INFO - num_full_subsets = 2
2025-12-13 21:16:32,245 - INFO - phi = [-0.15934732 -0.03434386  0.81727767 -4.32449917]
2025-12-13 21:16:32,261 - INFO - num_full_subsets = 2
2025-12-13 21:16:32,267 - INFO - phi = [ 0.09939477 -0.00678676  0.65711127  1.18395771]
2025-12-13 21:16:32,282 - INFO - num_full_subsets = 2
2025-12-13 21:16:32,287 - INFO - phi = [-0.15279512  0.40484752  0.63709047  0.37465836]
2025-12-13 21:16:32,302 - INFO - num_full_subsets = 2
2025-12-13 21:16:32,308 - INFO - phi = [ 0.71279196 -0.0016198   0.22666406 -0.48685385]
2025-12-13 21:16:32,323 - INFO - num_full_subsets = 2
2025-12-13 21:16:32,329 - INFO - phi = [-0.11924415 -0.00850908 -0.43402235 -0.06915096]
2025-12-13 21:16:32,344 - INFO - num_full_subsets = 2
2025-12-13 21:16:32,349 - INFO - phi = [ 0.79643703  0.10688631  0.13657046 -1.08730176]
2025-12-13 21:16:32,365 - INFO - num_full_subsets = 2
2025-12-13 21:16:32,371 - INFO - phi = [-0.15621063  0.3669565  -0.31389755  0.24412621]
2025-12-13 21:16:32,386 - INFO - num_full_subsets = 2
2025-12-13 21:16:32,392 - INFO - phi = [-0.16143845 -0.2530784  -0.55414715  0.13970048]
2025-12-13 21:16:32,407 - INFO - num_full_subsets = 2
2025-12-13 21:16:32,413 - INFO - phi = [-0.16204255 -0.26685695  0.02645606 -0.59127958]
2025-12-13 21:16:32,428 - INFO - num_full_subsets = 2
2025-12-13 21:16:32,434 - INFO - phi = [-0.15983525 -0.07567952 -0.66426155  0.16580691]
2025-12-13 21:16:32,448 - INFO - num_full_subsets = 2
2025-12-13 21:16:32,454 - INFO - phi = [-0.14819464 -0.03434386  0.19663286  0.47908408]
2025-12-13 21:16:32,470 - INFO - num_full_subsets = 2
2025-12-13 21:16:32,476 - INFO - phi = [ 0.10404172  1.54157816  0.22666406 -0.27800241]
2025-12-13 21:16:32,490 - INFO - num_full_subsets = 2
2025-12-13 21:16:32,496 - INFO - phi = [-0.15983525 -0.07567952 -0.66426155  0.16580691]
2025-12-13 21:16:32,511 - INFO - num_full_subsets = 2
2025-12-13 21:16:32,517 - INFO - phi = [-0.1590685  -0.04467778 -0.10367914  0.79236125]
2025-12-13 21:16:32,532 - INFO - num_full_subsets = 2
2025-12-13 21:16:32,537 - INFO - phi = [-0.034205   -0.07223489  0.03646646  1.13174485]
2025-12-13 21:16:32,552 - INFO - num_full_subsets = 2
2025-12-13 21:16:32,558 - INFO - phi = [-0.16106669 -0.30819261 -0.26384555 -1.0350889 ]
2025-12-13 21:16:32,574 - INFO - num_full_subsets = 2
2025-12-13 21:16:32,579 - INFO - phi = [-0.15734913  0.68386322  0.11654966  0.40076479]
2025-12-13 21:16:32,594 - INFO - num_full_subsets = 2
2025-12-13 21:16:32,600 - INFO - phi = [-0.16046259 -0.13768301  0.03646646  0.3224455 ]
2025-12-13 21:16:32,615 - INFO - num_full_subsets = 2
2025-12-13 21:16:32,620 - INFO - phi = [-0.16041612  0.14994428 -0.33391835  0.27023264]
2025-12-13 21:16:33,140 - INFO - Computing feature importance...
2025-12-13 21:16:33,586 - INFO - Experiment completed for ElasticNet
2025-12-13 21:16:33,586 - INFO - Total time: 16.71s (0.28 min)
2025-12-13 21:16:33,586 - INFO - Starting comprehensive experiment for ElasticNet
2025-12-13 21:16:43,402 - INFO - Performing feature analysis...
2025-12-13 21:16:44,759 - INFO - Model justification: Linear model with L1 and L2 regularization for handling multicollinearity
2025-12-13 21:16:44,759 - INFO - Performing robust cross-validation...
2025-12-13 21:16:44,792 - INFO - CV Results - MSE: 3.0354 ± 0.2264
2025-12-13 21:16:44,793 - INFO - Starting hyperparameter optimization...
2025-12-13 21:16:45,414 - INFO - Best parameters for ElasticNet: {'alpha': 0.04064326399192304, 'l1_ratio': 0.15061451623161612}
2025-12-13 21:16:45,414 - INFO - ⏱️ HPO took 0.62 seconds
2025-12-13 21:16:45,414 - INFO - Training final model...
2025-12-13 21:16:45,416 - INFO - ⏱️ Training took 0.00 seconds
2025-12-13 21:16:45,416 - INFO - Performing residual analysis...
2025-12-13 21:16:46,486 - INFO - Generating XAI explanations...
2025-12-13 21:16:46,487 - WARNING - Using 168 background data samples could cause slower run times. Consider using shap.sample(data, K) or shap.kmeans(data, K) to summarize the background as K samples.
2025-12-13 21:16:46,502 - INFO - num_full_subsets = 2
2025-12-13 21:16:46,508 - INFO - phi = [ 0.16733675 -0.0204352   0.02437059  0.75260139]
2025-12-13 21:16:46,522 - INFO - num_full_subsets = 2
2025-12-13 21:16:46,528 - INFO - phi = [-0.1779639   0.35891442 -0.02456478  0.03380074]
2025-12-13 21:16:46,543 - INFO - num_full_subsets = 2
2025-12-13 21:16:46,549 - INFO - phi = [-0.17926426  0.07267789 -0.31002105  0.39320106]
2025-12-13 21:16:46,563 - INFO - num_full_subsets = 2
2025-12-13 21:16:46,569 - INFO - phi = [ 0.54831726 -0.02388384  0.23642382 -0.10995938]
2025-12-13 21:16:46,584 - INFO - num_full_subsets = 2
2025-12-13 21:16:46,589 - INFO - phi = [-0.17696012  0.26580133 -0.31817695  0.56092121]
2025-12-13 21:16:46,604 - INFO - num_full_subsets = 2
2025-12-13 21:16:46,610 - INFO - phi = [-0.17470162 -0.17907232  0.17933257 -0.27767953]
2025-12-13 21:16:46,625 - INFO - num_full_subsets = 2
2025-12-13 21:16:46,630 - INFO - phi = [ 0.61675687 -0.14113736 -0.36711231 -0.82876002]
2025-12-13 21:16:46,645 - INFO - num_full_subsets = 2
2025-12-13 21:16:46,651 - INFO - phi = [-0.17855705 -0.28253131 -0.08165603 -0.32559958]
2025-12-13 21:16:46,665 - INFO - num_full_subsets = 2
2025-12-13 21:16:46,671 - INFO - phi = [-0.02338163 -0.03422973 -0.19583854  0.22548092]
2025-12-13 21:16:46,686 - INFO - num_full_subsets = 2
2025-12-13 21:16:46,691 - INFO - phi = [-0.17246592 -0.08078628  0.41585349 -1.18816034]
2025-12-13 21:16:46,706 - INFO - num_full_subsets = 2
2025-12-13 21:16:46,712 - INFO - phi = [-0.17702856 -0.29977447 -0.07350014 -2.33824137]
2025-12-13 21:16:46,727 - INFO - num_full_subsets = 2
2025-12-13 21:16:46,732 - INFO - phi = [-0.17821485 -0.16182915  0.38322991  0.72864136]
2025-12-13 21:16:46,747 - INFO - num_full_subsets = 2
2025-12-13 21:16:46,753 - INFO - phi = [ 0.57341178  0.02267271 -0.28555337 -0.44539968]
2025-12-13 21:16:46,768 - INFO - num_full_subsets = 2
2025-12-13 21:16:46,773 - INFO - phi = [-0.17908175 -0.27563404 -0.20399444 -0.6849999 ]
2025-12-13 21:16:46,788 - INFO - num_full_subsets = 2
2025-12-13 21:16:46,794 - INFO - phi = [ 0.72169761  0.1364776   0.50556832 -0.99648017]
2025-12-13 21:16:46,809 - INFO - num_full_subsets = 2
2025-12-13 21:16:46,815 - INFO - phi = [-0.17718825 -0.23597476 -0.16321497 -0.39747964]
2025-12-13 21:16:46,829 - INFO - num_full_subsets = 2
2025-12-13 21:16:46,835 - INFO - phi = [ 0.11258506 -0.16527779  0.57081547  1.11200171]
2025-12-13 21:16:46,850 - INFO - num_full_subsets = 2
2025-12-13 21:16:46,856 - INFO - phi = [-0.17958364 -0.03422973  0.18748846 -0.08599936]
2025-12-13 21:16:46,870 - INFO - num_full_subsets = 2
2025-12-13 21:16:46,876 - INFO - phi = [0.13767959 0.17268824 0.05699416 0.72864136]
2025-12-13 21:16:46,891 - INFO - num_full_subsets = 2
2025-12-13 21:16:46,896 - INFO - phi = [-0.17956083 -0.02215952 -0.32633284  0.20152089]
2025-12-13 21:16:46,912 - INFO - num_full_subsets = 2
2025-12-13 21:16:46,917 - INFO - phi = [-0.17769014  0.52444881  0.22011204  0.36924104]
2025-12-13 21:16:46,932 - INFO - num_full_subsets = 2
2025-12-13 21:16:46,938 - INFO - phi = [ 0.66694592  0.04336451  0.530036   -0.78083998]
2025-12-13 21:16:46,953 - INFO - num_full_subsets = 2
2025-12-13 21:16:46,958 - INFO - phi = [-0.00148096 -0.07906196 -0.30186516  0.56092121]
2025-12-13 21:16:46,973 - INFO - num_full_subsets = 2
2025-12-13 21:16:46,979 - INFO - phi = [ 0.39775011 -0.0825106  -0.48129482 -0.10995938]
2025-12-13 21:16:46,994 - INFO - num_full_subsets = 2
2025-12-13 21:16:46,999 - INFO - phi = [0.02064785 0.02094839 0.35060634 0.10568081]
2025-12-13 21:16:47,014 - INFO - num_full_subsets = 2
2025-12-13 21:16:47,020 - INFO - phi = [-0.17739357 -0.26528814 -0.43235946 -0.18183945]
2025-12-13 21:16:47,035 - INFO - num_full_subsets = 2
2025-12-13 21:16:47,041 - INFO - phi = [-0.1470292   0.20717457  0.14670899  0.27340096]
2025-12-13 21:16:47,055 - INFO - num_full_subsets = 2
2025-12-13 21:16:47,061 - INFO - phi = [-0.17828329 -0.19459117 -0.48129482  0.6567613 ]
2025-12-13 21:16:47,076 - INFO - num_full_subsets = 2
2025-12-13 21:16:47,081 - INFO - phi = [-0.17668636 -0.27390973  0.12224131  0.03380074]
2025-12-13 21:16:47,096 - INFO - num_full_subsets = 2
2025-12-13 21:16:47,102 - INFO - phi = [ 0.653258   -0.15493189  0.23642382 -0.87668007]
2025-12-13 21:16:47,117 - INFO - num_full_subsets = 2
2025-12-13 21:16:47,122 - INFO - phi = [-0.17853423 -0.10837534 -0.20399444 -0.20579947]
2025-12-13 21:16:47,137 - INFO - num_full_subsets = 2
2025-12-13 21:16:47,143 - INFO - phi = [-0.17442786 -0.13596441  0.31798276  0.46508113]
2025-12-13 21:16:47,157 - INFO - num_full_subsets = 2
2025-12-13 21:16:47,163 - INFO - phi = [ 0.63044479  0.14854781 -0.47313893 -0.54123977]
2025-12-13 21:16:47,178 - INFO - num_full_subsets = 2
2025-12-13 21:16:47,183 - INFO - phi = [-0.1783061  -0.23252613 -0.75043931 -0.0141193 ]
2025-12-13 21:16:47,198 - INFO - num_full_subsets = 2
2025-12-13 21:16:47,204 - INFO - phi = [-0.17134807  0.33477399 -0.33448874  0.70468134]
2025-12-13 21:16:47,219 - INFO - num_full_subsets = 2
2025-12-13 21:16:47,225 - INFO - phi = [-0.17887643 -0.25494224  0.12224131 -1.73924084]
2025-12-13 21:16:47,239 - INFO - num_full_subsets = 2
2025-12-13 21:16:47,245 - INFO - phi = [-0.17098306  0.09336968  0.50556832  0.75260139]
2025-12-13 21:16:47,260 - INFO - num_full_subsets = 2
2025-12-13 21:16:47,265 - INFO - phi = [ 0.03137006 -0.14803462 -0.35080052  0.6567613 ]
2025-12-13 21:16:47,280 - INFO - num_full_subsets = 2
2025-12-13 21:16:47,286 - INFO - phi = [-0.17702856 -0.16355347  0.40769759 -0.56519979]
2025-12-13 21:16:47,300 - INFO - num_full_subsets = 2
2025-12-13 21:16:47,306 - INFO - phi = [-0.17636698  1.44523381  0.11408542  0.75260139]
2025-12-13 21:16:47,322 - INFO - num_full_subsets = 2
2025-12-13 21:16:47,327 - INFO - phi = [-0.17732513 -0.24459635 -0.01640888  0.27340096]
2025-12-13 21:16:47,342 - INFO - num_full_subsets = 2
2025-12-13 21:16:47,348 - INFO - phi = [ 0.50953481  0.12958033  0.03252648 -0.82876002]
2025-12-13 21:16:47,362 - INFO - num_full_subsets = 2
2025-12-13 21:16:47,368 - INFO - phi = [ 0.26087089 -0.06871606 -0.01640888  0.29736098]
2025-12-13 21:16:47,383 - INFO - num_full_subsets = 2
2025-12-13 21:16:47,388 - INFO - phi = [-0.17577384 -0.25666656  0.01621469  0.321321  ]
2025-12-13 21:16:47,403 - INFO - num_full_subsets = 2
2025-12-13 21:16:47,409 - INFO - phi = [ 0.08520922 -0.18252095 -0.74228342 -0.0141193 ]
2025-12-13 21:16:47,424 - INFO - num_full_subsets = 2
2025-12-13 21:16:47,430 - INFO - phi = [-0.1793327  -0.24459635 -0.35080052 -0.08599936]
2025-12-13 21:16:47,444 - INFO - num_full_subsets = 2
2025-12-13 21:16:47,450 - INFO - phi = [ 0.46162708  0.09164537  0.63606262 -0.20579947]
2025-12-13 21:16:47,464 - INFO - num_full_subsets = 2
2025-12-13 21:16:47,470 - INFO - phi = [-0.07904585  0.24683385 -0.17952676  0.51300117]
2025-12-13 21:16:47,485 - INFO - num_full_subsets = 2
2025-12-13 21:16:47,491 - INFO - phi = [-0.17652667 -0.26873678  0.62790672 -2.12260118]
2025-12-13 21:16:47,505 - INFO - num_full_subsets = 2
2025-12-13 21:16:47,511 - INFO - phi = [ 0.73082289  0.42098982  0.51372421 -0.87668007]
2025-12-13 21:16:47,526 - INFO - num_full_subsets = 2
2025-12-13 21:16:47,532 - INFO - phi = [-0.13676326  0.16579098  0.20380025  0.68072132]
2025-12-13 21:16:47,547 - INFO - num_full_subsets = 2
2025-12-13 21:16:47,553 - INFO - phi = [-0.17600197 -0.19459117 -0.22030622 -0.4693597 ]
2025-12-13 21:16:47,567 - INFO - num_full_subsets = 2
2025-12-13 21:16:47,573 - INFO - phi = [-0.14976678  0.12958033  0.49741242  0.6567613 ]
2025-12-13 21:16:47,588 - INFO - num_full_subsets = 2
2025-12-13 21:16:47,593 - INFO - phi = [ 0.0829279   1.58317912  0.21195614 -0.22975949]
2025-12-13 21:16:47,608 - INFO - num_full_subsets = 2
2025-12-13 21:16:47,614 - INFO - phi = [ 0.28596541  0.04853746 -0.39973589 -0.20579947]
2025-12-13 21:16:47,629 - INFO - num_full_subsets = 2
2025-12-13 21:16:47,635 - INFO - phi = [-0.17828329  0.32787673 -0.55469787  0.89636151]
2025-12-13 21:16:47,649 - INFO - num_full_subsets = 2
2025-12-13 21:16:47,655 - INFO - phi = [-0.17748483 -0.15493189 -0.46498304  0.05776077]
2025-12-13 21:16:47,670 - INFO - num_full_subsets = 2
2025-12-13 21:16:47,675 - INFO - phi = [-0.1722606  -0.11699693  0.61975083 -0.61311983]
2025-12-13 21:16:47,690 - INFO - num_full_subsets = 2
2025-12-13 21:16:47,695 - INFO - phi = [-0.17839735  0.42271413 -0.30186516  0.72864136]
2025-12-13 21:16:47,710 - INFO - num_full_subsets = 2
2025-12-13 21:16:47,716 - INFO - phi = [-0.17787265 -0.24804498  0.31798276 -1.45172058]
2025-12-13 21:16:47,731 - INFO - num_full_subsets = 2
2025-12-13 21:16:47,737 - INFO - phi = [ 0.49128425  0.05715904 -0.26108569 -0.87668007]
2025-12-13 21:16:47,751 - INFO - num_full_subsets = 2
2025-12-13 21:16:47,757 - INFO - phi = [-0.17638979 -0.21183433 -0.34264463  0.17756087]
2025-12-13 21:16:47,771 - INFO - num_full_subsets = 2
2025-12-13 21:16:47,777 - INFO - phi = [-0.17714263 -0.28253131 -0.56285376  0.03380074]
2025-12-13 21:16:47,792 - INFO - num_full_subsets = 2
2025-12-13 21:16:47,797 - INFO - phi = [-0.1786483  -0.22390455  0.2690474   0.51300117]
2025-12-13 21:16:47,812 - INFO - num_full_subsets = 2
2025-12-13 21:16:47,817 - INFO - phi = [ 0.03228258  0.03129429 -0.39973589  0.36924104]
2025-12-13 21:16:47,833 - INFO - num_full_subsets = 2
2025-12-13 21:16:47,838 - INFO - phi = [-0.13972897  0.38995212  0.47294474  0.53696119]
2025-12-13 21:16:47,853 - INFO - num_full_subsets = 2
2025-12-13 21:16:47,859 - INFO - phi = [-0.17889924 -0.26528814  0.2608915  -2.62576163]
2025-12-13 21:16:47,873 - INFO - num_full_subsets = 2
2025-12-13 21:16:47,879 - INFO - phi = [-0.17707419 -0.22735318 -0.18768265 -0.30163955]
2025-12-13 21:16:47,894 - INFO - num_full_subsets = 2
2025-12-13 21:16:47,899 - INFO - phi = [-0.17223779 -0.14286167  0.54634778  0.75260139]
2025-12-13 21:16:47,914 - INFO - num_full_subsets = 2
2025-12-13 21:16:47,919 - INFO - phi = [-0.17221498  0.47616794  0.44032117  0.51300117]
2025-12-13 21:16:47,935 - INFO - num_full_subsets = 2
2025-12-13 21:16:47,951 - INFO - phi = [-0.06741112  0.06578062  0.48925653  0.321321  ]
2025-12-13 21:16:47,966 - INFO - num_full_subsets = 2
2025-12-13 21:16:47,973 - INFO - phi = [ 0.24490165 -0.15838052  0.63606262  0.72864136]
2025-12-13 21:16:47,988 - INFO - num_full_subsets = 2
2025-12-13 21:16:47,993 - INFO - phi = [-0.17739357 -0.28942857 -0.45682714 -0.20579947]
2025-12-13 21:16:48,008 - INFO - num_full_subsets = 2
2025-12-13 21:16:48,014 - INFO - phi = [-0.17568258  0.00542954  0.69315387 -3.9435628 ]
2025-12-13 21:16:48,029 - INFO - num_full_subsets = 2
2025-12-13 21:16:48,037 - INFO - phi = [ 0.16277411 -0.06699175  0.44032117  0.6567613 ]
2025-12-13 21:16:48,053 - INFO - num_full_subsets = 2
2025-12-13 21:16:48,064 - INFO - phi = [-0.17759889  0.02094839 -0.16321497  0.08172079]
2025-12-13 21:16:48,079 - INFO - num_full_subsets = 2
2025-12-13 21:16:48,085 - INFO - phi = [-0.17718825  0.32270378 -0.56285376  0.70468134]
2025-12-13 21:16:48,099 - INFO - num_full_subsets = 2
2025-12-13 21:16:48,105 - INFO - phi = [-0.17762171 -0.16010484 -0.49760661  0.80052143]
2025-12-13 21:16:48,120 - INFO - num_full_subsets = 2
2025-12-13 21:16:48,125 - INFO - phi = [-0.16429879  0.16923961 -0.3834241   0.41716109]
2025-12-13 21:16:48,140 - INFO - num_full_subsets = 2
2025-12-13 21:16:48,146 - INFO - phi = [ 0.68975912  0.03819156  0.0080588  -0.70895992]
2025-12-13 21:16:48,161 - INFO - num_full_subsets = 2
2025-12-13 21:16:48,167 - INFO - phi = [-0.11668764 -0.00319204  0.31798276  0.6567613 ]
2025-12-13 21:16:48,182 - INFO - num_full_subsets = 2
2025-12-13 21:16:48,188 - INFO - phi = [-0.17800953  0.32960104 -0.13874729  0.12964083]
2025-12-13 21:16:48,202 - INFO - num_full_subsets = 2
2025-12-13 21:16:48,208 - INFO - phi = [-0.1726028   0.40719528 -0.22846212  0.24944094]
2025-12-13 21:16:48,223 - INFO - num_full_subsets = 2
2025-12-13 21:16:48,228 - INFO - phi = [ 0.56656782  0.23476364 -0.28555337 -0.3495596 ]
2025-12-13 21:16:48,243 - INFO - num_full_subsets = 2
2025-12-13 21:16:48,249 - INFO - phi = [-0.17730232 -0.26183951 -0.2529298   0.68072132]
2025-12-13 21:16:48,264 - INFO - num_full_subsets = 2
2025-12-13 21:16:48,270 - INFO - phi = [-0.17794109 -0.26183951  0.17117667  0.22548092]
2025-12-13 21:16:48,286 - INFO - num_full_subsets = 2
2025-12-13 21:16:48,291 - INFO - phi = [-0.17739357 -0.06699175  0.1385531   0.94428156]
2025-12-13 21:16:48,306 - INFO - num_full_subsets = 2
2025-12-13 21:16:48,311 - INFO - phi = [ 0.03319511  0.02094839 -0.27739748  0.89636151]
2025-12-13 21:16:48,326 - INFO - num_full_subsets = 2
2025-12-13 21:16:48,332 - INFO - phi = [-0.17638979 -0.0721647  -0.52207429  0.46508113]
2025-12-13 21:16:48,346 - INFO - num_full_subsets = 2
2025-12-13 21:16:48,352 - INFO - phi = [-0.17584228 -0.23769908  0.27720329 -0.32559958]
2025-12-13 21:16:48,368 - INFO - num_full_subsets = 2
2025-12-13 21:16:48,374 - INFO - phi = [-0.09820894  0.05371041 -0.5139184   0.12964083]
2025-12-13 21:16:48,388 - INFO - num_full_subsets = 2
2025-12-13 21:16:48,394 - INFO - phi = [-0.16473224  0.00542954  0.18748846  0.46508113]
2025-12-13 21:16:48,408 - INFO - num_full_subsets = 2
2025-12-13 21:16:48,414 - INFO - phi = [-0.17828329 -0.22735318 -0.35895642 -0.54123977]
2025-12-13 21:16:48,429 - INFO - num_full_subsets = 2
2025-12-13 21:16:48,434 - INFO - phi = [-0.17686887  0.36063874 -0.30186516  0.75260139]
2025-12-13 21:16:48,449 - INFO - num_full_subsets = 2
2025-12-13 21:16:48,454 - INFO - phi = [-0.12626918 -0.05837017 -0.04087656  0.75260139]
2025-12-13 21:16:48,471 - INFO - num_full_subsets = 2
2025-12-13 21:16:48,476 - INFO - phi = [-0.17737076 -0.0825106   0.3913858  -0.6849999 ]
2025-12-13 21:16:48,491 - INFO - num_full_subsets = 2
2025-12-13 21:16:48,496 - INFO - phi = [-0.17581946 -0.22218023 -0.13874729  0.41716109]
2025-12-13 21:16:48,511 - INFO - num_full_subsets = 2
2025-12-13 21:16:48,517 - INFO - phi = [-0.17627573 -0.23769908 -0.08981192  0.22548092]
2025-12-13 21:16:48,531 - INFO - num_full_subsets = 2
2025-12-13 21:16:48,537 - INFO - phi = [-0.0701487  -0.13941304 -0.29370927  0.87240149]
2025-12-13 21:16:48,551 - INFO - num_full_subsets = 2
2025-12-13 21:16:48,557 - INFO - phi = [-0.17643542 -0.22045591  0.36691812  0.56092121]
2025-12-13 21:16:48,576 - INFO - num_full_subsets = 2
2025-12-13 21:16:48,582 - INFO - phi = [-0.17773577 -0.21355865 -0.42420357  0.15360085]
2025-12-13 21:16:48,597 - INFO - num_full_subsets = 2
2025-12-13 21:16:48,603 - INFO - phi = [ 0.37949955 -0.11182398  0.48110063 -0.06203934]
2025-12-13 21:16:48,617 - INFO - num_full_subsets = 2
2025-12-13 21:16:48,624 - INFO - phi = [ 0.62588215  0.12785601 -0.30186516 -0.6849999 ]
2025-12-13 21:16:48,639 - INFO - num_full_subsets = 2
2025-12-13 21:16:48,645 - INFO - phi = [-0.1406415  -0.08595923 -0.31002105  0.24944094]
2025-12-13 21:16:48,659 - INFO - num_full_subsets = 2
2025-12-13 21:16:48,665 - INFO - phi = [-0.1786483  -0.2394234   0.2608915  -1.21212037]
2025-12-13 21:16:48,680 - INFO - num_full_subsets = 2
2025-12-13 21:16:48,686 - INFO - phi = [ 0.63500743  0.13820191  0.49741242 -0.44539968]
2025-12-13 21:16:48,700 - INFO - num_full_subsets = 2
2025-12-13 21:16:48,706 - INFO - phi = [ 0.77873062  0.15027213  0.5218801  -0.97252015]
2025-12-13 21:16:48,720 - INFO - num_full_subsets = 2
2025-12-13 21:16:48,726 - INFO - phi = [-0.16491475  0.05371041  0.27720329  0.58488124]
2025-12-13 21:16:48,741 - INFO - num_full_subsets = 2
2025-12-13 21:16:48,746 - INFO - phi = [ 0.66694592 -0.07561333  0.60343904 -0.61311983]
2025-12-13 21:16:48,761 - INFO - num_full_subsets = 2
2025-12-13 21:16:48,766 - INFO - phi = [-0.17746201 -0.0204352  -0.34264463  0.58488124]
2025-12-13 21:16:48,782 - INFO - num_full_subsets = 2
2025-12-13 21:16:48,788 - INFO - phi = [-0.17816922 -0.22390455 -0.72597163  0.03380074]
2025-12-13 21:16:48,802 - INFO - num_full_subsets = 2
2025-12-13 21:16:48,808 - INFO - phi = [-0.17842017 -0.21528297  0.37507402  0.27340096]
2025-12-13 21:16:48,822 - INFO - num_full_subsets = 2
2025-12-13 21:16:48,828 - INFO - phi = [-0.17896768  0.46582204 -0.44867125  0.22548092]
2025-12-13 21:16:48,843 - INFO - num_full_subsets = 2
2025-12-13 21:16:48,848 - INFO - phi = [-0.17921863 -0.11009966  0.15486489 -0.39747964]
2025-12-13 21:16:48,863 - INFO - num_full_subsets = 2
2025-12-13 21:16:48,868 - INFO - phi = [0.1947126  0.03646724 0.57081547 0.63280128]
2025-12-13 21:16:48,884 - INFO - num_full_subsets = 2
2025-12-13 21:16:48,890 - INFO - phi = [-0.17839735 -0.28425562 -0.62810091 -0.82876002]
2025-12-13 21:16:48,904 - INFO - num_full_subsets = 2
2025-12-13 21:16:48,910 - INFO - phi = [ 0.40687539 -0.05664585 -0.28555337 -0.30163955]
2025-12-13 21:16:48,924 - INFO - num_full_subsets = 2
2025-12-13 21:16:48,930 - INFO - phi = [-0.17826047 -0.17562369 -0.72597163  0.89636151]
2025-12-13 21:16:48,945 - INFO - num_full_subsets = 2
2025-12-13 21:16:48,950 - INFO - phi = [-0.17531757  0.01922408  0.40769759  0.15360085]
2025-12-13 21:16:48,965 - INFO - num_full_subsets = 2
2025-12-13 21:16:48,973 - INFO - phi = [ 0.53919198  0.5554865   0.2690474  -0.10995938]
2025-12-13 21:16:48,989 - INFO - num_full_subsets = 2
2025-12-13 21:16:48,995 - INFO - phi = [-0.17618447 -0.30322311 -0.02456478 -0.4693597 ]
2025-12-13 21:16:49,009 - INFO - num_full_subsets = 2
2025-12-13 21:16:49,015 - INFO - phi = [-0.13471007 -0.02905679 -0.40789178  0.51300117]
2025-12-13 21:16:49,030 - INFO - num_full_subsets = 2
2025-12-13 21:16:49,036 - INFO - phi = [ 0.20840052 -0.07561333  0.27720329  0.80052143]
2025-12-13 21:16:49,050 - INFO - num_full_subsets = 2
2025-12-13 21:16:49,059 - INFO - phi = [-0.01904712 -0.13941304 -0.47313893  0.44112111]
2025-12-13 21:16:49,074 - INFO - num_full_subsets = 2
2025-12-13 21:16:49,080 - INFO - phi = [-0.16080837 -0.12734282 -0.07350014  0.51300117]
2025-12-13 21:16:49,095 - INFO - num_full_subsets = 2
2025-12-13 21:16:49,101 - INFO - phi = [ 6.30444793e-01 -6.87160645e-02 -9.70939727e-05 -1.16420032e+00]
2025-12-13 21:16:49,116 - INFO - num_full_subsets = 2
2025-12-13 21:16:49,121 - INFO - phi = [ 0.55744254  0.0847481  -0.57916555 -0.6849999 ]
2025-12-13 21:16:49,136 - INFO - num_full_subsets = 2
2025-12-13 21:16:49,157 - INFO - phi = [-0.17618447  0.44857888 -0.29370927  0.00984072]
2025-12-13 21:16:49,172 - INFO - num_full_subsets = 2
2025-12-13 21:16:49,183 - INFO - phi = [-0.17618447 -0.02388384 -0.18768265  1.08804168]
2025-12-13 21:16:49,198 - INFO - num_full_subsets = 2
2025-12-13 21:16:49,212 - INFO - phi = [ 0.54831726  0.11751012 -0.3752682  -0.56519979]
2025-12-13 21:16:49,227 - INFO - num_full_subsets = 2
2025-12-13 21:16:49,238 - INFO - phi = [-0.17835173 -0.1670021   0.34245044 -0.8048    ]
2025-12-13 21:16:49,253 - INFO - num_full_subsets = 2
2025-12-13 21:16:49,261 - INFO - phi = [-0.17673199  0.18993141 -0.24477391  0.27340096]
2025-12-13 21:16:49,276 - INFO - num_full_subsets = 2
2025-12-13 21:16:49,283 - INFO - phi = [ 0.63272611  0.08647242 -0.53838608 -0.42143966]
2025-12-13 21:16:49,298 - INFO - num_full_subsets = 2
2025-12-13 21:16:49,304 - INFO - phi = [-0.17750764  0.17786119 -0.01640888 -0.25371951]
2025-12-13 21:16:49,319 - INFO - num_full_subsets = 2
2025-12-13 21:16:49,326 - INFO - phi = [-0.17755327  0.38305485 -0.29370927  0.6567613 ]
2025-12-13 21:16:49,341 - INFO - num_full_subsets = 2
2025-12-13 21:16:49,348 - INFO - phi = [ 0.80154382  0.40202233 -0.16321497 -0.3495596 ]
2025-12-13 21:16:49,363 - INFO - num_full_subsets = 2
2025-12-13 21:16:49,386 - INFO - phi = [-0.16934051 -0.03250542 -0.08981192  0.56092121]
2025-12-13 21:16:49,401 - INFO - num_full_subsets = 2
2025-12-13 21:16:49,424 - INFO - phi = [-0.17862549 -0.11699693  0.18748846 -0.82876002]
2025-12-13 21:16:49,439 - INFO - num_full_subsets = 2
2025-12-13 21:16:49,445 - INFO - phi = [-0.17597915 -0.11354829  0.04068237  0.51300117]
2025-12-13 21:16:49,462 - INFO - num_full_subsets = 2
2025-12-13 21:16:49,468 - INFO - phi = [-0.17750764 -0.27218541 -0.31002105  0.51300117]
2025-12-13 21:16:49,483 - INFO - num_full_subsets = 2
2025-12-13 21:16:49,489 - INFO - phi = [-0.17832891 -0.21183433 -0.48129482 -0.73291994]
2025-12-13 21:16:49,506 - INFO - num_full_subsets = 2
2025-12-13 21:16:49,514 - INFO - phi = [ 0.1171477   0.09681832 -0.03272067  0.60884126]
2025-12-13 21:16:49,529 - INFO - num_full_subsets = 2
2025-12-13 21:16:49,536 - INFO - phi = [-0.17518069 -0.22562886  0.48110063  0.51300117]
2025-12-13 21:16:49,551 - INFO - num_full_subsets = 2
2025-12-13 21:16:49,558 - INFO - phi = [ 0.62131951  0.0640563   0.60343904 -0.66103987]
2025-12-13 21:16:49,577 - INFO - num_full_subsets = 2
2025-12-13 21:16:49,583 - INFO - phi = [-0.17638979 -0.22218023  0.03252648  0.44112111]
2025-12-13 21:16:49,599 - INFO - num_full_subsets = 2
2025-12-13 21:16:49,605 - INFO - phi = [ 0.29052805 -0.00664067  0.57081547  0.70468134]
2025-12-13 21:16:49,620 - INFO - num_full_subsets = 2
2025-12-13 21:16:49,626 - INFO - phi = [-0.17780421 -0.26183951  0.06515006 -0.63707985]
2025-12-13 21:16:49,645 - INFO - num_full_subsets = 2
2025-12-13 21:16:49,651 - INFO - phi = [-0.03752582 -0.16355347  0.20380025 -0.44539968]
2025-12-13 21:16:49,667 - INFO - num_full_subsets = 2
2025-12-13 21:16:49,672 - INFO - phi = [-0.15918864  0.37615759 -0.17137086  0.10568081]
2025-12-13 21:16:49,688 - INFO - num_full_subsets = 2
2025-12-13 21:16:49,703 - INFO - phi = [-0.17696012  0.26580133 -0.31817695  0.56092121]
2025-12-13 21:16:49,731 - INFO - num_full_subsets = 2
2025-12-13 21:16:49,741 - INFO - phi = [-0.17873955 -0.26356383 -0.17952676 -0.06203934]
2025-12-13 21:16:49,767 - INFO - num_full_subsets = 2
2025-12-13 21:16:49,776 - INFO - phi = [-0.17965208 -0.09975376  0.1385531   0.321321  ]
2025-12-13 21:16:49,792 - INFO - num_full_subsets = 2
2025-12-13 21:16:49,799 - INFO - phi = [-0.17734795 -0.13079146  0.07330595  0.63280128]
2025-12-13 21:16:49,814 - INFO - num_full_subsets = 2
2025-12-13 21:16:49,820 - INFO - phi = [-0.16491475 -0.0721647   0.55450368  0.68072132]
2025-12-13 21:16:49,837 - INFO - num_full_subsets = 2
2025-12-13 21:16:49,842 - INFO - phi = [-0.17456474 -0.19459117  0.69315387 -1.21212037]
2025-12-13 21:16:49,858 - INFO - num_full_subsets = 2
2025-12-13 21:16:49,864 - INFO - phi = [-0.08201157 -0.0721647  -0.1224355   1.15992175]
2025-12-13 21:16:49,881 - INFO - num_full_subsets = 2
2025-12-13 21:16:49,892 - INFO - phi = [ 0.55744254  0.23476364 -0.35895642  0.00984072]
2025-12-13 21:16:49,907 - INFO - num_full_subsets = 2
2025-12-13 21:16:49,916 - INFO - phi = [0.40915671 0.00542954 0.44032117 0.39320106]
2025-12-13 21:16:49,931 - INFO - num_full_subsets = 2
2025-12-13 21:16:49,937 - INFO - phi = [-0.13265688  0.1261317  -0.36711231  0.46508113]
2025-12-13 21:16:49,953 - INFO - num_full_subsets = 2
2025-12-13 21:16:49,959 - INFO - phi = [0.21524448 0.33304968 0.57081547 0.41716109]
2025-12-13 21:16:49,975 - INFO - num_full_subsets = 2
2025-12-13 21:16:49,982 - INFO - phi = [-0.10938741  0.17268824  0.43216527  0.51300117]
2025-12-13 21:16:49,997 - INFO - num_full_subsets = 2
2025-12-13 21:16:50,003 - INFO - phi = [-0.17451911 -0.23425045  0.32613865 -0.10995938]
2025-12-13 21:16:50,020 - INFO - num_full_subsets = 2
2025-12-13 21:16:50,026 - INFO - phi = [-0.17189559 -0.07733765  0.44032117  0.56092121]
2025-12-13 21:16:50,041 - INFO - num_full_subsets = 2
2025-12-13 21:16:50,047 - INFO - phi = [-0.17426816 -0.18596959  0.60343904 -1.73924084]
2025-12-13 21:16:50,062 - INFO - num_full_subsets = 2
2025-12-13 21:16:50,068 - INFO - phi = [-0.1777814   0.53307039  0.02437059 -0.10995938]
2025-12-13 21:16:50,086 - INFO - num_full_subsets = 2
2025-12-13 21:16:50,092 - INFO - phi = [-0.17944676 -0.17562369  0.03252648 -0.82876002]
2025-12-13 21:16:50,110 - INFO - num_full_subsets = 2
2025-12-13 21:16:50,116 - INFO - phi = [-0.17707419  0.06922925  0.30167097  0.53696119]
2025-12-13 21:16:50,132 - INFO - num_full_subsets = 2
2025-12-13 21:16:50,138 - INFO - phi = [-0.1406415  -0.08595923 -0.31002105  0.24944094]
2025-12-13 21:16:50,661 - INFO - Computing feature importance...
2025-12-13 21:16:51,118 - INFO - Experiment completed for ElasticNet
2025-12-13 21:16:51,118 - INFO - Total time: 17.13s (0.29 min)
2025-12-13 21:16:51,118 - INFO - Starting comprehensive experiment for ElasticNet
2025-12-13 21:17:00,773 - INFO - Performing feature analysis...
2025-12-13 21:17:01,974 - INFO - Model justification: Linear model with L1 and L2 regularization for handling multicollinearity
2025-12-13 21:17:01,974 - INFO - Performing robust cross-validation...
2025-12-13 21:17:02,008 - INFO - CV Results - MSE: 3.0343 ± 0.2291
2025-12-13 21:17:02,008 - INFO - Starting hyperparameter optimization...
2025-12-13 21:17:02,631 - INFO - Best parameters for ElasticNet: {'alpha': 0.043798172107982536, 'l1_ratio': 0.4925722463025694}
2025-12-13 21:17:02,631 - INFO - ⏱️ HPO took 0.62 seconds
2025-12-13 21:17:02,631 - INFO - Training final model...
2025-12-13 21:17:02,632 - INFO - ⏱️ Training took 0.00 seconds
2025-12-13 21:17:02,632 - INFO - Performing residual analysis...
2025-12-13 21:17:03,702 - INFO - Generating XAI explanations...
2025-12-13 21:17:03,702 - WARNING - Using 168 background data samples could cause slower run times. Consider using shap.sample(data, K) or shap.kmeans(data, K) to summarize the background as K samples.
2025-12-13 21:17:03,717 - INFO - num_full_subsets = 2
2025-12-13 21:17:03,723 - INFO - phi = [-0.21017028  0.14976603 -0.33223658  0.45913487]
2025-12-13 21:17:03,738 - INFO - num_full_subsets = 2
2025-12-13 21:17:03,744 - INFO - phi = [ 0.62077412  0.29546558 -0.03851244 -0.8578613 ]
2025-12-13 21:17:03,759 - INFO - num_full_subsets = 2
2025-12-13 21:17:03,765 - INFO - phi = [-0.20279717  0.03968193  0.14098564  0.45913487]
2025-12-13 21:17:03,779 - INFO - num_full_subsets = 2
2025-12-13 21:17:03,785 - INFO - phi = [-0.20901372 -0.28085708 -0.12010248  0.22672378]
2025-12-13 21:17:03,800 - INFO - num_full_subsets = 2
2025-12-13 21:17:03,806 - INFO - phi = [0.01213132 0.14329049 0.2552117  0.30419414]
2025-12-13 21:17:03,821 - INFO - num_full_subsets = 2
2025-12-13 21:17:03,827 - INFO - phi = [-0.12039185  0.06072742  0.2633707   1.02725086]
2025-12-13 21:17:03,842 - INFO - num_full_subsets = 2
2025-12-13 21:17:03,847 - INFO - phi = [-0.12039185 -0.03154896  0.21441668  1.25966195]
2025-12-13 21:17:03,862 - INFO - num_full_subsets = 2
2025-12-13 21:17:03,868 - INFO - phi = [ 0.50993656 -0.08497213  0.49998182 -0.16062803]
2025-12-13 21:17:03,883 - INFO - num_full_subsets = 2
2025-12-13 21:17:03,903 - INFO - phi = [-0.20964019 -0.2581927  -0.10378447 -0.88368475]
2025-12-13 21:17:03,918 - INFO - num_full_subsets = 2
2025-12-13 21:17:03,941 - INFO - phi = [-0.20672468 -0.23714721  0.2470527  -0.39303912]
2025-12-13 21:17:03,957 - INFO - num_full_subsets = 2
2025-12-13 21:17:03,964 - INFO - phi = [ 0.6352312   0.04615746  0.57341285 -0.75456748]
2025-12-13 21:17:03,979 - INFO - num_full_subsets = 2
2025-12-13 21:17:03,985 - INFO - phi = [-0.20706201 -0.0477378  -0.54437068  0.14925342]
2025-12-13 21:17:04,001 - INFO - num_full_subsets = 2
2025-12-13 21:17:04,019 - INFO - phi = [-0.20520669  0.00568537  0.68763891 -1.73585874]
2025-12-13 21:17:04,035 - INFO - num_full_subsets = 2
2025-12-13 21:17:04,053 - INFO - phi = [-0.20923057  0.00730425 -0.49541666  0.14925342]
2025-12-13 21:17:04,068 - INFO - num_full_subsets = 2
2025-12-13 21:17:04,075 - INFO - phi = [-0.20670058 -0.22257726 -0.1690565   0.40748796]
2025-12-13 21:17:04,091 - INFO - num_full_subsets = 2
2025-12-13 21:17:04,098 - INFO - phi = [-0.19985757 -0.04450003 -0.12010248  0.56242869]
2025-12-13 21:17:04,114 - INFO - num_full_subsets = 2
2025-12-13 21:17:04,121 - INFO - phi = [ 0.37259436  0.03482528  0.48366381 -0.49633294]
2025-12-13 21:17:04,137 - INFO - num_full_subsets = 2
2025-12-13 21:17:04,143 - INFO - phi = [-0.20884505 -0.21448284  0.51629982  0.79483977]
2025-12-13 21:17:04,158 - INFO - num_full_subsets = 2
2025-12-13 21:17:04,163 - INFO - phi = [-0.20496574  0.35536428  0.75291094 -4.75720289]
2025-12-13 21:17:04,178 - INFO - num_full_subsets = 2
2025-12-13 21:17:04,184 - INFO - phi = [-0.2080981  -0.14325195 -0.00587643 -0.21227494]
2025-12-13 21:17:04,199 - INFO - num_full_subsets = 2
2025-12-13 21:17:04,205 - INFO - phi = [-0.20303813  0.02673086  0.42655078  0.6657225 ]
2025-12-13 21:17:04,219 - INFO - num_full_subsets = 2
2025-12-13 21:17:04,225 - INFO - phi = [-0.20489345 -0.22095837  0.59788986 -1.91662292]
2025-12-13 21:17:04,240 - INFO - num_full_subsets = 2
2025-12-13 21:17:04,245 - INFO - phi = [-0.20766439  0.16433598 -0.27512355  0.25254723]
2025-12-13 21:17:04,260 - INFO - num_full_subsets = 2
2025-12-13 21:17:04,266 - INFO - phi = [-0.20337546  0.07044072  0.43470978  0.69154596]
2025-12-13 21:17:04,280 - INFO - num_full_subsets = 2
2025-12-13 21:17:04,286 - INFO - phi = [ 0.10513849  0.32136772 -0.21801053  0.71736941]
2025-12-13 21:17:04,302 - INFO - num_full_subsets = 2
2025-12-13 21:17:04,307 - INFO - phi = [-0.20879686 -0.28247596 -0.56068869 -0.16062803]
2025-12-13 21:17:04,322 - INFO - num_full_subsets = 2
2025-12-13 21:17:04,328 - INFO - phi = [-0.20879686 -0.1076365   0.36943775 -0.41886258]
2025-12-13 21:17:04,342 - INFO - num_full_subsets = 2
2025-12-13 21:17:04,348 - INFO - phi = [-0.20889324 -0.09954209 -0.34855459  0.17507687]
2025-12-13 21:17:04,363 - INFO - num_full_subsets = 2
2025-12-13 21:17:04,383 - INFO - phi = [-0.17532873  0.3229866   0.4591868   0.61407559]
2025-12-13 21:17:04,398 - INFO - num_full_subsets = 2
2025-12-13 21:17:04,404 - INFO - phi = [-0.20968838 -0.22095837 -0.55252969  0.71736941]
2025-12-13 21:17:04,419 - INFO - num_full_subsets = 2
2025-12-13 21:17:04,425 - INFO - phi = [ 0.66414534  0.18214371  0.35311975 -1.06444893]
2025-12-13 21:17:04,439 - INFO - num_full_subsets = 2
2025-12-13 21:17:04,445 - INFO - phi = [-0.20850772 -0.23229056 -0.34039558 -0.52215639]
2025-12-13 21:17:04,460 - INFO - num_full_subsets = 2
2025-12-13 21:17:04,465 - INFO - phi = [ 0.28103289  0.03158751 -0.43014463 -0.26392185]
2025-12-13 21:17:04,480 - INFO - num_full_subsets = 2
2025-12-13 21:17:04,486 - INFO - phi = [ 0.59908851  0.04130081  0.40207377 -0.90950821]
2025-12-13 21:17:04,501 - INFO - num_full_subsets = 2
2025-12-13 21:17:04,506 - INFO - phi = [ 0.75570681  0.41040633  0.13282664 -0.80621439]
2025-12-13 21:17:04,522 - INFO - num_full_subsets = 2
2025-12-13 21:17:04,527 - INFO - phi = [-0.20971247 -0.27438154 -0.47909865  0.45913487]
2025-12-13 21:17:04,542 - INFO - num_full_subsets = 2
2025-12-13 21:17:04,548 - INFO - phi = [-0.20583316  0.09148621  0.38575576  0.6657225 ]
2025-12-13 21:17:04,563 - INFO - num_full_subsets = 2
2025-12-13 21:17:04,568 - INFO - phi = [-0.20855591 -0.27276266 -0.30775957  0.58825214]
2025-12-13 21:17:04,583 - INFO - num_full_subsets = 2
2025-12-13 21:17:04,588 - INFO - phi = [-0.209592   -0.25333605  0.0512366  -0.75456748]
2025-12-13 21:17:04,603 - INFO - num_full_subsets = 2
2025-12-13 21:17:04,609 - INFO - phi = [0.14850972 0.2129025  0.48366381 0.43331141]
2025-12-13 21:17:04,624 - INFO - num_full_subsets = 2
2025-12-13 21:17:04,630 - INFO - phi = [ 0.58463144  0.00730425 -0.31591857 -0.52215639]
2025-12-13 21:17:04,645 - INFO - num_full_subsets = 2
2025-12-13 21:17:04,650 - INFO - phi = [-0.10641668  0.08824844  0.14098564  0.61407559]
2025-12-13 21:17:04,665 - INFO - num_full_subsets = 2
2025-12-13 21:17:04,670 - INFO - phi = [-0.11822329 -0.02507343 -0.29960057  0.53660523]
2025-12-13 21:17:04,685 - INFO - num_full_subsets = 2
2025-12-13 21:17:04,691 - INFO - phi = [-0.20995343 -0.26304936  0.23073469 -2.87209073]
2025-12-13 21:17:04,705 - INFO - num_full_subsets = 2
2025-12-13 21:17:04,711 - INFO - phi = [-0.20626687 -0.01859789 -0.08746646  0.76901632]
2025-12-13 21:17:04,726 - INFO - num_full_subsets = 2
2025-12-13 21:17:04,732 - INFO - phi = [-0.21019438 -0.22095837  0.10834963 -0.98697857]
2025-12-13 21:17:04,747 - INFO - num_full_subsets = 2
2025-12-13 21:17:04,752 - INFO - phi = [-0.2051585  -0.14325195  0.69579791 -2.53638582]
2025-12-13 21:17:04,767 - INFO - num_full_subsets = 2
2025-12-13 21:17:04,773 - INFO - phi = [-0.21017028  0.51563378 -0.45462164 -0.62545021]
2025-12-13 21:17:04,788 - INFO - num_full_subsets = 2
2025-12-13 21:17:04,793 - INFO - phi = [-0.20518259 -0.28247596  0.32048373  0.35584105]
2025-12-13 21:17:04,808 - INFO - num_full_subsets = 2
2025-12-13 21:17:04,813 - INFO - phi = [-0.19185799 -0.16591632 -0.05483045  0.30419414]
2025-12-13 21:17:04,829 - INFO - num_full_subsets = 2
2025-12-13 21:17:04,834 - INFO - phi = [-0.15436598 -0.06878329 -0.07114846  0.76901632]
2025-12-13 21:17:04,849 - INFO - num_full_subsets = 2
2025-12-13 21:17:04,855 - INFO - phi = [-0.06256356  0.36022093  0.39391477  0.71736941]
2025-12-13 21:17:04,869 - INFO - num_full_subsets = 2
2025-12-13 21:17:04,875 - INFO - phi = [ 0.64005022  0.10605617 -0.33223658 -0.78039094]
2025-12-13 21:17:04,890 - INFO - num_full_subsets = 2
2025-12-13 21:17:04,895 - INFO - phi = [ 0.32681362 -0.07040218  0.20625768  0.40748796]
2025-12-13 21:17:04,910 - INFO - num_full_subsets = 2
2025-12-13 21:17:04,917 - INFO - phi = [ 0.29308045  0.28575227 -0.20985152  0.27837069]
2025-12-13 21:17:04,932 - INFO - num_full_subsets = 2
2025-12-13 21:17:04,938 - INFO - phi = [-0.20944743 -0.21610172  0.34496074  0.25254723]
2025-12-13 21:17:04,952 - INFO - num_full_subsets = 2
2025-12-13 21:17:04,958 - INFO - phi = [-0.20891734 -0.1885807   0.23073469 -0.21227494]
2025-12-13 21:17:04,973 - INFO - num_full_subsets = 2
2025-12-13 21:17:04,978 - INFO - phi = [-0.20551992 -0.18210516  0.14914465 -0.34139221]
2025-12-13 21:17:04,993 - INFO - num_full_subsets = 2
2025-12-13 21:17:04,999 - INFO - phi = [0.25211874 0.3537454  0.18178066 0.38166451]
2025-12-13 21:17:05,014 - INFO - num_full_subsets = 2
2025-12-13 21:17:05,019 - INFO - phi = [-0.21012209  0.02834974  0.14098564 -0.34139221]
2025-12-13 21:17:05,035 - INFO - num_full_subsets = 2
2025-12-13 21:17:05,040 - INFO - phi = [-0.17291922  0.11415058 -0.45462164  0.61407559]
2025-12-13 21:17:05,055 - INFO - num_full_subsets = 2
2025-12-13 21:17:05,061 - INFO - phi = [-0.10087481 -0.06554552 -0.02219443  0.45913487]
2025-12-13 21:17:05,076 - INFO - num_full_subsets = 2
2025-12-13 21:17:05,081 - INFO - phi = [ 0.00466183  0.052633   -0.29144156  0.45913487]
2025-12-13 21:17:05,096 - INFO - num_full_subsets = 2
2025-12-13 21:17:05,102 - INFO - phi = [-0.20751982 -0.22419614 -0.54437068  0.25254723]
2025-12-13 21:17:05,117 - INFO - num_full_subsets = 2
2025-12-13 21:17:05,122 - INFO - phi = [-0.21043533  0.13195831  0.15730365  0.76901632]
2025-12-13 21:17:05,138 - INFO - num_full_subsets = 2
2025-12-13 21:17:05,143 - INFO - phi = [-0.16111261  0.10443728 -0.39750861  0.45913487]
2025-12-13 21:17:05,158 - INFO - num_full_subsets = 2
2025-12-13 21:17:05,164 - INFO - phi = [-0.188822    0.05910853  0.13282664  0.48495832]
2025-12-13 21:17:05,179 - INFO - num_full_subsets = 2
2025-12-13 21:17:05,184 - INFO - phi = [0.3412707  0.13357719 0.37759676 0.35584105]
2025-12-13 21:17:05,199 - INFO - num_full_subsets = 2
2025-12-13 21:17:05,205 - INFO - phi = [-0.20747163 -0.21124507  0.09203162  0.40748796]
2025-12-13 21:17:05,219 - INFO - num_full_subsets = 2
2025-12-13 21:17:05,228 - INFO - phi = [0.00080661 0.00568537 0.32048373 0.07178305]
2025-12-13 21:17:05,244 - INFO - num_full_subsets = 2
2025-12-13 21:17:05,250 - INFO - phi = [-0.20930286  0.29384669 -0.5851657   0.92395704]
2025-12-13 21:17:05,264 - INFO - num_full_subsets = 2
2025-12-13 21:17:05,270 - INFO - phi = [-0.20930286 -0.23390945  0.15730365 -0.47050948]
2025-12-13 21:17:05,284 - INFO - num_full_subsets = 2
2025-12-13 21:17:05,290 - INFO - phi = [ 0.09790996 -0.16915409  0.54077684  1.15636813]
2025-12-13 21:17:05,305 - INFO - num_full_subsets = 2
2025-12-13 21:17:05,310 - INFO - phi = [-0.20756801  0.01539867 -0.32407758  0.79483977]
2025-12-13 21:17:05,325 - INFO - num_full_subsets = 2
2025-12-13 21:17:05,331 - INFO - phi = [-0.20804991 -0.01212236 -0.34039558  1.18219159]
2025-12-13 21:17:05,347 - INFO - num_full_subsets = 2
2025-12-13 21:17:05,352 - INFO - phi = [-0.20872457 -0.17077298 -0.04667144  0.0459596 ]
2025-12-13 21:17:05,367 - INFO - num_full_subsets = 2
2025-12-13 21:17:05,373 - INFO - phi = [ 0.51234607  0.33108102  0.40207377 -0.67709712]
2025-12-13 21:17:05,387 - INFO - num_full_subsets = 2
2025-12-13 21:17:05,393 - INFO - phi = [ 0.7532973  -0.04450003 -0.03035344 -0.83203784]
2025-12-13 21:17:05,408 - INFO - num_full_subsets = 2
2025-12-13 21:17:05,413 - INFO - phi = [ 0.43283216 -0.10277985  0.39391477 -0.52215639]
2025-12-13 21:17:05,428 - INFO - num_full_subsets = 2
2025-12-13 21:17:05,434 - INFO - phi = [-0.20445974 -0.12544423  0.38575576 -0.03151076]
2025-12-13 21:17:05,449 - INFO - num_full_subsets = 2
2025-12-13 21:17:05,455 - INFO - phi = [-0.16038976  0.40069303  0.32048373  0.20090033]
2025-12-13 21:17:05,469 - INFO - num_full_subsets = 2
2025-12-13 21:17:05,475 - INFO - phi = [ 0.59185997 -0.08011548  0.06755461 -0.78039094]
2025-12-13 21:17:05,490 - INFO - num_full_subsets = 2
2025-12-13 21:17:05,495 - INFO - phi = [-0.20804991 -0.28085708 -0.25880555  0.0459596 ]
2025-12-13 21:17:05,510 - INFO - num_full_subsets = 2
2025-12-13 21:17:05,516 - INFO - phi = [-0.19258084 -0.13353865 -0.42198562  0.84648668]
2025-12-13 21:17:05,531 - INFO - num_full_subsets = 2
2025-12-13 21:17:05,536 - INFO - phi = [-0.20896553 -0.08335325 -0.49541666  0.84648668]
2025-12-13 21:17:05,552 - INFO - num_full_subsets = 2
2025-12-13 21:17:05,557 - INFO - phi = [ 0.19910947 -0.08497213  0.2470527   0.82066323]
2025-12-13 21:17:05,572 - INFO - num_full_subsets = 2
2025-12-13 21:17:05,578 - INFO - phi = [-0.20274898  1.3266946   0.39391477  0.56242869]
2025-12-13 21:17:05,592 - INFO - num_full_subsets = 2
2025-12-13 21:17:05,598 - INFO - phi = [-0.20742344 -0.13515753 -0.32407758  0.51078178]
2025-12-13 21:17:05,613 - INFO - num_full_subsets = 2
2025-12-13 21:17:05,619 - INFO - phi = [-0.20197794  0.30032223 -0.3648726   0.71736941]
2025-12-13 21:17:05,633 - INFO - num_full_subsets = 2
2025-12-13 21:17:05,639 - INFO - phi = [-0.19515902 -0.0574511  -0.27512355  0.76901632]
2025-12-13 21:17:05,654 - INFO - num_full_subsets = 2
2025-12-13 21:17:05,660 - INFO - phi = [ 0.01405893  0.00568537 -0.30775957  0.92395704]
2025-12-13 21:17:05,675 - INFO - num_full_subsets = 2
2025-12-13 21:17:05,680 - INFO - phi = [-0.20525488 -0.07040218  0.71211592 -2.25232783]
2025-12-13 21:17:05,695 - INFO - num_full_subsets = 2
2025-12-13 21:17:05,701 - INFO - phi = [0.08104337 0.14814715 0.38575576 0.56242869]
2025-12-13 21:17:05,716 - INFO - num_full_subsets = 2
2025-12-13 21:17:05,721 - INFO - phi = [-0.02642088  0.07691626 -0.30775957  0.07178305]
2025-12-13 21:17:05,736 - INFO - num_full_subsets = 2
2025-12-13 21:17:05,742 - INFO - phi = [-0.209592   -0.27923819 -0.11194348 -0.39303912]
2025-12-13 21:17:05,757 - INFO - num_full_subsets = 2
2025-12-13 21:17:05,763 - INFO - phi = [ 0.62077412  0.29546558 -0.03851244 -0.8578613 ]
2025-12-13 21:17:05,777 - INFO - num_full_subsets = 2
2025-12-13 21:17:05,783 - INFO - phi = [-0.20730296 -0.21286396 -0.3730316   0.14925342]
2025-12-13 21:17:05,798 - INFO - num_full_subsets = 2
2025-12-13 21:17:05,803 - INFO - phi = [-0.20694154 -0.27438154 -0.20985152  0.20090033]
2025-12-13 21:17:05,818 - INFO - num_full_subsets = 2
2025-12-13 21:17:05,824 - INFO - phi = [ 0.52439363  0.06072742 -0.07930746  0.14925342]
2025-12-13 21:17:05,838 - INFO - num_full_subsets = 2
2025-12-13 21:17:05,844 - INFO - phi = [-0.19499035 -0.00888459  0.15730365  0.45913487]
2025-12-13 21:17:05,859 - INFO - num_full_subsets = 2
2025-12-13 21:17:05,865 - INFO - phi = [-0.20511031  0.68723547  0.35311975  0.6657225 ]
2025-12-13 21:17:05,880 - INFO - num_full_subsets = 2
2025-12-13 21:17:05,885 - INFO - phi = [-0.20814629 -0.23552833 -0.19353351 -0.47050948]
2025-12-13 21:17:05,900 - INFO - num_full_subsets = 2
2025-12-13 21:17:05,906 - INFO - phi = [ 0.17501435 -0.06554552 -0.3648726   0.51078178]
2025-12-13 21:17:05,920 - INFO - num_full_subsets = 2
2025-12-13 21:17:05,926 - INFO - phi = [-0.20833905 -0.18210516  0.33680174 -0.13480458]
2025-12-13 21:17:05,941 - INFO - num_full_subsets = 2
2025-12-13 21:17:05,946 - INFO - phi = [ 0.05694825  0.13681496 -0.5770067   0.76901632]
2025-12-13 21:17:05,962 - INFO - num_full_subsets = 2
2025-12-13 21:17:05,967 - INFO - phi = [ 0.5581268  -0.03640561  0.20625768 -0.16062803]
2025-12-13 21:17:05,982 - INFO - num_full_subsets = 2
2025-12-13 21:17:05,988 - INFO - phi = [-0.18352108 -0.00240905  0.48366381  0.48495832]
2025-12-13 21:17:06,002 - INFO - num_full_subsets = 2
2025-12-13 21:17:06,008 - INFO - phi = [-0.20853181  0.34565098 -0.32407758  0.6657225 ]
2025-12-13 21:17:06,023 - INFO - num_full_subsets = 2
2025-12-13 21:17:06,028 - INFO - phi = [-0.20843543 -0.14325195 -0.41382662  0.14925342]
2025-12-13 21:17:06,043 - INFO - num_full_subsets = 2
2025-12-13 21:17:06,049 - INFO - phi = [-0.20920648 -0.27923819 -0.28328256  0.0459596 ]
2025-12-13 21:17:06,065 - INFO - num_full_subsets = 2
2025-12-13 21:17:06,070 - INFO - phi = [-0.2031586  -0.08982878  0.38575576 -1.32268347]
2025-12-13 21:17:06,085 - INFO - num_full_subsets = 2
2025-12-13 21:17:06,090 - INFO - phi = [-0.20923057 -0.16591632  0.35311975  0.74319286]
2025-12-13 21:17:06,105 - INFO - num_full_subsets = 2
2025-12-13 21:17:06,111 - INFO - phi = [ 0.75088778  0.38126642  0.48366381 -0.98697857]
2025-12-13 21:17:06,126 - INFO - num_full_subsets = 2
2025-12-13 21:17:06,131 - INFO - phi = [-0.20884505 -0.25981159 -0.59332471 -1.24521311]
2025-12-13 21:17:06,146 - INFO - num_full_subsets = 2
2025-12-13 21:17:06,152 - INFO - phi = [-0.0712378   0.06396519 -0.3730316   0.25254723]
2025-12-13 21:17:06,167 - INFO - num_full_subsets = 2
2025-12-13 21:17:06,173 - INFO - phi = [0.36777533 0.0623463  0.14098564 0.30419414]
2025-12-13 21:17:06,188 - INFO - num_full_subsets = 2
2025-12-13 21:17:06,193 - INFO - phi = [-0.20547173  0.12062612  0.33680174  0.82066323]
2025-12-13 21:17:06,208 - INFO - num_full_subsets = 2
2025-12-13 21:17:06,214 - INFO - phi = [-0.20877276  0.48649387 -0.00587643 -0.16062803]
2025-12-13 21:17:06,229 - INFO - num_full_subsets = 2
2025-12-13 21:17:06,234 - INFO - phi = [-0.20925467 -0.16915409  0.35311975 -0.31556876]
2025-12-13 21:17:06,249 - INFO - num_full_subsets = 2
2025-12-13 21:17:06,255 - INFO - phi = [-0.20443564 -0.18534293  0.68763891 -1.60674147]
2025-12-13 21:17:06,270 - INFO - num_full_subsets = 2
2025-12-13 21:17:06,276 - INFO - phi = [-0.1695459  -0.09468543 -0.34039558  0.22672378]
2025-12-13 21:17:06,291 - INFO - num_full_subsets = 2
2025-12-13 21:17:06,296 - INFO - phi = [-0.20836315 -0.15296525 -0.74018678  1.02725086]
2025-12-13 21:17:06,311 - INFO - num_full_subsets = 2
2025-12-13 21:17:06,317 - INFO - phi = [ 0.497889    0.03968193 -0.29144156 -0.98697857]
2025-12-13 21:17:06,332 - INFO - num_full_subsets = 2
2025-12-13 21:17:06,338 - INFO - phi = [-0.19915881  0.08986733 -0.42198562  0.87231014]
2025-12-13 21:17:06,353 - INFO - num_full_subsets = 2
2025-12-13 21:17:06,358 - INFO - phi = [ 0.5581268   0.02996862 -0.28328256 -0.21227494]
2025-12-13 21:17:06,374 - INFO - num_full_subsets = 2
2025-12-13 21:17:06,379 - INFO - phi = [-0.16328117 -0.04126227 -0.43830363  0.51078178]
2025-12-13 21:17:06,394 - INFO - num_full_subsets = 2
2025-12-13 21:17:06,400 - INFO - phi = [-0.16737734  0.33917544  0.48366381  0.61407559]
2025-12-13 21:17:06,414 - INFO - num_full_subsets = 2
2025-12-13 21:17:06,420 - INFO - phi = [-0.20718249 -0.23714721 -0.12010248  0.20090033]
2025-12-13 21:17:06,434 - INFO - num_full_subsets = 2
2025-12-13 21:17:06,440 - INFO - phi = [-0.21065218 -0.03478673 -0.35671359  0.17507687]
2025-12-13 21:17:06,455 - INFO - num_full_subsets = 2
2025-12-13 21:17:06,460 - INFO - phi = [ 0.66896437 -0.15944079  0.20625768 -0.98697857]
2025-12-13 21:17:06,476 - INFO - num_full_subsets = 2
2025-12-13 21:17:06,481 - INFO - phi = [-0.2091101  -0.00564682 -0.22616953 -0.41886258]
2025-12-13 21:17:06,496 - INFO - num_full_subsets = 2
2025-12-13 21:17:06,502 - INFO - phi = [-0.20927876  0.18214371 -0.19353351 -0.31556876]
2025-12-13 21:17:06,517 - INFO - num_full_subsets = 2
2025-12-13 21:17:06,522 - INFO - phi = [-0.20942333 -0.28085708 -0.65859674 -0.93533166]
2025-12-13 21:17:06,537 - INFO - num_full_subsets = 2
2025-12-13 21:17:06,545 - INFO - phi = [ 0.19188094 -0.09468543 -0.55252969 -0.05733422]
2025-12-13 21:17:06,560 - INFO - num_full_subsets = 2
2025-12-13 21:17:06,566 - INFO - phi = [ 0.61354558  0.16433598 -0.03035344 -0.72874403]
2025-12-13 21:17:06,581 - INFO - num_full_subsets = 2
2025-12-13 21:17:06,587 - INFO - phi = [-0.02304756 -0.07849659  0.42655078  0.56242869]
2025-12-13 21:17:06,602 - INFO - num_full_subsets = 2
2025-12-13 21:17:06,607 - INFO - phi = [-0.02256566 -0.0882099  -0.33223658  0.56242869]
2025-12-13 21:17:06,623 - INFO - num_full_subsets = 2
2025-12-13 21:17:06,629 - INFO - phi = [-0.2076162  -0.27114377  0.09203162 -0.00568731]
2025-12-13 21:17:06,644 - INFO - num_full_subsets = 2
2025-12-13 21:17:06,649 - INFO - phi = [ 0.24970923  0.26632567  0.07571361 -0.67709712]
2025-12-13 21:17:06,664 - INFO - num_full_subsets = 2
2025-12-13 21:17:06,669 - INFO - phi = [0.1846524  0.02025532 0.54077684 0.63989905]
2025-12-13 21:17:06,685 - INFO - num_full_subsets = 2
2025-12-13 21:17:06,691 - INFO - phi = [ 0.73161169  0.13195831 -0.45462164 -1.1419193 ]
2025-12-13 21:17:06,706 - INFO - num_full_subsets = 2
2025-12-13 21:17:06,711 - INFO - phi = [ 0.25452826 -0.07849659 -0.04667144  0.27837069]
2025-12-13 21:17:06,726 - INFO - num_full_subsets = 2
2025-12-13 21:17:06,731 - INFO - phi = [ 0.64486924  0.07691626  0.53261783 -0.67709712]
2025-12-13 21:17:06,746 - INFO - num_full_subsets = 2
2025-12-13 21:17:06,752 - INFO - phi = [ 0.76052583 -0.08011548  0.53261783 -1.03862548]
2025-12-13 21:17:06,767 - INFO - num_full_subsets = 2
2025-12-13 21:17:06,772 - INFO - phi = [-0.03509512  0.20157031  0.36127875  0.40748796]
2025-12-13 21:17:06,788 - INFO - num_full_subsets = 2
2025-12-13 21:17:06,793 - INFO - phi = [ 0.52198412  0.09796175 -0.34039558 -0.26392185]
2025-12-13 21:17:06,808 - INFO - num_full_subsets = 2
2025-12-13 21:17:06,814 - INFO - phi = [ 0.15573825 -0.03316785 -0.00587643  0.76901632]
2025-12-13 21:17:06,828 - INFO - num_full_subsets = 2
2025-12-13 21:17:06,834 - INFO - phi = [-0.20730296 -0.08173436 -0.55252969  0.45913487]
2025-12-13 21:17:06,849 - INFO - num_full_subsets = 2
2025-12-13 21:17:06,854 - INFO - phi = [-0.20735115 -0.22095837  0.33680174  0.56242869]
2025-12-13 21:17:06,869 - INFO - num_full_subsets = 2
2025-12-13 21:17:06,874 - INFO - phi = [ 0.55330778  0.09634286 -0.47093965 -0.26392185]
2025-12-13 21:17:06,890 - INFO - num_full_subsets = 2
2025-12-13 21:17:06,895 - INFO - phi = [ 0.40873704 -0.06716441 -0.31591857 -0.36721567]
2025-12-13 21:17:06,910 - INFO - num_full_subsets = 2
2025-12-13 21:17:06,916 - INFO - phi = [-0.10448907  0.21775915 -0.20985152  0.51078178]
2025-12-13 21:17:06,930 - INFO - num_full_subsets = 2
2025-12-13 21:17:06,936 - INFO - phi = [-0.20886915 -0.30190257 -0.63411972 -0.5738033 ]
2025-12-13 21:17:06,951 - INFO - num_full_subsets = 2
2025-12-13 21:17:06,956 - INFO - phi = [ 0.19910947 -0.08497213  0.2470527   0.82066323]
2025-12-13 21:17:06,971 - INFO - num_full_subsets = 2
2025-12-13 21:17:06,976 - INFO - phi = [-0.20554402 -0.22257726  0.63868488 -0.67709712]
2025-12-13 21:17:06,992 - INFO - num_full_subsets = 2
2025-12-13 21:17:06,998 - INFO - phi = [-0.17918395  0.10767505  0.4673458   0.6657225 ]
2025-12-13 21:17:07,012 - INFO - num_full_subsets = 2
2025-12-13 21:17:07,018 - INFO - phi = [ 0.04249118 -0.0979232  -0.30775957  0.82066323]
2025-12-13 21:17:07,033 - INFO - num_full_subsets = 2
2025-12-13 21:17:07,039 - INFO - phi = [ 0.64727876  0.06720295 -0.56884769 -0.49633294]
2025-12-13 21:17:07,053 - INFO - num_full_subsets = 2
2025-12-13 21:17:07,059 - INFO - phi = [-0.20855591 -0.23714721 -0.42198562 -0.47050948]
2025-12-13 21:17:07,074 - INFO - num_full_subsets = 2
2025-12-13 21:17:07,080 - INFO - phi = [-0.21021847 -0.26952489 -0.38934961  0.48495832]
2025-12-13 21:17:07,095 - INFO - num_full_subsets = 2
2025-12-13 21:17:07,102 - INFO - phi = [-0.20737525 -0.23067168  0.59788986 -0.44468603]
2025-12-13 21:17:07,116 - INFO - num_full_subsets = 2
2025-12-13 21:17:07,122 - INFO - phi = [-0.20703792 -0.19991288  0.44286879  0.07178305]
2025-12-13 21:17:07,137 - INFO - num_full_subsets = 2
2025-12-13 21:17:07,143 - INFO - phi = [-0.20886915  0.99482341 -0.05483045  0.71736941]
2025-12-13 21:17:07,158 - INFO - num_full_subsets = 2
2025-12-13 21:17:07,164 - INFO - phi = [-0.20730296 -0.08173436 -0.55252969  0.45913487]
2025-12-13 21:17:07,178 - INFO - num_full_subsets = 2
2025-12-13 21:17:07,184 - INFO - phi = [-0.19997805  0.02834974  0.10834963  0.30419414]
2025-12-13 21:17:07,200 - INFO - num_full_subsets = 2
2025-12-13 21:17:07,206 - INFO - phi = [ 0.10272898  0.07691626 -0.06298945  0.61407559]
2025-12-13 21:17:07,221 - INFO - num_full_subsets = 2
2025-12-13 21:17:07,227 - INFO - phi = [-0.19537588  0.0720596  -0.35671359 -0.13480458]
2025-12-13 21:17:07,241 - INFO - num_full_subsets = 2
2025-12-13 21:17:07,247 - INFO - phi = [ 0.71956412 -0.12382534  0.40207377 -0.80621439]
2025-12-13 21:17:07,757 - INFO - Computing feature importance...
2025-12-13 21:17:08,212 - INFO - Experiment completed for ElasticNet
2025-12-13 21:17:08,212 - INFO - Total time: 16.69s (0.28 min)
2025-12-13 21:17:08,212 - INFO - Starting comprehensive experiment for ElasticNet
2025-12-13 21:17:16,201 - INFO - Performing feature analysis...
2025-12-13 21:17:17,367 - INFO - Model justification: Linear model with L1 and L2 regularization for handling multicollinearity
2025-12-13 21:17:17,368 - INFO - Performing robust cross-validation...
2025-12-13 21:17:17,400 - INFO - CV Results - MSE: 2.9327 ± 0.3440
2025-12-13 21:17:17,401 - INFO - Starting hyperparameter optimization...
2025-12-13 21:17:17,974 - INFO - Best parameters for ElasticNet: {'alpha': 0.006435145211396652, 'l1_ratio': 0.11551926031976958}
2025-12-13 21:17:17,974 - INFO - ⏱️ HPO took 0.57 seconds
2025-12-13 21:17:17,974 - INFO - Training final model...
2025-12-13 21:17:17,976 - INFO - ⏱️ Training took 0.00 seconds
2025-12-13 21:17:17,976 - INFO - Performing residual analysis...
2025-12-13 21:17:18,983 - INFO - Generating XAI explanations...
2025-12-13 21:17:18,983 - WARNING - Using 168 background data samples could cause slower run times. Consider using shap.sample(data, K) or shap.kmeans(data, K) to summarize the background as K samples.
2025-12-13 21:17:18,998 - INFO - num_full_subsets = 2
2025-12-13 21:17:19,003 - INFO - phi = [-0.10627342  0.04106018  0.50960233  0.4975766 ]
2025-12-13 21:17:19,018 - INFO - num_full_subsets = 2
2025-12-13 21:17:19,024 - INFO - phi = [-0.09953126  0.90557535 -0.01416149  0.71943912]
2025-12-13 21:17:19,038 - INFO - num_full_subsets = 2
2025-12-13 21:17:19,044 - INFO - phi = [-0.09808379 -0.01072067  0.19889498  0.4729252 ]
2025-12-13 21:17:19,059 - INFO - num_full_subsets = 2
2025-12-13 21:17:19,065 - INFO - phi = [-0.10454026 -0.12328775  0.44746086 -1.2280208 ]
2025-12-13 21:17:19,080 - INFO - num_full_subsets = 2
2025-12-13 21:17:19,085 - INFO - phi = [-0.10880649 -0.37318667 -0.1828312  -0.19266236]
2025-12-13 21:17:19,101 - INFO - num_full_subsets = 2
2025-12-13 21:17:19,107 - INFO - phi = [-0.10772088 -0.32815984 -0.10293502  0.22641129]
2025-12-13 21:17:19,123 - INFO - num_full_subsets = 2
2025-12-13 21:17:19,129 - INFO - phi = [-0.10604487 -0.28763569  0.76704556 -0.80894715]
2025-12-13 21:17:19,144 - INFO - num_full_subsets = 2
2025-12-13 21:17:19,150 - INFO - phi = [-0.08939898 -0.12553909  0.01247057  0.71943912]
2025-12-13 21:17:19,164 - INFO - num_full_subsets = 2
2025-12-13 21:17:19,170 - INFO - phi = [-0.10726379 -0.19307934  0.75816821 -0.16801097]
2025-12-13 21:17:19,185 - INFO - num_full_subsets = 2
2025-12-13 21:17:19,190 - INFO - phi = [ 0.29341836 -0.07375824  0.34980998  0.2017599 ]
2025-12-13 21:17:19,206 - INFO - num_full_subsets = 2
2025-12-13 21:17:19,211 - INFO - phi = [-0.10840653 -0.38894606 -0.25385002  0.07850294]
2025-12-13 21:17:19,227 - INFO - num_full_subsets = 2
2025-12-13 21:17:19,233 - INFO - phi = [ 0.60767139  0.03205482  0.22552704 -0.43917628]
2025-12-13 21:17:19,249 - INFO - num_full_subsets = 2
2025-12-13 21:17:19,255 - INFO - phi = [-0.10711142 -0.34166789  0.65163998 -0.71034158]
2025-12-13 21:17:19,272 - INFO - num_full_subsets = 2
2025-12-13 21:17:19,278 - INFO - phi = [-0.1072257  -0.01072067  0.74929086 -4.0629308 ]
2025-12-13 21:17:19,294 - INFO - num_full_subsets = 2
2025-12-13 21:17:19,300 - INFO - phi = [0.15438519 0.20765946 0.05685733 0.74409051]
2025-12-13 21:17:19,316 - INFO - num_full_subsets = 2
2025-12-13 21:17:19,322 - INFO - phi = [-0.10916835 -0.38894606 -0.10293502  0.25106268]
2025-12-13 21:17:19,337 - INFO - num_full_subsets = 2
2025-12-13 21:17:19,342 - INFO - phi = [-0.11046346 -0.04674214 -0.36037825  0.2017599 ]
2025-12-13 21:17:19,357 - INFO - num_full_subsets = 2
2025-12-13 21:17:19,362 - INFO - phi = [-0.10865412 -0.39570008 -0.5024159  -0.21731375]
2025-12-13 21:17:19,377 - INFO - num_full_subsets = 2
2025-12-13 21:17:19,383 - INFO - phi = [-0.10829225 -0.36868398  0.03022527 -0.19266236]
2025-12-13 21:17:19,397 - INFO - num_full_subsets = 2
2025-12-13 21:17:19,403 - INFO - phi = [ 0.13724412  0.10860043 -0.04079355  0.62083355]
2025-12-13 21:17:19,418 - INFO - num_full_subsets = 2
2025-12-13 21:17:19,424 - INFO - phi = [-0.0779716  -0.13004178 -0.34262355  0.25106268]
2025-12-13 21:17:19,439 - INFO - num_full_subsets = 2
2025-12-13 21:17:19,444 - INFO - phi = [ 0.25723164 -0.10752836 -0.02303884  0.30036546]
2025-12-13 21:17:19,459 - INFO - num_full_subsets = 2
2025-12-13 21:17:19,465 - INFO - phi = [-0.10840653 -0.28763569 -0.3515009   0.52222799]
2025-12-13 21:17:19,479 - INFO - num_full_subsets = 2
2025-12-13 21:17:19,485 - INFO - phi = [-0.01454962  0.36525337  0.2699138   0.42362242]
2025-12-13 21:17:19,500 - INFO - num_full_subsets = 2
2025-12-13 21:17:19,505 - INFO - phi = [-0.10749234  3.6702228   0.03910263  0.52222799]
2025-12-13 21:17:19,521 - INFO - num_full_subsets = 2
2025-12-13 21:17:19,526 - INFO - phi = [-0.10813989 -0.40020277 -0.36925561 -0.11870819]
2025-12-13 21:17:19,541 - INFO - num_full_subsets = 2
2025-12-13 21:17:19,547 - INFO - phi = [-0.09823616  0.05231689  0.29654586  0.59618216]
2025-12-13 21:17:19,561 - INFO - num_full_subsets = 2
2025-12-13 21:17:19,567 - INFO - phi = [-0.10821607  0.45305569 -0.3337462   0.7687419 ]
2025-12-13 21:17:19,582 - INFO - num_full_subsets = 2
2025-12-13 21:17:19,587 - INFO - phi = [ 0.60767139  0.03205482  0.22552704 -0.43917628]
2025-12-13 21:17:19,602 - INFO - num_full_subsets = 2
2025-12-13 21:17:19,608 - INFO - phi = [-0.10080732 -0.15930922 -0.55568002  0.34966825]
2025-12-13 21:17:19,623 - INFO - num_full_subsets = 2
2025-12-13 21:17:19,629 - INFO - phi = [ 0.68956764  0.17163799 -0.02303884 -1.12941523]
2025-12-13 21:17:19,643 - INFO - num_full_subsets = 2
2025-12-13 21:17:19,649 - INFO - phi = [ 0.45340172 -0.19307934 -0.41364237 -0.56243323]
2025-12-13 21:17:19,663 - INFO - num_full_subsets = 2
2025-12-13 21:17:19,669 - INFO - phi = [-0.10966354 -0.34842191  0.37644204 -0.46382767]
2025-12-13 21:17:19,684 - INFO - num_full_subsets = 2
2025-12-13 21:17:19,689 - INFO - phi = [-0.110273   -0.3371652  -0.38701031 -0.0940568 ]
2025-12-13 21:17:19,704 - INFO - num_full_subsets = 2
2025-12-13 21:17:19,710 - INFO - phi = [ 0.59624401 -0.11653373  0.65163998 -0.63638741]
2025-12-13 21:17:19,725 - INFO - num_full_subsets = 2
2025-12-13 21:17:19,731 - INFO - phi = [-0.10825416 -0.40470545 -0.59118943  0.07850294]
2025-12-13 21:17:19,745 - INFO - num_full_subsets = 2
2025-12-13 21:17:19,751 - INFO - phi = [-0.10880649 -0.31915447  0.28766851 -1.2280208 ]
2025-12-13 21:17:19,766 - INFO - num_full_subsets = 2
2025-12-13 21:17:19,771 - INFO - phi = [-0.10878744  0.48232313 -0.32486884  0.67013633]
2025-12-13 21:17:19,786 - INFO - num_full_subsets = 2
2025-12-13 21:17:19,792 - INFO - phi = [-0.1085208  -0.098523    0.34093262  0.34966825]
2025-12-13 21:17:19,806 - INFO - num_full_subsets = 2
2025-12-13 21:17:19,812 - INFO - phi = [-0.10880649 -0.32815984 -0.43139708 -0.41452488]
2025-12-13 21:17:19,827 - INFO - num_full_subsets = 2
2025-12-13 21:17:19,833 - INFO - phi = [-0.09374139  0.05006555 -0.20946326 -0.04475401]
2025-12-13 21:17:19,847 - INFO - num_full_subsets = 2
2025-12-13 21:17:19,853 - INFO - phi = [ 0.06563252 -0.21109007 -0.38701031  0.67013633]
2025-12-13 21:17:19,868 - INFO - num_full_subsets = 2
2025-12-13 21:17:19,873 - INFO - phi = [-0.0993789   0.13336519 -0.39588767  0.12780573]
2025-12-13 21:17:19,888 - INFO - num_full_subsets = 2
2025-12-13 21:17:19,894 - INFO - phi = [-0.10962545 -0.3371652  -0.20946326 -0.24196514]
2025-12-13 21:17:19,908 - INFO - num_full_subsets = 2
2025-12-13 21:17:19,914 - INFO - phi = [-0.10781611 -0.30789776  0.03022527  0.44827381]
2025-12-13 21:17:19,929 - INFO - num_full_subsets = 2
2025-12-13 21:17:19,935 - INFO - phi = [0.18104909 0.00503872 0.49184762 0.59618216]
2025-12-13 21:17:19,949 - INFO - num_full_subsets = 2
2025-12-13 21:17:19,955 - INFO - phi = [-0.10970163 -0.3101491   0.28766851  0.52222799]
2025-12-13 21:17:19,970 - INFO - num_full_subsets = 2
2025-12-13 21:17:19,975 - INFO - phi = [-0.1067686  -0.28763569  0.74929086 -0.71034158]
2025-12-13 21:17:19,990 - INFO - num_full_subsets = 2
2025-12-13 21:17:19,996 - INFO - phi = [-0.09225583  0.01854677  0.03910263  0.69478773]
2025-12-13 21:17:20,010 - INFO - num_full_subsets = 2
2025-12-13 21:17:20,016 - INFO - phi = [-0.10855889 -0.20883873  0.30542321  0.94130164]
2025-12-13 21:17:20,032 - INFO - num_full_subsets = 2
2025-12-13 21:17:20,037 - INFO - phi = [ 0.49339756  0.13561653 -0.4846612  -0.21731375]
2025-12-13 21:17:20,052 - INFO - num_full_subsets = 2
2025-12-13 21:17:20,058 - INFO - phi = [-0.10749234 -0.11203104 -0.45802914  0.52222799]
2025-12-13 21:17:20,072 - INFO - num_full_subsets = 2
2025-12-13 21:17:20,078 - INFO - phi = [ 0.08963002 -0.13454446 -0.30711414  0.81804468]
2025-12-13 21:17:20,093 - INFO - num_full_subsets = 2
2025-12-13 21:17:20,098 - INFO - phi = [-0.10834939 -0.23135215  0.43858351 -0.58708462]
2025-12-13 21:17:20,113 - INFO - num_full_subsets = 2
2025-12-13 21:17:20,119 - INFO - phi = [-0.10857794 -0.35967862 -0.28048208  0.69478773]
2025-12-13 21:17:20,134 - INFO - num_full_subsets = 2
2025-12-13 21:17:20,140 - INFO - phi = [-0.10823512 -0.37318667  0.02134792 -0.51313045]
2025-12-13 21:17:20,155 - INFO - num_full_subsets = 2
2025-12-13 21:17:20,160 - INFO - phi = [-0.10882553 -0.25611691 -0.32486884 -0.06940541]
2025-12-13 21:17:20,175 - INFO - num_full_subsets = 2
2025-12-13 21:17:20,180 - INFO - phi = [-0.10972068 -0.37994069 -0.49353855  0.4729252 ]
2025-12-13 21:17:20,195 - INFO - num_full_subsets = 2
2025-12-13 21:17:20,201 - INFO - phi = [-0.10821607 -0.27863032 -0.47578384 -0.02010262]
2025-12-13 21:17:20,215 - INFO - num_full_subsets = 2
2025-12-13 21:17:20,221 - INFO - phi = [ 0.37912373 -0.09176897 -0.31599149 -0.31591932]
2025-12-13 21:17:20,236 - INFO - num_full_subsets = 2
2025-12-13 21:17:20,242 - INFO - phi = [-0.10905408 -0.4182135  -0.66220825 -0.51313045]
2025-12-13 21:17:20,256 - INFO - num_full_subsets = 2
2025-12-13 21:17:20,262 - INFO - phi = [-0.11004445  0.04106018  0.18114027 -0.29126793]
2025-12-13 21:17:20,277 - INFO - num_full_subsets = 2
2025-12-13 21:17:20,282 - INFO - phi = [-0.10916835 -0.35967862 -0.22721796 -0.06940541]
2025-12-13 21:17:20,297 - INFO - num_full_subsets = 2
2025-12-13 21:17:20,303 - INFO - phi = [ 0.38102829 -0.01072067  0.47409292  0.39897103]
2025-12-13 21:17:20,317 - INFO - num_full_subsets = 2
2025-12-13 21:17:20,323 - INFO - phi = [-0.10899694 -0.14805251  0.42970615 -0.3652221 ]
2025-12-13 21:17:20,338 - INFO - num_full_subsets = 2
2025-12-13 21:17:20,344 - INFO - phi = [-0.10554968 -0.25611691  0.77592292 -1.4991861 ]
2025-12-13 21:17:20,359 - INFO - num_full_subsets = 2
2025-12-13 21:17:20,364 - INFO - phi = [-0.09263674 -0.098523    0.03910263  0.62083355]
2025-12-13 21:17:20,379 - INFO - num_full_subsets = 2
2025-12-13 21:17:20,384 - INFO - phi = [-0.10890171  0.66693314  0.23440439  0.37431964]
2025-12-13 21:17:20,399 - INFO - num_full_subsets = 2
2025-12-13 21:17:20,405 - INFO - phi = [ 0.46863823  0.13786787 -0.34262355 -0.21731375]
2025-12-13 21:17:20,419 - INFO - num_full_subsets = 2
2025-12-13 21:17:20,425 - INFO - phi = [-0.10657815 -0.31465179  0.28766851 -0.85824993]
2025-12-13 21:17:20,440 - INFO - num_full_subsets = 2
2025-12-13 21:17:20,446 - INFO - phi = [-0.10619723 -0.09627165  0.80255498 -2.11547089]
2025-12-13 21:17:20,461 - INFO - num_full_subsets = 2
2025-12-13 21:17:20,466 - INFO - phi = [-0.1091874   5.6739168   0.14563086 -0.68569019]
2025-12-13 21:17:20,481 - INFO - num_full_subsets = 2
2025-12-13 21:17:20,487 - INFO - phi = [-0.10865412 -0.10527702  0.14563086  0.96595303]
2025-12-13 21:17:20,501 - INFO - num_full_subsets = 2
2025-12-13 21:17:20,507 - INFO - phi = [-0.07130562  0.14687324 -0.40476502  0.4729252 ]
2025-12-13 21:17:20,522 - INFO - num_full_subsets = 2
2025-12-13 21:17:20,527 - INFO - phi = [-0.04426082  0.22567019  0.58949851  0.81804468]
2025-12-13 21:17:20,543 - INFO - num_full_subsets = 2
2025-12-13 21:17:20,548 - INFO - phi = [-0.10848271 -0.32590849 -0.1828312  -0.41452488]
2025-12-13 21:17:20,563 - INFO - num_full_subsets = 2
2025-12-13 21:17:20,568 - INFO - phi = [-0.04483219 -0.11653373  0.66051733  0.4729252 ]
2025-12-13 21:17:20,583 - INFO - num_full_subsets = 2
2025-12-13 21:17:20,589 - INFO - phi = [-0.10612105 -0.19758202  0.78480027 -2.38663619]
2025-12-13 21:17:20,603 - INFO - num_full_subsets = 2
2025-12-13 21:17:20,609 - INFO - phi = [-0.09722674  0.15137592 -0.43139708  0.4729252 ]
2025-12-13 21:17:20,623 - INFO - num_full_subsets = 2
2025-12-13 21:17:20,629 - INFO - phi = [ 0.38293286  0.20090543 -0.0319162   0.17710851]
2025-12-13 21:17:20,644 - INFO - num_full_subsets = 2
2025-12-13 21:17:20,650 - INFO - phi = [-0.10625437 -0.32365715  0.34980998 -0.11870819]
2025-12-13 21:17:20,665 - INFO - num_full_subsets = 2
2025-12-13 21:17:20,670 - INFO - phi = [-0.10903503 -0.01297202 -0.36037825  0.42362242]
2025-12-13 21:17:20,685 - INFO - num_full_subsets = 2
2025-12-13 21:17:20,691 - INFO - phi = [-0.10813989  0.23242422  0.20777233  0.27571407]
2025-12-13 21:17:20,705 - INFO - num_full_subsets = 2
2025-12-13 21:17:20,711 - INFO - phi = [-0.09981694 -0.18857666 -0.56455737 -0.31591932]
2025-12-13 21:17:20,726 - INFO - num_full_subsets = 2
2025-12-13 21:17:20,731 - INFO - phi = [-0.07301973 -0.05574751 -0.44915178  0.52222799]
2025-12-13 21:17:20,747 - INFO - num_full_subsets = 2
2025-12-13 21:17:20,752 - INFO - phi = [ 0.65719005 -0.1097797   0.60725321 -0.95685549]
2025-12-13 21:17:20,767 - INFO - num_full_subsets = 2
2025-12-13 21:17:20,773 - INFO - phi = [-0.09981694 -0.18857666 -0.56455737 -0.31591932]
2025-12-13 21:17:20,787 - INFO - num_full_subsets = 2
2025-12-13 21:17:20,793 - INFO - phi = [-0.1033023   0.10409775  0.54511174  0.7687419 ]
2025-12-13 21:17:20,808 - INFO - num_full_subsets = 2
2025-12-13 21:17:20,814 - INFO - phi = [-0.10802562  0.02304945 -0.32486884  0.79339329]
2025-12-13 21:17:20,828 - INFO - num_full_subsets = 2
2025-12-13 21:17:20,834 - INFO - phi = [-0.01950149  0.60839826  0.35868733 -0.02010262]
2025-12-13 21:17:20,849 - INFO - num_full_subsets = 2
2025-12-13 21:17:20,855 - INFO - phi = [ 0.49720669 -0.04899348  0.2521591  -0.11870819]
2025-12-13 21:17:20,870 - INFO - num_full_subsets = 2
2025-12-13 21:17:20,875 - INFO - phi = [-0.10996827  0.59038753 -0.49353855  0.22641129]
2025-12-13 21:17:20,890 - INFO - num_full_subsets = 2
2025-12-13 21:17:20,896 - INFO - phi = [-0.10692097  0.00729006  0.43858351  0.15245712]
2025-12-13 21:17:20,910 - INFO - num_full_subsets = 2
2025-12-13 21:17:20,916 - INFO - phi = [ 0.01420929 -0.22009544  0.03910263  1.01525581]
2025-12-13 21:17:20,931 - INFO - num_full_subsets = 2
2025-12-13 21:17:20,937 - INFO - phi = [-0.0168351   0.06807628  0.52735704  0.32501686]
2025-12-13 21:17:20,952 - INFO - num_full_subsets = 2
2025-12-13 21:17:20,958 - INFO - phi = [-0.06863923  0.11310311  0.13675351  0.4975766 ]
2025-12-13 21:17:20,972 - INFO - num_full_subsets = 2
2025-12-13 21:17:20,978 - INFO - phi = [-0.10937786 -0.24711154 -0.79536855  0.91665025]
2025-12-13 21:17:20,993 - INFO - num_full_subsets = 2
2025-12-13 21:17:20,998 - INFO - phi = [ 0.06639434  0.02304945 -0.44027443  0.37431964]
2025-12-13 21:17:21,013 - INFO - num_full_subsets = 2
2025-12-13 21:17:21,019 - INFO - phi = [ 0.51815689  0.01179274 -0.31599149 -0.46382767]
2025-12-13 21:17:21,033 - INFO - num_full_subsets = 2
2025-12-13 21:17:21,039 - INFO - phi = [-0.10874935 -0.34617057  0.58949851 -1.10476384]
2025-12-13 21:17:21,054 - INFO - num_full_subsets = 2
2025-12-13 21:17:21,060 - INFO - phi = [-0.08558985  0.15137592  0.53623439  0.67013633]
2025-12-13 21:17:21,075 - INFO - num_full_subsets = 2
2025-12-13 21:17:21,080 - INFO - phi = [-0.10821607 -0.35967862 -0.38701031  0.4729252 ]
2025-12-13 21:17:21,095 - INFO - num_full_subsets = 2
2025-12-13 21:17:21,101 - INFO - phi = [-0.10932072 -0.38669472 -0.39588767 -1.69639723]
2025-12-13 21:17:21,115 - INFO - num_full_subsets = 2
2025-12-13 21:17:21,121 - INFO - phi = [-0.10798752 -0.27863032  0.52735704 -0.90755271]
2025-12-13 21:17:21,136 - INFO - num_full_subsets = 2
2025-12-13 21:17:21,141 - INFO - phi = [ 0.0294458   0.09284104 -0.31599149  0.4975766 ]
2025-12-13 21:17:21,157 - INFO - num_full_subsets = 2
2025-12-13 21:17:21,162 - INFO - phi = [-0.10735902 -0.32815984  0.29654586 -0.34057071]
2025-12-13 21:17:21,177 - INFO - num_full_subsets = 2
2025-12-13 21:17:21,183 - INFO - phi = [-0.1078923  -0.33491386  0.47409292 -0.46382767]
2025-12-13 21:17:21,197 - INFO - num_full_subsets = 2
2025-12-13 21:17:21,203 - INFO - phi = [-0.1087303  -0.23360349 -0.08518031 -0.75964436]
2025-12-13 21:17:21,218 - INFO - num_full_subsets = 2
2025-12-13 21:17:21,223 - INFO - phi = [-0.10880649 -0.38219203 -0.28048208 -1.00615828]
2025-12-13 21:17:21,238 - INFO - num_full_subsets = 2
2025-12-13 21:17:21,243 - INFO - phi = [-0.10760661  2.36444469  0.23440439  0.54687938]
2025-12-13 21:17:21,259 - INFO - num_full_subsets = 2
2025-12-13 21:17:21,264 - INFO - phi = [ 0.15819432  0.21441348 -0.41364237  0.4729252 ]
2025-12-13 21:17:21,279 - INFO - num_full_subsets = 2
2025-12-13 21:17:21,285 - INFO - phi = [-0.1087303  -0.22009544 -0.51129325  0.05385155]
2025-12-13 21:17:21,300 - INFO - num_full_subsets = 2
2025-12-13 21:17:21,305 - INFO - phi = [-0.03740439 -0.03323409 -0.29823678  0.54687938]
2025-12-13 21:17:21,320 - INFO - num_full_subsets = 2
2025-12-13 21:17:21,326 - INFO - phi = [-0.07301973 -0.05574751 -0.44915178  0.52222799]
2025-12-13 21:17:21,340 - INFO - num_full_subsets = 2
2025-12-13 21:17:21,346 - INFO - phi = [-0.10903503 -0.35967862 -0.61782149 -1.15406662]
2025-12-13 21:17:21,361 - INFO - num_full_subsets = 2
2025-12-13 21:17:21,367 - INFO - phi = [ 0.0382068  -0.12103641 -0.3337462   0.57153077]
2025-12-13 21:17:21,381 - INFO - num_full_subsets = 2
2025-12-13 21:17:21,387 - INFO - phi = [ 0.05972837  0.07483031 -0.28935943  0.4729252 ]
2025-12-13 21:17:21,403 - INFO - num_full_subsets = 2
2025-12-13 21:17:21,409 - INFO - phi = [-0.10642578 -0.30789776  0.7226588  -0.61173601]
2025-12-13 21:17:21,425 - INFO - num_full_subsets = 2
2025-12-13 21:17:21,431 - INFO - phi = [-0.11000636 -0.39795142  0.02134792 -1.69639723]
2025-12-13 21:17:21,447 - INFO - num_full_subsets = 2
2025-12-13 21:17:21,453 - INFO - phi = [-0.10859698  0.21216214 -0.55568002  0.27571407]
2025-12-13 21:17:21,468 - INFO - num_full_subsets = 2
2025-12-13 21:17:21,474 - INFO - phi = [-0.1045974   0.23017287 -0.28048208  0.37431964]
2025-12-13 21:17:21,488 - INFO - num_full_subsets = 2
2025-12-13 21:17:21,494 - INFO - phi = [-0.10893981 -0.29664105 -0.46690649  0.15245712]
2025-12-13 21:17:21,509 - INFO - num_full_subsets = 2
2025-12-13 21:17:21,514 - INFO - phi = [-0.10640674 -0.29438971  0.66939468 -0.71034158]
2025-12-13 21:17:21,529 - INFO - num_full_subsets = 2
2025-12-13 21:17:21,535 - INFO - phi = [-0.09320811  0.08383567  0.17226292  0.4975766 ]
2025-12-13 21:17:21,549 - INFO - num_full_subsets = 2
2025-12-13 21:17:21,555 - INFO - phi = [-0.09772192  0.20315678 -0.42251972  0.42362242]
2025-12-13 21:17:21,570 - INFO - num_full_subsets = 2
2025-12-13 21:17:21,576 - INFO - phi = [ 0.1277213  -0.17731995 -0.46690649  0.69478773]
2025-12-13 21:17:21,591 - INFO - num_full_subsets = 2
2025-12-13 21:17:21,596 - INFO - phi = [-0.10899694 -0.41145947 -0.73322708 -0.46382767]
2025-12-13 21:17:21,611 - INFO - num_full_subsets = 2
2025-12-13 21:17:21,617 - INFO - phi = [-0.07225791  0.55436606 -0.3337462   0.4729252 ]
2025-12-13 21:17:21,631 - INFO - num_full_subsets = 2
2025-12-13 21:17:21,637 - INFO - phi = [-0.1076447  -0.41371082 -0.0319162  -0.48847906]
2025-12-13 21:17:21,651 - INFO - num_full_subsets = 2
2025-12-13 21:17:21,657 - INFO - phi = [-0.10749234 -0.2718763  -0.24497267 -0.48847906]
2025-12-13 21:17:21,672 - INFO - num_full_subsets = 2
2025-12-13 21:17:21,678 - INFO - phi = [-0.09935985  0.05681957  0.66051733  0.17710851]
2025-12-13 21:17:21,693 - INFO - num_full_subsets = 2
2025-12-13 21:17:21,699 - INFO - phi = [-0.09187491  0.55211472  0.26103645  0.30036546]
2025-12-13 21:17:21,713 - INFO - num_full_subsets = 2
2025-12-13 21:17:21,719 - INFO - phi = [ 0.03782589 -0.11203104  0.35868733  0.7687419 ]
2025-12-13 21:17:21,733 - INFO - num_full_subsets = 2
2025-12-13 21:17:21,739 - INFO - phi = [ 0.56577099  0.17614068 -0.52017061 -0.56243323]
2025-12-13 21:17:21,754 - INFO - num_full_subsets = 2
2025-12-13 21:17:21,759 - INFO - phi = [-0.1093969  -0.2718763  -0.52904796  0.67013633]
2025-12-13 21:17:21,775 - INFO - num_full_subsets = 2
2025-12-13 21:17:21,780 - INFO - phi = [ 0.55815273  0.06582494  0.65163998 -0.68569019]
2025-12-13 21:17:21,795 - INFO - num_full_subsets = 2
2025-12-13 21:17:21,801 - INFO - phi = [-0.10158819  0.10409775 -0.36037825  0.37431964]
2025-12-13 21:17:21,816 - INFO - num_full_subsets = 2
2025-12-13 21:17:21,821 - INFO - phi = [-0.11008254  0.2099108  -0.3337462   0.4729252 ]
2025-12-13 21:17:21,836 - INFO - num_full_subsets = 2
2025-12-13 21:17:21,841 - INFO - phi = [-0.10661624 -0.06475287  0.02134792  0.79339329]
2025-12-13 21:17:21,856 - INFO - num_full_subsets = 2
2025-12-13 21:17:21,862 - INFO - phi = [-0.10446408  0.3832641  -0.08518031  0.91665025]
2025-12-13 21:17:21,877 - INFO - num_full_subsets = 2
2025-12-13 21:17:21,883 - INFO - phi = [-0.1087303  -0.34166789  0.2521591   0.12780573]
2025-12-13 21:17:21,897 - INFO - num_full_subsets = 2
2025-12-13 21:17:21,903 - INFO - phi = [-0.0949984  -0.05349616 -0.63557619  0.52222799]
2025-12-13 21:17:21,918 - INFO - num_full_subsets = 2
2025-12-13 21:17:21,923 - INFO - phi = [-0.0840662  -0.11878507 -0.3337462   0.27571407]
2025-12-13 21:17:21,938 - INFO - num_full_subsets = 2
2025-12-13 21:17:21,944 - INFO - phi = [ 0.19438103 -0.08951763 -0.36925561  0.52222799]
2025-12-13 21:17:21,958 - INFO - num_full_subsets = 2
2025-12-13 21:17:21,964 - INFO - phi = [ 0.56767555  0.09509238 -0.59118943 -0.43917628]
2025-12-13 21:17:21,979 - INFO - num_full_subsets = 2
2025-12-13 21:17:21,985 - INFO - phi = [ 0.21533124 -0.10077434 -0.32486884  0.27571407]
2025-12-13 21:17:21,999 - INFO - num_full_subsets = 2
2025-12-13 21:17:22,005 - INFO - phi = [-0.10202624  0.04106018  0.14563086  0.32501686]
2025-12-13 21:17:22,019 - INFO - num_full_subsets = 2
2025-12-13 21:17:22,025 - INFO - phi = [-0.10899694 -0.34617057 -0.00528414 -1.15406662]
2025-12-13 21:17:22,040 - INFO - num_full_subsets = 2
2025-12-13 21:17:22,045 - INFO - phi = [ 0.65147636 -0.06025019 -0.00528414 -0.75964436]
2025-12-13 21:17:22,060 - INFO - num_full_subsets = 2
2025-12-13 21:17:22,066 - INFO - phi = [-0.10945404 -0.23585483  0.36756468 -0.83359854]
2025-12-13 21:17:22,081 - INFO - num_full_subsets = 2
2025-12-13 21:17:22,087 - INFO - phi = [ 0.24389969 -0.22459812  0.68714939  0.74409051]
2025-12-13 21:17:22,101 - INFO - num_full_subsets = 2
2025-12-13 21:17:22,107 - INFO - phi = [-0.10791134 -0.18632532 -0.32486884  0.52222799]
2025-12-13 21:17:22,121 - INFO - num_full_subsets = 2
2025-12-13 21:17:22,127 - INFO - phi = [-0.10737806 -0.29213837  0.62500792 -0.31591932]
2025-12-13 21:17:22,142 - INFO - num_full_subsets = 2
2025-12-13 21:17:22,147 - INFO - phi = [0.20199929 0.02980347 0.61613056 0.64548494]
2025-12-13 21:17:22,162 - INFO - num_full_subsets = 2
2025-12-13 21:17:22,168 - INFO - phi = [-0.10600678 -0.098523    0.69602674  0.07850294]
2025-12-13 21:17:22,183 - INFO - num_full_subsets = 2
2025-12-13 21:17:22,189 - INFO - phi = [-0.10876839 -0.33266252  0.38531939 -0.53778184]
2025-12-13 21:17:22,203 - INFO - num_full_subsets = 2
2025-12-13 21:17:22,209 - INFO - phi = [-0.10680669  0.04556287  0.20777233  0.52222799]
2025-12-13 21:17:22,224 - INFO - num_full_subsets = 2
2025-12-13 21:17:22,229 - INFO - phi = [0.10486653 0.02530079 0.60725321 1.13851277]
2025-12-13 21:17:22,244 - INFO - num_full_subsets = 2
2025-12-13 21:17:22,250 - INFO - phi = [ 0.21342667 -0.11653373  0.29654586  0.81804468]
2025-12-13 21:17:22,264 - INFO - num_full_subsets = 2
2025-12-13 21:17:22,270 - INFO - phi = [ 0.25342251  0.37200739  0.11012145 -0.61173601]
2025-12-13 21:17:22,285 - INFO - num_full_subsets = 2
2025-12-13 21:17:22,291 - INFO - phi = [-0.10880649 -0.37768935 -0.30711414  0.59618216]
2025-12-13 21:17:22,308 - INFO - num_full_subsets = 2
2025-12-13 21:17:22,314 - INFO - phi = [-0.02654837  0.30446715 -0.2005859   0.52222799]
2025-12-13 21:17:22,330 - INFO - num_full_subsets = 2
2025-12-13 21:17:22,336 - INFO - phi = [-0.10779707  1.86914954  0.1189988   0.7687419 ]
2025-12-13 21:17:22,350 - INFO - num_full_subsets = 2
2025-12-13 21:17:22,356 - INFO - phi = [-0.07225791  0.55436606 -0.3337462   0.4729252 ]
2025-12-13 21:17:22,371 - INFO - num_full_subsets = 2
2025-12-13 21:17:22,376 - INFO - phi = [-0.10991113 -0.26512227 -0.04079355 -0.21731375]
2025-12-13 21:17:22,392 - INFO - num_full_subsets = 2
2025-12-13 21:17:22,397 - INFO - phi = [-0.10808275 -0.36192996  0.2699138  -1.30197497]
2025-12-13 21:17:22,412 - INFO - num_full_subsets = 2
2025-12-13 21:17:22,418 - INFO - phi = [-0.10901599 -0.37768935 -0.34262355 -0.14335958]
2025-12-13 21:17:22,432 - INFO - num_full_subsets = 2
2025-12-13 21:17:22,438 - INFO - phi = [ 0.56577099 -0.10752836 -0.00528414 -1.20336941]
2025-12-13 21:17:22,938 - INFO - Computing feature importance...
2025-12-13 21:17:23,349 - INFO - Experiment completed for ElasticNet
2025-12-13 21:17:23,349 - INFO - Total time: 14.78s (0.25 min)
2025-12-13 21:17:23,349 - INFO - Starting comprehensive experiment for ElasticNet
2025-12-13 21:17:37,520 - INFO - Performing feature analysis...
2025-12-13 21:17:38,686 - INFO - Model justification: Linear model with L1 and L2 regularization for handling multicollinearity
2025-12-13 21:17:38,686 - INFO - Performing robust cross-validation...
2025-12-13 21:17:38,719 - INFO - CV Results - MSE: 2.8742 ± 0.2818
2025-12-13 21:17:38,719 - INFO - Starting hyperparameter optimization...
2025-12-13 21:17:39,295 - INFO - Best parameters for ElasticNet: {'alpha': 0.013504776921362777, 'l1_ratio': 0.10283369219128065}
2025-12-13 21:17:39,295 - INFO - ⏱️ HPO took 0.58 seconds
2025-12-13 21:17:39,295 - INFO - Training final model...
2025-12-13 21:17:39,297 - INFO - ⏱️ Training took 0.00 seconds
2025-12-13 21:17:39,297 - INFO - Performing residual analysis...
2025-12-13 21:17:40,306 - INFO - Generating XAI explanations...
2025-12-13 21:17:40,307 - WARNING - Using 168 background data samples could cause slower run times. Consider using shap.sample(data, K) or shap.kmeans(data, K) to summarize the background as K samples.
2025-12-13 21:17:40,321 - INFO - num_full_subsets = 2
2025-12-13 21:17:40,327 - INFO - phi = [-0.09098514  0.07451129  0.04659006  0.40240829]
2025-12-13 21:17:40,342 - INFO - num_full_subsets = 2
2025-12-13 21:17:40,347 - INFO - phi = [-0.11831112 -0.34527643  0.37770249 -0.19749595]
2025-12-13 21:17:40,362 - INFO - num_full_subsets = 2
2025-12-13 21:17:40,368 - INFO - phi = [-0.11978329 -0.28036081  0.19375114 -0.93583963]
2025-12-13 21:17:40,382 - INFO - num_full_subsets = 2
2025-12-13 21:17:40,388 - INFO - phi = [-0.04540824 -0.06613924 -0.29371994  0.42548153]
2025-12-13 21:17:40,403 - INFO - num_full_subsets = 2
2025-12-13 21:17:40,408 - INFO - phi = [ 0.0342505  -0.14187413  0.38690006  0.63314069]
2025-12-13 21:17:40,423 - INFO - num_full_subsets = 2
2025-12-13 21:17:40,429 - INFO - phi = [-0.11855312 -0.15485726 -0.23853453 -0.35900863]
2025-12-13 21:17:40,444 - INFO - num_full_subsets = 2
2025-12-13 21:17:40,449 - INFO - phi = [ 0.71024062  0.13293536  0.16615844 -1.02813259]
2025-12-13 21:17:40,464 - INFO - num_full_subsets = 2
2025-12-13 21:17:40,470 - INFO - phi = [-0.12034796 -0.37557039 -0.13736129 -0.03598327]
2025-12-13 21:17:40,484 - INFO - num_full_subsets = 2
2025-12-13 21:17:40,490 - INFO - phi = [ 0.41177243 -0.08994163 -0.45007858 -0.52052131]
2025-12-13 21:17:40,505 - INFO - num_full_subsets = 2
2025-12-13 21:17:40,510 - INFO - phi = [-0.12038829 -0.30199935 -0.47767129 -0.10520299]
2025-12-13 21:17:40,525 - INFO - num_full_subsets = 2
2025-12-13 21:17:40,531 - INFO - phi = [-0.11768595  0.40125328  0.46967816  0.14860265]
2025-12-13 21:17:40,546 - INFO - num_full_subsets = 2
2025-12-13 21:17:40,551 - INFO - phi = [-0.11942029 -0.37340654  0.02819492  0.21782237]
2025-12-13 21:17:40,566 - INFO - num_full_subsets = 2
2025-12-13 21:17:40,572 - INFO - phi = [-0.12091263 -0.2241006  -0.42248588  0.07938293]
2025-12-13 21:17:40,586 - INFO - num_full_subsets = 2
2025-12-13 21:17:40,592 - INFO - phi = [-0.12155797 -0.40586435 -0.2753248  -0.01291003]
2025-12-13 21:17:40,607 - INFO - num_full_subsets = 2
2025-12-13 21:17:40,612 - INFO - phi = [-0.12133613 -0.3798981   0.20294871  0.12552941]
2025-12-13 21:17:40,628 - INFO - num_full_subsets = 2
2025-12-13 21:17:40,633 - INFO - phi = [-0.07545673  0.01175952 -0.33051021  0.40240829]
2025-12-13 21:17:40,648 - INFO - num_full_subsets = 2
2025-12-13 21:17:40,654 - INFO - phi = [-0.1225058   0.03988962 -0.33970777  0.28704209]
2025-12-13 21:17:40,668 - INFO - num_full_subsets = 2
2025-12-13 21:17:40,674 - INFO - phi = [-0.11942029  0.13726306 -0.29371994  0.54084773]
2025-12-13 21:17:40,689 - INFO - num_full_subsets = 2
2025-12-13 21:17:40,694 - INFO - phi = [ 0.20808805 -0.00555132  0.65362951  0.51777449]
2025-12-13 21:17:40,709 - INFO - num_full_subsets = 2
2025-12-13 21:17:40,715 - INFO - phi = [ 0.30488855  0.13942692  0.02819492 -0.03598327]
2025-12-13 21:17:40,730 - INFO - num_full_subsets = 2
2025-12-13 21:17:40,736 - INFO - phi = [ 0.55495649  0.02257879  0.49727087 -0.86661991]
2025-12-13 21:17:40,750 - INFO - num_full_subsets = 2
2025-12-13 21:17:40,756 - INFO - phi = [-0.11816995 -0.2241006   0.82838329 -2.32023403]
2025-12-13 21:17:40,771 - INFO - num_full_subsets = 2
2025-12-13 21:17:40,776 - INFO - phi = [ 0.64570696 -0.00338746  0.01899736 -0.77432695]
2025-12-13 21:17:40,791 - INFO - num_full_subsets = 2
2025-12-13 21:17:40,797 - INFO - phi = [-0.11814978 -0.44048602  0.24893654 -0.12827623]
2025-12-13 21:17:40,812 - INFO - num_full_subsets = 2
2025-12-13 21:17:40,817 - INFO - phi = [ 0.49042283  0.09831369 -0.33970777 -0.28978891]
2025-12-13 21:17:40,832 - INFO - num_full_subsets = 2
2025-12-13 21:17:40,838 - INFO - phi = [-0.10695722  0.71933986  0.15696087 -0.28978891]
2025-12-13 21:17:40,853 - INFO - num_full_subsets = 2
2025-12-13 21:17:40,859 - INFO - phi = [-0.1208118  -0.21544518  0.0925779   0.51777449]
2025-12-13 21:17:40,873 - INFO - num_full_subsets = 2
2025-12-13 21:17:40,879 - INFO - phi = [0.001177   0.44885808 0.4880733  0.58699421]
2025-12-13 21:17:40,893 - INFO - num_full_subsets = 2
2025-12-13 21:17:40,899 - INFO - phi = [ 0.17985457 -0.13538257  0.50646843  0.54084773]
2025-12-13 21:17:40,914 - INFO - num_full_subsets = 2
2025-12-13 21:17:40,919 - INFO - phi = [ 0.26657168 -0.13754643 -0.00859535  0.19474913]
2025-12-13 21:17:40,935 - INFO - num_full_subsets = 2
2025-12-13 21:17:40,940 - INFO - phi = [ 0.0217471  -0.03368142 -0.33051021  0.33318857]
2025-12-13 21:17:40,955 - INFO - num_full_subsets = 2
2025-12-13 21:17:40,961 - INFO - phi = [-0.10980074 -0.10941632 -0.26612724  0.63314069]
2025-12-13 21:17:40,975 - INFO - num_full_subsets = 2
2025-12-13 21:17:40,981 - INFO - phi = [-0.11556843  0.44885808 -0.60643723  0.56392097]
2025-12-13 21:17:40,996 - INFO - num_full_subsets = 2
2025-12-13 21:17:41,002 - INFO - phi = [-0.10820756  0.03988962 -0.35810291  0.07938293]
2025-12-13 21:17:41,017 - INFO - num_full_subsets = 2
2025-12-13 21:17:41,022 - INFO - phi = [0.06369398 0.15890161 0.33171465 0.21782237]
2025-12-13 21:17:41,038 - INFO - num_full_subsets = 2
2025-12-13 21:17:41,043 - INFO - phi = [-0.05327328 -0.14620184  0.69961735  0.35626181]
2025-12-13 21:17:41,058 - INFO - num_full_subsets = 2
2025-12-13 21:17:41,064 - INFO - phi = [-0.11766578  0.23680036  0.58004897  0.21782237]
2025-12-13 21:17:41,079 - INFO - num_full_subsets = 2
2025-12-13 21:17:41,084 - INFO - phi = [ 0.0342505  -0.13754643  0.52486357  0.44855477]
2025-12-13 21:17:41,099 - INFO - num_full_subsets = 2
2025-12-13 21:17:41,105 - INFO - phi = [-0.11962196 -0.14187413 -0.45927615  0.40240829]
2025-12-13 21:17:41,120 - INFO - num_full_subsets = 2
2025-12-13 21:17:41,125 - INFO - phi = [-0.12002529 -0.31931018  0.76400032 -0.56666779]
2025-12-13 21:17:41,141 - INFO - num_full_subsets = 2
2025-12-13 21:17:41,146 - INFO - phi = [ 0.67394043  0.11995223  0.58004897 -1.05120583]
2025-12-13 21:17:41,161 - INFO - num_full_subsets = 2
2025-12-13 21:17:41,166 - INFO - phi = [ 0.59327335  0.07018358  0.64443194 -0.65896075]
2025-12-13 21:17:41,181 - INFO - num_full_subsets = 2
2025-12-13 21:17:41,187 - INFO - phi = [ 0.23833821 -0.11158017 -0.22933697  0.40240829]
2025-12-13 21:17:41,201 - INFO - num_full_subsets = 2
2025-12-13 21:17:41,207 - INFO - phi = [-0.1209933   0.42938339 -0.32131264  0.54084773]
2025-12-13 21:17:41,222 - INFO - num_full_subsets = 2
2025-12-13 21:17:41,227 - INFO - phi = [-0.12131596 -0.28468852  0.30412195 -0.24364243]
2025-12-13 21:17:41,243 - INFO - num_full_subsets = 2
2025-12-13 21:17:41,248 - INFO - phi = [-0.11671794  0.04854504 -0.40409075  0.07938293]
2025-12-13 21:17:41,263 - INFO - num_full_subsets = 2
2025-12-13 21:17:41,269 - INFO - phi = [-0.11641544  0.3341738  -0.07297832  0.77158013]
2025-12-13 21:17:41,283 - INFO - num_full_subsets = 2
2025-12-13 21:17:41,289 - INFO - phi = [-0.12258647  0.14375463  0.22134384  0.63314069]
2025-12-13 21:17:41,304 - INFO - num_full_subsets = 2
2025-12-13 21:17:41,309 - INFO - phi = [-0.1225663  -0.35825956 -0.38569561 -0.17442271]
2025-12-13 21:17:41,324 - INFO - num_full_subsets = 2
2025-12-13 21:17:41,329 - INFO - phi = [ 0.59327335  0.13509921 -0.52365912 -0.61281427]
2025-12-13 21:17:41,345 - INFO - num_full_subsets = 2
2025-12-13 21:17:41,350 - INFO - phi = [ 0.01529373 -0.09426934 -0.21094183  0.12552941]
2025-12-13 21:17:41,365 - INFO - num_full_subsets = 2
2025-12-13 21:17:41,371 - INFO - phi = [-0.11933962 -0.33662102  0.70881492 -1.62803683]
2025-12-13 21:17:41,385 - INFO - num_full_subsets = 2
2025-12-13 21:17:41,391 - INFO - phi = [-0.12085213 -0.13538257  0.16615844  0.81772661]
2025-12-13 21:17:41,407 - INFO - num_full_subsets = 2
2025-12-13 21:17:41,413 - INFO - phi = [-0.11627427  0.54623152  0.50646843  0.40240829]
2025-12-13 21:17:41,428 - INFO - num_full_subsets = 2
2025-12-13 21:17:41,433 - INFO - phi = [-0.1215378  -0.3798981  -0.45927615 -0.08212975]
2025-12-13 21:17:41,449 - INFO - num_full_subsets = 2
2025-12-13 21:17:41,454 - INFO - phi = [ 0.18388793 -0.03584528  0.23054141  0.58699421]
2025-12-13 21:17:41,469 - INFO - num_full_subsets = 2
2025-12-13 21:17:41,475 - INFO - phi = [0.22623815 0.36663161 0.65362951 0.31011533]
2025-12-13 21:17:41,489 - INFO - num_full_subsets = 2
2025-12-13 21:17:41,495 - INFO - phi = [-0.12002529 -0.34094873  0.71801248 -0.45130159]
2025-12-13 21:17:41,509 - INFO - num_full_subsets = 2
2025-12-13 21:17:41,515 - INFO - phi = [-0.12198147 -0.39937279 -0.49606642  0.35626181]
2025-12-13 21:17:41,530 - INFO - num_full_subsets = 2
2025-12-13 21:17:41,536 - INFO - phi = [-0.12194113 -0.19813435  0.22134384 -0.88969315]
2025-12-13 21:17:41,551 - INFO - num_full_subsets = 2
2025-12-13 21:17:41,557 - INFO - phi = [ 0.03142715  0.07018358 -0.3029175   0.01016321]
2025-12-13 21:17:41,571 - INFO - num_full_subsets = 2
2025-12-13 21:17:41,577 - INFO - phi = [0.27060504 0.06801973 0.21214627 0.35626181]
2025-12-13 21:17:41,592 - INFO - num_full_subsets = 2
2025-12-13 21:17:41,597 - INFO - phi = [ 0.68200714  0.47698818  0.58924654 -0.93583963]
2025-12-13 21:17:41,612 - INFO - num_full_subsets = 2
2025-12-13 21:17:41,618 - INFO - phi = [-0.12182013 -0.37124269 -0.85477155 -0.24364243]
2025-12-13 21:17:41,633 - INFO - num_full_subsets = 2
2025-12-13 21:17:41,638 - INFO - phi = [0.04393055 0.01175952 0.65362951 0.63314069]
2025-12-13 21:17:41,653 - INFO - num_full_subsets = 2
2025-12-13 21:17:41,659 - INFO - phi = [ 0.59730671  0.12211608  0.57085141 -0.52052131]
2025-12-13 21:17:41,674 - INFO - num_full_subsets = 2
2025-12-13 21:17:41,679 - INFO - phi = [-0.09401016  0.20867025  0.175356    0.17167589]
2025-12-13 21:17:41,694 - INFO - num_full_subsets = 2
2025-12-13 21:17:41,700 - INFO - phi = [ 0.10120417  0.3861063  -0.02699048 -0.19749595]
2025-12-13 21:17:41,715 - INFO - num_full_subsets = 2
2025-12-13 21:17:41,720 - INFO - phi = [-0.02362813  0.03123421  0.56165384  0.21782237]
2025-12-13 21:17:41,735 - INFO - num_full_subsets = 2
2025-12-13 21:17:41,740 - INFO - phi = [-0.12216297 -0.37124269  0.1477633  -1.76647627]
2025-12-13 21:17:41,756 - INFO - num_full_subsets = 2
2025-12-13 21:17:41,761 - INFO - phi = [-0.12163863  0.36014005 -0.6156348   0.77158013]
2025-12-13 21:17:41,776 - INFO - num_full_subsets = 2
2025-12-13 21:17:41,782 - INFO - phi = [-0.12077146 -0.3798981  -0.2753248   0.56392097]
2025-12-13 21:17:41,796 - INFO - num_full_subsets = 2
2025-12-13 21:17:41,802 - INFO - phi = [ 0.00279034 -0.25655841  0.23973898 -0.52052131]
2025-12-13 21:17:41,817 - INFO - num_full_subsets = 2
2025-12-13 21:17:41,822 - INFO - phi = [ 0.52873969  0.0550366  -0.6432275  -0.75125371]
2025-12-13 21:17:41,837 - INFO - num_full_subsets = 2
2025-12-13 21:17:41,843 - INFO - phi = [ 0.22825482  0.1026414  -0.45007858  0.42548153]
2025-12-13 21:17:41,858 - INFO - num_full_subsets = 2
2025-12-13 21:17:41,864 - INFO - phi = [-0.12085213 -0.38422581 -0.47767129 -0.26671567]
2025-12-13 21:17:41,878 - INFO - num_full_subsets = 2
2025-12-13 21:17:41,884 - INFO - phi = [-0.11889595  0.00959566  0.23054141  0.40240829]
2025-12-13 21:17:41,899 - INFO - num_full_subsets = 2
2025-12-13 21:17:41,904 - INFO - phi = [-0.12026729  0.18703171 -0.26612724  0.17167589]
2025-12-13 21:17:41,919 - INFO - num_full_subsets = 2
2025-12-13 21:17:41,924 - INFO - phi = [-0.12083196 -0.15485726  0.45128303 -0.75125371]
2025-12-13 21:17:41,939 - INFO - num_full_subsets = 2
2025-12-13 21:17:41,945 - INFO - phi = [-0.10639255 -0.08561392 -0.6432275   0.40240829]
2025-12-13 21:17:41,960 - INFO - num_full_subsets = 2
2025-12-13 21:17:41,965 - INFO - phi = [-0.12063029 -0.40586435 -0.62483237 -0.05905651]
2025-12-13 21:17:41,980 - INFO - num_full_subsets = 2
2025-12-13 21:17:41,986 - INFO - phi = [-0.12101346 -0.39720894 -0.3029175   0.47162801]
2025-12-13 21:17:42,000 - INFO - num_full_subsets = 2
2025-12-13 21:17:42,006 - INFO - phi = [-0.12248564 -0.25006685 -0.08217589  0.56392097]
2025-12-13 21:17:42,021 - INFO - num_full_subsets = 2
2025-12-13 21:17:42,026 - INFO - phi = [ 0.05744228  0.03772577 -0.28452237  0.35626181]
2025-12-13 21:17:42,041 - INFO - num_full_subsets = 2
2025-12-13 21:17:42,047 - INFO - phi = [ 0.13548768 -0.25872226  0.65362951  0.9792393 ]
2025-12-13 21:17:42,062 - INFO - num_full_subsets = 2
2025-12-13 21:17:42,067 - INFO - phi = [-0.11804895 -0.12889101  0.73640762 -0.01291003]
2025-12-13 21:17:42,082 - INFO - num_full_subsets = 2
2025-12-13 21:17:42,088 - INFO - phi = [-0.12224364  0.89028434 -0.49606642  0.77158013]
2025-12-13 21:17:42,102 - INFO - num_full_subsets = 2
2025-12-13 21:17:42,108 - INFO - phi = [-0.08231343  0.49862672 -0.33051021  0.35626181]
2025-12-13 21:17:42,123 - INFO - num_full_subsets = 2
2025-12-13 21:17:42,128 - INFO - phi = [-0.11631461  0.42072797  0.53406114  0.54084773]
2025-12-13 21:17:42,143 - INFO - num_full_subsets = 2
2025-12-13 21:17:42,149 - INFO - phi = [-0.12246547 -0.25655841 -0.41328831 -0.15134947]
2025-12-13 21:17:42,164 - INFO - num_full_subsets = 2
2025-12-13 21:17:42,169 - INFO - phi = [-0.11998496 -0.2241006  -0.48686885  0.31011533]
2025-12-13 21:17:42,184 - INFO - num_full_subsets = 2
2025-12-13 21:17:42,190 - INFO - phi = [-0.11889595 -0.33445716  0.55245627  0.40240829]
2025-12-13 21:17:42,204 - INFO - num_full_subsets = 2
2025-12-13 21:17:42,210 - INFO - phi = [-0.12056979  0.03556191  0.35010979  0.42548153]
2025-12-13 21:17:42,225 - INFO - num_full_subsets = 2
2025-12-13 21:17:42,230 - INFO - phi = [-0.1222033   0.65009652 -0.43168345  0.05630969]
2025-12-13 21:17:42,245 - INFO - num_full_subsets = 2
2025-12-13 21:17:42,250 - INFO - phi = [ 0.52067298  0.00743181 -0.2753248  -0.24364243]
2025-12-13 21:17:42,266 - INFO - num_full_subsets = 2
2025-12-13 21:17:42,271 - INFO - phi = [-0.11966229 -0.39937279 -0.1925467   0.12552941]
2025-12-13 21:17:42,286 - INFO - num_full_subsets = 2
2025-12-13 21:17:42,292 - INFO - phi = [-0.11986396 -0.38855352  0.66282708 -1.67418331]
2025-12-13 21:17:42,307 - INFO - num_full_subsets = 2
2025-12-13 21:17:42,312 - INFO - phi = [-0.08453178 -0.01204288 -0.35810291 -0.12827623]
2025-12-13 21:17:42,327 - INFO - num_full_subsets = 2
2025-12-13 21:17:42,332 - INFO - phi = [-0.12095296 -0.36691498  0.62603681 -1.12042555]
2025-12-13 21:17:42,347 - INFO - num_full_subsets = 2
2025-12-13 21:17:42,353 - INFO - phi = [-0.11873462  0.08965827  0.47887573  0.54084773]
2025-12-13 21:17:42,368 - INFO - num_full_subsets = 2
2025-12-13 21:17:42,373 - INFO - phi = [-0.12139663 -0.3798981  -0.2201394  -0.15134947]
2025-12-13 21:17:42,388 - INFO - num_full_subsets = 2
2025-12-13 21:17:42,394 - INFO - phi = [-0.10982091  0.01608723  0.32251708  0.47162801]
2025-12-13 21:17:42,408 - INFO - num_full_subsets = 2
2025-12-13 21:17:42,414 - INFO - phi = [ 0.38555563  0.00526795 -0.3029175  -0.31286215]
2025-12-13 21:17:42,429 - INFO - num_full_subsets = 2
2025-12-13 21:17:42,434 - INFO - phi = [0.01952876 0.04638119 0.31331952 0.88694633]
2025-12-13 21:17:42,449 - INFO - num_full_subsets = 2
2025-12-13 21:17:42,454 - INFO - phi = [-0.12143696  0.13293536 -0.51446156  0.26396885]
2025-12-13 21:17:42,470 - INFO - num_full_subsets = 2
2025-12-13 21:17:42,475 - INFO - phi = [-0.12192097 -0.37773425 -0.07297832 -0.84354667]
2025-12-13 21:17:42,490 - INFO - num_full_subsets = 2
2025-12-13 21:17:42,495 - INFO - phi = [-0.1223243   0.00526795  0.20294871 -0.35900863]
2025-12-13 21:17:42,510 - INFO - num_full_subsets = 2
2025-12-13 21:17:42,516 - INFO - phi = [-0.06718835 -0.05531996  0.36850492  0.54084773]
2025-12-13 21:17:42,530 - INFO - num_full_subsets = 2
2025-12-13 21:17:42,536 - INFO - phi = [-0.12133613  5.41923129  0.27652925 -0.26671567]
2025-12-13 21:17:42,550 - INFO - num_full_subsets = 2
2025-12-13 21:17:42,556 - INFO - phi = [-0.11373326  0.20434255 -0.2753248   0.49470125]
2025-12-13 21:17:42,571 - INFO - num_full_subsets = 2
2025-12-13 21:17:42,577 - INFO - phi = [ 0.61142345  0.12860765 -0.55125183 -0.61281427]
2025-12-13 21:17:42,591 - INFO - num_full_subsets = 2
2025-12-13 21:17:42,597 - INFO - phi = [-0.11855312  0.05720046 -0.29371994  0.49470125]
2025-12-13 21:17:42,611 - INFO - num_full_subsets = 2
2025-12-13 21:17:42,617 - INFO - phi = [-0.1214773  -0.04017298 -0.21094183 -0.42822835]
2025-12-13 21:17:42,632 - INFO - num_full_subsets = 2
2025-12-13 21:17:42,637 - INFO - phi = [-0.11530627  0.14159077 -0.09137345  0.17167589]
2025-12-13 21:17:42,652 - INFO - num_full_subsets = 2
2025-12-13 21:17:42,657 - INFO - phi = [-0.12230414 -0.36907883 -0.38569561  0.31011533]
2025-12-13 21:17:42,673 - INFO - num_full_subsets = 2
2025-12-13 21:17:42,678 - INFO - phi = [-0.04722325  0.04854504  0.34091222  0.86387309]
2025-12-13 21:17:42,693 - INFO - num_full_subsets = 2
2025-12-13 21:17:42,699 - INFO - phi = [-0.1219613  -0.35825956  0.25813411  0.63314069]
2025-12-13 21:17:42,713 - INFO - num_full_subsets = 2
2025-12-13 21:17:42,719 - INFO - phi = [-0.12026729  0.40558099 -0.34890534  0.40240829]
2025-12-13 21:17:42,734 - INFO - num_full_subsets = 2
2025-12-13 21:17:42,739 - INFO - phi = [-0.11986396 -0.34960414 -0.09137345  0.12552941]
2025-12-13 21:17:42,754 - INFO - num_full_subsets = 2
2025-12-13 21:17:42,759 - INFO - phi = [-0.12101346 -0.39720894 -0.3029175   0.47162801]
2025-12-13 21:17:42,775 - INFO - num_full_subsets = 2
2025-12-13 21:17:42,780 - INFO - phi = [-0.11978329 -0.4318306  -0.01779291 -0.54359455]
2025-12-13 21:17:42,795 - INFO - num_full_subsets = 2
2025-12-13 21:17:42,801 - INFO - phi = [-0.11599194 -0.1483657   0.50646843  0.44855477]
2025-12-13 21:17:42,815 - INFO - num_full_subsets = 2
2025-12-13 21:17:42,821 - INFO - phi = [-0.12173947  0.47915204 -0.33051021  0.61006745]
2025-12-13 21:17:42,836 - INFO - num_full_subsets = 2
2025-12-13 21:17:42,841 - INFO - phi = [-0.12058996 -0.40802821 -0.2477321  -0.01291003]
2025-12-13 21:17:42,856 - INFO - num_full_subsets = 2
2025-12-13 21:17:42,861 - INFO - phi = [-0.10982091 -0.14187413  0.63523438  0.56392097]
2025-12-13 21:17:42,877 - INFO - num_full_subsets = 2
2025-12-13 21:17:42,882 - INFO - phi = [-0.11825062 -0.2522307   0.23054141  0.79465337]
2025-12-13 21:17:42,897 - INFO - num_full_subsets = 2
2025-12-13 21:17:42,902 - INFO - phi = [-0.1220823  -0.28901622  0.19375114 -0.33593539]
2025-12-13 21:17:42,917 - INFO - num_full_subsets = 2
2025-12-13 21:17:42,923 - INFO - phi = [ 0.05139225 -0.07912236 -0.36730048  0.67928717]
2025-12-13 21:17:42,938 - INFO - num_full_subsets = 2
2025-12-13 21:17:42,943 - INFO - phi = [-0.11921862 -0.36258727  0.69041978 -0.75125371]
2025-12-13 21:17:42,958 - INFO - num_full_subsets = 2
2025-12-13 21:17:42,963 - INFO - phi = [-0.12103363 -0.025026   -0.17415156 -0.01291003]
2025-12-13 21:17:42,979 - INFO - num_full_subsets = 2
2025-12-13 21:17:42,984 - INFO - phi = [ 0.32707199 -0.12672715  0.27652925  0.31011533]
2025-12-13 21:17:42,999 - INFO - num_full_subsets = 2
2025-12-13 21:17:43,004 - INFO - phi = [-0.1218403  -0.41019206  0.33171465 -2.43560023]
2025-12-13 21:17:43,019 - INFO - num_full_subsets = 2
2025-12-13 21:17:43,025 - INFO - phi = [-0.12010596  0.54190381 -0.51446156  0.21782237]
2025-12-13 21:17:43,039 - INFO - num_full_subsets = 2
2025-12-13 21:17:43,045 - INFO - phi = [-0.11835145 -0.29550779  0.79159302 -1.25886499]
2025-12-13 21:17:43,060 - INFO - num_full_subsets = 2
2025-12-13 21:17:43,065 - INFO - phi = [ 0.44403926  0.06369202  0.72721005 -0.28978891]
2025-12-13 21:17:43,081 - INFO - num_full_subsets = 2
2025-12-13 21:17:43,086 - INFO - phi = [-0.10875207  0.11129681 -0.43168345  0.35626181]
2025-12-13 21:17:43,101 - INFO - num_full_subsets = 2
2025-12-13 21:17:43,107 - INFO - phi = [-0.12212264 -0.28036081 -0.35810291 -0.38208187]
2025-12-13 21:17:43,121 - INFO - num_full_subsets = 2
2025-12-13 21:17:43,127 - INFO - phi = [-0.11724228 -0.16784039  0.4880733  -0.19749595]
2025-12-13 21:17:43,141 - INFO - num_full_subsets = 2
2025-12-13 21:17:43,147 - INFO - phi = [-0.11978329 -0.08128622 -0.20174426  0.95616606]
2025-12-13 21:17:43,162 - INFO - num_full_subsets = 2
2025-12-13 21:17:43,168 - INFO - phi = [ 0.13952104  0.07018358 -0.02699048  0.49470125]
2025-12-13 21:17:43,183 - INFO - num_full_subsets = 2
2025-12-13 21:17:43,189 - INFO - phi = [-0.12058996 -0.0488284  -0.33970777  1.00231254]
2025-12-13 21:17:43,203 - INFO - num_full_subsets = 2
2025-12-13 21:17:43,209 - INFO - phi = [-0.11550793  0.36879547 -0.36730048  0.58699421]
2025-12-13 21:17:43,223 - INFO - num_full_subsets = 2
2025-12-13 21:17:43,229 - INFO - phi = [ 0.20002134 -0.12023559 -0.36730048  0.40240829]
2025-12-13 21:17:43,244 - INFO - num_full_subsets = 2
2025-12-13 21:17:43,249 - INFO - phi = [-0.00608304 -0.21328132 -0.45927615  0.31011533]
2025-12-13 21:17:43,264 - INFO - num_full_subsets = 2
2025-12-13 21:17:43,269 - INFO - phi = [-0.1092764   0.16106546 -0.42248588  0.31011533]
2025-12-13 21:17:43,285 - INFO - num_full_subsets = 2
2025-12-13 21:17:43,291 - INFO - phi = [-0.12018663 -0.01204288 -0.32131264  0.65621393]
2025-12-13 21:17:43,305 - INFO - num_full_subsets = 2
2025-12-13 21:17:43,311 - INFO - phi = [-0.12200163 -0.39720894 -0.29371994 -0.10520299]
2025-12-13 21:17:43,326 - INFO - num_full_subsets = 2
2025-12-13 21:17:43,331 - INFO - phi = [-0.12157813 -0.02286215 -0.51446156  0.07938293]
2025-12-13 21:17:43,346 - INFO - num_full_subsets = 2
2025-12-13 21:17:43,352 - INFO - phi = [-0.08130509  0.1069691  -0.40409075  0.35626181]
2025-12-13 21:17:43,366 - INFO - num_full_subsets = 2
2025-12-13 21:17:43,372 - INFO - phi = [-0.12071096 -0.41019206 -0.02699048 -0.19749595]
2025-12-13 21:17:43,387 - INFO - num_full_subsets = 2
2025-12-13 21:17:43,393 - INFO - phi = [-0.10703789 -0.25439456 -0.01779291  0.21782237]
2025-12-13 21:17:43,407 - INFO - num_full_subsets = 2
2025-12-13 21:17:43,413 - INFO - phi = [-0.1160726  -0.20246205  0.5432587  -1.25886499]
2025-12-13 21:17:43,427 - INFO - num_full_subsets = 2
2025-12-13 21:17:43,433 - INFO - phi = [ 0.49042283  0.09831369 -0.33970777 -0.28978891]
2025-12-13 21:17:43,448 - INFO - num_full_subsets = 2
2025-12-13 21:17:43,453 - INFO - phi = [-0.11976312 -0.0964332  -0.56964696  0.07938293]
2025-12-13 21:17:43,468 - INFO - num_full_subsets = 2
2025-12-13 21:17:43,474 - INFO - phi = [ 0.12943765 -0.20462591 -0.46847372  0.56392097]
2025-12-13 21:17:43,489 - INFO - num_full_subsets = 2
2025-12-13 21:17:43,495 - INFO - phi = [-0.12188063 -0.37124269  0.10177546 -0.72818047]
2025-12-13 21:17:43,509 - INFO - num_full_subsets = 2
2025-12-13 21:17:43,515 - INFO - phi = [-0.1223848  -0.3279656   0.16615844 -0.93583963]
2025-12-13 21:17:43,530 - INFO - num_full_subsets = 2
2025-12-13 21:17:43,535 - INFO - phi = [-0.12216297  0.81022174 -0.3029175   0.26396885]
2025-12-13 21:17:43,550 - INFO - num_full_subsets = 2
2025-12-13 21:17:43,555 - INFO - phi = [-0.12079163 -0.34744029  0.21214627 -1.07427907]
2025-12-13 21:17:43,570 - INFO - num_full_subsets = 2
2025-12-13 21:17:43,616 - INFO - phi = [-0.12192097 -0.36907883  0.40529519 -0.52052131]
2025-12-13 21:17:43,636 - INFO - num_full_subsets = 2
2025-12-13 21:17:43,642 - INFO - phi = [-0.1211748   3.14718433  0.27652925  0.12552941]
2025-12-13 21:17:43,657 - INFO - num_full_subsets = 2
2025-12-13 21:17:43,687 - INFO - phi = [-0.12101346 -0.34960414 -0.43168345 -0.47437483]
2025-12-13 21:17:43,711 - INFO - num_full_subsets = 2
2025-12-13 21:17:43,725 - INFO - phi = [ 0.67394043  0.06152817  0.20294871 -0.70510723]
2025-12-13 21:17:43,741 - INFO - num_full_subsets = 2
2025-12-13 21:17:43,756 - INFO - phi = [-0.11149475 -0.21544518 -0.56964696 -0.38208187]
2025-12-13 21:17:43,771 - INFO - num_full_subsets = 2
2025-12-13 21:17:43,776 - INFO - phi = [0.07700405 0.38827016 0.23054141 0.61006745]
2025-12-13 21:17:43,791 - INFO - num_full_subsets = 2
2025-12-13 21:17:43,797 - INFO - phi = [-0.12228397 -0.36691498 -0.66162264 -0.77432695]
2025-12-13 21:17:43,811 - INFO - num_full_subsets = 2
2025-12-13 21:17:43,817 - INFO - phi = [-0.12276797  0.60249173 -0.48686885 -0.03598327]
2025-12-13 21:17:43,832 - INFO - num_full_subsets = 2
2025-12-13 21:17:43,837 - INFO - phi = [ 0.65579034 -0.19813435  0.49727087 -0.77432695]
2025-12-13 21:17:44,508 - INFO - Computing feature importance...
2025-12-13 21:17:44,941 - INFO - Experiment completed for ElasticNet
2025-12-13 21:17:44,941 - INFO - Total time: 21.21s (0.35 min)
2025-12-13 21:17:44,942 - INFO - Starting comprehensive experiment for ElasticNet
2025-12-13 21:17:54,172 - INFO - Performing feature analysis...
2025-12-13 21:17:55,340 - INFO - Model justification: Linear model with L1 and L2 regularization for handling multicollinearity
2025-12-13 21:17:55,340 - INFO - Performing robust cross-validation...
2025-12-13 21:17:55,374 - INFO - CV Results - MSE: 2.8672 ± 0.3674
2025-12-13 21:17:55,374 - INFO - Starting hyperparameter optimization...
2025-12-13 21:17:55,956 - INFO - Best parameters for ElasticNet: {'alpha': 0.014952772172685041, 'l1_ratio': 0.45320760289236917}
2025-12-13 21:17:55,956 - INFO - ⏱️ HPO took 0.58 seconds
2025-12-13 21:17:55,956 - INFO - Training final model...
2025-12-13 21:17:55,958 - INFO - ⏱️ Training took 0.00 seconds
2025-12-13 21:17:55,958 - INFO - Performing residual analysis...
2025-12-13 21:17:56,945 - INFO - Generating XAI explanations...
2025-12-13 21:17:56,945 - WARNING - Using 168 background data samples could cause slower run times. Consider using shap.sample(data, K) or shap.kmeans(data, K) to summarize the background as K samples.
2025-12-13 21:17:56,960 - INFO - num_full_subsets = 2
2025-12-13 21:17:56,968 - INFO - phi = [ 0.26466933 -0.0803314   0.4424897   0.96281422]
2025-12-13 21:17:56,983 - INFO - num_full_subsets = 2
2025-12-13 21:17:56,989 - INFO - phi = [-0.22284712 -0.28180952 -0.01432064  0.45415765]
2025-12-13 21:17:57,004 - INFO - num_full_subsets = 2
2025-12-13 21:17:57,009 - INFO - phi = [-0.21809784 -0.14916976  0.41203568 -1.35439904]
2025-12-13 21:17:57,027 - INFO - num_full_subsets = 2
2025-12-13 21:17:57,032 - INFO - phi = [ 0.78823453  0.06238226  0.49578424 -0.61967288]
2025-12-13 21:17:57,048 - INFO - num_full_subsets = 2
2025-12-13 21:17:57,053 - INFO - phi = [-0.22479261 -0.2616617   0.13794947 -1.12832945]
2025-12-13 21:17:57,069 - INFO - num_full_subsets = 2
2025-12-13 21:17:57,074 - INFO - phi = [ 0.62801786 -0.10551617  0.46533022 -0.05449892]
2025-12-13 21:17:57,090 - INFO - num_full_subsets = 2
2025-12-13 21:17:57,095 - INFO - phi = [-0.22479261 -0.19282335 -0.65385512  0.39764025]
2025-12-13 21:17:57,110 - INFO - num_full_subsets = 2
2025-12-13 21:17:57,116 - INFO - phi = [ 0.25036427 -0.11559007 -0.51681202  0.05853587]
2025-12-13 21:17:57,131 - INFO - num_full_subsets = 2
2025-12-13 21:17:57,136 - INFO - phi = [-0.22035804 -0.14749077  0.55669229 -2.37171217]
2025-12-13 21:17:57,151 - INFO - num_full_subsets = 2
2025-12-13 21:17:57,157 - INFO - phi = [-0.22067275 -0.17603351 -0.40260943  0.36938156]
2025-12-13 21:17:57,173 - INFO - num_full_subsets = 2
2025-12-13 21:17:57,178 - INFO - phi = [ 0.03922158 -0.01149305 -0.28840685  1.13236641]
2025-12-13 21:17:57,193 - INFO - num_full_subsets = 2
2025-12-13 21:17:57,199 - INFO - phi = [-0.22370543  0.59462028  0.3130601   0.79326203]
2025-12-13 21:17:57,214 - INFO - num_full_subsets = 2
2025-12-13 21:17:57,220 - INFO - phi = [-0.22473539 -0.17435452  0.23692505  1.16062511]
2025-12-13 21:17:57,235 - INFO - num_full_subsets = 2
2025-12-13 21:17:57,241 - INFO - phi = [ 0.20744909 -0.05178867 -0.00670714  0.96281422]
2025-12-13 21:17:57,256 - INFO - num_full_subsets = 2
2025-12-13 21:17:57,261 - INFO - phi = [-0.22376265 -0.31203123 -0.18181777 -0.05449892]
2025-12-13 21:17:57,277 - INFO - num_full_subsets = 2
2025-12-13 21:17:57,282 - INFO - phi = [-0.22676671 -0.29020444  0.21408453 -3.02166223]
2025-12-13 21:17:57,298 - INFO - num_full_subsets = 2
2025-12-13 21:17:57,303 - INFO - phi = [-0.20922871  0.02040765  0.22931154  0.76500333]
2025-12-13 21:17:57,318 - INFO - num_full_subsets = 2
2025-12-13 21:17:57,324 - INFO - phi = [-0.21944252  0.15304741  0.58714631 -2.28693608]
2025-12-13 21:17:57,339 - INFO - num_full_subsets = 2
2025-12-13 21:17:57,345 - INFO - phi = [ 0.79681757 -0.23311897  0.18363051 -0.90225986]
2025-12-13 21:17:57,360 - INFO - num_full_subsets = 2
2025-12-13 21:17:57,365 - INFO - phi = [-0.22095886 -0.23311897  0.63282734 -0.84574247]
2025-12-13 21:17:57,381 - INFO - num_full_subsets = 2
2025-12-13 21:17:57,386 - INFO - phi = [ 0.91984109  0.40825302  0.12272246 -0.76096637]
2025-12-13 21:17:57,402 - INFO - num_full_subsets = 2
2025-12-13 21:17:57,407 - INFO - phi = [-0.21924225 -0.2196871   0.70134889 -2.42822957]
2025-12-13 21:17:57,422 - INFO - num_full_subsets = 2
2025-12-13 21:17:57,428 - INFO - phi = [ 0.69668215  0.196701   -0.3645419   0.08679457]
2025-12-13 21:17:57,443 - INFO - num_full_subsets = 2
2025-12-13 21:17:57,448 - INFO - phi = [-0.22373404 -0.26837764  0.38158165 -0.45012069]
2025-12-13 21:17:57,463 - INFO - num_full_subsets = 2
2025-12-13 21:17:57,469 - INFO - phi = [ 0.79395656  0.10267788  0.43487619 -0.45012069]
2025-12-13 21:17:57,485 - INFO - num_full_subsets = 2
2025-12-13 21:17:57,491 - INFO - phi = [ 0.78823453  0.11275179 -0.47113098 -0.56315549]
2025-12-13 21:17:57,506 - INFO - num_full_subsets = 2
2025-12-13 21:17:57,511 - INFO - phi = [-0.22442068 -0.25326678  0.05420091 -0.02624022]
2025-12-13 21:17:57,526 - INFO - num_full_subsets = 2
2025-12-13 21:17:57,532 - INFO - phi = [-0.17764313  0.34780959  0.41203568  0.70848593]
2025-12-13 21:17:57,547 - INFO - num_full_subsets = 2
2025-12-13 21:17:57,553 - INFO - phi = [-0.02257628 -0.01820898 -0.31124736  0.59545114]
2025-12-13 21:17:57,568 - INFO - num_full_subsets = 2
2025-12-13 21:17:57,573 - INFO - phi = [-0.21975723 -0.12230601  0.36635464 -0.05449892]
2025-12-13 21:17:57,589 - INFO - num_full_subsets = 2
2025-12-13 21:17:57,594 - INFO - phi = [-0.22593702 -0.19282335  0.32828711 -0.22405111]
2025-12-13 21:17:57,610 - INFO - num_full_subsets = 2
2025-12-13 21:17:57,615 - INFO - phi = [-0.21729676  0.29408209 -0.34170139  0.90629682]
2025-12-13 21:17:57,630 - INFO - num_full_subsets = 2
2025-12-13 21:17:57,636 - INFO - phi = [-0.22570814 -0.3053153  -0.47874449 -0.3936033 ]
2025-12-13 21:17:57,651 - INFO - num_full_subsets = 2
2025-12-13 21:17:57,656 - INFO - phi = [-0.22336211 -0.32714209 -0.05238817 -0.47837939]
2025-12-13 21:17:57,672 - INFO - num_full_subsets = 2
2025-12-13 21:17:57,677 - INFO - phi = [-0.22507871  0.34109365 -0.30363386  0.84977942]
2025-12-13 21:17:57,693 - INFO - num_full_subsets = 2
2025-12-13 21:17:57,699 - INFO - phi = [-0.22628034 -0.31035225  0.23692505 -2.79559264]
2025-12-13 21:17:57,714 - INFO - num_full_subsets = 2
2025-12-13 21:17:57,719 - INFO - phi = [ 0.81398364  0.10771484 -0.4939715  -0.56315549]
2025-12-13 21:17:57,734 - INFO - num_full_subsets = 2
2025-12-13 21:17:57,740 - INFO - phi = [-0.22144523  0.10771484  0.3130601   1.01933161]
2025-12-13 21:17:57,755 - INFO - num_full_subsets = 2
2025-12-13 21:17:57,760 - INFO - phi = [-0.22510732 -0.30027834 -0.28840685  0.76500333]
2025-12-13 21:17:57,776 - INFO - num_full_subsets = 2
2025-12-13 21:17:57,781 - INFO - phi = [0.01146976 0.22188577 0.29021959 0.87803812]
2025-12-13 21:17:57,797 - INFO - num_full_subsets = 2
2025-12-13 21:17:57,803 - INFO - phi = [-0.22530759  0.14633147 -0.01432064  0.11505327]
2025-12-13 21:17:57,818 - INFO - num_full_subsets = 2
2025-12-13 21:17:57,823 - INFO - phi = [-0.22685254  0.4216849  -0.44829047  0.34112286]
2025-12-13 21:17:57,838 - INFO - num_full_subsets = 2
2025-12-13 21:17:57,844 - INFO - phi = [-0.22387709  1.19065969  0.22931154  0.45415765]
2025-12-13 21:17:57,859 - INFO - num_full_subsets = 2
2025-12-13 21:17:57,865 - INFO - phi = [ 0.75962441  0.28904514 -0.03716116 -0.81748377]
2025-12-13 21:17:57,880 - INFO - num_full_subsets = 2
2025-12-13 21:17:57,885 - INFO - phi = [-0.22679532  0.51235005 -0.39499593  0.25634676]
2025-12-13 21:17:57,901 - INFO - num_full_subsets = 2
2025-12-13 21:17:57,906 - INFO - phi = [-0.22402014 -0.28852545  0.20647102 -1.41091643]
2025-12-13 21:17:57,921 - INFO - num_full_subsets = 2
2025-12-13 21:17:57,927 - INFO - phi = [ 0.28469641 -0.07865242 -0.2274988   0.68022724]
2025-12-13 21:17:57,942 - INFO - num_full_subsets = 2
2025-12-13 21:17:57,948 - INFO - phi = [-0.22330488 -0.22472405  0.41203568  0.19982937]
2025-12-13 21:17:57,963 - INFO - num_full_subsets = 2
2025-12-13 21:17:57,969 - INFO - phi = [-0.17878754 -0.11559007 -0.31886087  0.36938156]
2025-12-13 21:17:57,984 - INFO - num_full_subsets = 2
2025-12-13 21:17:57,989 - INFO - phi = [ 0.50785535 -0.08704734 -0.29602035 -0.2805685 ]
2025-12-13 21:17:58,005 - INFO - num_full_subsets = 2
2025-12-13 21:17:58,010 - INFO - phi = [-0.22101608  0.69535933  0.32828711  0.84977942]
2025-12-13 21:17:58,027 - INFO - num_full_subsets = 2
2025-12-13 21:17:58,033 - INFO - phi = [-0.22765362  0.08253007  0.0465874   0.79326203]
2025-12-13 21:17:58,048 - INFO - num_full_subsets = 2
2025-12-13 21:17:58,053 - INFO - phi = [-0.22599424 -0.25998272  0.14556298 -0.3936033 ]
2025-12-13 21:17:58,068 - INFO - num_full_subsets = 2
2025-12-13 21:17:58,074 - INFO - phi = [-0.2210733  -0.1659596   0.64805435 -2.65429915]
2025-12-13 21:17:58,089 - INFO - num_full_subsets = 2
2025-12-13 21:17:58,095 - INFO - phi = [-0.13644456 -0.08368937 -0.56249305  0.39764025]
2025-12-13 21:17:58,110 - INFO - num_full_subsets = 2
2025-12-13 21:17:58,116 - INFO - phi = [ 0.23033718 -0.06522054 -0.51681202  1.2171425 ]
2025-12-13 21:17:58,131 - INFO - num_full_subsets = 2
2025-12-13 21:17:58,137 - INFO - phi = [-0.22433485  0.22692272 -0.32647438  0.73674463]
2025-12-13 21:17:58,152 - INFO - num_full_subsets = 2
2025-12-13 21:17:58,158 - INFO - phi = [-0.22699559 -0.30027834 -0.2198853  -0.73270768]
2025-12-13 21:17:58,172 - INFO - num_full_subsets = 2
2025-12-13 21:17:58,178 - INFO - phi = [-0.21394938  0.07581414 -0.39499593  1.07584901]
2025-12-13 21:17:58,193 - INFO - num_full_subsets = 2
2025-12-13 21:17:58,199 - INFO - phi = [-0.22204604 -0.23311897  0.61760033 -0.73270768]
2025-12-13 21:17:58,215 - INFO - num_full_subsets = 2
2025-12-13 21:17:58,220 - INFO - phi = [-0.2253362   2.4498979   0.19124401  0.34112286]
2025-12-13 21:17:58,235 - INFO - num_full_subsets = 2
2025-12-13 21:17:58,241 - INFO - phi = [ 0.5421875   0.14968944 -0.29602035 -0.61967288]
2025-12-13 21:17:58,256 - INFO - num_full_subsets = 2
2025-12-13 21:17:58,262 - INFO - phi = [-0.21117419  0.65674269 -0.03716116  0.90629682]
2025-12-13 21:17:58,277 - INFO - num_full_subsets = 2
2025-12-13 21:17:58,282 - INFO - phi = [ 0.97420032  0.10939382 -0.04477466 -1.21310554]
2025-12-13 21:17:58,297 - INFO - num_full_subsets = 2
2025-12-13 21:17:58,303 - INFO - phi = [-0.22547925 -0.27341459  0.26737907 -1.63698602]
2025-12-13 21:17:58,319 - INFO - num_full_subsets = 2
2025-12-13 21:17:58,325 - INFO - phi = [ 0.28469641 -0.07865242 -0.2274988   0.68022724]
2025-12-13 21:17:58,340 - INFO - num_full_subsets = 2
2025-12-13 21:17:58,346 - INFO - phi = [-0.22113052 -0.01149305  0.64044085 -1.77827951]
2025-12-13 21:17:58,361 - INFO - num_full_subsets = 2
2025-12-13 21:17:58,366 - INFO - phi = [ 0.57365863  0.00193883  0.13794947 -0.3936033 ]
2025-12-13 21:17:58,381 - INFO - num_full_subsets = 2
2025-12-13 21:17:58,387 - INFO - phi = [-0.02572339  0.04391343  0.22169803  1.2736599 ]
2025-12-13 21:17:58,402 - INFO - num_full_subsets = 2
2025-12-13 21:17:58,408 - INFO - phi = [ 0.40199791  0.34445162  0.18363051 -0.90225986]
2025-12-13 21:17:58,424 - INFO - num_full_subsets = 2
2025-12-13 21:17:58,430 - INFO - phi = [ 0.01576128  0.15808436 -0.50919851  0.59545114]
2025-12-13 21:17:58,444 - INFO - num_full_subsets = 2
2025-12-13 21:17:58,450 - INFO - phi = [-0.22733891  0.11946773  0.14556298  0.96281422]
2025-12-13 21:17:58,465 - INFO - num_full_subsets = 2
2025-12-13 21:17:58,471 - INFO - phi = [ 0.51357738  0.13122062 -0.05238817  0.28460546]
2025-12-13 21:17:58,486 - INFO - num_full_subsets = 2
2025-12-13 21:17:58,492 - INFO - phi = [ 0.8511768   0.0052968   0.1684035  -0.42186199]
2025-12-13 21:17:58,507 - INFO - num_full_subsets = 2
2025-12-13 21:17:58,513 - INFO - phi = [-0.226452   -0.27005663  0.176017    0.96281422]
2025-12-13 21:17:58,528 - INFO - num_full_subsets = 2
2025-12-13 21:17:58,534 - INFO - phi = [-0.22633756 -0.27005663 -0.20465828 -0.19579241]
2025-12-13 21:17:58,549 - INFO - num_full_subsets = 2
2025-12-13 21:17:58,555 - INFO - phi = [-0.19051769  0.09596195  0.47294372  0.73674463]
2025-12-13 21:17:58,570 - INFO - num_full_subsets = 2
2025-12-13 21:17:58,575 - INFO - phi = [-0.21887032  0.36459943 -0.24272581  0.36938156]
2025-12-13 21:17:58,590 - INFO - num_full_subsets = 2
2025-12-13 21:17:58,596 - INFO - phi = [-0.22525037  0.47877036  0.176017    0.51067505]
2025-12-13 21:17:58,611 - INFO - num_full_subsets = 2
2025-12-13 21:17:58,617 - INFO - phi = [ 0.10445265 -0.20961319 -0.72237667  0.05853587]
2025-12-13 21:17:58,632 - INFO - num_full_subsets = 2
2025-12-13 21:17:58,637 - INFO - phi = [-0.22284712 -0.28180952 -0.01432064  0.45415765]
2025-12-13 21:17:58,653 - INFO - num_full_subsets = 2
2025-12-13 21:17:58,658 - INFO - phi = [-0.0517586   0.35620451  0.36635464  0.90629682]
2025-12-13 21:17:58,673 - INFO - num_full_subsets = 2
2025-12-13 21:17:58,679 - INFO - phi = [-0.22585119 -0.28684647 -0.41783644  0.08679457]
2025-12-13 21:17:58,694 - INFO - num_full_subsets = 2
2025-12-13 21:17:58,700 - INFO - phi = [ 0.83401073 -0.10551617  0.53385177 -0.64793158]
2025-12-13 21:17:58,715 - INFO - num_full_subsets = 2
2025-12-13 21:17:58,720 - INFO - phi = [-0.22742474 -0.08872632  0.23692505 -0.02624022]
2025-12-13 21:17:58,736 - INFO - num_full_subsets = 2
2025-12-13 21:17:58,742 - INFO - phi = [-0.21477907 -0.06354156 -0.11329622  0.73674463]
2025-12-13 21:17:58,757 - INFO - num_full_subsets = 2
2025-12-13 21:17:58,763 - INFO - phi = [-0.22716725 -0.06689953 -0.32647438  0.84977942]
2025-12-13 21:17:58,778 - INFO - num_full_subsets = 2
2025-12-13 21:17:58,783 - INFO - phi = [-0.2179834  -0.10719515  0.38158165  0.73674463]
2025-12-13 21:17:58,798 - INFO - num_full_subsets = 2
2025-12-13 21:17:58,804 - INFO - phi = [ 0.55649256  0.28065022  0.38158165 -0.2805685 ]
2025-12-13 21:17:58,819 - INFO - num_full_subsets = 2
2025-12-13 21:17:58,825 - INFO - phi = [-0.22668088 -0.20961319 -0.33408788 -0.2805685 ]
2025-12-13 21:17:58,840 - INFO - num_full_subsets = 2
2025-12-13 21:17:58,846 - INFO - phi = [-0.22133079 -0.22136608  0.61760033 -1.35439904]
2025-12-13 21:17:58,861 - INFO - num_full_subsets = 2
2025-12-13 21:17:58,867 - INFO - phi = [-0.00884342  0.06238226 -0.28840685  0.19982937]
2025-12-13 21:17:58,882 - INFO - num_full_subsets = 2
2025-12-13 21:17:58,887 - INFO - phi = [-0.09095447  0.43511677  0.28260608  0.05853587]
2025-12-13 21:17:58,903 - INFO - num_full_subsets = 2
2025-12-13 21:17:58,908 - INFO - phi = [-0.19595361 -0.1122321  -0.01432064  0.90629682]
2025-12-13 21:17:58,923 - INFO - num_full_subsets = 2
2025-12-13 21:17:58,929 - INFO - phi = [-0.22201743 -0.03164086 -0.06761518  0.82152073]
2025-12-13 21:17:58,945 - INFO - num_full_subsets = 2
2025-12-13 21:17:58,950 - INFO - phi = [-0.226452   -0.24655085 -0.51681202  0.90629682]
2025-12-13 21:17:58,966 - INFO - num_full_subsets = 2
2025-12-13 21:17:58,971 - INFO - phi = [-0.224764   -0.28684647 -0.26556633  0.87803812]
2025-12-13 21:17:58,987 - INFO - num_full_subsets = 2
2025-12-13 21:17:58,992 - INFO - phi = [ 0.75962441  0.28904514 -0.03716116 -0.81748377]
2025-12-13 21:17:59,007 - INFO - num_full_subsets = 2
2025-12-13 21:17:59,013 - INFO - phi = [-0.21738259  0.35620451 -0.53965253  0.87803812]
2025-12-13 21:17:59,029 - INFO - num_full_subsets = 2
2025-12-13 21:17:59,034 - INFO - phi = [-0.09724869 -0.08536836 -0.02193415  0.62370984]
2025-12-13 21:17:59,050 - INFO - num_full_subsets = 2
2025-12-13 21:17:59,056 - INFO - phi = [-0.20613881 -0.15588569 -0.39499593  1.04759031]
2025-12-13 21:17:59,071 - INFO - num_full_subsets = 2
2025-12-13 21:17:59,077 - INFO - phi = [ 0.64518393  0.04559242 -0.07522869  0.28460546]
2025-12-13 21:17:59,092 - INFO - num_full_subsets = 2
2025-12-13 21:17:59,097 - INFO - phi = [-0.22115913 -0.16428062  0.26737907  0.62370984]
2025-12-13 21:17:59,112 - INFO - num_full_subsets = 2
2025-12-13 21:17:59,118 - INFO - phi = [ 0.24750326  0.03216054 -0.44829047  0.59545114]
2025-12-13 21:17:59,133 - INFO - num_full_subsets = 2
2025-12-13 21:17:59,139 - INFO - phi = [9.58696185e-02 2.59842805e-04 4.95784240e-01 1.38669469e+00]
2025-12-13 21:17:59,155 - INFO - num_full_subsets = 2
2025-12-13 21:17:59,161 - INFO - phi = [-0.08351584  0.25378647  0.20647102  0.56719244]
2025-12-13 21:17:59,176 - INFO - num_full_subsets = 2
2025-12-13 21:17:59,182 - INFO - phi = [-0.22553647 -0.21297116  0.21408453 -0.11101631]
2025-12-13 21:17:59,197 - INFO - num_full_subsets = 2
2025-12-13 21:17:59,202 - INFO - phi = [ 0.63660089  0.09428296  0.00090637 -0.90225986]
2025-12-13 21:17:59,217 - INFO - num_full_subsets = 2
2025-12-13 21:17:59,223 - INFO - phi = [-0.22705281 -0.24655085  0.09988194 -0.95877726]
2025-12-13 21:17:59,238 - INFO - num_full_subsets = 2
2025-12-13 21:17:59,244 - INFO - phi = [-0.12442831 -0.16260163 -0.28840685  0.68022724]
2025-12-13 21:17:59,260 - INFO - num_full_subsets = 2
2025-12-13 21:17:59,265 - INFO - phi = [-0.22582258 -0.28684647 -0.47874449 -0.19579241]
2025-12-13 21:17:59,280 - INFO - num_full_subsets = 2
2025-12-13 21:17:59,286 - INFO - phi = [-0.22118774 -0.1877864   0.15317648  1.16062511]
2025-12-13 21:17:59,301 - INFO - num_full_subsets = 2
2025-12-13 21:17:59,307 - INFO - phi = [0.26753034 0.29240311 0.50339775 0.56719244]
2025-12-13 21:17:59,322 - INFO - num_full_subsets = 2
2025-12-13 21:17:59,328 - INFO - phi = [ 0.47352321 -0.14077484  0.41964918  0.00201848]
2025-12-13 21:17:59,343 - INFO - num_full_subsets = 2
2025-12-13 21:17:59,348 - INFO - phi = [-0.2244779   0.03551851  0.25215206  0.70848593]
2025-12-13 21:17:59,364 - INFO - num_full_subsets = 2
2025-12-13 21:17:59,370 - INFO - phi = [-0.19795632  0.196701   -0.23511231  1.04759031]
2025-12-13 21:17:59,385 - INFO - num_full_subsets = 2
2025-12-13 21:17:59,390 - INFO - phi = [ 0.77106846 -0.16931757 -0.37215541 -0.90225986]
2025-12-13 21:17:59,406 - INFO - num_full_subsets = 2
2025-12-13 21:17:59,412 - INFO - phi = [-0.21237582  0.04895039  0.45010321  0.82152073]
2025-12-13 21:17:59,427 - INFO - num_full_subsets = 2
2025-12-13 21:17:59,432 - INFO - phi = [ 0.03121075 -0.19450233 -0.08284219  0.84977942]
2025-12-13 21:17:59,448 - INFO - num_full_subsets = 2
2025-12-13 21:17:59,453 - INFO - phi = [-0.22625173 -0.28013053 -0.74521719 -0.11101631]
2025-12-13 21:17:59,469 - INFO - num_full_subsets = 2
2025-12-13 21:17:59,475 - INFO - phi = [-0.2275964   0.47541239 -0.44067696  0.14331197]
2025-12-13 21:17:59,490 - INFO - num_full_subsets = 2
2025-12-13 21:17:59,495 - INFO - phi = [-0.22422041 -0.24655085  0.43487619 -0.93051856]
2025-12-13 21:17:59,510 - INFO - num_full_subsets = 2
2025-12-13 21:17:59,516 - INFO - phi = [-0.20945759  0.05734531 -0.33408788 -0.02624022]
2025-12-13 21:17:59,531 - INFO - num_full_subsets = 2
2025-12-13 21:17:59,537 - INFO - phi = [0.00889485 0.01704969 0.50339775 0.96281422]
2025-12-13 21:17:59,552 - INFO - num_full_subsets = 2
2025-12-13 21:17:59,558 - INFO - phi = [-0.22427763 -0.32042615 -0.53203903  0.17157067]
2025-12-13 21:17:59,573 - INFO - num_full_subsets = 2
2025-12-13 21:17:59,579 - INFO - phi = [-0.2185556   0.01033375  0.39680867  0.84977942]
2025-12-13 21:17:59,594 - INFO - num_full_subsets = 2
2025-12-13 21:17:59,600 - INFO - phi = [-0.22273268 -0.25326678  0.54907878 -1.80653821]
2025-12-13 21:17:59,615 - INFO - num_full_subsets = 2
2025-12-13 21:17:59,621 - INFO - phi = [-0.22639478 -0.28516748 -0.0980692  -0.84574247]
2025-12-13 21:17:59,636 - INFO - num_full_subsets = 2
2025-12-13 21:17:59,641 - INFO - phi = [ 0.07298152 -0.11894804 -0.28840685  1.01933161]
2025-12-13 21:17:59,656 - INFO - num_full_subsets = 2
2025-12-13 21:17:59,662 - INFO - phi = [-0.21615235 -0.06522054 -0.34931489  0.51067505]
2025-12-13 21:17:59,678 - INFO - num_full_subsets = 2
2025-12-13 21:17:59,683 - INFO - phi = [ 0.6852381   0.01369172 -0.26556633 -0.11101631]
2025-12-13 21:17:59,699 - INFO - num_full_subsets = 2
2025-12-13 21:17:59,704 - INFO - phi = [-0.21838394  0.4317588   0.38158165  0.68022724]
2025-12-13 21:17:59,724 - INFO - num_full_subsets = 2
2025-12-13 21:17:59,730 - INFO - phi = [-0.21615235 -0.06522054 -0.34931489  0.51067505]
2025-12-13 21:17:59,745 - INFO - num_full_subsets = 2
2025-12-13 21:17:59,751 - INFO - phi = [-0.22650922 -0.30027834 -0.28079334  0.05853587]
2025-12-13 21:17:59,766 - INFO - num_full_subsets = 2
2025-12-13 21:17:59,772 - INFO - phi = [-0.21821228  1.35855812  0.36635464  0.73674463]
2025-12-13 21:17:59,787 - INFO - num_full_subsets = 2
2025-12-13 21:17:59,793 - INFO - phi = [-0.22387709 -0.24990881 -0.50919851  0.39764025]
2025-12-13 21:17:59,808 - INFO - num_full_subsets = 2
2025-12-13 21:17:59,814 - INFO - phi = [-0.22410597 -0.31706819 -0.34170139 -0.05449892]
2025-12-13 21:17:59,829 - INFO - num_full_subsets = 2
2025-12-13 21:17:59,835 - INFO - phi = [-0.21208972  0.20173796 -0.28840685  0.96281422]
2025-12-13 21:17:59,850 - INFO - num_full_subsets = 2
2025-12-13 21:17:59,855 - INFO - phi = [-0.22605146 -0.23815592 -0.47874449 -0.78922507]
2025-12-13 21:17:59,870 - INFO - num_full_subsets = 2
2025-12-13 21:17:59,876 - INFO - phi = [-0.18794278 -0.10719515 -0.31124736  0.39764025]
2025-12-13 21:17:59,892 - INFO - num_full_subsets = 2
2025-12-13 21:17:59,898 - INFO - phi = [-0.01742646  0.05062937 -0.29602035  0.65196854]
2025-12-13 21:17:59,913 - INFO - num_full_subsets = 2
2025-12-13 21:17:59,918 - INFO - phi = [-0.22605146 -0.25326678  0.01613338 -0.53489679]
2025-12-13 21:17:59,933 - INFO - num_full_subsets = 2
2025-12-13 21:17:59,939 - INFO - phi = [-0.22319044 -0.30195733 -0.19704478  0.34112286]
2025-12-13 21:17:59,954 - INFO - num_full_subsets = 2
2025-12-13 21:17:59,960 - INFO - phi = [0.24178123 0.00361781 0.50339775 0.82152073]
2025-12-13 21:17:59,975 - INFO - num_full_subsets = 2
2025-12-13 21:17:59,981 - INFO - phi = [ 0.13592379 -0.12230601 -0.37976892  0.25634676]
2025-12-13 21:17:59,997 - INFO - num_full_subsets = 2
2025-12-13 21:18:00,003 - INFO - phi = [-0.22613729 -0.30867326 -0.61578759 -0.90225986]
2025-12-13 21:18:00,018 - INFO - num_full_subsets = 2
2025-12-13 21:18:00,024 - INFO - phi = [ 0.26180832 -0.09376328 -0.30363386  0.39764025]
2025-12-13 21:18:00,040 - INFO - num_full_subsets = 2
2025-12-13 21:18:00,045 - INFO - phi = [-0.22364821 -0.25494577 -0.31886087  1.47147079]
2025-12-13 21:18:00,063 - INFO - num_full_subsets = 2
2025-12-13 21:18:00,069 - INFO - phi = [-0.22545064 -0.28684647 -0.55487955 -1.24136424]
2025-12-13 21:18:00,084 - INFO - num_full_subsets = 2
2025-12-13 21:18:00,089 - INFO - phi = [-0.22238936 -0.03667781 -0.08284219  0.96281422]
2025-12-13 21:18:00,105 - INFO - num_full_subsets = 2
2025-12-13 21:18:00,111 - INFO - phi = [-0.22479261 -0.31706819 -0.01432064 -1.58046862]
2025-12-13 21:18:00,126 - INFO - num_full_subsets = 2
2025-12-13 21:18:00,132 - INFO - phi = [ 0.90267501  0.1009989   0.4424897  -1.10007075]
2025-12-13 21:18:00,147 - INFO - num_full_subsets = 2
2025-12-13 21:18:00,153 - INFO - phi = [-0.22539342 -0.12902195  0.34351413 -0.3370859 ]
2025-12-13 21:18:00,168 - INFO - num_full_subsets = 2
2025-12-13 21:18:00,174 - INFO - phi = [0.19028302 0.12786265 0.53385177 0.76500333]
2025-12-13 21:18:00,189 - INFO - num_full_subsets = 2
2025-12-13 21:18:00,195 - INFO - phi = [ 0.57651964  0.05734531  0.56430579 -0.16753371]
2025-12-13 21:18:00,211 - INFO - num_full_subsets = 2
2025-12-13 21:18:00,216 - INFO - phi = [-0.22422041 -0.28684647 -0.3569284   0.62370984]
2025-12-13 21:18:00,232 - INFO - num_full_subsets = 2
2025-12-13 21:18:00,237 - INFO - phi = [-0.22622312 -0.28180952 -0.29602035  0.68022724]
2025-12-13 21:18:00,252 - INFO - num_full_subsets = 2
2025-12-13 21:18:00,258 - INFO - phi = [ 0.49355029  0.01201273 -0.28840685 -0.19579241]
2025-12-13 21:18:00,273 - INFO - num_full_subsets = 2
2025-12-13 21:18:00,279 - INFO - phi = [ 0.67951608 -0.0702575  -0.20465828 -0.84574247]
2025-12-13 21:18:00,294 - INFO - num_full_subsets = 2
2025-12-13 21:18:00,300 - INFO - phi = [ 0.91698007 -0.06354156 -0.02954765 -0.78922507]
2025-12-13 21:18:00,316 - INFO - num_full_subsets = 2
2025-12-13 21:18:00,322 - INFO - phi = [-0.2267381   0.14129452 -0.06000168  0.73674463]
2025-12-13 21:18:00,337 - INFO - num_full_subsets = 2
2025-12-13 21:18:00,342 - INFO - phi = [-0.10382902  0.07413515  0.13033597  0.79326203]
2025-12-13 21:18:00,358 - INFO - num_full_subsets = 2
2025-12-13 21:18:00,363 - INFO - phi = [-0.20911427  0.40321607 -0.0904557   0.90629682]
2025-12-13 21:18:00,378 - INFO - num_full_subsets = 2
2025-12-13 21:18:00,384 - INFO - phi = [-0.22579397 -0.29356241  0.41964918 -3.24773182]
2025-12-13 21:18:00,400 - INFO - num_full_subsets = 2
2025-12-13 21:18:00,405 - INFO - phi = [-0.21872727 -0.13070093  0.32828711 -0.3653446 ]
2025-12-13 21:18:00,421 - INFO - num_full_subsets = 2
2025-12-13 21:18:00,427 - INFO - phi = [-0.2069399   0.03887648 -0.33408788  0.28460546]
2025-12-13 21:18:00,442 - INFO - num_full_subsets = 2
2025-12-13 21:18:00,448 - INFO - phi = [ 0.81684465 -0.18274944  0.19124401 -0.95877726]
2025-12-13 21:18:00,463 - INFO - num_full_subsets = 2
2025-12-13 21:18:00,469 - INFO - phi = [-0.22084441  0.35116756  0.70134889 -5.0845472 ]
2025-12-13 21:18:00,984 - INFO - Computing feature importance...
2025-12-13 21:18:01,394 - INFO - Experiment completed for ElasticNet
2025-12-13 21:18:01,394 - INFO - Total time: 16.10s (0.27 min)
2025-12-13 21:18:01,394 - INFO - Starting comprehensive experiment for ElasticNet
2025-12-13 21:18:09,466 - INFO - Performing feature analysis...
2025-12-13 21:18:10,652 - INFO - Model justification: Linear model with L1 and L2 regularization for handling multicollinearity
2025-12-13 21:18:10,652 - INFO - Performing robust cross-validation...
2025-12-13 21:18:10,685 - INFO - CV Results - MSE: 3.0191 ± 0.4680
2025-12-13 21:18:10,685 - INFO - Starting hyperparameter optimization...
2025-12-13 21:18:11,268 - INFO - Best parameters for ElasticNet: {'alpha': 0.01915100014336651, 'l1_ratio': 0.11185905921700628}
2025-12-13 21:18:11,268 - INFO - ⏱️ HPO took 0.58 seconds
2025-12-13 21:18:11,268 - INFO - Training final model...
2025-12-13 21:18:11,270 - INFO - ⏱️ Training took 0.00 seconds
2025-12-13 21:18:11,270 - INFO - Performing residual analysis...
2025-12-13 21:18:12,316 - INFO - Generating XAI explanations...
2025-12-13 21:18:12,317 - WARNING - Using 168 background data samples could cause slower run times. Consider using shap.sample(data, K) or shap.kmeans(data, K) to summarize the background as K samples.
2025-12-13 21:18:12,332 - INFO - num_full_subsets = 2
2025-12-13 21:18:12,338 - INFO - phi = [-0.18928407 -0.39514454 -0.42106081  0.34956396]
2025-12-13 21:18:12,353 - INFO - num_full_subsets = 2
2025-12-13 21:18:12,359 - INFO - phi = [-0.16770929 -0.05949586 -0.37956725  0.41876279]
2025-12-13 21:18:12,374 - INFO - num_full_subsets = 2
2025-12-13 21:18:12,379 - INFO - phi = [-0.18790012 -0.32879538 -0.77790539 -0.06562905]
2025-12-13 21:18:12,394 - INFO - num_full_subsets = 2
2025-12-13 21:18:12,400 - INFO - phi = [-0.17818776 -0.10242767 -0.10570978  0.48796163]
2025-12-13 21:18:12,415 - INFO - num_full_subsets = 2
2025-12-13 21:18:12,421 - INFO - phi = [-0.18584891 -0.22146587 -0.46255436  0.34956396]
2025-12-13 21:18:12,436 - INFO - num_full_subsets = 2
2025-12-13 21:18:12,441 - INFO - phi = [-0.18846853 -0.27220346 -0.3463724  -0.34242439]
2025-12-13 21:18:12,456 - INFO - num_full_subsets = 2
2025-12-13 21:18:12,462 - INFO - phi = [-0.15500661 -0.15316526 -0.32147627  0.21116629]
2025-12-13 21:18:12,477 - INFO - num_full_subsets = 2
2025-12-13 21:18:12,483 - INFO - phi = [-0.18812254 -0.3892902   0.27603095 -2.39532317]
2025-12-13 21:18:12,498 - INFO - num_full_subsets = 2
2025-12-13 21:18:12,503 - INFO - phi = [ 0.55723312  0.08100823  0.01877089 -0.84988252]
2025-12-13 21:18:12,518 - INFO - num_full_subsets = 2
2025-12-13 21:18:12,524 - INFO - phi = [-0.18841911 -0.1590196  -0.33807369  0.11890117]
2025-12-13 21:18:12,539 - INFO - num_full_subsets = 2
2025-12-13 21:18:12,545 - INFO - phi = [ 0.03157944  0.01465907 -0.27998271  0.39569651]
2025-12-13 21:18:12,560 - INFO - num_full_subsets = 2
2025-12-13 21:18:12,566 - INFO - phi = [ 0.21618842 -0.02436984  0.56648584  0.55716046]
2025-12-13 21:18:12,581 - INFO - num_full_subsets = 2
2025-12-13 21:18:12,586 - INFO - phi = [ 0.43613753 -0.1590196  -0.50404792 -0.15789417]
2025-12-13 21:18:12,601 - INFO - num_full_subsets = 2
2025-12-13 21:18:12,607 - INFO - phi = [-0.18426726 -0.10633056  0.01047218  0.69555813]
2025-12-13 21:18:12,622 - INFO - num_full_subsets = 2
2025-12-13 21:18:12,628 - INFO - phi = [ 0.23101645 -0.15121382  0.26773223  0.71862441]
2025-12-13 21:18:12,643 - INFO - num_full_subsets = 2
2025-12-13 21:18:12,649 - INFO - phi = [ 0.68821405  0.10247414 -0.49574921 -0.57308718]
2025-12-13 21:18:12,664 - INFO - num_full_subsets = 2
2025-12-13 21:18:12,670 - INFO - phi = [-0.18604662 -0.29171791  0.48349873 -0.89601508]
2025-12-13 21:18:12,685 - INFO - num_full_subsets = 2
2025-12-13 21:18:12,690 - INFO - phi = [-0.13844864  0.07710534 -0.38786596  0.39569651]
2025-12-13 21:18:12,705 - INFO - num_full_subsets = 2
2025-12-13 21:18:12,711 - INFO - phi = [ 0.0276253  -0.04193285  0.34242064  0.04970234]
2025-12-13 21:18:12,726 - INFO - num_full_subsets = 2
2025-12-13 21:18:12,731 - INFO - phi = [-0.18540407  3.13111799  0.02706961  0.44182907]
2025-12-13 21:18:12,747 - INFO - num_full_subsets = 2
2025-12-13 21:18:12,753 - INFO - phi = [ 0.09015016  0.24492968 -0.05591751  0.48796163]
2025-12-13 21:18:12,768 - INFO - num_full_subsets = 2
2025-12-13 21:18:12,773 - INFO - phi = [-0.17630955  0.54935522  0.2428361   0.88008836]
2025-12-13 21:18:12,788 - INFO - num_full_subsets = 2
2025-12-13 21:18:12,794 - INFO - phi = [-0.1861949   0.34640486 -0.33807369  0.44182907]
2025-12-13 21:18:12,809 - INFO - num_full_subsets = 2
2025-12-13 21:18:12,814 - INFO - phi = [ 0.69315673  0.09076546  0.49179744 -0.48082207]
2025-12-13 21:18:12,829 - INFO - num_full_subsets = 2
2025-12-13 21:18:12,835 - INFO - phi = [-0.18364942 -0.3892902   0.34242064  0.3034314 ]
2025-12-13 21:18:12,851 - INFO - num_full_subsets = 2
2025-12-13 21:18:12,856 - INFO - phi = [-0.18705987 -0.33855261  0.35071935 -0.5500209 ]
2025-12-13 21:18:12,871 - INFO - num_full_subsets = 2
2025-12-13 21:18:12,877 - INFO - phi = [-0.18713401 -0.04193285 -0.18039818  0.02663606]
2025-12-13 21:18:12,892 - INFO - num_full_subsets = 2
2025-12-13 21:18:12,897 - INFO - phi = [-0.13128176 -0.00875827 -0.32147627  0.44182907]
2025-12-13 21:18:12,912 - INFO - num_full_subsets = 2
2025-12-13 21:18:12,918 - INFO - phi = [ 0.09015016 -0.02827273  0.55818713  1.01848603]
2025-12-13 21:18:12,933 - INFO - num_full_subsets = 2
2025-12-13 21:18:12,939 - INFO - phi = [-0.1836     -0.41661044  0.20134254 -0.08869533]
2025-12-13 21:18:12,954 - INFO - num_full_subsets = 2
2025-12-13 21:18:12,960 - INFO - phi = [-0.18639261 -0.34050406  0.1681477  -0.57308718]
2025-12-13 21:18:12,975 - INFO - num_full_subsets = 2
2025-12-13 21:18:12,981 - INFO - phi = [-0.18233961 -0.25659189  0.43370646  0.53409418]
2025-12-13 21:18:12,996 - INFO - num_full_subsets = 2
2025-12-13 21:18:13,001 - INFO - phi = [ 0.09509284  1.72607703  0.20134254 -0.27322556]
2025-12-13 21:18:13,016 - INFO - num_full_subsets = 2
2025-12-13 21:18:13,022 - INFO - phi = [0.29279991 0.04197932 0.1681477  0.39569651]
2025-12-13 21:18:13,037 - INFO - num_full_subsets = 2
2025-12-13 21:18:13,043 - INFO - phi = [ 0.08520748  0.32884185 -0.0476188  -0.15789417]
2025-12-13 21:18:13,059 - INFO - num_full_subsets = 2
2025-12-13 21:18:13,064 - INFO - phi = [-0.18659031 -0.06339876 -0.32977498  1.04155231]
2025-12-13 21:18:13,079 - INFO - num_full_subsets = 2
2025-12-13 21:18:13,085 - INFO - phi = [-0.16563337 -0.03412707  0.02706961  0.60329302]
2025-12-13 21:18:13,100 - INFO - num_full_subsets = 2
2025-12-13 21:18:13,106 - INFO - phi = [-0.18364942 -0.3892902   0.34242064  0.3034314 ]
2025-12-13 21:18:13,121 - INFO - num_full_subsets = 2
2025-12-13 21:18:13,126 - INFO - phi = [-0.08358493 -0.14731093 -0.13890462  1.06461859]
2025-12-13 21:18:13,141 - INFO - num_full_subsets = 2
2025-12-13 21:18:13,147 - INFO - phi = [-0.1878507   0.17077474 -0.18039818 -0.29629184]
2025-12-13 21:18:13,162 - INFO - num_full_subsets = 2
2025-12-13 21:18:13,168 - INFO - phi = [-0.18661503 -0.22146587  0.37561548 -0.29629184]
2025-12-13 21:18:13,183 - INFO - num_full_subsets = 2
2025-12-13 21:18:13,188 - INFO - phi = [ 0.61654524 -0.21951442  0.59968069 -0.227093  ]
2025-12-13 21:18:13,203 - INFO - num_full_subsets = 2
2025-12-13 21:18:13,209 - INFO - phi = [-0.18505809 -0.32294105  0.61627811 -1.58800343]
2025-12-13 21:18:13,224 - INFO - num_full_subsets = 2
2025-12-13 21:18:13,230 - INFO - phi = [-0.07666518 -0.12779647 -0.00612524  0.39569651]
2025-12-13 21:18:13,245 - INFO - num_full_subsets = 2
2025-12-13 21:18:13,250 - INFO - phi = [-0.18777656 -0.38538731 -0.271684    0.02663606]
2025-12-13 21:18:13,266 - INFO - num_full_subsets = 2
2025-12-13 21:18:13,272 - INFO - phi = [-0.1867386  -0.3892902  -0.0476188  -0.15789417]
2025-12-13 21:18:13,287 - INFO - num_full_subsets = 2
2025-12-13 21:18:13,292 - INFO - phi = [-0.18515694  0.10442558 -0.28828142  0.58022674]
2025-12-13 21:18:13,307 - INFO - num_full_subsets = 2
2025-12-13 21:18:13,313 - INFO - phi = [-0.16719031  0.36006498 -0.18869689  0.04970234]
2025-12-13 21:18:13,328 - INFO - num_full_subsets = 2
2025-12-13 21:18:13,333 - INFO - phi = [-0.16894496 -0.20975719 -0.08911235  0.44182907]
2025-12-13 21:18:13,348 - INFO - num_full_subsets = 2
2025-12-13 21:18:13,354 - INFO - phi = [-0.01488172  0.02246486  0.25943352  0.92622092]
2025-12-13 21:18:13,370 - INFO - num_full_subsets = 2
2025-12-13 21:18:13,375 - INFO - phi = [-0.18688688 -0.26830056  0.35901806 -0.13482789]
2025-12-13 21:18:13,390 - INFO - num_full_subsets = 2
2025-12-13 21:18:13,396 - INFO - phi = [ 0.22360243 -0.16292249 -0.54554148 -0.06562905]
2025-12-13 21:18:13,411 - INFO - num_full_subsets = 2
2025-12-13 21:18:13,416 - INFO - phi = [-0.13078749 -0.04193285  0.23453739  0.07276862]
2025-12-13 21:18:13,431 - INFO - num_full_subsets = 2
2025-12-13 21:18:13,437 - INFO - phi = [ 0.28044322 -0.13560225 -0.33807369 -0.11176161]
2025-12-13 21:18:13,452 - INFO - num_full_subsets = 2
2025-12-13 21:18:13,458 - INFO - phi = [ 0.25325849 -0.11999068 -0.23019045  0.44182907]
2025-12-13 21:18:13,473 - INFO - num_full_subsets = 2
2025-12-13 21:18:13,479 - INFO - phi = [-0.18861681  0.46154016 -0.47085307  0.16503373]
2025-12-13 21:18:13,494 - INFO - num_full_subsets = 2
2025-12-13 21:18:13,499 - INFO - phi = [-0.18644203 -0.36977574  0.01877089 -0.227093  ]
2025-12-13 21:18:13,515 - INFO - num_full_subsets = 2
2025-12-13 21:18:13,520 - INFO - phi = [-0.18799898 -0.38733876 -0.65342472 -0.84988252]
2025-12-13 21:18:13,535 - INFO - num_full_subsets = 2
2025-12-13 21:18:13,541 - INFO - phi = [-0.18708458  0.36787076 -0.31317756  0.58022674]
2025-12-13 21:18:13,556 - INFO - num_full_subsets = 2
2025-12-13 21:18:13,561 - INFO - phi = [-0.18792484 -0.32294105  0.03536832 -0.5500209 ]
2025-12-13 21:18:13,577 - INFO - num_full_subsets = 2
2025-12-13 21:18:13,582 - INFO - phi = [ 0.44849423 -0.05949586  0.43370646  0.32649768]
2025-12-13 21:18:13,597 - INFO - num_full_subsets = 2
2025-12-13 21:18:13,603 - INFO - phi = [-0.15031107  0.04783365  0.01877089  0.44182907]
2025-12-13 21:18:13,618 - INFO - num_full_subsets = 2
2025-12-13 21:18:13,624 - INFO - phi = [-0.18878981 -0.41075611 -0.35467112  0.21116629]
2025-12-13 21:18:13,638 - INFO - num_full_subsets = 2
2025-12-13 21:18:13,644 - INFO - phi = [-0.03539383 -0.25073755  0.19304383 -0.48082207]
2025-12-13 21:18:13,659 - INFO - num_full_subsets = 2
2025-12-13 21:18:13,665 - INFO - phi = [-0.18290802 -0.19999996  0.40881033 -0.04256278]
2025-12-13 21:18:13,680 - INFO - num_full_subsets = 2
2025-12-13 21:18:13,686 - INFO - phi = [-0.16756101 -0.00680683 -0.20529431 -0.08869533]
2025-12-13 21:18:13,701 - INFO - num_full_subsets = 2
2025-12-13 21:18:13,707 - INFO - phi = [-0.18617019 -0.36392141  0.2428361  -1.26507553]
2025-12-13 21:18:13,721 - INFO - num_full_subsets = 2
2025-12-13 21:18:13,727 - INFO - phi = [-0.1858242  -0.14731093 -0.54554148  0.39569651]
2025-12-13 21:18:13,742 - INFO - num_full_subsets = 2
2025-12-13 21:18:13,748 - INFO - phi = [-0.18878981 -0.19219418 -0.0476188   0.41876279]
2025-12-13 21:18:13,762 - INFO - num_full_subsets = 2
2025-12-13 21:18:13,768 - INFO - phi = [ 0.09756417 -0.27220346 -0.76960668 -0.06562905]
2025-12-13 21:18:13,784 - INFO - num_full_subsets = 2
2025-12-13 21:18:13,789 - INFO - phi = [-0.18540407  0.67424775  0.38391419  0.78782325]
2025-12-13 21:18:13,804 - INFO - num_full_subsets = 2
2025-12-13 21:18:13,810 - INFO - phi = [ 0.64125862  0.00099895  0.42540775 -0.82681624]
2025-12-13 21:18:13,825 - INFO - num_full_subsets = 2
2025-12-13 21:18:13,831 - INFO - phi = [-0.18515694 -0.35611562  0.00217347  0.25729884]
2025-12-13 21:18:13,846 - INFO - num_full_subsets = 2
2025-12-13 21:18:13,852 - INFO - phi = [-0.1871093  -0.38148442 -0.271684   -0.98828019]
2025-12-13 21:18:13,867 - INFO - num_full_subsets = 2
2025-12-13 21:18:13,872 - INFO - phi = [ 0.03924059 -0.23317454 -0.37126854  0.58022674]
2025-12-13 21:18:13,888 - INFO - num_full_subsets = 2
2025-12-13 21:18:13,894 - INFO - phi = [-0.18115337  1.55044691  0.41710904  0.48796163]
2025-12-13 21:18:13,909 - INFO - num_full_subsets = 2
2025-12-13 21:18:13,915 - INFO - phi = [-0.18300687 -0.19999996  0.62457682 -2.049329  ]
2025-12-13 21:18:13,930 - INFO - num_full_subsets = 2
2025-12-13 21:18:13,935 - INFO - phi = [ 0.59924587  0.06734811 -0.39616467 -0.59615346]
2025-12-13 21:18:13,951 - INFO - num_full_subsets = 2
2025-12-13 21:18:13,956 - INFO - phi = [ 0.5498191  -0.15121382  0.52499229 -0.15789417]
2025-12-13 21:18:13,971 - INFO - num_full_subsets = 2
2025-12-13 21:18:13,977 - INFO - phi = [-0.14709833 -0.16292249 -0.32977498  0.18810001]
2025-12-13 21:18:13,993 - INFO - num_full_subsets = 2
2025-12-13 21:18:13,998 - INFO - phi = [ 0.2409018   0.07320245 -0.42935952  0.46489535]
2025-12-13 21:18:14,013 - INFO - num_full_subsets = 2
2025-12-13 21:18:14,019 - INFO - phi = [-0.18555235  1.99927944  0.20964126  0.46489535]
2025-12-13 21:18:14,035 - INFO - num_full_subsets = 2
2025-12-13 21:18:14,040 - INFO - phi = [-0.18928407 -0.10437912  0.17644641 -0.13482789]
2025-12-13 21:18:14,057 - INFO - num_full_subsets = 2
2025-12-13 21:18:14,063 - INFO - phi = [-0.18639261 -0.19024273  0.15155028  0.21116629]
2025-12-13 21:18:14,079 - INFO - num_full_subsets = 2
2025-12-13 21:18:14,085 - INFO - phi = [-0.1858242  -0.14731093 -0.54554148  0.39569651]
2025-12-13 21:18:14,103 - INFO - num_full_subsets = 2
2025-12-13 21:18:14,109 - INFO - phi = [ 0.78706759  0.08881401  0.50009615 -1.01134647]
2025-12-13 21:18:14,125 - INFO - num_full_subsets = 2
2025-12-13 21:18:14,131 - INFO - phi = [ 0.35458337  0.37177365  0.21793997 -0.84988252]
2025-12-13 21:18:14,146 - INFO - num_full_subsets = 2
2025-12-13 21:18:14,152 - INFO - phi = [-0.18288331 -0.27220346  0.71586265 -1.44960576]
2025-12-13 21:18:14,166 - INFO - num_full_subsets = 2
2025-12-13 21:18:14,172 - INFO - phi = [-0.17260254 -0.28196068 -0.76130797  0.07276862]
2025-12-13 21:18:14,187 - INFO - num_full_subsets = 2
2025-12-13 21:18:14,193 - INFO - phi = [ 0.60913122  0.03027064 -0.60363246 -0.71148485]
2025-12-13 21:18:14,209 - INFO - num_full_subsets = 2
2025-12-13 21:18:14,214 - INFO - phi = [0.1123922  0.61180149 0.54158971 0.92622092]
2025-12-13 21:18:14,229 - INFO - num_full_subsets = 2
2025-12-13 21:18:14,235 - INFO - phi = [ 0.20630306 -0.10437912 -0.54554148  0.88008836]
2025-12-13 21:18:14,250 - INFO - num_full_subsets = 2
2025-12-13 21:18:14,256 - INFO - phi = [-0.18604662  1.35530233  0.26773223  0.25729884]
2025-12-13 21:18:14,271 - INFO - num_full_subsets = 2
2025-12-13 21:18:14,276 - INFO - phi = [ 0.59924587 -0.01266117 -0.271684   -0.20402672]
2025-12-13 21:18:14,291 - INFO - num_full_subsets = 2
2025-12-13 21:18:14,297 - INFO - phi = [-0.17487617  0.06539667 -0.37956725  0.07276862]
2025-12-13 21:18:14,313 - INFO - num_full_subsets = 2
2025-12-13 21:18:14,319 - INFO - phi = [-0.18634318  0.34250197 -0.32147627  0.67249185]
2025-12-13 21:18:14,334 - INFO - num_full_subsets = 2
2025-12-13 21:18:14,340 - INFO - phi = [ 0.63384461 -0.14535948  0.08516059 -0.71148485]
2025-12-13 21:18:14,357 - INFO - num_full_subsets = 2
2025-12-13 21:18:14,363 - INFO - phi = [-0.17831133 -0.01461261  0.12665414  0.25729884]
2025-12-13 21:18:14,380 - INFO - num_full_subsets = 2
2025-12-13 21:18:14,386 - INFO - phi = [ 0.83155168  0.09857124  0.37561548 -0.84988252]
2025-12-13 21:18:14,403 - INFO - num_full_subsets = 2
2025-12-13 21:18:14,409 - INFO - phi = [-0.18594777 -0.21170864 -0.31317756  0.44182907]
2025-12-13 21:18:14,424 - INFO - num_full_subsets = 2
2025-12-13 21:18:14,430 - INFO - phi = [-0.18733172  0.53764655  0.01047218 -0.15789417]
2025-12-13 21:18:14,445 - INFO - num_full_subsets = 2
2025-12-13 21:18:14,460 - INFO - phi = [-0.18659031 -0.2995237  -0.33807369  0.44182907]
2025-12-13 21:18:14,479 - INFO - num_full_subsets = 2
2025-12-13 21:18:14,485 - INFO - phi = [-0.18409426  0.03222209 -0.28828142  0.53409418]
2025-12-13 21:18:14,501 - INFO - num_full_subsets = 2
2025-12-13 21:18:14,507 - INFO - phi = [-0.09445882 -0.07901032 -0.28828142  0.46489535]
2025-12-13 21:18:14,522 - INFO - num_full_subsets = 2
2025-12-13 21:18:14,528 - INFO - phi = [-0.00771484  0.03027064 -0.30487885  0.41876279]
2025-12-13 21:18:14,543 - INFO - num_full_subsets = 2
2025-12-13 21:18:14,549 - INFO - phi = [-0.18701044 -0.252689   -0.08911235 -0.75761741]
2025-12-13 21:18:14,564 - INFO - num_full_subsets = 2
2025-12-13 21:18:14,570 - INFO - phi = [-0.18261146  0.13955161  0.22623868  0.51102791]
2025-12-13 21:18:14,585 - INFO - num_full_subsets = 2
2025-12-13 21:18:14,590 - INFO - phi = [-0.16192636 -0.1590196   0.00217347  0.6263593 ]
2025-12-13 21:18:14,605 - INFO - num_full_subsets = 2
2025-12-13 21:18:14,611 - INFO - phi = [ 0.68327137  0.07905679 -0.32147627 -0.71148485]
2025-12-13 21:18:14,626 - INFO - num_full_subsets = 2
2025-12-13 21:18:14,632 - INFO - phi = [-0.18663974 -0.38538731 -0.58703503 -0.0194965 ]
2025-12-13 21:18:14,648 - INFO - num_full_subsets = 2
2025-12-13 21:18:14,653 - INFO - phi = [-0.13968431  0.43031703 -0.32147627  0.39569651]
2025-12-13 21:18:14,668 - INFO - num_full_subsets = 2
2025-12-13 21:18:14,674 - INFO - phi = [-0.18903694  0.11027992  0.17644641  0.67249185]
2025-12-13 21:18:14,689 - INFO - num_full_subsets = 2
2025-12-13 21:18:14,694 - INFO - phi = [-0.18570063 -0.33464972 -0.10570978  0.16503373]
2025-12-13 21:18:14,710 - INFO - num_full_subsets = 2
2025-12-13 21:18:14,715 - INFO - phi = [-0.17611184  0.0283192   0.50839486  0.55716046]
2025-12-13 21:18:14,730 - INFO - num_full_subsets = 2
2025-12-13 21:18:14,736 - INFO - phi = [-0.18164764  0.14930883 -0.271684    0.3034314 ]
2025-12-13 21:18:14,751 - INFO - num_full_subsets = 2
2025-12-13 21:18:14,757 - INFO - phi = [-0.18500866 -0.33855261  0.14325156  0.44182907]
2025-12-13 21:18:14,772 - INFO - num_full_subsets = 2
2025-12-13 21:18:14,778 - INFO - phi = [-0.1850828  -0.33855261  0.69096651 -1.86479877]
2025-12-13 21:18:14,793 - INFO - num_full_subsets = 2
2025-12-13 21:18:14,798 - INFO - phi = [-0.09198748 -0.15511671  0.57478455  0.67249185]
2025-12-13 21:18:14,813 - INFO - num_full_subsets = 2
2025-12-13 21:18:14,819 - INFO - phi = [-0.18807312 -0.35611562 -0.30487885  0.44182907]
2025-12-13 21:18:14,834 - INFO - num_full_subsets = 2
2025-12-13 21:18:14,840 - INFO - phi = [ 0.84885105  0.10442558  0.51669358 -0.98828019]
2025-12-13 21:18:14,855 - INFO - num_full_subsets = 2
2025-12-13 21:18:14,861 - INFO - phi = [-0.18668917 -0.26830056  0.07686187 -0.20402672]
2025-12-13 21:18:14,876 - INFO - num_full_subsets = 2
2025-12-13 21:18:14,882 - INFO - phi = [ 0.02095268  0.15516317 -0.53724277  0.37263024]
2025-12-13 21:18:14,897 - INFO - num_full_subsets = 2
2025-12-13 21:18:14,902 - INFO - phi = [-0.18624433  0.15126028  0.18474512  0.21116629]
2025-12-13 21:18:14,917 - INFO - num_full_subsets = 2
2025-12-13 21:18:14,923 - INFO - phi = [-0.18748    -0.37367864  0.15984899 -0.73455113]
2025-12-13 21:18:14,938 - INFO - num_full_subsets = 2
2025-12-13 21:18:14,944 - INFO - phi = [-0.18829554 -0.37953297 -0.47085307  0.39569651]
2025-12-13 21:18:14,959 - INFO - num_full_subsets = 2
2025-12-13 21:18:14,965 - INFO - phi = [ 0.7104561   0.0966198  -0.52064534 -0.57308718]
2025-12-13 21:18:14,980 - INFO - num_full_subsets = 2
2025-12-13 21:18:14,986 - INFO - phi = [-0.18930879  0.06734811  0.06856316  0.53409418]
2025-12-13 21:18:15,001 - INFO - num_full_subsets = 2
2025-12-13 21:18:15,006 - INFO - phi = [ 0.67338602 -0.22536876 -0.38786596 -0.84988252]
2025-12-13 21:18:15,022 - INFO - num_full_subsets = 2
2025-12-13 21:18:15,027 - INFO - phi = [-0.18708458  0.36787076 -0.31317756  0.58022674]
2025-12-13 21:18:15,042 - INFO - num_full_subsets = 2
2025-12-13 21:18:15,048 - INFO - phi = [-0.18683745  0.13369727 -0.52894405  0.21116629]
2025-12-13 21:18:15,064 - INFO - num_full_subsets = 2
2025-12-13 21:18:15,069 - INFO - phi = [ 0.53746241 -0.00095249 -0.27998271 -0.89601508]
2025-12-13 21:18:15,085 - INFO - num_full_subsets = 2
2025-12-13 21:18:15,090 - INFO - phi = [ 0.50533501  0.03807642  0.63287553 -0.25015928]
2025-12-13 21:18:15,105 - INFO - num_full_subsets = 2
2025-12-13 21:18:15,111 - INFO - phi = [ 0.69068539  0.03222209 -0.5621389  -0.45775579]
2025-12-13 21:18:15,126 - INFO - num_full_subsets = 2
2025-12-13 21:18:15,132 - INFO - phi = [-0.18663974 -0.38538731 -0.58703503 -0.0194965 ]
2025-12-13 21:18:15,147 - INFO - num_full_subsets = 2
2025-12-13 21:18:15,152 - INFO - phi = [-0.18832025  0.0244163  -0.33807369  0.16503373]
2025-12-13 21:18:15,168 - INFO - num_full_subsets = 2
2025-12-13 21:18:15,174 - INFO - phi = [-0.18624433  0.84012064  0.37561548  0.02663606]
2025-12-13 21:18:15,189 - INFO - num_full_subsets = 2
2025-12-13 21:18:15,195 - INFO - phi = [-0.18762828  0.10052269 -0.4874505   0.3034314 ]
2025-12-13 21:18:15,210 - INFO - num_full_subsets = 2
2025-12-13 21:18:15,215 - INFO - phi = [ 0.32739864  0.29566727 -0.1969956   0.23423257]
2025-12-13 21:18:15,230 - INFO - num_full_subsets = 2
2025-12-13 21:18:15,236 - INFO - phi = [-0.18757885  0.30737594 -0.15550204  0.07276862]
2025-12-13 21:18:15,251 - INFO - num_full_subsets = 2
2025-12-13 21:18:15,257 - INFO - phi = [-0.18923465 -0.2995237  -0.13890462  0.02663606]
2025-12-13 21:18:15,272 - INFO - num_full_subsets = 2
2025-12-13 21:18:15,278 - INFO - phi = [-0.1815735  -0.15706815  0.40881033 -1.1958767 ]
2025-12-13 21:18:15,293 - INFO - num_full_subsets = 2
2025-12-13 21:18:15,299 - INFO - phi = [-0.17339337 -0.00485538  0.26773223  0.51102791]
2025-12-13 21:18:15,314 - INFO - num_full_subsets = 2
2025-12-13 21:18:15,320 - INFO - phi = [-0.18636789 -0.32879538  0.34242064 -1.01134647]
2025-12-13 21:18:15,335 - INFO - num_full_subsets = 2
2025-12-13 21:18:15,340 - INFO - phi = [-0.18095566 -0.15316526  0.43370646  0.48796163]
2025-12-13 21:18:15,355 - INFO - num_full_subsets = 2
2025-12-13 21:18:15,361 - INFO - phi = [ 0.59924587 -0.09267044  0.22623868 -0.15789417]
2025-12-13 21:18:15,377 - INFO - num_full_subsets = 2
2025-12-13 21:18:15,382 - INFO - phi = [-0.18841911 -0.34830984  0.1681477  -0.71148485]
2025-12-13 21:18:15,397 - INFO - num_full_subsets = 2
2025-12-13 21:18:15,403 - INFO - phi = [ 0.79695294  0.41080257  0.50839486 -0.89601508]
2025-12-13 21:18:15,418 - INFO - num_full_subsets = 2
2025-12-13 21:18:15,424 - INFO - phi = [-0.18540407 -0.31513526 -0.03932008 -0.11176161]
2025-12-13 21:18:15,439 - INFO - num_full_subsets = 2
2025-12-13 21:18:15,444 - INFO - phi = [-0.18369885  1.09185715  0.27603095  0.23423257]
2025-12-13 21:18:15,460 - INFO - num_full_subsets = 2
2025-12-13 21:18:15,465 - INFO - phi = [0.17170433 0.12003715 0.59968069 0.51102791]
2025-12-13 21:18:15,481 - INFO - num_full_subsets = 2
2025-12-13 21:18:15,487 - INFO - phi = [-0.18683745 -0.3424555  -0.03102137  0.21116629]
2025-12-13 21:18:15,502 - INFO - num_full_subsets = 2
2025-12-13 21:18:15,507 - INFO - phi = [0.18158968 0.10637703 0.1681477  0.04970234]
2025-12-13 21:18:15,522 - INFO - num_full_subsets = 2
2025-12-13 21:18:15,528 - INFO - phi = [ 0.28785723 -0.14340803 -0.03102137  0.23423257]
2025-12-13 21:18:15,543 - INFO - num_full_subsets = 2
2025-12-13 21:18:15,549 - INFO - phi = [ 0.33481266 -0.11413635  0.3175245   0.14196745]
2025-12-13 21:18:15,564 - INFO - num_full_subsets = 2
2025-12-13 21:18:15,569 - INFO - phi = [-0.18634318 -0.31513526  0.49179744 -0.8729488 ]
2025-12-13 21:18:15,585 - INFO - num_full_subsets = 2
2025-12-13 21:18:15,591 - INFO - phi = [-0.16612763 -0.13560225  0.02706961  0.53409418]
2025-12-13 21:18:15,606 - INFO - num_full_subsets = 2
2025-12-13 21:18:15,612 - INFO - phi = [ 0.79942428 -0.10242767 -0.01442395 -0.75761741]
2025-12-13 21:18:15,627 - INFO - num_full_subsets = 2
2025-12-13 21:18:15,632 - INFO - phi = [-0.18854267 -0.36587285  0.25113481 -2.5798534 ]
2025-12-13 21:18:15,647 - INFO - num_full_subsets = 2
2025-12-13 21:18:15,653 - INFO - phi = [-0.18728229 -0.30732948 -0.44595694  0.09583489]
2025-12-13 21:18:15,668 - INFO - num_full_subsets = 2
2025-12-13 21:18:15,674 - INFO - phi = [-0.18451439 -0.01070972  0.18474512  0.44182907]
2025-12-13 21:18:15,690 - INFO - num_full_subsets = 2
2025-12-13 21:18:15,695 - INFO - phi = [-0.18599719 -0.30342659  0.11005672  0.34956396]
2025-12-13 21:18:15,710 - INFO - num_full_subsets = 2
2025-12-13 21:18:15,716 - INFO - phi = [-0.18357528  0.77962582  0.37561548  0.58022674]
2025-12-13 21:18:15,731 - INFO - num_full_subsets = 2
2025-12-13 21:18:15,737 - INFO - phi = [ 0.56464713  0.0244163  -0.06421622  0.11890117]
2025-12-13 21:18:15,752 - INFO - num_full_subsets = 2
2025-12-13 21:18:15,757 - INFO - phi = [-0.18130165  0.47324883  0.43370646  0.44182907]
2025-12-13 21:18:15,772 - INFO - num_full_subsets = 2
2025-12-13 21:18:15,778 - INFO - phi = [-0.18382242 -0.35611562  0.64117425 -1.12667786]
2025-12-13 21:18:15,794 - INFO - num_full_subsets = 2
2025-12-13 21:18:15,799 - INFO - phi = [-0.16998292 -0.24878611 -0.03932008  0.25729884]
2025-12-13 21:18:15,814 - INFO - num_full_subsets = 2
2025-12-13 21:18:15,820 - INFO - phi = [ 0.12722023 -0.252689    0.56648584  1.01848603]
2025-12-13 21:18:15,835 - INFO - num_full_subsets = 2
2025-12-13 21:18:15,841 - INFO - phi = [-0.17996713  0.04002787  0.50009615  0.67249185]
2025-12-13 21:18:16,340 - INFO - Computing feature importance...
2025-12-13 21:18:16,781 - INFO - Experiment completed for ElasticNet
2025-12-13 21:18:16,781 - INFO - Total time: 15.00s (0.25 min)
2025-12-13 21:18:16,781 - INFO - Starting comprehensive experiment for ElasticNet
2025-12-13 21:18:25,108 - INFO - Performing feature analysis...
2025-12-13 21:18:26,268 - INFO - Model justification: Linear model with L1 and L2 regularization for handling multicollinearity
2025-12-13 21:18:26,268 - INFO - Performing robust cross-validation...
2025-12-13 21:18:26,301 - INFO - CV Results - MSE: 2.9864 ± 0.4242
2025-12-13 21:18:26,301 - INFO - Starting hyperparameter optimization...
2025-12-13 21:18:26,876 - INFO - Best parameters for ElasticNet: {'alpha': 0.02261322404296508, 'l1_ratio': 0.7011349118625345}
2025-12-13 21:18:26,876 - INFO - ⏱️ HPO took 0.57 seconds
2025-12-13 21:18:26,876 - INFO - Training final model...
2025-12-13 21:18:26,878 - INFO - ⏱️ Training took 0.00 seconds
2025-12-13 21:18:26,878 - INFO - Performing residual analysis...
2025-12-13 21:18:27,910 - INFO - Generating XAI explanations...
2025-12-13 21:18:27,910 - WARNING - Using 168 background data samples could cause slower run times. Consider using shap.sample(data, K) or shap.kmeans(data, K) to summarize the background as K samples.
2025-12-13 21:18:27,926 - INFO - num_full_subsets = 2
2025-12-13 21:18:27,931 - INFO - phi = [ 0.20003148 -0.02357317 -0.24353855  0.52525282]
2025-12-13 21:18:27,946 - INFO - num_full_subsets = 2
2025-12-13 21:18:27,952 - INFO - phi = [ 0.28946438 -0.03518207  0.26397074  0.42701461]
2025-12-13 21:18:27,967 - INFO - num_full_subsets = 2
2025-12-13 21:18:27,973 - INFO - phi = [-0.16217179  0.04276339 -0.1881739   0.08318087]
2025-12-13 21:18:27,990 - INFO - num_full_subsets = 2
2025-12-13 21:18:27,995 - INFO - phi = [-0.15310654  0.10246629  0.57770376  0.64805059]
2025-12-13 21:18:28,012 - INFO - num_full_subsets = 2
2025-12-13 21:18:28,018 - INFO - phi = [-0.14924467  0.09251581 -0.37272273  0.18141908]
2025-12-13 21:18:28,033 - INFO - num_full_subsets = 2
2025-12-13 21:18:28,038 - INFO - phi = [ 0.61060981  0.05934753  0.00560238 -0.72728438]
2025-12-13 21:18:28,053 - INFO - num_full_subsets = 2
2025-12-13 21:18:28,058 - INFO - phi = [-0.14607387  0.07261484 -0.21585623 -0.0396169 ]
2025-12-13 21:18:28,073 - INFO - num_full_subsets = 2
2025-12-13 21:18:28,079 - INFO - phi = [ 0.45410223  0.13729299 -0.35426785 -0.21153377]
2025-12-13 21:18:28,093 - INFO - num_full_subsets = 2
2025-12-13 21:18:28,099 - INFO - phi = [-0.16196853 -0.05674145  0.43929214 -0.70272483]
2025-12-13 21:18:28,113 - INFO - num_full_subsets = 2
2025-12-13 21:18:28,119 - INFO - phi = [-0.16278156 -0.16453836 -0.54804413  0.67261014]
2025-12-13 21:18:28,134 - INFO - num_full_subsets = 2
2025-12-13 21:18:28,140 - INFO - phi = [-0.15765949  0.20528796 -0.28967576  0.3778955 ]
2025-12-13 21:18:28,155 - INFO - num_full_subsets = 2
2025-12-13 21:18:28,160 - INFO - phi = [ 0.50085125  0.24840672 -0.32658553 -0.35889109]
2025-12-13 21:18:28,175 - INFO - num_full_subsets = 2
2025-12-13 21:18:28,180 - INFO - phi = [-0.12395955 -0.00533062 -0.46499715  0.52525282]
2025-12-13 21:18:28,195 - INFO - num_full_subsets = 2
2025-12-13 21:18:28,200 - INFO - phi = [-0.14867555 -0.09986021 -0.44654227  0.84452701]
2025-12-13 21:18:28,215 - INFO - num_full_subsets = 2
2025-12-13 21:18:28,220 - INFO - phi = [-0.16144007  0.20694637  0.21783353  0.27965729]
2025-12-13 21:18:28,236 - INFO - num_full_subsets = 2
2025-12-13 21:18:28,241 - INFO - phi = [0.0144582  0.04276339 0.39315493 0.10774042]
2025-12-13 21:18:28,256 - INFO - num_full_subsets = 2
2025-12-13 21:18:28,261 - INFO - phi = [-0.16166365 -0.26570161 -0.08667204 -2.39733399]
2025-12-13 21:18:28,276 - INFO - num_full_subsets = 2
2025-12-13 21:18:28,281 - INFO - phi = [-0.16235472 -0.2524343  -0.60340878 -0.11329556]
2025-12-13 21:18:28,296 - INFO - num_full_subsets = 2
2025-12-13 21:18:28,302 - INFO - phi = [-0.1587774   0.24343148  0.56847632  0.3287764 ]
2025-12-13 21:18:28,316 - INFO - num_full_subsets = 2
2025-12-13 21:18:28,322 - INFO - phi = [-0.13208981  0.15387713 -0.48345203  0.62349103]
2025-12-13 21:18:28,337 - INFO - num_full_subsets = 2
2025-12-13 21:18:28,343 - INFO - phi = [-0.16227342 -0.23750857 -0.44654227  0.27965729]
2025-12-13 21:18:28,357 - INFO - num_full_subsets = 2
2025-12-13 21:18:28,363 - INFO - phi = [-0.16365556  0.09251581 -0.35426785  0.40245506]
2025-12-13 21:18:28,378 - INFO - num_full_subsets = 2
2025-12-13 21:18:28,383 - INFO - phi = [-0.16219211 -0.26736003 -0.44654227 -0.77640349]
2025-12-13 21:18:28,398 - INFO - num_full_subsets = 2
2025-12-13 21:18:28,403 - INFO - phi = [-0.16261895 -0.24248382 -0.09589948 -0.21153377]
2025-12-13 21:18:28,418 - INFO - num_full_subsets = 2
2025-12-13 21:18:28,424 - INFO - phi = [ 0.10043574  0.1157336  -0.04053483  0.62349103]
2025-12-13 21:18:28,439 - INFO - num_full_subsets = 2
2025-12-13 21:18:28,444 - INFO - phi = [-0.0056642  -0.04347414  0.51311167  0.57437193]
2025-12-13 21:18:28,459 - INFO - num_full_subsets = 2
2025-12-13 21:18:28,465 - INFO - phi = [ 0.35857163 -0.03186524 -0.32658553 -0.30977198]
2025-12-13 21:18:28,479 - INFO - num_full_subsets = 2
2025-12-13 21:18:28,485 - INFO - phi = [0.18783608 0.34293632 0.64229585 0.42701461]
2025-12-13 21:18:28,500 - INFO - num_full_subsets = 2
2025-12-13 21:18:28,505 - INFO - phi = [-0.16046443 -0.19604822  0.6976605  -1.63598785]
2025-12-13 21:18:28,520 - INFO - num_full_subsets = 2
2025-12-13 21:18:28,525 - INFO - phi = [-0.16215146 -0.24248382 -0.31735808  0.59893148]
2025-12-13 21:18:28,541 - INFO - num_full_subsets = 2
2025-12-13 21:18:28,546 - INFO - phi = [-0.16261895 -0.26901844 -0.59418134 -0.18697422]
2025-12-13 21:18:28,561 - INFO - num_full_subsets = 2
2025-12-13 21:18:28,567 - INFO - phi = [-0.16207016 -0.12639484 -0.52958924  0.05862131]
2025-12-13 21:18:28,581 - INFO - num_full_subsets = 2
2025-12-13 21:18:28,587 - INFO - phi = [-0.12924422 -0.06005828 -0.35426785  0.25509774]
2025-12-13 21:18:28,601 - INFO - num_full_subsets = 2
2025-12-13 21:18:28,607 - INFO - phi = [-0.16198886 -0.11976118 -0.80641249  1.01644388]
2025-12-13 21:18:28,622 - INFO - num_full_subsets = 2
2025-12-13 21:18:28,627 - INFO - phi = [ 0.50694895  0.0444218  -0.32658553 -0.4571293 ]
2025-12-13 21:18:28,642 - INFO - num_full_subsets = 2
2025-12-13 21:18:28,648 - INFO - phi = [-0.16231407 -0.09322656  0.48542934  0.23053819]
2025-12-13 21:18:28,662 - INFO - num_full_subsets = 2
2025-12-13 21:18:28,668 - INFO - phi = [-0.08777987  0.00461987  0.27319818  1.23747986]
2025-12-13 21:18:28,683 - INFO - num_full_subsets = 2
2025-12-13 21:18:28,688 - INFO - phi = [ 0.62077264 -0.08990973  0.48542934 -0.72728438]
2025-12-13 21:18:28,703 - INFO - num_full_subsets = 2
2025-12-13 21:18:28,709 - INFO - phi = [-0.16089127 -0.19604822  0.75302515  0.13229997]
2025-12-13 21:18:28,723 - INFO - num_full_subsets = 2
2025-12-13 21:18:28,729 - INFO - phi = [-0.16211081 -0.20931554  0.40238237 -0.53080796]
2025-12-13 21:18:28,744 - INFO - num_full_subsets = 2
2025-12-13 21:18:28,750 - INFO - phi = [-0.16172462 -0.25077589 -0.26199343  0.08318087]
2025-12-13 21:18:28,764 - INFO - num_full_subsets = 2
2025-12-13 21:18:28,770 - INFO - phi = [-0.15725298  1.3960292   0.4762019   0.57437193]
2025-12-13 21:18:28,785 - INFO - num_full_subsets = 2
2025-12-13 21:18:28,790 - INFO - phi = [-0.16192788 -0.25906796  0.01482982 -1.43951142]
2025-12-13 21:18:28,805 - INFO - num_full_subsets = 2
2025-12-13 21:18:28,811 - INFO - phi = [-0.15906196 -0.18941457  0.70688794 -1.78334516]
2025-12-13 21:18:28,825 - INFO - num_full_subsets = 2
2025-12-13 21:18:28,831 - INFO - phi = [ 0.57605619  0.16051078 -0.56649901 -0.55536751]
2025-12-13 21:18:28,846 - INFO - num_full_subsets = 2
2025-12-13 21:18:28,852 - INFO - phi = [ 0.67565193  0.1621692   0.43006469 -0.85008215]
2025-12-13 21:18:28,866 - INFO - num_full_subsets = 2
2025-12-13 21:18:28,872 - INFO - phi = [-0.02090845 -0.11146911 -0.53881669  0.45157416]
2025-12-13 21:18:28,886 - INFO - num_full_subsets = 2
2025-12-13 21:18:28,892 - INFO - phi = [-0.16196853 -0.2292165   0.52233911 -0.0396169 ]
2025-12-13 21:18:28,908 - INFO - num_full_subsets = 2
2025-12-13 21:18:28,914 - INFO - phi = [ 0.64922857 -0.00864744 -0.00362507 -0.75184394]
2025-12-13 21:18:28,931 - INFO - num_full_subsets = 2
2025-12-13 21:18:28,936 - INFO - phi = [-0.16062704 -0.17946408  0.65152329 -0.30977198]
2025-12-13 21:18:28,951 - INFO - num_full_subsets = 2
2025-12-13 21:18:28,957 - INFO - phi = [0.30165978 0.17377809 0.45774702 0.3778955 ]
2025-12-13 21:18:28,972 - INFO - num_full_subsets = 2
2025-12-13 21:18:28,977 - INFO - phi = [ 0.5577631   0.16548602 -0.53881669 -0.55536751]
2025-12-13 21:18:28,992 - INFO - num_full_subsets = 2
2025-12-13 21:18:28,998 - INFO - phi = [ 4.84590720e-01 -3.55374426e-04  2.63970743e-01 -1.13295557e-01]
2025-12-13 21:18:29,012 - INFO - num_full_subsets = 2
2025-12-13 21:18:29,018 - INFO - phi = [-0.16259863 -0.19604822 -0.62186366  0.72172925]
2025-12-13 21:18:29,032 - INFO - num_full_subsets = 2
2025-12-13 21:18:29,038 - INFO - phi = [-0.1547326   0.45073323  0.61461353  0.3778955 ]
2025-12-13 21:18:29,053 - INFO - num_full_subsets = 2
2025-12-13 21:18:29,059 - INFO - phi = [ 0.01994613 -0.13800374 -0.06821716  0.67261014]
2025-12-13 21:18:29,073 - INFO - num_full_subsets = 2
2025-12-13 21:18:29,079 - INFO - phi = [-0.16351328  0.19036223 -0.34504041  0.47613372]
2025-12-13 21:18:29,094 - INFO - num_full_subsets = 2
2025-12-13 21:18:29,099 - INFO - phi = [ 0.48052559 -0.0152811  -0.21585623 -0.80096304]
2025-12-13 21:18:29,114 - INFO - num_full_subsets = 2
2025-12-13 21:18:29,120 - INFO - phi = [ 0.54963283  0.08422374  0.67920562 -0.67816528]
2025-12-13 21:18:29,135 - INFO - num_full_subsets = 2
2025-12-13 21:18:29,140 - INFO - phi = [-0.15666354  0.40595605 -0.62186366  0.69716969]
2025-12-13 21:18:29,155 - INFO - num_full_subsets = 2
2025-12-13 21:18:29,161 - INFO - phi = [-0.16282221 -0.19604822  0.05173958 -0.53080796]
2025-12-13 21:18:29,176 - INFO - num_full_subsets = 2
2025-12-13 21:18:29,181 - INFO - phi = [0.00592142 0.27328293 0.38392749 0.69716969]
2025-12-13 21:18:29,196 - INFO - num_full_subsets = 2
2025-12-13 21:18:29,201 - INFO - phi = [ 0.38296242  0.20197113 -0.32658553 -0.60448662]
2025-12-13 21:18:29,216 - INFO - num_full_subsets = 2
2025-12-13 21:18:29,221 - INFO - phi = [-0.06318582 -0.08161766  0.57770376  0.7462888 ]
2025-12-13 21:18:29,236 - INFO - num_full_subsets = 2
2025-12-13 21:18:29,242 - INFO - phi = [-0.16270026 -0.24911747 -0.4096325  -1.68510695]
2025-12-13 21:18:29,257 - INFO - num_full_subsets = 2
2025-12-13 21:18:29,262 - INFO - phi = [0.16954299 0.05768912 0.64229585 0.64805059]
2025-12-13 21:18:29,277 - INFO - num_full_subsets = 2
2025-12-13 21:18:29,283 - INFO - phi = [-0.16148072 -0.22589968 -0.15126413  0.05862131]
2025-12-13 21:18:29,297 - INFO - num_full_subsets = 2
2025-12-13 21:18:29,303 - INFO - phi = [-0.15920424 -0.15624629  0.67920562 -1.78334516]
2025-12-13 21:18:29,317 - INFO - num_full_subsets = 2
2025-12-13 21:18:29,323 - INFO - phi = [-0.15916359 -0.03684048  0.72534283  0.08318087]
2025-12-13 21:18:29,337 - INFO - num_full_subsets = 2
2025-12-13 21:18:29,343 - INFO - phi = [-0.16351328  0.19036223 -0.34504041  0.47613372]
2025-12-13 21:18:29,358 - INFO - num_full_subsets = 2
2025-12-13 21:18:29,364 - INFO - phi = [-0.16111485 -0.1098107  -0.50190692  0.42701461]
2025-12-13 21:18:29,379 - INFO - num_full_subsets = 2
2025-12-13 21:18:29,384 - INFO - phi = [-0.07131609 -0.03020683  0.00560238  0.47613372]
2025-12-13 21:18:29,399 - INFO - num_full_subsets = 2
2025-12-13 21:18:29,404 - INFO - phi = [0.23255253 0.11407519 0.19937865 0.47613372]
2025-12-13 21:18:29,419 - INFO - num_full_subsets = 2
2025-12-13 21:18:29,425 - INFO - phi = [-0.16253765 -0.25077589 -0.10512693  0.25509774]
2025-12-13 21:18:29,439 - INFO - num_full_subsets = 2
2025-12-13 21:18:29,445 - INFO - phi = [0.36060419 0.02783766 0.49465679 0.40245506]
2025-12-13 21:18:29,460 - INFO - num_full_subsets = 2
2025-12-13 21:18:29,466 - INFO - phi = [ 0.09027291 -0.09488497 -0.48345203  0.69716969]
2025-12-13 21:18:29,480 - INFO - num_full_subsets = 2
2025-12-13 21:18:29,486 - INFO - phi = [-0.15822861 -0.13966215  0.49465679  0.62349103]
2025-12-13 21:18:29,501 - INFO - num_full_subsets = 2
2025-12-13 21:18:29,506 - INFO - phi = [-0.04631553  0.10246629 -0.39117762  0.27965729]
2025-12-13 21:18:29,521 - INFO - num_full_subsets = 2
2025-12-13 21:18:29,527 - INFO - phi = [ 0.67565193  0.16382761  0.15324144 -0.99743947]
2025-12-13 21:18:29,541 - INFO - num_full_subsets = 2
2025-12-13 21:18:29,547 - INFO - phi = [-0.16127746 -0.1927314  -0.58495389  0.27965729]
2025-12-13 21:18:29,562 - INFO - num_full_subsets = 2
2025-12-13 21:18:29,568 - INFO - phi = [-0.02477033 -0.01030586 -0.22508367  0.23053819]
2025-12-13 21:18:29,582 - INFO - num_full_subsets = 2
2025-12-13 21:18:29,588 - INFO - phi = [-0.15759852 -0.05508304  0.46697446 -1.21847544]
2025-12-13 21:18:29,602 - INFO - num_full_subsets = 2
2025-12-13 21:18:29,608 - INFO - phi = [ 0.2223897  -0.03684048 -0.36349529 -0.06417645]
2025-12-13 21:18:29,623 - INFO - num_full_subsets = 2
2025-12-13 21:18:29,628 - INFO - phi = [-0.16229374  0.3644957  -0.49267948  0.30421684]
2025-12-13 21:18:29,643 - INFO - num_full_subsets = 2
2025-12-13 21:18:29,648 - INFO - phi = [-0.16009857 -0.17283043  0.5869312  -0.01505735]
2025-12-13 21:18:29,664 - INFO - num_full_subsets = 2
2025-12-13 21:18:29,669 - INFO - phi = [-0.15944815 -0.22424126  0.72534283 -1.14479679]
2025-12-13 21:18:29,684 - INFO - num_full_subsets = 2
2025-12-13 21:18:29,689 - INFO - phi = [-0.16127746  0.3761046   0.44851958  0.77084835]
2025-12-13 21:18:29,704 - INFO - num_full_subsets = 2
2025-12-13 21:18:29,709 - INFO - phi = [-0.1472121  -0.09986021 -0.08667204  0.52525282]
2025-12-13 21:18:29,724 - INFO - num_full_subsets = 2
2025-12-13 21:18:29,730 - INFO - phi = [-0.1587774  -0.09156814  0.70688794 -2.12717891]
2025-12-13 21:18:29,745 - INFO - num_full_subsets = 2
2025-12-13 21:18:29,755 - INFO - phi = [-0.16288319 -0.25077589 -0.71413808 -0.85008215]
2025-12-13 21:18:29,771 - INFO - num_full_subsets = 2
2025-12-13 21:18:29,776 - INFO - phi = [-0.08777987  0.00461987  0.27319818  1.23747986]
2025-12-13 21:18:29,791 - INFO - num_full_subsets = 2
2025-12-13 21:18:29,797 - INFO - phi = [-0.03899829  0.40595605  0.4762019   0.72172925]
2025-12-13 21:18:29,811 - INFO - num_full_subsets = 2
2025-12-13 21:18:29,817 - INFO - phi = [-0.1609116  -0.26901844 -0.03130739 -0.48168885]
2025-12-13 21:18:29,831 - INFO - num_full_subsets = 2
2025-12-13 21:18:29,837 - INFO - phi = [-0.14489498 -0.03684048  0.04251214  0.62349103]
2025-12-13 21:18:29,852 - INFO - num_full_subsets = 2
2025-12-13 21:18:29,857 - INFO - phi = [-0.16150104 -0.17283043  0.07019447  0.77084835]
2025-12-13 21:18:29,872 - INFO - num_full_subsets = 2
2025-12-13 21:18:29,878 - INFO - phi = [-0.16278156 -0.20268188  0.20860609 -0.40801019]
2025-12-13 21:18:29,893 - INFO - num_full_subsets = 2
2025-12-13 21:18:29,898 - INFO - phi = [ 0.49881868 -0.10815228  0.67920562 -0.18697422]
2025-12-13 21:18:29,913 - INFO - num_full_subsets = 2
2025-12-13 21:18:29,918 - INFO - phi = [ 0.5577631  -0.04347414 -0.00362507 -1.19391589]
2025-12-13 21:18:29,933 - INFO - num_full_subsets = 2
2025-12-13 21:18:29,938 - INFO - phi = [ 0.17564068 -0.06005828 -0.59418134 -0.01505735]
2025-12-13 21:18:29,953 - INFO - num_full_subsets = 2
2025-12-13 21:18:29,959 - INFO - phi = [-0.16209049 -0.21926602  0.61461353 -1.09567768]
2025-12-13 21:18:29,974 - INFO - num_full_subsets = 2
2025-12-13 21:18:29,980 - INFO - phi = [ 0.02482429  0.05271387 -0.45576971  0.3778955 ]
2025-12-13 21:18:29,994 - INFO - num_full_subsets = 2
2025-12-13 21:18:30,000 - INFO - phi = [-0.14979346  0.14724347 -0.44654227  0.47613372]
2025-12-13 21:18:30,015 - INFO - num_full_subsets = 2
2025-12-13 21:18:30,020 - INFO - phi = [-0.14924467  0.09251581 -0.37272273  0.18141908]
2025-12-13 21:18:30,035 - INFO - num_full_subsets = 2
2025-12-13 21:18:30,040 - INFO - phi = [-0.16054574 -0.22424126  0.01482982  0.3287764 ]
2025-12-13 21:18:30,055 - INFO - num_full_subsets = 2
2025-12-13 21:18:30,061 - INFO - phi = [-0.1632084  -0.18609774 -0.58495389 -0.30977198]
2025-12-13 21:18:30,076 - INFO - num_full_subsets = 2
2025-12-13 21:18:30,081 - INFO - phi = [-0.0146075   0.10412471 -0.32658553  0.50069327]
2025-12-13 21:18:30,096 - INFO - num_full_subsets = 2
2025-12-13 21:18:30,101 - INFO - phi = [ 0.14515219  0.58672318 -0.31735808  0.03406176]
2025-12-13 21:18:30,116 - INFO - num_full_subsets = 2
2025-12-13 21:18:30,122 - INFO - phi = [-0.16192788 -0.20434029  0.19937865 -1.04655857]
2025-12-13 21:18:30,136 - INFO - num_full_subsets = 2
2025-12-13 21:18:30,142 - INFO - phi = [-0.16235472 -0.07332559  0.44851958 -0.35889109]
2025-12-13 21:18:30,156 - INFO - num_full_subsets = 2
2025-12-13 21:18:30,162 - INFO - phi = [-0.11928465  0.11905043  0.144014    0.50069327]
2025-12-13 21:18:30,177 - INFO - num_full_subsets = 2
2025-12-13 21:18:30,183 - INFO - phi = [-0.16089127 -0.01196427 -0.58495389  0.18141908]
2025-12-13 21:18:30,197 - INFO - num_full_subsets = 2
2025-12-13 21:18:30,203 - INFO - phi = [-0.02477033 -0.01030586 -0.22508367  0.23053819]
2025-12-13 21:18:30,218 - INFO - num_full_subsets = 2
2025-12-13 21:18:30,223 - INFO - phi = [0.22645484 0.3993224  0.23628842 0.40245506]
2025-12-13 21:18:30,238 - INFO - num_full_subsets = 2
2025-12-13 21:18:30,243 - INFO - phi = [-0.01826611  0.03612973 -0.34504041  0.45157416]
2025-12-13 21:18:30,258 - INFO - num_full_subsets = 2
2025-12-13 21:18:30,264 - INFO - phi = [ 0.09027291 -0.09488497 -0.48345203  0.69716969]
2025-12-13 21:18:30,279 - INFO - num_full_subsets = 2
2025-12-13 21:18:30,284 - INFO - phi = [-0.16048476 -0.20931554  0.78070748 -1.93070248]
2025-12-13 21:18:30,299 - INFO - num_full_subsets = 2
2025-12-13 21:18:30,304 - INFO - phi = [ 0.63906574  0.15387713  0.56847632 -1.02199902]
2025-12-13 21:18:30,319 - INFO - num_full_subsets = 2
2025-12-13 21:18:30,325 - INFO - phi = [-0.1579847  -0.16287995  0.88220934 -2.17629801]
2025-12-13 21:18:30,339 - INFO - num_full_subsets = 2
2025-12-13 21:18:30,345 - INFO - phi = [-0.16239537 -0.18278091  0.61461353  0.79540791]
2025-12-13 21:18:30,360 - INFO - num_full_subsets = 2
2025-12-13 21:18:30,365 - INFO - phi = [0.00409211 0.07095643 0.64229585 0.77084835]
2025-12-13 21:18:30,381 - INFO - num_full_subsets = 2
2025-12-13 21:18:30,386 - INFO - phi = [ 0.40532065  0.0560307   0.19937865 -0.40801019]
2025-12-13 21:18:30,401 - INFO - num_full_subsets = 2
2025-12-13 21:18:30,406 - INFO - phi = [-0.15444804  0.11241678 -0.37272273  0.3778955 ]
2025-12-13 21:18:30,421 - INFO - num_full_subsets = 2
2025-12-13 21:18:30,427 - INFO - phi = [-0.15995629  0.02286242 -0.04976227  0.64805059]
2025-12-13 21:18:30,441 - INFO - num_full_subsets = 2
2025-12-13 21:18:30,447 - INFO - phi = [-0.16217179 -0.15292946 -0.33581297 -0.06417645]
2025-12-13 21:18:30,462 - INFO - num_full_subsets = 2
2025-12-13 21:18:30,467 - INFO - phi = [-0.16389947 -0.17614726 -0.14203669  0.08318087]
2025-12-13 21:18:30,482 - INFO - num_full_subsets = 2
2025-12-13 21:18:30,488 - INFO - phi = [-0.16300514 -0.08161766 -0.23431111 -0.21153377]
2025-12-13 21:18:30,503 - INFO - num_full_subsets = 2
2025-12-13 21:18:30,508 - INFO - phi = [-0.16235472 -0.26736003 -0.76027529 -0.4571293 ]
2025-12-13 21:18:30,523 - INFO - num_full_subsets = 2
2025-12-13 21:18:30,528 - INFO - phi = [-0.10790228  0.01954559  0.35624516  0.67261014]
2025-12-13 21:18:30,543 - INFO - num_full_subsets = 2
2025-12-13 21:18:30,549 - INFO - phi = [ 0.5455677  -0.11312753 -0.41885994 -0.85008215]
2025-12-13 21:18:30,563 - INFO - num_full_subsets = 2
2025-12-13 21:18:30,569 - INFO - phi = [-0.16318807 -0.23087492 -0.20662878 -0.06417645]
2025-12-13 21:18:30,584 - INFO - num_full_subsets = 2
2025-12-13 21:18:30,590 - INFO - phi = [ 0.51304664 -0.04513255  0.10710423 -0.70272483]
2025-12-13 21:18:30,604 - INFO - num_full_subsets = 2
2025-12-13 21:18:30,610 - INFO - phi = [-0.15412283  0.00627828 -0.36349529  0.62349103]
2025-12-13 21:18:30,625 - INFO - num_full_subsets = 2
2025-12-13 21:18:30,630 - INFO - phi = [-0.1548139   0.21855527 -0.28967576  0.62349103]
2025-12-13 21:18:30,645 - INFO - num_full_subsets = 2
2025-12-13 21:18:30,650 - INFO - phi = [-0.15078942  0.45239164 -0.0774446   0.72172925]
2025-12-13 21:18:30,665 - INFO - num_full_subsets = 2
2025-12-13 21:18:30,671 - INFO - phi = [-0.16204983  0.00296145 -0.39117762  0.59893148]
2025-12-13 21:18:30,686 - INFO - num_full_subsets = 2
2025-12-13 21:18:30,692 - INFO - phi = [-0.16282221 -0.21429078 -0.04976227  0.18141908]
2025-12-13 21:18:30,706 - INFO - num_full_subsets = 2
2025-12-13 21:18:30,712 - INFO - phi = [-0.05099043 -0.00864744  0.06096703  1.09012254]
2025-12-13 21:18:30,726 - INFO - num_full_subsets = 2
2025-12-13 21:18:30,732 - INFO - phi = [ 0.61467495  0.06100594 -0.00362507 -0.4571293 ]
2025-12-13 21:18:30,747 - INFO - num_full_subsets = 2
2025-12-13 21:18:30,752 - INFO - phi = [ 0.06181699  0.23513941 -0.13280925  0.47613372]
2025-12-13 21:18:30,767 - INFO - num_full_subsets = 2
2025-12-13 21:18:30,772 - INFO - phi = [-0.15812698  0.20528796  0.74379771 -2.05350025]
2025-12-13 21:18:30,788 - INFO - num_full_subsets = 2
2025-12-13 21:18:30,793 - INFO - phi = [-0.1617043  -0.23750857  0.59615864 -1.78334516]
2025-12-13 21:18:30,808 - INFO - num_full_subsets = 2
2025-12-13 21:18:30,813 - INFO - phi = [-0.15981401 -0.01196427  0.02405726  0.79540791]
2025-12-13 21:18:30,828 - INFO - num_full_subsets = 2
2025-12-13 21:18:30,834 - INFO - phi = [-0.12578886  0.18207016  0.22706098  0.69716969]
2025-12-13 21:18:30,849 - INFO - num_full_subsets = 2
2025-12-13 21:18:30,854 - INFO - phi = [-0.15440739  0.31474328 -0.45576971  0.69716969]
2025-12-13 21:18:30,869 - INFO - num_full_subsets = 2
2025-12-13 21:18:30,874 - INFO - phi = [-0.16288319  0.42917385 -0.34504041  0.7462888 ]
2025-12-13 21:18:30,890 - INFO - num_full_subsets = 2
2025-12-13 21:18:30,895 - INFO - phi = [0.1390545  0.25504038 0.57770376 0.45157416]
2025-12-13 21:18:30,911 - INFO - num_full_subsets = 2
2025-12-13 21:18:30,917 - INFO - phi = [-0.16089127 -0.01196427 -0.58495389  0.18141908]
2025-12-13 21:18:30,933 - INFO - num_full_subsets = 2
2025-12-13 21:18:30,939 - INFO - phi = [ 0.09637061 -0.13634532  0.64229585  1.13924165]
2025-12-13 21:18:30,956 - INFO - num_full_subsets = 2
2025-12-13 21:18:30,962 - INFO - phi = [ 0.18173838 -0.05010779  0.31010795  0.81996746]
2025-12-13 21:18:30,978 - INFO - num_full_subsets = 2
2025-12-13 21:18:30,984 - INFO - phi = [-0.16135876  0.0079367   0.48542934  0.72172925]
2025-12-13 21:18:31,001 - INFO - num_full_subsets = 2
2025-12-13 21:18:31,007 - INFO - phi = [-0.16180593 -0.14961263  0.09787679 -0.16241466]
2025-12-13 21:18:31,024 - INFO - num_full_subsets = 2
2025-12-13 21:18:31,030 - INFO - phi = [ 0.5638608  -0.17614726  0.2547433  -0.85008215]
2025-12-13 21:18:31,046 - INFO - num_full_subsets = 2
2025-12-13 21:18:31,052 - INFO - phi = [-0.1548139  -0.00864744 -0.10512693  0.57437193]
2025-12-13 21:18:31,068 - INFO - num_full_subsets = 2
2025-12-13 21:18:31,074 - INFO - phi = [-0.14143962 -0.05674145  0.01482982  0.72172925]
2025-12-13 21:18:31,091 - INFO - num_full_subsets = 2
2025-12-13 21:18:31,097 - INFO - phi = [-0.16253765  0.33961949 -0.16049158  0.13229997]
2025-12-13 21:18:31,114 - INFO - num_full_subsets = 2
2025-12-13 21:18:31,120 - INFO - phi = [-0.16176528 -0.24911747 -0.64031854  0.03406176]
2025-12-13 21:18:31,136 - INFO - num_full_subsets = 2
2025-12-13 21:18:31,142 - INFO - phi = [-0.1609116  -0.15292946  0.18092377 -0.89920125]
2025-12-13 21:18:31,159 - INFO - num_full_subsets = 2
2025-12-13 21:18:31,165 - INFO - phi = [ 0.35044136 -0.05674145 -0.54804413 -0.11329556]
2025-12-13 21:18:31,181 - INFO - num_full_subsets = 2
2025-12-13 21:18:31,187 - INFO - phi = [ 0.59028415 -0.05010779  0.67920562 -0.62904617]
2025-12-13 21:18:31,203 - INFO - num_full_subsets = 2
2025-12-13 21:18:31,209 - INFO - phi = [-0.16229374  0.42917385  0.05173958 -0.26065288]
2025-12-13 21:18:31,226 - INFO - num_full_subsets = 2
2025-12-13 21:18:31,231 - INFO - phi = [-0.16347263  0.06598119  0.19015121 -0.28521243]
2025-12-13 21:18:31,246 - INFO - num_full_subsets = 2
2025-12-13 21:18:31,251 - INFO - phi = [-0.16353361 -0.08493449 -0.04053483  0.50069327]
2025-12-13 21:18:31,266 - INFO - num_full_subsets = 2
2025-12-13 21:18:31,272 - INFO - phi = [-0.16335068  0.56018855 -0.44654227  0.15685953]
2025-12-13 21:18:31,286 - INFO - num_full_subsets = 2
2025-12-13 21:18:31,292 - INFO - phi = [-0.16111485 -0.1098107  -0.50190692  0.42701461]
2025-12-13 21:18:31,307 - INFO - num_full_subsets = 2
2025-12-13 21:18:31,313 - INFO - phi = [ 0.55979566  0.10578312 -0.61263622 -0.43256975]
2025-12-13 21:18:31,328 - INFO - num_full_subsets = 2
2025-12-13 21:18:31,334 - INFO - phi = [-0.16060671 -0.20599871  0.31010795 -0.33433153]
2025-12-13 21:18:31,349 - INFO - num_full_subsets = 2
2025-12-13 21:18:31,354 - INFO - phi = [-0.16310677 -0.18941457 -0.59418134  0.72172925]
2025-12-13 21:18:31,369 - INFO - num_full_subsets = 2
2025-12-13 21:18:31,374 - INFO - phi = [-0.16192788 -0.21263236 -0.02207995  0.27965729]
2025-12-13 21:18:31,887 - INFO - Computing feature importance...
2025-12-13 21:18:32,322 - INFO - Experiment completed for ElasticNet
2025-12-13 21:18:32,322 - INFO - Total time: 15.16s (0.25 min)
2025-12-13 21:18:32,322 - INFO - Starting comprehensive experiment for ElasticNet
2025-12-13 21:18:40,213 - INFO - Performing feature analysis...
2025-12-13 21:18:41,539 - INFO - Model justification: Linear model with L1 and L2 regularization for handling multicollinearity
2025-12-13 21:18:41,539 - INFO - Performing robust cross-validation...
2025-12-13 21:18:41,572 - INFO - CV Results - MSE: 2.9068 ± 0.3459
2025-12-13 21:18:41,572 - INFO - Starting hyperparameter optimization...
2025-12-13 21:18:42,152 - INFO - Best parameters for ElasticNet: {'alpha': 0.017716920813711616, 'l1_ratio': 0.10254391650705649}
2025-12-13 21:18:42,152 - INFO - ⏱️ HPO took 0.58 seconds
2025-12-13 21:18:42,152 - INFO - Training final model...
2025-12-13 21:18:42,154 - INFO - ⏱️ Training took 0.00 seconds
2025-12-13 21:18:42,154 - INFO - Performing residual analysis...
2025-12-13 21:18:43,206 - INFO - Generating XAI explanations...
2025-12-13 21:18:43,207 - WARNING - Using 168 background data samples could cause slower run times. Consider using shap.sample(data, K) or shap.kmeans(data, K) to summarize the background as K samples.
2025-12-13 21:18:43,221 - INFO - num_full_subsets = 2
2025-12-13 21:18:43,227 - INFO - phi = [-0.13144852 -0.27929643 -0.73297615 -0.08663056]
2025-12-13 21:18:43,242 - INFO - num_full_subsets = 2
2025-12-13 21:18:43,247 - INFO - phi = [-0.12990615  1.26184584  0.27834174  0.2378202 ]
2025-12-13 21:18:43,262 - INFO - num_full_subsets = 2
2025-12-13 21:18:43,268 - INFO - phi = [-0.13007067 -0.25072369  0.31044707  0.26099525]
2025-12-13 21:18:43,282 - INFO - num_full_subsets = 2
2025-12-13 21:18:43,288 - INFO - phi = [-0.13101666 -0.27215324 -0.35573852 -0.04028045]
2025-12-13 21:18:43,302 - INFO - num_full_subsets = 2
2025-12-13 21:18:43,308 - INFO - phi = [ 0.38783676 -0.12393214 -0.46810717 -0.17933078]
2025-12-13 21:18:43,323 - INFO - num_full_subsets = 2
2025-12-13 21:18:43,328 - INFO - phi = [ 0.21920426 -0.10428838 -0.28350153  0.19147009]
2025-12-13 21:18:43,343 - INFO - num_full_subsets = 2
2025-12-13 21:18:43,349 - INFO - phi = [-0.13095496  2.60119312  0.23821008  0.14511998]
2025-12-13 21:18:43,363 - INFO - num_full_subsets = 2
2025-12-13 21:18:43,369 - INFO - phi = [-0.13181869 -0.34894249 -0.38784385 -0.50378153]
2025-12-13 21:18:43,384 - INFO - num_full_subsets = 2
2025-12-13 21:18:43,389 - INFO - phi = [ 0.05756384 -0.1917924  -0.33968586  0.56227096]
2025-12-13 21:18:43,404 - INFO - num_full_subsets = 2
2025-12-13 21:18:43,409 - INFO - phi = [-0.13105779 -0.35608567 -0.58850216 -0.55013164]
2025-12-13 21:18:43,424 - INFO - num_full_subsets = 2
2025-12-13 21:18:43,430 - INFO - phi = [-0.1309344   0.32966014 -0.41994918  0.21464514]
2025-12-13 21:18:43,445 - INFO - num_full_subsets = 2
2025-12-13 21:18:43,450 - INFO - phi = [-0.13029689 -0.20786457  0.40676306 -0.6196568 ]
2025-12-13 21:18:43,465 - INFO - num_full_subsets = 2
2025-12-13 21:18:43,471 - INFO - phi = [-0.12597825 -0.18643502  0.54321071  0.65497117]
2025-12-13 21:18:43,485 - INFO - num_full_subsets = 2
2025-12-13 21:18:43,491 - INFO - phi = [-0.05163599 -0.12036055  0.57531604  0.65497117]
2025-12-13 21:18:43,505 - INFO - num_full_subsets = 2
2025-12-13 21:18:43,511 - INFO - phi = [-0.13227112 -0.20786457 -0.36376485 -0.13298067]
2025-12-13 21:18:43,526 - INFO - num_full_subsets = 2
2025-12-13 21:18:43,532 - INFO - phi = [-0.1206108   0.08143444 -0.34771219  0.05241977]
2025-12-13 21:18:43,547 - INFO - num_full_subsets = 2
2025-12-13 21:18:43,552 - INFO - phi = [-0.12435362 -0.07392984 -0.33165952  0.28417031]
2025-12-13 21:18:43,567 - INFO - num_full_subsets = 2
2025-12-13 21:18:43,572 - INFO - phi = [ 0.05920903 -0.01678436 -0.26744886  0.7940215 ]
2025-12-13 21:18:43,587 - INFO - num_full_subsets = 2
2025-12-13 21:18:43,593 - INFO - phi = [-0.1305231  -0.19000661  0.28636808  0.81719655]
2025-12-13 21:18:43,607 - INFO - num_full_subsets = 2
2025-12-13 21:18:43,613 - INFO - phi = [-0.09214892 -0.06857245 -0.39587018  0.42322063]
2025-12-13 21:18:43,628 - INFO - num_full_subsets = 2
2025-12-13 21:18:43,634 - INFO - phi = [-0.13177756 -0.32572713 -0.43600184  0.37687052]
2025-12-13 21:18:43,648 - INFO - num_full_subsets = 2
2025-12-13 21:18:43,654 - INFO - phi = [-0.12791135 -0.33465611  0.35057874  0.28417031]
2025-12-13 21:18:43,669 - INFO - num_full_subsets = 2
2025-12-13 21:18:43,674 - INFO - phi = [-0.12821983 -0.26858165  0.6636057  -0.64283186]
2025-12-13 21:18:43,689 - INFO - num_full_subsets = 2
2025-12-13 21:18:43,695 - INFO - phi = [-0.12780853 -0.25250948  0.70373736 -0.82823229]
2025-12-13 21:18:43,709 - INFO - num_full_subsets = 2
2025-12-13 21:18:43,715 - INFO - phi = [ 0.41662768 -0.13643272  0.42281573 -0.50378153]
2025-12-13 21:18:43,730 - INFO - num_full_subsets = 2
2025-12-13 21:18:43,736 - INFO - phi = [-0.13099609 -0.14179011  0.39873673 -0.41108132]
2025-12-13 21:18:43,750 - INFO - num_full_subsets = 2
2025-12-13 21:18:43,756 - INFO - phi = [-0.13216829  0.14215152 -0.29152786  0.37687052]
2025-12-13 21:18:43,771 - INFO - num_full_subsets = 2
2025-12-13 21:18:43,776 - INFO - phi = [-0.13146909 -0.2935828  -0.03468522  0.09876987]
2025-12-13 21:18:43,791 - INFO - num_full_subsets = 2
2025-12-13 21:18:43,801 - INFO - phi = [0.0711367  0.32430275 0.19807842 0.63179612]
2025-12-13 21:18:43,816 - INFO - num_full_subsets = 2
2025-12-13 21:18:43,822 - INFO - phi = [-0.13000898 -0.31144076  0.25426275 -1.29173337]
2025-12-13 21:18:43,837 - INFO - num_full_subsets = 2
2025-12-13 21:18:43,842 - INFO - phi = [ 0.45570106  0.00821679  0.31847341 -0.20250583]
2025-12-13 21:18:43,857 - INFO - num_full_subsets = 2
2025-12-13 21:18:43,863 - INFO - phi = [-0.0845399  -0.09893099 -0.03468522  0.65497117]
2025-12-13 21:18:43,878 - INFO - num_full_subsets = 2
2025-12-13 21:18:43,883 - INFO - phi = [-0.12815813  0.11000718  0.3666314   0.70132128]
2025-12-13 21:18:43,898 - INFO - num_full_subsets = 2
2025-12-13 21:18:43,903 - INFO - phi = [ 0.1040406   1.60114716  0.21413108 -0.29520605]
2025-12-13 21:18:43,918 - INFO - num_full_subsets = 2
2025-12-13 21:18:43,924 - INFO - phi = [ 0.01211532 -0.18286342 -0.46008084  0.35369547]
2025-12-13 21:18:43,939 - INFO - num_full_subsets = 2
2025-12-13 21:18:43,945 - INFO - phi = [ 0.51945237  0.08322024 -0.42797551 -0.27203099]
2025-12-13 21:18:43,959 - INFO - num_full_subsets = 2
2025-12-13 21:18:43,965 - INFO - phi = [0.16779191 0.04214692 0.11781509 0.49274579]
2025-12-13 21:18:43,980 - INFO - num_full_subsets = 2
2025-12-13 21:18:43,985 - INFO - phi = [-0.12859    -0.25250948  0.6876847  -0.73553207]
2025-12-13 21:18:44,000 - INFO - num_full_subsets = 2
2025-12-13 21:18:44,006 - INFO - phi = [-0.12986502  0.45109429 -0.45205451  0.2378202 ]
2025-12-13 21:18:44,020 - INFO - num_full_subsets = 2
2025-12-13 21:18:44,026 - INFO - phi = [-0.1269448  -0.13464692  0.42281573 -0.17933078]
2025-12-13 21:18:44,041 - INFO - num_full_subsets = 2
2025-12-13 21:18:44,047 - INFO - phi = [-0.13035858 -0.33287032 -0.21929087  0.00606966]
2025-12-13 21:18:44,061 - INFO - num_full_subsets = 2
2025-12-13 21:18:44,067 - INFO - phi = [-0.11452358  0.01535997 -0.17915921 -0.10980561]
2025-12-13 21:18:44,081 - INFO - num_full_subsets = 2
2025-12-13 21:18:44,087 - INFO - phi = [ 0.42074066  0.15465209 -0.2754752  -0.64283186]
2025-12-13 21:18:44,102 - INFO - num_full_subsets = 2
2025-12-13 21:18:44,107 - INFO - phi = [-0.06109586  0.15465209  0.54321071  0.70132128]
2025-12-13 21:18:44,122 - INFO - num_full_subsets = 2
2025-12-13 21:18:44,128 - INFO - phi = [-0.00618748  0.37430505  0.42281573  0.60862106]
2025-12-13 21:18:44,143 - INFO - num_full_subsets = 2
2025-12-13 21:18:44,149 - INFO - phi = [-0.13109892 -0.26322426  0.3425524  -0.52695659]
2025-12-13 21:18:44,163 - INFO - num_full_subsets = 2
2025-12-13 21:18:44,169 - INFO - phi = [-0.12937146 -0.24000891 -0.21126454 -0.52695659]
2025-12-13 21:18:44,183 - INFO - num_full_subsets = 2
2025-12-13 21:18:44,189 - INFO - phi = [-0.1233665  -0.07214405 -0.08284322  0.46957074]
2025-12-13 21:18:44,204 - INFO - num_full_subsets = 2
2025-12-13 21:18:44,209 - INFO - phi = [ 0.71687579  0.11357878  0.14189409 -1.01363272]
2025-12-13 21:18:44,224 - INFO - num_full_subsets = 2
2025-12-13 21:18:44,229 - INFO - phi = [-0.12828152  0.0510759  -0.25942253  0.51592085]
2025-12-13 21:18:44,245 - INFO - num_full_subsets = 2
2025-12-13 21:18:44,250 - INFO - phi = [-0.13070818 -0.19893559 -0.45205451 -0.0171054 ]
2025-12-13 21:18:44,265 - INFO - num_full_subsets = 2
2025-12-13 21:18:44,270 - INFO - phi = [0.05756384 0.13500833 0.28636808 0.2378202 ]
2025-12-13 21:18:44,285 - INFO - num_full_subsets = 2
2025-12-13 21:18:44,291 - INFO - phi = [-0.12961824 -0.28465382 -0.08284322  0.14511998]
2025-12-13 21:18:44,306 - INFO - num_full_subsets = 2
2025-12-13 21:18:44,311 - INFO - phi = [-0.13089327 -0.34715669 -0.45205451 -1.54665897]
2025-12-13 21:18:44,326 - INFO - num_full_subsets = 2
2025-12-13 21:18:44,332 - INFO - phi = [-0.09132632  0.41537836 -0.29152786  0.37687052]
2025-12-13 21:18:44,347 - INFO - num_full_subsets = 2
2025-12-13 21:18:44,352 - INFO - phi = [ 0.52356536  0.01000259 -0.24336987 -0.22568088]
2025-12-13 21:18:44,367 - INFO - num_full_subsets = 2
2025-12-13 21:18:44,373 - INFO - phi = [ 0.1369445   0.33144593 -0.17915921  0.60862106]
2025-12-13 21:18:44,388 - INFO - num_full_subsets = 2
2025-12-13 21:18:44,393 - INFO - phi = [-0.08968113  0.41894996  0.35057874  0.14511998]
2025-12-13 21:18:44,408 - INFO - num_full_subsets = 2
2025-12-13 21:18:44,413 - INFO - phi = [ 0.43102313  0.29394421  0.43886839 -0.36473121]
2025-12-13 21:18:44,428 - INFO - num_full_subsets = 2
2025-12-13 21:18:44,434 - INFO - phi = [-0.12778796 -0.13286112  0.0214991   0.7940215 ]
2025-12-13 21:18:44,449 - INFO - num_full_subsets = 2
2025-12-13 21:18:44,455 - INFO - phi = [-0.13056423  0.14393731 -0.49218617  0.19147009]
2025-12-13 21:18:44,470 - INFO - num_full_subsets = 2
2025-12-13 21:18:44,475 - INFO - phi = [-0.12949485  1.85115865  0.22215742  0.44639568]
2025-12-13 21:18:44,490 - INFO - num_full_subsets = 2
2025-12-13 21:18:44,496 - INFO - phi = [ 0.39606274 -0.0971452  -0.2754752  -0.36473121]
2025-12-13 21:18:44,513 - INFO - num_full_subsets = 2
2025-12-13 21:18:44,519 - INFO - phi = [0.17396139 0.21179758 0.51110538 0.35369547]
2025-12-13 21:18:44,534 - INFO - num_full_subsets = 2
2025-12-13 21:18:44,539 - INFO - phi = [ 0.52356536  0.08322024 -0.36376485 -0.6196568 ]
2025-12-13 21:18:44,555 - INFO - num_full_subsets = 2
2025-12-13 21:18:44,561 - INFO - phi = [-0.13079044 -0.32036974 -0.15508021 -0.24885594]
2025-12-13 21:18:44,575 - INFO - num_full_subsets = 2
2025-12-13 21:18:44,581 - INFO - phi = [ 0.18013087  0.56895685 -0.26744886 -0.04028045]
2025-12-13 21:18:44,596 - INFO - num_full_subsets = 2
2025-12-13 21:18:44,601 - INFO - phi = [-0.12608107  0.00643099  0.45492106  0.56227096]
2025-12-13 21:18:44,616 - INFO - num_full_subsets = 2
2025-12-13 21:18:44,622 - INFO - phi = [ 0.21097828 -0.12750374 -0.50823884 -0.08663056]
2025-12-13 21:18:44,636 - INFO - num_full_subsets = 2
2025-12-13 21:18:44,642 - INFO - phi = [ 0.38783676 -0.12393214 -0.46810717 -0.17933078]
2025-12-13 21:18:44,657 - INFO - num_full_subsets = 2
2025-12-13 21:18:44,663 - INFO - phi = [-0.01359085 -0.17214864 -0.40389651  0.33052041]
2025-12-13 21:18:44,678 - INFO - num_full_subsets = 2
2025-12-13 21:18:44,683 - INFO - phi = [-0.09667321  0.36537606  0.47097372  0.44639568]
2025-12-13 21:18:44,698 - INFO - num_full_subsets = 2
2025-12-13 21:18:44,704 - INFO - phi = [-0.02901456  0.26537147  0.25426275  0.33052041]
2025-12-13 21:18:44,718 - INFO - num_full_subsets = 2
2025-12-13 21:18:44,724 - INFO - phi = [-0.13167474 -0.30251178  0.08570976 -0.71235702]
2025-12-13 21:18:44,739 - INFO - num_full_subsets = 2
2025-12-13 21:18:44,744 - INFO - phi = [ 0.21714777 -0.11678896  0.27834174  0.70132128]
2025-12-13 21:18:44,760 - INFO - num_full_subsets = 2
2025-12-13 21:18:44,765 - INFO - phi = [ 0.05345085 -0.21143616 -0.05073789  0.56227096]
2025-12-13 21:18:44,780 - INFO - num_full_subsets = 2
2025-12-13 21:18:44,786 - INFO - phi = [-0.13081101 -0.01678436 -0.15508021  0.00606966]
2025-12-13 21:18:44,800 - INFO - num_full_subsets = 2
2025-12-13 21:18:44,806 - INFO - phi = [-0.02798631  0.48859601  0.25426275  0.88672171]
2025-12-13 21:18:44,821 - INFO - num_full_subsets = 2
2025-12-13 21:18:44,826 - INFO - phi = [ 0.11432307 -0.09893099 -0.46810717  0.70132128]
2025-12-13 21:18:44,841 - INFO - num_full_subsets = 2
2025-12-13 21:18:44,847 - INFO - phi = [-0.13146909 -0.25786687 -0.46810717 -0.78188218]
2025-12-13 21:18:44,862 - INFO - num_full_subsets = 2
2025-12-13 21:18:44,868 - INFO - phi = [-0.13138683 -0.20965037  0.38268406 -0.3183811 ]
2025-12-13 21:18:44,882 - INFO - num_full_subsets = 2
2025-12-13 21:18:44,888 - INFO - phi = [-0.13048197 -0.10250259  0.31847341  0.26099525]
2025-12-13 21:18:44,903 - INFO - num_full_subsets = 2
2025-12-13 21:18:44,908 - INFO - phi = [0.22331725 0.30644478 0.56728971 0.33052041]
2025-12-13 21:18:44,923 - INFO - num_full_subsets = 2
2025-12-13 21:18:44,929 - INFO - phi = [-0.12793192 -0.01678436  0.7117637  -1.59300908]
2025-12-13 21:18:44,943 - INFO - num_full_subsets = 2
2025-12-13 21:18:44,949 - INFO - phi = [-0.12883677 -0.04357131 -0.05073789  0.65497117]
2025-12-13 21:18:44,964 - INFO - num_full_subsets = 2
2025-12-13 21:18:44,970 - INFO - phi = [-0.13114005  0.33323173 -0.01863256 -0.04028045]
2025-12-13 21:18:44,984 - INFO - num_full_subsets = 2
2025-12-13 21:18:44,990 - INFO - phi = [-0.13124287 -0.27393904 -0.53231783  0.60862106]
2025-12-13 21:18:45,004 - INFO - num_full_subsets = 2
2025-12-13 21:18:45,010 - INFO - phi = [-0.13107835 -0.13286112 -0.30758053  0.12194493]
2025-12-13 21:18:45,033 - INFO - num_full_subsets = 2
2025-12-13 21:18:45,041 - INFO - phi = [-0.13142796 -0.28108222  0.19005209 -0.45743143]
2025-12-13 21:18:45,056 - INFO - num_full_subsets = 2
2025-12-13 21:18:45,061 - INFO - phi = [-0.13099609 -0.35072828 -0.65271282 -0.50378153]
2025-12-13 21:18:45,077 - INFO - num_full_subsets = 2
2025-12-13 21:18:45,083 - INFO - phi = [-0.13218886 -0.15429068 -0.02665889  0.40004558]
2025-12-13 21:18:45,097 - INFO - num_full_subsets = 2
2025-12-13 21:18:45,103 - INFO - phi = [-0.10325399  0.17608165  0.14992042  0.19147009]
2025-12-13 21:18:45,118 - INFO - num_full_subsets = 2
2025-12-13 21:18:45,124 - INFO - phi = [-0.12896016 -0.29536859  0.59939504 -0.73553207]
2025-12-13 21:18:45,139 - INFO - num_full_subsets = 2
2025-12-13 21:18:45,150 - INFO - phi = [-0.12791135 -0.33465611  0.35057874  0.28417031]
2025-12-13 21:18:45,165 - INFO - num_full_subsets = 2
2025-12-13 21:18:45,170 - INFO - phi = [-0.13054366 -0.30965497 -0.24336987  0.58544601]
2025-12-13 21:18:45,186 - INFO - num_full_subsets = 2
2025-12-13 21:18:45,192 - INFO - phi = [-0.13079044 -0.27751063  0.27031541 -1.22220821]
2025-12-13 21:18:45,206 - INFO - num_full_subsets = 2
2025-12-13 21:18:45,212 - INFO - phi = [ 0.12460554 -0.16500546 -0.41192285  0.58544601]
2025-12-13 21:18:45,227 - INFO - num_full_subsets = 2
2025-12-13 21:18:45,232 - INFO - phi = [-0.13111948 -0.2453663  -0.45205451 -0.10980561]
2025-12-13 21:18:45,247 - INFO - num_full_subsets = 2
2025-12-13 21:18:45,253 - INFO - phi = [-0.13002954  0.15822368 -0.23534353  0.19147009]
2025-12-13 21:18:45,268 - INFO - num_full_subsets = 2
2025-12-13 21:18:45,273 - INFO - phi = [-0.12916581 -0.30429758  0.0214991   0.2378202 ]
2025-12-13 21:18:45,289 - INFO - num_full_subsets = 2
2025-12-13 21:18:45,294 - INFO - phi = [ 0.66135045 -0.15964807  0.43084206 -0.75870713]
2025-12-13 21:18:45,309 - INFO - num_full_subsets = 2
2025-12-13 21:18:45,315 - INFO - phi = [-0.12784966  0.73503591  0.38268406  0.56227096]
2025-12-13 21:18:45,329 - INFO - num_full_subsets = 2
2025-12-13 21:18:45,335 - INFO - phi = [ 0.02465993  0.06179068 -0.26744886  0.02924471]
2025-12-13 21:18:45,350 - INFO - num_full_subsets = 2
2025-12-13 21:18:45,355 - INFO - phi = [-0.13146909 -0.27393904  0.05360443 -0.5733067 ]
2025-12-13 21:18:45,370 - INFO - num_full_subsets = 2
2025-12-13 21:18:45,376 - INFO - phi = [-0.13148965 -0.21143616  0.3425524  -0.85140734]
2025-12-13 21:18:45,392 - INFO - num_full_subsets = 2
2025-12-13 21:18:45,399 - INFO - phi = [-0.13167474 -0.33108452 -0.07481688 -0.38790626]
2025-12-13 21:18:45,414 - INFO - num_full_subsets = 2
2025-12-13 21:18:45,420 - INFO - phi = [ 0.47215301  0.02071736 -0.2513962  -0.92093251]
2025-12-13 21:18:45,435 - INFO - num_full_subsets = 2
2025-12-13 21:18:45,440 - INFO - phi = [-0.13229168 -0.20250718 -0.07481688  0.58544601]
2025-12-13 21:18:45,455 - INFO - num_full_subsets = 2
2025-12-13 21:18:45,461 - INFO - phi = [-0.13103722 -0.03464232 -0.31560686  0.33052041]
2025-12-13 21:18:45,476 - INFO - num_full_subsets = 2
2025-12-13 21:18:45,481 - INFO - phi = [-0.12266729 -0.05607188 -0.30758053  0.51592085]
2025-12-13 21:18:45,497 - INFO - num_full_subsets = 2
2025-12-13 21:18:45,503 - INFO - phi = [-0.05924502  0.01714577 -0.5002125   0.05241977]
2025-12-13 21:18:45,518 - INFO - num_full_subsets = 2
2025-12-13 21:18:45,524 - INFO - phi = [-0.13019406 -0.34537089 -0.5242915   0.00606966]
2025-12-13 21:18:45,538 - INFO - num_full_subsets = 2
2025-12-13 21:18:45,544 - INFO - phi = [-0.13208603 -0.29894019 -0.58047583 -0.75870713]
2025-12-13 21:18:45,559 - INFO - num_full_subsets = 2
2025-12-13 21:18:45,564 - INFO - phi = [-0.12739723  0.33501753  0.40676306  0.16829504]
2025-12-13 21:18:45,579 - INFO - num_full_subsets = 2
2025-12-13 21:18:45,585 - INFO - phi = [-0.11954142  0.05643329 -0.31560686 -0.15615572]
2025-12-13 21:18:45,600 - INFO - num_full_subsets = 2
2025-12-13 21:18:45,606 - INFO - phi = [0.0374102  0.01357418 0.56728971 0.65497117]
2025-12-13 21:18:45,621 - INFO - num_full_subsets = 2
2025-12-13 21:18:45,626 - INFO - phi = [-0.12803474 -0.28108222  0.32649974 -0.17933078]
2025-12-13 21:18:45,641 - INFO - num_full_subsets = 2
2025-12-13 21:18:45,647 - INFO - phi = [-0.1272944  -0.16143387  0.41478939 -0.06345551]
2025-12-13 21:18:45,661 - INFO - num_full_subsets = 2
2025-12-13 21:18:45,667 - INFO - phi = [ 0.25827764 -0.10250259 -0.30758053 -0.13298067]
2025-12-13 21:18:45,682 - INFO - num_full_subsets = 2
2025-12-13 21:18:45,687 - INFO - phi = [ 0.45158807  0.08143444 -0.01060623 -0.50378153]
2025-12-13 21:18:45,703 - INFO - num_full_subsets = 2
2025-12-13 21:18:45,708 - INFO - phi = [-0.12986502  0.45109429 -0.45205451  0.2378202 ]
2025-12-13 21:18:45,723 - INFO - num_full_subsets = 2
2025-12-13 21:18:45,729 - INFO - phi = [-0.13118118 -0.33287032 -0.08284322  0.16829504]
2025-12-13 21:18:45,743 - INFO - num_full_subsets = 2
2025-12-13 21:18:45,749 - INFO - phi = [-0.09399977  0.13322254  0.20610475  0.58544601]
2025-12-13 21:18:45,764 - INFO - num_full_subsets = 2
2025-12-13 21:18:45,769 - INFO - phi = [-0.13015293 -0.33465611 -0.28350153 -0.55013164]
2025-12-13 21:18:45,784 - INFO - num_full_subsets = 2
2025-12-13 21:18:45,789 - INFO - phi = [ 0.73127125  0.11715037  0.51913172 -1.01363272]
2025-12-13 21:18:45,805 - INFO - num_full_subsets = 2
2025-12-13 21:18:45,811 - INFO - phi = [-0.09358847 -0.00606958 -0.31560686 -0.10980561]
2025-12-13 21:18:45,825 - INFO - num_full_subsets = 2
2025-12-13 21:18:45,831 - INFO - phi = [-0.13126344 -0.02928493 -0.18718554 -0.41108132]
2025-12-13 21:18:45,846 - INFO - num_full_subsets = 2
2025-12-13 21:18:45,851 - INFO - phi = [-0.12875451 -0.01857016  0.40676306  0.07559482]
2025-12-13 21:18:45,866 - INFO - num_full_subsets = 2
2025-12-13 21:18:45,872 - INFO - phi = [-0.13183926 -0.31144076 -0.17113287 -0.13298067]
2025-12-13 21:18:45,886 - INFO - num_full_subsets = 2
2025-12-13 21:18:45,892 - INFO - phi = [-0.13035858 -0.03642812 -0.29955419  1.02577204]
2025-12-13 21:18:45,907 - INFO - num_full_subsets = 2
2025-12-13 21:18:45,913 - INFO - phi = [-0.13257959  0.50109659 -0.42797551 -0.0171054 ]
2025-12-13 21:18:45,928 - INFO - num_full_subsets = 2
2025-12-13 21:18:45,933 - INFO - phi = [-0.12863112 -0.27215324  0.47900005  0.42322063]
2025-12-13 21:18:45,948 - INFO - num_full_subsets = 2
2025-12-13 21:18:45,954 - INFO - phi = [-0.1320449   0.73860751 -0.43600184  0.7940215 ]
2025-12-13 21:18:45,968 - INFO - num_full_subsets = 2
2025-12-13 21:18:45,974 - INFO - phi = [ 0.5091699  -0.16857705  0.61544771 -0.66600691]
2025-12-13 21:18:46,002 - INFO - num_full_subsets = 2
2025-12-13 21:18:46,035 - INFO - phi = [-0.13247677 -0.22036515  0.03755177 -0.8745824 ]
2025-12-13 21:18:46,053 - INFO - num_full_subsets = 2
2025-12-13 21:18:46,059 - INFO - phi = [ 0.49271795  0.08500603 -0.29955419 -0.27203099]
2025-12-13 21:18:46,092 - INFO - num_full_subsets = 2
2025-12-13 21:18:46,126 - INFO - phi = [ 0.48449198  0.34216071  0.43084206 -0.64283186]
2025-12-13 21:18:46,142 - INFO - num_full_subsets = 2
2025-12-13 21:18:46,164 - INFO - phi = [-0.13126344 -0.32394134 -0.07481688 -0.27203099]
2025-12-13 21:18:46,180 - INFO - num_full_subsets = 2
2025-12-13 21:18:46,203 - INFO - phi = [-0.05554333  0.04393272  0.29439441  0.88672171]
2025-12-13 21:18:46,218 - INFO - num_full_subsets = 2
2025-12-13 21:18:46,224 - INFO - phi = [-0.12636898  0.0546475   0.46294739  0.58544601]
2025-12-13 21:18:46,238 - INFO - num_full_subsets = 2
2025-12-13 21:18:46,244 - INFO - phi = [-0.1233665   0.17251006 -0.24336987  0.51592085]
2025-12-13 21:18:46,259 - INFO - num_full_subsets = 2
2025-12-13 21:18:46,264 - INFO - phi = [-0.11645668  0.59752959  0.13386776 -0.27203099]
2025-12-13 21:18:46,279 - INFO - num_full_subsets = 2
2025-12-13 21:18:46,285 - INFO - phi = [ 0.39811923 -0.03285653  0.43886839  0.30734536]
2025-12-13 21:18:46,299 - INFO - num_full_subsets = 2
2025-12-13 21:18:46,305 - INFO - phi = [-0.10592743  0.09750661  0.53518438  0.46957074]
2025-12-13 21:18:46,320 - INFO - num_full_subsets = 2
2025-12-13 21:18:46,325 - INFO - phi = [ 0.09581462  0.32251695 -0.02665889 -0.17933078]
2025-12-13 21:18:46,341 - INFO - num_full_subsets = 2
2025-12-13 21:18:46,346 - INFO - phi = [-0.12937146  0.63860291  0.3907104   0.77084644]
2025-12-13 21:18:46,361 - INFO - num_full_subsets = 2
2025-12-13 21:18:46,367 - INFO - phi = [-0.13007067 -0.3417993  -0.32363319 -0.17933078]
2025-12-13 21:18:46,381 - INFO - num_full_subsets = 2
2025-12-13 21:18:46,388 - INFO - phi = [-0.13237394 -0.291797   -0.33968586 -0.15615572]
2025-12-13 21:18:46,402 - INFO - num_full_subsets = 2
2025-12-13 21:18:46,408 - INFO - phi = [-0.12961824 -0.31679815  0.57531604 -1.66253424]
2025-12-13 21:18:46,423 - INFO - num_full_subsets = 2
2025-12-13 21:18:46,428 - INFO - phi = [ 0.6798589   0.0546475   0.17399942 -0.68918197]
2025-12-13 21:18:46,444 - INFO - num_full_subsets = 2
2025-12-13 21:18:46,449 - INFO - phi = [-0.12922751 -0.28465382  0.27834174 -0.38790626]
2025-12-13 21:18:46,464 - INFO - num_full_subsets = 2
2025-12-13 21:18:46,472 - INFO - phi = [-0.12982389 -0.33644191 -0.15508021 -0.17933078]
2025-12-13 21:18:46,487 - INFO - num_full_subsets = 2
2025-12-13 21:18:46,493 - INFO - phi = [-0.13105779 -0.29536859  0.31847341 -1.47713381]
2025-12-13 21:18:46,511 - INFO - num_full_subsets = 2
2025-12-13 21:18:46,522 - INFO - phi = [0.16779191 0.13143674 0.59939504 0.49274579]
2025-12-13 21:18:46,537 - INFO - num_full_subsets = 2
2025-12-13 21:18:46,543 - INFO - phi = [-0.1193769   0.01714577  0.27834174  0.49274579]
2025-12-13 21:18:46,558 - INFO - num_full_subsets = 2
2025-12-13 21:18:46,564 - INFO - phi = [ 0.59759914  0.11536457 -0.46008084 -0.59648175]
2025-12-13 21:18:46,578 - INFO - num_full_subsets = 2
2025-12-13 21:18:46,584 - INFO - phi = [ 0.53796082 -0.17929183  0.59939504 -0.24885594]
2025-12-13 21:18:46,599 - INFO - num_full_subsets = 2
2025-12-13 21:18:46,604 - INFO - phi = [-0.12163905  0.04750431  0.51110538  0.5390959 ]
2025-12-13 21:18:46,619 - INFO - num_full_subsets = 2
2025-12-13 21:18:46,625 - INFO - phi = [-0.11464697 -0.03285653 -0.34771219  0.40004558]
2025-12-13 21:18:46,639 - INFO - num_full_subsets = 2
2025-12-13 21:18:46,645 - INFO - phi = [-0.12953598  0.42609314 -0.28350153 -0.06345551]
2025-12-13 21:18:46,661 - INFO - num_full_subsets = 2
2025-12-13 21:18:46,666 - INFO - phi = [ 0.21097828 -0.12750374 -0.50823884 -0.08663056]
2025-12-13 21:18:46,681 - INFO - num_full_subsets = 2
2025-12-13 21:18:46,687 - INFO - phi = [-0.1321066  -0.30072598 -0.33968586  0.33052041]
2025-12-13 21:18:46,701 - INFO - num_full_subsets = 2
2025-12-13 21:18:46,707 - INFO - phi = [-0.13033801 -0.27393904 -0.17915921 -0.36473121]
2025-12-13 21:18:46,722 - INFO - num_full_subsets = 2
2025-12-13 21:18:46,727 - INFO - phi = [-0.13262072  0.08322024  0.08570976  0.51592085]
2025-12-13 21:18:46,742 - INFO - num_full_subsets = 2
2025-12-13 21:18:46,748 - INFO - phi = [ 0.38578027  0.00821679 -0.26744886 -0.29520605]
2025-12-13 21:18:46,763 - INFO - num_full_subsets = 2
2025-12-13 21:18:46,769 - INFO - phi = [ 0.02753902 -0.10964577  0.45492106  0.46957074]
2025-12-13 21:18:46,784 - INFO - num_full_subsets = 2
2025-12-13 21:18:46,789 - INFO - phi = [-0.13220942 -0.32036974 -0.34771219  0.40004558]
2025-12-13 21:18:46,804 - INFO - num_full_subsets = 2
2025-12-13 21:18:46,810 - INFO - phi = [-0.1309344  -0.25965267 -0.41192285  0.07559482]
2025-12-13 21:18:47,290 - INFO - Computing feature importance...
2025-12-13 21:18:47,721 - INFO - Experiment completed for ElasticNet
2025-12-13 21:18:47,721 - INFO - Total time: 15.02s (0.25 min)
2025-12-13 21:18:47,721 - INFO - Starting comprehensive experiment for ElasticNet
2025-12-13 21:18:55,310 - INFO - Performing feature analysis...
2025-12-13 21:18:56,495 - INFO - Model justification: Linear model with L1 and L2 regularization for handling multicollinearity
2025-12-13 21:18:56,495 - INFO - Performing robust cross-validation...
2025-12-13 21:18:56,529 - INFO - CV Results - MSE: 2.8858 ± 0.2294
2025-12-13 21:18:56,529 - INFO - Starting hyperparameter optimization...
2025-12-13 21:18:57,118 - INFO - Best parameters for ElasticNet: {'alpha': 0.022706212560545135, 'l1_ratio': 0.1017665558828088}
2025-12-13 21:18:57,118 - INFO - ⏱️ HPO took 0.59 seconds
2025-12-13 21:18:57,118 - INFO - Training final model...
2025-12-13 21:18:57,120 - INFO - ⏱️ Training took 0.00 seconds
2025-12-13 21:18:57,120 - INFO - Performing residual analysis...
2025-12-13 21:18:58,139 - INFO - Generating XAI explanations...
2025-12-13 21:18:58,140 - WARNING - Using 168 background data samples could cause slower run times. Consider using shap.sample(data, K) or shap.kmeans(data, K) to summarize the background as K samples.
2025-12-13 21:18:58,155 - INFO - num_full_subsets = 2
2025-12-13 21:18:58,161 - INFO - phi = [-0.0599947   0.0035499  -0.55090103  0.17778111]
2025-12-13 21:18:58,176 - INFO - num_full_subsets = 2
2025-12-13 21:18:58,182 - INFO - phi = [-0.12839029 -0.4236173  -0.55996404 -0.15238381]
2025-12-13 21:18:58,197 - INFO - num_full_subsets = 2
2025-12-13 21:18:58,203 - INFO - phi = [-0.12555837  0.04275848 -0.27901098  0.68572713]
2025-12-13 21:18:58,218 - INFO - num_full_subsets = 2
2025-12-13 21:18:58,224 - INFO - phi = [-0.12674973 -0.27916463  0.20132811 -0.88890554]
2025-12-13 21:18:58,239 - INFO - num_full_subsets = 2
2025-12-13 21:18:58,245 - INFO - phi = [-0.12839029 -0.4236173  -0.55996404 -0.15238381]
2025-12-13 21:18:58,262 - INFO - num_full_subsets = 2
2025-12-13 21:18:58,268 - INFO - phi = [-0.1269255  -0.32662765  0.05632008  0.50794602]
2025-12-13 21:18:58,285 - INFO - num_full_subsets = 2
2025-12-13 21:18:58,291 - INFO - phi = [-0.12544119  0.21403809 -0.40589301  0.73652174]
2025-12-13 21:18:58,308 - INFO - num_full_subsets = 2
2025-12-13 21:18:58,314 - INFO - phi = [-0.12913244  0.83724821 -0.47839702  0.99049475]
2025-12-13 21:18:58,331 - INFO - num_full_subsets = 2
2025-12-13 21:18:58,337 - INFO - phi = [-0.12548025 -0.31424599  0.70885621 -0.68572713]
2025-12-13 21:18:58,354 - INFO - num_full_subsets = 2
2025-12-13 21:18:58,360 - INFO - phi = [-0.12805827 -0.38440872 -0.41495601  0.33016492]
2025-12-13 21:18:58,377 - INFO - num_full_subsets = 2
2025-12-13 21:18:58,383 - INFO - phi = [-0.12936681 -0.25027409 -0.07056194  0.76191904]
2025-12-13 21:18:58,400 - INFO - num_full_subsets = 2
2025-12-13 21:18:58,406 - INFO - phi = [0.24546129 0.4080174  0.25570612 0.45715142]
2025-12-13 21:18:58,423 - INFO - num_full_subsets = 2
2025-12-13 21:18:58,429 - INFO - phi = [-0.12926915 -0.19455663 -0.01618393  0.55874063]
2025-12-13 21:18:58,446 - INFO - num_full_subsets = 2
2025-12-13 21:18:58,452 - INFO - phi = [-0.12946446  0.2161017   0.1741391   1.26986506]
2025-12-13 21:18:58,469 - INFO - num_full_subsets = 2
2025-12-13 21:18:58,475 - INFO - phi = [-0.09534479 -0.14503    -0.42401901  0.15238381]
2025-12-13 21:18:58,490 - INFO - num_full_subsets = 2
2025-12-13 21:18:58,496 - INFO - phi = [-0.12883949 -0.04391312 -0.369641    0.17778111]
2025-12-13 21:18:58,511 - INFO - num_full_subsets = 2
2025-12-13 21:18:58,517 - INFO - phi = [-0.12919103 -0.36377262 -0.369641    0.48254872]
2025-12-13 21:18:58,532 - INFO - num_full_subsets = 2
2025-12-13 21:18:58,538 - INFO - phi = [-0.128527    0.18927477 -0.16119196 -0.22857571]
2025-12-13 21:18:58,553 - INFO - num_full_subsets = 2
2025-12-13 21:18:58,559 - INFO - phi = [-0.03597227 -0.22757438 -0.30619999  0.96509745]
2025-12-13 21:18:58,575 - INFO - num_full_subsets = 2
2025-12-13 21:18:58,581 - INFO - phi = [-0.07581436 -0.06454922  0.37352514  0.73652174]
2025-12-13 21:18:58,598 - INFO - num_full_subsets = 2
2025-12-13 21:18:58,604 - INFO - phi = [-0.12878089 -0.35345457 -0.18838096 -0.20317841]
2025-12-13 21:18:58,619 - INFO - num_full_subsets = 2
2025-12-13 21:18:58,624 - INFO - phi = [-0.12721846  0.37499964 -0.33338899  0.58413793]
2025-12-13 21:18:58,640 - INFO - num_full_subsets = 2
2025-12-13 21:18:58,645 - INFO - phi = [-0.12659349 -0.29360989 -0.22463297 -0.45715142]
2025-12-13 21:18:58,661 - INFO - num_full_subsets = 2
2025-12-13 21:18:58,667 - INFO - phi = [-0.12803874 -0.41742647 -0.49652302 -1.57463268]
2025-12-13 21:18:58,682 - INFO - num_full_subsets = 2
2025-12-13 21:18:58,688 - INFO - phi = [-0.12674973  0.47611652 -0.30619999  0.0507946 ]
2025-12-13 21:18:58,703 - INFO - num_full_subsets = 2
2025-12-13 21:18:58,709 - INFO - phi = [-0.12645677 -0.34520013  0.32821013 -0.30476761]
2025-12-13 21:18:58,724 - INFO - num_full_subsets = 2
2025-12-13 21:18:58,730 - INFO - phi = [-0.12788249 -0.36170901  0.62728919 -1.09208395]
2025-12-13 21:18:58,745 - INFO - num_full_subsets = 2
2025-12-13 21:18:58,751 - INFO - phi = [-0.12438655  0.15625702  0.28289513  0.66032983]
2025-12-13 21:18:58,766 - INFO - num_full_subsets = 2
2025-12-13 21:18:58,772 - INFO - phi = [-0.12813639 -0.36170901  0.02006808 -1.14287856]
2025-12-13 21:18:58,787 - INFO - num_full_subsets = 2
2025-12-13 21:18:58,793 - INFO - phi = [ 0.41928215  0.04894931  0.72698221 -0.17778111]
2025-12-13 21:18:58,809 - INFO - num_full_subsets = 2
2025-12-13 21:18:58,814 - INFO - phi = [ 0.23374303 -0.25027409  0.72698221  0.81271364]
2025-12-13 21:18:58,829 - INFO - num_full_subsets = 2
2025-12-13 21:18:58,835 - INFO - phi = [-0.12796062 -0.37821789 -0.11587695 -0.22857571]
2025-12-13 21:18:58,850 - INFO - num_full_subsets = 2
2025-12-13 21:18:58,856 - INFO - phi = [-0.12831216  0.33372745 -0.13400295  0.17778111]
2025-12-13 21:18:58,871 - INFO - num_full_subsets = 2
2025-12-13 21:18:58,877 - INFO - phi = [ 0.64974128  0.44309876  0.59103718 -0.88890554]
2025-12-13 21:18:58,892 - INFO - num_full_subsets = 2
2025-12-13 21:18:58,898 - INFO - phi = [-0.12794109 -0.38647233 -0.16119196 -0.15238381]
2025-12-13 21:18:58,914 - INFO - num_full_subsets = 2
2025-12-13 21:18:58,919 - INFO - phi = [-0.12848794 -0.03359507 -0.49652302  0.22857571]
2025-12-13 21:18:58,935 - INFO - num_full_subsets = 2
2025-12-13 21:18:58,940 - INFO - phi = [-0.11358622 -0.21312912 -0.06149894  0.58413793]
2025-12-13 21:18:58,956 - INFO - num_full_subsets = 2
2025-12-13 21:18:58,961 - INFO - phi = [-0.12819498 -0.35758179  0.37352514 -1.49844077]
2025-12-13 21:18:58,977 - INFO - num_full_subsets = 2
2025-12-13 21:18:58,982 - INFO - phi = [-0.12905432  0.76089465 -0.28807398  0.43175412]
2025-12-13 21:18:58,998 - INFO - num_full_subsets = 2
2025-12-13 21:18:59,003 - INFO - phi = [-0.12809733 -0.20487468  0.50040717  0.27937031]
2025-12-13 21:18:59,019 - INFO - num_full_subsets = 2
2025-12-13 21:18:59,025 - INFO - phi = [ 0.08726477  0.20372004 -0.10681395  0.53334333]
2025-12-13 21:18:59,040 - INFO - num_full_subsets = 2
2025-12-13 21:18:59,046 - INFO - phi = [-0.12854653 -0.34107292  0.22851712 -0.38095952]
2025-12-13 21:18:59,061 - INFO - num_full_subsets = 2
2025-12-13 21:18:59,067 - INFO - phi = [-0.08343123 -0.03565868  0.29195813  0.17778111]
2025-12-13 21:18:59,082 - INFO - num_full_subsets = 2
2025-12-13 21:18:59,088 - INFO - phi = [ 0.59505606 -0.15122083  0.6907302  -0.60953523]
2025-12-13 21:18:59,103 - INFO - num_full_subsets = 2
2025-12-13 21:18:59,109 - INFO - phi = [-0.11553926  0.02624961 -0.34245199  0.22857571]
2025-12-13 21:18:59,125 - INFO - num_full_subsets = 2
2025-12-13 21:18:59,130 - INFO - phi = [-0.12895667 -0.32043682 -0.55090103 -0.27937031]
2025-12-13 21:18:59,146 - INFO - num_full_subsets = 2
2025-12-13 21:18:59,151 - INFO - phi = [ 0.04175886 -0.03565868  0.40977715  0.15238381]
2025-12-13 21:18:59,167 - INFO - num_full_subsets = 2
2025-12-13 21:18:59,172 - INFO - phi = [0.20835346 0.33785467 0.6544782  0.48254872]
2025-12-13 21:18:59,188 - INFO - num_full_subsets = 2
2025-12-13 21:18:59,194 - INFO - phi = [-0.12788249  0.1521298   0.00194207 -0.22857571]
2025-12-13 21:18:59,211 - INFO - num_full_subsets = 2
2025-12-13 21:18:59,216 - INFO - phi = [ 0.60677432  0.23261057  0.02006808 -0.91430284]
2025-12-13 21:18:59,233 - INFO - num_full_subsets = 2
2025-12-13 21:18:59,239 - INFO - phi = [ 0.19077607 -0.0170862   0.6544782   0.71112443]
2025-12-13 21:18:59,254 - INFO - num_full_subsets = 2
2025-12-13 21:18:59,260 - INFO - phi = [-0.12659349 -0.32456404 -0.00712093 -0.0253973 ]
2025-12-13 21:18:59,276 - INFO - num_full_subsets = 2
2025-12-13 21:18:59,282 - INFO - phi = [-0.1280778   0.36468159 -0.46027102  0.35556222]
2025-12-13 21:18:59,299 - INFO - num_full_subsets = 2
2025-12-13 21:18:59,305 - INFO - phi = [-0.10257105 -0.15328444 -0.31526299  0.33016492]
2025-12-13 21:18:59,322 - INFO - num_full_subsets = 2
2025-12-13 21:18:59,328 - INFO - phi = [ 0.02242373 -0.14709361  0.39165115  0.83811094]
2025-12-13 21:18:59,345 - INFO - num_full_subsets = 2
2025-12-13 21:18:59,351 - INFO - phi = [-0.12846841 -0.39885399 -0.378704   -1.70161918]
2025-12-13 21:18:59,366 - INFO - num_full_subsets = 2
2025-12-13 21:18:59,372 - INFO - phi = [-0.12764813 -0.13471195  0.37352514  0.40635682]
2025-12-13 21:18:59,387 - INFO - num_full_subsets = 2
2025-12-13 21:18:59,393 - INFO - phi = [-0.11657437  0.14181175 -0.40589301  0.48254872]
2025-12-13 21:18:59,408 - INFO - num_full_subsets = 2
2025-12-13 21:18:59,414 - INFO - phi = [ 0.55208911 -0.22963799 -0.387767   -0.83811094]
2025-12-13 21:18:59,429 - INFO - num_full_subsets = 2
2025-12-13 21:18:59,434 - INFO - phi = [-0.12471856  0.37087242  0.47321816  0.30476761]
2025-12-13 21:18:59,450 - INFO - num_full_subsets = 2
2025-12-13 21:18:59,456 - INFO - phi = [ 0.02281434 -0.15534804 -0.31526299  0.63493253]
2025-12-13 21:18:59,471 - INFO - num_full_subsets = 2
2025-12-13 21:18:59,477 - INFO - phi = [-0.12790202 -0.33900931 -0.32432599 -0.43175412]
2025-12-13 21:18:59,492 - INFO - num_full_subsets = 2
2025-12-13 21:18:59,498 - INFO - phi = [ 0.02281434 -0.15534804 -0.31526299  0.63493253]
2025-12-13 21:18:59,513 - INFO - num_full_subsets = 2
2025-12-13 21:18:59,519 - INFO - phi = [-0.12905432 -0.36583623  0.1560131  -1.80320839]
2025-12-13 21:18:59,534 - INFO - num_full_subsets = 2
2025-12-13 21:18:59,540 - INFO - phi = [-0.12813639 -0.40298121 -0.56902704 -0.0761919 ]
2025-12-13 21:18:59,555 - INFO - num_full_subsets = 2
2025-12-13 21:18:59,561 - INFO - phi = [-0.12503105  0.41008101  0.89011624 -4.59691152]
2025-12-13 21:18:59,576 - INFO - num_full_subsets = 2
2025-12-13 21:18:59,582 - INFO - phi = [-0.1269255  -0.14709361 -0.55996404  0.53334333]
2025-12-13 21:18:59,597 - INFO - num_full_subsets = 2
2025-12-13 21:18:59,603 - INFO - phi = [ 0.61849258 -0.01295898  0.02006808 -0.43175412]
2025-12-13 21:18:59,618 - INFO - num_full_subsets = 2
2025-12-13 21:18:59,624 - INFO - phi = [-0.12907385 -0.37821789  0.31008413 -2.74290853]
2025-12-13 21:18:59,639 - INFO - num_full_subsets = 2
2025-12-13 21:18:59,645 - INFO - phi = [-0.12923009 -0.39059955 -0.20650697 -0.68572713]
2025-12-13 21:18:59,661 - INFO - num_full_subsets = 2
2025-12-13 21:18:59,666 - INFO - phi = [-0.12671067  2.12287703  0.26476912  0.60953523]
2025-12-13 21:18:59,682 - INFO - num_full_subsets = 2
2025-12-13 21:18:59,687 - INFO - phi = [ 0.64192911  0.10260316  0.58197418 -1.01589205]
2025-12-13 21:18:59,703 - INFO - num_full_subsets = 2
2025-12-13 21:18:59,708 - INFO - phi = [-0.12573415 -0.08931254  0.60010019  0.27937031]
2025-12-13 21:18:59,724 - INFO - num_full_subsets = 2
2025-12-13 21:18:59,729 - INFO - phi = [-0.12690597  1.66888291  0.1469501   0.83811094]
2025-12-13 21:18:59,745 - INFO - num_full_subsets = 2
2025-12-13 21:18:59,750 - INFO - phi = [-0.07581436 -0.06454922  0.37352514  0.73652174]
2025-12-13 21:18:59,766 - INFO - num_full_subsets = 2
2025-12-13 21:18:59,772 - INFO - phi = [ 0.34311346  0.00148629  0.59103718 -0.40635682]
2025-12-13 21:18:59,787 - INFO - num_full_subsets = 2
2025-12-13 21:18:59,793 - INFO - phi = [ 0.65169432 -0.09963058  0.02006808 -0.73652174]
2025-12-13 21:18:59,808 - INFO - num_full_subsets = 2
2025-12-13 21:18:59,814 - INFO - phi = [-0.11432837  0.67422304  0.1650761  -0.17778111]
2025-12-13 21:18:59,829 - INFO - num_full_subsets = 2
2025-12-13 21:18:59,835 - INFO - phi = [-0.12825357 -0.37409067  0.21039111  0.27937031]
2025-12-13 21:18:59,850 - INFO - num_full_subsets = 2
2025-12-13 21:18:59,856 - INFO - phi = [-0.12817545 -0.3163096   0.62728919  0.86350824]
2025-12-13 21:18:59,872 - INFO - num_full_subsets = 2
2025-12-13 21:18:59,878 - INFO - phi = [-0.12850747 -0.25852853  0.44602916 -0.22857571]
2025-12-13 21:18:59,895 - INFO - num_full_subsets = 2
2025-12-13 21:18:59,901 - INFO - phi = [-0.11175036  0.06958541 -0.34245199  0.48254872]
2025-12-13 21:18:59,918 - INFO - num_full_subsets = 2
2025-12-13 21:18:59,923 - INFO - phi = [-0.12674973 -0.4236173  -0.00712093 -0.45715142]
2025-12-13 21:18:59,941 - INFO - num_full_subsets = 2
2025-12-13 21:18:59,946 - INFO - phi = [-0.12706222  0.50500705 -0.49652302  0.38095952]
2025-12-13 21:18:59,963 - INFO - num_full_subsets = 2
2025-12-13 21:18:59,969 - INFO - phi = [-0.12735517 -0.38647233  0.04725708 -0.48254872]
2025-12-13 21:18:59,987 - INFO - num_full_subsets = 2
2025-12-13 21:18:59,993 - INFO - phi = [-0.12924962  0.61437836 -0.45120801 -0.53334333]
2025-12-13 21:19:00,010 - INFO - num_full_subsets = 2
2025-12-13 21:19:00,016 - INFO - phi = [0.01265851 0.21403809 0.45509216 0.48254872]
2025-12-13 21:19:00,032 - INFO - num_full_subsets = 2
2025-12-13 21:19:00,037 - INFO - phi = [-0.00179401 -0.24614687  0.06538308  1.09208395]
2025-12-13 21:19:00,053 - INFO - num_full_subsets = 2
2025-12-13 21:19:00,058 - INFO - phi = [-0.12831216 -0.37409067 -0.20650697 -0.0253973 ]
2025-12-13 21:19:00,073 - INFO - num_full_subsets = 2
2025-12-13 21:19:00,079 - INFO - phi = [-0.12883949 -0.20074746  0.22851712 -0.83811094]
2025-12-13 21:19:00,096 - INFO - num_full_subsets = 2
2025-12-13 21:19:00,101 - INFO - phi = [-0.12706222 -0.31218238  0.1560131   0.48254872]
2025-12-13 21:19:00,117 - INFO - num_full_subsets = 2
2025-12-13 21:19:00,122 - INFO - phi = [-0.12837075 -0.33281848 -0.58715304  0.78731634]
2025-12-13 21:19:00,138 - INFO - num_full_subsets = 2
2025-12-13 21:19:00,143 - INFO - phi = [-0.12776531 -0.27503741  0.42790315 -0.0507946 ]
2025-12-13 21:19:00,158 - INFO - num_full_subsets = 2
2025-12-13 21:19:00,164 - INFO - phi = [-0.1280778   0.15832063  0.03819408  0.0761919 ]
2025-12-13 21:19:00,179 - INFO - num_full_subsets = 2
2025-12-13 21:19:00,185 - INFO - phi = [-0.12022656 -0.0810581  -0.33338899  0.68572713]
2025-12-13 21:19:00,201 - INFO - num_full_subsets = 2
2025-12-13 21:19:00,207 - INFO - phi = [-0.12497246 -0.32456404  0.71791921 -1.80320839]
2025-12-13 21:19:00,222 - INFO - num_full_subsets = 2
2025-12-13 21:19:00,228 - INFO - phi = [-0.12934728 -0.25646492 -0.39683    -0.0253973 ]
2025-12-13 21:19:00,243 - INFO - num_full_subsets = 2
2025-12-13 21:19:00,249 - INFO - phi = [-0.12526542 -0.13264834  0.84480123 -2.1333733 ]
2025-12-13 21:19:00,264 - INFO - num_full_subsets = 2
2025-12-13 21:19:00,270 - INFO - phi = [-0.12965976 -0.40917203 -0.42401901  0.48254872]
2025-12-13 21:19:00,285 - INFO - num_full_subsets = 2
2025-12-13 21:19:00,291 - INFO - phi = [-0.12813639 -0.42155369 -0.72309807 -0.43175412]
2025-12-13 21:19:00,306 - INFO - num_full_subsets = 2
2025-12-13 21:19:00,312 - INFO - phi = [ 0.20249433 -0.15122083  0.32821013  0.88890554]
2025-12-13 21:19:00,327 - INFO - num_full_subsets = 2
2025-12-13 21:19:00,333 - INFO - phi = [-0.12348815  0.30690052 -0.06149894  0.99049475]
2025-12-13 21:19:00,348 - INFO - num_full_subsets = 2
2025-12-13 21:19:00,354 - INFO - phi = [-0.12733564  0.37087242 -0.31526299  0.83811094]
2025-12-13 21:19:00,369 - INFO - num_full_subsets = 2
2025-12-13 21:19:00,375 - INFO - phi = [-0.11260969 -0.05423117 -0.378704    0.55874063]
2025-12-13 21:19:00,390 - INFO - num_full_subsets = 2
2025-12-13 21:19:00,396 - INFO - phi = [ 0.50130998  0.04069487 -0.62340505 -0.68572713]
2025-12-13 21:19:00,412 - INFO - num_full_subsets = 2
2025-12-13 21:19:00,417 - INFO - phi = [ 0.5833378  -0.24614687  0.28289513 -0.88890554]
2025-12-13 21:19:00,432 - INFO - num_full_subsets = 2
2025-12-13 21:19:00,438 - INFO - phi = [-0.09046218  0.46373486 -0.31526299  0.53334333]
2025-12-13 21:19:00,453 - INFO - num_full_subsets = 2
2025-12-13 21:19:00,459 - INFO - phi = [-0.12747235 -0.33281848  0.11976109 -0.0507946 ]
2025-12-13 21:19:00,474 - INFO - num_full_subsets = 2
2025-12-13 21:19:00,479 - INFO - phi = [ 0.60677432 -0.01502259  0.25570612 -0.40635682]
2025-12-13 21:19:00,495 - INFO - num_full_subsets = 2
2025-12-13 21:19:00,500 - INFO - phi = [ 0.63411693  0.12530287 -0.45120801 -1.04128935]
2025-12-13 21:19:00,516 - INFO - num_full_subsets = 2
2025-12-13 21:19:00,522 - INFO - phi = [0.14194999 0.14593897 0.08350909 0.81271364]
2025-12-13 21:19:00,537 - INFO - num_full_subsets = 2
2025-12-13 21:19:00,543 - INFO - phi = [-0.12848794 -0.25440131  0.44602916  0.81271364]
2025-12-13 21:19:00,558 - INFO - num_full_subsets = 2
2025-12-13 21:19:00,563 - INFO - phi = [ 0.64192911  0.0468857   0.21039111 -0.63493253]
2025-12-13 21:19:00,579 - INFO - num_full_subsets = 2
2025-12-13 21:19:00,584 - INFO - phi = [-0.12878089 -0.36789984 -0.53277503 -0.66032983]
2025-12-13 21:19:00,599 - INFO - num_full_subsets = 2
2025-12-13 21:19:00,605 - INFO - phi = [-0.12823404 -0.32043682  0.40071415 -0.45715142]
2025-12-13 21:19:00,621 - INFO - num_full_subsets = 2
2025-12-13 21:19:00,626 - INFO - phi = [-0.128527   -0.07899449 -0.42401901  1.14287856]
2025-12-13 21:19:00,642 - INFO - num_full_subsets = 2
2025-12-13 21:19:00,648 - INFO - phi = [ 0.1243726   0.05514014 -0.01618393  0.68572713]
2025-12-13 21:19:00,663 - INFO - num_full_subsets = 2
2025-12-13 21:19:00,668 - INFO - phi = [-0.12813639 -0.42155369 -0.72309807 -0.43175412]
2025-12-13 21:19:00,684 - INFO - num_full_subsets = 2
2025-12-13 21:19:00,689 - INFO - phi = [-0.11637907  0.24911945 -0.18838096  0.83811094]
2025-12-13 21:19:00,704 - INFO - num_full_subsets = 2
2025-12-13 21:19:00,710 - INFO - phi = [-0.12928869 -0.38647233 -0.378704    0.55874063]
2025-12-13 21:19:00,726 - INFO - num_full_subsets = 2
2025-12-13 21:19:00,732 - INFO - phi = [ 0.55990128  0.09228512 -0.31526299 -0.68572713]
2025-12-13 21:19:00,747 - INFO - num_full_subsets = 2
2025-12-13 21:19:00,753 - INFO - phi = [-0.12725752  0.89709289  0.44602916  0.12698651]
2025-12-13 21:19:00,768 - INFO - num_full_subsets = 2
2025-12-13 21:19:00,774 - INFO - phi = [ 0.1829639  -0.12645751 -0.351515    0.58413793]
2025-12-13 21:19:00,789 - INFO - num_full_subsets = 2
2025-12-13 21:19:00,795 - INFO - phi = [ 0.56576041  0.04275848 -0.57809004 -0.40635682]
2025-12-13 21:19:00,810 - INFO - num_full_subsets = 2
2025-12-13 21:19:00,816 - INFO - phi = [-0.12798015 -0.2523377  -0.53277503  0.88890554]
2025-12-13 21:19:00,832 - INFO - num_full_subsets = 2
2025-12-13 21:19:00,837 - INFO - phi = [ 0.01031486 -0.04391312 -0.31526299  0.50794602]
2025-12-13 21:19:00,853 - INFO - num_full_subsets = 2
2025-12-13 21:19:00,858 - INFO - phi = [ 0.10484216 -0.13058473 -0.51464903  0.88890554]
2025-12-13 21:19:00,873 - INFO - num_full_subsets = 2
2025-12-13 21:19:00,879 - INFO - phi = [-0.12817545 -0.05629478 -0.34245199  0.48254872]
2025-12-13 21:19:00,894 - INFO - num_full_subsets = 2
2025-12-13 21:19:00,900 - INFO - phi = [ 0.40561085  0.3234094   0.50947017 -0.27937031]
2025-12-13 21:19:00,915 - INFO - num_full_subsets = 2
2025-12-13 21:19:00,921 - INFO - phi = [-0.12934728 -0.1037578  -0.33338899  0.73652174]
2025-12-13 21:19:00,937 - INFO - num_full_subsets = 2
2025-12-13 21:19:00,943 - INFO - phi = [-0.11710169 -0.14709361  0.63635219  0.76191904]
2025-12-13 21:19:00,958 - INFO - num_full_subsets = 2
2025-12-13 21:19:00,963 - INFO - phi = [ 0.46420215  0.08196707 -0.32432599 -0.17778111]
2025-12-13 21:19:00,979 - INFO - num_full_subsets = 2
2025-12-13 21:19:00,984 - INFO - phi = [-0.12682785 -0.38234511  0.6635412  -1.70161918]
2025-12-13 21:19:01,000 - INFO - num_full_subsets = 2
2025-12-13 21:19:01,005 - INFO - phi = [-0.12854653 -0.33281848 -0.378704   -0.53334333]
2025-12-13 21:19:01,021 - INFO - num_full_subsets = 2
2025-12-13 21:19:01,026 - INFO - phi = [ 0.48959172 -0.10788502 -0.18838096 -0.78731634]
2025-12-13 21:19:01,042 - INFO - num_full_subsets = 2
2025-12-13 21:19:01,048 - INFO - phi = [ 0.51498128 -0.03359507 -0.29713699 -0.43175412]
2025-12-13 21:19:01,063 - INFO - num_full_subsets = 2
2025-12-13 21:19:01,069 - INFO - phi = [-0.12663255 -0.39266316 -0.17931796  0.27937031]
2025-12-13 21:19:01,084 - INFO - num_full_subsets = 2
2025-12-13 21:19:01,090 - INFO - phi = [ 0.19468216  0.01799517 -0.47839702  0.50794602]
2025-12-13 21:19:01,105 - INFO - num_full_subsets = 2
2025-12-13 21:19:01,111 - INFO - phi = [-0.12751142  0.02212239  0.35539914  0.60953523]
2025-12-13 21:19:01,126 - INFO - num_full_subsets = 2
2025-12-13 21:19:01,132 - INFO - phi = [-0.09886027  0.05926736  0.05632008  0.58413793]
2025-12-13 21:19:01,148 - INFO - num_full_subsets = 2
2025-12-13 21:19:01,153 - INFO - phi = [-0.12721846  0.16657506 -0.25182198  0.33016492]
2025-12-13 21:19:01,169 - INFO - num_full_subsets = 2
2025-12-13 21:19:01,174 - INFO - phi = [ 0.56771345  0.10466677  0.57291118 -0.43175412]
2025-12-13 21:19:01,189 - INFO - num_full_subsets = 2
2025-12-13 21:19:01,195 - INFO - phi = [-0.1282731   0.36880881 -0.00712093  0.0761919 ]
2025-12-13 21:19:01,210 - INFO - num_full_subsets = 2
2025-12-13 21:19:01,216 - INFO - phi = [-0.1273747  -0.19249302  0.20132811  0.33016492]
2025-12-13 21:19:01,232 - INFO - num_full_subsets = 2
2025-12-13 21:19:01,237 - INFO - phi = [-0.12469903 -0.20281107  0.71791921 -2.1587706 ]
2025-12-13 21:19:01,253 - INFO - num_full_subsets = 2
2025-12-13 21:19:01,259 - INFO - phi = [-0.12356627 -0.15741165  0.48228116 -1.21907046]
2025-12-13 21:19:01,274 - INFO - num_full_subsets = 2
2025-12-13 21:19:01,280 - INFO - phi = [-0.12508964 -0.16979331  0.03819408  0.99049475]
2025-12-13 21:19:01,295 - INFO - num_full_subsets = 2
2025-12-13 21:19:01,301 - INFO - phi = [-0.12930822 -0.04391312 -0.52371203  0.0761919 ]
2025-12-13 21:19:01,316 - INFO - num_full_subsets = 2
2025-12-13 21:19:01,322 - INFO - phi = [-0.12809733  2.9895931   0.28289513  0.27937031]
2025-12-13 21:19:01,337 - INFO - num_full_subsets = 2
2025-12-13 21:19:01,343 - INFO - phi = [-1.26515363e-01 -3.57581793e-01  4.91344165e-01 -5.55111512e-16]
2025-12-13 21:19:01,359 - INFO - num_full_subsets = 2
2025-12-13 21:19:01,365 - INFO - phi = [-0.12585133 -0.30805516  0.79042322 -0.68572713]
2025-12-13 21:19:01,380 - INFO - num_full_subsets = 2
2025-12-13 21:19:01,386 - INFO - phi = [-0.1271794  -0.38853594  0.1560131   0.0761919 ]
2025-12-13 21:19:01,401 - INFO - num_full_subsets = 2
2025-12-13 21:19:01,407 - INFO - phi = [ 0.46420215  0.08196707 -0.32432599 -0.17778111]
2025-12-13 21:19:01,422 - INFO - num_full_subsets = 2
2025-12-13 21:19:01,427 - INFO - phi = [-0.09690723 -0.21312912 -0.03430994 -0.40635682]
2025-12-13 21:19:01,443 - INFO - num_full_subsets = 2
2025-12-13 21:19:01,448 - INFO - phi = [-0.12825357  5.15638325  0.28289513 -0.15238381]
2025-12-13 21:19:01,465 - INFO - num_full_subsets = 2
2025-12-13 21:19:01,470 - INFO - phi = [-0.12786296 -0.24614687 -0.49652302  0.1015892 ]
2025-12-13 21:19:01,485 - INFO - num_full_subsets = 2
2025-12-13 21:19:01,491 - INFO - phi = [-0.12532401 -0.34107292  0.38258814 -0.0761919 ]
2025-12-13 21:19:01,506 - INFO - num_full_subsets = 2
2025-12-13 21:19:01,512 - INFO - phi = [-0.11606658  0.09434873 -0.41495601  0.53334333]
2025-12-13 21:19:01,528 - INFO - num_full_subsets = 2
2025-12-13 21:19:01,533 - INFO - phi = [-0.12858559 -0.35551818 -0.02524693  0.22857571]
2025-12-13 21:19:01,549 - INFO - num_full_subsets = 2
2025-12-13 21:19:01,554 - INFO - phi = [0.06382825 0.35849076 0.23758012 0.81271364]
2025-12-13 21:19:01,570 - INFO - num_full_subsets = 2
2025-12-13 21:19:01,576 - INFO - phi = [-0.12680832 -0.13883917  0.20132811  0.81271364]
2025-12-13 21:19:01,591 - INFO - num_full_subsets = 2
2025-12-13 21:19:01,597 - INFO - phi = [-0.1291715  -0.36170901 -0.64153105 -0.71112443]
2025-12-13 21:19:01,612 - INFO - num_full_subsets = 2
2025-12-13 21:19:01,618 - INFO - phi = [ 0.22007172 -0.11820307 -0.21556997  0.58413793]
2025-12-13 21:19:01,633 - INFO - num_full_subsets = 2
2025-12-13 21:19:01,639 - INFO - phi = [ 0.37436216 -0.05423117  0.50947017  0.45715142]
2025-12-13 21:19:01,654 - INFO - num_full_subsets = 2
2025-12-13 21:19:01,659 - INFO - phi = [-0.10432879  0.09641234  0.61822619  0.63493253]
2025-12-13 21:19:01,676 - INFO - num_full_subsets = 2
2025-12-13 21:19:01,681 - INFO - phi = [-0.03128497  0.29039164  0.30102113  0.48254872]
2025-12-13 21:19:01,697 - INFO - num_full_subsets = 2
2025-12-13 21:19:01,702 - INFO - phi = [0.33920737 0.03656765 0.21039111 0.38095952]
2025-12-13 21:19:01,717 - INFO - num_full_subsets = 2
2025-12-13 21:19:01,723 - INFO - phi = [-0.1289762  -0.15947526 -0.33338899  0.22857571]
2025-12-13 21:19:02,222 - INFO - Computing feature importance...
2025-12-13 21:19:02,637 - INFO - Experiment completed for ElasticNet
2025-12-13 21:19:02,637 - INFO - Total time: 14.56s (0.24 min)
2025-12-13 21:19:02,637 - INFO - Starting comprehensive experiment for ElasticNet
2025-12-13 21:19:11,223 - INFO - Performing feature analysis...
2025-12-13 21:19:12,415 - INFO - Model justification: Linear model with L1 and L2 regularization for handling multicollinearity
2025-12-13 21:19:12,415 - INFO - Performing robust cross-validation...
2025-12-13 21:19:12,448 - INFO - CV Results - MSE: 2.9461 ± 0.2200
2025-12-13 21:19:12,448 - INFO - Starting hyperparameter optimization...
2025-12-13 21:19:13,038 - INFO - Best parameters for ElasticNet: {'alpha': 0.20558785763697976, 'l1_ratio': 0.10010814633380198}
2025-12-13 21:19:13,038 - INFO - ⏱️ HPO took 0.59 seconds
2025-12-13 21:19:13,038 - INFO - Training final model...
2025-12-13 21:19:13,040 - INFO - ⏱️ Training took 0.00 seconds
2025-12-13 21:19:13,040 - INFO - Performing residual analysis...
2025-12-13 21:19:14,064 - INFO - Generating XAI explanations...
2025-12-13 21:19:14,064 - WARNING - Using 168 background data samples could cause slower run times. Consider using shap.sample(data, K) or shap.kmeans(data, K) to summarize the background as K samples.
2025-12-13 21:19:14,080 - INFO - num_full_subsets = 2
2025-12-13 21:19:14,085 - INFO - phi = [-0.09272381 -0.3699562   0.00349846  0.25845646]
2025-12-13 21:19:14,100 - INFO - num_full_subsets = 2
2025-12-13 21:19:14,106 - INFO - phi = [ 0.42497931  0.00636505  0.35614365 -0.64574035]
2025-12-13 21:19:14,121 - INFO - num_full_subsets = 2
2025-12-13 21:19:14,127 - INFO - phi = [-0.09312633  1.65971085  0.0864738   0.6047446 ]
2025-12-13 21:19:14,142 - INFO - num_full_subsets = 2
2025-12-13 21:19:14,148 - INFO - phi = [ 0.04057236 -0.03887576  0.28699753  0.08531239]
2025-12-13 21:19:14,163 - INFO - num_full_subsets = 2
2025-12-13 21:19:14,169 - INFO - phi = [-0.09394685 -0.3966894  -0.22468371 -0.78040796]
2025-12-13 21:19:14,184 - INFO - num_full_subsets = 2
2025-12-13 21:19:14,190 - INFO - phi = [-0.093405   -0.4131406  -0.29382983 -0.08783168]
2025-12-13 21:19:14,205 - INFO - num_full_subsets = 2
2025-12-13 21:19:14,211 - INFO - phi = [-0.09376108 -0.3761254  -0.22468371  0.54702991]
2025-12-13 21:19:14,226 - INFO - num_full_subsets = 2
2025-12-13 21:19:14,232 - INFO - phi = [ 0.33983077  0.04543665  0.52900893 -0.1647846 ]
2025-12-13 21:19:14,247 - INFO - num_full_subsets = 2
2025-12-13 21:19:14,253 - INFO - phi = [-0.09363722 -0.22806458  0.31465598 -0.20326106]
2025-12-13 21:19:14,268 - INFO - num_full_subsets = 2
2025-12-13 21:19:14,273 - INFO - phi = [-0.093405   -0.18076737  0.03807152  0.25845646]
2025-12-13 21:19:14,289 - INFO - num_full_subsets = 2
2025-12-13 21:19:14,295 - INFO - phi = [-0.09300248 -0.425479   -0.03107459 -0.37640513]
2025-12-13 21:19:14,310 - INFO - num_full_subsets = 2
2025-12-13 21:19:14,316 - INFO - phi = [-0.09489123  0.49167551 -0.39063439  0.18150354]
2025-12-13 21:19:14,331 - INFO - num_full_subsets = 2
2025-12-13 21:19:14,337 - INFO - phi = [ 0.10605933  0.05160585 -0.0379892   0.48931522]
2025-12-13 21:19:14,352 - INFO - num_full_subsets = 2
2025-12-13 21:19:14,358 - INFO - phi = [-0.09167107 -0.13758297  0.53592354  0.06607416]
2025-12-13 21:19:14,373 - INFO - num_full_subsets = 2
2025-12-13 21:19:14,378 - INFO - phi = [-0.09352885  0.25313308 -0.2800006   0.45083876]
2025-12-13 21:19:14,394 - INFO - num_full_subsets = 2
2025-12-13 21:19:14,400 - INFO - phi = [-0.09337404  0.16265147 -0.2177691   0.21998   ]
2025-12-13 21:19:14,415 - INFO - num_full_subsets = 2
2025-12-13 21:19:14,421 - INFO - phi = [-0.09479834 -0.28153099 -0.28691522 -0.24173752]
2025-12-13 21:19:14,436 - INFO - num_full_subsets = 2
2025-12-13 21:19:14,444 - INFO - phi = [-0.09300248 -0.09234216 -0.16936682  0.87407981]
2025-12-13 21:19:14,460 - INFO - num_full_subsets = 2
2025-12-13 21:19:14,466 - INFO - phi = [ 0.37543834  0.07833906 -0.27308599 -0.1647846 ]
2025-12-13 21:19:14,485 - INFO - num_full_subsets = 2
2025-12-13 21:19:14,496 - INFO - phi = [-0.06129626  0.05571865  0.10030302  0.39312407]
2025-12-13 21:19:14,512 - INFO - num_full_subsets = 2
2025-12-13 21:19:14,518 - INFO - phi = [-0.09456612 -0.3678998  -0.66030423 -0.12630814]
2025-12-13 21:19:14,533 - INFO - num_full_subsets = 2
2025-12-13 21:19:14,539 - INFO - phi = [-0.09405522 -0.31854619 -0.36989055  0.12378885]
2025-12-13 21:19:14,554 - INFO - num_full_subsets = 2
2025-12-13 21:19:14,559 - INFO - phi = [-0.09419456  5.13502728  0.19019297 -0.14554637]
2025-12-13 21:19:14,575 - INFO - num_full_subsets = 2
2025-12-13 21:19:14,580 - INFO - phi = [-0.09377656 -0.4131406   0.00349846 -1.12669609]
2025-12-13 21:19:14,595 - INFO - num_full_subsets = 2
2025-12-13 21:19:14,601 - INFO - phi = [-0.09314181 -0.32882819  0.01732769  0.35464761]
2025-12-13 21:19:14,617 - INFO - num_full_subsets = 2
2025-12-13 21:19:14,623 - INFO - phi = [ 0.04908721 -0.03887576 -0.24542755  0.72017397]
2025-12-13 21:19:14,638 - INFO - num_full_subsets = 2
2025-12-13 21:19:14,644 - INFO - phi = [-0.09267737 -0.3514486   0.57741121 -1.51146069]
2025-12-13 21:19:14,659 - INFO - num_full_subsets = 2
2025-12-13 21:19:14,665 - INFO - phi = [-0.0949996  -0.32677179  0.10721764 -0.70345504]
2025-12-13 21:19:14,680 - INFO - num_full_subsets = 2
2025-12-13 21:19:14,686 - INFO - phi = [-0.07646818  0.00842145  0.4460336   0.35464761]
2025-12-13 21:19:14,701 - INFO - num_full_subsets = 2
2025-12-13 21:19:14,707 - INFO - phi = [-0.09328115  1.43350682  0.22476603  0.25845646]
2025-12-13 21:19:14,722 - INFO - num_full_subsets = 2
2025-12-13 21:19:14,728 - INFO - phi = [-0.02135385  0.50812671  0.27316831 -0.01087876]
2025-12-13 21:19:14,743 - INFO - num_full_subsets = 2
2025-12-13 21:19:14,749 - INFO - phi = [-0.09290959 -0.394633   -0.16245221  0.18150354]
2025-12-13 21:19:14,764 - INFO - num_full_subsets = 2
2025-12-13 21:19:14,770 - INFO - phi = [-0.09219744  0.07011346  0.34231442  0.52779168]
2025-12-13 21:19:14,785 - INFO - num_full_subsets = 2
2025-12-13 21:19:14,791 - INFO - phi = [-0.09394685 -0.33911019  0.21785142 -0.95355203]
2025-12-13 21:19:14,806 - INFO - num_full_subsets = 2
2025-12-13 21:19:14,812 - INFO - phi = [ 0.39556436 -0.11084977 -0.16936682 -0.62650212]
2025-12-13 21:19:14,827 - INFO - num_full_subsets = 2
2025-12-13 21:19:14,833 - INFO - phi = [-0.09349789 -0.353505    0.14179069 -0.43411982]
2025-12-13 21:19:14,848 - INFO - num_full_subsets = 2
2025-12-13 21:19:14,854 - INFO - phi = [-0.09379204 -0.21983898  0.05190074  0.50855345]
2025-12-13 21:19:14,869 - INFO - num_full_subsets = 2
2025-12-13 21:19:14,875 - INFO - phi = [ 0.45903873 -0.31032059  0.18327836 -0.66497858]
2025-12-13 21:19:14,890 - INFO - num_full_subsets = 2
2025-12-13 21:19:14,895 - INFO - phi = [ 0.40949776 -0.22600818  0.50135049 -0.14554637]
2025-12-13 21:19:14,910 - INFO - num_full_subsets = 2
2025-12-13 21:19:14,916 - INFO - phi = [-0.09133047  0.80013555  0.09338841  0.31617115]
2025-12-13 21:19:14,932 - INFO - num_full_subsets = 2
2025-12-13 21:19:14,938 - INFO - phi = [-0.09405522  0.15442587  0.00349846  0.0275977 ]
2025-12-13 21:19:14,953 - INFO - num_full_subsets = 2
2025-12-13 21:19:14,958 - INFO - phi = [-0.09352885 -0.384351    0.01732769 -0.14554637]
2025-12-13 21:19:14,974 - INFO - num_full_subsets = 2
2025-12-13 21:19:14,979 - INFO - phi = [ 0.20359311  0.21200507  0.05881536 -0.53031097]
2025-12-13 21:19:14,995 - INFO - num_full_subsets = 2
2025-12-13 21:19:15,000 - INFO - phi = [-0.09486027  0.14825667 -0.25234216  0.43160053]
2025-12-13 21:19:15,017 - INFO - num_full_subsets = 2
2025-12-13 21:19:15,023 - INFO - phi = [-0.05262659 -0.06766536  0.25933909  0.52779168]
2025-12-13 21:19:15,039 - INFO - num_full_subsets = 2
2025-12-13 21:19:15,044 - INFO - phi = [ 0.29648243 -0.16225977 -0.41829283 -0.08783168]
2025-12-13 21:19:15,060 - INFO - num_full_subsets = 2
2025-12-13 21:19:15,066 - INFO - phi = [ 0.04475238 -0.26302338 -0.05873304  0.52779168]
2025-12-13 21:19:15,081 - INFO - num_full_subsets = 2
2025-12-13 21:19:15,086 - INFO - phi = [-0.09402426 -0.4193098  -0.40446361 -1.22288724]
2025-12-13 21:19:15,102 - INFO - num_full_subsets = 2
2025-12-13 21:19:15,107 - INFO - phi = [ 0.45439426  0.11329786 -0.41137822 -0.43411982]
2025-12-13 21:19:15,123 - INFO - num_full_subsets = 2
2025-12-13 21:19:15,129 - INFO - phi = [-0.0918104  -0.22600818  0.25933909  0.37388584]
2025-12-13 21:19:15,145 - INFO - num_full_subsets = 2
2025-12-13 21:19:15,150 - INFO - phi = [-0.09397782 -0.4234226  -0.34223211 -0.60726389]
2025-12-13 21:19:15,166 - INFO - num_full_subsets = 2
2025-12-13 21:19:15,172 - INFO - phi = [-0.09345144 -0.30620779  0.04498613  0.6047446 ]
2025-12-13 21:19:15,187 - INFO - num_full_subsets = 2
2025-12-13 21:19:15,193 - INFO - phi = [-0.09328115 -0.33088459 -0.44595128  0.21998   ]
2025-12-13 21:19:15,208 - INFO - num_full_subsets = 2
2025-12-13 21:19:15,213 - INFO - phi = [-0.09321922 -0.21778258 -0.25925677  0.4123623 ]
2025-12-13 21:19:15,229 - INFO - num_full_subsets = 2
2025-12-13 21:19:15,234 - INFO - phi = [-0.08835801 -0.10262417 -0.08639148  0.45083876]
2025-12-13 21:19:15,250 - INFO - num_full_subsets = 2
2025-12-13 21:19:15,256 - INFO - phi = [-0.09159366 -0.32677179  0.52209432 -1.39603131]
2025-12-13 21:19:15,271 - INFO - num_full_subsets = 2
2025-12-13 21:19:15,277 - INFO - phi = [-0.09529375 -0.09028576 -0.28691522  0.16226531]
2025-12-13 21:19:15,292 - INFO - num_full_subsets = 2
2025-12-13 21:19:15,298 - INFO - phi = [-0.08411607  0.02281625 -0.28691522  0.14302708]
2025-12-13 21:19:15,313 - INFO - num_full_subsets = 2
2025-12-13 21:19:15,319 - INFO - phi = [ 0.23300806 -0.11496257  0.2662537   0.16226531]
2025-12-13 21:19:15,334 - INFO - num_full_subsets = 2
2025-12-13 21:19:15,340 - INFO - phi = [-0.0913924   0.36623509  0.33539981  0.20074177]
2025-12-13 21:19:15,356 - INFO - num_full_subsets = 2
2025-12-13 21:19:15,361 - INFO - phi = [-0.09325018 -0.31443339  0.09338841  0.33540938]
2025-12-13 21:19:15,377 - INFO - num_full_subsets = 2
2025-12-13 21:19:15,382 - INFO - phi = [-0.09306441 -0.3473358  -0.08639148  0.18150354]
2025-12-13 21:19:15,398 - INFO - num_full_subsets = 2
2025-12-13 21:19:15,403 - INFO - phi = [-0.09061832  0.3888555   0.39763132  0.68169751]
2025-12-13 21:19:15,418 - INFO - num_full_subsets = 2
2025-12-13 21:19:15,424 - INFO - phi = [ 0.03639234  0.16882067 -0.44595128  0.35464761]
2025-12-13 21:19:15,439 - INFO - num_full_subsets = 2
2025-12-13 21:19:15,445 - INFO - phi = [ 0.07974069  0.26341508 -0.04490382  0.45083876]
2025-12-13 21:19:15,461 - INFO - num_full_subsets = 2
2025-12-13 21:19:15,466 - INFO - phi = [ 0.01363446 -0.23012098 -0.41137822  0.35464761]
2025-12-13 21:19:15,482 - INFO - num_full_subsets = 2
2025-12-13 21:19:15,487 - INFO - phi = [-0.09047899 -0.16020337  0.34231442 -0.95355203]
2025-12-13 21:19:15,503 - INFO - num_full_subsets = 2
2025-12-13 21:19:15,509 - INFO - phi = [-0.05897403 -0.00391695 -0.26617138  0.4123623 ]
2025-12-13 21:19:15,524 - INFO - num_full_subsets = 2
2025-12-13 21:19:15,530 - INFO - phi = [-0.09032417 -0.23423378  0.45294821  0.6047446 ]
2025-12-13 21:19:15,545 - INFO - num_full_subsets = 2
2025-12-13 21:19:15,551 - INFO - phi = [-0.09527827 -0.31032059 -0.11404993  0.06607416]
2025-12-13 21:19:15,566 - INFO - num_full_subsets = 2
2025-12-13 21:19:15,572 - INFO - phi = [-0.09137692 -0.20544418  0.52209432 -1.66536653]
2025-12-13 21:19:15,587 - INFO - num_full_subsets = 2
2025-12-13 21:19:15,593 - INFO - phi = [-0.09177944 -0.404915    0.28699753  0.29693292]
2025-12-13 21:19:15,608 - INFO - num_full_subsets = 2
2025-12-13 21:19:15,614 - INFO - phi = [-0.09410167 -0.404915   -0.4597805  -0.08783168]
2025-12-13 21:19:15,629 - INFO - num_full_subsets = 2
2025-12-13 21:19:15,635 - INFO - phi = [-0.09467449 -0.33088459  0.21785142  0.4123623 ]
2025-12-13 21:19:15,650 - INFO - num_full_subsets = 2
2025-12-13 21:19:15,656 - INFO - phi = [-0.07817115 -0.16225977  0.00349846  0.56626814]
2025-12-13 21:19:15,671 - INFO - num_full_subsets = 2
2025-12-13 21:19:15,677 - INFO - phi = [ 0.51012785  0.12152346 -0.36989055 -0.81888442]
2025-12-13 21:19:15,692 - INFO - num_full_subsets = 2
2025-12-13 21:19:15,698 - INFO - phi = [-0.06346368  0.08656466 -0.32148827  0.37388584]
2025-12-13 21:19:15,713 - INFO - num_full_subsets = 2
2025-12-13 21:19:15,719 - INFO - phi = [-0.09377656 -0.34527939  0.14179069 -0.81888442]
2025-12-13 21:19:15,734 - INFO - num_full_subsets = 2
2025-12-13 21:19:15,740 - INFO - phi = [-0.09407071 -0.20750058  0.35614365  0.18150354]
2025-12-13 21:19:15,755 - INFO - num_full_subsets = 2
2025-12-13 21:19:15,761 - INFO - phi = [-0.06423775  0.4587731  -0.26617138  0.37388584]
2025-12-13 21:19:15,776 - INFO - num_full_subsets = 2
2025-12-13 21:19:15,782 - INFO - phi = [-0.09112921  0.15236947  0.19019297  0.47007699]
2025-12-13 21:19:15,797 - INFO - num_full_subsets = 2
2025-12-13 21:19:15,803 - INFO - phi = [-0.08529267  0.46905511 -0.06564765  0.56626814]
2025-12-13 21:19:15,818 - INFO - num_full_subsets = 2
2025-12-13 21:19:15,824 - INFO - phi = [-0.09476738 -0.3617306   0.14179069 -0.5495492 ]
2025-12-13 21:19:15,839 - INFO - num_full_subsets = 2
2025-12-13 21:19:15,845 - INFO - phi = [-0.09318826 -0.33911019  0.52209432 -0.29945221]
2025-12-13 21:19:15,860 - INFO - num_full_subsets = 2
2025-12-13 21:19:15,866 - INFO - phi = [-0.09041706  0.30248668 -0.07256226  0.72017397]
2025-12-13 21:19:15,882 - INFO - num_full_subsets = 2
2025-12-13 21:19:15,888 - INFO - phi = [ 0.35995679  0.00430865 -0.23159832 -0.70345504]
2025-12-13 21:19:15,903 - INFO - num_full_subsets = 2
2025-12-13 21:19:15,909 - INFO - phi = [ 0.43426824 -0.19516218  0.09338841 -0.51107274]
2025-12-13 21:19:15,924 - INFO - num_full_subsets = 2
2025-12-13 21:19:15,930 - INFO - phi = [-0.09430293 -0.05327056 -0.17628143 -0.28021398]
2025-12-13 21:19:15,945 - INFO - num_full_subsets = 2
2025-12-13 21:19:15,951 - INFO - phi = [0.05806651 0.35389669 0.15561992 0.58550637]
2025-12-13 21:19:15,966 - INFO - num_full_subsets = 2
2025-12-13 21:19:15,972 - INFO - phi = [-0.09278574 -0.31443339  0.48060665 -0.24173752]
2025-12-13 21:19:15,988 - INFO - num_full_subsets = 2
2025-12-13 21:19:15,994 - INFO - phi = [-0.09335856 -0.3781818   0.2040222  -1.01126671]
2025-12-13 21:19:16,009 - INFO - num_full_subsets = 2
2025-12-13 21:19:16,015 - INFO - phi = [ 0.40485329  0.21611787 -0.31457366  0.00835947]
2025-12-13 21:19:16,030 - INFO - num_full_subsets = 2
2025-12-13 21:19:16,036 - INFO - phi = [-0.09176396 -0.22806458  0.60506966 -1.85774883]
2025-12-13 21:19:16,051 - INFO - num_full_subsets = 2
2025-12-13 21:19:16,057 - INFO - phi = [ 0.29493427 -0.01008615 -0.24542755 -0.18402283]
2025-12-13 21:19:16,072 - INFO - num_full_subsets = 2
2025-12-13 21:19:16,078 - INFO - phi = [-0.09397782 -0.25479778 -0.43212206  0.64322106]
2025-12-13 21:19:16,094 - INFO - num_full_subsets = 2
2025-12-13 21:19:16,100 - INFO - phi = [-0.09346693 -0.3761254  -0.30765905  0.37388584]
2025-12-13 21:19:16,115 - INFO - num_full_subsets = 2
2025-12-13 21:19:16,121 - INFO - phi = [ 0.39866067 -0.09234216  0.19019297 -0.08783168]
2025-12-13 21:19:16,136 - INFO - num_full_subsets = 2
2025-12-13 21:19:16,142 - INFO - phi = [-0.09430293 -0.425479   -0.45286589 -0.14554637]
2025-12-13 21:19:16,157 - INFO - num_full_subsets = 2
2025-12-13 21:19:16,163 - INFO - phi = [ 0.36769757 -0.15403417  0.43911898 -0.08783168]
2025-12-13 21:19:16,178 - INFO - num_full_subsets = 2
2025-12-13 21:19:16,184 - INFO - phi = [-0.06888222 -0.16637257 -0.27308599  0.20074177]
2025-12-13 21:19:16,200 - INFO - num_full_subsets = 2
2025-12-13 21:19:16,205 - INFO - phi = [0.04784869 0.13591826 0.23168064 0.25845646]
2025-12-13 21:19:16,221 - INFO - num_full_subsets = 2
2025-12-13 21:19:16,226 - INFO - phi = [-0.09501508 -0.3884638  -0.31457366  0.39312407]
2025-12-13 21:19:16,242 - INFO - num_full_subsets = 2
2025-12-13 21:19:16,247 - INFO - phi = [-0.09442678 -0.34322299  0.1487053  -0.31869044]
2025-12-13 21:19:16,263 - INFO - num_full_subsets = 2
2025-12-13 21:19:16,268 - INFO - phi = [-0.09484478 -0.28975659 -0.0379892  -0.1647846 ]
2025-12-13 21:19:16,284 - INFO - num_full_subsets = 2
2025-12-13 21:19:16,289 - INFO - phi = [-0.09422552 -0.08822936 -0.14170838 -0.31869044]
2025-12-13 21:19:16,305 - INFO - num_full_subsets = 2
2025-12-13 21:19:16,311 - INFO - phi = [-0.09033965 -0.20338778  0.51517971 -0.49183451]
2025-12-13 21:19:16,326 - INFO - num_full_subsets = 2
2025-12-13 21:19:16,332 - INFO - phi = [-0.09216648  0.97904237  0.17636375  0.56626814]
2025-12-13 21:19:16,347 - INFO - num_full_subsets = 2
2025-12-13 21:19:16,353 - INFO - phi = [-4.00865320e-02  1.95847643e-04 -4.45951278e-01  1.04550618e-01]
2025-12-13 21:19:16,368 - INFO - num_full_subsets = 2
2025-12-13 21:19:16,374 - INFO - phi = [-0.09362174 -0.06149616 -0.27308599  0.91255627]
2025-12-13 21:19:16,389 - INFO - num_full_subsets = 2
2025-12-13 21:19:16,395 - INFO - phi = [ 0.39246805 -0.03887576  0.32157059 -0.51107274]
2025-12-13 21:19:16,411 - INFO - num_full_subsets = 2
2025-12-13 21:19:16,417 - INFO - phi = [-0.09331211 -0.02653736 -0.25925677  0.62398283]
2025-12-13 21:19:16,432 - INFO - num_full_subsets = 2
2025-12-13 21:19:16,438 - INFO - phi = [ 0.01363446 -0.23012098 -0.41137822  0.35464761]
2025-12-13 21:19:16,453 - INFO - num_full_subsets = 2
2025-12-13 21:19:16,459 - INFO - phi = [ 0.14011874  0.63562353 -0.24542755  0.0275977 ]
2025-12-13 21:19:16,474 - INFO - num_full_subsets = 2
2025-12-13 21:19:16,480 - INFO - phi = [-0.09317278 -0.32677179  0.30082676  0.45083876]
2025-12-13 21:19:16,495 - INFO - num_full_subsets = 2
2025-12-13 21:19:16,501 - INFO - phi = [-0.08835801  0.17910267 -0.22468371  0.48931522]
2025-12-13 21:19:16,517 - INFO - num_full_subsets = 2
2025-12-13 21:19:16,522 - INFO - phi = [ 0.30267505 -0.13141377 -0.25234216 -0.24173752]
2025-12-13 21:19:16,538 - INFO - num_full_subsets = 2
2025-12-13 21:19:16,543 - INFO - phi = [ 0.39866067 -0.00802975 -0.22468371 -0.12630814]
2025-12-13 21:19:16,559 - INFO - num_full_subsets = 2
2025-12-13 21:19:16,564 - INFO - phi = [-0.0902158   1.63914685  0.34922904  0.45083876]
2025-12-13 21:19:16,580 - INFO - num_full_subsets = 2
2025-12-13 21:19:16,585 - INFO - phi = [-0.09360626 -0.33499739 -0.16936682 -0.24173752]
2025-12-13 21:19:16,601 - INFO - num_full_subsets = 2
2025-12-13 21:19:16,606 - INFO - phi = [0.20668942 0.04954945 0.14179069 0.37388584]
2025-12-13 21:19:16,622 - INFO - num_full_subsets = 2
2025-12-13 21:19:16,628 - INFO - phi = [-0.07848078  0.18938467 -0.07256226  0.29693292]
2025-12-13 21:19:16,643 - INFO - num_full_subsets = 2
2025-12-13 21:19:16,649 - INFO - phi = [-0.08910113 -0.10468057 -0.30074444  0.29693292]
2025-12-13 21:19:16,664 - INFO - num_full_subsets = 2
2025-12-13 21:19:16,670 - INFO - phi = [-0.09343596 -0.3720126  -0.12096454  0.04683593]
2025-12-13 21:19:16,685 - INFO - num_full_subsets = 2
2025-12-13 21:19:16,691 - INFO - phi = [ 0.09057777 -0.13347017 -0.41829283  0.64322106]
2025-12-13 21:19:16,706 - INFO - num_full_subsets = 2
2025-12-13 21:19:16,712 - INFO - phi = [-0.08804838  0.29837388 -0.34914672  0.54702991]
2025-12-13 21:19:16,728 - INFO - num_full_subsets = 2
2025-12-13 21:19:16,733 - INFO - phi = [-0.09509249  0.02281625 -0.27308599  0.31617115]
2025-12-13 21:19:16,749 - INFO - num_full_subsets = 2
2025-12-13 21:19:16,754 - INFO - phi = [-0.09390041 -0.363787    0.45294821 -0.85736088]
2025-12-13 21:19:16,770 - INFO - num_full_subsets = 2
2025-12-13 21:19:16,775 - INFO - phi = [-0.09287863 -0.14992137 -0.36297594  0.4123623 ]
2025-12-13 21:19:16,791 - INFO - num_full_subsets = 2
2025-12-13 21:19:16,796 - INFO - phi = [-0.09405522  0.4402655   0.03115691 -0.20326106]
2025-12-13 21:19:16,812 - INFO - num_full_subsets = 2
2025-12-13 21:19:16,817 - INFO - phi = [ 0.27945272 -0.00186055  0.42528976 -0.33792867]
2025-12-13 21:19:16,833 - INFO - num_full_subsets = 2
2025-12-13 21:19:16,839 - INFO - phi = [-0.09459708 -0.19310578 -0.18319604 -0.1647846 ]
2025-12-13 21:19:16,854 - INFO - num_full_subsets = 2
2025-12-13 21:19:16,860 - INFO - phi = [-0.09199618 -0.31648979  0.51517971 -0.5495492 ]
2025-12-13 21:19:16,875 - INFO - num_full_subsets = 2
2025-12-13 21:19:16,881 - INFO - phi = [-0.08547844  0.04543665 -0.28691522 -0.06859345]
2025-12-13 21:19:16,896 - INFO - num_full_subsets = 2
2025-12-13 21:19:16,902 - INFO - phi = [ 0.2004968   0.29220468  0.07955919 -0.47259628]
2025-12-13 21:19:16,917 - INFO - num_full_subsets = 2
2025-12-13 21:19:16,923 - INFO - phi = [-0.09489123  0.83098155 -0.39063439  0.72017397]
2025-12-13 21:19:16,939 - INFO - num_full_subsets = 2
2025-12-13 21:19:16,945 - INFO - phi = [-0.0910518  -0.17459817  0.34922904 -0.08783168]
2025-12-13 21:19:16,960 - INFO - num_full_subsets = 2
2025-12-13 21:19:16,965 - INFO - phi = [-0.09297152 -0.24245938  0.58432582 -2.62727803]
2025-12-13 21:19:16,981 - INFO - num_full_subsets = 2
2025-12-13 21:19:16,986 - INFO - phi = [-0.09417908 -0.3884638   0.13487608 -0.56878743]
2025-12-13 21:19:17,002 - INFO - num_full_subsets = 2
2025-12-13 21:19:17,007 - INFO - phi = [-0.09362174 -0.31032059 -0.2800006   0.4123623 ]
2025-12-13 21:19:17,023 - INFO - num_full_subsets = 2
2025-12-13 21:19:17,028 - INFO - phi = [-0.09346693 -0.32677179  0.41146054 -0.68421681]
2025-12-13 21:19:17,044 - INFO - num_full_subsets = 2
2025-12-13 21:19:17,050 - INFO - phi = [-0.09368367 -0.27741819  0.06572997 -0.12630814]
2025-12-13 21:19:17,065 - INFO - num_full_subsets = 2
2025-12-13 21:19:17,071 - INFO - phi = [ 0.47916475 -0.15403417  0.50135049 -0.49183451]
2025-12-13 21:19:17,086 - INFO - num_full_subsets = 2
2025-12-13 21:19:17,092 - INFO - phi = [-0.08718142  0.58421352  0.2040222   0.77788866]
2025-12-13 21:19:17,107 - INFO - num_full_subsets = 2
2025-12-13 21:19:17,113 - INFO - phi = [0.01750484 0.20994867 0.32157059 0.33540938]
2025-12-13 21:19:17,128 - INFO - num_full_subsets = 2
2025-12-13 21:19:17,134 - INFO - phi = [-0.09391589 -0.34116659 -0.27308599 -0.3571669 ]
2025-12-13 21:19:17,150 - INFO - num_full_subsets = 2
2025-12-13 21:19:17,156 - INFO - phi = [-0.093823   -0.14375217  0.10721764  0.75865043]
2025-12-13 21:19:17,171 - INFO - num_full_subsets = 2
2025-12-13 21:19:17,177 - INFO - phi = [ 0.16179292  0.01459065 -0.39063439  0.35464761]
2025-12-13 21:19:17,192 - INFO - num_full_subsets = 2
2025-12-13 21:19:17,197 - INFO - phi = [ 0.39246805  0.59860832  0.21785142 -0.08783168]
2025-12-13 21:19:17,213 - INFO - num_full_subsets = 2
2025-12-13 21:19:17,218 - INFO - phi = [ 0.50238708 -0.20338778  0.35614365 -0.56878743]
2025-12-13 21:19:17,234 - INFO - num_full_subsets = 2
2025-12-13 21:19:17,239 - INFO - phi = [-0.09061832  0.04338025  0.38380209  0.54702991]
2025-12-13 21:19:17,255 - INFO - num_full_subsets = 2
2025-12-13 21:19:17,261 - INFO - phi = [-0.09496864 -0.3925766  -0.18319604 -0.5495492 ]
2025-12-13 21:19:17,276 - INFO - num_full_subsets = 2
2025-12-13 21:19:17,282 - INFO - phi = [-0.09348241 -0.34116659  0.28699753 -0.79964619]
2025-12-13 21:19:17,297 - INFO - num_full_subsets = 2
2025-12-13 21:19:17,303 - INFO - phi = [-0.09318826  0.70348473  0.30082676  0.48931522]
2025-12-13 21:19:17,318 - INFO - num_full_subsets = 2
2025-12-13 21:19:17,324 - INFO - phi = [-0.08272273 -0.09645496 -0.50126817  0.4123623 ]
2025-12-13 21:19:17,339 - INFO - num_full_subsets = 2
2025-12-13 21:19:17,345 - INFO - phi = [-0.08295495 -0.19104938 -0.40446361  0.27769469]
2025-12-13 21:19:17,361 - INFO - num_full_subsets = 2
2025-12-13 21:19:17,367 - INFO - phi = [-0.09464352 -0.374069   -0.07256226 -0.62650212]
2025-12-13 21:19:17,382 - INFO - num_full_subsets = 2
2025-12-13 21:19:17,388 - INFO - phi = [-8.53545923e-02  1.95847643e-04  2.24766030e-01  4.70076986e-01]
2025-12-13 21:19:17,403 - INFO - num_full_subsets = 2
2025-12-13 21:19:17,409 - INFO - phi = [ 0.30577136  0.13591826 -0.03107459  0.14302708]
2025-12-13 21:19:17,424 - INFO - num_full_subsets = 2
2025-12-13 21:19:17,430 - INFO - phi = [-0.09377656  0.14620027 -0.43903667  0.21998   ]
2025-12-13 21:19:17,445 - INFO - num_full_subsets = 2
2025-12-13 21:19:17,451 - INFO - phi = [-0.09287863  3.30483105  0.0242423   0.4123623 ]
2025-12-13 21:19:17,467 - INFO - num_full_subsets = 2
2025-12-13 21:19:17,473 - INFO - phi = [-0.03946727 -0.22395178 -0.24542755  0.4123623 ]
2025-12-13 21:19:17,488 - INFO - num_full_subsets = 2
2025-12-13 21:19:17,494 - INFO - phi = [-0.09315729 -0.33705379 -0.27308599  0.95103273]
2025-12-13 21:19:17,509 - INFO - num_full_subsets = 2
2025-12-13 21:19:17,515 - INFO - phi = [-0.09088151  0.16265147  0.54975277 -1.60765184]
2025-12-13 21:19:17,530 - INFO - num_full_subsets = 2
2025-12-13 21:19:17,536 - INFO - phi = [ 0.01069296 -0.10468057 -0.17628143  0.18150354]
2025-12-13 21:19:17,551 - INFO - num_full_subsets = 2
2025-12-13 21:19:17,556 - INFO - phi = [-0.09247611 -0.06972176 -0.05873304  0.6047446 ]
2025-12-13 21:19:17,572 - INFO - num_full_subsets = 2
2025-12-13 21:19:17,578 - INFO - phi = [-0.09040158 -0.01214255  0.37688748  0.52779168]
2025-12-13 21:19:17,593 - INFO - num_full_subsets = 2
2025-12-13 21:19:17,599 - INFO - phi = [-0.06485702 -0.09851136 -0.35606133  0.4123623 ]
2025-12-13 21:19:17,614 - INFO - num_full_subsets = 2
2025-12-13 21:19:17,620 - INFO - phi = [ 0.39866067 -0.00802975 -0.22468371 -0.12630814]
2025-12-13 21:19:18,132 - INFO - Computing feature importance...
2025-12-13 21:19:18,574 - INFO - Experiment completed for ElasticNet
2025-12-13 21:19:18,574 - INFO - Total time: 15.55s (0.26 min)
2025-12-13 21:19:18,574 - INFO - Starting comprehensive experiment for ElasticNet
2025-12-13 21:19:27,009 - INFO - Performing feature analysis...
2025-12-13 21:19:28,180 - INFO - Model justification: Linear model with L1 and L2 regularization for handling multicollinearity
2025-12-13 21:19:28,180 - INFO - Performing robust cross-validation...
2025-12-13 21:19:28,213 - INFO - CV Results - MSE: 2.9401 ± 0.3373
2025-12-13 21:19:28,213 - INFO - Starting hyperparameter optimization...
2025-12-13 21:19:28,793 - INFO - Best parameters for ElasticNet: {'alpha': 0.022859166262282335, 'l1_ratio': 0.34871832272434483}
2025-12-13 21:19:28,793 - INFO - ⏱️ HPO took 0.58 seconds
2025-12-13 21:19:28,793 - INFO - Training final model...
2025-12-13 21:19:28,795 - INFO - ⏱️ Training took 0.00 seconds
2025-12-13 21:19:28,795 - INFO - Performing residual analysis...
2025-12-13 21:19:29,841 - INFO - Generating XAI explanations...
2025-12-13 21:19:29,842 - WARNING - Using 168 background data samples could cause slower run times. Consider using shap.sample(data, K) or shap.kmeans(data, K) to summarize the background as K samples.
2025-12-13 21:19:29,857 - INFO - num_full_subsets = 2
2025-12-13 21:19:29,862 - INFO - phi = [0.29366865 0.34788585 0.18013888 0.34469515]
2025-12-13 21:19:29,878 - INFO - num_full_subsets = 2
2025-12-13 21:19:29,883 - INFO - phi = [ 0.65265044  0.03266738  0.59482343 -0.77677779]
2025-12-13 21:19:29,898 - INFO - num_full_subsets = 2
2025-12-13 21:19:29,904 - INFO - phi = [-0.13092326 -0.06189816 -0.40733089  0.31920712]
2025-12-13 21:19:29,919 - INFO - num_full_subsets = 2
2025-12-13 21:19:29,925 - INFO - phi = [-0.12302114 -0.15148657 -0.45916645  0.80347953]
2025-12-13 21:19:29,940 - INFO - num_full_subsets = 2
2025-12-13 21:19:29,945 - INFO - phi = [ 0.47880391  0.27986502  0.4220382  -0.39445747]
2025-12-13 21:19:29,961 - INFO - num_full_subsets = 2
2025-12-13 21:19:29,967 - INFO - phi = [-0.12918479  0.07746158 -0.45916645  0.82896755]
2025-12-13 21:19:29,982 - INFO - num_full_subsets = 2
2025-12-13 21:19:29,987 - INFO - phi = [-0.13801258 -0.204576   -0.35549532 -0.13957726]
2025-12-13 21:19:30,002 - INFO - num_full_subsets = 2
2025-12-13 21:19:30,008 - INFO - phi = [ 0.63910396  0.28816025 -0.05312117 -0.87872988]
2025-12-13 21:19:30,023 - INFO - num_full_subsets = 2
2025-12-13 21:19:30,029 - INFO - phi = [ 0.1423996  -0.14650944 -0.4937235   0.6505514 ]
2025-12-13 21:19:30,044 - INFO - num_full_subsets = 2
2025-12-13 21:19:30,049 - INFO - phi = [-0.13821578 -0.31905008 -0.75290134 -0.5473856 ]
2025-12-13 21:19:30,064 - INFO - num_full_subsets = 2
2025-12-13 21:19:30,070 - INFO - phi = [-0.13823836 -0.29416441 -0.37277384 -0.21604132]
2025-12-13 21:19:30,085 - INFO - num_full_subsets = 2
2025-12-13 21:19:30,090 - INFO - phi = [ 0.24625597 -0.09010192 -0.35549532  0.21725504]
2025-12-13 21:19:30,105 - INFO - num_full_subsets = 2
2025-12-13 21:19:30,112 - INFO - phi = [ 0.76553779  0.40595241  0.12830332 -0.82775384]
2025-12-13 21:19:30,127 - INFO - num_full_subsets = 2
2025-12-13 21:19:30,133 - INFO - phi = [-0.09037412  0.06750732  0.09374627  0.44664723]
2025-12-13 21:19:30,148 - INFO - num_full_subsets = 2
2025-12-13 21:19:30,154 - INFO - phi = [-0.13561937 -0.24605212  0.46523451  0.47213525]
2025-12-13 21:19:30,169 - INFO - num_full_subsets = 2
2025-12-13 21:19:30,174 - INFO - phi = [-0.1362967  -0.23112071  0.56890564 -0.39445747]
2025-12-13 21:19:30,189 - INFO - num_full_subsets = 2
2025-12-13 21:19:30,195 - INFO - phi = [-0.13284234  0.26659267 -0.12223526  0.8799436 ]
2025-12-13 21:19:30,210 - INFO - num_full_subsets = 2
2025-12-13 21:19:30,216 - INFO - phi = [-0.11069384  0.09737012  0.52570934  0.5231113 ]
2025-12-13 21:19:30,231 - INFO - num_full_subsets = 2
2025-12-13 21:19:30,236 - INFO - phi = [ 0.03267309  0.06418923 -0.3382168   0.03883889]
2025-12-13 21:19:30,251 - INFO - num_full_subsets = 2
2025-12-13 21:19:30,257 - INFO - phi = [ 0.26431794 -0.07517052 -0.2691027   0.47213525]
2025-12-13 21:19:30,272 - INFO - num_full_subsets = 2
2025-12-13 21:19:30,278 - INFO - phi = [-0.13957043 -0.01544492 -0.56283759 -0.03762517]
2025-12-13 21:19:30,293 - INFO - num_full_subsets = 2
2025-12-13 21:19:30,299 - INFO - phi = [-0.13941239 -0.27093778 -0.67514799 -0.82775384]
2025-12-13 21:19:30,314 - INFO - num_full_subsets = 2
2025-12-13 21:19:30,319 - INFO - phi = [-0.13868991 -0.25434734  0.1542211  -0.49640956]
2025-12-13 21:19:30,334 - INFO - num_full_subsets = 2
2025-12-13 21:19:30,340 - INFO - phi = [-0.009321   -0.15314562 -0.48508424  0.37018317]
2025-12-13 21:19:30,355 - INFO - num_full_subsets = 2
2025-12-13 21:19:30,360 - INFO - phi = [ 0.61201099 -0.0967381   0.05918922 -0.80226582]
2025-12-13 21:19:30,376 - INFO - num_full_subsets = 2
2025-12-13 21:19:30,382 - INFO - phi = [-0.13744815 -0.31739103 -0.12223526 -2.56093929]
2025-12-13 21:19:30,397 - INFO - num_full_subsets = 2
2025-12-13 21:19:30,402 - INFO - phi = [ 0.77005329 -0.0967381   0.55162712 -1.05714603]
2025-12-13 21:19:30,417 - INFO - num_full_subsets = 2
2025-12-13 21:19:30,423 - INFO - phi = [-0.13690629 -0.26264256  0.4220382  -0.5473856 ]
2025-12-13 21:19:30,438 - INFO - num_full_subsets = 2
2025-12-13 21:19:30,444 - INFO - phi = [-0.12527889 -0.02374014  0.1542211   0.42115921]
2025-12-13 21:19:30,459 - INFO - num_full_subsets = 2
2025-12-13 21:19:30,464 - INFO - phi = [-0.12225351  0.56190261  0.09374627 -0.29250539]
2025-12-13 21:19:30,480 - INFO - num_full_subsets = 2
2025-12-13 21:19:30,486 - INFO - phi = [-0.13647732 -0.00880874 -0.04448191  0.75250349]
2025-12-13 21:19:30,501 - INFO - num_full_subsets = 2
2025-12-13 21:19:30,506 - INFO - phi = [-0.05537904 -0.04696676  0.21469593  1.21128787]
2025-12-13 21:19:30,521 - INFO - num_full_subsets = 2
2025-12-13 21:19:30,527 - INFO - phi = [ 0.66168143  0.06418923  0.55162712 -0.70031373]
2025-12-13 21:19:30,542 - INFO - num_full_subsets = 2
2025-12-13 21:19:30,547 - INFO - phi = [-0.13837382  0.31636401 -0.07039969 -0.03762517]
2025-12-13 21:19:30,562 - INFO - num_full_subsets = 2
2025-12-13 21:19:30,568 - INFO - phi = [-0.13643216 -0.09839715 -0.48508424  0.47213525]
2025-12-13 21:19:30,583 - INFO - num_full_subsets = 2
2025-12-13 21:19:30,589 - INFO - phi = [-0.13643216 -0.09839715 -0.48508424  0.47213525]
2025-12-13 21:19:30,604 - INFO - num_full_subsets = 2
2025-12-13 21:19:30,610 - INFO - phi = [-0.13866733  0.17202713 -0.21726714 -0.34348143]
2025-12-13 21:19:30,625 - INFO - num_full_subsets = 2
2025-12-13 21:19:30,631 - INFO - phi = [-0.13832867 -0.20789409  0.23197445 -0.24152935]
2025-12-13 21:19:30,646 - INFO - num_full_subsets = 2
2025-12-13 21:19:30,651 - INFO - phi = [-0.13598061 -0.2676197   0.59482343 -0.80226582]
2025-12-13 21:19:30,666 - INFO - num_full_subsets = 2
2025-12-13 21:19:30,672 - INFO - phi = [-0.1372901  -0.28089205 -0.41597015  0.42115921]
2025-12-13 21:19:30,687 - INFO - num_full_subsets = 2
2025-12-13 21:19:30,693 - INFO - phi = [-0.13896084 -0.26430161 -0.24318492 -0.31799341]
2025-12-13 21:19:30,708 - INFO - num_full_subsets = 2
2025-12-13 21:19:30,714 - INFO - phi = [-0.13882537 -0.23609785  0.35292411  0.21725504]
2025-12-13 21:19:30,728 - INFO - num_full_subsets = 2
2025-12-13 21:19:30,734 - INFO - phi = [-0.05537904 -0.04696676  0.21469593  1.21128787]
2025-12-13 21:19:30,749 - INFO - num_full_subsets = 2
2025-12-13 21:19:30,755 - INFO - phi = [-0.13995425 -0.05028485 -0.39005236  0.14079098]
2025-12-13 21:19:30,770 - INFO - num_full_subsets = 2
2025-12-13 21:19:30,775 - INFO - phi = [ 0.44042221 -0.08346574 -0.34685606 -0.39445747]
2025-12-13 21:19:30,791 - INFO - num_full_subsets = 2
2025-12-13 21:19:30,797 - INFO - phi = [-0.13817063  2.42335066  0.20605667  0.166279  ]
2025-12-13 21:19:30,812 - INFO - num_full_subsets = 2
2025-12-13 21:19:30,817 - INFO - phi = [ 0.72489834  0.00944075 -0.04448191 -0.5473856 ]
2025-12-13 21:19:30,832 - INFO - num_full_subsets = 2
2025-12-13 21:19:30,838 - INFO - phi = [-0.13270688 -0.16641797  0.5343486   0.72701547]
2025-12-13 21:19:30,853 - INFO - num_full_subsets = 2
2025-12-13 21:19:30,859 - INFO - phi = [-0.13952527 -0.24107498  0.10238553 -1.00616999]
2025-12-13 21:19:30,874 - INFO - num_full_subsets = 2
2025-12-13 21:19:30,879 - INFO - phi = [-0.11979257  0.33295445 -0.2259064   0.03883889]
2025-12-13 21:19:30,895 - INFO - num_full_subsets = 2
2025-12-13 21:19:30,901 - INFO - phi = [-0.13575484 -0.01046778  0.38748115  0.08981493]
2025-12-13 21:19:30,916 - INFO - num_full_subsets = 2
2025-12-13 21:19:30,921 - INFO - phi = [-0.13832867 -0.29084632  0.13694258 -0.82775384]
2025-12-13 21:19:30,936 - INFO - num_full_subsets = 2
2025-12-13 21:19:30,942 - INFO - phi = [-0.11543511  0.17534521 -0.12223526  0.31920712]
2025-12-13 21:19:30,957 - INFO - num_full_subsets = 2
2025-12-13 21:19:30,963 - INFO - phi = [-0.13487432  0.95509618  0.25789223  0.24274306]
2025-12-13 21:19:30,978 - INFO - num_full_subsets = 2
2025-12-13 21:19:30,983 - INFO - phi = [ 0.4923504   0.00446362  0.14558184 -0.49640956]
2025-12-13 21:19:30,999 - INFO - num_full_subsets = 2
2025-12-13 21:19:31,005 - INFO - phi = [-0.13697402 -0.23112071  0.08510701  0.37018317]
2025-12-13 21:19:31,020 - INFO - num_full_subsets = 2
2025-12-13 21:19:31,026 - INFO - phi = [-0.13692887 -0.15314562 -0.35549532  0.47213525]
2025-12-13 21:19:31,041 - INFO - num_full_subsets = 2
2025-12-13 21:19:31,046 - INFO - phi = [-0.13891568 -0.30411868  0.25789223 -2.66289138]
2025-12-13 21:19:31,062 - INFO - num_full_subsets = 2
2025-12-13 21:19:31,067 - INFO - phi = [ 0.11079114  0.18364044 -0.16543157  0.42115921]
2025-12-13 21:19:31,082 - INFO - num_full_subsets = 2
2025-12-13 21:19:31,088 - INFO - phi = [-0.12234382 -0.18466747 -0.07039969  0.26823108]
2025-12-13 21:19:31,104 - INFO - num_full_subsets = 2
2025-12-13 21:19:31,110 - INFO - phi = [-0.12771726  0.20188993 -0.3382168   0.72701547]
2025-12-13 21:19:31,125 - INFO - num_full_subsets = 2
2025-12-13 21:19:31,130 - INFO - phi = [0.18981229 0.12889197 0.59482343 0.54859932]
2025-12-13 21:19:31,145 - INFO - num_full_subsets = 2
2025-12-13 21:19:31,151 - INFO - phi = [-0.13306812  0.36281726 -0.28638123  0.19176702]
2025-12-13 21:19:31,166 - INFO - num_full_subsets = 2
2025-12-13 21:19:31,171 - INFO - phi = [-0.13765134 -0.30411868 -0.07903896 -0.1905533 ]
2025-12-13 21:19:31,186 - INFO - num_full_subsets = 2
2025-12-13 21:19:31,192 - INFO - phi = [-0.13808032 -0.22282549 -0.57147685  0.62506338]
2025-12-13 21:19:31,208 - INFO - num_full_subsets = 2
2025-12-13 21:19:31,213 - INFO - phi = [ 0.3388236   0.11727865 -0.02720339 -0.01213715]
2025-12-13 21:19:31,229 - INFO - num_full_subsets = 2
2025-12-13 21:19:31,235 - INFO - phi = [-0.08156891  0.34622681  0.12830332  0.5231113 ]
2025-12-13 21:19:31,250 - INFO - num_full_subsets = 2
2025-12-13 21:19:31,255 - INFO - phi = [-0.13905115 -0.26430161  0.18877814  0.72701547]
2025-12-13 21:19:31,270 - INFO - num_full_subsets = 2
2025-12-13 21:19:31,276 - INFO - phi = [-0.12679158  0.0260312   0.60346269  0.11530295]
2025-12-13 21:19:31,291 - INFO - num_full_subsets = 2
2025-12-13 21:19:31,297 - INFO - phi = [-0.1242629   0.09571107 -0.45916645  0.42115921]
2025-12-13 21:19:31,313 - INFO - num_full_subsets = 2
2025-12-13 21:19:31,318 - INFO - phi = [ 0.58040253 -0.0519439   0.20605667 -0.1905533 ]
2025-12-13 21:19:31,333 - INFO - num_full_subsets = 2
2025-12-13 21:19:31,339 - INFO - phi = [-0.08721327 -0.08512479 -0.08767822  0.72701547]
2025-12-13 21:19:31,354 - INFO - num_full_subsets = 2
2025-12-13 21:19:31,360 - INFO - phi = [-0.009321    0.05091687 -0.40733089  0.21725504]
2025-12-13 21:19:31,375 - INFO - num_full_subsets = 2
2025-12-13 21:19:31,380 - INFO - phi = [ 0.02183591 -0.01544492 -0.36413458  0.39567119]
2025-12-13 21:19:31,395 - INFO - num_full_subsets = 2
2025-12-13 21:19:31,401 - INFO - phi = [-0.13160058  0.1189377  -0.13951379  0.21725504]
2025-12-13 21:19:31,416 - INFO - num_full_subsets = 2
2025-12-13 21:19:31,422 - INFO - phi = [-0.13259399  0.0260312   0.13694258  0.42115921]
2025-12-13 21:19:31,437 - INFO - num_full_subsets = 2
2025-12-13 21:19:31,443 - INFO - phi = [ 0.19884328 -0.09342001  0.4220382   0.62506338]
2025-12-13 21:19:31,458 - INFO - num_full_subsets = 2
2025-12-13 21:19:31,463 - INFO - phi = [-0.13681598 -0.09839715 -0.59739463  0.42115921]
2025-12-13 21:19:31,478 - INFO - num_full_subsets = 2
2025-12-13 21:19:31,484 - INFO - phi = [-0.13272946  0.33295445  0.44795598  0.62506338]
2025-12-13 21:19:31,499 - INFO - num_full_subsets = 2
2025-12-13 21:19:31,505 - INFO - phi = [0.17400806 0.13718719 0.01599292 0.70152745]
2025-12-13 21:19:31,520 - INFO - num_full_subsets = 2
2025-12-13 21:19:31,526 - INFO - phi = [-0.13293265 -0.10669237  0.39612042 -1.33751426]
2025-12-13 21:19:31,541 - INFO - num_full_subsets = 2
2025-12-13 21:19:31,547 - INFO - phi = [-0.13799001 -0.2974825  -0.31229901 -1.10812207]
2025-12-13 21:19:31,561 - INFO - num_full_subsets = 2
2025-12-13 21:19:31,567 - INFO - phi = [ 0.40655601  0.02105407  0.49979155 -0.52189758]
2025-12-13 21:19:31,582 - INFO - num_full_subsets = 2
2025-12-13 21:19:31,588 - INFO - phi = [-0.08653595 -0.00880874  0.21469593  0.06432691]
2025-12-13 21:19:31,603 - INFO - num_full_subsets = 2
2025-12-13 21:19:31,608 - INFO - phi = [-0.13952527 -0.32236817 -0.39869162  0.21725504]
2025-12-13 21:19:31,624 - INFO - num_full_subsets = 2
2025-12-13 21:19:31,629 - INFO - phi = [-1.36432161e-01  2.68879779e+00 -1.28560436e-03  4.72135253e-01]
2025-12-13 21:19:31,644 - INFO - num_full_subsets = 2
2025-12-13 21:19:31,650 - INFO - phi = [ 0.60523775 -0.00714969 -0.34685606 -0.5473856 ]
2025-12-13 21:19:31,665 - INFO - num_full_subsets = 2
2025-12-13 21:19:31,671 - INFO - phi = [-0.13907373 -0.29582345 -0.51964128  0.42115921]
2025-12-13 21:19:31,686 - INFO - num_full_subsets = 2
2025-12-13 21:19:31,691 - INFO - phi = [-0.13765134 -0.08844288  0.29244928  0.2937191 ]
2025-12-13 21:19:31,706 - INFO - num_full_subsets = 2
2025-12-13 21:19:31,712 - INFO - phi = [-0.1383964  -0.04862581 -0.20862788 -0.49640956]
2025-12-13 21:19:31,728 - INFO - num_full_subsets = 2
2025-12-13 21:19:31,733 - INFO - phi = [ 0.01890084 -0.16309989 -0.54555907  0.39567119]
2025-12-13 21:19:31,748 - INFO - num_full_subsets = 2
2025-12-13 21:19:31,754 - INFO - phi = [-0.13555164 -0.02871727 -0.08767822  0.59957536]
2025-12-13 21:19:31,769 - INFO - num_full_subsets = 2
2025-12-13 21:19:31,774 - INFO - phi = [-0.13780939 -0.09342001  0.10238553  0.93091964]
2025-12-13 21:19:31,789 - INFO - num_full_subsets = 2
2025-12-13 21:19:31,795 - INFO - phi = [-0.13803516 -0.18300842 -0.57147685  0.77799151]
2025-12-13 21:19:31,810 - INFO - num_full_subsets = 2
2025-12-13 21:19:31,816 - INFO - phi = [ 0.00783788 -0.17803129 -0.0012856   0.98189568]
2025-12-13 21:19:31,831 - INFO - num_full_subsets = 2
2025-12-13 21:19:31,837 - INFO - phi = [-0.13670309 -0.25766543 -0.13951379  0.166279  ]
2025-12-13 21:19:31,852 - INFO - num_full_subsets = 2
2025-12-13 21:19:31,858 - INFO - phi = [ 0.03628549 -0.10503332 -0.36413458  0.5231113 ]
2025-12-13 21:19:31,873 - INFO - num_full_subsets = 2
2025-12-13 21:19:31,879 - INFO - phi = [-0.13778681 -0.28752823 -0.24318492 -1.05714603]
2025-12-13 21:19:31,894 - INFO - num_full_subsets = 2
2025-12-13 21:19:31,899 - INFO - phi = [-0.12974923  0.39931624  0.5343486   0.31920712]
2025-12-13 21:19:31,914 - INFO - num_full_subsets = 2
2025-12-13 21:19:31,920 - INFO - phi = [-0.12545951  0.02271311  0.24925297  0.54859932]
2025-12-13 21:19:31,936 - INFO - num_full_subsets = 2
2025-12-13 21:19:31,942 - INFO - phi = [-0.13295523 -0.1266009   0.36156337 -0.47092154]
2025-12-13 21:19:31,957 - INFO - num_full_subsets = 2
2025-12-13 21:19:31,962 - INFO - phi = [-0.04047791  0.20852611 -0.23454566  0.47213525]
2025-12-13 21:19:31,977 - INFO - num_full_subsets = 2
2025-12-13 21:19:31,983 - INFO - phi = [-0.13837382 -0.10005619 -0.53691981  0.80347953]
2025-12-13 21:19:31,998 - INFO - num_full_subsets = 2
2025-12-13 21:19:32,004 - INFO - phi = [-0.12699478  0.65149102 -0.05312117  0.67603942]
2025-12-13 21:19:32,019 - INFO - num_full_subsets = 2
2025-12-13 21:19:32,025 - INFO - phi = [-0.13692887 -0.30577772 -0.21726714 -0.1905533 ]
2025-12-13 21:19:32,041 - INFO - num_full_subsets = 2
2025-12-13 21:19:32,046 - INFO - phi = [-0.13896084 -0.30080059 -0.13087452 -0.4199455 ]
2025-12-13 21:19:32,062 - INFO - num_full_subsets = 2
2025-12-13 21:19:32,067 - INFO - phi = [-0.13363255 -0.19130364  0.4220382   0.57408734]
2025-12-13 21:19:32,082 - INFO - num_full_subsets = 2
2025-12-13 21:19:32,088 - INFO - phi = [-0.1374933  -0.28918728  0.51707007 -1.92373876]
2025-12-13 21:19:32,103 - INFO - num_full_subsets = 2
2025-12-13 21:19:32,109 - INFO - phi = [0.19658553 0.20354897 0.49979155 0.39567119]
2025-12-13 21:19:32,124 - INFO - num_full_subsets = 2
2025-12-13 21:19:32,129 - INFO - phi = [-0.13975105  0.12059674  0.1542211   0.72701547]
2025-12-13 21:19:32,145 - INFO - num_full_subsets = 2
2025-12-13 21:19:32,151 - INFO - phi = [-0.13534844 -0.24771116  0.24061371 -0.95519394]
2025-12-13 21:19:32,165 - INFO - num_full_subsets = 2
2025-12-13 21:19:32,171 - INFO - phi = [-0.12983954  0.16704999 -0.31229901  0.57408734]
2025-12-13 21:19:32,186 - INFO - num_full_subsets = 2
2025-12-13 21:19:32,192 - INFO - phi = [-0.13900599 -0.27259683  0.32700633 -0.5473856 ]
2025-12-13 21:19:32,207 - INFO - num_full_subsets = 2
2025-12-13 21:19:32,212 - INFO - phi = [ 0.24399822 -0.10171523  0.24925297  0.77799151]
2025-12-13 21:19:32,228 - INFO - num_full_subsets = 2
2025-12-13 21:19:32,233 - INFO - phi = [-0.13932208  0.14216432 -0.34685606  0.49762327]
2025-12-13 21:19:32,249 - INFO - num_full_subsets = 2
2025-12-13 21:19:32,255 - INFO - phi = [-0.13647732 -0.29582345 -0.23454566  0.166279  ]
2025-12-13 21:19:32,270 - INFO - num_full_subsets = 2
2025-12-13 21:19:32,275 - INFO - phi = [-0.13607092 -0.26098352  0.11966405  0.47213525]
2025-12-13 21:19:32,290 - INFO - num_full_subsets = 2
2025-12-13 21:19:32,296 - INFO - phi = [-0.13961558 -0.18632651 -0.44188793 -0.13957726]
2025-12-13 21:19:32,311 - INFO - num_full_subsets = 2
2025-12-13 21:19:32,317 - INFO - phi = [ 0.79263076  0.11230152  0.10238553 -1.10812207]
2025-12-13 21:19:32,332 - INFO - num_full_subsets = 2
2025-12-13 21:19:32,337 - INFO - phi = [-0.09466384  0.39268006 -0.36413458  0.42115921]
2025-12-13 21:19:32,353 - INFO - num_full_subsets = 2
2025-12-13 21:19:32,359 - INFO - phi = [-0.13738041 -0.28752823 -0.00992487 -0.26701737]
2025-12-13 21:19:32,374 - INFO - num_full_subsets = 2
2025-12-13 21:19:32,379 - INFO - phi = [-0.13701918 -0.12162377  0.33564559  0.03883889]
2025-12-13 21:19:32,394 - INFO - num_full_subsets = 2
2025-12-13 21:19:32,400 - INFO - phi = [ 0.31398838 -0.06355721 -0.03584265  0.72701547]
2025-12-13 21:19:32,415 - INFO - num_full_subsets = 2
2025-12-13 21:19:32,420 - INFO - phi = [-0.13661278 -0.32070912 -0.07039969 -0.57287362]
2025-12-13 21:19:32,435 - INFO - num_full_subsets = 2
2025-12-13 21:19:32,441 - INFO - phi = [-0.13417441  0.66808146  0.08510701  0.34469515]
2025-12-13 21:19:32,457 - INFO - num_full_subsets = 2
2025-12-13 21:19:32,462 - INFO - phi = [-0.13794485 -0.26098352  0.33564559 -0.62384967]
2025-12-13 21:19:32,477 - INFO - num_full_subsets = 2
2025-12-13 21:19:32,483 - INFO - phi = [-0.12733344 -0.15480466 -0.58875537 -0.39445747]
2025-12-13 21:19:32,498 - INFO - num_full_subsets = 2
2025-12-13 21:19:32,503 - INFO - phi = [-0.13792227 -0.27093778  0.5343486  -1.21007416]
2025-12-13 21:19:32,518 - INFO - num_full_subsets = 2
2025-12-13 21:19:32,524 - INFO - phi = [ 0.58040253 -0.0519439   0.20605667 -0.1905533 ]
2025-12-13 21:19:32,539 - INFO - num_full_subsets = 2
2025-12-13 21:19:32,545 - INFO - phi = [-0.1349872   0.01441789  0.45659524  0.44664723]
2025-12-13 21:19:32,560 - INFO - num_full_subsets = 2
2025-12-13 21:19:32,566 - INFO - phi = [ 0.1423996  -0.14650944 -0.4937235   0.6505514 ]
2025-12-13 21:19:32,581 - INFO - num_full_subsets = 2
2025-12-13 21:19:32,587 - INFO - phi = [-0.11453201 -0.01710396  0.49979155  0.44664723]
2025-12-13 21:19:32,602 - INFO - num_full_subsets = 2
2025-12-13 21:19:32,607 - INFO - phi = [-0.13905115 -0.24439307  0.24061371  0.47213525]
2025-12-13 21:19:32,622 - INFO - num_full_subsets = 2
2025-12-13 21:19:32,628 - INFO - phi = [-0.12543693 -0.07351148 -0.30365975  0.72701547]
2025-12-13 21:19:32,643 - INFO - num_full_subsets = 2
2025-12-13 21:19:32,648 - INFO - phi = [-0.1390963  -0.29416441 -0.32957753 -0.08860122]
2025-12-13 21:19:32,664 - INFO - num_full_subsets = 2
2025-12-13 21:19:32,670 - INFO - phi = [-0.13688371 -0.2344388   0.66393752 -0.59836164]
2025-12-13 21:19:32,685 - INFO - num_full_subsets = 2
2025-12-13 21:19:32,690 - INFO - phi = [ 0.49460814  0.05921209  0.62938047 -0.29250539]
2025-12-13 21:19:32,705 - INFO - num_full_subsets = 2
2025-12-13 21:19:32,711 - INFO - phi = [-0.03212425  0.43249713  0.3097278  -0.08860122]
2025-12-13 21:19:32,726 - INFO - num_full_subsets = 2
2025-12-13 21:19:32,732 - INFO - phi = [ 0.33205035  0.27820598 -0.23454566  0.24274306]
2025-12-13 21:19:32,747 - INFO - num_full_subsets = 2
2025-12-13 21:19:32,752 - INFO - phi = [-0.13733526 -0.31407294 -0.61467316  0.01335087]
2025-12-13 21:19:32,768 - INFO - num_full_subsets = 2
2025-12-13 21:19:32,774 - INFO - phi = [0.25077146 0.29147834 0.56026638 0.37018317]
2025-12-13 21:19:32,789 - INFO - num_full_subsets = 2
2025-12-13 21:19:32,794 - INFO - phi = [-0.03709129 -0.0818067  -0.03584265  0.42115921]
2025-12-13 21:19:32,809 - INFO - num_full_subsets = 2
2025-12-13 21:19:32,815 - INFO - phi = [-0.13313585  0.33627254  0.46523451  0.82896755]
2025-12-13 21:19:32,830 - INFO - num_full_subsets = 2
2025-12-13 21:19:32,836 - INFO - phi = [-0.13796743  0.33959063 -0.35549532  0.62506338]
2025-12-13 21:19:32,851 - INFO - num_full_subsets = 2
2025-12-13 21:19:32,857 - INFO - phi = [-0.13388091  0.14548241  0.20605667  0.54859932]
2025-12-13 21:19:32,873 - INFO - num_full_subsets = 2
2025-12-13 21:19:32,878 - INFO - phi = [-0.10775877  0.17036808  0.11102479  0.21725504]
2025-12-13 21:19:32,893 - INFO - num_full_subsets = 2
2025-12-13 21:19:32,899 - INFO - phi = [-0.13424215 -0.14319135  0.62074121 -2.28057106]
2025-12-13 21:19:32,914 - INFO - num_full_subsets = 2
2025-12-13 21:19:32,919 - INFO - phi = [-0.13893826 -0.13323708 -0.26046344 -0.29250539]
2025-12-13 21:19:32,934 - INFO - num_full_subsets = 2
2025-12-13 21:19:32,940 - INFO - phi = [ 0.66168143  0.11396056 -0.54555907 -0.64933769]
2025-12-13 21:19:32,955 - INFO - num_full_subsets = 2
2025-12-13 21:19:32,961 - INFO - phi = [-0.1392995  -0.28421014  0.23197445 -2.86679555]
2025-12-13 21:19:32,977 - INFO - num_full_subsets = 2
2025-12-13 21:19:32,982 - INFO - phi = [-0.12907191 -0.04530772 -0.3814131   0.57408734]
2025-12-13 21:19:32,997 - INFO - num_full_subsets = 2
2025-12-13 21:19:33,003 - INFO - phi = [-0.13821578 -0.30411868 -0.6060339  -0.1905533 ]
2025-12-13 21:19:33,018 - INFO - num_full_subsets = 2
2025-12-13 21:19:33,024 - INFO - phi = [-0.13146512  0.06087114  0.49115229  0.72701547]
2025-12-13 21:19:33,039 - INFO - num_full_subsets = 2
2025-12-13 21:19:33,044 - INFO - phi = [-0.13661278 -0.204576    0.12830332 -1.00616999]
2025-12-13 21:19:33,059 - INFO - num_full_subsets = 2
2025-12-13 21:19:33,065 - INFO - phi = [-0.13462596  0.3495449   0.78488717 -4.72742111]
2025-12-13 21:19:33,081 - INFO - num_full_subsets = 2
2025-12-13 21:19:33,087 - INFO - phi = [-0.06147496  0.15045955  0.5343486   0.77799151]
2025-12-13 21:19:33,101 - INFO - num_full_subsets = 2
2025-12-13 21:19:33,107 - INFO - phi = [ 0.64813494 -0.16475893 -0.43324867 -0.95519394]
2025-12-13 21:19:33,122 - INFO - num_full_subsets = 2
2025-12-13 21:19:33,128 - INFO - phi = [-0.13832867 -0.20789409  0.23197445 -0.24152935]
2025-12-13 21:19:33,144 - INFO - num_full_subsets = 2
2025-12-13 21:19:33,150 - INFO - phi = [ 0.58943352  0.19691279 -0.42460941 -0.0631132 ]
2025-12-13 21:19:33,165 - INFO - num_full_subsets = 2
2025-12-13 21:19:33,170 - INFO - phi = [-0.13272946 -0.14153231  0.61210195 -0.72580175]
2025-12-13 21:19:33,186 - INFO - num_full_subsets = 2
2025-12-13 21:19:33,192 - INFO - phi = [-0.13756103 -0.16144084 -0.01856413 -0.24152935]
2025-12-13 21:19:33,207 - INFO - num_full_subsets = 2
2025-12-13 21:19:33,212 - INFO - phi = [ 0.06428155 -0.1896446  -0.10495674  0.62506338]
2025-12-13 21:19:33,227 - INFO - num_full_subsets = 2
2025-12-13 21:19:33,233 - INFO - phi = [-0.13905115 -0.24107498 -0.59739463  0.67603942]
2025-12-13 21:19:33,248 - INFO - num_full_subsets = 2
2025-12-13 21:19:33,254 - INFO - phi = [-0.13995425  0.4723142  -0.51100202 -0.01213715]
2025-12-13 21:19:33,269 - INFO - num_full_subsets = 2
2025-12-13 21:19:33,275 - INFO - phi = [ 0.03583394 -0.09839715  0.3097278   0.72701547]
2025-12-13 21:19:33,290 - INFO - num_full_subsets = 2
2025-12-13 21:19:33,296 - INFO - phi = [ 0.24851371 -0.07682957  0.49115229  0.72701547]
2025-12-13 21:19:33,311 - INFO - num_full_subsets = 2
2025-12-13 21:19:33,317 - INFO - phi = [ 0.2959264  -0.09507906 -0.06176043  0.24274306]
2025-12-13 21:19:33,332 - INFO - num_full_subsets = 2
2025-12-13 21:19:33,337 - INFO - phi = [-0.13561937  0.01773598  0.16286036  0.47213525]
2025-12-13 21:19:34,019 - INFO - Computing feature importance...
2025-12-13 21:19:34,464 - INFO - Experiment completed for ElasticNet
2025-12-13 21:19:34,464 - INFO - Total time: 15.50s (0.26 min)
2025-12-13 21:19:34,464 - INFO - Starting comprehensive experiment for ElasticNet
2025-12-13 21:19:41,596 - INFO - Performing feature analysis...
2025-12-13 21:19:42,770 - INFO - Model justification: Linear model with L1 and L2 regularization for handling multicollinearity
2025-12-13 21:19:42,770 - INFO - Performing robust cross-validation...
2025-12-13 21:19:42,803 - INFO - CV Results - MSE: 2.9278 ± 0.2375
2025-12-13 21:19:42,803 - INFO - Starting hyperparameter optimization...
2025-12-13 21:19:43,384 - INFO - Best parameters for ElasticNet: {'alpha': 0.041668152552570566, 'l1_ratio': 0.10127984054277865}
2025-12-13 21:19:43,384 - INFO - ⏱️ HPO took 0.58 seconds
2025-12-13 21:19:43,384 - INFO - Training final model...
2025-12-13 21:19:43,386 - INFO - ⏱️ Training took 0.00 seconds
2025-12-13 21:19:43,386 - INFO - Performing residual analysis...
2025-12-13 21:19:44,405 - INFO - Generating XAI explanations...
2025-12-13 21:19:44,405 - WARNING - Using 168 background data samples could cause slower run times. Consider using shap.sample(data, K) or shap.kmeans(data, K) to summarize the background as K samples.
2025-12-13 21:19:44,420 - INFO - num_full_subsets = 2
2025-12-13 21:19:44,426 - INFO - phi = [-0.09823311  0.48523676  0.57265179  0.64556315]
2025-12-13 21:19:44,441 - INFO - num_full_subsets = 2
2025-12-13 21:19:44,446 - INFO - phi = [-0.12686765  0.5749866   0.60724875  0.41030369]
2025-12-13 21:19:44,463 - INFO - num_full_subsets = 2
2025-12-13 21:19:44,468 - INFO - phi = [ 0.23008395 -0.06896848  0.56400255  0.78671882]
2025-12-13 21:19:44,485 - INFO - num_full_subsets = 2
2025-12-13 21:19:44,491 - INFO - phi = [-0.1360716   0.22271849 -0.29227225  0.50440747]
2025-12-13 21:19:44,507 - INFO - num_full_subsets = 2
2025-12-13 21:19:44,513 - INFO - phi = [-0.13240706 -0.29783056  0.53805483  0.55145936]
2025-12-13 21:19:44,528 - INFO - num_full_subsets = 2
2025-12-13 21:19:44,533 - INFO - phi = [ 0.53901306  0.14867488 -0.43930934 -0.154319  ]
2025-12-13 21:19:44,548 - INFO - num_full_subsets = 2
2025-12-13 21:19:44,554 - INFO - phi = [ 0.59227669  0.24291221  0.02774965 -0.57778602]
2025-12-13 21:19:44,569 - INFO - num_full_subsets = 2
2025-12-13 21:19:44,574 - INFO - phi = [-0.13342973 -0.31353678 -0.067392    0.26914802]
2025-12-13 21:19:44,589 - INFO - num_full_subsets = 2
2025-12-13 21:19:44,594 - INFO - phi = [-0.12458796 -0.17442453 -0.5171525  -0.24842278]
2025-12-13 21:19:44,609 - INFO - num_full_subsets = 2
2025-12-13 21:19:44,615 - INFO - phi = [-0.13428194 -0.31129303 -0.14523516 -0.34252656]
2025-12-13 21:19:44,630 - INFO - num_full_subsets = 2
2025-12-13 21:19:44,636 - INFO - phi = [ 0.05623144 -0.2215432  -0.03279504  0.69261504]
2025-12-13 21:19:44,651 - INFO - num_full_subsets = 2
2025-12-13 21:19:44,656 - INFO - phi = [-0.12797553 -0.04877476 -0.33551845  0.41030369]
2025-12-13 21:19:44,672 - INFO - num_full_subsets = 2
2025-12-13 21:19:44,678 - INFO - phi = [ 0.41118032 -0.07794346 -0.27497377 -0.24842278]
2025-12-13 21:19:44,694 - INFO - num_full_subsets = 2
2025-12-13 21:19:44,700 - INFO - phi = [-0.13447369 -0.34943671 -0.4306601  -0.13079305]
2025-12-13 21:19:44,717 - INFO - num_full_subsets = 2
2025-12-13 21:19:44,722 - INFO - phi = [-0.13581594 -0.24173691 -0.31821997 -0.24842278]
2025-12-13 21:19:44,737 - INFO - num_full_subsets = 2
2025-12-13 21:19:44,743 - INFO - phi = [-0.13438847 -0.34494922 -0.24037681  0.71614098]
2025-12-13 21:19:44,758 - INFO - num_full_subsets = 2
2025-12-13 21:19:44,763 - INFO - phi = [-0.12989302 -0.13628085  0.43426395 -0.31900062]
2025-12-13 21:19:44,778 - INFO - num_full_subsets = 2
2025-12-13 21:19:44,784 - INFO - phi = [-0.13530461 -0.25744313 -0.48255554  0.69261504]
2025-12-13 21:19:44,798 - INFO - num_full_subsets = 2
2025-12-13 21:19:44,804 - INFO - phi = [-0.13302492 -0.31353678  0.32182382 -0.27194873]
2025-12-13 21:19:44,819 - INFO - num_full_subsets = 2
2025-12-13 21:19:44,824 - INFO - phi = [-0.13342973 -0.35392421  0.64184572 -1.56587573]
2025-12-13 21:19:44,840 - INFO - num_full_subsets = 2
2025-12-13 21:19:44,845 - INFO - phi = [-0.13353625 -0.09813717 -0.52580174  0.50440747]
2025-12-13 21:19:44,860 - INFO - num_full_subsets = 2
2025-12-13 21:19:44,866 - INFO - phi = [ 0.16403704  0.22720598 -0.37011541  0.50440747]
2025-12-13 21:19:44,880 - INFO - num_full_subsets = 2
2025-12-13 21:19:44,886 - INFO - phi = [-0.13515547 -0.35392421  0.53805483 -2.71864705]
2025-12-13 21:19:44,901 - INFO - num_full_subsets = 2
2025-12-13 21:19:44,906 - INFO - phi = [-0.0181246  -0.04653102  0.08829433  1.09255611]
2025-12-13 21:19:44,921 - INFO - num_full_subsets = 2
2025-12-13 21:19:44,927 - INFO - phi = [ 0.01340747 -0.18564326 -0.4739063   0.48088153]
2025-12-13 21:19:44,942 - INFO - num_full_subsets = 2
2025-12-13 21:19:44,948 - INFO - phi = [-0.13402628 -0.32026802  0.21803294 -0.48368224]
2025-12-13 21:19:44,962 - INFO - num_full_subsets = 2
2025-12-13 21:19:44,968 - INFO - phi = [ 0.62636542 -0.27314935  0.26992838 -0.76599358]
2025-12-13 21:19:44,983 - INFO - num_full_subsets = 2
2025-12-13 21:19:44,989 - INFO - phi = [-0.1360716   0.72980507 -0.42201086 -0.48368224]
2025-12-13 21:19:45,003 - INFO - num_full_subsets = 2
2025-12-13 21:19:45,009 - INFO - phi = [ 0.62423488  0.17559983  0.55535331 -0.38957845]
2025-12-13 21:19:45,026 - INFO - num_full_subsets = 2
2025-12-13 21:19:45,052 - INFO - phi = [-0.13419672 -0.37411792 -0.21442909  0.12799235]
2025-12-13 21:19:45,079 - INFO - num_full_subsets = 2
2025-12-13 21:19:45,090 - INFO - phi = [-0.13598638 -0.33148675 -0.6036449  -0.64836385]
2025-12-13 21:19:45,112 - INFO - num_full_subsets = 2
2025-12-13 21:19:45,124 - INFO - phi = [-0.13507025  5.66828981  0.17478673 -0.60131196]
2025-12-13 21:19:45,144 - INFO - num_full_subsets = 2
2025-12-13 21:19:45,157 - INFO - phi = [-0.13573072 -0.34719297 -0.16253364 -0.01316333]
2025-12-13 21:19:45,177 - INFO - num_full_subsets = 2
2025-12-13 21:19:45,188 - INFO - phi = [-0.05263944 -0.10711216  0.64184572  0.78671882]
2025-12-13 21:19:45,254 - INFO - num_full_subsets = 2
2025-12-13 21:19:45,272 - INFO - phi = [-0.11791935  0.00283139 -0.35281693  0.52793342]
2025-12-13 21:19:45,293 - INFO - num_full_subsets = 2
2025-12-13 21:19:45,304 - INFO - phi = [-0.13564549 -0.29109932 -0.52580174  0.73966693]
2025-12-13 21:19:45,324 - INFO - num_full_subsets = 2
2025-12-13 21:19:45,340 - INFO - phi = [-0.13594377  0.60191155 -0.44795858  0.26914802]
2025-12-13 21:19:45,360 - INFO - num_full_subsets = 2
2025-12-13 21:19:45,372 - INFO - phi = [-0.12458796 -0.17442453 -0.5171525  -0.24842278]
2025-12-13 21:19:45,392 - INFO - num_full_subsets = 2
2025-12-13 21:19:45,406 - INFO - phi = [-0.13274795 -0.32699925  0.66779344 -0.62483791]
2025-12-13 21:19:45,427 - INFO - num_full_subsets = 2
2025-12-13 21:19:45,433 - INFO - phi = [ 0.66684579  0.04546257  0.2526299  -0.36605251]
2025-12-13 21:19:45,448 - INFO - num_full_subsets = 2
2025-12-13 21:19:45,454 - INFO - phi = [-0.13479328  0.45831181 -0.4306601   0.33972586]
2025-12-13 21:19:45,469 - INFO - num_full_subsets = 2
2025-12-13 21:19:45,481 - INFO - phi = [-0.10292031  0.33714953 -0.40471237  0.43382964]
2025-12-13 21:19:45,496 - INFO - num_full_subsets = 2
2025-12-13 21:19:45,501 - INFO - phi = [-0.13172529 -0.21256821  0.23533142  0.95140044]
2025-12-13 21:19:45,517 - INFO - num_full_subsets = 2
2025-12-13 21:19:45,522 - INFO - phi = [0.01873384 0.29451836 0.44291319 0.45735558]
2025-12-13 21:19:45,538 - INFO - num_full_subsets = 2
2025-12-13 21:19:45,543 - INFO - phi = [ 0.10864286  2.0558589   0.2526299  -0.17784494]
2025-12-13 21:19:45,558 - INFO - num_full_subsets = 2
2025-12-13 21:19:45,564 - INFO - phi = [-0.13417542 -0.3000743  -0.17118288 -0.24842278]
2025-12-13 21:19:45,578 - INFO - num_full_subsets = 2
2025-12-13 21:19:45,584 - INFO - phi = [-0.13330189 -0.19910574  0.77158432 -3.16564002]
2025-12-13 21:19:45,599 - INFO - num_full_subsets = 2
2025-12-13 21:19:45,605 - INFO - phi = [-0.13010607  0.09931247 -0.36146617  0.22209613]
2025-12-13 21:19:45,619 - INFO - num_full_subsets = 2
2025-12-13 21:19:45,625 - INFO - phi = [-0.10292031  0.12623742  0.06234661  0.55145936]
2025-12-13 21:19:45,641 - INFO - num_full_subsets = 2
2025-12-13 21:19:45,646 - INFO - phi = [-0.13556027 -0.33821798 -0.49985402 -0.60131196]
2025-12-13 21:19:45,661 - INFO - num_full_subsets = 2
2025-12-13 21:19:45,667 - INFO - phi = [-0.13485719 -0.33148675  0.02774965 -1.04830493]
2025-12-13 21:19:45,681 - INFO - num_full_subsets = 2
2025-12-13 21:19:45,687 - INFO - phi = [-0.12705939  0.05443755  0.17478673  0.3632518 ]
2025-12-13 21:19:45,702 - INFO - num_full_subsets = 2
2025-12-13 21:19:45,707 - INFO - phi = [-0.13556027 -0.32251176 -0.17118288 -0.17784494]
2025-12-13 21:19:45,722 - INFO - num_full_subsets = 2
2025-12-13 21:19:45,728 - INFO - phi = [-0.13541113 -0.37411792 -0.63824187 -0.76599358]
2025-12-13 21:19:45,743 - INFO - num_full_subsets = 2
2025-12-13 21:19:45,749 - INFO - phi = [-0.13440978 -0.32251176  0.01045117  0.31619991]
2025-12-13 21:19:45,763 - INFO - num_full_subsets = 2
2025-12-13 21:19:45,769 - INFO - phi = [-0.13447369 -0.09140593  0.17478673  0.97492638]
2025-12-13 21:19:45,784 - INFO - num_full_subsets = 2
2025-12-13 21:19:45,789 - INFO - phi = [-0.13317406 -0.25744313 -0.20577984 -0.4131044 ]
2025-12-13 21:19:45,804 - INFO - num_full_subsets = 2
2025-12-13 21:19:45,809 - INFO - phi = [ 0.05900115 -0.02184981  0.01045117  0.45735558]
2025-12-13 21:19:45,824 - INFO - num_full_subsets = 2
2025-12-13 21:19:45,830 - INFO - phi = [-0.13453761 -0.03082479 -0.33551845  0.6220372 ]
2025-12-13 21:19:45,845 - INFO - num_full_subsets = 2
2025-12-13 21:19:45,851 - INFO - phi = [ 0.74354543  0.18457481  0.43426395 -0.76599358]
2025-12-13 21:19:45,865 - INFO - num_full_subsets = 2
2025-12-13 21:19:45,871 - INFO - phi = [-0.13161876 -0.40777411  0.2526299   0.01036262]
2025-12-13 21:19:45,886 - INFO - num_full_subsets = 2
2025-12-13 21:19:45,891 - INFO - phi = [-0.13134179 -0.19686199 -0.39606313  0.29267396]
2025-12-13 21:19:45,906 - INFO - num_full_subsets = 2
2025-12-13 21:19:45,912 - INFO - phi = [0.18321195 0.1935498  0.21803294 0.15151829]
2025-12-13 21:19:45,926 - INFO - num_full_subsets = 2
2025-12-13 21:19:45,932 - INFO - phi = [-0.13289709 -0.31802427  0.76293508 -1.80113518]
2025-12-13 21:19:45,947 - INFO - num_full_subsets = 2
2025-12-13 21:19:45,953 - INFO - phi = [ 0.54327415  0.14867488 -0.37011541 -0.50720818]
2025-12-13 21:19:45,967 - INFO - num_full_subsets = 2
2025-12-13 21:19:45,973 - INFO - phi = [-0.13389845 -0.27090561  0.35642078  0.38677775]
2025-12-13 21:19:45,988 - INFO - num_full_subsets = 2
2025-12-13 21:19:45,993 - INFO - phi = [-0.13500633 -0.10038092 -0.46525706  0.85729666]
2025-12-13 21:19:46,008 - INFO - num_full_subsets = 2
2025-12-13 21:19:46,014 - INFO - phi = [ 0.6391487   0.18233107 -0.49985402 -0.48368224]
2025-12-13 21:19:46,029 - INFO - num_full_subsets = 2
2025-12-13 21:19:46,035 - INFO - phi = [-0.09375897  0.56601162 -0.29227225  0.50440747]
2025-12-13 21:19:46,050 - INFO - num_full_subsets = 2
2025-12-13 21:19:46,056 - INFO - phi = [-0.13302492 -0.31353678  0.32182382 -0.27194873]
2025-12-13 21:19:46,070 - INFO - num_full_subsets = 2
2025-12-13 21:19:46,076 - INFO - phi = [-0.13617813 -0.05101851 -0.30957073  0.69261504]
2025-12-13 21:19:46,091 - INFO - num_full_subsets = 2
2025-12-13 21:19:46,097 - INFO - phi = [0.2790865  0.11950618 0.21803294 0.50440747]
2025-12-13 21:19:46,111 - INFO - num_full_subsets = 2
2025-12-13 21:19:46,117 - INFO - phi = [ 0.72223997 -0.09589343  0.62454724 -0.86009736]
2025-12-13 21:19:46,132 - INFO - num_full_subsets = 2
2025-12-13 21:19:46,137 - INFO - phi = [ 0.26843377 -0.0846747  -0.30957073 -0.01316333]
2025-12-13 21:19:46,152 - INFO - num_full_subsets = 2
2025-12-13 21:19:46,158 - INFO - phi = [-0.1352833  -0.23276193 -0.74203275  0.92787449]
2025-12-13 21:19:46,173 - INFO - num_full_subsets = 2
2025-12-13 21:19:46,178 - INFO - phi = [-0.13504894 -0.34494922 -0.18848136 -0.01316333]
2025-12-13 21:19:46,193 - INFO - num_full_subsets = 2
2025-12-13 21:19:46,199 - INFO - phi = [ 0.61997379  0.1890623  -0.4739063  -0.48368224]
2025-12-13 21:19:46,213 - INFO - num_full_subsets = 2
2025-12-13 21:19:46,219 - INFO - phi = [ 0.02001216  0.10604371 -0.27497377  0.52793342]
2025-12-13 21:19:46,234 - INFO - num_full_subsets = 2
2025-12-13 21:19:46,239 - INFO - phi = [-0.13419672 -0.03755603 -0.64689111  0.31619991]
2025-12-13 21:19:46,255 - INFO - num_full_subsets = 2
2025-12-13 21:19:46,260 - INFO - phi = [-0.13102221 -0.15871831  0.46886091  0.05741451]
2025-12-13 21:19:46,275 - INFO - num_full_subsets = 2
2025-12-13 21:19:46,280 - INFO - phi = [-0.06861853 -0.07345597 -0.57769718  0.31619991]
2025-12-13 21:19:46,295 - INFO - num_full_subsets = 2
2025-12-13 21:19:46,301 - INFO - phi = [-0.13317406  3.67135595  0.07099585  0.55145936]
2025-12-13 21:19:46,315 - INFO - num_full_subsets = 2
2025-12-13 21:19:46,321 - INFO - phi = [-0.13509155  0.18681856 -0.46525706  0.41030369]
2025-12-13 21:19:46,336 - INFO - num_full_subsets = 2
2025-12-13 21:19:46,341 - INFO - phi = [-0.13611421 -0.3584117  -0.35281693  0.52793342]
2025-12-13 21:19:46,357 - INFO - num_full_subsets = 2
2025-12-13 21:19:46,362 - INFO - phi = [-0.13496372 -0.3584117   0.2093837  -0.64836385]
2025-12-13 21:19:46,377 - INFO - num_full_subsets = 2
2025-12-13 21:19:46,383 - INFO - phi = [-0.13155485 -0.27314935  0.78023356 -0.71894169]
2025-12-13 21:19:46,397 - INFO - num_full_subsets = 2
2025-12-13 21:19:46,403 - INFO - phi = [-0.13464414 -0.36738668 -0.24037681 -0.90714925]
2025-12-13 21:19:46,418 - INFO - num_full_subsets = 2
2025-12-13 21:19:46,423 - INFO - phi = [-0.12273439  0.57723035 -0.04144428  0.73966693]
2025-12-13 21:19:46,438 - INFO - num_full_subsets = 2
2025-12-13 21:19:46,444 - INFO - phi = [ 0.12994831 -0.1632058  -0.42201086  0.71614098]
2025-12-13 21:19:46,459 - INFO - num_full_subsets = 2
2025-12-13 21:19:46,465 - INFO - phi = [-0.11442526  0.3012496  -0.20577984  0.85729666]
2025-12-13 21:19:46,479 - INFO - num_full_subsets = 2
2025-12-13 21:19:46,485 - INFO - phi = [-0.13413281 -0.21705571  0.46021167 -0.50720818]
2025-12-13 21:19:46,500 - INFO - num_full_subsets = 2
2025-12-13 21:19:46,505 - INFO - phi = [-0.13195965 -0.27988059  0.68509192 -0.62483791]
2025-12-13 21:19:46,520 - INFO - num_full_subsets = 2
2025-12-13 21:19:46,526 - INFO - phi = [-0.13562419  0.01405012 -0.34416769  0.17504424]
2025-12-13 21:19:46,541 - INFO - num_full_subsets = 2
2025-12-13 21:19:46,546 - INFO - phi = [-0.13042566  0.24291221  0.72833812 -1.91876491]
2025-12-13 21:19:46,562 - INFO - num_full_subsets = 2
2025-12-13 21:19:46,567 - INFO - phi = [ 0.22582286 -0.10262466  0.32182382  0.83377071]
2025-12-13 21:19:46,582 - INFO - num_full_subsets = 2
2025-12-13 21:19:46,587 - INFO - phi = [-0.133728   -0.29558681 -0.5171525   0.31619991]
2025-12-13 21:19:46,602 - INFO - num_full_subsets = 2
2025-12-13 21:19:46,608 - INFO - phi = [-0.13423933 -0.37187417 -0.56904794  0.08094046]
2025-12-13 21:19:46,622 - INFO - num_full_subsets = 2
2025-12-13 21:19:46,628 - INFO - phi = [-0.13504894  0.42465562 -0.11928744  0.17504424]
2025-12-13 21:19:46,643 - INFO - num_full_subsets = 2
2025-12-13 21:19:46,648 - INFO - phi = [-0.13575202 -0.28661183 -0.5171525  -0.24842278]
2025-12-13 21:19:46,664 - INFO - num_full_subsets = 2
2025-12-13 21:19:46,669 - INFO - phi = [-0.05967024 -0.17891202 -0.26632453  0.55145936]
2025-12-13 21:19:46,684 - INFO - num_full_subsets = 2
2025-12-13 21:19:46,689 - INFO - phi = [-0.13353625 -0.29334307  0.06234661  0.48088153]
2025-12-13 21:19:46,704 - INFO - num_full_subsets = 2
2025-12-13 21:19:46,710 - INFO - phi = [0.15977595 0.22047475 0.08829433 0.76319287]
2025-12-13 21:19:46,725 - INFO - num_full_subsets = 2
2025-12-13 21:19:46,731 - INFO - phi = [ 0.57949342  0.07238752  0.48615939 -0.74246764]
2025-12-13 21:19:46,745 - INFO - num_full_subsets = 2
2025-12-13 21:19:46,751 - INFO - phi = [-0.13519808 -0.29558681 -0.74203275  0.08094046]
2025-12-13 21:19:46,766 - INFO - num_full_subsets = 2
2025-12-13 21:19:46,772 - INFO - phi = [-0.13521938 -0.37187417 -0.24037681  0.12799235]
2025-12-13 21:19:46,786 - INFO - num_full_subsets = 2
2025-12-13 21:19:46,792 - INFO - phi = [ 0.11929559 -0.0801872  -0.48255554  0.83377071]
2025-12-13 21:19:46,807 - INFO - num_full_subsets = 2
2025-12-13 21:19:46,812 - INFO - phi = [-0.13447369 -0.38084916 -0.45660782 -0.154319  ]
2025-12-13 21:19:46,827 - INFO - num_full_subsets = 2
2025-12-13 21:19:46,833 - INFO - phi = [-0.13609291 -0.40104287 -0.32686921  0.31619991]
2025-12-13 21:19:46,848 - INFO - num_full_subsets = 2
2025-12-13 21:19:46,853 - INFO - phi = [-0.13602899  0.05443755  0.2093837  -0.22489684]
2025-12-13 21:19:46,869 - INFO - num_full_subsets = 2
2025-12-13 21:19:46,874 - INFO - phi = [0.2790865  0.01180638 0.66779344 0.55145936]
2025-12-13 21:19:46,889 - INFO - num_full_subsets = 2
2025-12-13 21:19:46,894 - INFO - phi = [-0.13658293 -0.13403711  0.17478673  0.3632518 ]
2025-12-13 21:19:46,909 - INFO - num_full_subsets = 2
2025-12-13 21:19:46,915 - INFO - phi = [ 0.61997379  0.12174993  0.62454724 -0.53073413]
2025-12-13 21:19:46,930 - INFO - num_full_subsets = 2
2025-12-13 21:19:46,935 - INFO - phi = [-0.13234315 -0.00389984 -0.01549656  0.66908909]
2025-12-13 21:19:46,950 - INFO - num_full_subsets = 2
2025-12-13 21:19:46,956 - INFO - phi = [ 0.52836033 -0.1676933   0.68509192 -0.55426007]
2025-12-13 21:19:46,971 - INFO - num_full_subsets = 2
2025-12-13 21:19:46,977 - INFO - phi = [-0.13485719 -0.13403711  0.45156243 -0.29547467]
2025-12-13 21:19:46,992 - INFO - num_full_subsets = 2
2025-12-13 21:19:46,997 - INFO - phi = [-0.11951726 -0.14301209 -0.46525706  0.38677775]
2025-12-13 21:19:47,012 - INFO - num_full_subsets = 2
2025-12-13 21:19:47,017 - INFO - phi = [-0.13183182 -0.25744313  0.76293508 -1.14240871]
2025-12-13 21:19:47,032 - INFO - num_full_subsets = 2
2025-12-13 21:19:47,038 - INFO - phi = [-0.13362148 -0.32026802  0.49480863 -0.38957845]
2025-12-13 21:19:47,053 - INFO - num_full_subsets = 2
2025-12-13 21:19:47,058 - INFO - phi = [-0.12882775  0.43138686 -0.32686921  0.73966693]
2025-12-13 21:19:47,074 - INFO - num_full_subsets = 2
2025-12-13 21:19:47,079 - INFO - phi = [-0.1294243  -0.16096206  0.52940559 -1.14240871]
2025-12-13 21:19:47,094 - INFO - num_full_subsets = 2
2025-12-13 21:19:47,100 - INFO - phi = [ 0.69667343  0.19803729 -0.42201086 -0.95420114]
2025-12-13 21:19:47,114 - INFO - num_full_subsets = 2
2025-12-13 21:19:47,120 - INFO - phi = [ 0.18747304 -0.03082479  0.05369737  0.78671882]
2025-12-13 21:19:47,135 - INFO - num_full_subsets = 2
2025-12-13 21:19:47,140 - INFO - phi = [-0.13504894 -0.37411792 -0.067392    0.29267396]
2025-12-13 21:19:47,155 - INFO - num_full_subsets = 2
2025-12-13 21:19:47,161 - INFO - phi = [-0.13496372 -0.2462244   0.30452534 -0.10726711]
2025-12-13 21:19:47,176 - INFO - num_full_subsets = 2
2025-12-13 21:19:47,182 - INFO - phi = [ 0.1107734  -0.24173691 -0.75933123  0.03388856]
2025-12-13 21:19:47,197 - INFO - num_full_subsets = 2
2025-12-13 21:19:47,203 - INFO - phi = [-0.13440978 -0.31129303  0.21803294 -0.95420114]
2025-12-13 21:19:47,219 - INFO - num_full_subsets = 2
2025-12-13 21:19:47,225 - INFO - phi = [0.18747304 0.01180638 0.23533142 0.73966693]
2025-12-13 21:19:47,242 - INFO - num_full_subsets = 2
2025-12-13 21:19:47,248 - INFO - phi = [-0.13398367 -0.37636166 -0.28362301 -0.43663034]
2025-12-13 21:19:47,264 - INFO - num_full_subsets = 2
2025-12-13 21:19:47,269 - INFO - phi = [ 0.22582286 -0.10262466  0.32182382  0.83377071]
2025-12-13 21:19:47,285 - INFO - num_full_subsets = 2
2025-12-13 21:19:47,290 - INFO - phi = [-0.13317406 -0.09813717 -0.41336161  0.55145936]
2025-12-13 21:19:47,305 - INFO - num_full_subsets = 2
2025-12-13 21:19:47,311 - INFO - phi = [0.12355668 0.77467999 0.60724875 1.04550422]
2025-12-13 21:19:47,326 - INFO - num_full_subsets = 2
2025-12-13 21:19:47,331 - INFO - phi = [0.04153067 0.33490579 0.39101774 0.71614098]
2025-12-13 21:19:47,346 - INFO - num_full_subsets = 2
2025-12-13 21:19:47,352 - INFO - phi = [-0.13066002 -0.12506212  0.47751015 -0.06021522]
2025-12-13 21:19:47,367 - INFO - num_full_subsets = 2
2025-12-13 21:19:47,372 - INFO - phi = [-0.1337067  -0.31353678 -0.23172757 -0.6718898 ]
2025-12-13 21:19:47,388 - INFO - num_full_subsets = 2
2025-12-13 21:19:47,394 - INFO - phi = [-0.13398367 -0.29109932  0.55535331 -0.78951953]
2025-12-13 21:19:47,408 - INFO - num_full_subsets = 2
2025-12-13 21:19:47,414 - INFO - phi = [-0.1321514  -0.3000743   0.31317458 -0.76599358]
2025-12-13 21:19:47,429 - INFO - num_full_subsets = 2
2025-12-13 21:19:47,434 - INFO - phi = [-0.1333232  -0.05101851 -0.5171525   0.22209613]
2025-12-13 21:19:47,449 - INFO - num_full_subsets = 2
2025-12-13 21:19:47,454 - INFO - phi = [ 0.13633995 -0.21929945  0.63319648  1.139608  ]
2025-12-13 21:19:47,469 - INFO - num_full_subsets = 2
2025-12-13 21:19:47,475 - INFO - phi = [ 0.53901306 -0.055506   -0.17118288 -0.71894169]
2025-12-13 21:19:47,490 - INFO - num_full_subsets = 2
2025-12-13 21:19:47,496 - INFO - phi = [-0.12797553 -0.04877476 -0.33551845  0.41030369]
2025-12-13 21:19:47,511 - INFO - num_full_subsets = 2
2025-12-13 21:19:47,516 - INFO - phi = [-0.13475066 -0.39206789 -0.46525706 -1.448246  ]
2025-12-13 21:19:47,531 - INFO - num_full_subsets = 2
2025-12-13 21:19:47,537 - INFO - phi = [0.18108141 0.31022458 0.57265179 0.48088153]
2025-12-13 21:19:47,552 - INFO - num_full_subsets = 2
2025-12-13 21:19:47,557 - INFO - phi = [-0.13519808 -0.27314935 -0.00684732 -0.10726711]
2025-12-13 21:19:47,572 - INFO - num_full_subsets = 2
2025-12-13 21:19:47,578 - INFO - phi = [-0.13195965 -0.23724942  0.21803294 -0.22489684]
2025-12-13 21:19:47,593 - INFO - num_full_subsets = 2
2025-12-13 21:19:47,599 - INFO - phi = [-0.13110743  0.29451836  0.56400255  0.3632518 ]
2025-12-13 21:19:47,614 - INFO - num_full_subsets = 2
2025-12-13 21:19:47,619 - INFO - phi = [-0.13464414 -0.3045618   0.31317458 -1.11888276]
2025-12-13 21:19:47,634 - INFO - num_full_subsets = 2
2025-12-13 21:19:47,640 - INFO - phi = [ 0.21943123 -0.11608714 -0.52580174  0.03388856]
2025-12-13 21:19:47,654 - INFO - num_full_subsets = 2
2025-12-13 21:19:47,660 - INFO - phi = [-0.13389845 -0.38533665 -0.32686921 -0.06021522]
2025-12-13 21:19:47,675 - INFO - num_full_subsets = 2
2025-12-13 21:19:47,680 - INFO - phi = [-0.13649771  0.67371142 -0.43930934  0.1044664 ]
2025-12-13 21:19:47,696 - INFO - num_full_subsets = 2
2025-12-13 21:19:47,701 - INFO - phi = [ 0.02938656 -0.09813717  0.3823685   0.78671882]
2025-12-13 21:19:47,716 - INFO - num_full_subsets = 2
2025-12-13 21:19:47,722 - INFO - phi = [0.05047896 0.02302511 0.39966698 0.15151829]
2025-12-13 21:19:47,737 - INFO - num_full_subsets = 2
2025-12-13 21:19:47,742 - INFO - phi = [-0.03431675 -0.18564326 -0.28362301  0.90434855]
2025-12-13 21:19:47,757 - INFO - num_full_subsets = 2
2025-12-13 21:19:47,762 - INFO - phi = [-0.13389845  0.24515595  0.23533142  0.31619991]
2025-12-13 21:19:47,777 - INFO - num_full_subsets = 2
2025-12-13 21:19:47,783 - INFO - phi = [ 0.40265814 -0.11159965 -0.48255554 -0.06021522]
2025-12-13 21:19:47,799 - INFO - num_full_subsets = 2
2025-12-13 21:19:47,804 - INFO - phi = [-0.13649771 -0.03306854 -0.31821997  0.24562207]
2025-12-13 21:19:47,819 - INFO - num_full_subsets = 2
2025-12-13 21:19:47,824 - INFO - phi = [0.17468977 0.20925602 0.66779344 0.6220372 ]
2025-12-13 21:19:47,839 - INFO - num_full_subsets = 2
2025-12-13 21:19:47,845 - INFO - phi = [-0.13383453 -0.34719297  0.2958761  -1.1894606 ]
2025-12-13 21:19:47,860 - INFO - num_full_subsets = 2
2025-12-13 21:19:47,865 - INFO - phi = [-0.13413281 -0.39431163 -0.05009352 -2.24812815]
2025-12-13 21:19:47,880 - INFO - num_full_subsets = 2
2025-12-13 21:19:47,886 - INFO - phi = [ 0.59866833  0.42465562  0.01910041 -0.69541574]
2025-12-13 21:19:47,901 - INFO - num_full_subsets = 2
2025-12-13 21:19:47,907 - INFO - phi = [-0.13398367  0.46504305 -0.29227225  0.78671882]
2025-12-13 21:19:47,921 - INFO - num_full_subsets = 2
2025-12-13 21:19:47,927 - INFO - phi = [-0.13462283  0.49421175 -0.28362301  0.69261504]
2025-12-13 21:19:47,942 - INFO - num_full_subsets = 2
2025-12-13 21:19:47,948 - INFO - phi = [-0.13577333 -0.25071189  0.20073445 -0.20137089]
2025-12-13 21:19:47,962 - INFO - num_full_subsets = 2
2025-12-13 21:19:47,968 - INFO - phi = [-0.1227983  -0.06448098 -0.23172757  0.78671882]
2025-12-13 21:19:47,983 - INFO - num_full_subsets = 2
2025-12-13 21:19:47,988 - INFO - phi = [ 0.31530577 -0.05999349  0.37371926  0.24562207]
2025-12-13 21:19:48,004 - INFO - num_full_subsets = 2
2025-12-13 21:19:48,009 - INFO - phi = [ 0.02981267 -0.10711216 -0.29227225  0.59851126]
2025-12-13 21:19:48,024 - INFO - num_full_subsets = 2
2025-12-13 21:19:48,030 - INFO - phi = [-0.1325349   0.02078136  0.46021167  0.19857018]
2025-12-13 21:19:48,045 - INFO - num_full_subsets = 2
2025-12-13 21:19:48,050 - INFO - phi = [0.2322145  0.42914312 0.63319648 0.45735558]
2025-12-13 21:19:48,065 - INFO - num_full_subsets = 2
2025-12-13 21:19:48,071 - INFO - phi = [-0.13400497 -0.30680554  0.39966698 -0.9306752 ]
2025-12-13 21:19:48,557 - INFO - Computing feature importance...
2025-12-13 21:19:48,995 - INFO - Experiment completed for ElasticNet
2025-12-13 21:19:48,995 - INFO - Total time: 14.15s (0.24 min)
2025-12-13 21:19:48,996 - INFO - Starting comprehensive experiment for ElasticNet
2025-12-13 21:19:57,560 - INFO - Performing feature analysis...
2025-12-13 21:19:58,736 - INFO - Model justification: Linear model with L1 and L2 regularization for handling multicollinearity
2025-12-13 21:19:58,736 - INFO - Performing robust cross-validation...
2025-12-13 21:19:58,770 - INFO - CV Results - MSE: 2.8725 ± 0.2989
2025-12-13 21:19:58,770 - INFO - Starting hyperparameter optimization...
2025-12-13 21:19:59,356 - INFO - Best parameters for ElasticNet: {'alpha': 0.022706212560545135, 'l1_ratio': 0.10683729082586402}
2025-12-13 21:19:59,356 - INFO - ⏱️ HPO took 0.59 seconds
2025-12-13 21:19:59,356 - INFO - Training final model...
2025-12-13 21:19:59,358 - INFO - ⏱️ Training took 0.00 seconds
2025-12-13 21:19:59,358 - INFO - Performing residual analysis...
2025-12-13 21:20:00,423 - INFO - Generating XAI explanations...
2025-12-13 21:20:00,424 - WARNING - Using 168 background data samples could cause slower run times. Consider using shap.sample(data, K) or shap.kmeans(data, K) to summarize the background as K samples.
2025-12-13 21:20:00,439 - INFO - num_full_subsets = 2
2025-12-13 21:20:00,444 - INFO - phi = [-0.14499191  0.69053975 -0.29073036  0.36254904]
2025-12-13 21:20:00,459 - INFO - num_full_subsets = 2
2025-12-13 21:20:00,465 - INFO - phi = [-0.12290766 -0.05895678 -0.36872893  0.49700431]
2025-12-13 21:20:00,480 - INFO - num_full_subsets = 2
2025-12-13 21:20:00,486 - INFO - phi = [-0.14472962 -0.30752399 -0.52472605  0.7390238 ]
2025-12-13 21:20:00,500 - INFO - num_full_subsets = 2
2025-12-13 21:20:00,506 - INFO - phi = [-0.07349349 -0.06844408  0.27865916  0.68524169]
2025-12-13 21:20:00,521 - INFO - num_full_subsets = 2
2025-12-13 21:20:00,526 - INFO - phi = [-0.10837716  0.16304599  0.11486217  0.25498482]
2025-12-13 21:20:00,541 - INFO - num_full_subsets = 2
2025-12-13 21:20:00,547 - INFO - phi = [-0.14436243 -0.31511382  0.02126389 -0.63241998]
2025-12-13 21:20:00,562 - INFO - num_full_subsets = 2
2025-12-13 21:20:00,567 - INFO - phi = [-0.14467717 -0.34357572  0.30985858 -0.55174681]
2025-12-13 21:20:00,582 - INFO - num_full_subsets = 2
2025-12-13 21:20:00,588 - INFO - phi = [-0.14189696 -0.39860204 -0.04893481 -0.57863787]
2025-12-13 21:20:00,602 - INFO - num_full_subsets = 2
2025-12-13 21:20:00,608 - INFO - phi = [-0.14273627 -0.39101221 -0.54032577  0.03985638]
2025-12-13 21:20:00,623 - INFO - num_full_subsets = 2
2025-12-13 21:20:00,629 - INFO - phi = [-0.12175361  0.0548908  -0.3375295   0.41633115]
2025-12-13 21:20:00,644 - INFO - num_full_subsets = 2
2025-12-13 21:20:00,650 - INFO - phi = [ 0.70942206 -0.21454847  0.55165413 -0.25594522]
2025-12-13 21:20:00,664 - INFO - num_full_subsets = 2
2025-12-13 21:20:00,670 - INFO - phi = [-0.14189696 -0.39860204 -0.04893481 -0.57863787]
2025-12-13 21:20:00,685 - INFO - num_full_subsets = 2
2025-12-13 21:20:00,691 - INFO - phi = [ 0.19796969  0.32812497 -0.20493194  0.7390238 ]
2025-12-13 21:20:00,705 - INFO - num_full_subsets = 2
2025-12-13 21:20:00,711 - INFO - phi = [-0.14462471 -0.33408842 -0.20493194 -0.30972732]
2025-12-13 21:20:00,726 - INFO - num_full_subsets = 2
2025-12-13 21:20:00,732 - INFO - phi = [-0.12201589  0.02073652  0.13046188  0.49700431]
2025-12-13 21:20:00,747 - INFO - num_full_subsets = 2
2025-12-13 21:20:00,753 - INFO - phi = [0.36583098 0.03971112 0.1460616  0.47011326]
2025-12-13 21:20:00,767 - INFO - num_full_subsets = 2
2025-12-13 21:20:00,773 - INFO - phi = [ 0.32386566 -0.11777803 -0.22833151  0.52389537]
2025-12-13 21:20:00,788 - INFO - num_full_subsets = 2
2025-12-13 21:20:00,793 - INFO - phi = [-0.1455427   0.1061222   0.15386145  0.79280591]
2025-12-13 21:20:00,808 - INFO - num_full_subsets = 2
2025-12-13 21:20:00,814 - INFO - phi = [-0.14501813 -0.35685793  0.22406016 -2.99883277]
2025-12-13 21:20:00,830 - INFO - num_full_subsets = 2
2025-12-13 21:20:00,836 - INFO - phi = [-0.12290766 -0.05895678 -0.36872893  0.49700431]
2025-12-13 21:20:00,852 - INFO - num_full_subsets = 2
2025-12-13 21:20:00,858 - INFO - phi = [-0.13982493 -0.37962745  0.30985858  0.36254904]
2025-12-13 21:20:00,873 - INFO - num_full_subsets = 2
2025-12-13 21:20:00,879 - INFO - phi = [-0.13987738 -0.21454847  0.27865916  0.47011326]
2025-12-13 21:20:00,893 - INFO - num_full_subsets = 2
2025-12-13 21:20:00,899 - INFO - phi = [-0.14013967  0.18771297 -0.39212849  0.68524169]
2025-12-13 21:20:00,914 - INFO - num_full_subsets = 2
2025-12-13 21:20:00,919 - INFO - phi = [ 0.48910411 -0.00772537  0.46585571 -0.52485576]
2025-12-13 21:20:00,934 - INFO - num_full_subsets = 2
2025-12-13 21:20:00,940 - INFO - phi = [-0.13717586  1.50644738  0.38005729  0.57767747]
2025-12-13 21:20:00,955 - INFO - num_full_subsets = 2
2025-12-13 21:20:00,961 - INFO - phi = [-0.13738569  0.34899703  0.41905657  0.68524169]
2025-12-13 21:20:00,976 - INFO - num_full_subsets = 2
2025-12-13 21:20:00,982 - INFO - phi = [ 0.38156798 -0.10449581 -0.01773539  0.79280591]
2025-12-13 21:20:00,996 - INFO - num_full_subsets = 2
2025-12-13 21:20:01,002 - INFO - phi = [-0.14533287 -0.04946948 -0.49352663 -0.01392572]
2025-12-13 21:20:01,017 - INFO - num_full_subsets = 2
2025-12-13 21:20:01,023 - INFO - phi = [-0.14499191 -0.34547318  0.0914626  -2.00386376]
2025-12-13 21:20:01,038 - INFO - num_full_subsets = 2
2025-12-13 21:20:01,043 - INFO - phi = [-0.14323461 -0.20885609  0.04466346  0.65835064]
2025-12-13 21:20:01,059 - INFO - num_full_subsets = 2
2025-12-13 21:20:01,064 - INFO - phi = [0.24518068 0.20099518 0.46585571 0.4432222 ]
2025-12-13 21:20:01,079 - INFO - num_full_subsets = 2
2025-12-13 21:20:01,085 - INFO - phi = [ 0.09148269 -0.24870274 -0.08013424  0.68524169]
2025-12-13 21:20:01,099 - INFO - num_full_subsets = 2
2025-12-13 21:20:01,105 - INFO - phi = [-0.10444291  0.2237647  -0.41552806  0.38944009]
2025-12-13 21:20:01,120 - INFO - num_full_subsets = 2
2025-12-13 21:20:01,126 - INFO - phi = [-0.14247399 -0.36634523  0.0914626  -0.01392572]
2025-12-13 21:20:01,141 - INFO - num_full_subsets = 2
2025-12-13 21:20:01,146 - INFO - phi = [-0.14189696  0.24653421  0.26305944  0.7390238 ]
2025-12-13 21:20:01,162 - INFO - num_full_subsets = 2
2025-12-13 21:20:01,167 - INFO - phi = [-0.14430997  0.29586816 -0.55592548  0.95415224]
2025-12-13 21:20:01,182 - INFO - num_full_subsets = 2
2025-12-13 21:20:01,188 - INFO - phi = [-0.13916922  0.33191989  0.36445758  0.22809377]
2025-12-13 21:20:01,203 - INFO - num_full_subsets = 2
2025-12-13 21:20:01,208 - INFO - phi = [ 0.03378037 -0.10259835 -0.2127318   0.20120271]
2025-12-13 21:20:01,223 - INFO - num_full_subsets = 2
2025-12-13 21:20:01,229 - INFO - phi = [-0.1425789   0.81577209  0.34105801  0.03985638]
2025-12-13 21:20:01,244 - INFO - num_full_subsets = 2
2025-12-13 21:20:01,249 - INFO - phi = [-0.14142485 -0.34737064 -0.00993553  0.30876693]
2025-12-13 21:20:01,265 - INFO - num_full_subsets = 2
2025-12-13 21:20:01,270 - INFO - phi = [ 0.40255064  0.28638086 -0.19713208  0.28187587]
2025-12-13 21:20:01,285 - INFO - num_full_subsets = 2
2025-12-13 21:20:01,291 - INFO - phi = [-0.12017991  0.41540812  0.20846045  0.28187587]
2025-12-13 21:20:01,306 - INFO - num_full_subsets = 2
2025-12-13 21:20:01,311 - INFO - phi = [ 0.70155356  0.19340534 -0.36872893 -0.04081678]
2025-12-13 21:20:01,326 - INFO - num_full_subsets = 2
2025-12-13 21:20:01,331 - INFO - phi = [-0.13990361 -0.13106024  0.68425169 -2.35344747]
2025-12-13 21:20:01,346 - INFO - num_full_subsets = 2
2025-12-13 21:20:01,352 - INFO - phi = [-0.12448135 -0.09500851 -0.57932505  0.52389537]
2025-12-13 21:20:01,367 - INFO - num_full_subsets = 2
2025-12-13 21:20:01,373 - INFO - phi = [ 0.08440104 -0.04187964  0.30985858  0.06674744]
2025-12-13 21:20:01,388 - INFO - num_full_subsets = 2
2025-12-13 21:20:01,394 - INFO - phi = [-0.0199877  -0.21834338 -0.30633007  0.92726118]
2025-12-13 21:20:01,408 - INFO - num_full_subsets = 2
2025-12-13 21:20:01,414 - INFO - phi = [-0.14320838 -0.38721729 -0.00993553 -1.62738899]
2025-12-13 21:20:01,429 - INFO - num_full_subsets = 2
2025-12-13 21:20:01,434 - INFO - phi = [-0.14444111  0.40022844 -0.31412993  0.76591486]
2025-12-13 21:20:01,449 - INFO - num_full_subsets = 2
2025-12-13 21:20:01,455 - INFO - phi = [-0.14305101  0.29017578 -0.56372533  0.7390238 ]
2025-12-13 21:20:01,470 - INFO - num_full_subsets = 2
2025-12-13 21:20:01,476 - INFO - phi = [-0.14472962 -0.33408842  0.18506088  0.79280591]
2025-12-13 21:20:01,491 - INFO - num_full_subsets = 2
2025-12-13 21:20:01,496 - INFO - phi = [-0.1374906  -0.01721267  0.41125671  0.68524169]
2025-12-13 21:20:01,511 - INFO - num_full_subsets = 2
2025-12-13 21:20:01,517 - INFO - phi = [-0.14368049  0.32622752 -0.43892763  0.28187587]
2025-12-13 21:20:01,532 - INFO - num_full_subsets = 2
2025-12-13 21:20:01,537 - INFO - phi = [ 0.7854842   0.04160858  0.51265485 -0.71309314]
2025-12-13 21:20:01,552 - INFO - num_full_subsets = 2
2025-12-13 21:20:01,558 - INFO - phi = [-0.13982493 -0.37962745  0.30985858  0.36254904]
2025-12-13 21:20:01,573 - INFO - num_full_subsets = 2
2025-12-13 21:20:01,579 - INFO - phi = [ 0.63860558 -0.14813738  0.48145542 -0.17527205]
2025-12-13 21:20:01,594 - INFO - num_full_subsets = 2
2025-12-13 21:20:01,599 - INFO - phi = [-0.14189696 -0.09121359 -0.20493194  1.16928067]
2025-12-13 21:20:01,614 - INFO - num_full_subsets = 2
2025-12-13 21:20:01,619 - INFO - phi = [-0.08450939 -0.12916278 -0.06453453  0.79280591]
2025-12-13 21:20:01,634 - INFO - num_full_subsets = 2
2025-12-13 21:20:01,640 - INFO - phi = [-0.1413724  -0.21265101  0.64525241 -0.22905416]
2025-12-13 21:20:01,655 - INFO - num_full_subsets = 2
2025-12-13 21:20:01,661 - INFO - phi = [-0.13974624  0.75695084  0.34105801  0.68524169]
2025-12-13 21:20:01,676 - INFO - num_full_subsets = 2
2025-12-13 21:20:01,682 - INFO - phi = [-0.14347066  0.35658687 -0.30633007  0.68524169]
2025-12-13 21:20:01,697 - INFO - num_full_subsets = 2
2025-12-13 21:20:01,702 - INFO - phi = [-0.14438865 -0.24870274  0.30205872 -0.95511263]
2025-12-13 21:20:01,717 - INFO - num_full_subsets = 2
2025-12-13 21:20:01,723 - INFO - phi = [-0.14339198 -0.33788334  0.20066059  0.09363849]
2025-12-13 21:20:01,738 - INFO - num_full_subsets = 2
2025-12-13 21:20:01,743 - INFO - phi = [-0.14189696 -0.26577987  0.13046188 -1.0357858 ]
2025-12-13 21:20:01,758 - INFO - num_full_subsets = 2
2025-12-13 21:20:01,764 - INFO - phi = [-0.14286741 -0.39480713 -0.09573395 -2.67614012]
2025-12-13 21:20:01,779 - INFO - num_full_subsets = 2
2025-12-13 21:20:01,785 - INFO - phi = [-0.14541156 -0.23921544 -0.10353381  0.71213275]
2025-12-13 21:20:01,800 - INFO - num_full_subsets = 2
2025-12-13 21:20:01,805 - INFO - phi = [ 0.02591187 -0.23542052  0.01346404  1.06171646]
2025-12-13 21:20:01,820 - INFO - num_full_subsets = 2
2025-12-13 21:20:01,827 - INFO - phi = [-0.14525419  0.12699426 -0.31412993  0.47011326]
2025-12-13 21:20:01,842 - INFO - num_full_subsets = 2
2025-12-13 21:20:01,847 - INFO - phi = [-0.14381163 -0.06085424 -0.3375295   0.41633115]
2025-12-13 21:20:01,862 - INFO - num_full_subsets = 2
2025-12-13 21:20:01,868 - INFO - phi = [-0.14525419  0.55582012 -0.43112778 -0.65931103]
2025-12-13 21:20:01,884 - INFO - num_full_subsets = 2
2025-12-13 21:20:01,889 - INFO - phi = [0.45500729 0.10801966 0.36445758 0.36254904]
2025-12-13 21:20:01,904 - INFO - num_full_subsets = 2
2025-12-13 21:20:01,909 - INFO - phi = [-0.03021675  0.20668756 -0.19713208  0.52389537]
2025-12-13 21:20:01,924 - INFO - num_full_subsets = 2
2025-12-13 21:20:01,930 - INFO - phi = [-0.14368049 -0.29993415 -0.43112778  0.12052955]
2025-12-13 21:20:01,945 - INFO - num_full_subsets = 2
2025-12-13 21:20:01,950 - INFO - phi = [ 0.0175188  -0.24490782  0.16946117 -0.55174681]
2025-12-13 21:20:01,965 - INFO - num_full_subsets = 2
2025-12-13 21:20:01,971 - INFO - phi = [-0.14344443 -0.3302935   0.31765844 -0.63241998]
2025-12-13 21:20:01,988 - INFO - num_full_subsets = 2
2025-12-13 21:20:01,994 - INFO - phi = [ 0.57303476  0.28827832  0.395657   -0.39040049]
2025-12-13 21:20:02,010 - INFO - num_full_subsets = 2
2025-12-13 21:20:02,016 - INFO - phi = [-0.13762175 -0.15382976  0.37225743 -1.3853695 ]
2025-12-13 21:20:02,031 - INFO - num_full_subsets = 2
2025-12-13 21:20:02,037 - INFO - phi = [-0.14147731 -0.30942144 -0.1581328   0.41633115]
2025-12-13 21:20:02,051 - INFO - num_full_subsets = 2
2025-12-13 21:20:02,057 - INFO - phi = [-0.13746438 -0.10639327  0.51265485  0.49700431]
2025-12-13 21:20:02,072 - INFO - num_full_subsets = 2
2025-12-13 21:20:02,078 - INFO - phi = [-0.13985115 -0.04187964  0.66085212 -1.81562638]
2025-12-13 21:20:02,093 - INFO - num_full_subsets = 2
2025-12-13 21:20:02,099 - INFO - phi = [ 0.69106223 -0.01341775 -0.26733079 -0.22905416]
2025-12-13 21:20:02,114 - INFO - num_full_subsets = 2
2025-12-13 21:20:02,119 - INFO - phi = [-0.14042818 -0.31511382  0.23186002 -0.98200369]
2025-12-13 21:20:02,134 - INFO - num_full_subsets = 2
2025-12-13 21:20:02,140 - INFO - phi = [-0.14551647 -0.33408842 -0.36092907 -0.148381  ]
2025-12-13 21:20:02,155 - INFO - num_full_subsets = 2
2025-12-13 21:20:02,160 - INFO - phi = [-0.14375917 -0.34167826 -0.02553524 -1.30469634]
2025-12-13 21:20:02,175 - INFO - num_full_subsets = 2
2025-12-13 21:20:02,181 - INFO - phi = [-0.14328706 -0.38342237 -0.4623272  -0.28283627]
2025-12-13 21:20:02,196 - INFO - num_full_subsets = 2
2025-12-13 21:20:02,202 - INFO - phi = [-0.14242153 -0.03049489 -0.30633007  0.81969696]
2025-12-13 21:20:02,217 - INFO - num_full_subsets = 2
2025-12-13 21:20:02,222 - INFO - phi = [-0.03362643 -0.14434246 -0.14253309  1.24995384]
2025-12-13 21:20:02,237 - INFO - num_full_subsets = 2
2025-12-13 21:20:02,243 - INFO - phi = [-0.1335039   0.26930373 -0.40772821  0.71213275]
2025-12-13 21:20:02,257 - INFO - num_full_subsets = 2
2025-12-13 21:20:02,263 - INFO - phi = [-5.41739838e-05 -1.00700891e-01  2.90637506e-02  1.14238962e+00]
2025-12-13 21:20:02,278 - INFO - num_full_subsets = 2
2025-12-13 21:20:02,283 - INFO - phi = [ 0.68581656  0.06437809 -0.44672749 -0.28283627]
2025-12-13 21:20:02,299 - INFO - num_full_subsets = 2
2025-12-13 21:20:02,304 - INFO - phi = [-0.14142485 -0.34737064 -0.00993553  0.30876693]
2025-12-13 21:20:02,319 - INFO - num_full_subsets = 2
2025-12-13 21:20:02,325 - INFO - phi = [-0.12532066 -0.24301036 -0.04893481  0.30876693]
2025-12-13 21:20:02,340 - INFO - num_full_subsets = 2
2025-12-13 21:20:02,346 - INFO - phi = [-0.14268381  0.33191989 -0.31412993  0.79280591]
2025-12-13 21:20:02,361 - INFO - num_full_subsets = 2
2025-12-13 21:20:02,366 - INFO - phi = [-0.14200188 -0.32649858 -0.11133366  0.20120271]
2025-12-13 21:20:02,381 - INFO - num_full_subsets = 2
2025-12-13 21:20:02,387 - INFO - phi = [-0.13738569 -0.19367641  0.56725384 -0.7399842 ]
2025-12-13 21:20:02,402 - INFO - num_full_subsets = 2
2025-12-13 21:20:02,408 - INFO - phi = [ 0.7854842   0.09853237 -0.47792691 -0.65931103]
2025-12-13 21:20:02,423 - INFO - num_full_subsets = 2
2025-12-13 21:20:02,428 - INFO - phi = [-0.13987738  1.06054437  0.24745973  0.28187587]
2025-12-13 21:20:02,443 - INFO - num_full_subsets = 2
2025-12-13 21:20:02,449 - INFO - phi = [-0.14475585 -0.37014015 -0.45452735  0.47011326]
2025-12-13 21:20:02,464 - INFO - num_full_subsets = 2
2025-12-13 21:20:02,469 - INFO - phi = [ 0.84318652  0.2047901  -0.02553524 -1.06267685]
2025-12-13 21:20:02,484 - INFO - num_full_subsets = 2
2025-12-13 21:20:02,490 - INFO - phi = [-0.12894017 -0.14434246  0.50485499  0.71213275]
2025-12-13 21:20:02,505 - INFO - num_full_subsets = 2
2025-12-13 21:20:02,511 - INFO - phi = [-0.14362803  0.51217855  0.18506088  0.36254904]
2025-12-13 21:20:02,525 - INFO - num_full_subsets = 2
2025-12-13 21:20:02,531 - INFO - phi = [-0.14291987 -0.31511382 -0.20493194 -0.39040049]
2025-12-13 21:20:02,546 - INFO - num_full_subsets = 2
2025-12-13 21:20:02,551 - INFO - phi = [-0.1410052  -0.07034154 -0.08013424  0.79280591]
2025-12-13 21:20:02,567 - INFO - num_full_subsets = 2
2025-12-13 21:20:02,572 - INFO - phi = [-0.13914299  0.18771297  0.45805585  0.30876693]
2025-12-13 21:20:02,587 - INFO - num_full_subsets = 2
2025-12-13 21:20:02,592 - INFO - phi = [-0.1331367  -0.08362375 -0.32972964  0.63145958]
2025-12-13 21:20:02,608 - INFO - num_full_subsets = 2
2025-12-13 21:20:02,613 - INFO - phi = [-0.14352312 -0.26577987 -0.30633007 -0.12148994]
2025-12-13 21:20:02,628 - INFO - num_full_subsets = 2
2025-12-13 21:20:02,634 - INFO - phi = [-0.10103323 -0.15952214 -0.32192979  0.22809377]
2025-12-13 21:20:02,649 - INFO - num_full_subsets = 2
2025-12-13 21:20:02,654 - INFO - phi = [-0.14417883 -0.3113189  -0.71972246 -0.01392572]
2025-12-13 21:20:02,669 - INFO - num_full_subsets = 2
2025-12-13 21:20:02,675 - INFO - phi = [-0.14525419  0.12699426 -0.31412993  0.47011326]
2025-12-13 21:20:02,690 - INFO - num_full_subsets = 2
2025-12-13 21:20:02,695 - INFO - phi = [-0.13843482 -0.2506002   0.395657    0.63145958]
2025-12-13 21:20:02,711 - INFO - num_full_subsets = 2
2025-12-13 21:20:02,717 - INFO - phi = [ 0.14551304  0.11181458 -0.54812562  0.79280591]
2025-12-13 21:20:02,732 - INFO - num_full_subsets = 2
2025-12-13 21:20:02,737 - INFO - phi = [-0.14310347 -0.37962745 -0.05673467 -0.17527205]
2025-12-13 21:20:02,752 - INFO - num_full_subsets = 2
2025-12-13 21:20:02,757 - INFO - phi = [ 0.82744953 -0.01721267  0.48145542 -0.92822158]
2025-12-13 21:20:02,772 - INFO - num_full_subsets = 2
2025-12-13 21:20:02,778 - INFO - phi = [-0.14215925 -0.21644593 -0.44672749  0.41633115]
2025-12-13 21:20:02,793 - INFO - num_full_subsets = 2
2025-12-13 21:20:02,798 - INFO - phi = [ 0.86679202 -0.19367641  0.38785714 -0.84754841]
2025-12-13 21:20:02,814 - INFO - num_full_subsets = 2
2025-12-13 21:20:02,820 - INFO - phi = [-0.14514928 -0.34167826 -0.59492476 -0.84754841]
2025-12-13 21:20:02,834 - INFO - num_full_subsets = 2
2025-12-13 21:20:02,840 - INFO - phi = [-0.14226416 -0.38152491 -0.18153237 -0.17527205]
2025-12-13 21:20:02,855 - INFO - num_full_subsets = 2
2025-12-13 21:20:02,860 - INFO - phi = [-0.14320838 -0.32460112  0.1460616  -1.19713212]
2025-12-13 21:20:02,875 - INFO - num_full_subsets = 2
2025-12-13 21:20:02,881 - INFO - phi = [-0.13048764 -0.00203299  0.55945398  0.1474206 ]
2025-12-13 21:20:02,896 - INFO - num_full_subsets = 2
2025-12-13 21:20:02,901 - INFO - phi = [-0.14504436  0.55012775 -0.39992835  0.12052955]
2025-12-13 21:20:02,917 - INFO - num_full_subsets = 2
2025-12-13 21:20:02,923 - INFO - phi = [-0.14131994 -0.05895678  0.63745255 -4.47784077]
2025-12-13 21:20:02,938 - INFO - num_full_subsets = 2
2025-12-13 21:20:02,943 - INFO - phi = [-0.12610751 -0.20506117 -0.39992835  0.87347907]
2025-12-13 21:20:02,958 - INFO - num_full_subsets = 2
2025-12-13 21:20:02,964 - INFO - phi = [-0.14575253 -0.29234431 -0.14253309  0.03985638]
2025-12-13 21:20:02,978 - INFO - num_full_subsets = 2
2025-12-13 21:20:02,984 - INFO - phi = [-0.14368049  0.40022844  0.02126389 -0.33661838]
2025-12-13 21:20:02,999 - INFO - num_full_subsets = 2
2025-12-13 21:20:03,005 - INFO - phi = [ 0.16911853 -0.12916278 -0.48572677  0.84658802]
2025-12-13 21:20:03,021 - INFO - num_full_subsets = 2
2025-12-13 21:20:03,027 - INFO - phi = [-0.13812008 -0.27716463  0.72325097 -2.43412063]
2025-12-13 21:20:03,041 - INFO - num_full_subsets = 2
2025-12-13 21:20:03,047 - INFO - phi = [-0.14412637 -0.34737064 -0.06453453  0.25498482]
2025-12-13 21:20:03,062 - INFO - num_full_subsets = 2
2025-12-13 21:20:03,068 - INFO - phi = [-0.13956264 -0.22024084  0.65305226 -1.84251743]
2025-12-13 21:20:03,082 - INFO - num_full_subsets = 2
2025-12-13 21:20:03,088 - INFO - phi = [-0.13111712 -0.20885609 -0.5169262  -0.39040049]
2025-12-13 21:20:03,103 - INFO - num_full_subsets = 2
2025-12-13 21:20:03,109 - INFO - phi = [ 0.53106944 -0.05895678  0.395657    0.38944009]
2025-12-13 21:20:03,125 - INFO - num_full_subsets = 2
2025-12-13 21:20:03,131 - INFO - phi = [-0.12894017 -0.00582791  0.23965987  0.60456853]
2025-12-13 21:20:03,145 - INFO - num_full_subsets = 2
2025-12-13 21:20:03,151 - INFO - phi = [-0.14166091 -0.18988149  0.01346404  0.52389537]
2025-12-13 21:20:03,166 - INFO - num_full_subsets = 2
2025-12-13 21:20:03,172 - INFO - phi = [-0.14499191  0.13078918 -0.05673467  0.57767747]
2025-12-13 21:20:03,186 - INFO - num_full_subsets = 2
2025-12-13 21:20:03,192 - INFO - phi = [-0.14213302 -0.14434246 -0.52472605  0.47011326]
2025-12-13 21:20:03,207 - INFO - num_full_subsets = 2
2025-12-13 21:20:03,213 - INFO - phi = [ 0.95596833  0.0548908   0.49705513 -1.11645896]
2025-12-13 21:20:03,229 - INFO - num_full_subsets = 2
2025-12-13 21:20:03,235 - INFO - phi = [ 0.09777748 -0.03049489 -0.40772821  0.36254904]
2025-12-13 21:20:03,250 - INFO - num_full_subsets = 2
2025-12-13 21:20:03,255 - INFO - phi = [-0.13633656  0.303458   -0.34532936  0.7390238 ]
2025-12-13 21:20:03,270 - INFO - num_full_subsets = 2
2025-12-13 21:20:03,276 - INFO - phi = [-0.1397987  -0.21644593  0.66865197 -2.64924907]
2025-12-13 21:20:03,291 - INFO - num_full_subsets = 2
2025-12-13 21:20:03,296 - INFO - phi = [-0.14236907  1.31670142  0.23965987  0.30876693]
2025-12-13 21:20:03,311 - INFO - num_full_subsets = 2
2025-12-13 21:20:03,316 - INFO - phi = [ 0.05476303  0.04160858 -0.29073036  0.06674744]
2025-12-13 21:20:03,333 - INFO - num_full_subsets = 2
2025-12-13 21:20:03,339 - INFO - phi = [-0.14381163 -0.35306302 -0.56372533 -1.30469634]
2025-12-13 21:20:03,353 - INFO - num_full_subsets = 2
2025-12-13 21:20:03,359 - INFO - phi = [ 0.05895956 -0.1519323  -0.31412993  0.57767747]
2025-12-13 21:20:03,374 - INFO - num_full_subsets = 2
2025-12-13 21:20:03,379 - INFO - phi = [-0.10732803  0.33002243  0.44245614  0.63145958]
2025-12-13 21:20:03,395 - INFO - num_full_subsets = 2
2025-12-13 21:20:03,400 - INFO - phi = [-0.14265758 -0.28854939  0.03686361  0.79280591]
2025-12-13 21:20:03,415 - INFO - num_full_subsets = 2
2025-12-13 21:20:03,421 - INFO - phi = [-0.01238149  0.49510142  0.2162603   1.06171646]
2025-12-13 21:20:03,437 - INFO - num_full_subsets = 2
2025-12-13 21:20:03,443 - INFO - phi = [-0.12810086 -0.27526717 -0.72752232  0.09363849]
2025-12-13 21:20:03,458 - INFO - num_full_subsets = 2
2025-12-13 21:20:03,463 - INFO - phi = [-0.14341821  0.13078918 -0.04113496 -0.33661838]
2025-12-13 21:20:03,478 - INFO - num_full_subsets = 2
2025-12-13 21:20:03,484 - INFO - phi = [-0.12487478 -0.18229165 -0.47012706  0.33565798]
2025-12-13 21:20:03,499 - INFO - num_full_subsets = 2
2025-12-13 21:20:03,504 - INFO - phi = [-0.14168714  3.04338964  0.01346404  0.52389537]
2025-12-13 21:20:03,519 - INFO - num_full_subsets = 2
2025-12-13 21:20:03,525 - INFO - phi = [-0.14226416 -0.20695863 -0.30633007  0.52389537]
2025-12-13 21:20:03,541 - INFO - num_full_subsets = 2
2025-12-13 21:20:03,547 - INFO - phi = [ 0.18747836 -0.16711198 -0.38432864  0.12052955]
2025-12-13 21:20:03,562 - INFO - num_full_subsets = 2
2025-12-13 21:20:03,568 - INFO - phi = [-0.13901185 -0.26577987  0.66085212 -1.6811711 ]
2025-12-13 21:20:03,582 - INFO - num_full_subsets = 2
2025-12-13 21:20:03,588 - INFO - phi = [-0.14383786  1.11746816 -0.04893481  0.7390238 ]
2025-12-13 21:20:03,603 - INFO - num_full_subsets = 2
2025-12-13 21:20:03,608 - INFO - phi = [-0.12823201  0.12130188 -0.39212849  0.41633115]
2025-12-13 21:20:03,623 - INFO - num_full_subsets = 2
2025-12-13 21:20:03,629 - INFO - phi = [ 0.1507587   0.23704691 -0.06453453  0.57767747]
2025-12-13 21:20:03,645 - INFO - num_full_subsets = 2
2025-12-13 21:20:03,651 - INFO - phi = [-0.14347066  0.35658687 -0.30633007  0.68524169]
2025-12-13 21:20:03,666 - INFO - num_full_subsets = 2
2025-12-13 21:20:03,671 - INFO - phi = [-0.14286741 -0.24490782  0.36445758 -0.68620209]
2025-12-13 21:20:03,686 - INFO - num_full_subsets = 2
2025-12-13 21:20:03,692 - INFO - phi = [ 0.75925588  0.29776562 -0.0333351  -0.90133052]
2025-12-13 21:20:03,707 - INFO - num_full_subsets = 2
2025-12-13 21:20:03,712 - INFO - phi = [-0.11388511  0.00176193  0.48925528  0.4432222 ]
2025-12-13 21:20:03,727 - INFO - num_full_subsets = 2
2025-12-13 21:20:03,734 - INFO - phi = [-0.13707095 -0.19747133  0.42685643 -1.41226056]
2025-12-13 21:20:03,750 - INFO - num_full_subsets = 2
2025-12-13 21:20:03,756 - INFO - phi = [ 0.25304918 -0.08741867 -0.00213567  0.79280591]
2025-12-13 21:20:03,770 - INFO - num_full_subsets = 2
2025-12-13 21:20:03,776 - INFO - phi = [-0.12521575  0.61084645  0.09926246 -0.28283627]
2025-12-13 21:20:03,791 - INFO - num_full_subsets = 2
2025-12-13 21:20:03,796 - INFO - phi = [-0.0999841   0.36417671  0.42685643  0.55078642]
2025-12-13 21:20:03,811 - INFO - num_full_subsets = 2
2025-12-13 21:20:03,817 - INFO - phi = [ 0.30026016 -0.14813738  0.23965987  0.84658802]
2025-12-13 21:20:03,832 - INFO - num_full_subsets = 2
2025-12-13 21:20:03,838 - INFO - phi = [ 0.7933527  -0.29234431  0.19286073 -0.98200369]
2025-12-13 21:20:03,854 - INFO - num_full_subsets = 2
2025-12-13 21:20:03,859 - INFO - phi = [-0.14236907 -0.1709069   0.31765844  0.06674744]
2025-12-13 21:20:03,874 - INFO - num_full_subsets = 2
2025-12-13 21:20:03,880 - INFO - phi = [ 0.79072987  0.08714761  0.450256   -0.55174681]
2025-12-13 21:20:03,895 - INFO - num_full_subsets = 2
2025-12-13 21:20:03,900 - INFO - phi = [ 0.64122841  0.33950973  0.38785714 -0.71309314]
2025-12-13 21:20:04,413 - INFO - Computing feature importance...
2025-12-13 21:20:04,820 - INFO - Experiment completed for ElasticNet
2025-12-13 21:20:04,820 - INFO - Total time: 15.47s (0.26 min)
2025-12-13 21:20:04,820 - INFO - Starting comprehensive experiment for ElasticNet
2025-12-13 21:20:12,272 - INFO - Performing feature analysis...
2025-12-13 21:20:13,436 - INFO - Model justification: Linear model with L1 and L2 regularization for handling multicollinearity
2025-12-13 21:20:13,436 - INFO - Performing robust cross-validation...
2025-12-13 21:20:13,469 - INFO - CV Results - MSE: 3.0464 ± 0.3935
2025-12-13 21:20:13,469 - INFO - Starting hyperparameter optimization...
2025-12-13 21:20:14,045 - INFO - Best parameters for ElasticNet: {'alpha': 0.03310532622627981, 'l1_ratio': 0.13267361846119188}
2025-12-13 21:20:14,045 - INFO - ⏱️ HPO took 0.58 seconds
2025-12-13 21:20:14,045 - INFO - Training final model...
2025-12-13 21:20:14,046 - INFO - ⏱️ Training took 0.00 seconds
2025-12-13 21:20:14,046 - INFO - Performing residual analysis...
2025-12-13 21:20:15,114 - INFO - Generating XAI explanations...
2025-12-13 21:20:15,114 - WARNING - Using 168 background data samples could cause slower run times. Consider using shap.sample(data, K) or shap.kmeans(data, K) to summarize the background as K samples.
2025-12-13 21:20:15,129 - INFO - num_full_subsets = 2
2025-12-13 21:20:15,135 - INFO - phi = [-0.15726821 -0.22351057 -0.37813791 -0.30359498]
2025-12-13 21:20:15,150 - INFO - num_full_subsets = 2
2025-12-13 21:20:15,156 - INFO - phi = [-0.15629198 -0.30324881  0.02526255 -0.62757656]
2025-12-13 21:20:15,170 - INFO - num_full_subsets = 2
2025-12-13 21:20:15,176 - INFO - phi = [-0.15674756  0.28958765 -0.61345484  0.85348208]
2025-12-13 21:20:15,191 - INFO - num_full_subsets = 2
2025-12-13 21:20:15,196 - INFO - phi = [-0.15084676  1.39552233  0.39504631  0.5295005 ]
2025-12-13 21:20:15,211 - INFO - num_full_subsets = 2
2025-12-13 21:20:15,217 - INFO - phi = [-0.11986757 -0.11083697 -0.4537755   0.08981122]
2025-12-13 21:20:15,231 - INFO - num_full_subsets = 2
2025-12-13 21:20:15,237 - INFO - phi = [-0.15672586  0.16998029 -0.21005438 -0.2573119 ]
2025-12-13 21:20:15,252 - INFO - num_full_subsets = 2
2025-12-13 21:20:15,258 - INFO - phi = [-0.1554893   0.22718381 -0.36973373  0.5295005 ]
2025-12-13 21:20:15,273 - INFO - num_full_subsets = 2
2025-12-13 21:20:15,278 - INFO - phi = [-0.15442629 -0.27898065  0.24377114 -0.32673652]
2025-12-13 21:20:15,293 - INFO - num_full_subsets = 2
2025-12-13 21:20:15,299 - INFO - phi = [-0.15492525  1.41285673  0.07568761  0.71463283]
2025-12-13 21:20:15,314 - INFO - num_full_subsets = 2
2025-12-13 21:20:15,319 - INFO - phi = [-0.15128064  0.15091246 -0.30250032  0.34436817]
2025-12-13 21:20:15,335 - INFO - num_full_subsets = 2
2025-12-13 21:20:15,340 - INFO - phi = [-1.54556451e-01 -1.54172973e-01  5.00248589e-05  4.83217421e-01]
2025-12-13 21:20:15,355 - INFO - num_full_subsets = 2
2025-12-13 21:20:15,361 - INFO - phi = [ 0.58410627  0.15091246 -0.04197086 -0.62757656]
2025-12-13 21:20:15,375 - INFO - num_full_subsets = 2
2025-12-13 21:20:15,381 - INFO - phi = [-0.15336328 -0.26337969  0.6471716  -0.58129348]
2025-12-13 21:20:15,396 - INFO - num_full_subsets = 2
2025-12-13 21:20:15,401 - INFO - phi = [-0.15796243 -0.06230066 -0.37813791  0.18237738]
2025-12-13 21:20:15,416 - INFO - num_full_subsets = 2
2025-12-13 21:20:15,421 - INFO - phi = [-0.15449137 -0.28938129  0.39504631 -0.04903803]
2025-12-13 21:20:15,437 - INFO - num_full_subsets = 2
2025-12-13 21:20:15,442 - INFO - phi = [-0.15663909 -0.26511313 -0.78994255  0.0203866 ]
2025-12-13 21:20:15,457 - INFO - num_full_subsets = 2
2025-12-13 21:20:15,463 - INFO - phi = [-0.15249551  0.32252301  0.37823796  0.22866047]
2025-12-13 21:20:15,477 - INFO - num_full_subsets = 2
2025-12-13 21:20:15,483 - INFO - phi = [ 0.54288746  0.19598189 -0.41175461 -0.00275495]
2025-12-13 21:20:15,498 - INFO - num_full_subsets = 2
2025-12-13 21:20:15,503 - INFO - phi = [-0.15750685 -0.31711633 -0.25207526 -0.67385964]
2025-12-13 21:20:15,518 - INFO - num_full_subsets = 2
2025-12-13 21:20:15,524 - INFO - phi = [-0.15141081  0.34159085  0.45387554  0.807199  ]
2025-12-13 21:20:15,539 - INFO - num_full_subsets = 2
2025-12-13 21:20:15,545 - INFO - phi = [ 0.60796979  0.08850862 -0.35292538 -0.67385964]
2025-12-13 21:20:15,560 - INFO - num_full_subsets = 2
2025-12-13 21:20:15,565 - INFO - phi = [ 0.70776269  0.38319341  0.48749225 -0.85899197]
2025-12-13 21:20:15,580 - INFO - num_full_subsets = 2
2025-12-13 21:20:15,586 - INFO - phi = [-0.1573116  -0.29631505  0.08409179 -1.69208746]
2025-12-13 21:20:15,601 - INFO - num_full_subsets = 2
2025-12-13 21:20:15,606 - INFO - phi = [-0.13830756  0.03823886  0.12611267  0.46007588]
2025-12-13 21:20:15,621 - INFO - num_full_subsets = 2
2025-12-13 21:20:15,627 - INFO - phi = [-0.15607504 -0.32058321 -0.30250032 -0.95155814]
2025-12-13 21:20:15,642 - INFO - num_full_subsets = 2
2025-12-13 21:20:15,648 - INFO - phi = [-0.15713805  0.0399723  -0.36973373  0.20551893]
2025-12-13 21:20:15,663 - INFO - num_full_subsets = 2
2025-12-13 21:20:15,668 - INFO - phi = [-0.15640045 -0.31364945  0.13451685 -0.69700118]
2025-12-13 21:20:15,683 - INFO - num_full_subsets = 2
2025-12-13 21:20:15,689 - INFO - phi = [ 0.56458157 -0.11083697  0.05887926 -0.67385964]
2025-12-13 21:20:15,704 - INFO - num_full_subsets = 2
2025-12-13 21:20:15,709 - INFO - phi = [-0.15776718  0.11624366  0.1513252   0.71463283]
2025-12-13 21:20:15,724 - INFO - num_full_subsets = 2
2025-12-13 21:20:15,730 - INFO - phi = [-0.15496864 -0.27031345 -0.36132956  1.13118058]
2025-12-13 21:20:15,745 - INFO - num_full_subsets = 2
2025-12-13 21:20:15,751 - INFO - phi = [ 0.52553217  0.51840172  0.23536696 -0.11846265]
2025-12-13 21:20:15,766 - INFO - num_full_subsets = 2
2025-12-13 21:20:15,771 - INFO - phi = [ 0.48431336 -0.17497425 -0.42856297 -0.53501039]
2025-12-13 21:20:15,786 - INFO - num_full_subsets = 2
2025-12-13 21:20:15,791 - INFO - phi = [-0.14835194  0.0053035   0.10090014  0.29808509]
2025-12-13 21:20:15,806 - INFO - num_full_subsets = 2
2025-12-13 21:20:15,811 - INFO - phi = [-0.13158239  0.02090446  0.51270478  0.4137928 ]
2025-12-13 21:20:15,826 - INFO - num_full_subsets = 2
2025-12-13 21:20:15,832 - INFO - phi = [ 0.30208285 -0.08310194  0.2941962   0.18237738]
2025-12-13 21:20:15,847 - INFO - num_full_subsets = 2
2025-12-13 21:20:15,853 - INFO - phi = [-0.1529077  -0.13163825 -0.0251625   0.85348208]
2025-12-13 21:20:15,867 - INFO - num_full_subsets = 2
2025-12-13 21:20:15,873 - INFO - phi = [-0.15334158 -0.22004369  0.14292102 -0.28045344]
2025-12-13 21:20:15,888 - INFO - num_full_subsets = 2
2025-12-13 21:20:15,893 - INFO - phi = [-0.15531574 -0.13857201  0.01685838  0.29808509]
2025-12-13 21:20:15,908 - INFO - num_full_subsets = 2
2025-12-13 21:20:15,914 - INFO - phi = [-0.15713805 -0.31711633 -0.31930867 -0.02589649]
2025-12-13 21:20:15,929 - INFO - num_full_subsets = 2
2025-12-13 21:20:15,934 - INFO - phi = [-0.14824347 -0.0727013  -0.1344168   0.5295005 ]
2025-12-13 21:20:15,950 - INFO - num_full_subsets = 2
2025-12-13 21:20:15,955 - INFO - phi = [-0.15457815 -0.26164625 -0.06718339 -0.07217957]
2025-12-13 21:20:15,970 - INFO - num_full_subsets = 2
2025-12-13 21:20:15,976 - INFO - phi = [-0.15624859  2.52225829  0.20175026  0.20551893]
2025-12-13 21:20:15,992 - INFO - num_full_subsets = 2
2025-12-13 21:20:15,998 - INFO - phi = [-0.15542422 -0.31364945 -0.01675833 -0.48872731]
2025-12-13 21:20:16,014 - INFO - num_full_subsets = 2
2025-12-13 21:20:16,020 - INFO - phi = [ 0.53420981  0.00703694 -0.30250032 -0.16474573]
2025-12-13 21:20:16,035 - INFO - num_full_subsets = 2
2025-12-13 21:20:16,040 - INFO - phi = [ 0.17191819 -0.02763186  0.15972937  0.66834975]
2025-12-13 21:20:16,056 - INFO - num_full_subsets = 2
2025-12-13 21:20:16,061 - INFO - phi = [-0.07669629  0.0399723   0.26057949  0.94604825]
2025-12-13 21:20:16,076 - INFO - num_full_subsets = 2
2025-12-13 21:20:16,082 - INFO - phi = [-0.05131419  0.02610478  0.46227972  0.29808509]
2025-12-13 21:20:16,097 - INFO - num_full_subsets = 2
2025-12-13 21:20:16,102 - INFO - phi = [-0.14620422  0.20118221 -0.32771285  0.71463283]
2025-12-13 21:20:16,117 - INFO - num_full_subsets = 2
2025-12-13 21:20:16,123 - INFO - phi = [-0.152886   -0.10216978  0.62195907  0.06666968]
2025-12-13 21:20:16,138 - INFO - num_full_subsets = 2
2025-12-13 21:20:16,143 - INFO - phi = [-0.15711636 -0.31884977 -0.50420055  0.43693434]
2025-12-13 21:20:16,159 - INFO - num_full_subsets = 2
2025-12-13 21:20:16,164 - INFO - phi = [ 0.21096759 -0.11603729  0.24377114  0.76091592]
2025-12-13 21:20:16,179 - INFO - num_full_subsets = 2
2025-12-13 21:20:16,185 - INFO - phi = [ 0.53420981 -0.0640341   0.20175026 -0.11846265]
2025-12-13 21:20:16,199 - INFO - num_full_subsets = 2
2025-12-13 21:20:16,205 - INFO - phi = [-0.09123135  0.13357806  0.40345049  0.48321742]
2025-12-13 21:20:16,220 - INFO - num_full_subsets = 2
2025-12-13 21:20:16,225 - INFO - phi = [-0.15653062  0.10757646 -0.52100891  0.34436817]
2025-12-13 21:20:16,240 - INFO - num_full_subsets = 2
2025-12-13 21:20:16,245 - INFO - phi = [-0.15715974 -0.34138449 -0.4537755  -0.44244423]
2025-12-13 21:20:16,261 - INFO - num_full_subsets = 2
2025-12-13 21:20:16,267 - INFO - phi = [ 0.66003565  0.20638253 -0.04197086 -0.88213351]
2025-12-13 21:20:16,281 - INFO - num_full_subsets = 2
2025-12-13 21:20:16,287 - INFO - phi = [ 0.71644033 -0.11083697  0.53791731 -0.90527505]
2025-12-13 21:20:16,301 - INFO - num_full_subsets = 2
2025-12-13 21:20:16,307 - INFO - phi = [-0.15462153 -0.31884977 -0.22686274  0.20551893]
2025-12-13 21:20:16,322 - INFO - num_full_subsets = 2
2025-12-13 21:20:16,327 - INFO - phi = [-0.15640045 -0.22697745  0.22696278 -0.16474573]
2025-12-13 21:20:16,342 - INFO - num_full_subsets = 2
2025-12-13 21:20:16,348 - INFO - phi = [-0.1562269   0.38492685  0.0084542  -0.2573119 ]
2025-12-13 21:20:16,363 - INFO - num_full_subsets = 2
2025-12-13 21:20:16,369 - INFO - phi = [-0.06237818  0.20811597 -0.22686274  0.48321742]
2025-12-13 21:20:16,383 - INFO - num_full_subsets = 2
2025-12-13 21:20:16,389 - INFO - phi = [ 0.42140045 -0.13510513  0.39504631 -0.44244423]
2025-12-13 21:20:16,404 - INFO - num_full_subsets = 2
2025-12-13 21:20:16,409 - INFO - phi = [ 0.53420981 -0.0640341   0.20175026 -0.11846265]
2025-12-13 21:20:16,424 - INFO - num_full_subsets = 2
2025-12-13 21:20:16,430 - INFO - phi = [-0.15607504 -0.27898065 -0.44537132 -0.39616115]
2025-12-13 21:20:16,444 - INFO - num_full_subsets = 2
2025-12-13 21:20:16,450 - INFO - phi = [-0.15670417 -0.20617617  0.35302543 -0.2573119 ]
2025-12-13 21:20:16,465 - INFO - num_full_subsets = 2
2025-12-13 21:20:16,471 - INFO - phi = [ 0.75332032  0.06944078  0.52110896 -0.9284166 ]
2025-12-13 21:20:16,486 - INFO - num_full_subsets = 2
2025-12-13 21:20:16,491 - INFO - phi = [-0.15757193 -0.31364945 -0.41175461  0.46007588]
2025-12-13 21:20:16,506 - INFO - num_full_subsets = 2
2025-12-13 21:20:16,512 - INFO - phi = [-1.37222858e-01 -1.20308986e-02  5.00248589e-05  6.45208210e-01]
2025-12-13 21:20:16,527 - INFO - num_full_subsets = 2
2025-12-13 21:20:16,534 - INFO - phi = [ 0.01094791 -0.10910354  0.42866302  0.5295005 ]
2025-12-13 21:20:16,549 - INFO - num_full_subsets = 2
2025-12-13 21:20:16,561 - INFO - phi = [-0.15321142 -0.23564465  0.67238413 -1.18297355]
2025-12-13 21:20:16,577 - INFO - num_full_subsets = 2
2025-12-13 21:20:16,583 - INFO - phi = [ 0.08731117 -0.00683058  0.53791731  1.06175595]
2025-12-13 21:20:16,597 - INFO - num_full_subsets = 2
2025-12-13 21:20:16,603 - INFO - phi = [-0.1550988  -0.25124561  0.08409179  0.39065126]
2025-12-13 21:20:16,618 - INFO - num_full_subsets = 2
2025-12-13 21:20:16,624 - INFO - phi = [-0.15559777 -0.31191601  0.5043006  -1.69208746]
2025-12-13 21:20:16,638 - INFO - num_full_subsets = 2
2025-12-13 21:20:16,644 - INFO - phi = [-0.15358022  0.83908811  0.1849419   0.66834975]
2025-12-13 21:20:16,659 - INFO - num_full_subsets = 2
2025-12-13 21:20:16,664 - INFO - phi = [ 0.4908216  -0.11603729  0.5043006  -0.11846265]
2025-12-13 21:20:16,679 - INFO - num_full_subsets = 2
2025-12-13 21:20:16,685 - INFO - phi = [-0.15646553 -0.06056722 -0.20165021 -0.39616115]
2025-12-13 21:20:16,700 - INFO - num_full_subsets = 2
2025-12-13 21:20:16,705 - INFO - phi = [ 0.01138179 -0.11950417 -0.35292538  0.5295005 ]
2025-12-13 21:20:16,720 - INFO - num_full_subsets = 2
2025-12-13 21:20:16,726 - INFO - phi = [ 0.3910287  -0.12297105 -0.53781726 -0.11846265]
2025-12-13 21:20:16,741 - INFO - num_full_subsets = 2
2025-12-13 21:20:16,746 - INFO - phi = [-0.09817346 -0.04323282  0.28579202  0.62206667]
2025-12-13 21:20:16,761 - INFO - num_full_subsets = 2
2025-12-13 21:20:16,767 - INFO - phi = [-0.1573116  -0.29631505  0.08409179 -1.69208746]
2025-12-13 21:20:16,782 - INFO - num_full_subsets = 2
2025-12-13 21:20:16,789 - INFO - phi = [-0.1547517  -0.34485137 -0.06718339 -0.46558577]
2025-12-13 21:20:16,804 - INFO - num_full_subsets = 2
2025-12-13 21:20:16,809 - INFO - phi = [-0.15735499  0.5218686  -0.44537132  0.1360943 ]
2025-12-13 21:20:16,825 - INFO - num_full_subsets = 2
2025-12-13 21:20:16,831 - INFO - phi = [-0.00250244 -0.02589842 -0.35292538  0.4137928 ]
2025-12-13 21:20:16,846 - INFO - num_full_subsets = 2
2025-12-13 21:20:16,851 - INFO - phi = [-0.15310295 -0.10043634  0.72280919 -1.99292749]
2025-12-13 21:20:16,866 - INFO - num_full_subsets = 2
2025-12-13 21:20:16,872 - INFO - phi = [0.15890173 0.03823886 0.07568761 0.55264204]
2025-12-13 21:20:16,887 - INFO - num_full_subsets = 2
2025-12-13 21:20:16,893 - INFO - phi = [-0.15271245 -0.18884177 -0.4537755   0.22866047]
2025-12-13 21:20:16,908 - INFO - num_full_subsets = 2
2025-12-13 21:20:16,913 - INFO - phi = [-0.05912407 -0.09523602 -0.03356668  0.43693434]
2025-12-13 21:20:16,928 - INFO - num_full_subsets = 2
2025-12-13 21:20:16,934 - INFO - phi = [ 0.49299101  0.32945677  0.40345049 -0.58129348]
2025-12-13 21:20:16,949 - INFO - num_full_subsets = 2
2025-12-13 21:20:16,954 - INFO - phi = [-0.12008451  0.35199149  0.44547137  0.50635896]
2025-12-13 21:20:16,969 - INFO - num_full_subsets = 2
2025-12-13 21:20:16,975 - INFO - phi = [ 0.11768292 -0.13337169 -0.42856297  0.1360943 ]
2025-12-13 21:20:16,991 - INFO - num_full_subsets = 2
2025-12-13 21:20:16,996 - INFO - phi = [-0.15503372 -0.28418097  0.41185466 -0.44244423]
2025-12-13 21:20:17,011 - INFO - num_full_subsets = 2
2025-12-13 21:20:17,017 - INFO - phi = [-0.15305956 -0.01896466  0.69759666 -1.53009667]
2025-12-13 21:20:17,032 - INFO - num_full_subsets = 2
2025-12-13 21:20:17,037 - INFO - phi = [ 0.1133441  -0.16284017 -0.47898802  0.64520821]
2025-12-13 21:20:17,052 - INFO - num_full_subsets = 2
2025-12-13 21:20:17,058 - INFO - phi = [-0.15299448 -0.35178513  0.17653773 -0.04903803]
2025-12-13 21:20:17,073 - INFO - num_full_subsets = 2
2025-12-13 21:20:17,078 - INFO - phi = [ 0.04110272 -0.05363346 -0.05877921  0.39065126]
2025-12-13 21:20:17,094 - INFO - num_full_subsets = 2
2025-12-13 21:20:17,100 - INFO - phi = [ 0.25652522  0.26011917  0.06728344 -0.58129348]
2025-12-13 21:20:17,114 - INFO - num_full_subsets = 2
2025-12-13 21:20:17,120 - INFO - phi = [-0.10186146  0.35199149  0.12611267  0.5295005 ]
2025-12-13 21:20:17,135 - INFO - num_full_subsets = 2
2025-12-13 21:20:17,141 - INFO - phi = [-0.15648723  0.29132109 -0.18484185  0.11295276]
2025-12-13 21:20:17,155 - INFO - num_full_subsets = 2
2025-12-13 21:20:17,161 - INFO - phi = [-0.15501203 -0.27204689  0.60515072 -0.37301961]
2025-12-13 21:20:17,176 - INFO - num_full_subsets = 2
2025-12-13 21:20:17,182 - INFO - phi = [-0.15564116 -0.17844113  0.35302543 -0.2573119 ]
2025-12-13 21:20:17,197 - INFO - num_full_subsets = 2
2025-12-13 21:20:17,203 - INFO - phi = [-0.00488879  0.03823886  0.23536696  0.96918979]
2025-12-13 21:20:17,218 - INFO - num_full_subsets = 2
2025-12-13 21:20:17,223 - INFO - phi = [ 0.29557462  0.28092045 -0.22686274  0.27494355]
2025-12-13 21:20:17,238 - INFO - num_full_subsets = 2
2025-12-13 21:20:17,244 - INFO - phi = [-0.088845   -0.09350258 -0.6302632   0.25180201]
2025-12-13 21:20:17,258 - INFO - num_full_subsets = 2
2025-12-13 21:20:17,264 - INFO - phi = [ 0.3910287  -0.12297105 -0.53781726 -0.11846265]
2025-12-13 21:20:17,279 - INFO - num_full_subsets = 2
2025-12-13 21:20:17,284 - INFO - phi = [-0.15603165 -0.27378033 -0.36132956 -0.44244423]
2025-12-13 21:20:17,300 - INFO - num_full_subsets = 2
2025-12-13 21:20:17,306 - INFO - phi = [-0.14229928  0.03303854 -0.37813791  0.15923584]
2025-12-13 21:20:17,321 - INFO - num_full_subsets = 2
2025-12-13 21:20:17,326 - INFO - phi = [-0.00532268 -0.18017457 -0.52941308  0.4137928 ]
2025-12-13 21:20:17,341 - INFO - num_full_subsets = 2
2025-12-13 21:20:17,347 - INFO - phi = [-0.0825537   0.14744558  0.52110896  0.76091592]
2025-12-13 21:20:17,362 - INFO - num_full_subsets = 2
2025-12-13 21:20:17,367 - INFO - phi = [-0.13548733  0.19598189 -0.26888362  0.78405746]
2025-12-13 21:20:17,382 - INFO - num_full_subsets = 2
2025-12-13 21:20:17,388 - INFO - phi = [ 0.11985233 -0.20617617  0.54632148  1.06175595]
2025-12-13 21:20:17,403 - INFO - num_full_subsets = 2
2025-12-13 21:20:17,409 - INFO - phi = [ 0.5906145   0.29132109 -0.05037503 -0.74328427]
2025-12-13 21:20:17,424 - INFO - num_full_subsets = 2
2025-12-13 21:20:17,429 - INFO - phi = [-0.12615886  0.32078957  0.46227972  0.57578359]
2025-12-13 21:20:17,444 - INFO - num_full_subsets = 2
2025-12-13 21:20:17,450 - INFO - phi = [-0.15687772 -0.24084497  0.28579202 -1.0441243 ]
2025-12-13 21:20:17,465 - INFO - num_full_subsets = 2
2025-12-13 21:20:17,470 - INFO - phi = [-0.15542422 -0.27378033  0.31940872 -0.97469968]
2025-12-13 21:20:17,485 - INFO - num_full_subsets = 2
2025-12-13 21:20:17,491 - INFO - phi = [-0.15681264 -0.20790961  0.31100455 -0.78956735]
2025-12-13 21:20:17,506 - INFO - num_full_subsets = 2
2025-12-13 21:20:17,512 - INFO - phi = [-0.14551001  0.67094444 -0.05037503  0.66834975]
2025-12-13 21:20:17,527 - INFO - num_full_subsets = 2
2025-12-13 21:20:17,532 - INFO - phi = [-0.12702663  0.16824685  0.10930432  0.25180201]
2025-12-13 21:20:17,547 - INFO - num_full_subsets = 2
2025-12-13 21:20:17,553 - INFO - phi = [-0.15581471 -0.30324881 -0.30250032  0.64520821]
2025-12-13 21:20:17,568 - INFO - num_full_subsets = 2
2025-12-13 21:20:17,573 - INFO - phi = [ 0.03589613  0.0313051  -0.3109045   0.43693434]
2025-12-13 21:20:17,588 - INFO - num_full_subsets = 2
2025-12-13 21:20:17,594 - INFO - phi = [-0.11531181 -0.06923442 -0.46217967  0.48321742]
2025-12-13 21:20:17,609 - INFO - num_full_subsets = 2
2025-12-13 21:20:17,615 - INFO - phi = [-0.1547517  -0.22351057  0.12611267 -0.85899197]
2025-12-13 21:20:17,630 - INFO - num_full_subsets = 2
2025-12-13 21:20:17,635 - INFO - phi = [-0.15555438 -0.34138449 -0.11760844 -2.27062599]
2025-12-13 21:20:17,650 - INFO - num_full_subsets = 2
2025-12-13 21:20:17,656 - INFO - phi = [ 0.36282635  0.11971054  0.31100455 -0.44244423]
2025-12-13 21:20:17,671 - INFO - num_full_subsets = 2
2025-12-13 21:20:17,676 - INFO - phi = [-0.15238704 -0.15937329  0.38664213 -0.00275495]
2025-12-13 21:20:17,691 - INFO - num_full_subsets = 2
2025-12-13 21:20:17,697 - INFO - phi = [-0.14344907  0.13011118 -0.43696714  0.39065126]
2025-12-13 21:20:17,712 - INFO - num_full_subsets = 2
2025-12-13 21:20:17,718 - INFO - phi = [-0.15609673 -0.30671569 -0.1680335  -0.2573119 ]
2025-12-13 21:20:17,733 - INFO - num_full_subsets = 2
2025-12-13 21:20:17,738 - INFO - phi = [-0.15559777  0.02957166  0.26898367  0.50635896]
2025-12-13 21:20:17,753 - INFO - num_full_subsets = 2
2025-12-13 21:20:17,759 - INFO - phi = [-0.1536236  -0.0640341   0.49589643  0.20551893]
2025-12-13 21:20:17,774 - INFO - num_full_subsets = 2
2025-12-13 21:20:17,779 - INFO - phi = [-0.15672586 -0.21657681 -0.78994255  0.85348208]
2025-12-13 21:20:17,794 - INFO - num_full_subsets = 2
2025-12-13 21:20:17,800 - INFO - phi = [-0.10663416 -0.01896466  0.21015443  0.11295276]
2025-12-13 21:20:17,815 - INFO - num_full_subsets = 2
2025-12-13 21:20:17,821 - INFO - phi = [ 0.26086404 -0.10910354 -0.05877921  0.27494355]
2025-12-13 21:20:17,836 - INFO - num_full_subsets = 2
2025-12-13 21:20:17,842 - INFO - phi = [-0.09817346 -0.04323282  0.28579202  0.62206667]
2025-12-13 21:20:17,857 - INFO - num_full_subsets = 2
2025-12-13 21:20:17,862 - INFO - phi = [-0.1573333  -0.23044433 -0.07558756 -0.21102882]
2025-12-13 21:20:17,877 - INFO - num_full_subsets = 2
2025-12-13 21:20:17,883 - INFO - phi = [-0.1562269  -0.25471249 -0.47898802  0.1360943 ]
2025-12-13 21:20:17,898 - INFO - num_full_subsets = 2
2025-12-13 21:20:17,903 - INFO - phi = [ 0.63183331  0.10410958 -0.55462561 -0.53501039]
2025-12-13 21:20:17,919 - INFO - num_full_subsets = 2
2025-12-13 21:20:17,924 - INFO - phi = [-0.1540141  -0.04496626 -0.10080009  0.71463283]
2025-12-13 21:20:17,939 - INFO - num_full_subsets = 2
2025-12-13 21:20:17,945 - INFO - phi = [-0.14780958  0.26531949 -0.4537755   0.64520821]
2025-12-13 21:20:17,960 - INFO - num_full_subsets = 2
2025-12-13 21:20:17,965 - INFO - phi = [-0.15121556 -0.12123761  0.38664213 -1.15983201]
2025-12-13 21:20:17,980 - INFO - num_full_subsets = 2
2025-12-13 21:20:17,986 - INFO - phi = [-0.14401311 -0.08656882 -0.29409615  0.71463283]
2025-12-13 21:20:18,001 - INFO - num_full_subsets = 2
2025-12-13 21:20:18,006 - INFO - phi = [ 0.28472756  0.00877038 -0.4537755  -0.21102882]
2025-12-13 21:20:18,022 - INFO - num_full_subsets = 2
2025-12-13 21:20:18,028 - INFO - phi = [ 0.64701918 -0.11603729  0.57993819 -0.60443502]
2025-12-13 21:20:18,043 - INFO - num_full_subsets = 2
2025-12-13 21:20:18,048 - INFO - phi = [-0.15108539 -0.07790162  0.53791731  0.46007588]
2025-12-13 21:20:18,063 - INFO - num_full_subsets = 2
2025-12-13 21:20:18,069 - INFO - phi = [-0.15501203 -0.25471249  0.6471716  -0.48872731]
2025-12-13 21:20:18,083 - INFO - num_full_subsets = 2
2025-12-13 21:20:18,089 - INFO - phi = [ 0.66871329 -0.00163026 -0.03356668 -0.69700118]
2025-12-13 21:20:18,104 - INFO - num_full_subsets = 2
2025-12-13 21:20:18,110 - INFO - phi = [-0.15236535 -0.22351057  0.69759666 -1.41438896]
2025-12-13 21:20:18,125 - INFO - num_full_subsets = 2
2025-12-13 21:20:18,131 - INFO - phi = [-0.15297278  0.71081355  0.35302543  0.62206667]
2025-12-13 21:20:18,146 - INFO - num_full_subsets = 2
2025-12-13 21:20:18,151 - INFO - phi = [-0.15240873  0.68827884  0.08409179  0.36750971]
2025-12-13 21:20:18,166 - INFO - num_full_subsets = 2
2025-12-13 21:20:18,172 - INFO - phi = [ 0.61230861  0.1093099  -0.52941308 -0.53501039]
2025-12-13 21:20:18,186 - INFO - num_full_subsets = 2
2025-12-13 21:20:18,192 - INFO - phi = [ 0.77501442  0.36412557 -0.21005438 -0.34987806]
2025-12-13 21:20:18,207 - INFO - num_full_subsets = 2
2025-12-13 21:20:18,213 - INFO - phi = [-0.10728499 -0.0987029  -0.08399174  0.71463283]
2025-12-13 21:20:18,228 - INFO - num_full_subsets = 2
2025-12-13 21:20:18,234 - INFO - phi = [ 0.08297235  0.12144398 -0.60505067  0.71463283]
2025-12-13 21:20:18,249 - INFO - num_full_subsets = 2
2025-12-13 21:20:18,254 - INFO - phi = [-0.15089015  0.25491885 -0.37813791  0.0203866 ]
2025-12-13 21:20:18,269 - INFO - num_full_subsets = 2
2025-12-13 21:20:18,275 - INFO - phi = [-0.1558581  -0.17150737  0.03366673  0.59892513]
2025-12-13 21:20:18,290 - INFO - num_full_subsets = 2
2025-12-13 21:20:18,296 - INFO - phi = [-0.15603165 -0.28244753  0.3278129  -0.51186885]
2025-12-13 21:20:18,310 - INFO - num_full_subsets = 2
2025-12-13 21:20:18,316 - INFO - phi = [-0.15611843 -0.20097585 -0.55462561  0.76091592]
2025-12-13 21:20:18,331 - INFO - num_full_subsets = 2
2025-12-13 21:20:18,337 - INFO - phi = [-0.15752854  0.1353115  -0.35292538  0.43693434]
2025-12-13 21:20:18,352 - INFO - num_full_subsets = 2
2025-12-13 21:20:18,357 - INFO - phi = [-0.15707297 -0.02589842 -0.40335044  0.11295276]
2025-12-13 21:20:18,372 - INFO - num_full_subsets = 2
2025-12-13 21:20:18,378 - INFO - phi = [-0.1547517   0.24451821  0.26898367  0.66834975]
2025-12-13 21:20:18,393 - INFO - num_full_subsets = 2
2025-12-13 21:20:18,398 - INFO - phi = [-0.15629198 -0.32751697 -0.58824232 -0.11846265]
2025-12-13 21:20:18,413 - INFO - num_full_subsets = 2
2025-12-13 21:20:18,419 - INFO - phi = [0.02136108 0.01050382 0.54632148 0.71463283]
2025-12-13 21:20:18,434 - INFO - num_full_subsets = 2
2025-12-13 21:20:18,440 - INFO - phi = [ 0.5906145   0.29132109 -0.05037503 -0.74328427]
2025-12-13 21:20:18,455 - INFO - num_full_subsets = 2
2025-12-13 21:20:18,460 - INFO - phi = [-0.15763701 -0.15070609  0.11770849 -0.39616115]
2025-12-13 21:20:18,475 - INFO - num_full_subsets = 2
2025-12-13 21:20:18,481 - INFO - phi = [-0.15525066 -0.30498225  0.21855861 -1.22925663]
2025-12-13 21:20:18,498 - INFO - num_full_subsets = 2
2025-12-13 21:20:18,504 - INFO - phi = [-0.15726821 -0.31018257 -0.86558013 -0.37301961]
2025-12-13 21:20:18,520 - INFO - num_full_subsets = 2
2025-12-13 21:20:18,526 - INFO - phi = [ 0.08297235  0.18211437 -0.15962932  0.43693434]
2025-12-13 21:20:18,543 - INFO - num_full_subsets = 2
2025-12-13 21:20:18,548 - INFO - phi = [-0.15629198 -0.34311793 -0.73111331 -0.44244423]
2025-12-13 21:20:18,563 - INFO - num_full_subsets = 2
2025-12-13 21:20:18,568 - INFO - phi = [-0.15514219  0.32945677  0.36983378  0.71463283]
2025-12-13 21:20:18,583 - INFO - num_full_subsets = 2
2025-12-13 21:20:18,589 - INFO - phi = [-0.1580492  -0.14030545  0.10090014  0.29808509]
2025-12-13 21:20:19,083 - INFO - Computing feature importance...
2025-12-13 21:20:19,520 - INFO - Experiment completed for ElasticNet
2025-12-13 21:20:19,520 - INFO - Total time: 14.32s (0.24 min)
2025-12-13 21:20:19,520 - INFO - Starting comprehensive experiment for ElasticNet
2025-12-13 21:20:27,355 - INFO - Performing feature analysis...
2025-12-13 21:20:28,687 - INFO - Model justification: Linear model with L1 and L2 regularization for handling multicollinearity
2025-12-13 21:20:28,687 - INFO - Performing robust cross-validation...
2025-12-13 21:20:28,720 - INFO - CV Results - MSE: 2.8682 ± 0.3115
2025-12-13 21:20:28,720 - INFO - Starting hyperparameter optimization...
2025-12-13 21:20:29,303 - INFO - Best parameters for ElasticNet: {'alpha': 0.04253279343864494, 'l1_ratio': 0.10117528695291797}
2025-12-13 21:20:29,303 - INFO - ⏱️ HPO took 0.58 seconds
2025-12-13 21:20:29,303 - INFO - Training final model...
2025-12-13 21:20:29,305 - INFO - ⏱️ Training took 0.00 seconds
2025-12-13 21:20:29,305 - INFO - Performing residual analysis...
2025-12-13 21:20:30,358 - INFO - Generating XAI explanations...
2025-12-13 21:20:30,359 - WARNING - Using 168 background data samples could cause slower run times. Consider using shap.sample(data, K) or shap.kmeans(data, K) to summarize the background as K samples.
2025-12-13 21:20:30,373 - INFO - num_full_subsets = 2
2025-12-13 21:20:30,379 - INFO - phi = [-0.13759729 -0.17863355 -0.5282765   0.68327578]
2025-12-13 21:20:30,394 - INFO - num_full_subsets = 2
2025-12-13 21:20:30,399 - INFO - phi = [-0.06058308 -0.04166061 -0.62437405  0.28770281]
2025-12-13 21:20:30,414 - INFO - num_full_subsets = 2
2025-12-13 21:20:30,419 - INFO - phi = [ 0.40986796 -0.04834222  0.24050387  0.43604267]
2025-12-13 21:20:30,434 - INFO - num_full_subsets = 2
2025-12-13 21:20:30,439 - INFO - phi = [-0.13533362  0.44442627 -0.32734527  0.01574639]
2025-12-13 21:20:30,454 - INFO - num_full_subsets = 2
2025-12-13 21:20:30,460 - INFO - phi = [-0.13720361 -0.17028154  0.26671229 -0.15731678]
2025-12-13 21:20:30,475 - INFO - num_full_subsets = 2
2025-12-13 21:20:30,480 - INFO - phi = [-0.1352844  -0.13520311  0.73846388 -3.37134715]
2025-12-13 21:20:30,495 - INFO - num_full_subsets = 2
2025-12-13 21:20:30,500 - INFO - phi = [-0.13511217 -0.10012467  0.0308365   0.53493592]
2025-12-13 21:20:30,515 - INFO - num_full_subsets = 2
2025-12-13 21:20:30,521 - INFO - phi = [-0.13119995  0.05188188  0.47637966  0.68327578]
2025-12-13 21:20:30,535 - INFO - num_full_subsets = 2
2025-12-13 21:20:30,541 - INFO - phi = [-0.12463036  0.06524509  0.64236634  0.18880957]
2025-12-13 21:20:30,555 - INFO - num_full_subsets = 2
2025-12-13 21:20:30,561 - INFO - phi = [ 0.67314338  0.03183706 -0.31860913 -0.45399651]
2025-12-13 21:20:30,576 - INFO - num_full_subsets = 2
2025-12-13 21:20:30,582 - INFO - phi = [-0.13708058 -0.28219845 -0.72920773 -0.45399651]
2025-12-13 21:20:30,596 - INFO - num_full_subsets = 2
2025-12-13 21:20:30,602 - INFO - phi = [ 0.04177447  0.09197152 -0.31860913  0.51021261]
2025-12-13 21:20:30,616 - INFO - num_full_subsets = 2
2025-12-13 21:20:30,622 - INFO - phi = [-0.13695756 -0.27885765 -0.51080422 -1.56654548]
2025-12-13 21:20:30,637 - INFO - num_full_subsets = 2
2025-12-13 21:20:30,642 - INFO - phi = [-0.12187458  0.13540196 -0.43217895  0.48548929]
2025-12-13 21:20:30,657 - INFO - num_full_subsets = 2
2025-12-13 21:20:30,662 - INFO - phi = [-0.13850768 -0.20368957  0.13567018 -0.8990161 ]
2025-12-13 21:20:30,678 - INFO - num_full_subsets = 2
2025-12-13 21:20:30,683 - INFO - phi = [-0.13747427 -0.19032636 -0.04778877 -0.15731678]
2025-12-13 21:20:30,698 - INFO - num_full_subsets = 2
2025-12-13 21:20:30,704 - INFO - phi = [-0.13196271  0.19386602  0.69478318 -2.06101169]
2025-12-13 21:20:30,718 - INFO - num_full_subsets = 2
2025-12-13 21:20:30,724 - INFO - phi = [-0.13587493 -0.00491178  0.45017124  0.7327224 ]
2025-12-13 21:20:30,738 - INFO - num_full_subsets = 2
2025-12-13 21:20:30,744 - INFO - phi = [-0.10044347  0.14208357 -0.46712352  0.63382916]
2025-12-13 21:20:30,758 - INFO - num_full_subsets = 2
2025-12-13 21:20:30,764 - INFO - phi = [-0.13400494 -0.0249566   0.01336422  0.80689233]
2025-12-13 21:20:30,779 - INFO - num_full_subsets = 2
2025-12-13 21:20:30,785 - INFO - phi = [-0.11643684  0.11535714 -0.36228983  0.43604267]
2025-12-13 21:20:30,800 - INFO - num_full_subsets = 2
2025-12-13 21:20:30,805 - INFO - phi = [-0.13902439  0.12370915  0.0745172   0.63382916]
2025-12-13 21:20:30,820 - INFO - num_full_subsets = 2
2025-12-13 21:20:30,826 - INFO - phi = [-0.13740045 -0.28386885 -0.5719572  -0.18204009]
2025-12-13 21:20:30,840 - INFO - num_full_subsets = 2
2025-12-13 21:20:30,846 - INFO - phi = [-0.13582572  0.04018907 -0.32734527  0.80689233]
2025-12-13 21:20:30,860 - INFO - num_full_subsets = 2
2025-12-13 21:20:30,866 - INFO - phi = [-0.11176185 -0.07005744  0.00462807  0.7327224 ]
2025-12-13 21:20:30,881 - INFO - num_full_subsets = 2
2025-12-13 21:20:30,887 - INFO - phi = [-0.12317866  0.06190429  0.28418457  0.60910585]
2025-12-13 21:20:30,901 - INFO - num_full_subsets = 2
2025-12-13 21:20:30,907 - INFO - phi = [-0.12750917  0.10032353 -0.36228983  0.38659605]
2025-12-13 21:20:30,922 - INFO - num_full_subsets = 2
2025-12-13 21:20:30,927 - INFO - phi = [ 0.20810549  0.18217321 -0.41470667  0.48548929]
2025-12-13 21:20:30,942 - INFO - num_full_subsets = 2
2025-12-13 21:20:30,948 - INFO - phi = [-0.13865531  0.08027871 -0.34481755  0.41131936]
2025-12-13 21:20:30,962 - INFO - num_full_subsets = 2
2025-12-13 21:20:30,968 - INFO - phi = [-0.12913311 -0.02328619 -0.37976211  0.38659605]
2025-12-13 21:20:30,983 - INFO - num_full_subsets = 2
2025-12-13 21:20:30,989 - INFO - phi = [-0.13813861 -0.07005744 -0.35355369  0.18880957]
2025-12-13 21:20:31,003 - INFO - num_full_subsets = 2
2025-12-13 21:20:31,009 - INFO - phi = [-0.11225396  0.21558124 -0.09146947  0.38659605]
2025-12-13 21:20:31,024 - INFO - num_full_subsets = 2
2025-12-13 21:20:31,029 - INFO - phi = [-0.13134758 -0.08843186  0.3977544  -0.37982657]
2025-12-13 21:20:31,044 - INFO - num_full_subsets = 2
2025-12-13 21:20:31,050 - INFO - phi = [-0.13634243 -0.12351029  0.3977544  -0.25621002]
2025-12-13 21:20:31,064 - INFO - num_full_subsets = 2
2025-12-13 21:20:31,070 - INFO - phi = [-0.13683453 -0.22039359 -0.43217895 -0.40454989]
2025-12-13 21:20:31,085 - INFO - num_full_subsets = 2
2025-12-13 21:20:31,091 - INFO - phi = [-0.13663769 -0.27050564 -0.50206808 -0.2067634 ]
2025-12-13 21:20:31,105 - INFO - num_full_subsets = 2
2025-12-13 21:20:31,111 - INFO - phi = [ 0.77402462  0.05188188  0.55500493 -0.80012285]
2025-12-13 21:20:31,125 - INFO - num_full_subsets = 2
2025-12-13 21:20:31,131 - INFO - phi = [-0.13749887 -0.26382403 -0.39723439 -1.69016203]
2025-12-13 21:20:31,146 - INFO - num_full_subsets = 2
2025-12-13 21:20:31,151 - INFO - phi = [-0.13612098 -0.2254048   0.17935089 -0.55288975]
2025-12-13 21:20:31,166 - INFO - num_full_subsets = 2
2025-12-13 21:20:31,171 - INFO - phi = [-0.1333406  -0.29055046  0.21429545 -0.03370023]
2025-12-13 21:20:31,187 - INFO - num_full_subsets = 2
2025-12-13 21:20:31,192 - INFO - phi = [ 0.66576183  0.23729646 -0.31860913 -0.35510326]
2025-12-13 21:20:31,207 - INFO - num_full_subsets = 2
2025-12-13 21:20:31,212 - INFO - phi = [-0.13489072 -0.23876801  0.00462807  0.33714943]
2025-12-13 21:20:31,227 - INFO - num_full_subsets = 2
2025-12-13 21:20:31,232 - INFO - phi = [0.04029816 0.23228526 0.40649054 0.43604267]
2025-12-13 21:20:31,247 - INFO - num_full_subsets = 2
2025-12-13 21:20:31,253 - INFO - phi = [-0.13722821 -0.24377921  0.17061475  0.23825619]
2025-12-13 21:20:31,268 - INFO - num_full_subsets = 2
2025-12-13 21:20:31,273 - INFO - phi = [ 0.27946051 -0.06337583  0.28418457  0.83161564]
2025-12-13 21:20:31,288 - INFO - num_full_subsets = 2
2025-12-13 21:20:31,294 - INFO - phi = [-0.01801612  0.0735971   0.51132423  0.33714943]
2025-12-13 21:20:31,309 - INFO - num_full_subsets = 2
2025-12-13 21:20:31,314 - INFO - phi = [-0.13179047 -0.17696315  0.82582529 -2.18462824]
2025-12-13 21:20:31,329 - INFO - num_full_subsets = 2
2025-12-13 21:20:31,335 - INFO - phi = [ 0.74203789 -0.19032636  0.23176773 -0.84956947]
2025-12-13 21:20:31,349 - INFO - num_full_subsets = 2
2025-12-13 21:20:31,355 - INFO - phi = [-0.13794176 -0.24210881 -0.09146947 -0.80012285]
2025-12-13 21:20:31,370 - INFO - num_full_subsets = 2
2025-12-13 21:20:31,375 - INFO - phi = [-0.13683453 -0.25380162 -0.18756702 -0.18204009]
2025-12-13 21:20:31,391 - INFO - num_full_subsets = 2
2025-12-13 21:20:31,396 - INFO - phi = [-0.13688374 -0.28219845 -0.43217895 -0.77539954]
2025-12-13 21:20:31,411 - INFO - num_full_subsets = 2
2025-12-13 21:20:31,416 - INFO - phi = [ 0.13428995  0.34754297 -0.04778877 -0.10787016]
2025-12-13 21:20:31,431 - INFO - num_full_subsets = 2
2025-12-13 21:20:31,437 - INFO - phi = [-0.13543204 -0.22039359 -0.10894175  0.23825619]
2025-12-13 21:20:31,451 - INFO - num_full_subsets = 2
2025-12-13 21:20:31,457 - INFO - phi = [ 0.78878773  0.04687068  0.21429545 -0.4292732 ]
2025-12-13 21:20:31,472 - INFO - num_full_subsets = 2
2025-12-13 21:20:31,477 - INFO - phi = [0.23517118 0.02181465 0.19682317 0.7327224 ]
2025-12-13 21:20:31,492 - INFO - num_full_subsets = 2
2025-12-13 21:20:31,498 - INFO - phi = [-0.13117534 -0.026627    0.58994949  0.51021261]
2025-12-13 21:20:31,513 - INFO - num_full_subsets = 2
2025-12-13 21:20:31,518 - INFO - phi = [-0.13321757 -0.05001262  0.6773109   0.08991633]
2025-12-13 21:20:31,533 - INFO - num_full_subsets = 2
2025-12-13 21:20:31,539 - INFO - phi = [ 0.04915602  0.10366433 -0.30987299  0.11463964]
2025-12-13 21:20:31,553 - INFO - num_full_subsets = 2
2025-12-13 21:20:31,559 - INFO - phi = [-0.09699875 -0.07339824 -0.34481755  0.2629795 ]
2025-12-13 21:20:31,574 - INFO - num_full_subsets = 2
2025-12-13 21:20:31,579 - INFO - phi = [ 0.02947188 -0.02328619 -0.22251158  0.23825619]
2025-12-13 21:20:31,594 - INFO - num_full_subsets = 2
2025-12-13 21:20:31,600 - INFO - phi = [ 0.33605242 -0.05669423 -0.03031649  0.31242612]
2025-12-13 21:20:31,615 - INFO - num_full_subsets = 2
2025-12-13 21:20:31,620 - INFO - phi = [-0.1371544  -0.230416    0.32786528 -1.49237555]
2025-12-13 21:20:31,635 - INFO - num_full_subsets = 2
2025-12-13 21:20:31,641 - INFO - phi = [-0.13673611 -0.230416    0.24050387  0.13936295]
2025-12-13 21:20:31,655 - INFO - num_full_subsets = 2
2025-12-13 21:20:31,661 - INFO - phi = [0.22040807 0.08528991 0.10946176 0.60910585]
2025-12-13 21:20:31,675 - INFO - num_full_subsets = 2
2025-12-13 21:20:31,681 - INFO - phi = [-0.13553046  1.40991843  0.10946176  0.78216902]
2025-12-13 21:20:31,696 - INFO - num_full_subsets = 2
2025-12-13 21:20:31,702 - INFO - phi = [-0.04680418 -0.00825258  0.24924001  1.25191192]
2025-12-13 21:20:31,717 - INFO - num_full_subsets = 2
2025-12-13 21:20:31,722 - INFO - phi = [-0.13747427 -0.24377921 -0.45838738  0.01574639]
2025-12-13 21:20:31,737 - INFO - num_full_subsets = 2
2025-12-13 21:20:31,742 - INFO - phi = [-0.11737183  0.06023389 -0.21377544 -0.03370023]
2025-12-13 21:20:31,757 - INFO - num_full_subsets = 2
2025-12-13 21:20:31,763 - INFO - phi = [0.2646974  0.04520027 0.59868563 0.65855247]
2025-12-13 21:20:31,777 - INFO - num_full_subsets = 2
2025-12-13 21:20:31,783 - INFO - phi = [-0.13612098 -0.27718725 -0.58942948  0.08991633]
2025-12-13 21:20:31,798 - INFO - num_full_subsets = 2
2025-12-13 21:20:31,804 - INFO - phi = [-0.13132297 -0.06838704  0.43269896 -1.22041913]
2025-12-13 21:20:31,818 - INFO - num_full_subsets = 2
2025-12-13 21:20:31,824 - INFO - phi = [ 0.25485533 -0.04333101 -0.37102597  0.53493592]
2025-12-13 21:20:31,839 - INFO - num_full_subsets = 2
2025-12-13 21:20:31,844 - INFO - phi = [ 0.84291912  0.41769984  0.53753265 -0.8990161 ]
2025-12-13 21:20:31,859 - INFO - num_full_subsets = 2
2025-12-13 21:20:31,864 - INFO - phi = [-0.12251432  0.1738212  -0.42344281  0.43604267]
2025-12-13 21:20:31,879 - INFO - num_full_subsets = 2
2025-12-13 21:20:31,885 - INFO - phi = [ 0.64607769  0.05522268 -0.28366456 -0.15731678]
2025-12-13 21:20:31,900 - INFO - num_full_subsets = 2
2025-12-13 21:20:31,905 - INFO - phi = [-0.11899578 -0.01660459 -0.63311019  0.53493592]
2025-12-13 21:20:31,920 - INFO - num_full_subsets = 2
2025-12-13 21:20:31,925 - INFO - phi = [-0.13277468  0.35923579  0.42396282  0.2629795 ]
2025-12-13 21:20:31,940 - INFO - num_full_subsets = 2
2025-12-13 21:20:31,946 - INFO - phi = [-0.13624401 -0.14856632  0.42396282 -0.57761306]
2025-12-13 21:20:31,960 - INFO - num_full_subsets = 2
2025-12-13 21:20:31,966 - INFO - phi = [-0.11126975  0.02181465  0.53753265  0.51021261]
2025-12-13 21:20:31,980 - INFO - num_full_subsets = 2
2025-12-13 21:20:31,986 - INFO - phi = [-0.13597335  0.19553642  0.19682317  0.28770281]
2025-12-13 21:20:32,001 - INFO - num_full_subsets = 2
2025-12-13 21:20:32,007 - INFO - phi = [-0.13481691 -0.22373439  0.72972774 -1.93739514]
2025-12-13 21:20:32,022 - INFO - num_full_subsets = 2
2025-12-13 21:20:32,028 - INFO - phi = [-0.13489072  0.15544678 -0.30113685  0.68327578]
2025-12-13 21:20:32,042 - INFO - num_full_subsets = 2
2025-12-13 21:20:32,048 - INFO - phi = [-0.13796637  0.02348505 -0.38849825  0.13936295]
2025-12-13 21:20:32,063 - INFO - num_full_subsets = 2
2025-12-13 21:20:32,068 - INFO - phi = [-0.13708058 -0.28219845 -0.72920773 -0.45399651]
2025-12-13 21:20:32,083 - INFO - num_full_subsets = 2
2025-12-13 21:20:32,089 - INFO - phi = [-0.13624401 -0.28052805 -0.09146947 -2.40713804]
2025-12-13 21:20:32,104 - INFO - num_full_subsets = 2
2025-12-13 21:20:32,109 - INFO - phi = [-0.13676072 -0.25380162 -0.34481755  0.53493592]
2025-12-13 21:20:32,124 - INFO - num_full_subsets = 2
2025-12-13 21:20:32,130 - INFO - phi = [-0.13757269 -0.00491178 -0.44091509  1.07884875]
2025-12-13 21:20:32,144 - INFO - num_full_subsets = 2
2025-12-13 21:20:32,150 - INFO - phi = [-0.13804018  0.08696032 -0.35355369  0.23825619]
2025-12-13 21:20:32,164 - INFO - num_full_subsets = 2
2025-12-13 21:20:32,170 - INFO - phi = [0.22040807 0.16881    0.63363019 0.60910585]
2025-12-13 21:20:32,185 - INFO - num_full_subsets = 2
2025-12-13 21:20:32,190 - INFO - phi = [-0.09232376  0.04018907 -0.36228983 -0.03370023]
2025-12-13 21:20:32,206 - INFO - num_full_subsets = 2
2025-12-13 21:20:32,211 - INFO - phi = [-0.13636703 -0.26382403 -0.61563791  0.0404697 ]
2025-12-13 21:20:32,226 - INFO - num_full_subsets = 2
2025-12-13 21:20:32,231 - INFO - phi = [-0.12522089 -0.11682869 -0.56322106 -0.30565664]
2025-12-13 21:20:32,246 - INFO - num_full_subsets = 2
2025-12-13 21:20:32,251 - INFO - phi = [ 0.14659254 -0.16694074 -0.807833   -0.00897692]
2025-12-13 21:20:32,266 - INFO - num_full_subsets = 2
2025-12-13 21:20:32,272 - INFO - phi = [-0.13420178 -0.19032636  0.72972774 -0.70122961]
2025-12-13 21:20:32,286 - INFO - num_full_subsets = 2
2025-12-13 21:20:32,292 - INFO - phi = [-0.13496454 -0.22039359  0.28418457 -0.33037995]
2025-12-13 21:20:32,307 - INFO - num_full_subsets = 2
2025-12-13 21:20:32,313 - INFO - phi = [ 0.15643461 -0.04667182 -0.5282765   0.83161564]
2025-12-13 21:20:32,327 - INFO - num_full_subsets = 2
2025-12-13 21:20:32,333 - INFO - phi = [-0.13592414  0.36257659 -0.35355369  0.53493592]
2025-12-13 21:20:32,348 - INFO - num_full_subsets = 2
2025-12-13 21:20:32,353 - INFO - phi = [-0.13612098 -0.09678387  0.1618786   0.28770281]
2025-12-13 21:20:32,368 - INFO - num_full_subsets = 2
2025-12-13 21:20:32,373 - INFO - phi = [ 0.1687372  -0.10847668 -0.46712352  0.70799909]
2025-12-13 21:20:32,388 - INFO - num_full_subsets = 2
2025-12-13 21:20:32,394 - INFO - phi = [-0.13631782  0.01179224 -0.34481755  1.17774199]
2025-12-13 21:20:32,409 - INFO - num_full_subsets = 2
2025-12-13 21:20:32,415 - INFO - phi = [ 0.49352557 -0.04500142 -0.31860913 -0.30565664]
2025-12-13 21:20:32,429 - INFO - num_full_subsets = 2
2025-12-13 21:20:32,435 - INFO - phi = [-0.12795206 -0.02161579 -0.10894175  0.58438254]
2025-12-13 21:20:32,450 - INFO - num_full_subsets = 2
2025-12-13 21:20:32,455 - INFO - phi = [0.34097346 0.02181465 0.63363019 0.53493592]
2025-12-13 21:20:32,470 - INFO - num_full_subsets = 2
2025-12-13 21:20:32,476 - INFO - phi = [-0.10019742  0.26402289 -0.44965123  0.41131936]
2025-12-13 21:20:32,490 - INFO - num_full_subsets = 2
2025-12-13 21:20:32,496 - INFO - phi = [-0.11978314 -0.14689592 -0.03905263  0.33714943]
2025-12-13 21:20:32,511 - INFO - num_full_subsets = 2
2025-12-13 21:20:32,517 - INFO - phi = [-0.13735124 -0.26215363 -0.5282765  -0.40454989]
2025-12-13 21:20:32,531 - INFO - num_full_subsets = 2
2025-12-13 21:20:32,537 - INFO - phi = [ 0.35573656 -0.0249566  -0.00410807  0.78216902]
2025-12-13 21:20:32,551 - INFO - num_full_subsets = 2
2025-12-13 21:20:32,557 - INFO - phi = [ 0.23517118  0.5780584  -0.30987299  0.0404697 ]
2025-12-13 21:20:32,572 - INFO - num_full_subsets = 2
2025-12-13 21:20:32,577 - INFO - phi = [-0.09281586  0.1704804   0.20555931  0.70799909]
2025-12-13 21:20:32,592 - INFO - num_full_subsets = 2
2025-12-13 21:20:32,598 - INFO - phi = [-0.13275007 -0.10513588  0.65983862 -2.13518162]
2025-12-13 21:20:32,613 - INFO - num_full_subsets = 2
2025-12-13 21:20:32,619 - INFO - phi = [-0.13557967 -0.21204158 -0.34481755  1.22718861]
2025-12-13 21:20:32,633 - INFO - num_full_subsets = 2
2025-12-13 21:20:32,639 - INFO - phi = [-0.13533362 -0.16694074  0.1618786  -0.8990161 ]
2025-12-13 21:20:32,653 - INFO - num_full_subsets = 2
2025-12-13 21:20:32,659 - INFO - phi = [-0.13629322 -0.21037118 -0.21377544 -0.30565664]
2025-12-13 21:20:32,674 - INFO - num_full_subsets = 2
2025-12-13 21:20:32,679 - INFO - phi = [-0.13685914 -0.24712002 -0.14388632 -0.25621002]
2025-12-13 21:20:32,694 - INFO - num_full_subsets = 2
2025-12-13 21:20:32,700 - INFO - phi = [-0.1314706   0.40433663 -0.25745614  0.2629795 ]
2025-12-13 21:20:32,715 - INFO - num_full_subsets = 2
2025-12-13 21:20:32,721 - INFO - phi = [ 0.46399936 -0.09845427  0.50258809 -0.05842354]
2025-12-13 21:20:32,735 - INFO - num_full_subsets = 2
2025-12-13 21:20:32,741 - INFO - phi = [-0.13464467 -0.230416    0.63363019 -0.70122961]
2025-12-13 21:20:32,756 - INFO - num_full_subsets = 2
2025-12-13 21:20:32,761 - INFO - phi = [-0.10905528  0.0685859   0.56374107  0.46076598]
2025-12-13 21:20:32,776 - INFO - num_full_subsets = 2
2025-12-13 21:20:32,781 - INFO - phi = [0.3335919  0.38930302 0.21429545 0.41131936]
2025-12-13 21:20:32,796 - INFO - num_full_subsets = 2
2025-12-13 21:20:32,802 - INFO - phi = [-0.13663769 -0.24712002 -0.47585966 -0.18204009]
2025-12-13 21:20:32,817 - INFO - num_full_subsets = 2
2025-12-13 21:20:32,823 - INFO - phi = [-0.12723851  0.11702755 -0.43217895  0.88106226]
2025-12-13 21:20:32,837 - INFO - num_full_subsets = 2
2025-12-13 21:20:32,843 - INFO - phi = [ 0.77402462 -0.06337583  0.63363019 -0.62705968]
2025-12-13 21:20:32,857 - INFO - num_full_subsets = 2
2025-12-13 21:20:32,863 - INFO - phi = [-0.13070784 -0.06504624  0.45890738  0.58438254]
2025-12-13 21:20:32,878 - INFO - num_full_subsets = 2
2025-12-13 21:20:32,883 - INFO - phi = [ 0.55995956  0.12203875 -0.03031649 -0.45399651]
2025-12-13 21:20:32,898 - INFO - num_full_subsets = 2
2025-12-13 21:20:32,903 - INFO - phi = [-0.13700677  0.35422458 -0.47585966  0.31242612]
2025-12-13 21:20:32,919 - INFO - num_full_subsets = 2
2025-12-13 21:20:32,924 - INFO - phi = [-0.13651466 -0.1318623   0.29292071  0.95523219]
2025-12-13 21:20:32,939 - INFO - num_full_subsets = 2
2025-12-13 21:20:32,945 - INFO - phi = [ 0.4566178   0.06023389  0.53753265 -0.4292732 ]
2025-12-13 21:20:32,959 - INFO - num_full_subsets = 2
2025-12-13 21:20:32,965 - INFO - phi = [ 0.83307705  0.14208357  0.52879651 -1.02263265]
2025-12-13 21:20:32,979 - INFO - num_full_subsets = 2
2025-12-13 21:20:32,985 - INFO - phi = [-0.13757269  0.21224044 -0.18756702 -0.25621002]
2025-12-13 21:20:33,000 - INFO - num_full_subsets = 2
2025-12-13 21:20:33,005 - INFO - phi = [-0.13309454 -0.20368957  0.65983862 -1.78905528]
2025-12-13 21:20:33,021 - INFO - num_full_subsets = 2
2025-12-13 21:20:33,026 - INFO - phi = [-0.13855689  0.02348505 -0.53701264  0.0404697 ]
2025-12-13 21:20:33,041 - INFO - num_full_subsets = 2
2025-12-13 21:20:33,047 - INFO - phi = [-0.13597335 -0.18865596  0.31912913  0.36187274]
2025-12-13 21:20:33,061 - INFO - num_full_subsets = 2
2025-12-13 21:20:33,067 - INFO - phi = [-0.13720361 -0.25380162  0.17061475 -0.72595292]
2025-12-13 21:20:33,082 - INFO - num_full_subsets = 2
2025-12-13 21:20:33,087 - INFO - phi = [-0.13577651  1.22617425  0.28418457  0.33714943]
2025-12-13 21:20:33,102 - INFO - num_full_subsets = 2
2025-12-13 21:20:33,107 - INFO - phi = [0.01224825 0.39598462 0.4414351  0.7327224 ]
2025-12-13 21:20:33,123 - INFO - num_full_subsets = 2
2025-12-13 21:20:33,128 - INFO - phi = [-0.13730203  0.32916856 -0.1613586   0.13936295]
2025-12-13 21:20:33,143 - INFO - num_full_subsets = 2
2025-12-13 21:20:33,148 - INFO - phi = [-0.13872913 -0.2270752  -0.38849825 -0.08314685]
2025-12-13 21:20:33,163 - INFO - num_full_subsets = 2
2025-12-13 21:20:33,169 - INFO - phi = [ 0.33605242  0.23395566  0.0745172  -0.6765063 ]
2025-12-13 21:20:33,183 - INFO - num_full_subsets = 2
2025-12-13 21:20:33,189 - INFO - phi = [-0.13631782 -0.19032636 -0.35355369  0.53493592]
2025-12-13 21:20:33,203 - INFO - num_full_subsets = 2
2025-12-13 21:20:33,209 - INFO - phi = [ 0.60916992  0.12537955 -0.34481755 -0.2067634 ]
2025-12-13 21:20:33,225 - INFO - num_full_subsets = 2
2025-12-13 21:20:33,230 - INFO - phi = [-0.13720361 -0.17028154  0.26671229 -0.15731678]
2025-12-13 21:20:33,245 - INFO - num_full_subsets = 2
2025-12-13 21:20:33,250 - INFO - phi = [-0.13484151 -0.12016949  0.73846388 -0.15731678]
2025-12-13 21:20:33,265 - INFO - num_full_subsets = 2
2025-12-13 21:20:33,271 - INFO - phi = [-0.1357273   0.46781189 -0.51080422  0.33714943]
2025-12-13 21:20:33,285 - INFO - num_full_subsets = 2
2025-12-13 21:20:33,291 - INFO - phi = [-0.04680418 -0.00825258  0.24924001  1.25191192]
2025-12-13 21:20:33,306 - INFO - num_full_subsets = 2
2025-12-13 21:20:33,311 - INFO - phi = [-0.13897518  0.51458314 -0.4845958   0.06519302]
2025-12-13 21:20:33,327 - INFO - num_full_subsets = 2
2025-12-13 21:20:33,332 - INFO - phi = [-0.13629322  0.07693791  0.31039299  0.55965923]
2025-12-13 21:20:33,347 - INFO - num_full_subsets = 2
2025-12-13 21:20:33,353 - INFO - phi = [-0.13636703 -0.12351029  0.01336422 -0.15731678]
2025-12-13 21:20:33,367 - INFO - num_full_subsets = 2
2025-12-13 21:20:33,373 - INFO - phi = [-0.13823703  0.18217321 -0.04778877  0.58438254]
2025-12-13 21:20:33,387 - INFO - num_full_subsets = 2
2025-12-13 21:20:33,393 - INFO - phi = [-0.13897518 -0.01159338 -0.36228983  0.21353288]
2025-12-13 21:20:33,408 - INFO - num_full_subsets = 2
2025-12-13 21:20:33,413 - INFO - phi = [-0.13338981 -0.26716484  0.36280984  0.38659605]
2025-12-13 21:20:33,429 - INFO - num_full_subsets = 2
2025-12-13 21:20:33,434 - INFO - phi = [ 0.56488059  0.05355228  0.32786528 -0.13259347]
2025-12-13 21:20:33,449 - INFO - num_full_subsets = 2
2025-12-13 21:20:33,455 - INFO - phi = [-0.0502489  -0.12016949 -0.30987299  0.53493592]
2025-12-13 21:20:33,469 - INFO - num_full_subsets = 2
2025-12-13 21:20:33,475 - INFO - phi = [-0.13700677  0.41937025  0.03957264 -0.25621002]
2025-12-13 21:20:33,489 - INFO - num_full_subsets = 2
2025-12-13 21:20:33,495 - INFO - phi = [-0.13439862  0.02849626  0.42396282  0.16408626]
2025-12-13 21:20:33,510 - INFO - num_full_subsets = 2
2025-12-13 21:20:33,515 - INFO - phi = [-0.0150635   0.29409012  0.25797615  0.43604267]
2025-12-13 21:20:33,531 - INFO - num_full_subsets = 2
2025-12-13 21:20:33,537 - INFO - phi = [-0.13555506 -0.20535998  0.02210036  0.46076598]
2025-12-13 21:20:33,551 - INFO - num_full_subsets = 2
2025-12-13 21:20:33,557 - INFO - phi = [0.03463897 0.08528991 0.27544843 1.05412544]
2025-12-13 21:20:33,571 - INFO - num_full_subsets = 2
2025-12-13 21:20:33,577 - INFO - phi = [-0.13794176 -0.23542721  0.36280984 -0.45399651]
2025-12-13 21:20:33,592 - INFO - num_full_subsets = 2
2025-12-13 21:20:33,597 - INFO - phi = [-0.13840926 -0.23542721 -0.38849825  0.43604267]
2025-12-13 21:20:33,612 - INFO - num_full_subsets = 2
2025-12-13 21:20:33,617 - INFO - phi = [-0.11348422  0.23729646 -0.24872     0.85633895]
2025-12-13 21:20:33,633 - INFO - num_full_subsets = 2
2025-12-13 21:20:33,639 - INFO - phi = [-0.1371544  -0.28720966 -0.65931861 -0.50344313]
2025-12-13 21:20:33,653 - INFO - num_full_subsets = 2
2025-12-13 21:20:33,659 - INFO - phi = [-0.13646545 -0.05001262  0.32786528  0.36187274]
2025-12-13 21:20:33,674 - INFO - num_full_subsets = 2
2025-12-13 21:20:33,679 - INFO - phi = [ 0.68790649  0.0669155   0.45017124 -0.82484616]
2025-12-13 21:20:33,694 - INFO - num_full_subsets = 2
2025-12-13 21:20:33,700 - INFO - phi = [-0.13828624  0.55133198 -0.43217895  0.16408626]
2025-12-13 21:20:33,714 - INFO - num_full_subsets = 2
2025-12-13 21:20:33,720 - INFO - phi = [-0.13708058 -0.24377921  0.05704492 -0.65178299]
2025-12-13 21:20:33,735 - INFO - num_full_subsets = 2
2025-12-13 21:20:33,741 - INFO - phi = [-0.13434941 -0.18698556  0.54626879 -0.00897692]
2025-12-13 21:20:33,755 - INFO - num_full_subsets = 2
2025-12-13 21:20:33,761 - INFO - phi = [-0.13784334 -0.26716484  0.29292071 -2.50603128]
2025-12-13 21:20:33,776 - INFO - num_full_subsets = 2
2025-12-13 21:20:33,781 - INFO - phi = [ 0.78878773  0.04687068  0.21429545 -0.4292732 ]
2025-12-13 21:20:34,276 - INFO - Computing feature importance...
2025-12-13 21:20:34,711 - INFO - Experiment completed for ElasticNet
2025-12-13 21:20:34,711 - INFO - Total time: 14.81s (0.25 min)
2025-12-13 21:20:34,711 - INFO - Starting comprehensive experiment for ElasticNet
2025-12-13 21:20:43,346 - INFO - Performing feature analysis...
2025-12-13 21:20:44,507 - INFO - Model justification: Linear model with L1 and L2 regularization for handling multicollinearity
2025-12-13 21:20:44,507 - INFO - Performing robust cross-validation...
2025-12-13 21:20:44,541 - INFO - CV Results - MSE: 2.9555 ± 0.3011
2025-12-13 21:20:44,541 - INFO - Starting hyperparameter optimization...
2025-12-13 21:20:45,126 - INFO - Best parameters for ElasticNet: {'alpha': 0.01633332379373145, 'l1_ratio': 0.14147344918829008}
2025-12-13 21:20:45,126 - INFO - ⏱️ HPO took 0.59 seconds
2025-12-13 21:20:45,126 - INFO - Training final model...
2025-12-13 21:20:45,128 - INFO - ⏱️ Training took 0.00 seconds
2025-12-13 21:20:45,128 - INFO - Performing residual analysis...
2025-12-13 21:20:46,129 - INFO - Generating XAI explanations...
2025-12-13 21:20:46,129 - WARNING - Using 168 background data samples could cause slower run times. Consider using shap.sample(data, K) or shap.kmeans(data, K) to summarize the background as K samples.
2025-12-13 21:20:46,144 - INFO - num_full_subsets = 2
2025-12-13 21:20:46,149 - INFO - phi = [-0.16437067 -0.13304129  0.50323337  0.65139645]
2025-12-13 21:20:46,164 - INFO - num_full_subsets = 2
2025-12-13 21:20:46,170 - INFO - phi = [ 0.63891339 -0.22668174  0.26815605 -0.8827335 ]
2025-12-13 21:20:46,184 - INFO - num_full_subsets = 2
2025-12-13 21:20:46,190 - INFO - phi = [-0.17070011  0.47041942 -0.35244806  0.83037827]
2025-12-13 21:20:46,205 - INFO - num_full_subsets = 2
2025-12-13 21:20:46,210 - INFO - phi = [-0.16981177 -0.22668174 -0.54050992  0.11445096]
2025-12-13 21:20:46,225 - INFO - num_full_subsets = 2
2025-12-13 21:20:46,230 - INFO - phi = [-0.17012269 -0.38483006 -0.61573466 -0.06453086]
2025-12-13 21:20:46,245 - INFO - num_full_subsets = 2
2025-12-13 21:20:46,251 - INFO - phi = [-0.15579816  0.04799693 -0.38065734  0.24229513]
2025-12-13 21:20:46,265 - INFO - num_full_subsets = 2
2025-12-13 21:20:46,271 - INFO - phi = [ 0.53675396  0.01678344 -0.29602951 -0.11566853]
2025-12-13 21:20:46,285 - INFO - num_full_subsets = 2
2025-12-13 21:20:46,291 - INFO - phi = [-0.16734661  1.01561495  0.24934987  0.80480944]
2025-12-13 21:20:46,306 - INFO - num_full_subsets = 2
2025-12-13 21:20:46,311 - INFO - phi = [-0.1704114  -0.02899634 -0.23020786 -0.32021919]
2025-12-13 21:20:46,326 - INFO - num_full_subsets = 2
2025-12-13 21:20:46,332 - INFO - phi = [-0.14682589 -0.02483454  0.5878612   0.57468995]
2025-12-13 21:20:46,347 - INFO - num_full_subsets = 2
2025-12-13 21:20:46,352 - INFO - phi = [ 0.53231224  0.1021003  -0.51230064 -0.16680619]
2025-12-13 21:20:46,367 - INFO - num_full_subsets = 2
2025-12-13 21:20:46,373 - INFO - phi = [-0.16199435  0.01470254  0.15531894  0.39570812]
2025-12-13 21:20:46,387 - INFO - num_full_subsets = 2
2025-12-13 21:20:46,393 - INFO - phi = [-0.16663594 -0.11431319  0.73831069  0.1400198 ]
2025-12-13 21:20:46,408 - INFO - num_full_subsets = 2
2025-12-13 21:20:46,413 - INFO - phi = [-0.16874575 -0.3078368   0.03307874  0.52355228]
2025-12-13 21:20:46,428 - INFO - num_full_subsets = 2
2025-12-13 21:20:46,433 - INFO - phi = [-0.16945643 -0.20587275  0.43741172 -0.21794386]
2025-12-13 21:20:46,449 - INFO - num_full_subsets = 2
2025-12-13 21:20:46,454 - INFO - phi = [-0.17185495 -0.39107276 -0.46528517  0.49798345]
2025-12-13 21:20:46,469 - INFO - num_full_subsets = 2
2025-12-13 21:20:46,474 - INFO - phi = [-0.17001164  0.59319246  0.24934987  0.44684579]
2025-12-13 21:20:46,489 - INFO - num_full_subsets = 2
2025-12-13 21:20:46,494 - INFO - phi = [-0.17065569 -0.24124803  0.39039626 -0.806027  ]
2025-12-13 21:20:46,509 - INFO - num_full_subsets = 2
2025-12-13 21:20:46,515 - INFO - phi = [-0.01979286 -0.08101881 -0.23020786  0.29343279]
2025-12-13 21:20:46,529 - INFO - num_full_subsets = 2
2025-12-13 21:20:46,535 - INFO - phi = [-0.15442123  0.70139921  0.14591585 -0.16680619]
2025-12-13 21:20:46,550 - INFO - num_full_subsets = 2
2025-12-13 21:20:46,556 - INFO - phi = [ 0.71442254  0.46833852  0.5878612  -0.8827335 ]
2025-12-13 21:20:46,570 - INFO - num_full_subsets = 2
2025-12-13 21:20:46,576 - INFO - phi = [ 0.24137995 -0.23084354  0.72890759  0.83037827]
2025-12-13 21:20:46,590 - INFO - num_full_subsets = 2
2025-12-13 21:20:46,596 - INFO - phi = [-0.16879017 -0.3057559   0.41860554  0.65139645]
2025-12-13 21:20:46,611 - INFO - num_full_subsets = 2
2025-12-13 21:20:46,616 - INFO - phi = [ 0.71664339 -0.07893791 -0.00453363 -0.72932051]
2025-12-13 21:20:46,631 - INFO - num_full_subsets = 2
2025-12-13 21:20:46,637 - INFO - phi = [ 0.29912224 -0.09142331  0.37159007  0.26786396]
2025-12-13 21:20:46,652 - INFO - num_full_subsets = 2
2025-12-13 21:20:46,657 - INFO - phi = [-0.17061127 -0.32032219 -0.86961816  0.03774447]
2025-12-13 21:20:46,672 - INFO - num_full_subsets = 2
2025-12-13 21:20:46,677 - INFO - phi = [-0.1535773  -0.19338736 -0.08916147  0.60025878]
2025-12-13 21:20:46,692 - INFO - num_full_subsets = 2
2025-12-13 21:20:46,698 - INFO - phi = [-0.17083336 -0.17049747 -0.23961095 -0.16680619]
2025-12-13 21:20:46,712 - INFO - num_full_subsets = 2
2025-12-13 21:20:46,718 - INFO - phi = [-0.13016946  0.16036547  0.23054368  0.77924061]
2025-12-13 21:20:46,732 - INFO - num_full_subsets = 2
2025-12-13 21:20:46,738 - INFO - phi = [-0.17149962 -0.17257837  0.17412513 -0.37135685]
2025-12-13 21:20:46,753 - INFO - num_full_subsets = 2
2025-12-13 21:20:46,759 - INFO - phi = [ 0.08369909  1.87086443  0.23994678 -0.19237503]
2025-12-13 21:20:46,773 - INFO - num_full_subsets = 2
2025-12-13 21:20:46,779 - INFO - phi = [-0.16972293 -0.21835814 -0.8226027   1.11163543]
2025-12-13 21:20:46,794 - INFO - num_full_subsets = 2
2025-12-13 21:20:46,799 - INFO - phi = [-0.16923434 -0.36818287  0.02367564 -0.47363218]
2025-12-13 21:20:46,814 - INFO - num_full_subsets = 2
2025-12-13 21:20:46,820 - INFO - phi = [-0.17014489 -0.37234467 -0.36185116 -0.0900997 ]
2025-12-13 21:20:46,834 - INFO - num_full_subsets = 2
2025-12-13 21:20:46,840 - INFO - phi = [-0.16921213 -0.38483006 -0.34304497 -0.47363218]
2025-12-13 21:20:46,855 - INFO - num_full_subsets = 2
2025-12-13 21:20:46,860 - INFO - phi = [-0.17001164 -0.39939635 -0.54050992 -1.57309198]
2025-12-13 21:20:46,875 - INFO - num_full_subsets = 2
2025-12-13 21:20:46,881 - INFO - phi = [ 0.53675396 -0.06853342  0.26815605 -0.06453086]
2025-12-13 21:20:46,895 - INFO - num_full_subsets = 2
2025-12-13 21:20:46,901 - INFO - phi = [-0.01268612 -0.02275364 -0.35244806  0.52355228]
2025-12-13 21:20:46,916 - INFO - num_full_subsets = 2
2025-12-13 21:20:46,921 - INFO - phi = [ 0.07481566  0.15412277 -0.63454084  0.85594711]
2025-12-13 21:20:46,936 - INFO - num_full_subsets = 2
2025-12-13 21:20:46,941 - INFO - phi = [-0.15517632 -0.19338736 -0.45588208  0.9326536 ]
2025-12-13 21:20:46,957 - INFO - num_full_subsets = 2
2025-12-13 21:20:46,962 - INFO - phi = [ 0.61670482 -0.12263679 -0.00453363 -1.18955949]
2025-12-13 21:20:46,977 - INFO - num_full_subsets = 2
2025-12-13 21:20:46,982 - INFO - phi = [-0.16903447 -0.05812892  0.49383028  0.80480944]
2025-12-13 21:20:46,997 - INFO - num_full_subsets = 2
2025-12-13 21:20:47,003 - INFO - phi = [-0.16001779  0.06048232  0.5878612   0.72810294]
2025-12-13 21:20:47,017 - INFO - num_full_subsets = 2
2025-12-13 21:20:47,023 - INFO - phi = [-0.1711887  -0.35985927  0.29636533 -2.74925827]
2025-12-13 21:20:47,038 - INFO - num_full_subsets = 2
2025-12-13 21:20:47,044 - INFO - phi = [-0.17161066 -0.33488849 -0.40886662 -0.03896203]
2025-12-13 21:20:47,059 - INFO - num_full_subsets = 2
2025-12-13 21:20:47,064 - INFO - phi = [-0.08664066 -0.05396712 -0.31483569  0.62582761]
2025-12-13 21:20:47,079 - INFO - num_full_subsets = 2
2025-12-13 21:20:47,085 - INFO - phi = [-0.16694686 -0.34945478  0.73831069 -1.13842183]
2025-12-13 21:20:47,099 - INFO - num_full_subsets = 2
2025-12-13 21:20:47,105 - INFO - phi = [-0.08863943  0.05632052  0.3339777   1.11163543]
2025-12-13 21:20:47,120 - INFO - num_full_subsets = 2
2025-12-13 21:20:47,125 - INFO - phi = [-0.17005606 -0.2974323  -0.49349445  0.21672629]
2025-12-13 21:20:47,140 - INFO - num_full_subsets = 2
2025-12-13 21:20:47,146 - INFO - phi = [-0.16992281 -0.25997612 -0.34304497 -0.0133932 ]
2025-12-13 21:20:47,161 - INFO - num_full_subsets = 2
2025-12-13 21:20:47,166 - INFO - phi = [-0.16863471 -0.32656489 -0.10796765  0.29343279]
2025-12-13 21:20:47,181 - INFO - num_full_subsets = 2
2025-12-13 21:20:47,187 - INFO - phi = [-0.1701671  -0.2974323   0.62547357  0.88151594]
2025-12-13 21:20:47,201 - INFO - num_full_subsets = 2
2025-12-13 21:20:47,207 - INFO - phi = [ 0.74551454  0.13747558  0.15531894 -0.98500883]
2025-12-13 21:20:47,222 - INFO - num_full_subsets = 2
2025-12-13 21:20:47,227 - INFO - phi = [-0.16936759 -0.40147725 -0.08916147 -2.44243228]
2025-12-13 21:20:47,242 - INFO - num_full_subsets = 2
2025-12-13 21:20:47,248 - INFO - phi = [-0.16970072 -0.25581433  0.41860554 -0.03896203]
2025-12-13 21:20:47,263 - INFO - num_full_subsets = 2
2025-12-13 21:20:47,269 - INFO - phi = [-0.17096661 -0.37442557 -0.52170373  0.54912112]
2025-12-13 21:20:47,283 - INFO - num_full_subsets = 2
2025-12-13 21:20:47,289 - INFO - phi = [-0.17005606  0.38926436 -0.50289754  0.37013929]
2025-12-13 21:20:47,304 - INFO - num_full_subsets = 2
2025-12-13 21:20:47,309 - INFO - phi = [ 0.52787053 -0.01443004  0.44681481 -0.62704518]
2025-12-13 21:20:47,324 - INFO - num_full_subsets = 2
2025-12-13 21:20:47,330 - INFO - phi = [-0.17181054 -0.28910871 -0.14558002  0.1400198 ]
2025-12-13 21:20:47,344 - INFO - num_full_subsets = 2
2025-12-13 21:20:47,350 - INFO - phi = [ 0.38795652  0.01470254 -0.32423878 -0.19237503]
2025-12-13 21:20:47,365 - INFO - num_full_subsets = 2
2025-12-13 21:20:47,371 - INFO - phi = [-0.17116649 -0.34737388  0.13651276 -1.80321147]
2025-12-13 21:20:47,386 - INFO - num_full_subsets = 2
2025-12-13 21:20:47,391 - INFO - phi = [-0.17005606  0.47041942  0.05188492 -0.21794386]
2025-12-13 21:20:47,406 - INFO - num_full_subsets = 2
2025-12-13 21:20:47,412 - INFO - phi = [-0.16148355  0.07296771 -0.38065734  0.44684579]
2025-12-13 21:20:47,426 - INFO - num_full_subsets = 2
2025-12-13 21:20:47,432 - INFO - phi = [-0.16659152  0.43504414  0.89816326 -4.61578304]
2025-12-13 21:20:47,447 - INFO - num_full_subsets = 2
2025-12-13 21:20:47,452 - INFO - phi = [-0.15233362  0.02302614 -0.22080477  0.01217563]
2025-12-13 21:20:47,468 - INFO - num_full_subsets = 2
2025-12-13 21:20:47,474 - INFO - phi = [-0.16965631 -0.23916713 -0.77558723  0.34457046]
2025-12-13 21:20:47,488 - INFO - num_full_subsets = 2
2025-12-13 21:20:47,494 - INFO - phi = [-0.17141078 -0.17465926 -0.042146    0.57468995]
2025-12-13 21:20:47,509 - INFO - num_full_subsets = 2
2025-12-13 21:20:47,514 - INFO - phi = [-0.16965631 -0.32448399  0.2023344  -1.0361465 ]
2025-12-13 21:20:47,529 - INFO - num_full_subsets = 2
2025-12-13 21:20:47,535 - INFO - phi = [-0.16894563 -0.28078511  0.55965193 -0.8827335 ]
2025-12-13 21:20:47,550 - INFO - num_full_subsets = 2
2025-12-13 21:20:47,555 - INFO - phi = [ 0.10590766 -0.18714466 -0.49349445  0.77924061]
2025-12-13 21:20:47,571 - INFO - num_full_subsets = 2
2025-12-13 21:20:47,576 - INFO - phi = [-0.16978956 -0.20587275 -0.44647899  0.24229513]
2025-12-13 21:20:47,591 - INFO - num_full_subsets = 2
2025-12-13 21:20:47,597 - INFO - phi = [-0.16956747 -0.38483006 -0.042146   -0.06453086]
2025-12-13 21:20:47,611 - INFO - num_full_subsets = 2
2025-12-13 21:20:47,617 - INFO - phi = [ 0.10590766 -0.18714466 -0.49349445  0.77924061]
2025-12-13 21:20:47,632 - INFO - num_full_subsets = 2
2025-12-13 21:20:47,637 - INFO - phi = [ 0.60337967 -0.21003455 -0.4276728  -0.83159584]
2025-12-13 21:20:47,652 - INFO - num_full_subsets = 2
2025-12-13 21:20:47,657 - INFO - phi = [-0.16930097  0.28105761 -0.37125425  0.65139645]
2025-12-13 21:20:47,673 - INFO - num_full_subsets = 2
2025-12-13 21:20:47,678 - INFO - phi = [-0.17038919 -0.3140795  -0.63454084  0.80480944]
2025-12-13 21:20:47,693 - INFO - num_full_subsets = 2
2025-12-13 21:20:47,699 - INFO - phi = [-0.16819054 -0.3078368  -0.16438621  0.49798345]
2025-12-13 21:20:47,713 - INFO - num_full_subsets = 2
2025-12-13 21:20:47,719 - INFO - phi = [-0.17092219 -0.18090196  0.2117375  -0.83159584]
2025-12-13 21:20:47,734 - INFO - num_full_subsets = 2
2025-12-13 21:20:47,740 - INFO - phi = [-0.17012269 -0.40355815 -0.77558723 -0.42249452]
2025-12-13 21:20:47,756 - INFO - num_full_subsets = 2
2025-12-13 21:20:47,762 - INFO - phi = [-0.17010048  0.60359695  0.02367564 -0.06453086]
2025-12-13 21:20:47,779 - INFO - num_full_subsets = 2
2025-12-13 21:20:47,785 - INFO - phi = [-0.17096661 -0.37442557 -0.52170373  0.54912112]
2025-12-13 21:20:47,802 - INFO - num_full_subsets = 2
2025-12-13 21:20:47,808 - INFO - phi = [-0.17085557 -0.38066826 -0.09856456 -0.29465036]
2025-12-13 21:20:47,824 - INFO - num_full_subsets = 2
2025-12-13 21:20:47,830 - INFO - phi = [-0.17063348 -0.29535141 -0.5593161  -0.72932051]
2025-12-13 21:20:47,846 - INFO - num_full_subsets = 2
2025-12-13 21:20:47,852 - INFO - phi = [-0.1704114  -0.37234467 -0.09856456 -0.16680619]
2025-12-13 21:20:47,868 - INFO - num_full_subsets = 2
2025-12-13 21:20:47,874 - INFO - phi = [ 0.70553911  0.12499019  0.57845811 -1.01057766]
2025-12-13 21:20:47,892 - INFO - num_full_subsets = 2
2025-12-13 21:20:47,898 - INFO - phi = [-0.16850146  2.16219029  0.24934987  0.62582761]
2025-12-13 21:20:47,914 - INFO - num_full_subsets = 2
2025-12-13 21:20:47,920 - INFO - phi = [-0.16614735  0.83457674  0.13651276  0.47241462]
2025-12-13 21:20:47,936 - INFO - num_full_subsets = 2
2025-12-13 21:20:47,942 - INFO - phi = [-0.16494809 -0.16217387  0.43741172 -0.34578802]
2025-12-13 21:20:47,958 - INFO - num_full_subsets = 2
2025-12-13 21:20:47,964 - INFO - phi = [-0.16965631  0.17285086 -0.58752538  0.34457046]
2025-12-13 21:20:47,980 - INFO - num_full_subsets = 2
2025-12-13 21:20:47,986 - INFO - phi = [-0.17025594 -0.35569748  0.19293131  0.29343279]
2025-12-13 21:20:48,003 - INFO - num_full_subsets = 2
2025-12-13 21:20:48,008 - INFO - phi = [-0.15639779  0.11666659 -0.45588208  0.54912112]
2025-12-13 21:20:48,023 - INFO - num_full_subsets = 2
2025-12-13 21:20:48,030 - INFO - phi = [-0.15908503  0.81376775 -0.01393673  0.80480944]
2025-12-13 21:20:48,045 - INFO - num_full_subsets = 2
2025-12-13 21:20:48,051 - INFO - phi = [-0.17032256 -0.35569748 -0.23961095 -0.0133932 ]
2025-12-13 21:20:48,065 - INFO - num_full_subsets = 2
2025-12-13 21:20:48,071 - INFO - phi = [-0.16821275 -0.32656489  0.31517152 -0.29465036]
2025-12-13 21:20:48,086 - INFO - num_full_subsets = 2
2025-12-13 21:20:48,091 - INFO - phi = [-0.17063348 -0.3140795   0.05188492 -0.49920102]
2025-12-13 21:20:48,107 - INFO - num_full_subsets = 2
2025-12-13 21:20:48,112 - INFO - phi = [-0.17089999 -0.35361658 -0.08916147 -0.78045817]
2025-12-13 21:20:48,127 - INFO - num_full_subsets = 2
2025-12-13 21:20:48,133 - INFO - phi = [ 0.59449625  0.35805087 -0.01393673 -0.75488934]
2025-12-13 21:20:48,147 - INFO - num_full_subsets = 2
2025-12-13 21:20:48,153 - INFO - phi = [-0.16894563  1.47549363  0.31517152  0.39570812]
2025-12-13 21:20:48,168 - INFO - num_full_subsets = 2
2025-12-13 21:20:48,174 - INFO - phi = [-0.13283449 -0.12471769 -0.46528517  0.16558863]
2025-12-13 21:20:48,189 - INFO - num_full_subsets = 2
2025-12-13 21:20:48,195 - INFO - phi = [-0.15675313  0.27273402 -0.22080477  0.85594711]
2025-12-13 21:20:48,213 - INFO - num_full_subsets = 2
2025-12-13 21:20:48,219 - INFO - phi = [ 0.52120796 -0.19130646  0.71010141 -0.60147635]
2025-12-13 21:20:48,235 - INFO - num_full_subsets = 2
2025-12-13 21:20:48,241 - INFO - phi = [ 0.63669253  0.13331378 -0.57812229 -0.52476985]
2025-12-13 21:20:48,255 - INFO - num_full_subsets = 2
2025-12-13 21:20:48,261 - INFO - phi = [ 0.60782139  0.03759243  0.69129522 -0.65261401]
2025-12-13 21:20:48,276 - INFO - num_full_subsets = 2
2025-12-13 21:20:48,281 - INFO - phi = [-0.16923434 -0.32032219  0.39979935 -1.01057766]
2025-12-13 21:20:48,296 - INFO - num_full_subsets = 2
2025-12-13 21:20:48,302 - INFO - phi = [ 0.72330596 -0.12471769  0.64427976 -0.93387117]
2025-12-13 21:20:48,317 - INFO - num_full_subsets = 2
2025-12-13 21:20:48,323 - INFO - phi = [-0.15379939 -0.07269521 -0.67215321  0.60025878]
2025-12-13 21:20:48,339 - INFO - num_full_subsets = 2
2025-12-13 21:20:48,345 - INFO - phi = [ 0.5034411   0.1041812  -0.36185116 -0.16680619]
2025-12-13 21:20:48,361 - INFO - num_full_subsets = 2
2025-12-13 21:20:48,367 - INFO - phi = [-0.15757484  0.02510704  0.31517152  0.67696528]
2025-12-13 21:20:48,383 - INFO - num_full_subsets = 2
2025-12-13 21:20:48,388 - INFO - phi = [-0.04844192 -0.07893791  0.06128801  1.18834193]
2025-12-13 21:20:48,403 - INFO - num_full_subsets = 2
2025-12-13 21:20:48,408 - INFO - phi = [ 0.28579709 -0.04772443  0.65368285  0.80480944]
2025-12-13 21:20:48,424 - INFO - num_full_subsets = 2
2025-12-13 21:20:48,429 - INFO - phi = [ 0.36130624  0.15204187  0.39039626 -0.42249452]
2025-12-13 21:20:48,444 - INFO - num_full_subsets = 2
2025-12-13 21:20:48,450 - INFO - phi = [-0.16665815 -0.14968848  0.01427255  1.0093601 ]
2025-12-13 21:20:48,464 - INFO - num_full_subsets = 2
2025-12-13 21:20:48,470 - INFO - phi = [-0.16970072 -0.35569748  0.53144265  0.01217563]
2025-12-13 21:20:48,485 - INFO - num_full_subsets = 2
2025-12-13 21:20:48,490 - INFO - phi = [ 0.26136766 -0.02483454  0.69129522  0.60025878]
2025-12-13 21:20:48,505 - INFO - num_full_subsets = 2
2025-12-13 21:20:48,510 - INFO - phi = [-0.15775251  0.07088681 -0.38065734 -0.03896203]
2025-12-13 21:20:48,526 - INFO - num_full_subsets = 2
2025-12-13 21:20:48,531 - INFO - phi = [ 0.09480337 -0.1101514  -0.5593161   0.90708477]
2025-12-13 21:20:48,546 - INFO - num_full_subsets = 2
2025-12-13 21:20:48,551 - INFO - phi = [ 0.76106054  0.13539468 -0.02333982 -1.11285299]
2025-12-13 21:20:48,566 - INFO - num_full_subsets = 2
2025-12-13 21:20:48,572 - INFO - phi = [-0.16841263 -0.37442557 -0.21140167  0.29343279]
2025-12-13 21:20:48,586 - INFO - num_full_subsets = 2
2025-12-13 21:20:48,592 - INFO - phi = [-0.16992281 -0.01443004 -0.19259549  0.1400198 ]
2025-12-13 21:20:48,606 - INFO - num_full_subsets = 2
2025-12-13 21:20:48,612 - INFO - phi = [-0.15246687 -0.03315813 -0.41826971  0.57468995]
2025-12-13 21:20:48,627 - INFO - num_full_subsets = 2
2025-12-13 21:20:48,633 - INFO - phi = [-0.15451006 -0.23500534 -0.03274291  0.39570812]
2025-12-13 21:20:48,648 - INFO - num_full_subsets = 2
2025-12-13 21:20:48,653 - INFO - phi = [ 0.14144137  0.17493176 -0.4370759   0.54912112]
2025-12-13 21:20:48,668 - INFO - num_full_subsets = 2
2025-12-13 21:20:48,674 - INFO - phi = [-0.1699006  -0.37650647 -0.29602951 -0.98500883]
2025-12-13 21:20:48,689 - INFO - num_full_subsets = 2
2025-12-13 21:20:48,694 - INFO - phi = [-0.16887901 -0.36402107  0.7195045  -2.21231279]
2025-12-13 21:20:48,709 - INFO - num_full_subsets = 2
2025-12-13 21:20:48,714 - INFO - phi = [-0.16694686  0.01470254  0.54084574  0.57468995]
2025-12-13 21:20:48,730 - INFO - num_full_subsets = 2
2025-12-13 21:20:48,736 - INFO - phi = [-0.17025594  5.22111179  0.26815605 -0.14123736]
2025-12-13 21:20:48,750 - INFO - num_full_subsets = 2
2025-12-13 21:20:48,756 - INFO - phi = [-0.01002109  0.23735873  0.44681481  0.49798345]
2025-12-13 21:20:48,771 - INFO - num_full_subsets = 2
2025-12-13 21:20:48,776 - INFO - phi = [ 0.52787053  0.63064864  0.30576842 -0.06453086]
2025-12-13 21:20:48,791 - INFO - num_full_subsets = 2
2025-12-13 21:20:48,797 - INFO - phi = [-0.16656931 -0.21003455  0.81353543 -1.64979848]
2025-12-13 21:20:48,811 - INFO - num_full_subsets = 2
2025-12-13 21:20:48,817 - INFO - phi = [-0.01557323 -0.20795365 -0.54991301  0.52355228]
2025-12-13 21:20:48,832 - INFO - num_full_subsets = 2
2025-12-13 21:20:48,838 - INFO - phi = [-0.16512576  0.41839694  0.55024883  0.95822244]
2025-12-13 21:20:48,853 - INFO - num_full_subsets = 2
2025-12-13 21:20:48,858 - INFO - phi = [-0.16894563 -0.15593117  0.40920244  0.16558863]
2025-12-13 21:20:48,873 - INFO - num_full_subsets = 2
2025-12-13 21:20:48,879 - INFO - phi = [-0.16692465 -0.32240309  0.37159007 -0.06453086]
2025-12-13 21:20:48,893 - INFO - num_full_subsets = 2
2025-12-13 21:20:48,899 - INFO - phi = [ 0.6122631   0.11458569 -0.35244806 -0.67818284]
2025-12-13 21:20:48,914 - INFO - num_full_subsets = 2
2025-12-13 21:20:48,919 - INFO - phi = [ 0.49233681 -0.13096039  0.60666739 -0.06453086]
2025-12-13 21:20:48,935 - INFO - num_full_subsets = 2
2025-12-13 21:20:48,940 - INFO - phi = [-0.14882467  0.24360143 -0.25841714  0.9326536 ]
2025-12-13 21:20:48,955 - INFO - num_full_subsets = 2
2025-12-13 21:20:48,961 - INFO - phi = [-0.16892342 -0.32656489 -0.28662641 -0.72932051]
2025-12-13 21:20:48,975 - INFO - num_full_subsets = 2
2025-12-13 21:20:48,981 - INFO - phi = [-0.17005606 -0.24124803 -0.02333982  0.1400198 ]
2025-12-13 21:20:48,996 - INFO - num_full_subsets = 2
2025-12-13 21:20:49,001 - INFO - phi = [ 0.59449625  0.35805087 -0.01393673 -0.75488934]
2025-12-13 21:20:49,016 - INFO - num_full_subsets = 2
2025-12-13 21:20:49,022 - INFO - phi = [-0.04333395 -0.19546825 -0.48409136  0.49798345]
2025-12-13 21:20:49,037 - INFO - num_full_subsets = 2
2025-12-13 21:20:49,043 - INFO - phi = [-0.16981177 -0.33905028  0.26815605  0.19115746]
2025-12-13 21:20:49,058 - INFO - num_full_subsets = 2
2025-12-13 21:20:49,063 - INFO - phi = [-0.03533886  0.44128683  0.48442718  0.80480944]
2025-12-13 21:20:49,078 - INFO - num_full_subsets = 2
2025-12-13 21:20:49,084 - INFO - phi = [-0.17047802 -0.35569748 -0.48409136  0.0633133 ]
2025-12-13 21:20:49,098 - INFO - num_full_subsets = 2
2025-12-13 21:20:49,104 - INFO - phi = [ 0.40350252  0.16244637 -0.03274291  0.24229513]
2025-12-13 21:20:49,119 - INFO - num_full_subsets = 2
2025-12-13 21:20:49,124 - INFO - phi = [-0.16981177 -0.22668174 -0.54050992  0.11445096]
2025-12-13 21:20:49,139 - INFO - num_full_subsets = 2
2025-12-13 21:20:49,145 - INFO - phi = [ 0.0010832  -0.12263679  0.52203955  0.65139645]
2025-12-13 21:20:49,160 - INFO - num_full_subsets = 2
2025-12-13 21:20:49,165 - INFO - phi = [ 0.29245966  0.34556548 -0.21140167  0.37013929]
2025-12-13 21:20:49,181 - INFO - num_full_subsets = 2
2025-12-13 21:20:49,187 - INFO - phi = [-0.17107765 -0.26829972  0.18352822 -0.21794386]
2025-12-13 21:20:49,203 - INFO - num_full_subsets = 2
2025-12-13 21:20:49,209 - INFO - phi = [-0.15888515  0.02926884  0.70069832  0.24229513]
2025-12-13 21:20:49,225 - INFO - num_full_subsets = 2
2025-12-13 21:20:49,231 - INFO - phi = [-0.17138857  0.17076997 -0.35244806  0.54912112]
2025-12-13 21:20:49,246 - INFO - num_full_subsets = 2
2025-12-13 21:20:49,252 - INFO - phi = [0.37241052 0.02926884 0.67248904 0.75367178]
2025-12-13 21:20:49,267 - INFO - num_full_subsets = 2
2025-12-13 21:20:49,272 - INFO - phi = [-0.17072232 -0.2995132   0.42800863  0.34457046]
2025-12-13 21:20:49,287 - INFO - num_full_subsets = 2
2025-12-13 21:20:49,293 - INFO - phi = [ 0.43681538  0.34764638  0.50323337 -0.26908152]
2025-12-13 21:20:49,307 - INFO - num_full_subsets = 2
2025-12-13 21:20:49,313 - INFO - phi = [-0.17138857  0.17076997 -0.35244806  0.54912112]
2025-12-13 21:20:49,328 - INFO - num_full_subsets = 2
2025-12-13 21:20:49,333 - INFO - phi = [-0.12617192  0.11250479 -0.4276728   0.54912112]
2025-12-13 21:20:49,349 - INFO - num_full_subsets = 2
2025-12-13 21:20:49,354 - INFO - phi = [-0.16739103  0.0958576   0.47502409  0.75367178]
2025-12-13 21:20:49,369 - INFO - num_full_subsets = 2
2025-12-13 21:20:49,375 - INFO - phi = [ 0.66556368  0.00637895  0.23994678 -0.39692569]
2025-12-13 21:20:49,389 - INFO - num_full_subsets = 2
2025-12-13 21:20:49,395 - INFO - phi = [ 0.53231224 -0.08726151 -0.22080477 -0.78045817]
2025-12-13 21:20:49,410 - INFO - num_full_subsets = 2
2025-12-13 21:20:49,415 - INFO - phi = [-0.16998943 -0.28286601 -0.57812229  0.75367178]
2025-12-13 21:20:49,430 - INFO - num_full_subsets = 2
2025-12-13 21:20:49,435 - INFO - phi = [ 0.25026338 -0.11431319 -0.37125425 -0.0133932 ]
2025-12-13 21:20:49,451 - INFO - num_full_subsets = 2
2025-12-13 21:20:49,457 - INFO - phi = [ 0.46346567  0.01470254  0.36218698 -0.0900997 ]
2025-12-13 21:20:49,471 - INFO - num_full_subsets = 2
2025-12-13 21:20:49,477 - INFO - phi = [0.15920823 0.25192503 0.5878612  0.52355228]
2025-12-13 21:20:49,491 - INFO - num_full_subsets = 2
2025-12-13 21:20:49,497 - INFO - phi = [-0.16585864  0.17909356  0.26815605  0.67696528]
2025-12-13 21:20:49,512 - INFO - num_full_subsets = 2
2025-12-13 21:20:49,518 - INFO - phi = [-0.1701671  -0.03523903 -0.38065734  0.49798345]
2025-12-13 21:20:49,532 - INFO - num_full_subsets = 2
2025-12-13 21:20:49,538 - INFO - phi = [-0.17129974 -0.34321208 -0.6909594  -0.70375167]
2025-12-13 21:20:49,553 - INFO - num_full_subsets = 2
2025-12-13 21:20:49,559 - INFO - phi = [-0.1704114  -0.40563905 -0.60633156 -0.14123736]
2025-12-13 21:20:49,573 - INFO - num_full_subsets = 2
2025-12-13 21:20:49,579 - INFO - phi = [-0.16972293 -0.12055589  0.15531894  1.06049777]
2025-12-13 21:20:49,593 - INFO - num_full_subsets = 2
2025-12-13 21:20:49,599 - INFO - phi = [-0.17018931 -0.33905028  0.36218698 -1.49638548]
2025-12-13 21:20:50,096 - INFO - Computing feature importance...
2025-12-13 21:20:50,506 - INFO - Experiment completed for ElasticNet
2025-12-13 21:20:50,506 - INFO - Total time: 15.44s (0.26 min)
2025-12-13 21:20:50,506 - INFO - Starting comprehensive experiment for ElasticNet
2025-12-13 21:20:59,134 - INFO - Performing feature analysis...
2025-12-13 21:21:00,302 - INFO - Model justification: Linear model with L1 and L2 regularization for handling multicollinearity
2025-12-13 21:21:00,302 - INFO - Performing robust cross-validation...
2025-12-13 21:21:00,335 - INFO - CV Results - MSE: 2.7659 ± 0.4125
2025-12-13 21:21:00,335 - INFO - Starting hyperparameter optimization...
2025-12-13 21:21:00,911 - INFO - Best parameters for ElasticNet: {'alpha': 0.022706212560545135, 'l1_ratio': 0.1017665558828088}
2025-12-13 21:21:00,911 - INFO - ⏱️ HPO took 0.58 seconds
2025-12-13 21:21:00,911 - INFO - Training final model...
2025-12-13 21:21:00,912 - INFO - ⏱️ Training took 0.00 seconds
2025-12-13 21:21:00,912 - INFO - Performing residual analysis...
2025-12-13 21:21:01,911 - INFO - Generating XAI explanations...
2025-12-13 21:21:01,911 - WARNING - Using 168 background data samples could cause slower run times. Consider using shap.sample(data, K) or shap.kmeans(data, K) to summarize the background as K samples.
2025-12-13 21:21:01,926 - INFO - num_full_subsets = 2
2025-12-13 21:21:01,931 - INFO - phi = [-0.16272278  0.00311303  0.45834676  0.54372177]
2025-12-13 21:21:01,946 - INFO - num_full_subsets = 2
2025-12-13 21:21:01,952 - INFO - phi = [ 0.54099301  0.018758   -0.25178778 -0.87537871]
2025-12-13 21:21:01,966 - INFO - num_full_subsets = 2
2025-12-13 21:21:01,972 - INFO - phi = [0.30228999 0.06792789 0.17429294 0.51882527]
2025-12-13 21:21:01,987 - INFO - num_full_subsets = 2
2025-12-13 21:21:01,992 - INFO - phi = [-0.14087784 -0.03935188  0.49779868  0.54372177]
2025-12-13 21:21:02,007 - INFO - num_full_subsets = 2
2025-12-13 21:21:02,013 - INFO - phi = [ 0.56510442  0.09921782 -0.29913008 -0.17827672]
2025-12-13 21:21:02,028 - INFO - num_full_subsets = 2
2025-12-13 21:21:02,034 - INFO - phi = [-0.1650857  -0.43494604 -0.32280124 -0.07869072]
2025-12-13 21:21:02,049 - INFO - num_full_subsets = 2
2025-12-13 21:21:02,054 - INFO - phi = [-0.16633949  0.40988216 -0.02296665  0.07068828]
2025-12-13 21:21:02,069 - INFO - num_full_subsets = 2
2025-12-13 21:21:02,075 - INFO - phi = [-0.16665294 -0.28296636 -0.70153966  0.96696226]
2025-12-13 21:21:02,089 - INFO - num_full_subsets = 2
2025-12-13 21:21:02,095 - INFO - phi = [-0.16378368 -0.37683616  0.5845929  -0.67620671]
2025-12-13 21:21:02,110 - INFO - num_full_subsets = 2
2025-12-13 21:21:02,115 - INFO - phi = [ 0.62056068  0.24896251 -0.27545893 -0.32765572]
2025-12-13 21:21:02,131 - INFO - num_full_subsets = 2
2025-12-13 21:21:02,137 - INFO - phi = [-0.16354257 -0.0304119   0.39522369  0.19517077]
2025-12-13 21:21:02,151 - INFO - num_full_subsets = 2
2025-12-13 21:21:02,157 - INFO - phi = [-0.16718339 -0.33660625 -0.49638968 -0.27786272]
2025-12-13 21:21:02,171 - INFO - num_full_subsets = 2
2025-12-13 21:21:02,177 - INFO - phi = [ 0.76281803 -0.20697652  0.41889484 -0.70110321]
2025-12-13 21:21:02,192 - INFO - num_full_subsets = 2
2025-12-13 21:21:02,197 - INFO - phi = [-0.16520626 -0.40812609  0.02437565 -0.47703471]
2025-12-13 21:21:02,212 - INFO - num_full_subsets = 2
2025-12-13 21:21:02,218 - INFO - phi = [-0.14594123  0.08580785 -0.31491085  0.46903227]
2025-12-13 21:21:02,233 - INFO - num_full_subsets = 2
2025-12-13 21:21:02,238 - INFO - phi = [ 0.84479685  0.13944774  0.50568906 -0.97496471]
2025-12-13 21:21:02,253 - INFO - num_full_subsets = 2
2025-12-13 21:21:02,259 - INFO - phi = [-0.16730395 -0.38577614  0.11906025 -1.77165269]
2025-12-13 21:21:02,274 - INFO - num_full_subsets = 2
2025-12-13 21:21:02,279 - INFO - phi = [ 0.78451831  0.06122291  0.16640256 -0.62641371]
2025-12-13 21:21:02,294 - INFO - num_full_subsets = 2
2025-12-13 21:21:02,300 - INFO - phi = [-0.16631538  5.59507112  0.22952563 -0.15338022]
2025-12-13 21:21:02,315 - INFO - num_full_subsets = 2
2025-12-13 21:21:02,320 - INFO - phi = [-0.1680514  -0.43271104 -0.38592431  0.46903227]
2025-12-13 21:21:02,335 - INFO - num_full_subsets = 2
2025-12-13 21:21:02,341 - INFO - phi = [-0.16788262 -0.13098669  0.27686793 -0.05379422]
2025-12-13 21:21:02,356 - INFO - num_full_subsets = 2
2025-12-13 21:21:02,362 - INFO - phi = [ 0.79898516  0.53057191  0.15851217 -0.70110321]
2025-12-13 21:21:02,377 - INFO - num_full_subsets = 2
2025-12-13 21:21:02,382 - INFO - phi = [-0.16732806 -0.30084632 -0.03085704 -0.17827672]
2025-12-13 21:21:02,397 - INFO - num_full_subsets = 2
2025-12-13 21:21:02,402 - INFO - phi = [-0.11965979  0.51269194 -0.2912397   0.51882527]
2025-12-13 21:21:02,417 - INFO - num_full_subsets = 2
2025-12-13 21:21:02,423 - INFO - phi = [-0.16098676 -0.30531631  0.75818134 -2.16999668]
2025-12-13 21:21:02,438 - INFO - num_full_subsets = 2
2025-12-13 21:21:02,444 - INFO - phi = [ 0.60127155  0.09698283 -0.36225315 -0.55172421]
2025-12-13 21:21:02,459 - INFO - num_full_subsets = 2
2025-12-13 21:21:02,464 - INFO - phi = [ 0.01970419 -0.14439666  0.44256599  0.61841127]
2025-12-13 21:21:02,479 - INFO - num_full_subsets = 2
2025-12-13 21:21:02,485 - INFO - phi = [ 0.31675684 -0.10193175  0.00859488  0.81758326]
2025-12-13 21:21:02,500 - INFO - num_full_subsets = 2
2025-12-13 21:21:02,505 - INFO - phi = [-0.16412124 -0.32766627  0.56092175 -0.27786272]
2025-12-13 21:21:02,520 - INFO - num_full_subsets = 2
2025-12-13 21:21:02,526 - INFO - phi = [-0.16489281 -0.31425629  0.47412752 -0.87537871]
2025-12-13 21:21:02,541 - INFO - num_full_subsets = 2
2025-12-13 21:21:02,547 - INFO - phi = [ 0.63502753 -0.14663165  0.0953891  -0.67620671]
2025-12-13 21:21:02,561 - INFO - num_full_subsets = 2
2025-12-13 21:21:02,567 - INFO - phi = [-0.16472403 -0.34107624  0.35577177  0.61841127]
2025-12-13 21:21:02,582 - INFO - num_full_subsets = 2
2025-12-13 21:21:02,588 - INFO - phi = [-0.16665294  0.21543758 -0.15710318 -0.22806972]
2025-12-13 21:21:02,602 - INFO - num_full_subsets = 2
2025-12-13 21:21:02,609 - INFO - phi = [-0.06492688 -0.14886665 -0.11765126  1.24082375]
2025-12-13 21:21:02,624 - INFO - num_full_subsets = 2
2025-12-13 21:21:02,629 - INFO - phi = [-0.10567517  0.45011208  0.15851217  0.61841127]
2025-12-13 21:21:02,645 - INFO - num_full_subsets = 2
2025-12-13 21:21:02,650 - INFO - phi = [-0.16667705 -0.3589562   0.18218332 -0.37744872]
2025-12-13 21:21:02,665 - INFO - num_full_subsets = 2
2025-12-13 21:21:02,671 - INFO - phi = [-0.15397034  0.018758    0.59248328  0.22006727]
2025-12-13 21:21:02,686 - INFO - num_full_subsets = 2
2025-12-13 21:21:02,691 - INFO - phi = [-0.13653778  0.1126278   0.48201791  0.71799726]
2025-12-13 21:21:02,706 - INFO - num_full_subsets = 2
2025-12-13 21:21:02,712 - INFO - phi = [ 0.05683577 -0.0281769  -0.26756855  0.96696226]
2025-12-13 21:21:02,726 - INFO - num_full_subsets = 2
2025-12-13 21:21:02,732 - INFO - phi = [-0.16650827 -0.4036561   0.46623714 -2.89199517]
2025-12-13 21:21:02,747 - INFO - num_full_subsets = 2
2025-12-13 21:21:02,753 - INFO - phi = [-0.16465169  1.81792916  0.11116987  0.81758326]
2025-12-13 21:21:02,768 - INFO - num_full_subsets = 2
2025-12-13 21:21:02,774 - INFO - phi = [ 0.26371172 -0.11757671 -0.20444548  0.56861827]
2025-12-13 21:21:02,788 - INFO - num_full_subsets = 2
2025-12-13 21:21:02,794 - INFO - phi = [-0.15061885  0.03887295 -0.31491085  0.22006727]
2025-12-13 21:21:02,809 - INFO - num_full_subsets = 2
2025-12-13 21:21:02,815 - INFO - phi = [-0.16489281 -0.34554623 -0.49638968  0.31965327]
2025-12-13 21:21:02,829 - INFO - num_full_subsets = 2
2025-12-13 21:21:02,835 - INFO - phi = [-0.16501336 -0.39695112  0.24530639 -1.2737227 ]
2025-12-13 21:21:02,850 - INFO - num_full_subsets = 2
2025-12-13 21:21:02,856 - INFO - phi = [ 0.33604597  0.35847727 -0.17288394  0.34454977]
2025-12-13 21:21:02,871 - INFO - num_full_subsets = 2
2025-12-13 21:21:02,876 - INFO - phi = [-0.16595371 -0.29190634 -0.28334932 -0.02889772]
2025-12-13 21:21:02,891 - INFO - num_full_subsets = 2
2025-12-13 21:21:02,897 - INFO - phi = [-0.14700214 -0.04829186 -0.34647239  0.54372177]
2025-12-13 21:21:02,911 - INFO - num_full_subsets = 2
2025-12-13 21:21:02,917 - INFO - phi = [-0.16643594 -0.41930107 -0.46482814 -0.37744872]
2025-12-13 21:21:02,932 - INFO - num_full_subsets = 2
2025-12-13 21:21:02,938 - INFO - phi = [-0.11845422  0.10815781 -0.35436277  0.51882527]
2025-12-13 21:21:02,953 - INFO - num_full_subsets = 2
2025-12-13 21:21:02,959 - INFO - phi = [-0.16619482 -0.41259609 -0.29913008 -0.10358722]
2025-12-13 21:21:02,973 - INFO - num_full_subsets = 2
2025-12-13 21:21:02,979 - INFO - phi = [-0.13267996  0.40988216  0.47412752  0.66820426]
2025-12-13 21:21:02,994 - INFO - num_full_subsets = 2
2025-12-13 21:21:02,999 - INFO - phi = [-0.13870781  0.02322799  0.52146983  0.49392877]
2025-12-13 21:21:03,014 - INFO - num_full_subsets = 2
2025-12-13 21:21:03,020 - INFO - phi = [-0.16395246 -0.36789618  0.67138712 -1.92103169]
2025-12-13 21:21:03,034 - INFO - num_full_subsets = 2
2025-12-13 21:21:03,040 - INFO - phi = [-0.1300277   0.07463288  0.03226603  0.56861827]
2025-12-13 21:21:03,055 - INFO - num_full_subsets = 2
2025-12-13 21:21:03,061 - INFO - phi = [-0.15245132  0.52386692 -0.06241857  0.76779026]
2025-12-13 21:21:03,076 - INFO - num_full_subsets = 2
2025-12-13 21:21:03,081 - INFO - phi = [-0.1657126  -0.4036561  -0.18077433 -0.92517171]
2025-12-13 21:21:03,096 - INFO - num_full_subsets = 2
2025-12-13 21:21:03,102 - INFO - phi = [-0.16711106  0.04781293 -0.30702047  0.26986027]
2025-12-13 21:21:03,117 - INFO - num_full_subsets = 2
2025-12-13 21:21:03,122 - INFO - phi = [-0.16730395  0.17520766 -0.03085704  0.61841127]
2025-12-13 21:21:03,137 - INFO - num_full_subsets = 2
2025-12-13 21:21:03,143 - INFO - phi = [-0.16416946 -0.37683616  0.41100445 -0.00400122]
2025-12-13 21:21:03,158 - INFO - num_full_subsets = 2
2025-12-13 21:21:03,164 - INFO - phi = [-0.1367789   0.11486279  0.52146983  0.61841127]
2025-12-13 21:21:03,179 - INFO - num_full_subsets = 2
2025-12-13 21:21:03,184 - INFO - phi = [ 7.96574017e-01 -9.74617567e-02  7.04498549e-04 -7.25999710e-01]
2025-12-13 21:21:03,199 - INFO - num_full_subsets = 2
2025-12-13 21:21:03,205 - INFO - phi = [-0.16573671 -0.43047605 -0.44115699 -0.17827672]
2025-12-13 21:21:03,220 - INFO - num_full_subsets = 2
2025-12-13 21:21:03,225 - INFO - phi = [ 0.26371172 -0.11757671 -0.20444548  0.56861827]
2025-12-13 21:21:03,240 - INFO - num_full_subsets = 2
2025-12-13 21:21:03,246 - INFO - phi = [-0.16115554  0.19085263  0.63982558 -2.04551419]
2025-12-13 21:21:03,261 - INFO - num_full_subsets = 2
2025-12-13 21:21:03,267 - INFO - phi = [-0.14618235  0.04557794  0.15851217  0.54372177]
2025-12-13 21:21:03,282 - INFO - num_full_subsets = 2
2025-12-13 21:21:03,287 - INFO - phi = [ 0.14797693  0.40764717 -0.18077433  0.76779026]
2025-12-13 21:21:03,302 - INFO - num_full_subsets = 2
2025-12-13 21:21:03,308 - INFO - phi = [-0.11146191  0.00981801 -0.2912397   0.56861827]
2025-12-13 21:21:03,323 - INFO - num_full_subsets = 2
2025-12-13 21:21:03,328 - INFO - phi = [-0.16060098  0.19085263 -0.2438974   0.41923927]
2025-12-13 21:21:03,343 - INFO - num_full_subsets = 2
2025-12-13 21:21:03,349 - INFO - phi = [-0.16568848 -0.22485649  0.07171795  0.69310076]
2025-12-13 21:21:03,364 - INFO - num_full_subsets = 2
2025-12-13 21:21:03,370 - INFO - phi = [ 0.6277941  -0.02594191 -0.27545893 -0.42724172]
2025-12-13 21:21:03,385 - INFO - num_full_subsets = 2
2025-12-13 21:21:03,390 - INFO - phi = [-0.1619271   0.24225752  0.48990829  0.36944627]
2025-12-13 21:21:03,405 - INFO - num_full_subsets = 2
2025-12-13 21:21:03,411 - INFO - phi = [-0.16349435 -0.31872629  0.50568906  0.02089528]
2025-12-13 21:21:03,426 - INFO - num_full_subsets = 2
2025-12-13 21:21:03,431 - INFO - phi = [-0.10157623 -0.05946684  0.30842946  0.71799726]
2025-12-13 21:21:03,446 - INFO - num_full_subsets = 2
2025-12-13 21:21:03,452 - INFO - phi = [-0.16703872 -0.20697652  0.18218332 -0.82558571]
2025-12-13 21:21:03,467 - INFO - num_full_subsets = 2
2025-12-13 21:21:03,473 - INFO - phi = [-0.1659296  -0.41706608 -0.2438974  -0.97496471]
2025-12-13 21:21:03,488 - INFO - num_full_subsets = 2
2025-12-13 21:21:03,493 - INFO - phi = [-0.16441058 -0.24944143  0.6792775  -3.36502866]
2025-12-13 21:21:03,508 - INFO - num_full_subsets = 2
2025-12-13 21:21:03,514 - INFO - phi = [-0.16388013 -0.36789618  0.15062179  0.56861827]
2025-12-13 21:21:03,529 - INFO - num_full_subsets = 2
2025-12-13 21:21:03,534 - INFO - phi = [-0.16469992 -0.35225121 -0.29913008  1.26572025]
2025-12-13 21:21:03,549 - INFO - num_full_subsets = 2
2025-12-13 21:21:03,555 - INFO - phi = [-0.14545901 -0.13545668  0.04015642  0.66820426]
2025-12-13 21:21:03,570 - INFO - num_full_subsets = 2
2025-12-13 21:21:03,576 - INFO - phi = [-0.16740039  0.91722608 -0.43326661  0.96696226]
2025-12-13 21:21:03,591 - INFO - num_full_subsets = 2
2025-12-13 21:21:03,596 - INFO - phi = [-0.1657126  -0.16227662  0.37944292 -0.67620671]
2025-12-13 21:21:03,611 - INFO - num_full_subsets = 2
2025-12-13 21:21:03,617 - INFO - phi = [-0.09386058  0.16850268  0.41889484  0.56861827]
2025-12-13 21:21:03,632 - INFO - num_full_subsets = 2
2025-12-13 21:21:03,637 - INFO - phi = [ 7.41117760e-01  2.62372477e-01  7.04498549e-04 -9.00275207e-01]
2025-12-13 21:21:03,652 - INFO - num_full_subsets = 2
2025-12-13 21:21:03,658 - INFO - phi = [-0.16518214 -0.05276185 -0.22811663  0.86737626]
2025-12-13 21:21:03,673 - INFO - num_full_subsets = 2
2025-12-13 21:21:03,679 - INFO - phi = [-0.1646758  -0.32990126 -0.33069162  0.22006727]
2025-12-13 21:21:03,694 - INFO - num_full_subsets = 2
2025-12-13 21:21:03,699 - INFO - phi = [-0.16754506  0.17073767 -0.2912397   0.51882527]
2025-12-13 21:21:03,714 - INFO - num_full_subsets = 2
2025-12-13 21:21:03,720 - INFO - phi = [ 0.61091611  0.05451792 -0.55951275 -0.67620671]
2025-12-13 21:21:03,734 - INFO - num_full_subsets = 2
2025-12-13 21:21:03,740 - INFO - phi = [ 0.60368269 -0.11981171  0.4346756  -0.50193121]
2025-12-13 21:21:03,755 - INFO - num_full_subsets = 2
2025-12-13 21:21:03,760 - INFO - phi = [ 0.2275446  -0.00806195  0.55303136  0.69310076]
2025-12-13 21:21:03,776 - INFO - num_full_subsets = 2
2025-12-13 21:21:03,781 - INFO - phi = [ 0.50723702 -0.01029694  0.17429294 -0.37744872]
2025-12-13 21:21:03,796 - INFO - num_full_subsets = 2
2025-12-13 21:21:03,802 - INFO - phi = [-0.15941952  0.46128705 -0.52795121  0.74289376]
2025-12-13 21:21:03,817 - INFO - num_full_subsets = 2
2025-12-13 21:21:03,822 - INFO - phi = [-0.16334968 -0.32319628  0.67138712 -0.67620671]
2025-12-13 21:21:03,837 - INFO - num_full_subsets = 2
2025-12-13 21:21:03,843 - INFO - phi = [-0.16515803 -0.31872629  0.06382757  0.81758326]
2025-12-13 21:21:03,857 - INFO - num_full_subsets = 2
2025-12-13 21:21:03,863 - INFO - phi = [-0.16523037 -0.43941603 -0.52006083  0.12048127]
2025-12-13 21:21:03,878 - INFO - num_full_subsets = 2
2025-12-13 21:21:03,884 - INFO - phi = [-0.16250578 -0.45729599  0.20585448 -0.00400122]
2025-12-13 21:21:03,899 - INFO - num_full_subsets = 2
2025-12-13 21:21:03,904 - INFO - phi = [-0.16583315 -0.26955639 -0.07030896 -0.72599971]
2025-12-13 21:21:03,919 - INFO - num_full_subsets = 2
2025-12-13 21:21:03,925 - INFO - phi = [-0.1619271  -0.20921152  0.60826405 -2.12020369]
2025-12-13 21:21:03,940 - INFO - num_full_subsets = 2
2025-12-13 21:21:03,945 - INFO - phi = [-0.15539291  0.64902665  0.24530639  1.04165176]
2025-12-13 21:21:03,960 - INFO - num_full_subsets = 2
2025-12-13 21:21:03,965 - INFO - phi = [-0.08204598  0.01428801 -0.49638968  0.17027427]
2025-12-13 21:21:03,981 - INFO - num_full_subsets = 2
2025-12-13 21:21:03,986 - INFO - phi = [ 0.3432794  -0.11087173  0.31631985  0.24496377]
2025-12-13 21:21:04,001 - INFO - num_full_subsets = 2
2025-12-13 21:21:04,007 - INFO - phi = [-0.16682172 -0.31425629  0.30842946 -1.0745507 ]
2025-12-13 21:21:04,022 - INFO - num_full_subsets = 2
2025-12-13 21:21:04,028 - INFO - phi = [-0.16547148 -0.23379647  0.02437565 -0.12848372]
2025-12-13 21:21:04,043 - INFO - num_full_subsets = 2
2025-12-13 21:21:04,048 - INFO - phi = [-0.16602604 -0.31649129 -0.48060891  0.71799726]
2025-12-13 21:21:04,063 - INFO - num_full_subsets = 2
2025-12-13 21:21:04,069 - INFO - phi = [-0.16180655 -0.29190634  0.69505827 -1.4728947 ]
2025-12-13 21:21:04,084 - INFO - num_full_subsets = 2
2025-12-13 21:21:04,090 - INFO - phi = [-0.15992586 -0.15557163  0.42678522  0.61841127]
2025-12-13 21:21:04,105 - INFO - num_full_subsets = 2
2025-12-13 21:21:04,110 - INFO - phi = [-0.16686994 -0.38801114 -0.27545893  0.56861827]
2025-12-13 21:21:04,125 - INFO - num_full_subsets = 2
2025-12-13 21:21:04,131 - INFO - phi = [-0.16580904 -0.23379647 -0.37014354  0.22006727]
2025-12-13 21:21:04,145 - INFO - num_full_subsets = 2
2025-12-13 21:21:04,151 - INFO - phi = [-0.16689405 -0.38577614 -0.74099157 -0.12848372]
2025-12-13 21:21:04,166 - INFO - num_full_subsets = 2
2025-12-13 21:21:04,171 - INFO - phi = [ 0.29264542  0.33165733  0.10327949 -0.57662071]
2025-12-13 21:21:04,187 - INFO - num_full_subsets = 2
2025-12-13 21:21:04,192 - INFO - phi = [ 0.25165602  0.10368781 -0.39381469  0.59351477]
2025-12-13 21:21:04,207 - INFO - num_full_subsets = 2
2025-12-13 21:21:04,213 - INFO - phi = [-0.01983853  0.46128705  0.41100445  0.76779026]
2025-12-13 21:21:04,228 - INFO - num_full_subsets = 2
2025-12-13 21:21:04,233 - INFO - phi = [-0.16617071 -0.39471612  0.06382757 -0.62641371]
2025-12-13 21:21:04,248 - INFO - num_full_subsets = 2
2025-12-13 21:21:04,254 - INFO - phi = [-0.14844882 -0.09075677 -0.55951275  0.56861827]
2025-12-13 21:21:04,269 - INFO - num_full_subsets = 2
2025-12-13 21:21:04,274 - INFO - phi = [-0.00296054 -0.09969675 -0.18866471  0.26986027]
2025-12-13 21:21:04,290 - INFO - num_full_subsets = 2
2025-12-13 21:21:04,295 - INFO - phi = [-0.08108153 -0.22932648 -0.26756855  0.56861827]
2025-12-13 21:21:04,310 - INFO - num_full_subsets = 2
2025-12-13 21:21:04,316 - INFO - phi = [ 0.09975409  0.39647219 -0.03085704 -0.07869072]
2025-12-13 21:21:04,331 - INFO - num_full_subsets = 2
2025-12-13 21:21:04,337 - INFO - phi = [-0.16498925 -0.0751118   0.41889484  0.76779026]
2025-12-13 21:21:04,351 - INFO - num_full_subsets = 2
2025-12-13 21:21:04,357 - INFO - phi = [-0.16363901 -0.06170183 -0.05452819  0.81758326]
2025-12-13 21:21:04,372 - INFO - num_full_subsets = 2
2025-12-13 21:21:04,377 - INFO - phi = [0.19378862 0.14168273 0.17429294 0.14537777]
2025-12-13 21:21:04,393 - INFO - num_full_subsets = 2
2025-12-13 21:21:04,399 - INFO - phi = [-0.16523037 -0.37013118  0.17429294 -0.52682771]
2025-12-13 21:21:04,413 - INFO - num_full_subsets = 2
2025-12-13 21:21:04,419 - INFO - phi = [-0.16597782 -0.2628514  -0.48060891  0.86737626]
2025-12-13 21:21:04,434 - INFO - num_full_subsets = 2
2025-12-13 21:21:04,448 - INFO - phi = [-0.15838272 -0.09969675 -0.33069162  0.41923927]
2025-12-13 21:21:04,463 - INFO - num_full_subsets = 2
2025-12-13 21:21:04,468 - INFO - phi = [-0.16715928 -0.39695112 -0.17288394 -0.02889772]
2025-12-13 21:21:04,483 - INFO - num_full_subsets = 2
2025-12-13 21:21:04,489 - INFO - phi = [-0.16257811 -0.0281769   0.69505827 -1.59737719]
2025-12-13 21:21:04,505 - INFO - num_full_subsets = 2
2025-12-13 21:21:04,510 - INFO - phi = [-0.05238894 -0.23603146 -0.28334932  0.94206576]
2025-12-13 21:21:04,525 - INFO - num_full_subsets = 2
2025-12-13 21:21:04,531 - INFO - phi = [ 0.02018642 -0.15780663 -0.2912397   0.61841127]
2025-12-13 21:21:04,545 - INFO - num_full_subsets = 2
2025-12-13 21:21:04,551 - INFO - phi = [ 0.80380744 -0.14663165  0.54514098 -0.92517171]
2025-12-13 21:21:04,566 - INFO - num_full_subsets = 2
2025-12-13 21:21:04,572 - INFO - phi = [-0.16332557 -0.05499685 -0.03874742  0.69310076]
2025-12-13 21:21:04,587 - INFO - num_full_subsets = 2
2025-12-13 21:21:04,592 - INFO - phi = [ 0.4421362  -0.16227662 -0.46482814 -0.07869072]
2025-12-13 21:21:04,608 - INFO - num_full_subsets = 2
2025-12-13 21:21:04,613 - INFO - phi = [-0.1661466   0.63561668  0.02437565 -0.07869072]
2025-12-13 21:21:04,628 - INFO - num_full_subsets = 2
2025-12-13 21:21:04,635 - INFO - phi = [-0.1659296  -0.41259609 -0.26756855  0.64330777]
2025-12-13 21:21:04,651 - INFO - num_full_subsets = 2
2025-12-13 21:21:04,657 - INFO - phi = [-0.13460887 -0.15557163 -0.2912397   0.31965327]
2025-12-13 21:21:04,674 - INFO - num_full_subsets = 2
2025-12-13 21:21:04,679 - INFO - phi = [ 0.74111776 -0.00582695  0.20585448 -0.40234522]
2025-12-13 21:21:04,696 - INFO - num_full_subsets = 2
2025-12-13 21:21:04,702 - INFO - phi = [-0.16284334  0.13050776  0.35577177  0.86737626]
2025-12-13 21:21:04,719 - INFO - num_full_subsets = 2
2025-12-13 21:21:04,725 - INFO - phi = [-0.14685747  0.01205301 -0.18077433 -0.00400122]
2025-12-13 21:21:04,742 - INFO - num_full_subsets = 2
2025-12-13 21:21:04,748 - INFO - phi = [ 0.1986109  -0.03935188  0.19007371  0.76779026]
2025-12-13 21:21:04,764 - INFO - num_full_subsets = 2
2025-12-13 21:21:04,770 - INFO - phi = [-0.12761656 -0.22038649 -0.0466378  -0.40234522]
2025-12-13 21:21:04,786 - INFO - num_full_subsets = 2
2025-12-13 21:21:04,791 - INFO - phi = [-0.1300277   0.28472243 -0.39381469  0.44413577]
2025-12-13 21:21:04,806 - INFO - num_full_subsets = 2
2025-12-13 21:21:04,812 - INFO - phi = [-0.16672527 -0.35001622  0.0480468  -0.50193121]
2025-12-13 21:21:04,827 - INFO - num_full_subsets = 2
2025-12-13 21:21:04,833 - INFO - phi = [-0.16638771 -0.42377106 -0.08608972  0.29475677]
2025-12-13 21:21:04,848 - INFO - num_full_subsets = 2
2025-12-13 21:21:04,853 - INFO - phi = [ 0.1986109  -0.08181679  0.02437565  0.81758326]
2025-12-13 21:21:04,868 - INFO - num_full_subsets = 2
2025-12-13 21:21:04,874 - INFO - phi = [-0.16484458  0.55739185 -0.44904738  0.36944627]
2025-12-13 21:21:04,889 - INFO - num_full_subsets = 2
2025-12-13 21:21:04,894 - INFO - phi = [-0.1646758  -0.14886665 -0.50428006  0.51882527]
2025-12-13 21:21:04,909 - INFO - num_full_subsets = 2
2025-12-13 21:21:04,915 - INFO - phi = [ 0.10939866  1.99672878  0.20585448 -0.20317322]
2025-12-13 21:21:04,930 - INFO - num_full_subsets = 2
2025-12-13 21:21:04,936 - INFO - phi = [-0.16711106 -0.41259609 -0.25967817  0.02089528]
2025-12-13 21:21:04,951 - INFO - num_full_subsets = 2
2025-12-13 21:21:04,957 - INFO - phi = [-0.16537504  0.48363701  0.0007045   0.46903227]
2025-12-13 21:21:04,971 - INFO - num_full_subsets = 2
2025-12-13 21:21:04,977 - INFO - phi = [ 0.66396123  0.37188724 -0.00718589 -0.75089621]
2025-12-13 21:21:04,992 - INFO - num_full_subsets = 2
2025-12-13 21:21:04,997 - INFO - phi = [-0.16749684  0.00311303  0.16640256 -0.25296622]
2025-12-13 21:21:05,012 - INFO - num_full_subsets = 2
2025-12-13 21:21:05,018 - INFO - phi = [-0.16566437  0.17297267 -0.48849929  0.31965327]
2025-12-13 21:21:05,033 - INFO - num_full_subsets = 2
2025-12-13 21:21:05,039 - INFO - phi = [-0.16564026 -0.39471612 -0.2438974   0.74289376]
2025-12-13 21:21:05,054 - INFO - num_full_subsets = 2
2025-12-13 21:21:05,060 - INFO - phi = [-0.16503748  0.19085263 -0.23600701  0.31965327]
2025-12-13 21:21:05,074 - INFO - num_full_subsets = 2
2025-12-13 21:21:05,080 - INFO - phi = [ 0.84479685  0.13274275 -0.01507627 -1.0994472 ]
2025-12-13 21:21:05,095 - INFO - num_full_subsets = 2
2025-12-13 21:21:05,100 - INFO - phi = [-0.16289156 -0.28743635  0.17429294 -0.25296622]
2025-12-13 21:21:05,115 - INFO - num_full_subsets = 2
2025-12-13 21:21:05,121 - INFO - phi = [0.12386551 0.16850268 0.40311407 0.61841127]
2025-12-13 21:21:05,137 - INFO - num_full_subsets = 2
2025-12-13 21:21:05,142 - INFO - phi = [-0.16658061 -0.42153607 -0.34647239 -1.67206669]
2025-12-13 21:21:05,157 - INFO - num_full_subsets = 2
2025-12-13 21:21:05,162 - INFO - phi = [ 0.68325036  0.1103928  -0.2912397  -0.67620671]
2025-12-13 21:21:05,177 - INFO - num_full_subsets = 2
2025-12-13 21:21:05,183 - INFO - phi = [-0.1633979   0.00758302  0.19007371  0.56861827]
2025-12-13 21:21:05,198 - INFO - num_full_subsets = 2
2025-12-13 21:21:05,203 - INFO - phi = [ 0.14556579  0.07016289 -0.03085704  0.66820426]
2025-12-13 21:21:05,218 - INFO - num_full_subsets = 2
2025-12-13 21:21:05,224 - INFO - phi = [-0.1589614   0.0656929   0.48990829  0.81758326]
2025-12-13 21:21:05,240 - INFO - num_full_subsets = 2
2025-12-13 21:21:05,245 - INFO - phi = [-0.16696639 -0.38801114 -0.48060891 -0.65131021]
2025-12-13 21:21:05,260 - INFO - num_full_subsets = 2
2025-12-13 21:21:05,266 - INFO - phi = [ 0.69048379  0.05675291 -0.52006083 -0.40234522]
2025-12-13 21:21:05,281 - INFO - num_full_subsets = 2
2025-12-13 21:21:05,286 - INFO - phi = [-0.16298801  0.05675291 -0.25967817  0.66820426]
2025-12-13 21:21:05,301 - INFO - num_full_subsets = 2
2025-12-13 21:21:05,307 - INFO - phi = [-0.16730395  0.83453126 -0.26756855  0.41923927]
2025-12-13 21:21:05,321 - INFO - num_full_subsets = 2
2025-12-13 21:21:05,327 - INFO - phi = [-0.14685747  0.01205301 -0.18077433 -0.00400122]
2025-12-13 21:21:05,343 - INFO - num_full_subsets = 2
2025-12-13 21:21:05,349 - INFO - phi = [-0.16732806 -0.39918611  0.25319678 -2.69282317]
2025-12-13 21:21:05,363 - INFO - num_full_subsets = 2
2025-12-13 21:21:05,369 - INFO - phi = [-0.16667705  0.36965225 -0.5358416   0.96696226]
2025-12-13 21:21:05,384 - INFO - num_full_subsets = 2
2025-12-13 21:21:05,389 - INFO - phi = [ 0.32399026  0.00758302 -0.38592431 -0.17827672]
2025-12-13 21:21:05,888 - INFO - Computing feature importance...
2025-12-13 21:21:06,299 - INFO - Experiment completed for ElasticNet
2025-12-13 21:21:06,299 - INFO - Total time: 15.44s (0.26 min)
2025-12-13 21:21:06,299 - INFO - Starting comprehensive experiment for ElasticNet
2025-12-13 21:21:16,161 - INFO - Performing feature analysis...
2025-12-13 21:21:17,326 - INFO - Model justification: Linear model with L1 and L2 regularization for handling multicollinearity
2025-12-13 21:21:17,326 - INFO - Performing robust cross-validation...
2025-12-13 21:21:17,360 - INFO - CV Results - MSE: 2.9552 ± 0.2117
2025-12-13 21:21:17,360 - INFO - Starting hyperparameter optimization...
2025-12-13 21:21:17,935 - INFO - Best parameters for ElasticNet: {'alpha': 0.022706212560545135, 'l1_ratio': 0.1017665558828088}
2025-12-13 21:21:17,935 - INFO - ⏱️ HPO took 0.58 seconds
2025-12-13 21:21:17,935 - INFO - Training final model...
2025-12-13 21:21:17,936 - INFO - ⏱️ Training took 0.00 seconds
2025-12-13 21:21:17,937 - INFO - Performing residual analysis...
2025-12-13 21:21:18,976 - INFO - Generating XAI explanations...
2025-12-13 21:21:18,976 - WARNING - Using 168 background data samples could cause slower run times. Consider using shap.sample(data, K) or shap.kmeans(data, K) to summarize the background as K samples.
2025-12-13 21:21:18,991 - INFO - num_full_subsets = 2
2025-12-13 21:21:18,997 - INFO - phi = [-0.11175479  0.36017672  0.03803052 -0.07621427]
2025-12-13 21:21:19,012 - INFO - num_full_subsets = 2
2025-12-13 21:21:19,018 - INFO - phi = [-0.11023533  0.28540416  0.4094914   0.63511892]
2025-12-13 21:21:19,032 - INFO - num_full_subsets = 2
2025-12-13 21:21:19,038 - INFO - phi = [-0.11167687  1.06541784  0.03803052  0.63511892]
2025-12-13 21:21:19,053 - INFO - num_full_subsets = 2
2025-12-13 21:21:19,059 - INFO - phi = [-0.11113143 -0.27538998  0.028744   -0.22864281]
2025-12-13 21:21:19,073 - INFO - num_full_subsets = 2
2025-12-13 21:21:19,079 - INFO - phi = [-4.05722451e-04 -1.20746749e-01 -4.07722543e-01  3.30261837e-01]
2025-12-13 21:21:19,094 - INFO - num_full_subsets = 2
2025-12-13 21:21:19,100 - INFO - phi = [ 0.31556383  0.38736674  0.32591271 -0.99078551]
2025-12-13 21:21:19,115 - INFO - num_full_subsets = 2
2025-12-13 21:21:19,120 - INFO - phi = [-0.10727434  0.08487777 -0.35200341  0.07621427]
2025-12-13 21:21:19,135 - INFO - num_full_subsets = 2
2025-12-13 21:21:19,141 - INFO - phi = [-0.09710565 -0.11904737 -0.01768861  0.43188086]
2025-12-13 21:21:19,155 - INFO - num_full_subsets = 2
2025-12-13 21:21:19,161 - INFO - phi = [-0.11282621 -0.15473427 -0.36128993 -0.1778333 ]
2025-12-13 21:21:19,176 - INFO - num_full_subsets = 2
2025-12-13 21:21:19,182 - INFO - phi = [-0.10382633  0.11546654 -0.37986298  0.78754746]
2025-12-13 21:21:19,197 - INFO - num_full_subsets = 2
2025-12-13 21:21:19,203 - INFO - phi = [-0.10873536  1.01443656  0.39091836  0.20323805]
2025-12-13 21:21:19,217 - INFO - num_full_subsets = 2
2025-12-13 21:21:19,223 - INFO - phi = [0.15777385 0.17664409 0.13089574 0.66052367]
2025-12-13 21:21:19,238 - INFO - num_full_subsets = 2
2025-12-13 21:21:19,244 - INFO - phi = [ 0.10322917  0.22422662 -0.06412122  0.38107135]
2025-12-13 21:21:19,258 - INFO - num_full_subsets = 2
2025-12-13 21:21:19,264 - INFO - phi = [ 0.66620821 -0.02558168  0.06589009 -0.88916649]
2025-12-13 21:21:19,279 - INFO - num_full_subsets = 2
2025-12-13 21:21:19,284 - INFO - phi = [-0.11155999 -0.20401618 -0.41700907  0.05080951]
2025-12-13 21:21:19,299 - INFO - num_full_subsets = 2
2025-12-13 21:21:19,305 - INFO - phi = [-0.10875484 -0.0527717   0.9109636  -2.2864281 ]
2025-12-13 21:21:19,320 - INFO - num_full_subsets = 2
2025-12-13 21:21:19,325 - INFO - phi = [ 0.06855434  0.02709898 -0.24985167  0.83835697]
2025-12-13 21:21:19,340 - INFO - num_full_subsets = 2
2025-12-13 21:21:19,346 - INFO - phi = [-0.11226128 -0.23460495 -0.14769992 -0.35566659]
2025-12-13 21:21:19,361 - INFO - num_full_subsets = 2
2025-12-13 21:21:19,366 - INFO - phi = [-0.11081974 -0.27538998 -0.26842471 -0.63511892]
2025-12-13 21:21:19,381 - INFO - num_full_subsets = 2
2025-12-13 21:21:19,387 - INFO - phi = [-0.07910591  0.39076549  0.60450837  0.45728562]
2025-12-13 21:21:19,402 - INFO - num_full_subsets = 2
2025-12-13 21:21:19,408 - INFO - phi = [-0.11235868 -0.2668931  -0.44486863  0.38107135]
2025-12-13 21:21:19,422 - INFO - num_full_subsets = 2
2025-12-13 21:21:19,428 - INFO - phi = [ 0.0656323  -0.00688854  0.04731704  0.33026184]
2025-12-13 21:21:19,443 - INFO - num_full_subsets = 2
2025-12-13 21:21:19,448 - INFO - phi = [-0.11044962 -0.21081369  0.48378358  0.48269038]
2025-12-13 21:21:19,463 - INFO - num_full_subsets = 2
2025-12-13 21:21:19,469 - INFO - phi = [ 0.14218966  0.35847734 -0.14769992  0.63511892]
2025-12-13 21:21:19,483 - INFO - num_full_subsets = 2
2025-12-13 21:21:19,489 - INFO - phi = [-0.11105351 -0.27199123 -0.57487994 -0.07621427]
2025-12-13 21:21:19,504 - INFO - num_full_subsets = 2
2025-12-13 21:21:19,510 - INFO - phi = [ 0.50841824  0.05258962 -0.2219921  -0.27945232]
2025-12-13 21:21:19,525 - INFO - num_full_subsets = 2
2025-12-13 21:21:19,530 - INFO - phi = [-0.112047   -0.22270932 -0.78846995 -0.12702378]
2025-12-13 21:21:19,545 - INFO - num_full_subsets = 2
2025-12-13 21:21:19,551 - INFO - phi = [ 0.50062614  0.02709898  0.51164315 -0.78754746]
2025-12-13 21:21:19,565 - INFO - num_full_subsets = 2
2025-12-13 21:21:19,571 - INFO - phi = [-0.10818991  0.2327235   0.64165446  0.22864281]
2025-12-13 21:21:19,586 - INFO - num_full_subsets = 2
2025-12-13 21:21:19,591 - INFO - phi = [-0.11140415  0.38396798 -0.26842471  0.5843094 ]
2025-12-13 21:21:19,607 - INFO - num_full_subsets = 2
2025-12-13 21:21:19,612 - INFO - phi = [ 0.40322492 -0.0238823  -0.39843602 -0.5843094 ]
2025-12-13 21:21:19,627 - INFO - num_full_subsets = 2
2025-12-13 21:21:19,633 - INFO - phi = [-0.11163791 -0.21591182 -0.35200341 -0.07621427]
2025-12-13 21:21:19,647 - INFO - num_full_subsets = 2
2025-12-13 21:21:19,653 - INFO - phi = [-0.11249504 -0.17342741 -0.3055708  -0.43188086]
2025-12-13 21:21:19,668 - INFO - num_full_subsets = 2
2025-12-13 21:21:19,673 - INFO - phi = [-0.11311841 -0.01538542 -0.3055708   0.10161903]
2025-12-13 21:21:19,688 - INFO - num_full_subsets = 2
2025-12-13 21:21:19,694 - INFO - phi = [-0.11202752 -0.18532304 -0.48201472  0.5843094 ]
2025-12-13 21:21:19,709 - INFO - num_full_subsets = 2
2025-12-13 21:21:19,715 - INFO - phi = [-0.1109561  -0.28898499 -0.01768861 -2.59128519]
2025-12-13 21:21:19,730 - INFO - num_full_subsets = 2
2025-12-13 21:21:19,735 - INFO - phi = [-0.10840419 -0.13943989 -0.3891495   0.15242854]
2025-12-13 21:21:19,750 - INFO - num_full_subsets = 2
2025-12-13 21:21:19,756 - INFO - phi = [-0.11136519  0.18174222  0.04731704 -0.38107135]
2025-12-13 21:21:19,770 - INFO - num_full_subsets = 2
2025-12-13 21:21:19,776 - INFO - phi = [-0.11267037 -0.24310184 -0.33343037  0.33026184]
2025-12-13 21:21:19,791 - INFO - num_full_subsets = 2
2025-12-13 21:21:19,796 - INFO - phi = [ 0.43244529  0.04069399  0.27019357 -0.53349989]
2025-12-13 21:21:19,812 - INFO - num_full_subsets = 2
2025-12-13 21:21:19,817 - INFO - phi = [-0.11179375  0.33128732 -0.09198079  0.02540476]
2025-12-13 21:21:19,832 - INFO - num_full_subsets = 2
2025-12-13 21:21:19,838 - INFO - phi = [-0.11193012 -0.25159872 -0.40772254 -0.10161903]
2025-12-13 21:21:19,855 - INFO - num_full_subsets = 2
2025-12-13 21:21:19,860 - INFO - phi = [-0.11146259 -0.15133552 -0.50058776  0.73673794]
2025-12-13 21:21:19,875 - INFO - num_full_subsets = 2
2025-12-13 21:21:19,881 - INFO - phi = [-0.11292361 -0.23460495 -0.33343037 -0.20323805]
2025-12-13 21:21:19,895 - INFO - num_full_subsets = 2
2025-12-13 21:21:19,901 - INFO - phi = [-0.11152103  0.52331683  0.31662618  0.27945232]
2025-12-13 21:21:19,916 - INFO - num_full_subsets = 2
2025-12-13 21:21:19,922 - INFO - phi = [-0.07482025 -0.02218293 -0.39843602  0.43188086]
2025-12-13 21:21:19,937 - INFO - num_full_subsets = 2
2025-12-13 21:21:19,942 - INFO - phi = [-0.01969116 -0.13094301 -0.26842471  0.81295221]
2025-12-13 21:21:19,957 - INFO - num_full_subsets = 2
2025-12-13 21:21:19,963 - INFO - phi = [-0.09850823 -0.11904737 -0.37986298  0.7621427 ]
2025-12-13 21:21:19,977 - INFO - num_full_subsets = 2
2025-12-13 21:21:19,983 - INFO - phi = [ 3.58275303e-02  1.01871534e-01 -2.49851667e-01  1.16573418e-15]
2025-12-13 21:21:19,998 - INFO - num_full_subsets = 2
2025-12-13 21:21:20,003 - INFO - phi = [-0.11173531 -0.25159872  0.26090705  0.12702378]
2025-12-13 21:21:20,019 - INFO - num_full_subsets = 2
2025-12-13 21:21:20,025 - INFO - phi = [0.48114589 0.08487777 0.01017095 0.07621427]
2025-12-13 21:21:20,040 - INFO - num_full_subsets = 2
2025-12-13 21:21:20,046 - INFO - phi = [-0.07618387  0.03729524 -0.3055708  -0.15242854]
2025-12-13 21:21:20,060 - INFO - num_full_subsets = 2
2025-12-13 21:21:20,066 - INFO - phi = [ 0.26296717 -0.06126858  0.04731704  0.20323805]
2025-12-13 21:21:20,081 - INFO - num_full_subsets = 2
2025-12-13 21:21:20,087 - INFO - phi = [-0.11043014 -0.12924363 -0.43558211  0.33026184]
2025-12-13 21:21:20,105 - INFO - num_full_subsets = 2
2025-12-13 21:21:20,110 - INFO - phi = [-0.11041066 -0.06466733 -0.52844733  0.38107135]
2025-12-13 21:21:20,127 - INFO - num_full_subsets = 2
2025-12-13 21:21:20,132 - INFO - phi = [-0.11196908  0.02879836 -0.46344168  0.07621427]
2025-12-13 21:21:20,147 - INFO - num_full_subsets = 2
2025-12-13 21:21:20,153 - INFO - phi = [-0.11231972  0.02030148 -0.33343037  0.02540476]
2025-12-13 21:21:20,167 - INFO - num_full_subsets = 2
2025-12-13 21:21:20,173 - INFO - phi = [-0.11230024 -0.24989934 -0.01768861 -0.939976  ]
2025-12-13 21:21:20,188 - INFO - num_full_subsets = 2
2025-12-13 21:21:20,194 - INFO - phi = [-0.11202752 -0.2244087   0.27948009 -0.53349989]
2025-12-13 21:21:20,208 - INFO - num_full_subsets = 2
2025-12-13 21:21:20,214 - INFO - phi = [ 0.21816261 -0.06806609  0.38163184  0.73673794]
2025-12-13 21:21:20,230 - INFO - num_full_subsets = 2
2025-12-13 21:21:20,235 - INFO - phi = [-0.11202752 -0.2244087   0.27948009 -0.53349989]
2025-12-13 21:21:20,250 - INFO - num_full_subsets = 2
2025-12-13 21:21:20,256 - INFO - phi = [0.14024164 0.10187153 0.028744   0.53349989]
2025-12-13 21:21:20,270 - INFO - num_full_subsets = 2
2025-12-13 21:21:20,276 - INFO - phi = [-0.10856003 -0.05447108  0.79952533 -0.02540476]
2025-12-13 21:21:20,291 - INFO - num_full_subsets = 2
2025-12-13 21:21:20,296 - INFO - phi = [ 0.50452219  0.12226405 -0.43558211 -0.33026184]
2025-12-13 21:21:20,311 - INFO - num_full_subsets = 2
2025-12-13 21:21:20,317 - INFO - phi = [-0.11274829 -0.29408312 -0.31485732  0.1778333 ]
2025-12-13 21:21:20,333 - INFO - num_full_subsets = 2
2025-12-13 21:21:20,339 - INFO - phi = [-0.11173531 -0.19042117 -0.46344168 -0.15242854]
2025-12-13 21:21:20,353 - INFO - num_full_subsets = 2
2025-12-13 21:21:20,359 - INFO - phi = [0.22400668 0.33468607 0.71594663 0.33026184]
2025-12-13 21:21:20,374 - INFO - num_full_subsets = 2
2025-12-13 21:21:20,379 - INFO - phi = [-0.04365186  0.05938713 -0.51916081  0.02540476]
2025-12-13 21:21:20,394 - INFO - num_full_subsets = 2
2025-12-13 21:21:20,400 - INFO - phi = [-0.11109247 -0.17002866  0.16804183 -0.27945232]
2025-12-13 21:21:20,415 - INFO - num_full_subsets = 2
2025-12-13 21:21:20,421 - INFO - phi = [-0.10980677 -0.21761119  0.77166577 -1.80373773]
2025-12-13 21:21:20,437 - INFO - num_full_subsets = 2
2025-12-13 21:21:20,442 - INFO - phi = [-0.10863795  0.74253636  0.50235663  0.5843094 ]
2025-12-13 21:21:20,457 - INFO - num_full_subsets = 2
2025-12-13 21:21:20,463 - INFO - phi = [-0.10723538  0.38056923  0.61379489  0.78754746]
2025-12-13 21:21:20,478 - INFO - num_full_subsets = 2
2025-12-13 21:21:20,483 - INFO - phi = [ 0.47140577  0.3686736   0.55807576 -0.73673794]
2025-12-13 21:21:20,498 - INFO - num_full_subsets = 2
2025-12-13 21:21:20,504 - INFO - phi = [0.35452431 0.08657715 0.26090705 0.22864281]
2025-12-13 21:21:20,519 - INFO - num_full_subsets = 2
2025-12-13 21:21:20,524 - INFO - phi = [-0.11140415  0.38396798 -0.26842471  0.5843094 ]
2025-12-13 21:21:20,540 - INFO - num_full_subsets = 2
2025-12-13 21:21:20,546 - INFO - phi = [ 0.02394458 -0.13094301 -0.4727282   0.35566659]
2025-12-13 21:21:20,561 - INFO - num_full_subsets = 2
2025-12-13 21:21:20,566 - INFO - phi = [ 0.22205866 -0.04257544  0.64165446  0.68592843]
2025-12-13 21:21:20,581 - INFO - num_full_subsets = 2
2025-12-13 21:21:20,587 - INFO - phi = [-0.10008613  0.17324534 -0.37057645  0.33026184]
2025-12-13 21:21:20,602 - INFO - num_full_subsets = 2
2025-12-13 21:21:20,607 - INFO - phi = [-0.11272881  0.17834346 -0.27771123  0.38107135]
2025-12-13 21:21:20,622 - INFO - num_full_subsets = 2
2025-12-13 21:21:20,628 - INFO - phi = [-0.11080026 -0.19381993  0.14018226  0.68592843]
2025-12-13 21:21:20,644 - INFO - num_full_subsets = 2
2025-12-13 21:21:20,650 - INFO - phi = [ 0.57854711  0.15285282 -0.4727282  -0.68592843]
2025-12-13 21:21:20,664 - INFO - num_full_subsets = 2
2025-12-13 21:21:20,670 - INFO - phi = [-0.11089766 -0.25839622  0.10303617 -0.30485708]
2025-12-13 21:21:20,685 - INFO - num_full_subsets = 2
2025-12-13 21:21:20,691 - INFO - phi = [ 0.03855476 -0.06126858  0.58593532  0.48269038]
2025-12-13 21:21:20,705 - INFO - num_full_subsets = 2
2025-12-13 21:21:20,711 - INFO - phi = [ 0.58049514  0.09167528 -0.54702038 -0.55890465]
2025-12-13 21:21:20,726 - INFO - num_full_subsets = 2
2025-12-13 21:21:20,731 - INFO - phi = [-0.10988469 -0.24650059  0.08446313  0.22864281]
2025-12-13 21:21:20,747 - INFO - num_full_subsets = 2
2025-12-13 21:21:20,753 - INFO - phi = [-0.10813147  0.72044447  0.20518792  0.30485708]
2025-12-13 21:21:20,768 - INFO - num_full_subsets = 2
2025-12-13 21:21:20,773 - INFO - phi = [ 0.22595471  0.12736218 -0.39843602  0.45728562]
2025-12-13 21:21:20,788 - INFO - num_full_subsets = 2
2025-12-13 21:21:20,794 - INFO - phi = [-0.1104691  -0.22100995  0.78095229 -0.50809513]
2025-12-13 21:21:20,809 - INFO - num_full_subsets = 2
2025-12-13 21:21:20,814 - INFO - phi = [-0.11000157 -0.23800371  0.54878924 -0.15242854]
2025-12-13 21:21:20,829 - INFO - num_full_subsets = 2
2025-12-13 21:21:20,835 - INFO - phi = [ 0.2571231  -0.05447108 -0.29628428 -0.1778333 ]
2025-12-13 21:21:20,851 - INFO - num_full_subsets = 2
2025-12-13 21:21:20,857 - INFO - phi = [-0.11074182 -0.09015798  0.13089574  0.22864281]
2025-12-13 21:21:20,871 - INFO - num_full_subsets = 2
2025-12-13 21:21:20,877 - INFO - phi = [-0.10996261 -0.20061743  0.72523316 -0.43188086]
2025-12-13 21:21:20,892 - INFO - num_full_subsets = 2
2025-12-13 21:21:20,897 - INFO - phi = [-0.11155999 -0.20401618 -0.41700907  0.05080951]
2025-12-13 21:21:20,912 - INFO - num_full_subsets = 2
2025-12-13 21:21:20,918 - INFO - phi = [-0.08533958  0.21063161  0.23304748  0.1778333 ]
2025-12-13 21:21:20,932 - INFO - num_full_subsets = 2
2025-12-13 21:21:20,938 - INFO - phi = [-0.11208596 -0.15813303  0.45592402 -0.96538076]
2025-12-13 21:21:20,954 - INFO - num_full_subsets = 2
2025-12-13 21:21:20,960 - INFO - phi = [ 0.11296929 -0.17342741 -0.77918343 -0.12702378]
2025-12-13 21:21:20,975 - INFO - num_full_subsets = 2
2025-12-13 21:21:20,981 - INFO - phi = [-0.11023533 -0.29238375  0.03803052 -0.60971416]
2025-12-13 21:21:20,995 - INFO - num_full_subsets = 2
2025-12-13 21:21:21,001 - INFO - phi = [ 0.18309817 -0.01368605  0.09374965  0.68592843]
2025-12-13 21:21:21,016 - INFO - num_full_subsets = 2
2025-12-13 21:21:21,021 - INFO - phi = [-0.11006001 -0.10545236  0.1123227   0.43188086]
2025-12-13 21:21:21,036 - INFO - num_full_subsets = 2
2025-12-13 21:21:21,042 - INFO - phi = [-0.10665097 -0.11224987  0.60450837 -1.39726162]
2025-12-13 21:21:21,058 - INFO - num_full_subsets = 2
2025-12-13 21:21:21,064 - INFO - phi = [-0.1123392  -0.21421244  0.37234532  0.43188086]
2025-12-13 21:21:21,078 - INFO - num_full_subsets = 2
2025-12-13 21:21:21,084 - INFO - phi = [0.06699592 0.17154596 0.39091836 0.22864281]
2025-12-13 21:21:21,099 - INFO - num_full_subsets = 2
2025-12-13 21:21:21,105 - INFO - phi = [-0.11058598  0.3686736   0.52092967  0.68592843]
2025-12-13 21:21:21,119 - INFO - num_full_subsets = 2
2025-12-13 21:21:21,125 - INFO - phi = [ 0.5298465   0.02879836 -0.25913819 -0.5843094 ]
2025-12-13 21:21:21,140 - INFO - num_full_subsets = 2
2025-12-13 21:21:21,145 - INFO - phi = [-0.11134571 -0.14623739 -0.46344168 -0.05080951]
2025-12-13 21:21:21,161 - INFO - num_full_subsets = 2
2025-12-13 21:21:21,167 - INFO - phi = [0.38958875 0.0118046  0.56736228 0.30485708]
2025-12-13 21:21:21,182 - INFO - num_full_subsets = 2
2025-12-13 21:21:21,187 - INFO - phi = [-0.11284569 -0.14963614 -0.02697514  0.60971416]
2025-12-13 21:21:21,202 - INFO - num_full_subsets = 2
2025-12-13 21:21:21,208 - INFO - phi = [ 0.13439756 -0.08505985 -0.36128993  0.05080951]
2025-12-13 21:21:21,222 - INFO - num_full_subsets = 2
2025-12-13 21:21:21,228 - INFO - phi = [-0.11206648 -0.23630433  0.01945747  0.07621427]
2025-12-13 21:21:21,243 - INFO - num_full_subsets = 2
2025-12-13 21:21:21,248 - INFO - phi = [-1.10585979e-01 -8.84586008e-02  4.74497059e-01  1.33226763e-15]
2025-12-13 21:21:21,265 - INFO - num_full_subsets = 2
2025-12-13 21:21:21,270 - INFO - phi = [-0.11187168 -0.29238375 -0.52844733 -0.30485708]
2025-12-13 21:21:21,285 - INFO - num_full_subsets = 2
2025-12-13 21:21:21,291 - INFO - phi = [-0.10053417  0.4468449  -0.00840209  0.63511892]
2025-12-13 21:21:21,305 - INFO - num_full_subsets = 2
2025-12-13 21:21:21,312 - INFO - phi = [-0.04014542 -0.01198667  0.34448575  1.16861881]
2025-12-13 21:21:21,327 - INFO - num_full_subsets = 2
2025-12-13 21:21:21,333 - INFO - phi = [-0.11101454 -0.01878418 -0.65845864  0.1778333 ]
2025-12-13 21:21:21,348 - INFO - num_full_subsets = 2
2025-12-13 21:21:21,353 - INFO - phi = [-0.11278725  0.02030148 -0.49130124 -0.07621427]
2025-12-13 21:21:21,370 - INFO - num_full_subsets = 2
2025-12-13 21:21:21,375 - INFO - phi = [-0.1109561  -0.28898499 -0.01768861 -2.59128519]
2025-12-13 21:21:21,390 - INFO - num_full_subsets = 2
2025-12-13 21:21:21,396 - INFO - phi = [-0.11054702 -0.20061743  0.20518792  0.33026184]
2025-12-13 21:21:21,410 - INFO - num_full_subsets = 2
2025-12-13 21:21:21,416 - INFO - phi = [ 0.63893587 -0.10885112  0.55807576 -0.86376173]
2025-12-13 21:21:21,431 - INFO - num_full_subsets = 2
2025-12-13 21:21:21,437 - INFO - phi = [-0.10914444 -0.21761119  0.37234532 -0.99078551]
2025-12-13 21:21:21,451 - INFO - num_full_subsets = 2
2025-12-13 21:21:21,457 - INFO - phi = [-0.10811199 -0.11055049  0.53950271 -0.10161903]
2025-12-13 21:21:21,473 - INFO - num_full_subsets = 2
2025-12-13 21:21:21,479 - INFO - phi = [-0.11282621 -0.10205361  0.24233401 -0.53349989]
2025-12-13 21:21:21,494 - INFO - num_full_subsets = 2
2025-12-13 21:21:21,500 - INFO - phi = [ 0.09154103 -0.0816611  -0.24985167  0.73673794]
2025-12-13 21:21:21,514 - INFO - num_full_subsets = 2
2025-12-13 21:21:21,520 - INFO - phi = [-0.10992365 -0.21251306 -0.09198079  0.33026184]
2025-12-13 21:21:21,535 - INFO - num_full_subsets = 2
2025-12-13 21:21:21,541 - INFO - phi = [ 0.70516869  0.11376717  0.68808707 -1.1178093 ]
2025-12-13 21:21:21,555 - INFO - num_full_subsets = 2
2025-12-13 21:21:21,561 - INFO - phi = [-0.11294309  0.23442288  0.22376096  1.1178093 ]
2025-12-13 21:21:21,577 - INFO - num_full_subsets = 2
2025-12-13 21:21:21,583 - INFO - phi = [-0.11257296  0.18174222 -0.25913819  0.45728562]
2025-12-13 21:21:21,597 - INFO - num_full_subsets = 2
2025-12-13 21:21:21,603 - INFO - phi = [-0.1109561  -0.21761119  0.16804183 -0.20323805]
2025-12-13 21:21:21,618 - INFO - num_full_subsets = 2
2025-12-13 21:21:21,623 - INFO - phi = [-0.1093782  -0.21591182  0.61379489  0.43188086]
2025-12-13 21:21:21,638 - INFO - num_full_subsets = 2
2025-12-13 21:21:21,643 - INFO - phi = [-0.1086964  -0.27538998  0.46521054  0.27945232]
2025-12-13 21:21:21,658 - INFO - num_full_subsets = 2
2025-12-13 21:21:21,664 - INFO - phi = [-0.11193012 -0.21421244 -0.76061038 -0.07621427]
2025-12-13 21:21:21,680 - INFO - num_full_subsets = 2
2025-12-13 21:21:21,685 - INFO - phi = [-0.11261192  0.74593512 -0.44486863  0.83835697]
2025-12-13 21:21:21,700 - INFO - num_full_subsets = 2
2025-12-13 21:21:21,706 - INFO - phi = [0.33309604 0.1613497  0.53021619 0.27945232]
2025-12-13 21:21:21,720 - INFO - num_full_subsets = 2
2025-12-13 21:21:21,726 - INFO - phi = [-0.10706006 -0.07316421  0.53950271 -1.37185686]
2025-12-13 21:21:21,741 - INFO - num_full_subsets = 2
2025-12-13 21:21:21,746 - INFO - phi = [0.10712522 0.27690728 0.01945747 0.48269038]
2025-12-13 21:21:21,761 - INFO - num_full_subsets = 2
2025-12-13 21:21:21,766 - INFO - phi = [-0.11124831 -0.25839622 -0.14769992 -1.09240454]
2025-12-13 21:21:21,783 - INFO - num_full_subsets = 2
2025-12-13 21:21:21,788 - INFO - phi = [-0.09613164  0.0118046  -0.34271689  0.40647611]
2025-12-13 21:21:21,803 - INFO - num_full_subsets = 2
2025-12-13 21:21:21,808 - INFO - phi = [-0.10984573 -0.12584488  0.86453099 -0.27945232]
2025-12-13 21:21:21,823 - INFO - num_full_subsets = 2
2025-12-13 21:21:21,829 - INFO - phi = [-0.11126779 -0.25499747 -0.42629559 -0.30485708]
2025-12-13 21:21:21,844 - INFO - num_full_subsets = 2
2025-12-13 21:21:21,849 - INFO - phi = [ 0.18309817  0.58449438 -0.24985167 -0.07621427]
2025-12-13 21:21:21,864 - INFO - num_full_subsets = 2
2025-12-13 21:21:21,869 - INFO - phi = [-0.10949509  0.02539961  0.53021619  0.05080951]
2025-12-13 21:21:21,886 - INFO - num_full_subsets = 2
2025-12-13 21:21:21,891 - INFO - phi = [-0.11179375 -0.25159872 -0.16627297 -0.1778333 ]
2025-12-13 21:21:21,906 - INFO - num_full_subsets = 2
2025-12-13 21:21:21,912 - INFO - phi = [-0.10404062  0.09847278 -0.3055708   0.27945232]
2025-12-13 21:21:21,927 - INFO - num_full_subsets = 2
2025-12-13 21:21:21,932 - INFO - phi = [ 0.57854711 -0.06126858  0.06589009 -1.34645211]
2025-12-13 21:21:21,947 - INFO - num_full_subsets = 2
2025-12-13 21:21:21,953 - INFO - phi = [-0.11255348 -0.25499747  0.36305879 -2.89614227]
2025-12-13 21:21:21,967 - INFO - num_full_subsets = 2
2025-12-13 21:21:21,973 - INFO - phi = [-0.11023533  0.44854428 -0.26842471 -0.10161903]
2025-12-13 21:21:21,989 - INFO - num_full_subsets = 2
2025-12-13 21:21:21,995 - INFO - phi = [-0.11142363 -0.26179497 -0.11984036 -0.30485708]
2025-12-13 21:21:22,009 - INFO - num_full_subsets = 2
2025-12-13 21:21:22,015 - INFO - phi = [-0.10988469  0.1545522  -0.24056514  0.5843094 ]
2025-12-13 21:21:22,030 - INFO - num_full_subsets = 2
2025-12-13 21:21:22,035 - INFO - phi = [-0.11313789 -0.02728106  0.27948009 -0.20323805]
2025-12-13 21:21:22,050 - INFO - num_full_subsets = 2
2025-12-13 21:21:22,055 - INFO - phi = [-0.10400166  0.30579668 -0.3891495   0.60971416]
2025-12-13 21:21:22,070 - INFO - num_full_subsets = 2
2025-12-13 21:21:22,076 - INFO - phi = [-0.11074182 -0.28218749 -0.31485732 -0.22864281]
2025-12-13 21:21:22,092 - INFO - num_full_subsets = 2
2025-12-13 21:21:22,098 - INFO - phi = [-0.11218336 -0.24650059 -0.25913819  0.43188086]
2025-12-13 21:21:22,113 - INFO - num_full_subsets = 2
2025-12-13 21:21:22,118 - INFO - phi = [-0.10372893 -0.0102873  -0.29628428  0.53349989]
2025-12-13 21:21:22,133 - INFO - num_full_subsets = 2
2025-12-13 21:21:22,139 - INFO - phi = [-0.11241712 -0.25329809 -0.1384134  -0.1778333 ]
2025-12-13 21:21:22,153 - INFO - num_full_subsets = 2
2025-12-13 21:21:22,159 - INFO - phi = [-0.1108587  -0.23290558  0.27019357 -0.68592843]
2025-12-13 21:21:22,174 - INFO - num_full_subsets = 2
2025-12-13 21:21:22,179 - INFO - phi = [-0.10694317 -0.03067981  0.70666011  0.40647611]
2025-12-13 21:21:22,195 - INFO - num_full_subsets = 2
2025-12-13 21:21:22,201 - INFO - phi = [-0.11041066 -0.21251306  0.10303617  0.35566659]
2025-12-13 21:21:22,216 - INFO - num_full_subsets = 2
2025-12-13 21:21:22,221 - INFO - phi = [-0.10178091  0.12056467 -0.34271689  0.02540476]
2025-12-13 21:21:22,236 - INFO - num_full_subsets = 2
2025-12-13 21:21:22,242 - INFO - phi = [-0.11202752  0.32958795 -0.56559342  0.83835697]
2025-12-13 21:21:22,256 - INFO - num_full_subsets = 2
2025-12-13 21:21:22,262 - INFO - phi = [-0.11101454  0.00840584 -0.28699776  1.09240454]
2025-12-13 21:21:22,277 - INFO - num_full_subsets = 2
2025-12-13 21:21:22,282 - INFO - phi = [-0.11226128 -0.24480121  0.15875531 -0.81295221]
2025-12-13 21:21:22,298 - INFO - num_full_subsets = 2
2025-12-13 21:21:22,304 - INFO - phi = [ 0.06309987 -0.15813303  0.00088443  0.5843094 ]
2025-12-13 21:21:22,319 - INFO - num_full_subsets = 2
2025-12-13 21:21:22,324 - INFO - phi = [0.07985288 0.35167984 0.28876662 0.66052367]
2025-12-13 21:21:22,339 - INFO - num_full_subsets = 2
2025-12-13 21:21:22,345 - INFO - phi = [0.14024164 0.10187153 0.028744   0.53349989]
2025-12-13 21:21:22,360 - INFO - num_full_subsets = 2
2025-12-13 21:21:22,366 - INFO - phi = [ 0.21037051  0.07128276 -0.44486863  0.35566659]
2025-12-13 21:21:22,380 - INFO - num_full_subsets = 2
2025-12-13 21:21:22,386 - INFO - phi = [ 0.53374255 -0.21251306 -0.27771123 -1.06699978]
2025-12-13 21:21:22,402 - INFO - num_full_subsets = 2
2025-12-13 21:21:22,408 - INFO - phi = [-0.10061209  0.05938713  0.38163184  0.50809513]
2025-12-13 21:21:22,423 - INFO - num_full_subsets = 2
2025-12-13 21:21:22,428 - INFO - phi = [-0.10820939  0.36187609  0.53021619  0.15242854]
2025-12-13 21:21:22,443 - INFO - num_full_subsets = 2
2025-12-13 21:21:22,449 - INFO - phi = [-0.11081974  0.00840584 -0.20341906  0.73673794]
2025-12-13 21:21:22,965 - INFO - Computing feature importance...
2025-12-13 21:21:23,577 - INFO - Experiment completed for ElasticNet
2025-12-13 21:21:23,577 - INFO - Total time: 16.72s (0.28 min)
2025-12-13 21:21:23,577 - INFO - Starting comprehensive experiment for ElasticNet
2025-12-13 21:21:32,444 - INFO - Performing feature analysis...
2025-12-13 21:21:33,611 - INFO - Model justification: Linear model with L1 and L2 regularization for handling multicollinearity
2025-12-13 21:21:33,611 - INFO - Performing robust cross-validation...
2025-12-13 21:21:33,644 - INFO - CV Results - MSE: 2.9024 ± 0.3109
2025-12-13 21:21:33,644 - INFO - Starting hyperparameter optimization...
2025-12-13 21:21:34,227 - INFO - Best parameters for ElasticNet: {'alpha': 0.04253279343864494, 'l1_ratio': 0.10117528695291797}
2025-12-13 21:21:34,227 - INFO - ⏱️ HPO took 0.58 seconds
2025-12-13 21:21:34,227 - INFO - Training final model...
2025-12-13 21:21:34,228 - INFO - ⏱️ Training took 0.00 seconds
2025-12-13 21:21:34,229 - INFO - Performing residual analysis...
2025-12-13 21:21:35,236 - INFO - Generating XAI explanations...
2025-12-13 21:21:35,236 - WARNING - Using 168 background data samples could cause slower run times. Consider using shap.sample(data, K) or shap.kmeans(data, K) to summarize the background as K samples.
2025-12-13 21:21:35,251 - INFO - num_full_subsets = 2
2025-12-13 21:21:35,257 - INFO - phi = [-0.11929673 -0.26976576 -0.02800197 -0.02916314]
2025-12-13 21:21:35,271 - INFO - num_full_subsets = 2
2025-12-13 21:21:35,277 - INFO - phi = [-0.12027902  0.55143883 -0.46773653  0.1101565 ]
2025-12-13 21:21:35,292 - INFO - num_full_subsets = 2
2025-12-13 21:21:35,297 - INFO - phi = [-0.11909664 -0.26752815 -0.08608011 -0.81864111]
2025-12-13 21:21:35,312 - INFO - num_full_subsets = 2
2025-12-13 21:21:35,318 - INFO - phi = [-0.12082473 -0.18249879  0.12963873  0.20303626]
2025-12-13 21:21:35,332 - INFO - num_full_subsets = 2
2025-12-13 21:21:35,338 - INFO - phi = [ 0.61243214 -0.14445934  0.56107641 -1.00440063]
2025-12-13 21:21:35,353 - INFO - num_full_subsets = 2
2025-12-13 21:21:35,358 - INFO - phi = [-0.11853273 -0.31899328  0.30387318  0.2262562 ]
2025-12-13 21:21:35,373 - INFO - num_full_subsets = 2
2025-12-13 21:21:35,379 - INFO - phi = [-0.1193513  -0.4442997  -0.69175225 -0.54000182]
2025-12-13 21:21:35,394 - INFO - num_full_subsets = 2
2025-12-13 21:21:35,399 - INFO - phi = [-0.1165136  -0.17131071  0.00518555  0.76031483]
2025-12-13 21:21:35,414 - INFO - num_full_subsets = 2
2025-12-13 21:21:35,420 - INFO - phi = [-0.1182235  -0.32794374 -0.35987711  0.06371662]
2025-12-13 21:21:35,434 - INFO - num_full_subsets = 2
2025-12-13 21:21:35,440 - INFO - phi = [-0.11845997 -0.40849787  0.11304497 -0.07560302]
2025-12-13 21:21:35,455 - INFO - num_full_subsets = 2
2025-12-13 21:21:35,461 - INFO - phi = [-0.12051549  0.04126268 -0.32668959  0.27269608]
2025-12-13 21:21:35,476 - INFO - num_full_subsets = 2
2025-12-13 21:21:35,481 - INFO - phi = [ 0.08490921 -0.01020246  0.56107641  0.96929429]
2025-12-13 21:21:35,496 - INFO - num_full_subsets = 2
2025-12-13 21:21:35,502 - INFO - phi = [ 0.45235622  0.66779479  0.26238878 -0.21492266]
2025-12-13 21:21:35,516 - INFO - num_full_subsets = 2
2025-12-13 21:21:35,522 - INFO - phi = [-0.11058351 -0.22277585 -0.53411156 -0.40068218]
2025-12-13 21:21:35,537 - INFO - num_full_subsets = 2
2025-12-13 21:21:35,542 - INFO - phi = [ 0.38868966 -0.00796484  0.17112312 -0.49356194]
2025-12-13 21:21:35,558 - INFO - num_full_subsets = 2
2025-12-13 21:21:35,563 - INFO - phi = [-0.09208383  0.28740029 -0.42625214  0.27269608]
2025-12-13 21:21:35,578 - INFO - num_full_subsets = 2
2025-12-13 21:21:35,584 - INFO - phi = [-0.11967873 -0.26305292  0.37854508  0.59777525]
2025-12-13 21:21:35,598 - INFO - num_full_subsets = 2
2025-12-13 21:21:35,604 - INFO - phi = [-0.08880955 -0.14445934 -0.41795526 -0.0059432 ]
2025-12-13 21:21:35,619 - INFO - num_full_subsets = 2
2025-12-13 21:21:35,624 - INFO - phi = [-0.11949683 -0.07956851 -0.1690489  -0.49356194]
2025-12-13 21:21:35,639 - INFO - num_full_subsets = 2
2025-12-13 21:21:35,645 - INFO - phi = [-0.11915121  0.44403332 -0.31009584  0.52811543]
2025-12-13 21:21:35,660 - INFO - num_full_subsets = 2
2025-12-13 21:21:35,666 - INFO - phi = [-0.11755045 -0.37493365  0.6025608  -0.77220123]
2025-12-13 21:21:35,680 - INFO - num_full_subsets = 2
2025-12-13 21:21:35,686 - INFO - phi = [ 0.00723601 -0.23396392 -0.49262716  0.31913596]
2025-12-13 21:21:35,701 - INFO - num_full_subsets = 2
2025-12-13 21:21:35,706 - INFO - phi = [ 0.15585195 -0.03705383  0.18771688  0.57455531]
2025-12-13 21:21:35,721 - INFO - num_full_subsets = 2
2025-12-13 21:21:35,727 - INFO - phi = [-0.11605883 -0.28990429  0.7187171  -1.51523931]
2025-12-13 21:21:35,742 - INFO - num_full_subsets = 2
2025-12-13 21:21:35,747 - INFO - phi = [-0.12058826  0.24712323  0.12963873  1.01573417]
2025-12-13 21:21:35,762 - INFO - num_full_subsets = 2
2025-12-13 21:21:35,768 - INFO - phi = [-0.11058351 -0.22277585 -0.53411156 -0.40068218]
2025-12-13 21:21:35,783 - INFO - num_full_subsets = 2
2025-12-13 21:21:35,788 - INFO - phi = [-0.11882378 -0.41968594 -0.58389283 -0.07560302]
2025-12-13 21:21:35,803 - INFO - num_full_subsets = 2
2025-12-13 21:21:35,809 - INFO - phi = [ 0.21769947 -0.25857769  0.63574832  0.59777525]
2025-12-13 21:21:35,824 - INFO - num_full_subsets = 2
2025-12-13 21:21:35,829 - INFO - phi = [-0.12040635 -0.19816209 -0.04459572  0.36557584]
2025-12-13 21:21:35,844 - INFO - num_full_subsets = 2
2025-12-13 21:21:35,850 - INFO - phi = [-0.11634988 -0.245152   -0.41795526  0.13337644]
2025-12-13 21:21:35,865 - INFO - num_full_subsets = 2
2025-12-13 21:21:35,871 - INFO - phi = [-0.1187874  -0.05047952 -0.32668959  0.99251423]
2025-12-13 21:21:35,885 - INFO - num_full_subsets = 2
2025-12-13 21:21:35,891 - INFO - phi = [-0.11805978  0.52906268 -0.31009584 -0.09882296]
2025-12-13 21:21:35,906 - INFO - num_full_subsets = 2
2025-12-13 21:21:35,911 - INFO - phi = [-0.0828067   0.52011222  0.34535757  0.1101565 ]
2025-12-13 21:21:35,926 - INFO - num_full_subsets = 2
2025-12-13 21:21:35,932 - INFO - phi = [ 0.17768049 -0.00572723  0.56937329  0.50489549]
2025-12-13 21:21:35,946 - INFO - num_full_subsets = 2
2025-12-13 21:21:35,952 - INFO - phi = [0.09946157 0.17104433 0.4117326  0.43523566]
2025-12-13 21:21:35,967 - INFO - num_full_subsets = 2
2025-12-13 21:21:35,973 - INFO - phi = [ 0.42870864  0.11510396  0.02177931 -0.91152087]
2025-12-13 21:21:35,988 - INFO - num_full_subsets = 2
2025-12-13 21:21:35,993 - INFO - phi = [-0.11971511  0.21803424 -0.17734578 -0.3542423 ]
2025-12-13 21:21:36,008 - INFO - num_full_subsets = 2
2025-12-13 21:21:36,014 - INFO - phi = [-0.11227522  0.06811406 -0.34328335  0.24947614]
2025-12-13 21:21:36,028 - INFO - num_full_subsets = 2
2025-12-13 21:21:36,034 - INFO - phi = [-0.11795064 -0.02586576 -0.01140821  0.64421513]
2025-12-13 21:21:36,049 - INFO - num_full_subsets = 2
2025-12-13 21:21:36,054 - INFO - phi = [-0.11927854 -0.40402264 -0.40965838  0.15659638]
2025-12-13 21:21:36,070 - INFO - num_full_subsets = 2
2025-12-13 21:21:36,075 - INFO - phi = [-0.08426193  0.51563699 -0.31839271  0.3423559 ]
2025-12-13 21:21:36,091 - INFO - num_full_subsets = 2
2025-12-13 21:21:36,096 - INFO - phi = [ 0.20496615 -0.11537035 -0.22712705  0.38879578]
2025-12-13 21:21:36,111 - INFO - num_full_subsets = 2
2025-12-13 21:21:36,120 - INFO - phi = [ 0.01833218  0.07258929 -0.29350208 -0.0059432 ]
2025-12-13 21:21:36,135 - INFO - num_full_subsets = 2
2025-12-13 21:21:36,140 - INFO - phi = [-0.12040635 -0.44877493 -0.35158023  0.15659638]
2025-12-13 21:21:36,155 - INFO - num_full_subsets = 2
2025-12-13 21:21:36,161 - INFO - phi = [ 0.3905087   0.06587644  0.63574832 -0.30780242]
2025-12-13 21:21:36,176 - INFO - num_full_subsets = 2
2025-12-13 21:21:36,182 - INFO - phi = [-0.11926035  0.62751773  0.21260751  0.24947614]
2025-12-13 21:21:36,197 - INFO - num_full_subsets = 2
2025-12-13 21:21:36,202 - INFO - phi = [ 0.00377982 -0.09746943 -0.21053329  0.1101565 ]
2025-12-13 21:21:36,217 - INFO - num_full_subsets = 2
2025-12-13 21:21:36,223 - INFO - phi = [-0.1170775  -0.09970704  0.01348243  0.64421513]
2025-12-13 21:21:36,237 - INFO - num_full_subsets = 2
2025-12-13 21:21:36,243 - INFO - phi = [-0.11971511 -0.28095383 -0.7498304   0.76031483]
2025-12-13 21:21:36,258 - INFO - num_full_subsets = 2
2025-12-13 21:21:36,263 - INFO - phi = [-0.11853273 -0.43311163 -0.35158023 -0.21492266]
2025-12-13 21:21:36,279 - INFO - num_full_subsets = 2
2025-12-13 21:21:36,284 - INFO - phi = [ 0.45599431 -0.10418227 -0.20223641 -0.86508099]
2025-12-13 21:21:36,299 - INFO - num_full_subsets = 2
2025-12-13 21:21:36,305 - INFO - phi = [-0.1090737  -0.14669695  0.55277953  0.55133537]
2025-12-13 21:21:36,319 - INFO - num_full_subsets = 2
2025-12-13 21:21:36,325 - INFO - phi = [-0.08080575  0.07706451  0.12134185  0.36557584]
2025-12-13 21:21:36,340 - INFO - num_full_subsets = 2
2025-12-13 21:21:36,345 - INFO - phi = [-0.11795064 -0.4129731  -0.19393954  0.1101565 ]
2025-12-13 21:21:36,360 - INFO - num_full_subsets = 2
2025-12-13 21:21:36,366 - INFO - phi = [-0.11260265  0.2113214  -0.26861144  0.48167554]
2025-12-13 21:21:36,381 - INFO - num_full_subsets = 2
2025-12-13 21:21:36,387 - INFO - phi = [-0.08899145  0.45298378  0.46981075  0.41201572]
2025-12-13 21:21:36,402 - INFO - num_full_subsets = 2
2025-12-13 21:21:36,407 - INFO - phi = [-0.11900569 -0.39283457  0.46151387 -0.14526284]
2025-12-13 21:21:36,422 - INFO - num_full_subsets = 2
2025-12-13 21:21:36,428 - INFO - phi = [-0.11896931 -0.43311163  0.00518555 -1.46879943]
2025-12-13 21:21:36,443 - INFO - num_full_subsets = 2
2025-12-13 21:21:36,448 - INFO - phi = [-0.11616798  0.41494433  0.40343572  0.13337644]
2025-12-13 21:21:36,463 - INFO - num_full_subsets = 2
2025-12-13 21:21:36,468 - INFO - phi = [-0.12009711 -0.39507218 -0.19393954 -0.16848278]
2025-12-13 21:21:36,484 - INFO - num_full_subsets = 2
2025-12-13 21:21:36,489 - INFO - phi = [-0.11653179 -0.3212309   0.71042023 -0.86508099]
2025-12-13 21:21:36,504 - INFO - num_full_subsets = 2
2025-12-13 21:21:36,510 - INFO - phi = [-0.11347579 -0.09746943 -0.35987711  0.24947614]
2025-12-13 21:21:36,525 - INFO - num_full_subsets = 2
2025-12-13 21:21:36,530 - INFO - phi = [-0.11695017  0.0591636  -0.2852052   0.48167554]
2025-12-13 21:21:36,545 - INFO - num_full_subsets = 2
2025-12-13 21:21:36,551 - INFO - phi = [ 0.11219488 -0.26752815  0.56937329  0.96929429]
2025-12-13 21:21:36,566 - INFO - num_full_subsets = 2
2025-12-13 21:21:36,571 - INFO - phi = [-0.05515722 -0.22725108 -0.29350208  0.38879578]
2025-12-13 21:21:36,587 - INFO - num_full_subsets = 2
2025-12-13 21:21:36,592 - INFO - phi = [ 0.13584246  0.17775718 -0.39306462  0.3423559 ]
2025-12-13 21:21:36,607 - INFO - num_full_subsets = 2
2025-12-13 21:21:36,613 - INFO - phi = [-0.1186055  -0.31228044 -0.45114277 -0.1220429 ]
2025-12-13 21:21:36,627 - INFO - num_full_subsets = 2
2025-12-13 21:21:36,633 - INFO - phi = [0.10128061 0.72373516 0.54448265 0.87641453]
2025-12-13 21:21:36,647 - INFO - num_full_subsets = 2
2025-12-13 21:21:36,653 - INFO - phi = [-0.11947864  0.41270672 -0.03629884 -0.07560302]
2025-12-13 21:21:36,668 - INFO - num_full_subsets = 2
2025-12-13 21:21:36,674 - INFO - phi = [-0.11089275  0.2583113  -0.29350208  0.62099519]
2025-12-13 21:21:36,689 - INFO - num_full_subsets = 2
2025-12-13 21:21:36,695 - INFO - phi = [-0.11736855 -0.02810337  0.40343572  0.04049668]
2025-12-13 21:21:36,710 - INFO - num_full_subsets = 2
2025-12-13 21:21:36,715 - INFO - phi = [-0.11953321  5.60397276  0.12963873 -0.74898129]
2025-12-13 21:21:36,730 - INFO - num_full_subsets = 2
2025-12-13 21:21:36,736 - INFO - phi = [-0.11853273 -0.43311163 -0.35158023 -0.21492266]
2025-12-13 21:21:36,750 - INFO - num_full_subsets = 2
2025-12-13 21:21:36,756 - INFO - phi = [-0.11889654 -0.42416117 -0.04459572 -0.21492266]
2025-12-13 21:21:36,771 - INFO - num_full_subsets = 2
2025-12-13 21:21:36,777 - INFO - phi = [-0.11958778 -0.44653732 -0.54240843 -0.28458248]
2025-12-13 21:21:36,792 - INFO - num_full_subsets = 2
2025-12-13 21:21:36,797 - INFO - phi = [0.29591838 0.1509058  0.40343572 0.24947614]
2025-12-13 21:21:36,812 - INFO - num_full_subsets = 2
2025-12-13 21:21:36,818 - INFO - phi = [-0.11944226 -0.33465659  0.33706069 -0.56322176]
2025-12-13 21:21:36,833 - INFO - num_full_subsets = 2
2025-12-13 21:21:36,838 - INFO - phi = [ 0.27954698  0.44850855  0.22090439 -0.91152087]
2025-12-13 21:21:36,853 - INFO - num_full_subsets = 2
2025-12-13 21:21:36,859 - INFO - phi = [ 0.19587093  0.10615351 -0.42625214  0.41201572]
2025-12-13 21:21:36,874 - INFO - num_full_subsets = 2
2025-12-13 21:21:36,879 - INFO - phi = [ 0.60879405  0.53353791  0.15452936 -0.79542117]
2025-12-13 21:21:36,895 - INFO - num_full_subsets = 2
2025-12-13 21:21:36,900 - INFO - phi = [-0.1197333  -0.35703273  0.17942    -0.49356194]
2025-12-13 21:21:36,915 - INFO - num_full_subsets = 2
2025-12-13 21:21:36,921 - INFO - phi = [ 0.23407087 -0.03705383  0.6025608   0.38879578]
2025-12-13 21:21:36,935 - INFO - num_full_subsets = 2
2025-12-13 21:21:36,941 - INFO - phi = [-0.11704112 -0.34808227  0.26238878 -0.91152087]
2025-12-13 21:21:36,956 - INFO - num_full_subsets = 2
2025-12-13 21:21:36,962 - INFO - phi = [-0.11902388 -0.245152   -0.73323664  0.85319459]
2025-12-13 21:21:36,976 - INFO - num_full_subsets = 2
2025-12-13 21:21:36,982 - INFO - phi = [ 0.56513698 -0.00348961  0.20431063 -0.51678188]
2025-12-13 21:21:36,998 - INFO - num_full_subsets = 2
2025-12-13 21:21:37,003 - INFO - phi = [0.14493768 0.15985626 0.6025608  0.4584556 ]
2025-12-13 21:21:37,018 - INFO - num_full_subsets = 2
2025-12-13 21:21:37,024 - INFO - phi = [-0.1191694  -0.41073548 -0.29350208  0.4584556 ]
2025-12-13 21:21:37,038 - INFO - num_full_subsets = 2
2025-12-13 21:21:37,044 - INFO - phi = [-0.1201153  -0.33465659 -0.53411156 -0.40068218]
2025-12-13 21:21:37,058 - INFO - num_full_subsets = 2
2025-12-13 21:21:37,064 - INFO - phi = [-0.00749825 -0.26529053  0.19601376 -0.54000182]
2025-12-13 21:21:37,079 - INFO - num_full_subsets = 2
2025-12-13 21:21:37,084 - INFO - phi = [-0.11929673  0.18447002  0.00518555 -0.07560302]
2025-12-13 21:21:37,100 - INFO - num_full_subsets = 2
2025-12-13 21:21:37,105 - INFO - phi = [ 0.6433559   0.1352425  -0.02800197 -1.16694021]
2025-12-13 21:21:37,120 - INFO - num_full_subsets = 2
2025-12-13 21:21:37,126 - INFO - phi = [ 0.44689908 -0.21606301  0.61915456 -0.7025414 ]
2025-12-13 21:21:37,141 - INFO - num_full_subsets = 2
2025-12-13 21:21:37,146 - INFO - phi = [-0.11609521  0.88708103  0.11304497  0.27269608]
2025-12-13 21:21:37,161 - INFO - num_full_subsets = 2
2025-12-13 21:21:37,167 - INFO - phi = [-0.11653179 -0.29437952  0.6025608  -1.79387859]
2025-12-13 21:21:37,181 - INFO - num_full_subsets = 2
2025-12-13 21:21:37,187 - INFO - phi = [-0.11765959 -0.34808227  0.61915456 -1.65455895]
2025-12-13 21:21:37,202 - INFO - num_full_subsets = 2
2025-12-13 21:21:37,208 - INFO - phi = [-0.1187874  -0.42192356 -0.24372081 -0.02916314]
2025-12-13 21:21:37,223 - INFO - num_full_subsets = 2
2025-12-13 21:21:37,228 - INFO - phi = [-0.11926035 -0.43982448 -0.48433028 -1.58489913]
2025-12-13 21:21:37,243 - INFO - num_full_subsets = 2
2025-12-13 21:21:37,249 - INFO - phi = [-0.11900569 -0.28542906  0.36195133 -0.19170272]
2025-12-13 21:21:37,263 - INFO - num_full_subsets = 2
2025-12-13 21:21:37,269 - INFO - phi = [-0.11864188 -0.43758686 -0.55900219 -0.02916314]
2025-12-13 21:21:37,283 - INFO - num_full_subsets = 2
2025-12-13 21:21:37,289 - INFO - phi = [ 0.47236571 -0.2294887   0.6025608  -0.28458248]
2025-12-13 21:21:37,304 - INFO - num_full_subsets = 2
2025-12-13 21:21:37,310 - INFO - phi = [-0.11780512 -0.32570613  0.57767017 -0.40068218]
2025-12-13 21:21:37,325 - INFO - num_full_subsets = 2
2025-12-13 21:21:37,331 - INFO - phi = [ 0.39960392  0.00546085  0.31217006 -0.2381426 ]
2025-12-13 21:21:37,345 - INFO - num_full_subsets = 2
2025-12-13 21:21:37,351 - INFO - phi = [ 0.47964189 -0.02362815 -0.30179896 -0.54000182]
2025-12-13 21:21:37,366 - INFO - num_full_subsets = 2
2025-12-13 21:21:37,371 - INFO - phi = [-0.10026953 -0.03705383  0.51129514  0.36557584]
2025-12-13 21:21:37,386 - INFO - num_full_subsets = 2
2025-12-13 21:21:37,392 - INFO - phi = [-0.1204973  -0.25857769 -0.09437699  0.55133537]
2025-12-13 21:21:37,407 - INFO - num_full_subsets = 2
2025-12-13 21:21:37,413 - INFO - phi = [-0.09208383  0.07706451  0.02177931  0.38879578]
2025-12-13 21:21:37,428 - INFO - num_full_subsets = 2
2025-12-13 21:21:37,433 - INFO - phi = [-0.11918759 -0.3973098  -0.13586139 -0.3542423 ]
2025-12-13 21:21:37,448 - INFO - num_full_subsets = 2
2025-12-13 21:21:37,454 - INFO - phi = [-0.11463998 -0.1534098   0.43662323  0.43523566]
2025-12-13 21:21:37,468 - INFO - num_full_subsets = 2
2025-12-13 21:21:37,474 - INFO - phi = [ 0.04889213 -0.02586576 -0.29350208  0.76031483]
2025-12-13 21:21:37,489 - INFO - num_full_subsets = 2
2025-12-13 21:21:37,494 - INFO - phi = [-0.11942407 -0.17131071 -0.33498647  0.08693656]
2025-12-13 21:21:37,510 - INFO - num_full_subsets = 2
2025-12-13 21:21:37,516 - INFO - phi = [-0.10900094  0.52682506 -0.07778324  0.57455531]
2025-12-13 21:21:37,530 - INFO - num_full_subsets = 2
2025-12-13 21:21:37,536 - INFO - phi = [-0.11946045 -0.39283457  0.16282624  0.1101565 ]
2025-12-13 21:21:37,551 - INFO - num_full_subsets = 2
2025-12-13 21:21:37,556 - INFO - phi = [ 0.45235622 -0.02586576  0.38684196 -0.72576134]
2025-12-13 21:21:37,571 - INFO - num_full_subsets = 2
2025-12-13 21:21:37,577 - INFO - phi = [-0.11684102  0.13300488  0.36195133  0.66743507]
2025-12-13 21:21:37,592 - INFO - num_full_subsets = 2
2025-12-13 21:21:37,597 - INFO - phi = [-0.11493103  0.43508286  0.46151387  0.52811543]
2025-12-13 21:21:37,613 - INFO - num_full_subsets = 2
2025-12-13 21:21:37,618 - INFO - phi = [-0.09554001 -0.1534098  -0.31839271  0.15659638]
2025-12-13 21:21:37,633 - INFO - num_full_subsets = 2
2025-12-13 21:21:37,639 - INFO - phi = [-0.08335241  0.11062874 -0.38476774  0.3423559 ]
2025-12-13 21:21:37,654 - INFO - num_full_subsets = 2
2025-12-13 21:21:37,659 - INFO - phi = [-0.11896931  0.17551956 -0.52581468  0.15659638]
2025-12-13 21:21:37,674 - INFO - num_full_subsets = 2
2025-12-13 21:21:37,680 - INFO - phi = [ 0.43234673  0.10167828 -0.32668959 -0.30780242]
2025-12-13 21:21:37,695 - INFO - num_full_subsets = 2
2025-12-13 21:21:37,700 - INFO - phi = [ 0.55422271 -0.15117218  0.6025608  -0.7025414 ]
2025-12-13 21:21:37,716 - INFO - num_full_subsets = 2
2025-12-13 21:21:37,721 - INFO - phi = [-0.11489465  0.56486451  0.43662323  0.38879578]
2025-12-13 21:21:37,736 - INFO - num_full_subsets = 2
2025-12-13 21:21:37,742 - INFO - phi = [-0.1178415  -0.37493365  0.42002948 -0.14526284]
2025-12-13 21:21:37,757 - INFO - num_full_subsets = 2
2025-12-13 21:21:37,762 - INFO - phi = [-0.10427143  0.04797552  0.15452936  0.36557584]
2025-12-13 21:21:37,777 - INFO - num_full_subsets = 2
2025-12-13 21:21:37,783 - INFO - phi = [-0.12077016 -0.09746943  0.17942    -0.19170272]
2025-12-13 21:21:37,798 - INFO - num_full_subsets = 2
2025-12-13 21:21:37,803 - INFO - phi = [-0.05261056  0.05021314  0.28727942  0.85319459]
2025-12-13 21:21:37,819 - INFO - num_full_subsets = 2
2025-12-13 21:21:37,824 - INFO - phi = [-0.11820531  1.82240396  0.10474809  0.62099519]
2025-12-13 21:21:37,839 - INFO - num_full_subsets = 2
2025-12-13 21:21:37,845 - INFO - phi = [ 0.11765201  0.4104691  -0.20223641  0.57455531]
2025-12-13 21:21:37,859 - INFO - num_full_subsets = 2
2025-12-13 21:21:37,865 - INFO - phi = [-0.11951502  0.37466727 -0.15245514  0.01727674]
2025-12-13 21:21:37,880 - INFO - num_full_subsets = 2
2025-12-13 21:21:37,885 - INFO - phi = [-0.05097342 -0.06838044 -0.2852052   0.41201572]
2025-12-13 21:21:37,900 - INFO - num_full_subsets = 2
2025-12-13 21:21:37,906 - INFO - phi = [-0.11500379  0.00322323  0.45321699  0.52811543]
2025-12-13 21:21:37,921 - INFO - num_full_subsets = 2
2025-12-13 21:21:37,927 - INFO - phi = [-0.1187874  -0.3212309  -0.33498647  0.38879578]
2025-12-13 21:21:37,942 - INFO - num_full_subsets = 2
2025-12-13 21:21:37,947 - INFO - phi = [0.14493768 0.04797552 0.10474809 0.4584556 ]
2025-12-13 21:21:37,962 - INFO - num_full_subsets = 2
2025-12-13 21:21:37,968 - INFO - phi = [ 0.63062259  0.13748011  0.12963873 -1.05084051]
2025-12-13 21:21:37,983 - INFO - num_full_subsets = 2
2025-12-13 21:21:37,988 - INFO - phi = [ 0.43416577  0.05021314 -0.06118948  0.06371662]
2025-12-13 21:21:38,003 - INFO - num_full_subsets = 2
2025-12-13 21:21:38,009 - INFO - phi = [-0.12022445 -0.29885475 -0.04459572 -0.30780242]
2025-12-13 21:21:38,025 - INFO - num_full_subsets = 2
2025-12-13 21:21:38,032 - INFO - phi = [-0.11995159 -0.41968594 -0.09437699 -0.42390212]
2025-12-13 21:21:38,048 - INFO - num_full_subsets = 2
2025-12-13 21:21:38,054 - INFO - phi = [-0.11962416 -0.39283457 -0.50092404 -0.33102236]
2025-12-13 21:21:38,071 - INFO - num_full_subsets = 2
2025-12-13 21:21:38,076 - INFO - phi = [-0.11873283 -0.44206209 -0.08608011 -2.3743771 ]
2025-12-13 21:21:38,093 - INFO - num_full_subsets = 2
2025-12-13 21:21:38,099 - INFO - phi = [-0.11966054 -0.41968594 -0.26861144 -0.02916314]
2025-12-13 21:21:38,115 - INFO - num_full_subsets = 2
2025-12-13 21:21:38,120 - INFO - phi = [-0.11711388  0.09272782  0.4117326   0.52811543]
2025-12-13 21:21:38,136 - INFO - num_full_subsets = 2
2025-12-13 21:21:38,142 - INFO - phi = [ 0.17040431 -0.09746943 -0.54240843  0.82997465]
2025-12-13 21:21:38,156 - INFO - num_full_subsets = 2
2025-12-13 21:21:38,162 - INFO - phi = [ 0.07035685 -0.1690731  -0.29350208  0.66743507]
2025-12-13 21:21:38,177 - INFO - num_full_subsets = 2
2025-12-13 21:21:38,182 - INFO - phi = [-0.11565864 -0.27200337  0.43662323  0.48167554]
2025-12-13 21:21:38,197 - INFO - num_full_subsets = 2
2025-12-13 21:21:38,203 - INFO - phi = [-0.11958778 -0.41073548 -0.09437699 -0.30780242]
2025-12-13 21:21:38,218 - INFO - num_full_subsets = 2
2025-12-13 21:21:38,223 - INFO - phi = [ 0.55422271  0.00322323  0.5278889  -0.86508099]
2025-12-13 21:21:38,239 - INFO - num_full_subsets = 2
2025-12-13 21:21:38,245 - INFO - phi = [-0.12040635 -0.33913181  0.12963873 -0.95796075]
2025-12-13 21:21:38,259 - INFO - num_full_subsets = 2
2025-12-13 21:21:38,265 - INFO - phi = [-0.11995159 -0.38612172 -0.5175178  -0.74898129]
2025-12-13 21:21:38,280 - INFO - num_full_subsets = 2
2025-12-13 21:21:38,285 - INFO - phi = [-0.06279721 -0.12208319 -0.59218971  0.15659638]
2025-12-13 21:21:38,300 - INFO - num_full_subsets = 2
2025-12-13 21:21:38,306 - INFO - phi = [ 0.4596324  -0.08404374  0.22920127 -0.21492266]
2025-12-13 21:21:38,320 - INFO - num_full_subsets = 2
2025-12-13 21:21:38,326 - INFO - phi = [ 0.26499463  0.14419296  0.00518555 -0.05238308]
2025-12-13 21:21:38,341 - INFO - num_full_subsets = 2
2025-12-13 21:21:38,347 - INFO - phi = [-0.11791426  3.6124957   0.03007618  0.38879578]
2025-12-13 21:21:38,362 - INFO - num_full_subsets = 2
2025-12-13 21:21:38,368 - INFO - phi = [-0.11835083 -0.32570613  0.11304497  0.29591602]
2025-12-13 21:21:38,382 - INFO - num_full_subsets = 2
2025-12-13 21:21:38,388 - INFO - phi = [-0.1197333  -0.35703273  0.17942    -0.49356194]
2025-12-13 21:21:38,403 - INFO - num_full_subsets = 2
2025-12-13 21:21:38,408 - INFO - phi = [0.22861373 0.4552214  0.20431063 0.27269608]
2025-12-13 21:21:38,423 - INFO - num_full_subsets = 2
2025-12-13 21:21:38,429 - INFO - phi = [-0.11931492 -0.20935016  0.42832635  0.1101565 ]
2025-12-13 21:21:38,444 - INFO - num_full_subsets = 2
2025-12-13 21:21:38,450 - INFO - phi = [-0.11909664 -0.25410246 -0.48433028 -0.05238308]
2025-12-13 21:21:38,465 - INFO - num_full_subsets = 2
2025-12-13 21:21:38,471 - INFO - phi = [-0.11511293 -0.1847364   0.37854508 -0.470342  ]
2025-12-13 21:21:38,485 - INFO - num_full_subsets = 2
2025-12-13 21:21:38,491 - INFO - phi = [-0.12077016 -0.43087402 -0.41795526  0.29591602]
2025-12-13 21:21:38,506 - INFO - num_full_subsets = 2
2025-12-13 21:21:38,511 - INFO - phi = [-0.05261056 -0.0773309   0.23749815  1.06217405]
2025-12-13 21:21:38,526 - INFO - num_full_subsets = 2
2025-12-13 21:21:38,532 - INFO - phi = [-0.11862369 -0.35479512  0.34535757 -1.07406045]
2025-12-13 21:21:38,547 - INFO - num_full_subsets = 2
2025-12-13 21:21:38,553 - INFO - phi = [-0.1048899  -0.04600429 -0.37647086  0.36557584]
2025-12-13 21:21:38,568 - INFO - num_full_subsets = 2
2025-12-13 21:21:38,573 - INFO - phi = [-0.11835083  0.56038928 -0.48433028  0.20303626]
2025-12-13 21:21:38,588 - INFO - num_full_subsets = 2
2025-12-13 21:21:38,594 - INFO - phi = [-0.12004254 -0.4129731  -0.46773653  0.3423559 ]
2025-12-13 21:21:38,608 - INFO - num_full_subsets = 2
2025-12-13 21:21:38,614 - INFO - phi = [-0.1191694  -0.41073548 -0.29350208  0.4584556 ]
2025-12-13 21:21:38,629 - INFO - num_full_subsets = 2
2025-12-13 21:21:38,634 - INFO - phi = [ 0.25953749  0.36124158 -0.19393954  0.17981632]
2025-12-13 21:21:38,650 - INFO - num_full_subsets = 2
2025-12-13 21:21:38,655 - INFO - phi = [-0.12024264  0.17775718 -0.30179896  0.41201572]
2025-12-13 21:21:38,670 - INFO - num_full_subsets = 2
2025-12-13 21:21:38,676 - INFO - phi = [-0.1197333   0.37242965 -0.57559595  0.76031483]
2025-12-13 21:21:38,690 - INFO - num_full_subsets = 2
2025-12-13 21:21:38,696 - INFO - phi = [ 0.02087884 -0.14222172  0.45321699  0.43523566]
2025-12-13 21:21:39,192 - INFO - Computing feature importance...
2025-12-13 21:21:39,633 - INFO - Experiment completed for ElasticNet
2025-12-13 21:21:39,633 - INFO - Total time: 15.67s (0.26 min)
2025-12-13 21:21:39,633 - INFO - Starting comprehensive experiment for ElasticNet
2025-12-13 21:21:47,694 - INFO - Performing feature analysis...
2025-12-13 21:21:48,855 - INFO - Model justification: Linear model with L1 and L2 regularization for handling multicollinearity
2025-12-13 21:21:48,855 - INFO - Performing robust cross-validation...
2025-12-13 21:21:48,888 - INFO - CV Results - MSE: 2.8492 ± 0.3422
2025-12-13 21:21:48,888 - INFO - Starting hyperparameter optimization...
2025-12-13 21:21:49,466 - INFO - Best parameters for ElasticNet: {'alpha': 0.002096688135295898, 'l1_ratio': 0.13197340942192784}
2025-12-13 21:21:49,466 - INFO - ⏱️ HPO took 0.58 seconds
2025-12-13 21:21:49,466 - INFO - Training final model...
2025-12-13 21:21:49,467 - INFO - ⏱️ Training took 0.00 seconds
2025-12-13 21:21:49,467 - INFO - Performing residual analysis...
2025-12-13 21:21:50,471 - INFO - Generating XAI explanations...
2025-12-13 21:21:50,471 - WARNING - Using 168 background data samples could cause slower run times. Consider using shap.sample(data, K) or shap.kmeans(data, K) to summarize the background as K samples.
2025-12-13 21:21:50,486 - INFO - num_full_subsets = 2
2025-12-13 21:21:50,492 - INFO - phi = [-0.0999261  -0.39928186 -0.53297024  0.01374305]
2025-12-13 21:21:50,507 - INFO - num_full_subsets = 2
2025-12-13 21:21:50,512 - INFO - phi = [-0.09966295 -0.11977176 -0.3635408   1.09600815]
2025-12-13 21:21:50,527 - INFO - num_full_subsets = 2
2025-12-13 21:21:50,533 - INFO - phi = [-0.05867201 -0.12898638  0.3230943   0.61500144]
2025-12-13 21:21:50,547 - INFO - num_full_subsets = 2
2025-12-13 21:21:50,553 - INFO - phi = [-0.10083942 -0.4484265  -0.38137548 -0.34701198]
2025-12-13 21:21:50,568 - INFO - num_full_subsets = 2
2025-12-13 21:21:50,573 - INFO - phi = [-0.09904375 -0.66343427 -0.05143394 -0.51536433]
2025-12-13 21:21:50,588 - INFO - num_full_subsets = 2
2025-12-13 21:21:50,594 - INFO - phi = [ 0.49164065 -0.05219789 -0.02468192 -0.491314  ]
2025-12-13 21:21:50,609 - INFO - num_full_subsets = 2
2025-12-13 21:21:50,614 - INFO - phi = [ 0.44829676  0.04916292  0.59061447 -0.63561601]
2025-12-13 21:21:50,629 - INFO - num_full_subsets = 2
2025-12-13 21:21:50,635 - INFO - phi = [-0.09763507 -0.51600037  0.66195318 -1.79003212]
2025-12-13 21:21:50,650 - INFO - num_full_subsets = 2
2025-12-13 21:21:50,655 - INFO - phi = [ 0.04303135 -0.08598483 -0.32787144  0.85550479]
2025-12-13 21:21:50,670 - INFO - num_full_subsets = 2
2025-12-13 21:21:50,676 - INFO - phi = [-0.09580843  0.58668234 -0.62214363  0.63905177]
2025-12-13 21:21:50,691 - INFO - num_full_subsets = 2
2025-12-13 21:21:50,696 - INFO - phi = [-0.09409016  0.41774767 -0.46163153  0.63905177]
2025-12-13 21:21:50,711 - INFO - num_full_subsets = 2
2025-12-13 21:21:50,717 - INFO - phi = [-0.09918307 -0.25184796 -0.59539161  0.42259875]
2025-12-13 21:21:50,732 - INFO - num_full_subsets = 2
2025-12-13 21:21:50,737 - INFO - phi = [-0.1003905  -0.49142805 -0.06035128 -0.20270997]
2025-12-13 21:21:50,752 - INFO - num_full_subsets = 2
2025-12-13 21:21:50,757 - INFO - phi = [-0.07430677  0.57132465  0.49252374  0.49474976]
2025-12-13 21:21:50,772 - INFO - num_full_subsets = 2
2025-12-13 21:21:50,778 - INFO - phi = [ 0.3894729   0.08602139 -0.50621822 -0.25081064]
2025-12-13 21:21:50,793 - INFO - num_full_subsets = 2
2025-12-13 21:21:50,799 - INFO - phi = [-0.09387344 -0.1535587  -0.37245814  0.56690077]
2025-12-13 21:21:50,813 - INFO - num_full_subsets = 2
2025-12-13 21:21:50,819 - INFO - phi = [-0.09998802 -0.61428964 -0.32787144  0.54285043]
2025-12-13 21:21:50,834 - INFO - num_full_subsets = 2
2025-12-13 21:21:50,839 - INFO - phi = [-0.09709327 -0.28870644  0.4390197  -0.1546093 ]
2025-12-13 21:21:50,854 - INFO - num_full_subsets = 2
2025-12-13 21:21:50,859 - INFO - phi = [-0.09997254  0.55903849 -0.34570612  0.61500144]
2025-12-13 21:21:50,874 - INFO - num_full_subsets = 2
2025-12-13 21:21:50,880 - INFO - phi = [ 0.44984475  0.03073368 -0.61322629 -0.46726366]
2025-12-13 21:21:50,895 - INFO - num_full_subsets = 2
2025-12-13 21:21:50,900 - INFO - phi = [-0.10022022 -0.45456958  0.26067293 -0.20270997]
2025-12-13 21:21:50,915 - INFO - num_full_subsets = 2
2025-12-13 21:21:50,921 - INFO - phi = [-0.09803755 -0.50064267  0.65303584 -0.73181735]
2025-12-13 21:21:50,936 - INFO - num_full_subsets = 2
2025-12-13 21:21:50,941 - INFO - phi = [-0.10006542  0.81090473  0.21608623  0.32639741]
2025-12-13 21:21:50,956 - INFO - num_full_subsets = 2
2025-12-13 21:21:50,961 - INFO - phi = [-0.10017378 -0.50371421  0.57277979  0.73525312]
2025-12-13 21:21:50,976 - INFO - num_full_subsets = 2
2025-12-13 21:21:50,982 - INFO - phi = [ 0.48235267 -0.05526943  0.20716889 -0.46726366]
2025-12-13 21:21:50,997 - INFO - num_full_subsets = 2
2025-12-13 21:21:51,003 - INFO - phi = [-0.10006542 -0.65421965 -0.53297024 -1.5735791 ]
2025-12-13 21:21:51,018 - INFO - num_full_subsets = 2
2025-12-13 21:21:51,023 - INFO - phi = [ 0.20990534 -0.18734563 -0.01576458  0.71120278]
2025-12-13 21:21:51,038 - INFO - num_full_subsets = 2
2025-12-13 21:21:51,044 - INFO - phi = [ 0.45139275  0.12287987  0.51927576 -0.491314  ]
2025-12-13 21:21:51,059 - INFO - num_full_subsets = 2
2025-12-13 21:21:51,064 - INFO - phi = [0.20061736 0.04609138 0.17149954 0.42259875]
2025-12-13 21:21:51,079 - INFO - num_full_subsets = 2
2025-12-13 21:21:51,084 - INFO - phi = [ 0.33374504  0.0399483   0.67087052 -0.25081064]
2025-12-13 21:21:51,100 - INFO - num_full_subsets = 2
2025-12-13 21:21:51,105 - INFO - phi = [-0.10014282 -0.66036273 -0.75590371 -0.491314  ]
2025-12-13 21:21:51,120 - INFO - num_full_subsets = 2
2025-12-13 21:21:51,126 - INFO - phi = [ 0.3089771  -0.17813101 -0.47054887 -0.491314  ]
2025-12-13 21:21:51,141 - INFO - num_full_subsets = 2
2025-12-13 21:21:51,146 - INFO - phi = [-0.1013967  -0.3009926   0.12691284  0.27829674]
2025-12-13 21:21:51,161 - INFO - num_full_subsets = 2
2025-12-13 21:21:51,167 - INFO - phi = [-0.02337769  0.39931843  0.25175559  0.37449808]
2025-12-13 21:21:51,181 - INFO - num_full_subsets = 2
2025-12-13 21:21:51,187 - INFO - phi = [-0.10043694 -0.4177111   0.39443301 -0.29891131]
2025-12-13 21:21:51,203 - INFO - num_full_subsets = 2
2025-12-13 21:21:51,209 - INFO - phi = [-0.10011186 -0.33785107  0.44793704  0.1820954 ]
2025-12-13 21:21:51,223 - INFO - num_full_subsets = 2
2025-12-13 21:21:51,229 - INFO - phi = [-0.09975583 -0.63271887 -0.06035128 -0.1546093 ]
2025-12-13 21:21:51,244 - INFO - num_full_subsets = 2
2025-12-13 21:21:51,249 - INFO - phi = [-0.09139665 -0.25184796  0.58169713  0.63905177]
2025-12-13 21:21:51,264 - INFO - num_full_subsets = 2
2025-12-13 21:21:51,270 - INFO - phi = [-0.09771247 -0.23341873  0.67978786  0.03779338]
2025-12-13 21:21:51,285 - INFO - num_full_subsets = 2
2025-12-13 21:21:51,290 - INFO - phi = [-0.05371842  0.18431066  0.44793704  0.47069942]
2025-12-13 21:21:51,306 - INFO - num_full_subsets = 2
2025-12-13 21:21:51,311 - INFO - phi = [ 0.15727347 -0.27642028 -0.59539161 -0.05840796]
2025-12-13 21:21:51,326 - INFO - num_full_subsets = 2
2025-12-13 21:21:51,332 - INFO - phi = [-0.09980227 -0.58971732 -0.30111943  0.63905177]
2025-12-13 21:21:51,346 - INFO - num_full_subsets = 2
2025-12-13 21:21:51,352 - INFO - phi = [ 0.28885315 -0.04298327 -0.32787144 -0.27486098]
2025-12-13 21:21:51,367 - INFO - num_full_subsets = 2
2025-12-13 21:21:51,372 - INFO - phi = [-0.09133473  0.67268545 -0.09602063  0.66310211]
2025-12-13 21:21:51,387 - INFO - num_full_subsets = 2
2025-12-13 21:21:51,393 - INFO - phi = [ 0.29968912  0.17509604 -0.05143394  0.13399473]
2025-12-13 21:21:51,408 - INFO - num_full_subsets = 2
2025-12-13 21:21:51,414 - INFO - phi = [-0.09625735  2.42039148  0.4390197   0.5188001 ]
2025-12-13 21:21:51,429 - INFO - num_full_subsets = 2
2025-12-13 21:21:51,434 - INFO - phi = [-0.09836263 -0.03684019  0.18933421  0.47069942]
2025-12-13 21:21:51,449 - INFO - num_full_subsets = 2
2025-12-13 21:21:51,455 - INFO - phi = [-0.10014282 -0.63271887 -0.60430895 -0.1546093 ]
2025-12-13 21:21:51,469 - INFO - num_full_subsets = 2
2025-12-13 21:21:51,475 - INFO - phi = [-0.09891991 -0.46992727 -0.26545007 -0.51536433]
2025-12-13 21:21:51,490 - INFO - num_full_subsets = 2
2025-12-13 21:21:51,495 - INFO - phi = [-0.09800659  0.28567146 -0.44379685  0.61500144]
2025-12-13 21:21:51,511 - INFO - num_full_subsets = 2
2025-12-13 21:21:51,516 - INFO - phi = [-0.09932239 -0.47914189  0.51035842 -0.92422004]
2025-12-13 21:21:51,531 - INFO - num_full_subsets = 2
2025-12-13 21:21:51,536 - INFO - phi = [-0.09949267 -0.48528497  0.04665679  0.71120278]
2025-12-13 21:21:51,551 - INFO - num_full_subsets = 2
2025-12-13 21:21:51,557 - INFO - phi = [ 0.3894729  -0.19348871 -0.22978072 -0.8280187 ]
2025-12-13 21:21:51,572 - INFO - num_full_subsets = 2
2025-12-13 21:21:51,577 - INFO - phi = [-0.10110258 -0.18734563 -0.37245814  0.61500144]
2025-12-13 21:21:51,592 - INFO - num_full_subsets = 2
2025-12-13 21:21:51,598 - INFO - phi = [0.27027719 0.02151906 0.1625822  0.27829674]
2025-12-13 21:21:51,613 - INFO - num_full_subsets = 2
2025-12-13 21:21:51,619 - INFO - phi = [-0.01176772 -0.35320877 -0.47946621  0.37449808]
2025-12-13 21:21:51,634 - INFO - num_full_subsets = 2
2025-12-13 21:21:51,639 - INFO - phi = [-0.10071558 -0.55900192  0.21608623  0.71120278]
2025-12-13 21:21:51,654 - INFO - num_full_subsets = 2
2025-12-13 21:21:51,660 - INFO - phi = [-0.1003131  -0.62350425 -0.55080492 -0.44321333]
2025-12-13 21:21:51,675 - INFO - num_full_subsets = 2
2025-12-13 21:21:51,680 - INFO - phi = [-0.09891991  4.90833855  0.01990477  0.47069942]
2025-12-13 21:21:51,695 - INFO - num_full_subsets = 2
2025-12-13 21:21:51,701 - INFO - phi = [ 0.35386899 -0.02148249 -0.31003677 -0.92422004]
2025-12-13 21:21:51,716 - INFO - num_full_subsets = 2
2025-12-13 21:21:51,722 - INFO - phi = [-0.07864116  0.51603693  0.51035842  0.56690077]
2025-12-13 21:21:51,737 - INFO - num_full_subsets = 2
2025-12-13 21:21:51,742 - INFO - phi = [-0.09665983  0.55289541  0.50144108  0.80740412]
2025-12-13 21:21:51,757 - INFO - num_full_subsets = 2
2025-12-13 21:21:51,763 - INFO - phi = [-0.10022022 -0.45456958  0.26067293 -0.20270997]
2025-12-13 21:21:51,777 - INFO - num_full_subsets = 2
2025-12-13 21:21:51,783 - INFO - phi = [-0.07353277  0.54675233  0.53711043  0.56690077]
2025-12-13 21:21:51,798 - INFO - num_full_subsets = 2
2025-12-13 21:21:51,803 - INFO - phi = [-0.09653599 -0.30406414  0.39443301 -0.41916299]
2025-12-13 21:21:51,819 - INFO - num_full_subsets = 2
2025-12-13 21:21:51,824 - INFO - phi = [-0.09950815 -0.63271887 -0.34570612 -0.53941467]
2025-12-13 21:21:51,839 - INFO - num_full_subsets = 2
2025-12-13 21:21:51,845 - INFO - phi = [-0.09981775 -0.55900192 -0.0425166   0.23019607]
2025-12-13 21:21:51,860 - INFO - num_full_subsets = 2
2025-12-13 21:21:51,865 - INFO - phi = [0.02801578 0.34095918 0.34984632 0.63905177]
2025-12-13 21:21:51,880 - INFO - num_full_subsets = 2
2025-12-13 21:21:51,886 - INFO - phi = [-0.09692299  0.21502605  0.69762253 -2.05458581]
2025-12-13 21:21:51,901 - INFO - num_full_subsets = 2
2025-12-13 21:21:51,906 - INFO - phi = [-0.09944623  1.30235107  0.39443301  0.03779338]
2025-12-13 21:21:51,922 - INFO - num_full_subsets = 2
2025-12-13 21:21:51,927 - INFO - phi = [ 0.2269333   0.14745218 -0.00684724  0.01374305]
2025-12-13 21:21:51,942 - INFO - num_full_subsets = 2
2025-12-13 21:21:51,948 - INFO - phi = [-0.09935335 -0.06755559 -0.34570612  0.73525312]
2025-12-13 21:21:51,962 - INFO - num_full_subsets = 2
2025-12-13 21:21:51,968 - INFO - phi = [ 0.44829676  0.1413091  -0.54188758 -0.58751534]
2025-12-13 21:21:51,983 - INFO - num_full_subsets = 2
2025-12-13 21:21:51,988 - INFO - phi = [ 0.0195018  -0.26413412 -0.35462346  0.5188001 ]
2025-12-13 21:21:52,003 - INFO - num_full_subsets = 2
2025-12-13 21:21:52,009 - INFO - phi = [-0.02709288 -0.37163801 -0.34570612  0.83145446]
2025-12-13 21:21:52,024 - INFO - num_full_subsets = 2
2025-12-13 21:21:52,030 - INFO - phi = [-0.09938431 -0.6112181   0.10907816 -0.01030729]
2025-12-13 21:21:52,044 - INFO - num_full_subsets = 2
2025-12-13 21:21:52,050 - INFO - phi = [-0.09717067  0.19966836  0.23392091  0.54285043]
2025-12-13 21:21:52,065 - INFO - num_full_subsets = 2
2025-12-13 21:21:52,070 - INFO - phi = [-0.09978679 -0.38392417  0.28742494  0.87955513]
2025-12-13 21:21:52,085 - INFO - num_full_subsets = 2
2025-12-13 21:21:52,091 - INFO - phi = [-0.08622634  0.65425622  0.24283825  0.2542464 ]
2025-12-13 21:21:52,106 - INFO - num_full_subsets = 2
2025-12-13 21:21:52,111 - INFO - phi = [-0.1007001  -0.33170799  0.18041688 -0.87611937]
2025-12-13 21:21:52,127 - INFO - num_full_subsets = 2
2025-12-13 21:21:52,132 - INFO - phi = [-0.09932239 -0.29484952  0.36768099  0.06184372]
2025-12-13 21:21:52,147 - INFO - num_full_subsets = 2
2025-12-13 21:21:52,152 - INFO - phi = [-0.09794467 -0.46992727  0.73329189 -1.26092473]
2025-12-13 21:21:52,167 - INFO - num_full_subsets = 2
2025-12-13 21:21:52,173 - INFO - phi = [ 0.48235267 -0.05526943  0.20716889 -0.46726366]
2025-12-13 21:21:52,188 - INFO - num_full_subsets = 2
2025-12-13 21:21:52,193 - INFO - phi = [ 0.33838903  0.08294985 -0.0425166  -0.491314  ]
2025-12-13 21:21:52,208 - INFO - num_full_subsets = 2
2025-12-13 21:21:52,214 - INFO - phi = [-0.0956072   0.15052372 -0.12277265  0.23019607]
2025-12-13 21:21:52,231 - INFO - num_full_subsets = 2
2025-12-13 21:21:52,238 - INFO - phi = [-0.01532811 -0.18120255  0.03773945  1.02385714]
2025-12-13 21:21:52,254 - INFO - num_full_subsets = 2
2025-12-13 21:21:52,260 - INFO - phi = [-0.09904375 -0.66343427 -0.05143394 -0.51536433]
2025-12-13 21:21:52,277 - INFO - num_full_subsets = 2
2025-12-13 21:21:52,282 - INFO - phi = [-0.1007001  -0.09827098 -0.40812749  0.08589406]
2025-12-13 21:21:52,299 - INFO - num_full_subsets = 2
2025-12-13 21:21:52,305 - INFO - phi = [-0.10037502 -0.58971732 -0.55080492 -0.27486098]
2025-12-13 21:21:52,321 - INFO - num_full_subsets = 2
2025-12-13 21:21:52,327 - INFO - phi = [-0.10133478  0.80476166 -0.50621822  0.01374305]
2025-12-13 21:21:52,344 - INFO - num_full_subsets = 2
2025-12-13 21:21:52,350 - INFO - phi = [-0.10032858 -0.52828653 -0.62214363  0.66310211]
2025-12-13 21:21:52,365 - INFO - num_full_subsets = 2
2025-12-13 21:21:52,371 - INFO - phi = [-0.09785179 -0.36549493  0.3230943   0.42259875]
2025-12-13 21:21:52,387 - INFO - num_full_subsets = 2
2025-12-13 21:21:52,393 - INFO - phi = [ 0.41888483 -0.01841095  0.44793704 -0.85206903]
2025-12-13 21:21:52,409 - INFO - num_full_subsets = 2
2025-12-13 21:21:52,415 - INFO - phi = [-0.09944623  0.21809759  0.18933421  0.23019607]
2025-12-13 21:21:52,432 - INFO - num_full_subsets = 2
2025-12-13 21:21:52,437 - INFO - phi = [ 0.0612977  -0.28256336 -0.32787144  0.75930345]
2025-12-13 21:21:52,455 - INFO - num_full_subsets = 2
2025-12-13 21:21:52,460 - INFO - phi = [ 0.54891651  0.07066369  0.57277979 -0.99637104]
2025-12-13 21:21:52,477 - INFO - num_full_subsets = 2
2025-12-13 21:21:52,483 - INFO - phi = [-0.09774343 -0.49142805  0.75112657 -0.8280187 ]
2025-12-13 21:21:52,498 - INFO - num_full_subsets = 2
2025-12-13 21:21:52,503 - INFO - phi = [-0.1005453   0.6296839  -0.35462346  0.68715244]
2025-12-13 21:21:52,518 - INFO - num_full_subsets = 2
2025-12-13 21:21:52,524 - INFO - phi = [-0.10065366 -0.57743116  0.06449147 -0.70776702]
2025-12-13 21:21:52,539 - INFO - num_full_subsets = 2
2025-12-13 21:21:52,544 - INFO - phi = [-0.09910567 -0.60200348  0.60844914 -1.69383077]
2025-12-13 21:21:52,560 - INFO - num_full_subsets = 2
2025-12-13 21:21:52,565 - INFO - phi = [ 0.15727347 -0.27642028 -0.59539161 -0.05840796]
2025-12-13 21:21:52,580 - INFO - num_full_subsets = 2
2025-12-13 21:21:52,585 - INFO - phi = [-0.07198477 -0.06755559 -0.38137548 -0.08245829]
2025-12-13 21:21:52,600 - INFO - num_full_subsets = 2
2025-12-13 21:21:52,606 - INFO - phi = [ 0.41424084 -0.24877642  0.08232615 -0.73181735]
2025-12-13 21:21:52,621 - INFO - num_full_subsets = 2
2025-12-13 21:21:52,626 - INFO - phi = [-0.09901279  3.12684559  0.21608623  0.49474976]
2025-12-13 21:21:52,641 - INFO - num_full_subsets = 2
2025-12-13 21:21:52,646 - INFO - phi = [ 0.08451765 -0.22727565 -0.55080492  0.75930345]
2025-12-13 21:21:52,663 - INFO - num_full_subsets = 2
2025-12-13 21:21:52,669 - INFO - phi = [-0.10088586 -0.5958604   0.26067293 -2.67989453]
2025-12-13 21:21:52,685 - INFO - num_full_subsets = 2
2025-12-13 21:21:52,691 - INFO - phi = [ 0.13560152 -0.0921279   0.47468906  0.54285043]
2025-12-13 21:21:52,708 - INFO - num_full_subsets = 2
2025-12-13 21:21:52,714 - INFO - phi = [-0.07693836  0.34403072 -0.47054887  0.35044775]
2025-12-13 21:21:52,730 - INFO - num_full_subsets = 2
2025-12-13 21:21:52,736 - INFO - phi = [-0.10029762  7.64200878  0.12691284 -0.70776702]
2025-12-13 21:21:52,751 - INFO - num_full_subsets = 2
2025-12-13 21:21:52,756 - INFO - phi = [-0.07926036  0.24574145  0.13583018  0.23019607]
2025-12-13 21:21:52,774 - INFO - num_full_subsets = 2
2025-12-13 21:21:52,780 - INFO - phi = [-0.09924499 -0.55593038  0.45685438 -0.491314  ]
2025-12-13 21:21:52,796 - INFO - num_full_subsets = 2
2025-12-13 21:21:52,802 - INFO - phi = [-0.10080846 -0.56821654  0.17149954 -0.73181735]
2025-12-13 21:21:52,819 - INFO - num_full_subsets = 2
2025-12-13 21:21:52,825 - INFO - phi = [ 0.44829676 -0.24570488 -0.02468192 -1.21282406]
2025-12-13 21:21:52,841 - INFO - num_full_subsets = 2
2025-12-13 21:21:52,847 - INFO - phi = [-0.10080846 -0.2702772  -0.37245814  0.13399473]
2025-12-13 21:21:52,863 - INFO - num_full_subsets = 2
2025-12-13 21:21:52,869 - INFO - phi = [-0.08926041 -0.41156802 -0.05143394  0.27829674]
2025-12-13 21:21:52,885 - INFO - num_full_subsets = 2
2025-12-13 21:21:52,891 - INFO - phi = [ 0.01702501  0.04916292 -0.32787144  0.06184372]
2025-12-13 21:21:52,905 - INFO - num_full_subsets = 2
2025-12-13 21:21:52,911 - INFO - phi = [ 0.29814112 -0.11362868  0.45685438  0.35044775]
2025-12-13 21:21:52,926 - INFO - num_full_subsets = 2
2025-12-13 21:21:52,931 - INFO - phi = [-0.06470919 -0.08598483  0.24283825  0.08589406]
2025-12-13 21:21:52,946 - INFO - num_full_subsets = 2
2025-12-13 21:21:52,952 - INFO - phi = [ 0.48235267  0.31331532 -0.02468192 -0.94827037]
2025-12-13 21:21:52,967 - INFO - num_full_subsets = 2
2025-12-13 21:21:52,973 - INFO - phi = [-0.10040598 -0.62657579 -0.30111943  0.03779338]
2025-12-13 21:21:52,988 - INFO - num_full_subsets = 2
2025-12-13 21:21:52,993 - INFO - phi = [-0.09953911 -0.31942183  0.15366486  0.23019607]
2025-12-13 21:21:53,008 - INFO - num_full_subsets = 2
2025-12-13 21:21:53,014 - INFO - phi = [-0.09944623 -0.64500503 -0.39029282 -0.1546093 ]
2025-12-13 21:21:53,028 - INFO - num_full_subsets = 2
2025-12-13 21:21:53,034 - INFO - phi = [-0.1005453   0.6296839  -0.35462346  0.68715244]
2025-12-13 21:21:53,049 - INFO - num_full_subsets = 2
2025-12-13 21:21:53,055 - INFO - phi = [-0.10060722 -0.57743116 -0.86291178 -0.20270997]
2025-12-13 21:21:53,069 - INFO - num_full_subsets = 2
2025-12-13 21:21:53,075 - INFO - phi = [-0.09950815 -0.58971732 -0.40812749  0.42259875]
2025-12-13 21:21:53,090 - INFO - num_full_subsets = 2
2025-12-13 21:21:53,096 - INFO - phi = [-0.09927595 -0.60200348  0.66195318 -2.17483749]
2025-12-13 21:21:53,111 - INFO - num_full_subsets = 2
2025-12-13 21:21:53,116 - INFO - phi = [ 0.09225763 -0.34092261 -0.48838355  0.63905177]
2025-12-13 21:21:53,131 - INFO - num_full_subsets = 2
2025-12-13 21:21:53,137 - INFO - phi = [-0.09953911 -0.55593038  0.17149954 -0.58751534]
2025-12-13 21:21:53,151 - INFO - num_full_subsets = 2
2025-12-13 21:21:53,157 - INFO - phi = [-0.09981775 -0.64500503 -0.00684724 -1.45332742]
2025-12-13 21:21:53,172 - INFO - num_full_subsets = 2
2025-12-13 21:21:53,177 - INFO - phi = [-0.07090118 -0.17505947 -0.47054887  0.47069942]
2025-12-13 21:21:53,193 - INFO - num_full_subsets = 2
2025-12-13 21:21:53,198 - INFO - phi = [-0.09665983  0.03687676  0.4836064   0.63905177]
2025-12-13 21:21:53,213 - INFO - num_full_subsets = 2
2025-12-13 21:21:53,219 - INFO - phi = [-0.10073106 -0.61736117 -0.51513556  0.42259875]
2025-12-13 21:21:53,234 - INFO - num_full_subsets = 2
2025-12-13 21:21:53,239 - INFO - phi = [-0.1002357   7.64200878  0.23392091 -0.22676031]
2025-12-13 21:21:53,254 - INFO - num_full_subsets = 2
2025-12-13 21:21:53,260 - INFO - phi = [ 0.27801717 -0.02148249  0.61736648  0.61500144]
2025-12-13 21:21:53,274 - INFO - num_full_subsets = 2
2025-12-13 21:21:53,280 - INFO - phi = [-0.10087038  0.19352528 -0.06035128  0.5188001 ]
2025-12-13 21:21:53,296 - INFO - num_full_subsets = 2
2025-12-13 21:21:53,301 - INFO - phi = [-0.09994158 -0.57128808  0.57277979 -1.11662272]
2025-12-13 21:21:53,316 - INFO - num_full_subsets = 2
2025-12-13 21:21:53,322 - INFO - phi = [-0.10105614 -0.60814656 -0.41704483  0.44664909]
2025-12-13 21:21:53,336 - INFO - num_full_subsets = 2
2025-12-13 21:21:53,342 - INFO - phi = [-0.10119546  0.288743    0.12691284  1.12005848]
2025-12-13 21:21:53,357 - INFO - num_full_subsets = 2
2025-12-13 21:21:53,363 - INFO - phi = [-0.1012419  -0.22727565  0.28742494 -0.13055896]
2025-12-13 21:21:53,377 - INFO - num_full_subsets = 2
2025-12-13 21:21:53,383 - INFO - phi = [-0.09891991 -0.25184796 -0.47946621  0.47069942]
2025-12-13 21:21:53,399 - INFO - num_full_subsets = 2
2025-12-13 21:21:53,404 - INFO - phi = [-0.08774337 -0.03069711 -0.22978072 -0.08245829]
2025-12-13 21:21:53,419 - INFO - num_full_subsets = 2
2025-12-13 21:21:53,425 - INFO - phi = [ 0.09999761  0.04916292 -0.06035128  0.56690077]
2025-12-13 21:21:53,439 - INFO - num_full_subsets = 2
2025-12-13 21:21:53,445 - INFO - phi = [-0.09870319 -0.52828653  0.65303584 -1.6457301 ]
2025-12-13 21:21:53,460 - INFO - num_full_subsets = 2
2025-12-13 21:21:53,465 - INFO - phi = [-0.09395084  0.07373523 -0.45271419  0.80740412]
2025-12-13 21:21:53,480 - INFO - num_full_subsets = 2
2025-12-13 21:21:53,486 - INFO - phi = [ 0.39876088  0.29488608 -0.41704483 -0.03435762]
2025-12-13 21:21:53,501 - INFO - num_full_subsets = 2
2025-12-13 21:21:53,507 - INFO - phi = [-0.10083942 -0.60200348 -0.89858114 -0.41916299]
2025-12-13 21:21:53,522 - INFO - num_full_subsets = 2
2025-12-13 21:21:53,527 - INFO - phi = [-0.08684554 -0.23341873  0.01990477  0.56690077]
2025-12-13 21:21:53,542 - INFO - num_full_subsets = 2
2025-12-13 21:21:53,548 - INFO - phi = [-0.03514246 -0.25184796 -0.158442    1.12005848]
2025-12-13 21:21:53,562 - INFO - num_full_subsets = 2
2025-12-13 21:21:53,568 - INFO - phi = [-0.10136574  0.08602139  0.06449147  0.56690077]
2025-12-13 21:21:53,583 - INFO - num_full_subsets = 2
2025-12-13 21:21:53,588 - INFO - phi = [-0.09836263 -0.52521499  0.50144108  0.47069942]
2025-12-13 21:21:53,604 - INFO - num_full_subsets = 2
2025-12-13 21:21:53,609 - INFO - phi = [-0.09885799 -0.565145    0.4390197  -0.08245829]
2025-12-13 21:21:53,624 - INFO - num_full_subsets = 2
2025-12-13 21:21:53,630 - INFO - phi = [-0.10090134  0.19352528 -0.33678878  0.49474976]
2025-12-13 21:21:53,645 - INFO - num_full_subsets = 2
2025-12-13 21:21:53,650 - INFO - phi = [-0.09652051 -0.26720566  0.43010237 -1.2368744 ]
2025-12-13 21:21:53,665 - INFO - num_full_subsets = 2
2025-12-13 21:21:53,671 - INFO - phi = [-0.09926047 -0.63579041 -0.2030287  -0.1546093 ]
2025-12-13 21:21:53,685 - INFO - num_full_subsets = 2
2025-12-13 21:21:53,691 - INFO - phi = [-0.04334684 -0.15663024  0.24283825  1.16815915]
2025-12-13 21:21:53,707 - INFO - num_full_subsets = 2
2025-12-13 21:21:53,712 - INFO - phi = [-0.03080807 -0.22113257 -0.01576458  0.42259875]
2025-12-13 21:21:53,727 - INFO - num_full_subsets = 2
2025-12-13 21:21:53,732 - INFO - phi = [-0.10014282 -0.66036273 -0.75590371 -0.491314  ]
2025-12-13 21:21:53,747 - INFO - num_full_subsets = 2
2025-12-13 21:21:53,753 - INFO - phi = [-0.09805303 -0.51907191  0.70653987 -0.63561601]
2025-12-13 21:21:53,767 - INFO - num_full_subsets = 2
2025-12-13 21:21:53,773 - INFO - phi = [-0.0613036   0.57132465  0.15366486  0.5188001 ]
2025-12-13 21:21:53,788 - INFO - num_full_subsets = 2
2025-12-13 21:21:53,794 - INFO - phi = [0.00789183 0.01537598 0.26959026 0.97575647]
2025-12-13 21:21:53,809 - INFO - num_full_subsets = 2
2025-12-13 21:21:53,815 - INFO - phi = [ 0.03451737 -0.08598483  0.35876365  0.06184372]
2025-12-13 21:21:53,830 - INFO - num_full_subsets = 2
2025-12-13 21:21:53,835 - INFO - phi = [ 0.36934895  0.08909293 -0.3635408  -0.25081064]
2025-12-13 21:21:53,850 - INFO - num_full_subsets = 2
2025-12-13 21:21:53,856 - INFO - phi = [-0.08127275  0.11059371  0.56386245  0.5188001 ]
2025-12-13 21:21:53,870 - INFO - num_full_subsets = 2
2025-12-13 21:21:53,876 - INFO - phi = [-0.10056078 -0.47914189  0.3230943  -1.11662272]
2025-12-13 21:21:53,891 - INFO - num_full_subsets = 2
2025-12-13 21:21:53,896 - INFO - phi = [-0.09232544  0.08294985 -0.41704483  0.08589406]
2025-12-13 21:21:53,912 - INFO - num_full_subsets = 2
2025-12-13 21:21:53,918 - INFO - phi = [ 0.11702557  0.19352528 -0.43487951  0.42259875]
2025-12-13 21:21:53,932 - INFO - num_full_subsets = 2
2025-12-13 21:21:53,938 - INFO - phi = [-0.10097874 -0.57435962 -0.40812749  0.37449808]
2025-12-13 21:21:53,952 - INFO - num_full_subsets = 2
2025-12-13 21:21:53,958 - INFO - phi = [-0.08774337 -0.03069711 -0.22978072 -0.08245829]
2025-12-13 21:21:54,455 - INFO - Computing feature importance...
2025-12-13 21:21:54,867 - INFO - Experiment completed for ElasticNet
2025-12-13 21:21:54,867 - INFO - Total time: 14.88s (0.25 min)
2025-12-13 21:21:54,867 - INFO - Starting comprehensive experiment for ElasticNet
2025-12-13 21:22:03,164 - INFO - Performing feature analysis...
2025-12-13 21:22:04,338 - INFO - Model justification: Linear model with L1 and L2 regularization for handling multicollinearity
2025-12-13 21:22:04,338 - INFO - Performing robust cross-validation...
2025-12-13 21:22:04,372 - INFO - CV Results - MSE: 2.9453 ± 0.2762
2025-12-13 21:22:04,372 - INFO - Starting hyperparameter optimization...
2025-12-13 21:22:04,956 - INFO - Best parameters for ElasticNet: {'alpha': 0.01915100014336651, 'l1_ratio': 0.10368664611604819}
2025-12-13 21:22:04,956 - INFO - ⏱️ HPO took 0.58 seconds
2025-12-13 21:22:04,956 - INFO - Training final model...
2025-12-13 21:22:04,957 - INFO - ⏱️ Training took 0.00 seconds
2025-12-13 21:22:04,957 - INFO - Performing residual analysis...
2025-12-13 21:22:06,035 - INFO - Generating XAI explanations...
2025-12-13 21:22:06,035 - WARNING - Using 168 background data samples could cause slower run times. Consider using shap.sample(data, K) or shap.kmeans(data, K) to summarize the background as K samples.
2025-12-13 21:22:06,050 - INFO - num_full_subsets = 2
2025-12-13 21:22:06,056 - INFO - phi = [-0.17067216 -0.13933304  0.68713852 -3.51715579]
2025-12-13 21:22:06,071 - INFO - num_full_subsets = 2
2025-12-13 21:22:06,076 - INFO - phi = [ 0.84086234 -0.06220905 -0.06909071 -1.25215465]
2025-12-13 21:22:06,091 - INFO - num_full_subsets = 2
2025-12-13 21:22:06,097 - INFO - phi = [0.10844682 0.33653837 0.14195    0.78119865]
2025-12-13 21:22:06,112 - INFO - num_full_subsets = 2
2025-12-13 21:22:06,118 - INFO - phi = [-0.15144626 -0.11800087 -0.14823098  0.54955081]
2025-12-13 21:22:06,132 - INFO - num_full_subsets = 2
2025-12-13 21:22:06,138 - INFO - phi = [ 0.63773147  0.11337109 -0.08667744 -0.47999517]
2025-12-13 21:22:06,153 - INFO - num_full_subsets = 2
2025-12-13 21:22:06,159 - INFO - phi = [-0.1736476  -0.26896698  0.238677   -2.61630307]
2025-12-13 21:22:06,174 - INFO - num_full_subsets = 2
2025-12-13 21:22:06,180 - INFO - phi = [-0.10784464  0.05101553 -0.39444515  0.54955081]
2025-12-13 21:22:06,195 - INFO - num_full_subsets = 2
2025-12-13 21:22:06,201 - INFO - phi = [-0.17012857 -0.22630264  0.67834515 -2.02431413]
2025-12-13 21:22:06,216 - INFO - num_full_subsets = 2
2025-12-13 21:22:06,221 - INFO - phi = [-0.08381226 -0.04744063 -0.68462613  0.29216431]
2025-12-13 21:22:06,238 - INFO - num_full_subsets = 2
2025-12-13 21:22:06,243 - INFO - phi = [0.07611754 0.02311961 0.3090239  0.11199377]
2025-12-13 21:22:06,259 - INFO - num_full_subsets = 2
2025-12-13 21:22:06,265 - INFO - phi = [-0.1742198   0.44648108 -0.55272568  0.24068701]
2025-12-13 21:22:06,280 - INFO - num_full_subsets = 2
2025-12-13 21:22:06,289 - INFO - phi = [-0.17124436  0.35294773  0.36178408  0.8069373 ]
2025-12-13 21:22:06,304 - INFO - num_full_subsets = 2
2025-12-13 21:22:06,310 - INFO - phi = [-0.17055772 -0.2607623  -0.2625447   0.24068701]
2025-12-13 21:22:06,325 - INFO - num_full_subsets = 2
2025-12-13 21:22:06,337 - INFO - phi = [-0.16844058 -0.12784649  0.71351861 -2.48760982]
2025-12-13 21:22:06,353 - INFO - num_full_subsets = 2
2025-12-13 21:22:06,364 - INFO - phi = [-0.17281791 -0.20004767  0.52006462  0.83267595]
2025-12-13 21:22:06,382 - INFO - num_full_subsets = 2
2025-12-13 21:22:06,394 - INFO - phi = [-0.17290374 -0.17379269  0.21229691 -0.17113138]
2025-12-13 21:22:06,417 - INFO - num_full_subsets = 2
2025-12-13 21:22:06,430 - INFO - phi = [-0.14904302  0.0772705   0.10677655  0.52381216]
2025-12-13 21:22:06,445 - INFO - num_full_subsets = 2
2025-12-13 21:22:06,451 - INFO - phi = [-0.06779067 -0.01462191  0.19471018  1.29597164]
2025-12-13 21:22:06,466 - INFO - num_full_subsets = 2
2025-12-13 21:22:06,472 - INFO - phi = [-0.17321845 -0.19348392 -0.10426416 -0.17113138]
2025-12-13 21:22:06,487 - INFO - num_full_subsets = 2
2025-12-13 21:22:06,492 - INFO - phi = [-0.16228944  0.04609272  0.08039646  0.34364161]
2025-12-13 21:22:06,508 - INFO - num_full_subsets = 2
2025-12-13 21:22:06,514 - INFO - phi = [-0.17072938 -0.17051082  0.10677655 -0.94329086]
2025-12-13 21:22:06,529 - INFO - num_full_subsets = 2
2025-12-13 21:22:06,535 - INFO - phi = [-0.03775019 -0.12948742 -0.38565178  0.93563055]
2025-12-13 21:22:06,550 - INFO - num_full_subsets = 2
2025-12-13 21:22:06,555 - INFO - phi = [-0.17267486 -0.1557424  -0.08667744  0.08625512]
2025-12-13 21:22:06,570 - INFO - num_full_subsets = 2
2025-12-13 21:22:06,576 - INFO - phi = [-0.17456312 -0.14753772 -0.15702434  0.72972135]
2025-12-13 21:22:06,591 - INFO - num_full_subsets = 2
2025-12-13 21:22:06,597 - INFO - phi = [-0.17381926 -0.22958451  0.16833009  0.8069373 ]
2025-12-13 21:22:06,612 - INFO - num_full_subsets = 2
2025-12-13 21:22:06,618 - INFO - phi = [-0.16832614 -0.17379269  0.58161816 -1.86988224]
2025-12-13 21:22:06,633 - INFO - num_full_subsets = 2
2025-12-13 21:22:06,639 - INFO - phi = [-0.04890808  0.23808222 -0.2625447   0.54955081]
2025-12-13 21:22:06,654 - INFO - num_full_subsets = 2
2025-12-13 21:22:06,659 - INFO - phi = [-0.1716449  -0.27881259 -0.64945268  0.08625512]
2025-12-13 21:22:06,674 - INFO - num_full_subsets = 2
2025-12-13 21:22:06,680 - INFO - phi = [0.52615254 0.05757927 0.56403143 0.7039827 ]
2025-12-13 21:22:06,695 - INFO - num_full_subsets = 2
2025-12-13 21:22:06,700 - INFO - phi = [-0.1730754   0.14290794 -0.57031241  0.39511891]
2025-12-13 21:22:06,716 - INFO - num_full_subsets = 2
2025-12-13 21:22:06,736 - INFO - phi = [-0.16546515 -0.11143713  0.44092435 -1.30363195]
2025-12-13 21:22:06,751 - INFO - num_full_subsets = 2
2025-12-13 21:22:06,756 - INFO - phi = [-0.17098687 -0.06549092 -0.63186595  0.49807351]
2025-12-13 21:22:06,771 - INFO - num_full_subsets = 2
2025-12-13 21:22:06,777 - INFO - phi = [-0.11528324  0.42350798  0.3090239   0.24068701]
2025-12-13 21:22:06,792 - INFO - num_full_subsets = 2
2025-12-13 21:22:06,798 - INFO - phi = [ 0.04836585 -0.07205467 -0.39444515  0.6010281 ]
2025-12-13 21:22:06,813 - INFO - num_full_subsets = 2
2025-12-13 21:22:06,818 - INFO - phi = [0.2944117  0.03788804 0.54644471 0.67824405]
2025-12-13 21:22:06,834 - INFO - num_full_subsets = 2
2025-12-13 21:22:06,840 - INFO - phi = [-0.17170212  0.25613251 -0.41203187  0.6010281 ]
2025-12-13 21:22:06,855 - INFO - num_full_subsets = 2
2025-12-13 21:22:06,860 - INFO - phi = [-0.08695936  0.16752197  0.39695753  0.54955081]
2025-12-13 21:22:06,875 - INFO - num_full_subsets = 2
2025-12-13 21:22:06,881 - INFO - phi = [ 0.26007972  0.56134659 -0.36806506  0.03477782]
2025-12-13 21:22:06,896 - INFO - num_full_subsets = 2
2025-12-13 21:22:06,901 - INFO - phi = [-0.15553748  0.24956877 -0.27133806  0.8069373 ]
2025-12-13 21:22:06,916 - INFO - num_full_subsets = 2
2025-12-13 21:22:06,922 - INFO - phi = [-0.17327567 -0.15081959  0.34419736  0.78119865]
2025-12-13 21:22:06,938 - INFO - num_full_subsets = 2
2025-12-13 21:22:06,943 - INFO - phi = [-0.17155907 -0.19020205  0.00125619  0.8069373 ]
2025-12-13 21:22:06,958 - INFO - num_full_subsets = 2
2025-12-13 21:22:06,964 - INFO - phi = [-0.16958498 -0.19020205  0.49368453 -0.01669948]
2025-12-13 21:22:06,979 - INFO - num_full_subsets = 2
2025-12-13 21:22:06,984 - INFO - phi = [-0.17130158  0.03296523 -0.38565178  0.83267595]
2025-12-13 21:22:06,999 - INFO - num_full_subsets = 2
2025-12-13 21:22:07,005 - INFO - phi = [-0.17153046 -0.242712   -0.20978452  0.06051647]
2025-12-13 21:22:07,021 - INFO - num_full_subsets = 2
2025-12-13 21:22:07,027 - INFO - phi = [-0.1702144  -0.24107107 -0.05150398  0.34364161]
2025-12-13 21:22:07,042 - INFO - num_full_subsets = 2
2025-12-13 21:22:07,048 - INFO - phi = [-0.16829753 -0.08354122 -0.05150398  0.9613692 ]
2025-12-13 21:22:07,063 - INFO - num_full_subsets = 2
2025-12-13 21:22:07,069 - INFO - phi = [-0.15659605  0.0542974   0.22988364  0.62676675]
2025-12-13 21:22:07,084 - INFO - num_full_subsets = 2
2025-12-13 21:22:07,089 - INFO - phi = [ 1.00680023  0.141267    0.34419736 -0.89181356]
2025-12-13 21:22:07,104 - INFO - num_full_subsets = 2
2025-12-13 21:22:07,110 - INFO - phi = [-0.16563681  0.28238749 -0.42082523  0.03477782]
2025-12-13 21:22:07,125 - INFO - num_full_subsets = 2
2025-12-13 21:22:07,130 - INFO - phi = [-0.16763951  0.69262146  0.06280974  0.42085756]
2025-12-13 21:22:07,146 - INFO - num_full_subsets = 2
2025-12-13 21:22:07,152 - INFO - phi = [-0.17301818 -0.26732604 -0.1658177   0.26642566]
2025-12-13 21:22:07,166 - INFO - num_full_subsets = 2
2025-12-13 21:22:07,172 - INFO - phi = [ 0.78650338  0.0592202   0.39695753 -0.86607491]
2025-12-13 21:22:07,187 - INFO - num_full_subsets = 2
2025-12-13 21:22:07,193 - INFO - phi = [-0.17267486  0.40545768 -0.01633053 -0.27408597]
2025-12-13 21:22:07,208 - INFO - num_full_subsets = 2
2025-12-13 21:22:07,214 - INFO - phi = [-0.17313262 -0.28537634 -0.63186595 -0.19687003]
2025-12-13 21:22:07,229 - INFO - num_full_subsets = 2
2025-12-13 21:22:07,234 - INFO - phi = [-0.17081521 -0.05892718  0.10677655  0.78119865]
2025-12-13 21:22:07,250 - INFO - num_full_subsets = 2
2025-12-13 21:22:07,255 - INFO - phi = [-0.15507972  0.12649858 -0.49117214  0.49807351]
2025-12-13 21:22:07,270 - INFO - num_full_subsets = 2
2025-12-13 21:22:07,276 - INFO - phi = [-0.10097825  0.3742799   0.10677655  0.6010281 ]
2025-12-13 21:22:07,291 - INFO - num_full_subsets = 2
2025-12-13 21:22:07,297 - INFO - phi = [-0.17147324  0.18557227  0.14195     0.29216431]
2025-12-13 21:22:07,312 - INFO - num_full_subsets = 2
2025-12-13 21:22:07,317 - INFO - phi = [-0.17101548 -0.21481609 -0.40323851  1.27023299]
2025-12-13 21:22:07,333 - INFO - num_full_subsets = 2
2025-12-13 21:22:07,343 - INFO - phi = [-0.17316123 -0.25255762  0.44971771 -3.02812146]
2025-12-13 21:22:07,359 - INFO - num_full_subsets = 2
2025-12-13 21:22:07,370 - INFO - phi = [-0.16772534  0.22167286  0.4760978   0.34364161]
2025-12-13 21:22:07,386 - INFO - num_full_subsets = 2
2025-12-13 21:22:07,396 - INFO - phi = [-0.17399092 -0.23450732  0.12436328 -0.73738166]
2025-12-13 21:22:07,412 - INFO - num_full_subsets = 2
2025-12-13 21:22:07,418 - INFO - phi = [-0.03431699  0.06578395  0.45851108  0.34364161]
2025-12-13 21:22:07,435 - INFO - num_full_subsets = 2
2025-12-13 21:22:07,447 - INFO - phi = [ 0.73786641 -0.01954472  0.18591682 -0.11965408]
2025-12-13 21:22:07,463 - INFO - num_full_subsets = 2
2025-12-13 21:22:07,476 - INFO - phi = [ 0.60912149  0.30864246  0.4057509  -0.32556327]
2025-12-13 21:22:07,499 - INFO - num_full_subsets = 2
2025-12-13 21:22:07,506 - INFO - phi = [ 0.77792038 -0.06384999  0.03642965 -0.73738166]
2025-12-13 21:22:07,522 - INFO - num_full_subsets = 2
2025-12-13 21:22:07,527 - INFO - phi = [-0.17433424  0.04609272  0.11556992 -0.29982462]
2025-12-13 21:22:07,542 - INFO - num_full_subsets = 2
2025-12-13 21:22:07,548 - INFO - phi = [ 0.86375033  0.20198163  0.34419736 -1.02050681]
2025-12-13 21:22:07,563 - INFO - num_full_subsets = 2
2025-12-13 21:22:07,569 - INFO - phi = [-0.07179607 -0.12456462 -0.36806506  0.54955081]
2025-12-13 21:22:07,584 - INFO - num_full_subsets = 2
2025-12-13 21:22:07,589 - INFO - phi = [ 0.95530227  0.13306232  0.4760978  -1.0719841 ]
2025-12-13 21:22:07,606 - INFO - num_full_subsets = 2
2025-12-13 21:22:07,611 - INFO - phi = [-0.17187378 -0.26732604 -0.31530488  0.08625512]
2025-12-13 21:22:07,626 - INFO - num_full_subsets = 2
2025-12-13 21:22:07,632 - INFO - phi = [-0.1684978   0.02311961  0.70472524 -1.68971169]
2025-12-13 21:22:07,647 - INFO - num_full_subsets = 2
2025-12-13 21:22:07,652 - INFO - phi = [-0.17158768 -0.18692018 -0.53513896 -0.01669948]
2025-12-13 21:22:07,667 - INFO - num_full_subsets = 2
2025-12-13 21:22:07,673 - INFO - phi = [-0.16758229 -0.17051082  0.70472524 -1.56101844]
2025-12-13 21:22:07,688 - INFO - num_full_subsets = 2
2025-12-13 21:22:07,694 - INFO - phi = [ 0.31157768 -0.0687728   0.22988364  0.8584146 ]
2025-12-13 21:22:07,710 - INFO - num_full_subsets = 2
2025-12-13 21:22:07,715 - INFO - phi = [-0.171931   -0.12784649 -0.04271062 -0.17113138]
2025-12-13 21:22:07,730 - INFO - num_full_subsets = 2
2025-12-13 21:22:07,736 - INFO - phi = [-0.16632345  0.08875705  0.43213099  0.72972135]
2025-12-13 21:22:07,752 - INFO - num_full_subsets = 2
2025-12-13 21:22:07,757 - INFO - phi = [ 0.52615254 -0.10323245  0.44971771 -0.06817678]
2025-12-13 21:22:07,772 - INFO - num_full_subsets = 2
2025-12-13 21:22:07,778 - INFO - phi = [ 0.80366936  0.18393133 -0.06909071 -0.68590436]
2025-12-13 21:22:07,793 - INFO - num_full_subsets = 2
2025-12-13 21:22:07,799 - INFO - phi = [-0.17170212 -0.25255762 -0.03391726 -0.19687003]
2025-12-13 21:22:07,814 - INFO - num_full_subsets = 2
2025-12-13 21:22:07,820 - INFO - phi = [-0.17158768  0.00506932 -0.32409824  0.8584146 ]
2025-12-13 21:22:07,835 - INFO - num_full_subsets = 2
2025-12-13 21:22:07,841 - INFO - phi = [-0.03088379  0.28238749  0.20350355  0.44659621]
2025-12-13 21:22:07,856 - INFO - num_full_subsets = 2
2025-12-13 21:22:07,862 - INFO - phi = [-0.17296096 -0.06713186 -0.57031241  0.88415325]
2025-12-13 21:22:07,877 - INFO - num_full_subsets = 2
2025-12-13 21:22:07,882 - INFO - phi = [-0.15997203  0.52032319  0.20350355  1.03858514]
2025-12-13 21:22:07,898 - INFO - num_full_subsets = 2
2025-12-13 21:22:07,903 - INFO - phi = [-0.12987433  0.25285064 -0.50875887  0.42085756]
2025-12-13 21:22:07,919 - INFO - num_full_subsets = 2
2025-12-13 21:22:07,925 - INFO - phi = [-0.16886973 -0.16722895  0.12436328 -0.29982462]
2025-12-13 21:22:07,940 - INFO - num_full_subsets = 2
2025-12-13 21:22:07,946 - INFO - phi = [-0.12615503 -0.07861841 -0.40323851  0.26642566]
2025-12-13 21:22:07,961 - INFO - num_full_subsets = 2
2025-12-13 21:22:07,966 - INFO - phi = [ 0.33732667 -0.04251782 -0.29771815  0.54955081]
2025-12-13 21:22:07,981 - INFO - num_full_subsets = 2
2025-12-13 21:22:07,987 - INFO - phi = [-0.16214639  0.19705882 -0.34168497  0.6525054 ]
2025-12-13 21:22:08,002 - INFO - num_full_subsets = 2
2025-12-13 21:22:08,007 - INFO - phi = [-0.1705005  -0.20661141 -0.0954708  -0.06817678]
2025-12-13 21:22:08,032 - INFO - num_full_subsets = 2
2025-12-13 21:22:08,075 - INFO - phi = [-0.17427702 -0.23614826 -0.71100622 -0.76312031]
2025-12-13 21:22:08,090 - INFO - num_full_subsets = 2
2025-12-13 21:22:08,117 - INFO - phi = [-0.17233154 -0.01626285 -0.43841196  0.62676675]
2025-12-13 21:22:08,132 - INFO - num_full_subsets = 2
2025-12-13 21:22:08,151 - INFO - phi = [-0.17442007 -0.10323245 -0.10426416  0.52381216]
2025-12-13 21:22:08,167 - INFO - num_full_subsets = 2
2025-12-13 21:22:08,174 - INFO - phi = [-0.13302143  0.34474305  0.45851108  0.6525054 ]
2025-12-13 21:22:08,189 - INFO - num_full_subsets = 2
2025-12-13 21:22:08,195 - INFO - phi = [ 0.56048452 -0.0507225  -0.37685842 -0.32556327]
2025-12-13 21:22:08,213 - INFO - num_full_subsets = 2
2025-12-13 21:22:08,241 - INFO - phi = [-0.14761252  0.02968336 -0.02512389  0.72972135]
2025-12-13 21:22:08,256 - INFO - num_full_subsets = 2
2025-12-13 21:22:08,262 - INFO - phi = [ 0.04836585 -0.07205467 -0.39444515  0.6010281 ]
2025-12-13 21:22:08,277 - INFO - num_full_subsets = 2
2025-12-13 21:22:08,283 - INFO - phi = [-0.17367621 -0.09995058 -0.28892479 -0.22260868]
2025-12-13 21:22:08,297 - INFO - num_full_subsets = 2
2025-12-13 21:22:08,303 - INFO - phi = [ 0.43173961 -0.03759501  0.28264381  0.21494836]
2025-12-13 21:22:08,318 - INFO - num_full_subsets = 2
2025-12-13 21:22:08,324 - INFO - phi = [-0.14017392  0.06086114  0.51127126  0.47233486]
2025-12-13 21:22:08,339 - INFO - num_full_subsets = 2
2025-12-13 21:22:08,345 - INFO - phi = [ 0.19141576 -0.15410146  0.54644471  1.19301704]
2025-12-13 21:22:08,360 - INFO - num_full_subsets = 2
2025-12-13 21:22:08,366 - INFO - phi = [-0.1658943  -0.03267221  0.53765134  0.52381216]
2025-12-13 21:22:08,381 - INFO - num_full_subsets = 2
2025-12-13 21:22:08,387 - INFO - phi = [-0.171931   -0.2656851  -0.67583276  0.03477782]
2025-12-13 21:22:08,402 - INFO - num_full_subsets = 2
2025-12-13 21:22:08,407 - INFO - phi = [-0.17224571 -0.1376921  -0.8341133   1.06432379]
2025-12-13 21:22:08,422 - INFO - num_full_subsets = 2
2025-12-13 21:22:08,428 - INFO - phi = [-0.16214639 -0.0277494  -0.1658177   0.6010281 ]
2025-12-13 21:22:08,443 - INFO - num_full_subsets = 2
2025-12-13 21:22:08,449 - INFO - phi = [ 0.77505938 -0.20825235 -0.39444515 -0.96902951]
2025-12-13 21:22:08,464 - INFO - num_full_subsets = 2
2025-12-13 21:22:08,470 - INFO - phi = [-0.16889834 -0.20825235  0.65196507 -0.63442707]
2025-12-13 21:22:08,485 - INFO - num_full_subsets = 2
2025-12-13 21:22:08,490 - INFO - phi = [ 0.84086234  0.09532079  0.53765134 -0.63442707]
2025-12-13 21:22:08,505 - INFO - num_full_subsets = 2
2025-12-13 21:22:08,511 - INFO - phi = [-0.17138741 -0.24763481  0.20350355 -1.35510925]
2025-12-13 21:22:08,526 - INFO - num_full_subsets = 2
2025-12-13 21:22:08,531 - INFO - phi = [-0.16117365 -0.01298098 -0.41203187  0.6525054 ]
2025-12-13 21:22:08,547 - INFO - num_full_subsets = 2
2025-12-13 21:22:08,553 - INFO - phi = [-0.15636717  0.00835119  0.13315664  0.49807351]
2025-12-13 21:22:08,568 - INFO - num_full_subsets = 2
2025-12-13 21:22:08,573 - INFO - phi = [-0.17218849 -0.12128274  0.01004956  0.67824405]
2025-12-13 21:22:08,588 - INFO - num_full_subsets = 2
2025-12-13 21:22:08,594 - INFO - phi = [-0.16437797  0.14947168 -0.1658177   0.29216431]
2025-12-13 21:22:08,609 - INFO - num_full_subsets = 2
2025-12-13 21:22:08,614 - INFO - phi = [-0.17241737 -0.22630264  0.31781727 -0.55721112]
2025-12-13 21:22:08,629 - INFO - num_full_subsets = 2
2025-12-13 21:22:08,635 - INFO - phi = [-0.17184517 -0.21317516 -0.27133806 -0.32556327]
2025-12-13 21:22:08,650 - INFO - num_full_subsets = 2
2025-12-13 21:22:08,656 - INFO - phi = [0.06410134 0.25120971 0.30023054 0.72972135]
2025-12-13 21:22:08,671 - INFO - num_full_subsets = 2
2025-12-13 21:22:08,677 - INFO - phi = [-0.17387648 -0.25912136 -0.35927169 -0.01669948]
2025-12-13 21:22:08,692 - INFO - num_full_subsets = 2
2025-12-13 21:22:08,697 - INFO - phi = [-0.1604584  -0.09995058 -0.61427922  0.36938026]
2025-12-13 21:22:08,712 - INFO - num_full_subsets = 2
2025-12-13 21:22:08,718 - INFO - phi = [-0.16818309 -0.13112836  0.69593188 -1.71545034]
2025-12-13 21:22:08,733 - INFO - num_full_subsets = 2
2025-12-13 21:22:08,738 - INFO - phi = [-9.61145515e-02  1.46512134e-04  2.73850451e-01  7.03982701e-01]
2025-12-13 21:22:08,754 - INFO - num_full_subsets = 2
2025-12-13 21:22:08,760 - INFO - phi = [-0.16855502 -0.05400437  0.73110533 -2.20448468]
2025-12-13 21:22:08,775 - INFO - num_full_subsets = 2
2025-12-13 21:22:08,780 - INFO - phi = [ 0.86661132  0.13962606 -0.60548586 -0.58294977]
2025-12-13 21:22:08,795 - INFO - num_full_subsets = 2
2025-12-13 21:22:08,801 - INFO - phi = [-0.06779067 -0.01462191  0.19471018  1.29597164]
2025-12-13 21:22:08,815 - INFO - num_full_subsets = 2
2025-12-13 21:22:08,821 - INFO - phi = [-0.17213127 -0.24599387 -0.34168497  0.72972135]
2025-12-13 21:22:08,836 - INFO - num_full_subsets = 2
2025-12-13 21:22:08,842 - INFO - phi = [ 0.76075439  0.22659567 -0.37685842 -0.37704057]
2025-12-13 21:22:08,858 - INFO - num_full_subsets = 2
2025-12-13 21:22:08,863 - INFO - phi = [-0.11871644 -0.02446753 -0.50875887  0.54955081]
2025-12-13 21:22:08,878 - INFO - num_full_subsets = 2
2025-12-13 21:22:08,884 - INFO - phi = [-0.16975664 -0.00149442 -0.13064425  0.8069373 ]
2025-12-13 21:22:08,899 - INFO - num_full_subsets = 2
2025-12-13 21:22:08,905 - INFO - phi = [ 0.31443868 -0.05728624 -0.38565178  0.29216431]
2025-12-13 21:22:08,920 - INFO - num_full_subsets = 2
2025-12-13 21:22:08,925 - INFO - phi = [-0.17070077 -0.03103127 -0.62307259  0.18920971]
2025-12-13 21:22:08,940 - INFO - num_full_subsets = 2
2025-12-13 21:22:08,946 - INFO - phi = [-0.14389322  0.2052635  -0.14823098  0.39511891]
2025-12-13 21:22:08,962 - INFO - num_full_subsets = 2
2025-12-13 21:22:08,968 - INFO - phi = [ 0.9038043   0.23644128 -0.06909071 -0.96902951]
2025-12-13 21:22:08,982 - INFO - num_full_subsets = 2
2025-12-13 21:22:08,988 - INFO - phi = [-0.17215988 -0.27553072 -0.05150398 -1.50954114]
2025-12-13 21:22:09,003 - INFO - num_full_subsets = 2
2025-12-13 21:22:09,009 - INFO - phi = [-0.17184517 -0.25419855  0.50247789 -1.86988224]
2025-12-13 21:22:09,045 - INFO - num_full_subsets = 2
2025-12-13 21:22:09,059 - INFO - phi = [-0.17032884 -0.1967658   0.55523807 -0.32556327]
2025-12-13 21:22:09,092 - INFO - num_full_subsets = 2
2025-12-13 21:22:09,106 - INFO - phi = [-0.17161629 -0.21809796  0.3090239  -1.0719841 ]
2025-12-13 21:22:09,136 - INFO - num_full_subsets = 2
2025-12-13 21:22:09,142 - INFO - phi = [-0.16812587 -0.20661141  0.60799825 -1.86988224]
2025-12-13 21:22:09,157 - INFO - num_full_subsets = 2
2025-12-13 21:22:09,162 - INFO - phi = [0.24291373 0.0772705  0.05401637 0.62676675]
2025-12-13 21:22:09,177 - INFO - num_full_subsets = 2
2025-12-13 21:22:09,183 - INFO - phi = [0.32016068 0.32012901 0.54644471 0.44659621]
2025-12-13 21:22:09,198 - INFO - num_full_subsets = 2
2025-12-13 21:22:09,204 - INFO - phi = [-0.17290374 -0.25583949  0.11556992 -0.76312031]
2025-12-13 21:22:09,219 - INFO - num_full_subsets = 2
2025-12-13 21:22:09,224 - INFO - phi = [-0.06779067  0.07891144  0.24747036  1.06432379]
2025-12-13 21:22:09,240 - INFO - num_full_subsets = 2
2025-12-13 21:22:09,245 - INFO - phi = [-0.17399092 -0.17707457  0.10677655 -0.27408597]
2025-12-13 21:22:09,261 - INFO - num_full_subsets = 2
2025-12-13 21:22:09,269 - INFO - phi = [-0.17261764  0.5022729   0.16833009  0.39511891]
2025-12-13 21:22:09,284 - INFO - num_full_subsets = 2
2025-12-13 21:22:09,296 - INFO - phi = [ 0.72642241  0.02311961  0.35299072 -0.68590436]
2025-12-13 21:22:09,311 - INFO - num_full_subsets = 2
2025-12-13 21:22:09,324 - INFO - phi = [ 0.40885162  0.04937459 -0.4999655  -0.22260868]
2025-12-13 21:22:09,339 - INFO - num_full_subsets = 2
2025-12-13 21:22:09,345 - INFO - phi = [-0.17124436 -0.08846403  0.31781727  0.11199377]
2025-12-13 21:22:09,361 - INFO - num_full_subsets = 2
2025-12-13 21:22:09,376 - INFO - phi = [-0.17350455  0.40545768 -0.39444515  0.78119865]
2025-12-13 21:22:09,391 - INFO - num_full_subsets = 2
2025-12-13 21:22:09,397 - INFO - phi = [ 0.69781243  0.07891144 -0.12185089  0.18920971]
2025-12-13 21:22:09,412 - INFO - num_full_subsets = 2
2025-12-13 21:22:09,418 - INFO - phi = [-0.1725032  -0.24927575 -0.20099116 -0.27408597]
2025-12-13 21:22:09,433 - INFO - num_full_subsets = 2
2025-12-13 21:22:09,439 - INFO - phi = [-0.13759902  0.12649858  0.46730444  0.7039827 ]
2025-12-13 21:22:09,454 - INFO - num_full_subsets = 2
2025-12-13 21:22:09,460 - INFO - phi = [-0.16563681  0.05757927  0.11556992  0.49807351]
2025-12-13 21:22:09,476 - INFO - num_full_subsets = 2
2025-12-13 21:22:09,490 - INFO - phi = [ 0.19713776  0.09532079 -0.10426416  0.6525054 ]
2025-12-13 21:22:09,505 - INFO - num_full_subsets = 2
2025-12-13 21:22:09,516 - INFO - phi = [-0.17124436  1.19802972  0.22988364  0.34364161]
2025-12-13 21:22:09,531 - INFO - num_full_subsets = 2
2025-12-13 21:22:09,537 - INFO - phi = [-0.15001576  0.00835119 -0.45599869  0.52381216]
2025-12-13 21:22:09,552 - INFO - num_full_subsets = 2
2025-12-13 21:22:09,568 - INFO - phi = [-0.17147324  0.76482264  0.34419736  0.08625512]
2025-12-13 21:22:09,583 - INFO - num_full_subsets = 2
2025-12-13 21:22:09,588 - INFO - phi = [-0.14532372  0.22659567 -0.30651151  0.88415325]
2025-12-13 21:22:09,604 - INFO - num_full_subsets = 2
2025-12-13 21:22:09,610 - INFO - phi = [-0.16918444 -0.03103127 -0.04271062  0.83267595]
2025-12-13 21:22:09,625 - INFO - num_full_subsets = 2
2025-12-13 21:22:09,631 - INFO - phi = [-0.17072938  0.27254187  0.25626372  0.75546   ]
2025-12-13 21:22:09,646 - INFO - num_full_subsets = 2
2025-12-13 21:22:09,651 - INFO - phi = [-0.17247459 -0.26240323 -0.34168497 -1.04624546]
2025-12-13 21:22:09,667 - INFO - num_full_subsets = 2
2025-12-13 21:22:09,682 - INFO - phi = [-0.17298957 -0.01626285 -0.23616461 -0.42851787]
2025-12-13 21:22:09,697 - INFO - num_full_subsets = 2
2025-12-13 21:22:09,703 - INFO - phi = [ 0.73214441 -0.03431314 -0.27133806 -0.84033626]
2025-12-13 21:22:09,720 - INFO - num_full_subsets = 2
2025-12-13 21:22:09,726 - INFO - phi = [ 0.26007972 -0.01626285 -0.04271062  0.8069373 ]
2025-12-13 21:22:09,744 - INFO - num_full_subsets = 2
2025-12-13 21:22:09,750 - INFO - phi = [-0.11614154  0.12321671 -0.46479205  0.49807351]
2025-12-13 21:22:09,766 - INFO - num_full_subsets = 2
2025-12-13 21:22:09,774 - INFO - phi = [-0.17247459 -0.25912136 -0.36806506  0.62676675]
2025-12-13 21:22:09,790 - INFO - num_full_subsets = 2
2025-12-13 21:22:09,796 - INFO - phi = [-0.17215988 -0.22137984  0.12436328 -1.09772275]
2025-12-13 21:22:09,811 - INFO - num_full_subsets = 2
2025-12-13 21:22:09,817 - INFO - phi = [-0.17430563 -0.23778919 -0.44720532  0.44659621]
2025-12-13 21:22:09,834 - INFO - num_full_subsets = 2
2025-12-13 21:22:09,842 - INFO - phi = [-0.17413397 -0.17707457 -0.10426416 -0.22260868]
2025-12-13 21:22:09,858 - INFO - num_full_subsets = 2
2025-12-13 21:22:09,863 - INFO - phi = [ 0.30299469 -0.07861841 -0.63186595 -0.01669948]
2025-12-13 21:22:09,879 - INFO - num_full_subsets = 2
2025-12-13 21:22:09,885 - INFO - phi = [-0.17413397 -0.24927575  0.21229691 -2.82221226]
2025-12-13 21:22:10,406 - INFO - Computing feature importance...
2025-12-13 21:22:10,848 - INFO - Experiment completed for ElasticNet
2025-12-13 21:22:10,848 - INFO - Total time: 15.59s (0.26 min)
2025-12-13 21:22:10,848 - INFO - Starting comprehensive experiment for ElasticNet
2025-12-13 21:22:19,014 - INFO - Performing feature analysis...
2025-12-13 21:22:20,206 - INFO - Model justification: Linear model with L1 and L2 regularization for handling multicollinearity
2025-12-13 21:22:20,206 - INFO - Performing robust cross-validation...
2025-12-13 21:22:20,240 - INFO - CV Results - MSE: 3.0599 ± 0.3355
2025-12-13 21:22:20,240 - INFO - Starting hyperparameter optimization...
2025-12-13 21:22:20,827 - INFO - Best parameters for ElasticNet: {'alpha': 0.027051236481703045, 'l1_ratio': 0.10299762808145453}
2025-12-13 21:22:20,827 - INFO - ⏱️ HPO took 0.59 seconds
2025-12-13 21:22:20,827 - INFO - Training final model...
2025-12-13 21:22:20,828 - INFO - ⏱️ Training took 0.00 seconds
2025-12-13 21:22:20,829 - INFO - Performing residual analysis...
2025-12-13 21:22:21,994 - INFO - Generating XAI explanations...
2025-12-13 21:22:21,994 - WARNING - Using 168 background data samples could cause slower run times. Consider using shap.sample(data, K) or shap.kmeans(data, K) to summarize the background as K samples.
2025-12-13 21:22:22,009 - INFO - num_full_subsets = 2
2025-12-13 21:22:22,019 - INFO - phi = [-0.10460853  0.25708624 -0.0830539   0.4472002 ]
2025-12-13 21:22:22,034 - INFO - num_full_subsets = 2
2025-12-13 21:22:22,040 - INFO - phi = [-0.00733972 -0.05962171  0.04788386  1.18928446]
2025-12-13 21:22:22,055 - INFO - num_full_subsets = 2
2025-12-13 21:22:22,061 - INFO - phi = [-0.12645593  0.66077736  0.21155607  0.4472002 ]
2025-12-13 21:22:22,076 - INFO - num_full_subsets = 2
2025-12-13 21:22:22,082 - INFO - phi = [-0.12728283 -0.34733527  0.07243469 -0.65313163]
2025-12-13 21:22:22,097 - INFO - num_full_subsets = 2
2025-12-13 21:22:22,102 - INFO - phi = [-0.12521559 -0.29157682 -0.35311304  0.2424873 ]
2025-12-13 21:22:22,117 - INFO - num_full_subsets = 2
2025-12-13 21:22:22,123 - INFO - phi = [-0.1270217   0.40651887 -0.56588691  1.01016068]
2025-12-13 21:22:22,138 - INFO - num_full_subsets = 2
2025-12-13 21:22:22,144 - INFO - phi = [-0.0243128   0.60278858  0.32612661  0.0377744 ]
2025-12-13 21:22:22,159 - INFO - num_full_subsets = 2
2025-12-13 21:22:22,165 - INFO - phi = [-0.12541144 -0.27596446  0.48161521 -0.88343364]
2025-12-13 21:22:22,180 - INFO - num_full_subsets = 2
2025-12-13 21:22:22,185 - INFO - phi = [-0.12589016 -0.01501495 -0.3203786   1.2660518 ]
2025-12-13 21:22:22,200 - INFO - num_full_subsets = 2
2025-12-13 21:22:22,206 - INFO - phi = [-0.12667354 -0.36963864  0.16245441 -0.70430986]
2025-12-13 21:22:22,222 - INFO - num_full_subsets = 2
2025-12-13 21:22:22,228 - INFO - phi = [-0.12810972 -0.09307677  0.27702495 -0.03899293]
2025-12-13 21:22:22,245 - INFO - num_full_subsets = 2
2025-12-13 21:22:22,251 - INFO - phi = [-0.12780508  0.20801882 -0.31219499  0.54955665]
2025-12-13 21:22:22,268 - INFO - num_full_subsets = 2
2025-12-13 21:22:22,274 - INFO - phi = [-0.09176992 -0.18229028 -0.05850307 -0.39724051]
2025-12-13 21:22:22,289 - INFO - num_full_subsets = 2
2025-12-13 21:22:22,295 - INFO - phi = [-0.12758747 -0.34733527  0.11335275 -1.80464169]
2025-12-13 21:22:22,310 - INFO - num_full_subsets = 2
2025-12-13 21:22:22,315 - INFO - phi = [-0.12739163 -0.37632966 -0.45949998  0.54955665]
2025-12-13 21:22:22,330 - INFO - num_full_subsets = 2
2025-12-13 21:22:22,336 - INFO - phi = [ 0.20264777  0.74106952 -0.28764416  0.08895263]
2025-12-13 21:22:22,351 - INFO - num_full_subsets = 2
2025-12-13 21:22:22,357 - INFO - phi = [ 0.15477497  0.10765362 -0.04213585  0.70309133]
2025-12-13 21:22:22,372 - INFO - num_full_subsets = 2
2025-12-13 21:22:22,378 - INFO - phi = [-0.1244975  -0.32949256  0.14608719  0.60073488]
2025-12-13 21:22:22,393 - INFO - num_full_subsets = 2
2025-12-13 21:22:22,398 - INFO - phi = [-0.12776156  0.04074349  0.16245441 -0.24370583]
2025-12-13 21:22:22,414 - INFO - num_full_subsets = 2
2025-12-13 21:22:22,419 - INFO - phi = [-0.09024669  0.48681103  0.46524799  0.62632399]
2025-12-13 21:22:22,435 - INFO - num_full_subsets = 2
2025-12-13 21:22:22,440 - INFO - phi = [-0.12684762 -0.40978472 -0.53315247 -0.14134938]
2025-12-13 21:22:22,456 - INFO - num_full_subsets = 2
2025-12-13 21:22:22,461 - INFO - phi = [-0.12558552  0.23032219  0.18700524  0.34484375]
2025-12-13 21:22:22,477 - INFO - num_full_subsets = 2
2025-12-13 21:22:22,483 - INFO - phi = [ 0.43113156 -0.09084643 -0.29582777 -0.26929495]
2025-12-13 21:22:22,498 - INFO - num_full_subsets = 2
2025-12-13 21:22:22,503 - INFO - phi = [-0.11557575  0.13218733 -0.36948026  0.19130908]
2025-12-13 21:22:22,518 - INFO - num_full_subsets = 2
2025-12-13 21:22:22,524 - INFO - phi = [-0.12617305 -0.10422846  0.12971997  1.0613389 ]
2025-12-13 21:22:22,540 - INFO - num_full_subsets = 2
2025-12-13 21:22:22,545 - INFO - phi = [-0.08698264  0.02290079 -0.33674582  0.01218529]
2025-12-13 21:22:22,560 - INFO - num_full_subsets = 2
2025-12-13 21:22:22,566 - INFO - phi = [-0.12528087 -0.31611054  0.62073659 -0.34606228]
2025-12-13 21:22:22,581 - INFO - num_full_subsets = 2
2025-12-13 21:22:22,587 - INFO - phi = [-0.113465    0.31730536 -0.19762445  0.856626  ]
2025-12-13 21:22:22,602 - INFO - num_full_subsets = 2
2025-12-13 21:22:22,608 - INFO - phi = [-0.1266953  -0.35625662  0.16245441  0.29366553]
2025-12-13 21:22:22,623 - INFO - num_full_subsets = 2
2025-12-13 21:22:22,629 - INFO - phi = [-0.12528087 -0.29380716  0.66165464 -0.47400785]
2025-12-13 21:22:22,644 - INFO - num_full_subsets = 2
2025-12-13 21:22:22,650 - INFO - phi = [-0.12617305 -0.39194202 -0.46768359 -0.1669385 ]
2025-12-13 21:22:22,666 - INFO - num_full_subsets = 2
2025-12-13 21:22:22,671 - INFO - phi = [-0.12360533 -0.24920041  0.17063802 -0.24370583]
2025-12-13 21:22:22,688 - INFO - num_full_subsets = 2
2025-12-13 21:22:22,694 - INFO - phi = [-0.12626009 -0.23135771 -0.0830539  -0.72989897]
2025-12-13 21:22:22,711 - INFO - num_full_subsets = 2
2025-12-13 21:22:22,717 - INFO - phi = [-0.12510679 -0.32503189 -0.09942112  0.29366553]
2025-12-13 21:22:22,734 - INFO - num_full_subsets = 2
2025-12-13 21:22:22,740 - INFO - phi = [ 0.02073115 -0.06185204 -0.20580806  0.29366553]
2025-12-13 21:22:22,756 - INFO - num_full_subsets = 2
2025-12-13 21:22:22,761 - INFO - phi = [-0.12663002 -0.4142454  -0.61498858 -0.47400785]
2025-12-13 21:22:22,776 - INFO - num_full_subsets = 2
2025-12-13 21:22:22,782 - INFO - phi = [-0.12723931 -0.38748134  0.27702495 -2.54672595]
2025-12-13 21:22:22,797 - INFO - num_full_subsets = 2
2025-12-13 21:22:22,803 - INFO - phi = [-0.12610777 -0.39640269  0.00696581 -1.44639412]
2025-12-13 21:22:22,818 - INFO - num_full_subsets = 2
2025-12-13 21:22:22,824 - INFO - phi = [-0.1258684  -0.3674083   0.52253326 -1.80464169]
2025-12-13 21:22:22,839 - INFO - num_full_subsets = 2
2025-12-13 21:22:22,844 - INFO - phi = [-0.12336596 -0.22466669  0.18700524  1.03574979]
2025-12-13 21:22:22,860 - INFO - num_full_subsets = 2
2025-12-13 21:22:22,866 - INFO - phi = [-0.12665178 -0.13545319 -0.32856221  0.26807642]
2025-12-13 21:22:22,881 - INFO - num_full_subsets = 2
2025-12-13 21:22:22,887 - INFO - phi = [-0.12589016 -0.38525101 -0.2385425   0.14013085]
2025-12-13 21:22:22,902 - INFO - num_full_subsets = 2
2025-12-13 21:22:22,908 - INFO - phi = [-0.12536792  0.59386723 -0.4758672   0.39602198]
2025-12-13 21:22:22,923 - INFO - num_full_subsets = 2
2025-12-13 21:22:22,929 - INFO - phi = [-0.12632537  0.47788967 -0.30401138  0.75426955]
2025-12-13 21:22:22,944 - INFO - num_full_subsets = 2
2025-12-13 21:22:22,949 - INFO - phi = [ 0.57474994  0.28608063 -0.36948026  0.06336352]
2025-12-13 21:22:22,965 - INFO - num_full_subsets = 2
2025-12-13 21:22:22,971 - INFO - phi = [-0.11311683  0.15003004 -0.40221471  0.54955665]
2025-12-13 21:22:22,986 - INFO - num_full_subsets = 2
2025-12-13 21:22:22,992 - INFO - phi = [-0.12782684 -0.16221724 -0.04213585  0.57514577]
2025-12-13 21:22:23,007 - INFO - num_full_subsets = 2
2025-12-13 21:22:23,013 - INFO - phi = [ 0.52252507 -0.11538015  0.52253326 -0.06458205]
2025-12-13 21:22:23,028 - INFO - num_full_subsets = 2
2025-12-13 21:22:23,034 - INFO - phi = [-0.12484567 -0.26927345 -0.23035889 -0.44841873]
2025-12-13 21:22:23,049 - INFO - num_full_subsets = 2
2025-12-13 21:22:23,055 - INFO - phi = [-0.09982125  0.15003004  0.48979882  0.75426955]
2025-12-13 21:22:23,070 - INFO - num_full_subsets = 2
2025-12-13 21:22:23,076 - INFO - phi = [-0.12414934 -0.28042514  0.51434965  0.0377744 ]
2025-12-13 21:22:23,091 - INFO - num_full_subsets = 2
2025-12-13 21:22:23,097 - INFO - phi = [-0.1279574   0.07642889 -0.3203786   0.47278932]
2025-12-13 21:22:23,112 - INFO - num_full_subsets = 2
2025-12-13 21:22:23,118 - INFO - phi = [0.13736668 0.75668188 0.53890048 1.13810624]
2025-12-13 21:22:23,133 - INFO - num_full_subsets = 2
2025-12-13 21:22:23,139 - INFO - phi = [ 0.12431047 -0.25366108 -0.75410995  0.0377744 ]
2025-12-13 21:22:23,154 - INFO - num_full_subsets = 2
2025-12-13 21:22:23,160 - INFO - phi = [-0.12610777 -0.32280155  0.17063802 -1.03696832]
2025-12-13 21:22:23,175 - INFO - num_full_subsets = 2
2025-12-13 21:22:23,181 - INFO - phi = [-0.12750043 -0.34064425  0.17063802 -0.67872074]
2025-12-13 21:22:23,196 - INFO - num_full_subsets = 2
2025-12-13 21:22:23,202 - INFO - phi = [ 0.35061822  0.48235035  0.21973968 -0.83225542]
2025-12-13 21:22:23,217 - INFO - num_full_subsets = 2
2025-12-13 21:22:23,223 - INFO - phi = [-0.11607624 -0.18675095 -0.52496886 -0.26929495]
2025-12-13 21:22:23,238 - INFO - num_full_subsets = 2
2025-12-13 21:22:23,243 - INFO - phi = [-0.11418309  0.56041217 -0.07487029  0.80544778]
2025-12-13 21:22:23,259 - INFO - num_full_subsets = 2
2025-12-13 21:22:23,264 - INFO - phi = [-0.12508503 -0.10199812  0.1542708   0.83103689]
2025-12-13 21:22:23,280 - INFO - num_full_subsets = 2
2025-12-13 21:22:23,286 - INFO - phi = [-0.11574984  0.89719316 -0.01758502  0.80544778]
2025-12-13 21:22:23,301 - INFO - num_full_subsets = 2
2025-12-13 21:22:23,306 - INFO - phi = [-0.12523735 -0.1956723  -0.45131637  0.49837843]
2025-12-13 21:22:23,322 - INFO - num_full_subsets = 2
2025-12-13 21:22:23,327 - INFO - phi = [-0.1258684   0.07196822  0.29339217  0.62632399]
2025-12-13 21:22:23,342 - INFO - num_full_subsets = 2
2025-12-13 21:22:23,348 - INFO - phi = [-0.11427013  0.05189518  0.26884134  0.67750222]
2025-12-13 21:22:23,363 - INFO - num_full_subsets = 2
2025-12-13 21:22:23,369 - INFO - phi = [-0.12538968 -0.32503189 -0.25490972 -0.72989897]
2025-12-13 21:22:23,385 - INFO - num_full_subsets = 2
2025-12-13 21:22:23,392 - INFO - phi = [-0.12456278 -0.32949256  0.68620547 -1.95817637]
2025-12-13 21:22:23,407 - INFO - num_full_subsets = 2
2025-12-13 21:22:23,412 - INFO - phi = [ 0.58345408  0.28608063 -0.29582777 -0.32047317]
2025-12-13 21:22:23,427 - INFO - num_full_subsets = 2
2025-12-13 21:22:23,433 - INFO - phi = [0.24834452 0.41320988 0.56345131 0.49837843]
2025-12-13 21:22:23,448 - INFO - num_full_subsets = 2
2025-12-13 21:22:23,454 - INFO - phi = [-0.11089728 -0.15552623 -0.4758672   0.42161109]
2025-12-13 21:22:23,469 - INFO - num_full_subsets = 2
2025-12-13 21:22:23,475 - INFO - phi = [0.37020254 0.18571544 0.39977911 0.4472002 ]
2025-12-13 21:22:23,490 - INFO - num_full_subsets = 2
2025-12-13 21:22:23,496 - INFO - phi = [-0.12760923 -0.36071729  0.25247412 -2.75143885]
2025-12-13 21:22:23,511 - INFO - num_full_subsets = 2
2025-12-13 21:22:23,517 - INFO - phi = [-0.12643417 -0.2781948  -0.50860164  0.75426955]
2025-12-13 21:22:23,532 - INFO - num_full_subsets = 2
2025-12-13 21:22:23,538 - INFO - phi = [-0.12699994 -0.03731833 -0.41039832  1.16369535]
2025-12-13 21:22:23,553 - INFO - num_full_subsets = 2
2025-12-13 21:22:23,558 - INFO - phi = [-0.12582488 -0.31164986  0.0806183  -0.03899293]
2025-12-13 21:22:23,573 - INFO - num_full_subsets = 2
2025-12-13 21:22:23,579 - INFO - phi = [-0.12484567 -0.11091947 -0.42676554  0.60073488]
2025-12-13 21:22:23,595 - INFO - num_full_subsets = 2
2025-12-13 21:22:23,601 - INFO - phi = [-0.12597721  0.39982786 -0.57407052  0.80544778]
2025-12-13 21:22:23,616 - INFO - num_full_subsets = 2
2025-12-13 21:22:23,621 - INFO - phi = [-0.12608601 -0.35625662 -0.26309333  0.77985867]
2025-12-13 21:22:23,636 - INFO - num_full_subsets = 2
2025-12-13 21:22:23,642 - INFO - phi = [-0.12125521 -0.20236332  0.53890048  0.856626  ]
2025-12-13 21:22:23,657 - INFO - num_full_subsets = 2
2025-12-13 21:22:23,663 - INFO - phi = [-0.12754395 -0.25366108 -0.33674582 -0.26929495]
2025-12-13 21:22:23,678 - INFO - num_full_subsets = 2
2025-12-13 21:22:23,684 - INFO - phi = [ 0.58998219  0.0117491  -0.29582777 -0.42282962]
2025-12-13 21:22:23,699 - INFO - num_full_subsets = 2
2025-12-13 21:22:23,705 - INFO - phi = [ 0.20264777 -0.04400934  0.01514942  0.856626  ]
2025-12-13 21:22:23,720 - INFO - num_full_subsets = 2
2025-12-13 21:22:23,726 - INFO - phi = [-0.12686938 -0.36517797  0.4734316  -2.95615175]
2025-12-13 21:22:23,741 - INFO - num_full_subsets = 2
2025-12-13 21:22:23,746 - INFO - phi = [-0.12747867 -0.29826784 -0.52496886 -0.26929495]
2025-12-13 21:22:23,761 - INFO - num_full_subsets = 2
2025-12-13 21:22:23,767 - INFO - phi = [ 0.53558129  0.08535024 -0.05850307  0.2424873 ]
2025-12-13 21:22:23,782 - INFO - num_full_subsets = 2
2025-12-13 21:22:23,788 - INFO - phi = [-0.12732635 -0.34510493  0.34249384 -0.42282962]
2025-12-13 21:22:23,804 - INFO - num_full_subsets = 2
2025-12-13 21:22:23,810 - INFO - phi = [ 0.32015371 -0.02616664  0.56345131  0.80544778]
2025-12-13 21:22:23,825 - INFO - num_full_subsets = 2
2025-12-13 21:22:23,831 - INFO - phi = [-0.1135738  -0.26481277 -0.74592634  0.19130908]
2025-12-13 21:22:23,846 - INFO - num_full_subsets = 2
2025-12-13 21:22:23,851 - INFO - phi = [-0.12005839  0.10319294  0.49798243  0.856626  ]
2025-12-13 21:22:23,866 - INFO - num_full_subsets = 2
2025-12-13 21:22:23,872 - INFO - phi = [ 0.4942366   0.04074349  0.30975939 -0.09017116]
2025-12-13 21:22:23,887 - INFO - num_full_subsets = 2
2025-12-13 21:22:23,893 - INFO - phi = [-0.12467158 -0.30495885 -0.14852279  0.49837843]
2025-12-13 21:22:23,908 - INFO - num_full_subsets = 2
2025-12-13 21:22:23,914 - INFO - phi = [ 0.61609462 -0.1599869   0.11335275 -0.62754252]
2025-12-13 21:22:23,929 - INFO - num_full_subsets = 2
2025-12-13 21:22:23,935 - INFO - phi = [-0.12523735 -0.3138802  -0.3203786   1.31723003]
2025-12-13 21:22:23,950 - INFO - num_full_subsets = 2
2025-12-13 21:22:23,956 - INFO - phi = [-0.12787036  0.00059741 -0.50041803  0.08895263]
2025-12-13 21:22:23,971 - INFO - num_full_subsets = 2
2025-12-13 21:22:23,976 - INFO - phi = [-0.02126635  0.06750754  0.48161521  0.39602198]
2025-12-13 21:22:23,991 - INFO - num_full_subsets = 2
2025-12-13 21:22:23,997 - INFO - phi = [ 0.48335642  0.10096261  0.6289202  -0.1669385 ]
2025-12-13 21:22:24,013 - INFO - num_full_subsets = 2
2025-12-13 21:22:24,018 - INFO - phi = [-0.12499799 -0.06408238 -0.52496886  0.2424873 ]
2025-12-13 21:22:24,034 - INFO - num_full_subsets = 2
2025-12-13 21:22:24,039 - INFO - phi = [ 0.58127805 -0.19344197  0.59618576 -0.14134938]
2025-12-13 21:22:24,054 - INFO - num_full_subsets = 2
2025-12-13 21:22:24,060 - INFO - phi = [-0.09808042 -0.11761048 -0.31219499  0.34484375]
2025-12-13 21:22:24,075 - INFO - num_full_subsets = 2
2025-12-13 21:22:24,081 - INFO - phi = [ 0.43548363  0.19909747 -0.03395224  0.2424873 ]
2025-12-13 21:22:24,096 - INFO - num_full_subsets = 2
2025-12-13 21:22:24,137 - INFO - phi = [ 0.00723972 -0.22912737  0.19518885 -0.42282962]
2025-12-13 21:22:24,153 - INFO - num_full_subsets = 2
2025-12-13 21:22:24,159 - INFO - phi = [-0.12787036  0.00059741 -0.50041803  0.08895263]
2025-12-13 21:22:24,174 - INFO - num_full_subsets = 2
2025-12-13 21:22:24,179 - INFO - phi = [-0.12188626 -0.26704311  0.77622518 -2.21406749]
2025-12-13 21:22:24,194 - INFO - num_full_subsets = 2
2025-12-13 21:22:24,208 - INFO - phi = [-0.12802268 -0.33395324 -0.36129665 -0.03899293]
2025-12-13 21:22:24,224 - INFO - num_full_subsets = 2
2025-12-13 21:22:24,237 - INFO - phi = [-0.12497623  2.34245197  0.21155607  0.62632399]
2025-12-13 21:22:24,252 - INFO - num_full_subsets = 2
2025-12-13 21:22:24,258 - INFO - phi = [ 0.15695101  0.44443461 -0.19762445  0.80544778]
2025-12-13 21:22:24,273 - INFO - num_full_subsets = 2
2025-12-13 21:22:24,307 - INFO - phi = [ 0.51599696 -0.19121163 -0.38584749 -0.52518607]
2025-12-13 21:22:24,322 - INFO - num_full_subsets = 2
2025-12-13 21:22:24,334 - INFO - phi = [ 0.27663299 -0.22243636  0.6289202   0.83103689]
2025-12-13 21:22:24,350 - INFO - num_full_subsets = 2
2025-12-13 21:22:24,356 - INFO - phi = [ 0.55081354 -0.18005994  0.61255298 -0.60195341]
2025-12-13 21:22:24,371 - INFO - num_full_subsets = 2
2025-12-13 21:22:24,377 - INFO - phi = [-0.10417332 -0.1243015   0.00696581  0.80544778]
2025-12-13 21:22:24,392 - INFO - num_full_subsets = 2
2025-12-13 21:22:24,398 - INFO - phi = [-0.1265865  -0.30941953 -0.37766388  0.08895263]
2025-12-13 21:22:24,413 - INFO - num_full_subsets = 2
2025-12-13 21:22:24,419 - INFO - phi = [-0.12763099  0.70538412 -0.40221471  0.21689819]
2025-12-13 21:22:24,434 - INFO - num_full_subsets = 2
2025-12-13 21:22:24,439 - INFO - phi = [ 0.63567895  0.0652772   0.59618576 -0.65313163]
2025-12-13 21:22:24,454 - INFO - num_full_subsets = 2
2025-12-13 21:22:24,460 - INFO - phi = [-0.12645593 -0.40309371 -0.4758672  -1.57433968]
2025-12-13 21:22:24,475 - INFO - num_full_subsets = 2
2025-12-13 21:22:24,481 - INFO - phi = [-0.1136826   0.2013278  -0.3940311   0.49837843]
2025-12-13 21:22:24,496 - INFO - num_full_subsets = 2
2025-12-13 21:22:24,501 - INFO - phi = [-0.12330068 -0.38748134  0.34249384  0.4472002 ]
2025-12-13 21:22:24,516 - INFO - num_full_subsets = 2
2025-12-13 21:22:24,522 - INFO - phi = [-0.12127697  0.46896832  0.45706438  0.75426955]
2025-12-13 21:22:24,537 - INFO - num_full_subsets = 2
2025-12-13 21:22:24,543 - INFO - phi = [-0.10700217  0.54703014  0.2361069   0.37043287]
2025-12-13 21:22:24,558 - INFO - num_full_subsets = 2
2025-12-13 21:22:24,564 - INFO - phi = [-0.12454102 -0.01055428  0.68620547 -4.15884004]
2025-12-13 21:22:24,579 - INFO - num_full_subsets = 2
2025-12-13 21:22:24,584 - INFO - phi = [ 0.11343029  0.43328292 -0.04213585 -0.06458205]
2025-12-13 21:22:24,599 - INFO - num_full_subsets = 2
2025-12-13 21:22:24,605 - INFO - phi = [-0.10926525 -0.01055428 -0.36948026  0.57514577]
2025-12-13 21:22:24,622 - INFO - num_full_subsets = 2
2025-12-13 21:22:24,627 - INFO - phi = [-0.123453    0.04074349  0.46524799  0.57514577]
2025-12-13 21:22:24,642 - INFO - num_full_subsets = 2
2025-12-13 21:22:24,648 - INFO - phi = [0.07295601 0.19909747 0.27702495 0.39602198]
2025-12-13 21:22:24,663 - INFO - num_full_subsets = 2
2025-12-13 21:22:24,669 - INFO - phi = [-0.12634713 -0.32503189 -0.40221471 -0.3716514 ]
2025-12-13 21:22:24,685 - INFO - num_full_subsets = 2
2025-12-13 21:22:24,691 - INFO - phi = [ 0.55734165  0.00951876  0.38341189 -0.62754252]
2025-12-13 21:22:24,708 - INFO - num_full_subsets = 2
2025-12-13 21:22:24,714 - INFO - phi = [-0.12549848 -0.37186898  0.11335275  0.08895263]
2025-12-13 21:22:24,731 - INFO - num_full_subsets = 2
2025-12-13 21:22:24,737 - INFO - phi = [-0.1277398  -0.34510493 -0.36129665  0.49837843]
2025-12-13 21:22:24,753 - INFO - num_full_subsets = 2
2025-12-13 21:22:24,759 - INFO - phi = [-0.12462806 -0.3495656   0.00696581  0.39602198]
2025-12-13 21:22:24,776 - INFO - num_full_subsets = 2
2025-12-13 21:22:24,782 - INFO - phi = [-0.11424837 -0.07746441 -0.25490972  0.856626  ]
2025-12-13 21:22:24,799 - INFO - num_full_subsets = 2
2025-12-13 21:22:24,805 - INFO - phi = [-0.12584664  0.52026609 -0.00940141  0.49837843]
2025-12-13 21:22:24,822 - INFO - num_full_subsets = 2
2025-12-13 21:22:24,828 - INFO - phi = [-0.12336596 -0.09530711  0.73530713 -2.13730015]
2025-12-13 21:22:24,845 - INFO - num_full_subsets = 2
2025-12-13 21:22:24,851 - INFO - phi = [-0.0425915  -0.11984082  0.57163493  0.856626  ]
2025-12-13 21:22:24,868 - INFO - num_full_subsets = 2
2025-12-13 21:22:24,874 - INFO - phi = [-0.12510679 -0.36517797  0.57163493 -1.70228524]
2025-12-13 21:22:24,890 - INFO - num_full_subsets = 2
2025-12-13 21:22:24,898 - INFO - phi = [ 0.23311227  0.06750754 -0.45949998  0.52396754]
2025-12-13 21:22:24,914 - INFO - num_full_subsets = 2
2025-12-13 21:22:24,919 - INFO - phi = [ 0.30927353 -0.06408238 -0.0012178   0.856626  ]
2025-12-13 21:22:24,934 - INFO - num_full_subsets = 2
2025-12-13 21:22:24,940 - INFO - phi = [ 0.19829569 -0.10422846  0.43251355  0.75426955]
2025-12-13 21:22:24,956 - INFO - num_full_subsets = 2
2025-12-13 21:22:24,961 - INFO - phi = [-0.12626009 -0.21797568 -0.4758672   0.11454174]
2025-12-13 21:22:24,976 - INFO - num_full_subsets = 2
2025-12-13 21:22:24,982 - INFO - phi = [-0.12541144  1.60644054  0.26884134  0.39602198]
2025-12-13 21:22:24,997 - INFO - num_full_subsets = 2
2025-12-13 21:22:25,003 - INFO - phi = [-0.12743515 -0.40532405 -0.41039832 -0.42282962]
2025-12-13 21:22:25,018 - INFO - num_full_subsets = 2
2025-12-13 21:22:25,023 - INFO - phi = [-0.12628185  0.21247949 -0.02576863 -0.21811672]
2025-12-13 21:22:25,038 - INFO - num_full_subsets = 2
2025-12-13 21:22:25,044 - INFO - phi = [-0.12728283 -0.3495656  -0.50860164 -0.65313163]
2025-12-13 21:22:25,060 - INFO - num_full_subsets = 2
2025-12-13 21:22:25,065 - INFO - phi = [-0.12541144 -0.30718919 -0.52496886  0.34484375]
2025-12-13 21:22:25,080 - INFO - num_full_subsets = 2
2025-12-13 21:22:25,086 - INFO - phi = [ 0.5965103  -0.10868913  0.08880191 -0.67872074]
2025-12-13 21:22:25,101 - INFO - num_full_subsets = 2
2025-12-13 21:22:25,107 - INFO - phi = [-0.12649945 -0.23358804 -0.02576863  0.14013085]
2025-12-13 21:22:25,122 - INFO - num_full_subsets = 2
2025-12-13 21:22:25,128 - INFO - phi = [-0.07740808 -0.09307677 -0.05031946  0.856626  ]
2025-12-13 21:22:25,143 - INFO - num_full_subsets = 2
2025-12-13 21:22:25,148 - INFO - phi = [-0.12813148 -0.24473973  0.02333303 -0.83225542]
2025-12-13 21:22:25,164 - INFO - num_full_subsets = 2
2025-12-13 21:22:25,170 - INFO - phi = [-0.12708698 -0.23358804  0.33431023 -0.80666631]
2025-12-13 21:22:25,185 - INFO - num_full_subsets = 2
2025-12-13 21:22:25,191 - INFO - phi = [0.03030571 0.27938962 0.38341189 0.49837843]
2025-12-13 21:22:25,206 - INFO - num_full_subsets = 2
2025-12-13 21:22:25,211 - INFO - phi = [-0.12532439 -0.18452062 -0.30401138  0.60073488]
2025-12-13 21:22:25,227 - INFO - num_full_subsets = 2
2025-12-13 21:22:25,232 - INFO - phi = [-0.12582488 -0.40532405 -0.0830539  -2.4443695 ]
2025-12-13 21:22:25,247 - INFO - num_full_subsets = 2
2025-12-13 21:22:25,253 - INFO - phi = [ 0.42242741 -0.1243015  -0.49223442 -0.06458205]
2025-12-13 21:22:25,269 - INFO - num_full_subsets = 2
2025-12-13 21:22:25,275 - INFO - phi = [ 0.28533714 -0.09753745 -0.32856221 -0.01340382]
2025-12-13 21:22:25,290 - INFO - num_full_subsets = 2
2025-12-13 21:22:25,295 - INFO - phi = [-0.12617305 -0.10422846  0.12971997  1.0613389 ]
2025-12-13 21:22:25,311 - INFO - num_full_subsets = 2
2025-12-13 21:22:25,316 - INFO - phi = [ 0.24181641 -0.11538015  0.26884134  0.90780423]
2025-12-13 21:22:25,331 - INFO - num_full_subsets = 2
2025-12-13 21:22:25,337 - INFO - phi = [-0.12501975 -0.25366108  0.1542708  -0.88343364]
2025-12-13 21:22:25,352 - INFO - num_full_subsets = 2
2025-12-13 21:22:25,358 - INFO - phi = [-0.12667354 -0.29826784  0.33431023 -0.44841873]
2025-12-13 21:22:25,374 - INFO - num_full_subsets = 2
2025-12-13 21:22:25,379 - INFO - phi = [-0.12602073 -0.09753745  0.30975939  0.42161109]
2025-12-13 21:22:25,394 - INFO - num_full_subsets = 2
2025-12-13 21:22:25,400 - INFO - phi = [-0.12362709 -0.30495885  0.66165464 -0.57636429]
2025-12-13 21:22:25,415 - INFO - num_full_subsets = 2
2025-12-13 21:22:25,421 - INFO - phi = [-0.12667354 -0.25812176  0.25247412 -0.11576027]
2025-12-13 21:22:25,436 - INFO - num_full_subsets = 2
2025-12-13 21:22:25,442 - INFO - phi = [ 0.42025137  0.04074349 -0.28764416 -0.19252761]
2025-12-13 21:22:25,457 - INFO - num_full_subsets = 2
2025-12-13 21:22:25,462 - INFO - phi = [ 0.56604579  0.13441767 -0.38584749 -0.55077518]
2025-12-13 21:22:25,478 - INFO - num_full_subsets = 2
2025-12-13 21:22:25,484 - INFO - phi = [0.33320993 0.17902443 0.00696581 0.11454174]
2025-12-13 21:22:25,499 - INFO - num_full_subsets = 2
2025-12-13 21:22:25,505 - INFO - phi = [-0.11057087 -0.05293069 -0.59043774  0.60073488]
2025-12-13 21:22:25,520 - INFO - num_full_subsets = 2
2025-12-13 21:22:25,526 - INFO - phi = [-0.12521559 -0.11091947 -0.53315247  0.54955665]
2025-12-13 21:22:25,541 - INFO - num_full_subsets = 2
2025-12-13 21:22:25,546 - INFO - phi = [-0.12419286  0.00728842  0.39977911  0.21689819]
2025-12-13 21:22:25,561 - INFO - num_full_subsets = 2
2025-12-13 21:22:25,567 - INFO - phi = [-0.1266953   5.62104836  0.22792329 -0.14134938]
2025-12-13 21:22:25,583 - INFO - num_full_subsets = 2
2025-12-13 21:22:25,588 - INFO - phi = [ 0.51164489  0.05635585 -0.27127694 -0.88343364]
2025-12-13 21:22:25,603 - INFO - num_full_subsets = 2
2025-12-13 21:22:25,609 - INFO - phi = [-0.12360533 -0.29157682  0.61255298 -0.67872074]
2025-12-13 21:22:25,624 - INFO - num_full_subsets = 2
2025-12-13 21:22:25,630 - INFO - phi = [-0.12610777  0.21024915 -0.51678525  0.34484375]
2025-12-13 21:22:26,138 - INFO - Computing feature importance...
2025-12-13 21:22:26,553 - INFO - Experiment completed for ElasticNet
2025-12-13 21:22:26,553 - INFO - Total time: 15.35s (0.26 min)
2025-12-13 21:22:26,554 - INFO - Starting comprehensive experiment for ElasticNet
2025-12-13 21:22:34,819 - INFO - Performing feature analysis...
2025-12-13 21:22:35,996 - INFO - Model justification: Linear model with L1 and L2 regularization for handling multicollinearity
2025-12-13 21:22:35,996 - INFO - Performing robust cross-validation...
2025-12-13 21:22:36,030 - INFO - CV Results - MSE: 2.8769 ± 0.3746
2025-12-13 21:22:36,030 - INFO - Starting hyperparameter optimization...
2025-12-13 21:22:36,619 - INFO - Best parameters for ElasticNet: {'alpha': 0.01915100014336651, 'l1_ratio': 0.11185905921700628}
2025-12-13 21:22:36,619 - INFO - ⏱️ HPO took 0.59 seconds
2025-12-13 21:22:36,619 - INFO - Training final model...
2025-12-13 21:22:36,621 - INFO - ⏱️ Training took 0.00 seconds
2025-12-13 21:22:36,621 - INFO - Performing residual analysis...
2025-12-13 21:22:37,657 - INFO - Generating XAI explanations...
2025-12-13 21:22:37,658 - WARNING - Using 168 background data samples could cause slower run times. Consider using shap.sample(data, K) or shap.kmeans(data, K) to summarize the background as K samples.
2025-12-13 21:22:37,672 - INFO - num_full_subsets = 2
2025-12-13 21:22:37,678 - INFO - phi = [-0.12071374  0.59449439  0.20613379 -0.28523983]
2025-12-13 21:22:37,693 - INFO - num_full_subsets = 2
2025-12-13 21:22:37,699 - INFO - phi = [0.1858435  0.09202894 0.01454056 0.64260181]
2025-12-13 21:22:37,714 - INFO - num_full_subsets = 2
2025-12-13 21:22:37,719 - INFO - phi = [-0.08805644  0.42700591  0.46478466  0.20597045]
2025-12-13 21:22:37,734 - INFO - num_full_subsets = 2
2025-12-13 21:22:37,740 - INFO - phi = [-0.13792027 -0.28649503  0.07201853 -1.64971285]
2025-12-13 21:22:37,754 - INFO - num_full_subsets = 2
2025-12-13 21:22:37,760 - INFO - phi = [ 0.04387705  0.08030475 -0.28242896  0.50615451]
2025-12-13 21:22:37,775 - INFO - num_full_subsets = 2
2025-12-13 21:22:37,780 - INFO - phi = [-0.13799552 -0.25969688 -0.45486287 -0.25795037]
2025-12-13 21:22:37,796 - INFO - num_full_subsets = 2
2025-12-13 21:22:37,802 - INFO - phi = [-0.13280346  0.36671006  0.61805925  0.91549642]
2025-12-13 21:22:37,818 - INFO - num_full_subsets = 2
2025-12-13 21:22:37,824 - INFO - phi = [-0.13909914  0.40858218 -0.30158828  0.77904911]
2025-12-13 21:22:37,841 - INFO - num_full_subsets = 2
2025-12-13 21:22:37,846 - INFO - phi = [-0.1348853  -0.1910266   0.86713045 -1.43139716]
2025-12-13 21:22:37,861 - INFO - num_full_subsets = 2
2025-12-13 21:22:37,867 - INFO - phi = [ 0.16076109 -0.0587107  -0.51234084  0.8609175 ]
2025-12-13 21:22:37,882 - INFO - num_full_subsets = 2
2025-12-13 21:22:37,888 - INFO - phi = [-0.13621467  0.14395037 -0.26326963  0.69718073]
2025-12-13 21:22:37,902 - INFO - num_full_subsets = 2
2025-12-13 21:22:37,908 - INFO - phi = [-0.13731829 -0.28649503 -0.33990693 -0.17608199]
2025-12-13 21:22:37,923 - INFO - num_full_subsets = 2
2025-12-13 21:22:37,928 - INFO - phi = [-0.13766945 -0.02688788 -0.69435441  0.26054937]
2025-12-13 21:22:37,943 - INFO - num_full_subsets = 2
2025-12-13 21:22:37,948 - INFO - phi = [-0.11213555  0.00995958  0.65637789  0.50615451]
2025-12-13 21:22:37,963 - INFO - num_full_subsets = 2
2025-12-13 21:22:37,969 - INFO - phi = [-0.10561412 -0.07713443 -0.30158828  0.26054937]
2025-12-13 21:22:37,984 - INFO - num_full_subsets = 2
2025-12-13 21:22:37,989 - INFO - phi = [-0.1343084  -0.14580471 -0.41654422  0.23325991]
2025-12-13 21:22:38,004 - INFO - num_full_subsets = 2
2025-12-13 21:22:38,010 - INFO - phi = [ 0.80537908  0.23606904  0.0528592  -1.07663418]
2025-12-13 21:22:38,025 - INFO - num_full_subsets = 2
2025-12-13 21:22:38,030 - INFO - phi = [-0.13235198  0.36336029  0.59889992  0.69718073]
2025-12-13 21:22:38,045 - INFO - num_full_subsets = 2
2025-12-13 21:22:38,050 - INFO - phi = [-0.11835599  0.04848193 -0.16747301 -0.09421361]
2025-12-13 21:22:38,065 - INFO - num_full_subsets = 2
2025-12-13 21:22:38,071 - INFO - phi = [-0.14000211 -0.16087867 -0.38780523 -0.12150307]
2025-12-13 21:22:38,086 - INFO - num_full_subsets = 2
2025-12-13 21:22:38,092 - INFO - phi = [ 0.93831587  0.38848356 -0.13873403 -0.4489766 ]
2025-12-13 21:22:38,106 - INFO - num_full_subsets = 2
2025-12-13 21:22:38,112 - INFO - phi = [-0.13363118  0.1740983   0.33066939  0.61531235]
2025-12-13 21:22:38,127 - INFO - num_full_subsets = 2
2025-12-13 21:22:38,132 - INFO - phi = [-0.13513612 -0.08215908 -0.20579166 -0.36710821]
2025-12-13 21:22:38,148 - INFO - num_full_subsets = 2
2025-12-13 21:22:38,154 - INFO - phi = [-0.12868994  0.08867917 -0.33032726  0.36970721]
2025-12-13 21:22:38,171 - INFO - num_full_subsets = 2
2025-12-13 21:22:38,176 - INFO - phi = [0.23350009 0.23271927 0.65637789 0.45157559]
2025-12-13 21:22:38,194 - INFO - num_full_subsets = 2
2025-12-13 21:22:38,200 - INFO - phi = [ 0.26109074 -0.05536093 -0.33990693  0.53344397]
2025-12-13 21:22:38,216 - INFO - num_full_subsets = 2
2025-12-13 21:22:38,222 - INFO - phi = [-0.13919947 -0.24964757 -0.847629   -0.23066091]
2025-12-13 21:22:38,239 - INFO - num_full_subsets = 2
2025-12-13 21:22:38,244 - INFO - phi = [0.03660315 0.07360521 0.36898804 1.10652264]
2025-12-13 21:22:38,261 - INFO - num_full_subsets = 2
2025-12-13 21:22:38,267 - INFO - phi = [0.1432034  0.26454208 0.0049609  0.58802289]
2025-12-13 21:22:38,283 - INFO - num_full_subsets = 2
2025-12-13 21:22:38,288 - INFO - phi = [-0.05394436 -0.07545954  0.77133383  0.47886505]
2025-12-13 21:22:38,304 - INFO - num_full_subsets = 2
2025-12-13 21:22:38,309 - INFO - phi = [-0.13689189 -0.07210977 -0.56023915  0.47886505]
2025-12-13 21:22:38,324 - INFO - num_full_subsets = 2
2025-12-13 21:22:38,330 - INFO - phi = [-0.14040343 -0.28482015 -0.41654422  0.42428613]
2025-12-13 21:22:38,344 - INFO - num_full_subsets = 2
2025-12-13 21:22:38,350 - INFO - phi = [ 0.65990109  0.04345728 -0.24411031 -0.23066091]
2025-12-13 21:22:38,365 - INFO - num_full_subsets = 2
2025-12-13 21:22:38,370 - INFO - phi = [-0.12334739  0.24946812 -0.16747301  0.80633857]
2025-12-13 21:22:38,385 - INFO - num_full_subsets = 2
2025-12-13 21:22:38,390 - INFO - phi = [-0.13985162 -0.26974619 -0.18663234 -0.83102904]
2025-12-13 21:22:38,406 - INFO - num_full_subsets = 2
2025-12-13 21:22:38,411 - INFO - phi = [-0.12678368  0.23104438 -0.27284929  0.80633857]
2025-12-13 21:22:38,426 - INFO - num_full_subsets = 2
2025-12-13 21:22:38,432 - INFO - phi = [-0.08153501  0.04680705 -0.30158828  0.53344397]
2025-12-13 21:22:38,446 - INFO - num_full_subsets = 2
2025-12-13 21:22:38,452 - INFO - phi = [-0.12766156 -0.10728236 -0.54107982  0.34241775]
2025-12-13 21:22:38,467 - INFO - num_full_subsets = 2
2025-12-13 21:22:38,472 - INFO - phi = [-0.13897373 -0.22954895  0.27319142 -0.50355552]
2025-12-13 21:22:38,487 - INFO - num_full_subsets = 2
2025-12-13 21:22:38,492 - INFO - phi = [-0.13739354 -0.19940102  0.1294965   0.80633857]
2025-12-13 21:22:38,508 - INFO - num_full_subsets = 2
2025-12-13 21:22:38,514 - INFO - phi = [-0.13819618 -0.22619918  0.36898804 -1.4041077 ]
2025-12-13 21:22:38,528 - INFO - num_full_subsets = 2
2025-12-13 21:22:38,534 - INFO - phi = [-0.13839684 -0.11900655  0.56058128  0.20597045]
2025-12-13 21:22:38,549 - INFO - num_full_subsets = 2
2025-12-13 21:22:38,554 - INFO - phi = [-0.12226885  0.06858055 -0.33032726  0.15139153]
2025-12-13 21:22:38,569 - INFO - num_full_subsets = 2
2025-12-13 21:22:38,575 - INFO - phi = [ 0.65990109  0.04345728 -0.24411031 -0.23066091]
2025-12-13 21:22:38,589 - INFO - num_full_subsets = 2
2025-12-13 21:22:38,595 - INFO - phi = [-0.1326028  -0.10058282  0.50310331 -0.47626606]
2025-12-13 21:22:38,610 - INFO - num_full_subsets = 2
2025-12-13 21:22:38,615 - INFO - phi = [-0.13792027 -0.23122383  0.26361176 -1.21308148]
2025-12-13 21:22:38,630 - INFO - num_full_subsets = 2
2025-12-13 21:22:38,636 - INFO - phi = [ 0.50439014 -0.05703581 -0.28242896 -0.39439768]
2025-12-13 21:22:38,651 - INFO - num_full_subsets = 2
2025-12-13 21:22:38,656 - INFO - phi = [-0.13877307 -0.29654434 -0.56023915 -0.25795037]
2025-12-13 21:22:38,671 - INFO - num_full_subsets = 2
2025-12-13 21:22:38,676 - INFO - phi = [ 0.27864843 -0.08550885 -0.56023915 -0.06692415]
2025-12-13 21:22:38,691 - INFO - num_full_subsets = 2
2025-12-13 21:22:38,697 - INFO - phi = [-0.13393217 -0.11733167  0.54142195 -0.03963469]
2025-12-13 21:22:38,712 - INFO - num_full_subsets = 2
2025-12-13 21:22:38,718 - INFO - phi = [-0.13807077 -0.02186323 -0.34948659  0.61531235]
2025-12-13 21:22:38,732 - INFO - num_full_subsets = 2
2025-12-13 21:22:38,738 - INFO - phi = [-0.11439297  0.22601973 -0.20579166  0.88820696]
2025-12-13 21:22:38,753 - INFO - num_full_subsets = 2
2025-12-13 21:22:38,758 - INFO - phi = [-0.13867274  0.31813839 -0.10999504  0.09681261]
2025-12-13 21:22:38,773 - INFO - num_full_subsets = 2
2025-12-13 21:22:38,778 - INFO - phi = [-0.09006303  0.42365614 -0.30158828  0.47886505]
2025-12-13 21:22:38,793 - INFO - num_full_subsets = 2
2025-12-13 21:22:38,799 - INFO - phi = [-0.13676648 -0.23289872 -0.05251707  0.20597045]
2025-12-13 21:22:38,814 - INFO - num_full_subsets = 2
2025-12-13 21:22:38,820 - INFO - phi = [-0.13952555 -0.24462291  0.26361176 -0.83102904]
2025-12-13 21:22:38,834 - INFO - num_full_subsets = 2
2025-12-13 21:22:38,840 - INFO - phi = [-0.13897373 -0.22954895  0.27319142 -0.50355552]
2025-12-13 21:22:38,854 - INFO - num_full_subsets = 2
2025-12-13 21:22:38,860 - INFO - phi = [ 0.3438627   0.22266996  0.14865582 -0.80373958]
2025-12-13 21:22:38,875 - INFO - num_full_subsets = 2
2025-12-13 21:22:38,880 - INFO - phi = [ 0.26109074 -0.03526231 -0.56023915  1.05194372]
2025-12-13 21:22:38,895 - INFO - num_full_subsets = 2
2025-12-13 21:22:38,900 - INFO - phi = [-0.02986524  0.23774392 -0.15789335  0.53344397]
2025-12-13 21:22:38,916 - INFO - num_full_subsets = 2
2025-12-13 21:22:38,921 - INFO - phi = [-0.13776978 -0.17595263  0.15823548 -0.23066091]
2025-12-13 21:22:38,936 - INFO - num_full_subsets = 2
2025-12-13 21:22:38,942 - INFO - phi = [-0.13776978  0.31143886 -0.60813745  0.75175965]
2025-12-13 21:22:38,956 - INFO - num_full_subsets = 2
2025-12-13 21:22:38,962 - INFO - phi = [-0.13824634 -0.1575289  -0.53150016  0.8609175 ]
2025-12-13 21:22:38,976 - INFO - num_full_subsets = 2
2025-12-13 21:22:38,982 - INFO - phi = [-0.13952555 -0.18600194  0.24445244 -0.33981875]
2025-12-13 21:22:38,997 - INFO - num_full_subsets = 2
2025-12-13 21:22:39,002 - INFO - phi = [-0.13746879 -0.2898448  -0.57939847  0.04223369]
2025-12-13 21:22:39,018 - INFO - num_full_subsets = 2
2025-12-13 21:22:39,023 - INFO - phi = [-0.13799552 -0.14580471 -0.78057136  1.07923318]
2025-12-13 21:22:39,038 - INFO - num_full_subsets = 2
2025-12-13 21:22:39,044 - INFO - phi = [ 0.05541496 -0.07880931 -0.30158828  0.58802289]
2025-12-13 21:22:39,058 - INFO - num_full_subsets = 2
2025-12-13 21:22:39,064 - INFO - phi = [-0.13741862 -0.21614987  0.63721857 -1.02205526]
2025-12-13 21:22:39,079 - INFO - num_full_subsets = 2
2025-12-13 21:22:39,084 - INFO - phi = [ 0.54703024  0.30976397  0.57016094 -0.39439768]
2025-12-13 21:22:39,099 - INFO - num_full_subsets = 2
2025-12-13 21:22:39,104 - INFO - phi = [ 0.65488461 -0.04028696 -0.16747301 -0.94018688]
2025-12-13 21:22:39,120 - INFO - num_full_subsets = 2
2025-12-13 21:22:39,125 - INFO - phi = [ 0.09354023  0.01833401 -0.27284929  0.97007534]
2025-12-13 21:22:39,140 - INFO - num_full_subsets = 2
2025-12-13 21:22:39,146 - INFO - phi = [-0.10987813  0.05685636  0.68511688  0.45157559]
2025-12-13 21:22:39,162 - INFO - num_full_subsets = 2
2025-12-13 21:22:39,167 - INFO - phi = [-0.13721796 -0.01683857  0.56058128  0.75175965]
2025-12-13 21:22:39,184 - INFO - num_full_subsets = 2
2025-12-13 21:22:39,190 - INFO - phi = [0.27112371 0.03340797 0.72343553 0.66989127]
2025-12-13 21:22:39,206 - INFO - num_full_subsets = 2
2025-12-13 21:22:39,212 - INFO - phi = [-0.1388734  -0.27644573 -0.36864591 -1.92260745]
2025-12-13 21:22:39,229 - INFO - num_full_subsets = 2
2025-12-13 21:22:39,235 - INFO - phi = [-0.13551236 -0.20275079  0.86713045 -0.83102904]
2025-12-13 21:22:39,252 - INFO - num_full_subsets = 2
2025-12-13 21:22:39,257 - INFO - phi = [-0.13789519 -0.25634711 -0.24411031  0.72447019]
2025-12-13 21:22:39,274 - INFO - num_full_subsets = 2
2025-12-13 21:22:39,280 - INFO - phi = [-0.1385975  -0.19605125 -0.49318151 -0.09421361]
2025-12-13 21:22:39,296 - INFO - num_full_subsets = 2
2025-12-13 21:22:39,302 - INFO - phi = [ 0.75019778  0.14227549 -0.50276117 -0.66729228]
2025-12-13 21:22:39,318 - INFO - num_full_subsets = 2
2025-12-13 21:22:39,324 - INFO - phi = [-0.12417511  0.43203056 -0.02377809  0.75175965]
2025-12-13 21:22:39,340 - INFO - num_full_subsets = 2
2025-12-13 21:22:39,345 - INFO - phi = [ 0.7577225  -0.20275079  0.32108973 -0.9947658 ]
2025-12-13 21:22:39,360 - INFO - num_full_subsets = 2
2025-12-13 21:22:39,366 - INFO - phi = [-0.13741862  0.34828632 -0.30158828  0.80633857]
2025-12-13 21:22:39,380 - INFO - num_full_subsets = 2
2025-12-13 21:22:39,386 - INFO - phi = [-0.13764436 -0.22284941 -0.16747301 -0.39439768]
2025-12-13 21:22:39,401 - INFO - num_full_subsets = 2
2025-12-13 21:22:39,406 - INFO - phi = [-0.1375942  -0.29319457 -0.03335775 -2.71400179]
2025-12-13 21:22:39,421 - INFO - num_full_subsets = 2
2025-12-13 21:22:39,426 - INFO - phi = [ 0.08651715 -0.16422844 -0.01419843  0.69718073]
2025-12-13 21:22:39,442 - INFO - num_full_subsets = 2
2025-12-13 21:22:39,447 - INFO - phi = [-0.13990178 -0.11063213  0.01454056  0.50615451]
2025-12-13 21:22:39,462 - INFO - num_full_subsets = 2
2025-12-13 21:22:39,467 - INFO - phi = [-0.1390239  -0.22284941  0.11033718 -0.64000282]
2025-12-13 21:22:39,482 - INFO - num_full_subsets = 2
2025-12-13 21:22:39,488 - INFO - phi = [-0.13837175 -0.20945033 -0.4452832   0.12410207]
2025-12-13 21:22:39,502 - INFO - num_full_subsets = 2
2025-12-13 21:22:39,508 - INFO - phi = [-0.13857241 -0.26639642  0.2540321  -0.8583185 ]
2025-12-13 21:22:39,523 - INFO - num_full_subsets = 2
2025-12-13 21:22:39,528 - INFO - phi = [-0.12914143  0.1958718  -0.24411031  0.64260181]
2025-12-13 21:22:39,543 - INFO - num_full_subsets = 2
2025-12-13 21:22:39,549 - INFO - phi = [ 0.80537908  0.03508286  0.30193041 -0.53084498]
2025-12-13 21:22:39,564 - INFO - num_full_subsets = 2
2025-12-13 21:22:39,569 - INFO - phi = [-0.13799552 -0.06708512  0.21571345  1.02465426]
2025-12-13 21:22:39,584 - INFO - num_full_subsets = 2
2025-12-13 21:22:39,590 - INFO - phi = [-0.11850648  0.00326004 -0.36864591  0.50615451]
2025-12-13 21:22:39,605 - INFO - num_full_subsets = 2
2025-12-13 21:22:39,611 - INFO - phi = [-1.36114337e-01  3.26004372e-03  8.67130451e-01 -4.54239563e+00]
2025-12-13 21:22:39,626 - INFO - num_full_subsets = 2
2025-12-13 21:22:39,632 - INFO - phi = [-0.13644041 -0.11230701  0.10075751  0.53344397]
2025-12-13 21:22:39,647 - INFO - num_full_subsets = 2
2025-12-13 21:22:39,653 - INFO - phi = [ 0.89567577  0.13892572  0.50310331 -0.9947658 ]
2025-12-13 21:22:39,668 - INFO - num_full_subsets = 2
2025-12-13 21:22:39,673 - INFO - phi = [-0.13220148  0.05350659  0.2540321   0.47886505]
2025-12-13 21:22:39,688 - INFO - num_full_subsets = 2
2025-12-13 21:22:39,693 - INFO - phi = [-0.1397262   0.7268103  -0.47402219  0.97007534]
2025-12-13 21:22:39,708 - INFO - num_full_subsets = 2
2025-12-13 21:22:39,713 - INFO - phi = [-0.12425036 -0.0469865  -0.23453065  0.80633857]
2025-12-13 21:22:39,728 - INFO - num_full_subsets = 2
2025-12-13 21:22:39,734 - INFO - phi = [-0.05319188  0.17912295  0.69469654  0.8609175 ]
2025-12-13 21:22:39,749 - INFO - num_full_subsets = 2
2025-12-13 21:22:39,755 - INFO - phi = [-0.12417511  0.43203056 -0.02377809  0.75175965]
2025-12-13 21:22:39,770 - INFO - num_full_subsets = 2
2025-12-13 21:22:39,775 - INFO - phi = [-0.1244761   0.08700429 -0.33032726 -0.14879253]
2025-12-13 21:22:39,790 - INFO - num_full_subsets = 2
2025-12-13 21:22:39,795 - INFO - phi = [-0.1381711   0.37005982 -0.29200862  0.69718073]
2025-12-13 21:22:39,810 - INFO - num_full_subsets = 2
2025-12-13 21:22:39,816 - INFO - phi = [-0.11589791  0.42198126  0.34024906  0.28783883]
2025-12-13 21:22:39,830 - INFO - num_full_subsets = 2
2025-12-13 21:22:39,836 - INFO - phi = [-0.13809585 -0.16255356 -0.03335775 -0.88560796]
2025-12-13 21:22:39,851 - INFO - num_full_subsets = 2
2025-12-13 21:22:39,857 - INFO - phi = [-0.13982653  0.0417824   0.2540321  -0.36710821]
2025-12-13 21:22:39,872 - INFO - num_full_subsets = 2
2025-12-13 21:22:39,877 - INFO - phi = [-0.13628991 -0.23289872  0.3785677  -0.42168714]
2025-12-13 21:22:39,892 - INFO - num_full_subsets = 2
2025-12-13 21:22:39,897 - INFO - phi = [-0.13689189 -0.21782476  0.09117785  0.45157559]
2025-12-13 21:22:39,912 - INFO - num_full_subsets = 2
2025-12-13 21:22:39,917 - INFO - phi = [-0.13864766 -0.02186323 -0.12915437 -0.50355552]
2025-12-13 21:22:39,932 - INFO - num_full_subsets = 2
2025-12-13 21:22:39,938 - INFO - phi = [-0.13829651 -0.19772614 -0.53150016  0.69718073]
2025-12-13 21:22:39,953 - INFO - num_full_subsets = 2
2025-12-13 21:22:39,959 - INFO - phi = [-0.13664107 -0.22284941  0.83839147  0.09681261]
2025-12-13 21:22:39,974 - INFO - num_full_subsets = 2
2025-12-13 21:22:39,979 - INFO - phi = [ 0.05140178  0.09202894 -0.27284929  0.06952315]
2025-12-13 21:22:39,994 - INFO - num_full_subsets = 2
2025-12-13 21:22:40,000 - INFO - phi = [-0.13438365 -0.21614987  0.79049316 -2.03176529]
2025-12-13 21:22:40,014 - INFO - num_full_subsets = 2
2025-12-13 21:22:40,020 - INFO - phi = [-0.12828862 -0.01851346 -0.3207476   0.64260181]
2025-12-13 21:22:40,035 - INFO - num_full_subsets = 2
2025-12-13 21:22:40,040 - INFO - phi = [ 0.38399456  0.30808909 -0.15789335  0.28783883]
2025-12-13 21:22:40,056 - INFO - num_full_subsets = 2
2025-12-13 21:22:40,061 - INFO - phi = [-0.138447   -0.25634711  0.1294965  -0.77645012]
2025-12-13 21:22:40,076 - INFO - num_full_subsets = 2
2025-12-13 21:22:40,082 - INFO - phi = [-0.13513612  0.08197963 -0.26326963  0.64260181]
2025-12-13 21:22:40,097 - INFO - num_full_subsets = 2
2025-12-13 21:22:40,102 - INFO - phi = [-0.1197606  -0.12570609 -0.03335775  0.53344397]
2025-12-13 21:22:40,117 - INFO - num_full_subsets = 2
2025-12-13 21:22:40,123 - INFO - phi = [0.50940662 0.16069922 0.02412022 0.15139153]
2025-12-13 21:22:40,137 - INFO - num_full_subsets = 2
2025-12-13 21:22:40,143 - INFO - phi = [-0.12081407 -0.15920379  0.02412022  0.31512829]
2025-12-13 21:22:40,158 - INFO - num_full_subsets = 2
2025-12-13 21:22:40,164 - INFO - phi = [-0.1375942  -0.22284941  0.15823548 -0.14879253]
2025-12-13 21:22:40,179 - INFO - num_full_subsets = 2
2025-12-13 21:22:40,184 - INFO - phi = [-0.13852225  1.04168865  0.02412022  0.75175965]
2025-12-13 21:22:40,199 - INFO - num_full_subsets = 2
2025-12-13 21:22:40,204 - INFO - phi = [-0.14000211 -0.10895724  0.23487278 -0.50355552]
2025-12-13 21:22:40,219 - INFO - num_full_subsets = 2
2025-12-13 21:22:40,225 - INFO - phi = [-0.13711763 -0.21949964 -0.55065948  0.26054937]
2025-12-13 21:22:40,239 - INFO - num_full_subsets = 2
2025-12-13 21:22:40,245 - INFO - phi = [-0.13854733 -0.09053351 -0.3207476   0.17868099]
2025-12-13 21:22:40,260 - INFO - num_full_subsets = 2
2025-12-13 21:22:40,266 - INFO - phi = [-0.1340325   0.22099507  0.64679823  0.31512829]
2025-12-13 21:22:40,281 - INFO - num_full_subsets = 2
2025-12-13 21:22:40,286 - INFO - phi = [-0.13789519 -0.25634711 -0.24411031  0.72447019]
2025-12-13 21:22:40,301 - INFO - num_full_subsets = 2
2025-12-13 21:22:40,307 - INFO - phi = [-0.1385975  -0.25634711  0.2540321   0.20597045]
2025-12-13 21:22:40,321 - INFO - num_full_subsets = 2
2025-12-13 21:22:40,327 - INFO - phi = [-0.13787011 -0.14412982  0.38814736  0.9973648 ]
2025-12-13 21:22:40,341 - INFO - num_full_subsets = 2
2025-12-13 21:22:40,347 - INFO - phi = [ 0.05491331 -0.07210977  0.44562534  0.80633857]
2025-12-13 21:22:40,363 - INFO - num_full_subsets = 2
2025-12-13 21:22:40,368 - INFO - phi = [-0.13837175 -0.16422844  0.03369988  0.04223369]
2025-12-13 21:22:40,383 - INFO - num_full_subsets = 2
2025-12-13 21:22:40,389 - INFO - phi = [-0.01406332  0.28296581  0.34982872  0.42428613]
2025-12-13 21:22:40,403 - INFO - num_full_subsets = 2
2025-12-13 21:22:40,409 - INFO - phi = [-0.13862258 -0.07378466 -0.49318151  0.88820696]
2025-12-13 21:22:40,424 - INFO - num_full_subsets = 2
2025-12-13 21:22:40,429 - INFO - phi = [-0.1234728  -0.18767683 -0.80931035  0.09681261]
2025-12-13 21:22:40,444 - INFO - num_full_subsets = 2
2025-12-13 21:22:40,449 - INFO - phi = [ 0.05491331 -0.06876     0.58932026  0.58802289]
2025-12-13 21:22:40,465 - INFO - num_full_subsets = 2
2025-12-13 21:22:40,471 - INFO - phi = [0.34887918 0.00995958 0.76175417 0.53344397]
2025-12-13 21:22:40,485 - INFO - num_full_subsets = 2
2025-12-13 21:22:40,491 - INFO - phi = [-0.1390239  -0.20777545 -0.51234084 -0.88560796]
2025-12-13 21:22:40,506 - INFO - num_full_subsets = 2
2025-12-13 21:22:40,511 - INFO - phi = [-0.12359821  0.1623741  -0.3973849   0.42428613]
2025-12-13 21:22:40,526 - INFO - num_full_subsets = 2
2025-12-13 21:22:40,531 - INFO - phi = [-0.1381711   0.37005982 -0.29200862  0.69718073]
2025-12-13 21:22:40,546 - INFO - num_full_subsets = 2
2025-12-13 21:22:40,552 - INFO - phi = [ 0.17831878 -0.09220839 -0.38780523  0.12410207]
2025-12-13 21:22:40,567 - INFO - num_full_subsets = 2
2025-12-13 21:22:40,573 - INFO - phi = [0.22597536 0.07360521 0.18697447 0.61531235]
2025-12-13 21:22:40,588 - INFO - num_full_subsets = 2
2025-12-13 21:22:40,593 - INFO - phi = [-0.14005228  0.06858055 -0.31116794  0.39699667]
2025-12-13 21:22:40,608 - INFO - num_full_subsets = 2
2025-12-13 21:22:40,613 - INFO - phi = [-0.13265296  0.18247272 -0.24411031  0.36970721]
2025-12-13 21:22:40,628 - INFO - num_full_subsets = 2
2025-12-13 21:22:40,634 - INFO - phi = [-0.14040343 -0.03526231  0.27319142 -0.14879253]
2025-12-13 21:22:40,649 - INFO - num_full_subsets = 2
2025-12-13 21:22:40,654 - INFO - phi = [-0.13797044 -0.08215908  0.51268297 -0.83102904]
2025-12-13 21:22:40,670 - INFO - num_full_subsets = 2
2025-12-13 21:22:40,675 - INFO - phi = [0.29369788 0.32148816 0.72343553 0.42428613]
2025-12-13 21:22:40,690 - INFO - num_full_subsets = 2
2025-12-13 21:22:40,696 - INFO - phi = [-0.1344589   0.38010913  0.97250673 -5.03360591]
2025-12-13 21:22:40,711 - INFO - num_full_subsets = 2
2025-12-13 21:22:40,716 - INFO - phi = [ 0.64986813  0.53754831  0.36898804 -0.17608199]
2025-12-13 21:22:40,731 - INFO - num_full_subsets = 2
2025-12-13 21:22:40,736 - INFO - phi = [-0.05093447  0.05015682 -0.55065948  0.09681261]
2025-12-13 21:22:40,751 - INFO - num_full_subsets = 2
2025-12-13 21:22:40,757 - INFO - phi = [-0.13894865 -0.01683857 -0.41654422  1.1338121 ]
2025-12-13 21:22:40,772 - INFO - num_full_subsets = 2
2025-12-13 21:22:40,778 - INFO - phi = [-0.13879816 -0.26304665  0.61805925 -3.259791  ]
2025-12-13 21:22:40,792 - INFO - num_full_subsets = 2
2025-12-13 21:22:40,798 - INFO - phi = [ 0.37646984 -0.00846415  0.72343553  0.75175965]
2025-12-13 21:22:40,813 - INFO - num_full_subsets = 2
2025-12-13 21:22:40,818 - INFO - phi = [-0.13766945 -0.20275079 -0.3207476   0.53344397]
2025-12-13 21:22:40,833 - INFO - num_full_subsets = 2
2025-12-13 21:22:40,839 - INFO - phi = [-0.09106633 -0.03023765 -0.42612388  0.53344397]
2025-12-13 21:22:40,854 - INFO - num_full_subsets = 2
2025-12-13 21:22:40,859 - INFO - phi = [-0.13932489 -0.25467222 -0.03335775 -0.94018688]
2025-12-13 21:22:40,875 - INFO - num_full_subsets = 2
2025-12-13 21:22:40,880 - INFO - phi = [-0.13764436 -0.26472153  0.67553722 -2.03176529]
2025-12-13 21:22:40,895 - INFO - num_full_subsets = 2
2025-12-13 21:22:40,901 - INFO - phi = [-0.13709255 -0.23289872 -0.23453065 -0.88560796]
2025-12-13 21:22:40,915 - INFO - num_full_subsets = 2
2025-12-13 21:22:40,921 - INFO - phi = [-0.13621467 -0.25132245  0.07201853  0.31512829]
2025-12-13 21:22:40,936 - INFO - num_full_subsets = 2
2025-12-13 21:22:40,942 - INFO - phi = [0.50689838 0.00326004 0.57016094 0.39699667]
2025-12-13 21:22:40,957 - INFO - num_full_subsets = 2
2025-12-13 21:22:40,962 - INFO - phi = [-0.13990178 -0.29821923 -0.33990693  0.26054937]
2025-12-13 21:22:40,978 - INFO - num_full_subsets = 2
2025-12-13 21:22:40,983 - INFO - phi = [-0.13142393  0.38513379 -0.58897813  0.72447019]
2025-12-13 21:22:40,998 - INFO - num_full_subsets = 2
2025-12-13 21:22:41,003 - INFO - phi = [ 0.59719506  0.05350659 -0.25368997 -1.04934472]
2025-12-13 21:22:41,018 - INFO - num_full_subsets = 2
2025-12-13 21:22:41,024 - INFO - phi = [-0.11639956  0.02503355  0.10075751  0.72447019]
2025-12-13 21:22:41,039 - INFO - num_full_subsets = 2
2025-12-13 21:22:41,044 - INFO - phi = [-0.13819618 -0.23289872 -0.40696456 -0.50355552]
2025-12-13 21:22:41,059 - INFO - num_full_subsets = 2
2025-12-13 21:22:41,065 - INFO - phi = [-0.13847208 -0.26974619 -0.31116794 -0.20337145]
2025-12-13 21:22:41,080 - INFO - num_full_subsets = 2
2025-12-13 21:22:41,086 - INFO - phi = [ 0.91323345  0.10375313  0.69469654 -1.1312131 ]
2025-12-13 21:22:41,100 - INFO - num_full_subsets = 2
2025-12-13 21:22:41,106 - INFO - phi = [-0.06046578 -0.05368604 -0.61771712  0.26054937]
2025-12-13 21:22:41,121 - INFO - num_full_subsets = 2
2025-12-13 21:22:41,126 - INFO - phi = [ 0.86056039  0.40690729  0.65637789 -1.04934472]
2025-12-13 21:22:41,633 - INFO - Computing feature importance...
2025-12-13 21:22:42,080 - INFO - Experiment completed for ElasticNet
2025-12-13 21:22:42,080 - INFO - Total time: 15.14s (0.25 min)
2025-12-13 21:22:42,081 - INFO - Starting comprehensive experiment for ElasticNet
2025-12-13 21:22:51,029 - INFO - Performing feature analysis...
2025-12-13 21:22:52,218 - INFO - Model justification: Linear model with L1 and L2 regularization for handling multicollinearity
2025-12-13 21:22:52,218 - INFO - Performing robust cross-validation...
2025-12-13 21:22:52,252 - INFO - CV Results - MSE: 2.9974 ± 0.2690
2025-12-13 21:22:52,252 - INFO - Starting hyperparameter optimization...
2025-12-13 21:22:52,843 - INFO - Best parameters for ElasticNet: {'alpha': 0.015455082385721085, 'l1_ratio': 0.11698526466820483}
2025-12-13 21:22:52,843 - INFO - ⏱️ HPO took 0.59 seconds
2025-12-13 21:22:52,843 - INFO - Training final model...
2025-12-13 21:22:52,845 - INFO - ⏱️ Training took 0.00 seconds
2025-12-13 21:22:52,845 - INFO - Performing residual analysis...
2025-12-13 21:22:53,907 - INFO - Generating XAI explanations...
2025-12-13 21:22:53,907 - WARNING - Using 168 background data samples could cause slower run times. Consider using shap.sample(data, K) or shap.kmeans(data, K) to summarize the background as K samples.
2025-12-13 21:22:53,923 - INFO - num_full_subsets = 2
2025-12-13 21:22:53,929 - INFO - phi = [ 0.4544812   0.35196947  0.54760146 -0.36372599]
2025-12-13 21:22:53,945 - INFO - num_full_subsets = 2
2025-12-13 21:22:53,950 - INFO - phi = [0.18137252 0.2733198  0.6353291  0.39127001]
2025-12-13 21:22:53,965 - INFO - num_full_subsets = 2
2025-12-13 21:22:53,971 - INFO - phi = [ 0.10927182 -0.14728493 -0.8657882  -0.07146947]
2025-12-13 21:22:53,986 - INFO - num_full_subsets = 2
2025-12-13 21:22:53,992 - INFO - phi = [0.18355738 0.18441148 0.23568099 0.05030407]
2025-12-13 21:22:54,007 - INFO - num_full_subsets = 2
2025-12-13 21:22:54,013 - INFO - phi = [-0.14253438 -0.23448348 -0.44664506  0.22078704]
2025-12-13 21:22:54,028 - INFO - num_full_subsets = 2
2025-12-13 21:22:54,034 - INFO - phi = [-0.14297135 -0.18831954 -0.84629317 -0.02276006]
2025-12-13 21:22:54,049 - INFO - num_full_subsets = 2
2025-12-13 21:22:54,055 - INFO - phi = [-0.14273102 -0.23619325  0.22593347 -0.77775605]
2025-12-13 21:22:54,070 - INFO - num_full_subsets = 2
2025-12-13 21:22:54,076 - INFO - phi = [-0.14093943 -0.24132258 -0.19320967  0.17207762]
2025-12-13 21:22:54,091 - INFO - num_full_subsets = 2
2025-12-13 21:22:54,097 - INFO - phi = [0.17481791 0.11089114 0.15770087 0.53739826]
2025-12-13 21:22:54,112 - INFO - num_full_subsets = 2
2025-12-13 21:22:54,118 - INFO - phi = [ 0.55280032  0.0100144   0.30391359 -0.16888831]
2025-12-13 21:22:54,134 - INFO - num_full_subsets = 2
2025-12-13 21:22:54,139 - INFO - phi = [-0.141289   -0.10283077 -0.50513015  0.3669153 ]
2025-12-13 21:22:54,155 - INFO - num_full_subsets = 2
2025-12-13 21:22:54,160 - INFO - phi = [ 0.40641407  0.07840541 -0.31017985 -0.29066186]
2025-12-13 21:22:54,175 - INFO - num_full_subsets = 2
2025-12-13 21:22:54,181 - INFO - phi = [-0.1430369  -0.13018718  0.47936886 -0.31501657]
2025-12-13 21:22:54,196 - INFO - num_full_subsets = 2
2025-12-13 21:22:54,202 - INFO - phi = [-0.14305875  0.01856328 -0.45639257  1.00013774]
2025-12-13 21:22:54,217 - INFO - num_full_subsets = 2
2025-12-13 21:22:54,223 - INFO - phi = [-0.14163858 -0.25671056 -0.37841245 -0.16888831]
2025-12-13 21:22:54,239 - INFO - num_full_subsets = 2
2025-12-13 21:22:54,244 - INFO - phi = [-0.12385375 -0.02760066  0.06997323  0.56175297]
2025-12-13 21:22:54,260 - INFO - num_full_subsets = 2
2025-12-13 21:22:54,265 - INFO - phi = [-0.1421411  -0.2259346  -0.28093731  0.6348171 ]
2025-12-13 21:22:54,280 - INFO - num_full_subsets = 2
2025-12-13 21:22:54,286 - INFO - phi = [-0.13718145  0.32461306 -0.36866494 -0.02276006]
2025-12-13 21:22:54,301 - INFO - num_full_subsets = 2
2025-12-13 21:22:54,307 - INFO - phi = [-0.13018987  0.47678307 -0.05674446  0.65917181]
2025-12-13 21:22:54,322 - INFO - num_full_subsets = 2
2025-12-13 21:22:54,328 - INFO - phi = [-0.13753103 -0.06692549  0.47936886 -0.43679012]
2025-12-13 21:22:54,344 - INFO - num_full_subsets = 2
2025-12-13 21:22:54,350 - INFO - phi = [-0.14255623  0.45284621  0.07972075 -0.31501657]
2025-12-13 21:22:54,365 - INFO - num_full_subsets = 2
2025-12-13 21:22:54,370 - INFO - phi = [-0.14386715  0.59304779 -0.48563512 -0.60727308]
2025-12-13 21:22:54,385 - INFO - num_full_subsets = 2
2025-12-13 21:22:54,391 - INFO - phi = [-0.13912598 -0.10625033  0.86926946 -1.6788803 ]
2025-12-13 21:22:54,406 - INFO - num_full_subsets = 2
2025-12-13 21:22:54,412 - INFO - phi = [ 0.2469186  -0.01392246 -0.23219973  0.46433413]
2025-12-13 21:22:54,427 - INFO - num_full_subsets = 2
2025-12-13 21:22:54,433 - INFO - phi = [-0.14192262 -0.19173909 -0.20295719 -0.36372599]
2025-12-13 21:22:54,449 - INFO - num_full_subsets = 2
2025-12-13 21:22:54,454 - INFO - phi = [ 0.65330432 -0.11992853  0.30391359 -0.94823902]
2025-12-13 21:22:54,469 - INFO - num_full_subsets = 2
2025-12-13 21:22:54,475 - INFO - phi = [-0.1387764  -0.08402325  0.77179431 -2.16597449]
2025-12-13 21:22:54,490 - INFO - num_full_subsets = 2
2025-12-13 21:22:54,496 - INFO - phi = [-0.13831758 -0.05837662  0.52810643 -0.16888831]
2025-12-13 21:22:54,512 - INFO - num_full_subsets = 2
2025-12-13 21:22:54,518 - INFO - phi = [-0.14432597 -0.25500078 -0.45639257  0.3669153 ]
2025-12-13 21:22:54,535 - INFO - num_full_subsets = 2
2025-12-13 21:22:54,541 - INFO - phi = [ 0.57683389  0.05617833 -0.31992736 -0.50985425]
2025-12-13 21:22:54,558 - INFO - num_full_subsets = 2
2025-12-13 21:22:54,564 - INFO - phi = [-0.14045875 -0.2122564   0.74255176 -0.75340134]
2025-12-13 21:22:54,581 - INFO - num_full_subsets = 2
2025-12-13 21:22:54,587 - INFO - phi = [ 0.50910293 -0.04127886  0.65482413 -0.16888831]
2025-12-13 21:22:54,604 - INFO - num_full_subsets = 2
2025-12-13 21:22:54,609 - INFO - phi = [-0.14364866 -0.2190955   0.16744838 -1.82500856]
2025-12-13 21:22:54,626 - INFO - num_full_subsets = 2
2025-12-13 21:22:54,632 - INFO - phi = [-0.13731254  0.40668228  0.57684401  0.61046239]
2025-12-13 21:22:54,649 - INFO - num_full_subsets = 2
2025-12-13 21:22:54,655 - INFO - phi = [-0.14196631 -0.10283077  0.47936886 -0.31501657]
2025-12-13 21:22:54,672 - INFO - num_full_subsets = 2
2025-12-13 21:22:54,678 - INFO - phi = [ 0.69263197  0.07327609  0.02123566 -0.50985425]
2025-12-13 21:22:54,695 - INFO - num_full_subsets = 2
2025-12-13 21:22:54,700 - INFO - phi = [ 0.22725477 -0.04127886  0.35265116  0.75659065]
2025-12-13 21:22:54,715 - INFO - num_full_subsets = 2
2025-12-13 21:22:54,721 - INFO - phi = [ 0.1180113  -0.02418111 -0.55386772  0.75659065]
2025-12-13 21:22:54,736 - INFO - num_full_subsets = 2
2025-12-13 21:22:54,742 - INFO - phi = [ 0.60960693  0.36051834  0.01148814 -0.82646547]
2025-12-13 21:22:54,757 - INFO - num_full_subsets = 2
2025-12-13 21:22:54,762 - INFO - phi = [-0.14163858 -0.25671056 -0.37841245 -0.16888831]
2025-12-13 21:22:54,778 - INFO - num_full_subsets = 2
2025-12-13 21:22:54,784 - INFO - phi = [-0.14074279 -0.20199774  0.35265116 -0.3880807 ]
2025-12-13 21:22:54,800 - INFO - num_full_subsets = 2
2025-12-13 21:22:54,806 - INFO - phi = [-0.14255623  0.21518744  0.04073069 -0.02276006]
2025-12-13 21:22:54,823 - INFO - num_full_subsets = 2
2025-12-13 21:22:54,829 - INFO - phi = [ 0.46977528  0.12456935  0.78154182 -0.26630715]
2025-12-13 21:22:54,846 - INFO - num_full_subsets = 2
2025-12-13 21:22:54,852 - INFO - phi = [-0.14262178 -0.06521572  0.49886389 -0.41243541]
2025-12-13 21:22:54,869 - INFO - num_full_subsets = 2
2025-12-13 21:22:54,875 - INFO - phi = [ 0.41733842 -0.02247133 -0.31992736 -0.36372599]
2025-12-13 21:22:54,893 - INFO - num_full_subsets = 2
2025-12-13 21:22:54,899 - INFO - phi = [-0.14364866  0.21005811 -0.0177544   0.51304355]
2025-12-13 21:22:54,916 - INFO - num_full_subsets = 2
2025-12-13 21:22:54,922 - INFO - phi = [-0.1430806  -0.19857819  0.2454285  -0.46114483]
2025-12-13 21:22:54,939 - INFO - num_full_subsets = 2
2025-12-13 21:22:54,945 - INFO - phi = [-0.14270917 -0.05666684 -0.35891742  0.14772291]
2025-12-13 21:22:54,962 - INFO - num_full_subsets = 2
2025-12-13 21:22:54,971 - INFO - phi = [-0.14198816 -0.10283077  0.0504782  -0.21759773]
2025-12-13 21:22:54,986 - INFO - num_full_subsets = 2
2025-12-13 21:22:54,992 - INFO - phi = [-0.11773611  0.09379339  0.66457164  0.39127001]
2025-12-13 21:22:55,008 - INFO - num_full_subsets = 2
2025-12-13 21:22:55,013 - INFO - phi = [-0.11227394  0.38958453  0.60608655  0.56175297]
2025-12-13 21:22:55,029 - INFO - num_full_subsets = 2
2025-12-13 21:22:55,034 - INFO - phi = [-0.14242514  0.05446856 -0.17371464  0.02594936]
2025-12-13 21:22:55,050 - INFO - num_full_subsets = 2
2025-12-13 21:22:55,055 - INFO - phi = [-0.14010918  0.08182496  0.25517602  0.46433413]
2025-12-13 21:22:55,071 - INFO - num_full_subsets = 2
2025-12-13 21:22:55,076 - INFO - phi = [-0.14430412  0.55030341 -0.50513015  0.00159465]
2025-12-13 21:22:55,091 - INFO - num_full_subsets = 2
2025-12-13 21:22:55,097 - INFO - phi = [-0.14410749  0.26306115  0.18694341  1.12191129]
2025-12-13 21:22:55,113 - INFO - num_full_subsets = 2
2025-12-13 21:22:55,118 - INFO - phi = [ 0.05333917 -0.13189696 -0.04699695  0.61046239]
2025-12-13 21:22:55,134 - INFO - num_full_subsets = 2
2025-12-13 21:22:55,139 - INFO - phi = [ 0.67952275  0.07156631  0.27467105 -0.48549954]
2025-12-13 21:22:55,154 - INFO - num_full_subsets = 2
2025-12-13 21:22:55,160 - INFO - phi = [-0.14107052 -0.26696921 -0.00800689 -0.53420896]
2025-12-13 21:22:55,175 - INFO - num_full_subsets = 2
2025-12-13 21:22:55,181 - INFO - phi = [-0.14327724 -0.2190955  -0.89503075 -0.21759773]
2025-12-13 21:22:55,196 - INFO - num_full_subsets = 2
2025-12-13 21:22:55,202 - INFO - phi = [-0.1422285  -0.03272999  0.18694341  0.9027189 ]
2025-12-13 21:22:55,218 - INFO - num_full_subsets = 2
2025-12-13 21:22:55,223 - INFO - phi = [-0.14281841 -0.24816168 -0.08598701  0.19643233]
2025-12-13 21:22:55,238 - INFO - num_full_subsets = 2
2025-12-13 21:22:55,244 - INFO - phi = [-0.01788758 -0.0942819  -0.4758876   0.3669153 ]
2025-12-13 21:22:55,259 - INFO - num_full_subsets = 2
2025-12-13 21:22:55,269 - INFO - phi = [-0.14242514 -0.22935415 -0.12497707 -0.31501657]
2025-12-13 21:22:55,284 - INFO - num_full_subsets = 2
2025-12-13 21:22:55,290 - INFO - phi = [-0.03689594  0.09892272  0.60608655  0.26949646]
2025-12-13 21:22:55,305 - INFO - num_full_subsets = 2
2025-12-13 21:22:55,311 - INFO - phi = [-0.14146379 -0.18831954 -0.59285778  0.22078704]
2025-12-13 21:22:55,327 - INFO - num_full_subsets = 2
2025-12-13 21:22:55,332 - INFO - phi = [ 0.12893565 -0.0874428  -0.48563512  0.6348171 ]
2025-12-13 21:22:55,348 - INFO - num_full_subsets = 2
2025-12-13 21:22:55,353 - INFO - phi = [0.30591007 0.02711215 0.7035617  0.65917181]
2025-12-13 21:22:55,368 - INFO - num_full_subsets = 2
2025-12-13 21:22:55,374 - INFO - phi = [-0.1338823   0.14337688 -0.44664506  0.80530007]
2025-12-13 21:22:55,389 - INFO - num_full_subsets = 2
2025-12-13 21:22:55,395 - INFO - phi = [-0.05830766 -0.04469841  0.71330922  0.70788123]
2025-12-13 21:22:55,410 - INFO - num_full_subsets = 2
2025-12-13 21:22:55,416 - INFO - phi = [-0.09261011  0.05446856  0.31366111  0.07465878]
2025-12-13 21:22:55,431 - INFO - num_full_subsets = 2
2025-12-13 21:22:55,437 - INFO - phi = [-0.12852937  0.10576182 -0.36866494  0.1233682 ]
2025-12-13 21:22:55,452 - INFO - num_full_subsets = 2
2025-12-13 21:22:55,458 - INFO - phi = [-0.13949741  0.07840541  0.58659152  0.43997942]
2025-12-13 21:22:55,473 - INFO - num_full_subsets = 2
2025-12-13 21:22:55,479 - INFO - phi = [-0.1439327   0.04762946 -0.56361524 -0.02276006]
2025-12-13 21:22:55,494 - INFO - num_full_subsets = 2
2025-12-13 21:22:55,499 - INFO - phi = [-0.14288396 -0.19173909 -0.63184784  0.65917181]
2025-12-13 21:22:55,515 - INFO - num_full_subsets = 2
2025-12-13 21:22:55,520 - INFO - phi = [ 0.09834748  0.19296036 -0.63184784  0.70788123]
2025-12-13 21:22:55,536 - INFO - num_full_subsets = 2
2025-12-13 21:22:55,542 - INFO - phi = [ 0.63145562  0.18099193 -0.54412021 -0.60727308]
2025-12-13 21:22:55,557 - INFO - num_full_subsets = 2
2025-12-13 21:22:55,563 - INFO - phi = [-0.1320907  -0.09599167 -0.59285778 -0.36372599]
2025-12-13 21:22:55,578 - INFO - num_full_subsets = 2
2025-12-13 21:22:55,583 - INFO - phi = [-0.14367051 -0.22935415  0.33315614 -2.72613281]
2025-12-13 21:22:55,599 - INFO - num_full_subsets = 2
2025-12-13 21:22:55,604 - INFO - phi = [-0.14290581  0.04250013 -0.2127047  -0.41243541]
2025-12-13 21:22:55,620 - INFO - num_full_subsets = 2
2025-12-13 21:22:55,625 - INFO - phi = [-0.10134959  0.00488507 -0.46614009  0.46433413]
2025-12-13 21:22:55,641 - INFO - num_full_subsets = 2
2025-12-13 21:22:55,646 - INFO - phi = [ 0.43918711 -0.06008639  0.52810643 -0.50985425]
2025-12-13 21:22:55,661 - INFO - num_full_subsets = 2
2025-12-13 21:22:55,667 - INFO - phi = [ 0.38019564  0.19125059  0.43063128 -0.50985425]
2025-12-13 21:22:55,682 - INFO - num_full_subsets = 2
2025-12-13 21:22:55,688 - INFO - phi = [ 0.14204487  0.38787475 -0.20295719  0.65917181]
2025-12-13 21:22:55,703 - INFO - num_full_subsets = 2
2025-12-13 21:22:55,709 - INFO - phi = [-0.14286211 -0.24474213 -0.55386772 -0.46114483]
2025-12-13 21:22:55,724 - INFO - num_full_subsets = 2
2025-12-13 21:22:55,730 - INFO - phi = [-0.12512097  0.08524451 -0.20295719 -0.09582418]
2025-12-13 21:22:55,745 - INFO - num_full_subsets = 2
2025-12-13 21:22:55,751 - INFO - phi = [-0.14032766  0.02882193 -0.04699695  0.70788123]
2025-12-13 21:22:55,766 - INFO - num_full_subsets = 2
2025-12-13 21:22:55,772 - INFO - phi = [-0.14220665 -0.04811796  0.48911637 -0.75340134]
2025-12-13 21:22:55,787 - INFO - num_full_subsets = 2
2025-12-13 21:22:55,793 - INFO - phi = [-0.12057644  0.24425362 -0.06649198  0.31820588]
2025-12-13 21:22:55,808 - INFO - num_full_subsets = 2
2025-12-13 21:22:55,814 - INFO - phi = [-0.14115791 -0.2327737   0.71330922 -1.72758972]
2025-12-13 21:22:55,829 - INFO - num_full_subsets = 2
2025-12-13 21:22:55,834 - INFO - phi = [ 0.0577089  -0.11308943 -0.39790748  0.61046239]
2025-12-13 21:22:55,850 - INFO - num_full_subsets = 2
2025-12-13 21:22:55,856 - INFO - phi = [-0.14356127 -0.15412403  0.21618596 -0.31501657]
2025-12-13 21:22:55,871 - INFO - num_full_subsets = 2
2025-12-13 21:22:55,877 - INFO - phi = [-0.141289   -0.19344887 -0.34916991  1.146266  ]
2025-12-13 21:22:55,892 - INFO - num_full_subsets = 2
2025-12-13 21:22:55,898 - INFO - phi = [-0.14163858  0.22373632  0.25517602  0.22078704]
2025-12-13 21:22:55,913 - INFO - num_full_subsets = 2
2025-12-13 21:22:55,918 - INFO - phi = [-0.13608902  0.12627912  0.62558158  0.70788123]
2025-12-13 21:22:55,934 - INFO - num_full_subsets = 2
2025-12-13 21:22:55,939 - INFO - phi = [-0.14104867 -0.00195403 -0.59285778  0.1233682 ]
2025-12-13 21:22:55,955 - INFO - num_full_subsets = 2
2025-12-13 21:22:55,961 - INFO - phi = [-0.14408564 -0.20883685 -0.39790748 -0.1445336 ]
2025-12-13 21:22:55,976 - INFO - num_full_subsets = 2
2025-12-13 21:22:55,982 - INFO - phi = [-0.13868901 -0.08402325  0.51835892 -0.04711477]
2025-12-13 21:22:55,997 - INFO - num_full_subsets = 2
2025-12-13 21:22:56,002 - INFO - phi = [-0.14019657 -0.16780224  0.64507661 -0.07146947]
2025-12-13 21:22:56,018 - INFO - num_full_subsets = 2
2025-12-13 21:22:56,023 - INFO - phi = [-0.14312429 -0.21054662 -0.02750192  0.1233682 ]
2025-12-13 21:22:56,039 - INFO - num_full_subsets = 2
2025-12-13 21:22:56,044 - INFO - phi = [-0.14146379  0.3981334   0.49886389  0.70788123]
2025-12-13 21:22:56,060 - INFO - num_full_subsets = 2
2025-12-13 21:22:56,066 - INFO - phi = [-0.13027726 -0.03785931  0.68406667  0.6348171 ]
2025-12-13 21:22:56,081 - INFO - num_full_subsets = 2
2025-12-13 21:22:56,087 - INFO - phi = [-0.12429072  0.1416671  -0.36866494  0.3669153 ]
2025-12-13 21:22:56,104 - INFO - num_full_subsets = 2
2025-12-13 21:22:56,109 - INFO - phi = [0.10271722 0.06643698 0.69381419 1.07320187]
2025-12-13 21:22:56,125 - INFO - num_full_subsets = 2
2025-12-13 21:22:56,130 - INFO - phi = [-0.14255623 -0.13189696  0.00174063  0.02594936]
2025-12-13 21:22:56,146 - INFO - num_full_subsets = 2
2025-12-13 21:22:56,151 - INFO - phi = [ 0.57683389  0.05617833 -0.31992736 -0.50985425]
2025-12-13 21:22:56,167 - INFO - num_full_subsets = 2
2025-12-13 21:22:56,173 - INFO - phi = [0.12238104 0.6272433  0.67431916 0.97578303]
2025-12-13 21:22:56,188 - INFO - num_full_subsets = 2
2025-12-13 21:22:56,194 - INFO - phi = [ 0.02580981 -0.03443976  0.56709649  0.51304355]
2025-12-13 21:22:56,209 - INFO - num_full_subsets = 2
2025-12-13 21:22:56,215 - INFO - phi = [-0.14187892 -0.26354966 -0.06649198 -2.4338763 ]
2025-12-13 21:22:56,230 - INFO - num_full_subsets = 2
2025-12-13 21:22:56,236 - INFO - phi = [-0.13770582  0.12285957  0.57684401  0.6348171 ]
2025-12-13 21:22:56,251 - INFO - num_full_subsets = 2
2025-12-13 21:22:56,259 - INFO - phi = [-0.14262178 -0.24987145 -0.61235281 -0.16888831]
2025-12-13 21:22:56,275 - INFO - num_full_subsets = 2
2025-12-13 21:22:56,281 - INFO - phi = [-0.14297135 -0.2259346  -0.4758876  -0.04711477]
2025-12-13 21:22:56,296 - INFO - num_full_subsets = 2
2025-12-13 21:22:56,301 - INFO - phi = [-0.09304709  0.08353474 -0.33942239  0.46433413]
2025-12-13 21:22:56,317 - INFO - num_full_subsets = 2
2025-12-13 21:22:56,322 - INFO - phi = [-0.1413327  -0.19515864  0.77179431 -0.43679012]
2025-12-13 21:22:56,337 - INFO - num_full_subsets = 2
2025-12-13 21:22:56,343 - INFO - phi = [-0.14275287 -0.2259346   0.22593347  0.17207762]
2025-12-13 21:22:56,358 - INFO - num_full_subsets = 2
2025-12-13 21:22:56,364 - INFO - phi = [-0.14176968 -0.26013011 -0.62210033  0.02594936]
2025-12-13 21:22:56,380 - INFO - num_full_subsets = 2
2025-12-13 21:22:56,386 - INFO - phi = [-0.10703025 -0.05153751 -0.34916991  0.19643233]
2025-12-13 21:22:56,401 - INFO - num_full_subsets = 2
2025-12-13 21:22:56,406 - INFO - phi = [-0.14102682 -0.16267291  0.58659152  0.05030407]
2025-12-13 21:22:56,421 - INFO - num_full_subsets = 2
2025-12-13 21:22:56,427 - INFO - phi = [ 0.49817859  0.09037384 -0.29068482 -0.94823902]
2025-12-13 21:22:56,442 - INFO - num_full_subsets = 2
2025-12-13 21:22:56,448 - INFO - phi = [-0.14194447  0.03566103 -0.34916991  1.09755658]
2025-12-13 21:22:56,463 - INFO - num_full_subsets = 2
2025-12-13 21:22:56,469 - INFO - phi = [-0.04803878  0.27844913 -0.19320967  0.46433413]
2025-12-13 21:22:56,485 - INFO - num_full_subsets = 2
2025-12-13 21:22:56,490 - INFO - phi = [ 0.55498519 -0.01563223  0.55734898 -0.58291837]
2025-12-13 21:22:56,506 - INFO - num_full_subsets = 2
2025-12-13 21:22:56,511 - INFO - phi = [ 0.00527204 -0.00024425 -0.2127047   0.17207762]
2025-12-13 21:22:56,526 - INFO - num_full_subsets = 2
2025-12-13 21:22:56,532 - INFO - phi = [-0.14174783 -0.19686842  0.4403788  -1.07001256]
2025-12-13 21:22:56,547 - INFO - num_full_subsets = 2
2025-12-13 21:22:56,553 - INFO - phi = [-0.03318166  0.53833498  0.32340862  0.95142832]
2025-12-13 21:22:56,568 - INFO - num_full_subsets = 2
2025-12-13 21:22:56,573 - INFO - phi = [-0.14386715  0.20663856 -0.33942239  0.41562472]
2025-12-13 21:22:56,589 - INFO - num_full_subsets = 2
2025-12-13 21:22:56,595 - INFO - phi = [-0.13879825  0.3912943   0.5086114   0.19643233]
2025-12-13 21:22:56,610 - INFO - num_full_subsets = 2
2025-12-13 21:22:56,616 - INFO - phi = [ 0.58120362 -0.18660977 -0.33942239 -0.97259373]
2025-12-13 21:22:56,631 - INFO - num_full_subsets = 2
2025-12-13 21:22:56,637 - INFO - phi = [-0.14264362 -0.2396128  -0.34916991 -0.19324302]
2025-12-13 21:22:56,652 - INFO - num_full_subsets = 2
2025-12-13 21:22:56,657 - INFO - phi = [-0.14262178 -0.2259346   0.09921578 -0.70469192]
2025-12-13 21:22:56,673 - INFO - num_full_subsets = 2
2025-12-13 21:22:56,678 - INFO - phi = [-0.12479324  0.40668228 -0.18346216  0.05030407]
2025-12-13 21:22:56,694 - INFO - num_full_subsets = 2
2025-12-13 21:22:56,700 - INFO - phi = [ 0.22070017 -0.05153751 -0.6026053  -0.07146947]
2025-12-13 21:22:56,715 - INFO - num_full_subsets = 2
2025-12-13 21:22:56,721 - INFO - phi = [-0.14364866 -0.2190955   0.16744838 -1.82500856]
2025-12-13 21:22:56,736 - INFO - num_full_subsets = 2
2025-12-13 21:22:56,745 - INFO - phi = [ 0.27750677  0.26306115  0.11871081 -0.72904663]
2025-12-13 21:22:56,761 - INFO - num_full_subsets = 2
2025-12-13 21:22:56,767 - INFO - phi = [ 0.02580981 -0.03785931  0.42088377  0.70788123]
2025-12-13 21:22:56,782 - INFO - num_full_subsets = 2
2025-12-13 21:22:56,788 - INFO - phi = [-0.09938321  0.15876485 -0.41740251  0.41562472]
2025-12-13 21:22:56,804 - INFO - num_full_subsets = 2
2025-12-13 21:22:56,810 - INFO - phi = [-0.14397639 -0.1284774  -0.42715003 -0.12017889]
2025-12-13 21:22:56,825 - INFO - num_full_subsets = 2
2025-12-13 21:22:56,831 - INFO - phi = [-0.14163858 -0.06350594  0.08946826  0.26949646]
2025-12-13 21:22:56,846 - INFO - num_full_subsets = 2
2025-12-13 21:22:56,852 - INFO - phi = [-0.1413764  -0.0942819  -0.32967488  0.46433413]
2025-12-13 21:22:56,867 - INFO - num_full_subsets = 2
2025-12-13 21:22:56,873 - INFO - phi = [-0.04476147 -0.02076156  0.03098317  0.41562472]
2025-12-13 21:22:56,888 - INFO - num_full_subsets = 2
2025-12-13 21:22:56,893 - INFO - phi = [-0.14277472 -0.03956909 -0.53437269  0.78094536]
2025-12-13 21:22:56,911 - INFO - num_full_subsets = 2
2025-12-13 21:22:56,917 - INFO - phi = [ 0.10271722  0.30580553 -0.02750192  0.51304355]
2025-12-13 21:22:56,932 - INFO - num_full_subsets = 2
2025-12-13 21:22:56,938 - INFO - phi = [-0.13973775  0.11944002 -0.30043234  0.56175297]
2025-12-13 21:22:56,953 - INFO - num_full_subsets = 2
2025-12-13 21:22:56,959 - INFO - phi = [-0.14305875 -0.14044583 -0.84629317  0.85400949]
2025-12-13 21:22:56,974 - INFO - num_full_subsets = 2
2025-12-13 21:22:56,979 - INFO - phi = [-0.13934447 -0.24987145  0.4403788   0.31820588]
2025-12-13 21:22:56,994 - INFO - num_full_subsets = 2
2025-12-13 21:22:57,000 - INFO - phi = [ 0.13549026 -0.13018718  0.7035617   1.07320187]
2025-12-13 21:22:57,016 - INFO - num_full_subsets = 2
2025-12-13 21:22:57,022 - INFO - phi = [-0.143889   -0.18489999  0.18694341 -0.94823902]
2025-12-13 21:22:57,037 - INFO - num_full_subsets = 2
2025-12-13 21:22:57,043 - INFO - phi = [-0.1414201  -0.17464134  0.16744838  0.3669153 ]
2025-12-13 21:22:57,058 - INFO - num_full_subsets = 2
2025-12-13 21:22:57,064 - INFO - phi = [ 0.27750677 -0.03443976  0.00174063  0.24514175]
2025-12-13 21:22:57,079 - INFO - num_full_subsets = 2
2025-12-13 21:22:57,085 - INFO - phi = [-0.14351757 -0.22764437 -0.19320967 -0.12017889]
2025-12-13 21:22:57,100 - INFO - num_full_subsets = 2
2025-12-13 21:22:57,105 - INFO - phi = [ 0.63145562 -0.03443976  0.02123566 -1.24049553]
2025-12-13 21:22:57,121 - INFO - num_full_subsets = 2
2025-12-13 21:22:57,127 - INFO - phi = [-0.14310245 -0.19686842 -0.87553572 -0.07146947]
2025-12-13 21:22:57,142 - INFO - num_full_subsets = 2
2025-12-13 21:22:57,148 - INFO - phi = [-0.12717475  0.64263128  0.1771959  -0.26630715]
2025-12-13 21:22:57,164 - INFO - num_full_subsets = 2
2025-12-13 21:22:57,170 - INFO - phi = [0.31901929 0.18441148 0.04073069 0.00159465]
2025-12-13 21:22:57,186 - INFO - num_full_subsets = 2
2025-12-13 21:22:57,192 - INFO - phi = [-0.12968735  0.20150924 -0.43689754  0.3669153 ]
2025-12-13 21:22:57,207 - INFO - num_full_subsets = 2
2025-12-13 21:22:57,213 - INFO - phi = [ 0.61834641 -0.10625033 -0.41740251 -0.8995296 ]
2025-12-13 21:22:57,229 - INFO - num_full_subsets = 2
2025-12-13 21:22:57,234 - INFO - phi = [-0.13742179  0.33829127 -0.06649198  0.85400949]
2025-12-13 21:22:57,249 - INFO - num_full_subsets = 2
2025-12-13 21:22:57,255 - INFO - phi = [-0.12525206  0.03908058 -0.407655    0.43997942]
2025-12-13 21:22:57,270 - INFO - num_full_subsets = 2
2025-12-13 21:22:57,276 - INFO - phi = [-0.1413764  -0.25158123 -0.17371464 -0.16888831]
2025-12-13 21:22:57,291 - INFO - num_full_subsets = 2
2025-12-13 21:22:57,297 - INFO - phi = [-0.14163858 -0.16951201  0.39164122  0.29385117]
2025-12-13 21:22:57,312 - INFO - num_full_subsets = 2
2025-12-13 21:22:57,318 - INFO - phi = [-0.12689071 -0.07205482 -0.53437269  0.29385117]
2025-12-13 21:22:57,334 - INFO - num_full_subsets = 2
2025-12-13 21:22:57,339 - INFO - phi = [ 0.75817805  0.17757238  0.47936886 -0.8995296 ]
2025-12-13 21:22:57,355 - INFO - num_full_subsets = 2
2025-12-13 21:22:57,360 - INFO - phi = [-0.14192262  0.10234227  0.38189371  0.48868884]
2025-12-13 21:22:57,376 - INFO - num_full_subsets = 2
2025-12-13 21:22:57,381 - INFO - phi = [-0.14290581 -0.26696921 -0.6026053  -0.24195244]
2025-12-13 21:22:57,396 - INFO - num_full_subsets = 2
2025-12-13 21:22:57,402 - INFO - phi = [ 0.00942329 -0.10454055 -0.54412021  0.39127001]
2025-12-13 21:22:57,417 - INFO - num_full_subsets = 2
2025-12-13 21:22:57,423 - INFO - phi = [ 0.72977475  0.00146552  0.02123566 -0.80211076]
2025-12-13 21:22:57,439 - INFO - num_full_subsets = 2
2025-12-13 21:22:57,444 - INFO - phi = [-0.14343018 -0.18831954  0.34290365  0.46433413]
2025-12-13 21:22:57,460 - INFO - num_full_subsets = 2
2025-12-13 21:22:57,465 - INFO - phi = [-0.14080833 -0.2122564   0.52810643 -0.09582418]
2025-12-13 21:22:57,480 - INFO - num_full_subsets = 2
2025-12-13 21:22:57,486 - INFO - phi = [-0.1439327   0.04762946 -0.56361524 -0.02276006]
2025-12-13 21:22:58,003 - INFO - Computing feature importance...
2025-12-13 21:22:58,446 - INFO - Experiment completed for ElasticNet
2025-12-13 21:22:58,446 - INFO - Total time: 15.98s (0.27 min)
2025-12-13 21:22:58,446 - INFO - Starting comprehensive experiment for ElasticNet
2025-12-13 21:23:07,660 - INFO - Performing feature analysis...
2025-12-13 21:23:08,853 - INFO - Model justification: Linear model with L1 and L2 regularization for handling multicollinearity
2025-12-13 21:23:08,853 - INFO - Performing robust cross-validation...
2025-12-13 21:23:08,886 - INFO - CV Results - MSE: 2.8986 ± 0.2164
2025-12-13 21:23:08,886 - INFO - Starting hyperparameter optimization...
2025-12-13 21:23:09,489 - INFO - Best parameters for ElasticNet: {'alpha': 0.03240199726509758, 'l1_ratio': 0.19754521383260712}
2025-12-13 21:23:09,489 - INFO - ⏱️ HPO took 0.60 seconds
2025-12-13 21:23:09,489 - INFO - Training final model...
2025-12-13 21:23:09,491 - INFO - ⏱️ Training took 0.00 seconds
2025-12-13 21:23:09,491 - INFO - Performing residual analysis...
2025-12-13 21:23:10,489 - INFO - Generating XAI explanations...
2025-12-13 21:23:10,490 - WARNING - Using 168 background data samples could cause slower run times. Consider using shap.sample(data, K) or shap.kmeans(data, K) to summarize the background as K samples.
2025-12-13 21:23:10,505 - INFO - num_full_subsets = 2
2025-12-13 21:23:10,510 - INFO - phi = [-0.13190199 -0.15579754  0.37836008 -0.87914068]
2025-12-13 21:23:10,525 - INFO - num_full_subsets = 2
2025-12-13 21:23:10,531 - INFO - phi = [-0.11860649  0.26011694 -0.26300783  0.81044331]
2025-12-13 21:23:10,546 - INFO - num_full_subsets = 2
2025-12-13 21:23:10,552 - INFO - phi = [-0.12996925 -0.25514553  0.66450885 -1.78891667]
2025-12-13 21:23:10,567 - INFO - num_full_subsets = 2
2025-12-13 21:23:10,573 - INFO - phi = [ 0.22815956 -0.06655273  0.29942249  0.86243051]
2025-12-13 21:23:10,588 - INFO - num_full_subsets = 2
2025-12-13 21:23:10,594 - INFO - phi = [-0.12916218  0.0024857  -0.10513265  0.81044331]
2025-12-13 21:23:10,609 - INFO - num_full_subsets = 2
2025-12-13 21:23:10,615 - INFO - phi = [-0.11769322  0.0782596  -0.43075021  0.18659691]
2025-12-13 21:23:10,630 - INFO - num_full_subsets = 2
2025-12-13 21:23:10,635 - INFO - phi = [-0.08277662  0.02774367  0.2599537   0.13460971]
2025-12-13 21:23:10,650 - INFO - num_full_subsets = 2
2025-12-13 21:23:10,656 - INFO - phi = [ 0.54461783 -0.0160368   0.2500865  -0.12532628]
2025-12-13 21:23:10,671 - INFO - num_full_subsets = 2
2025-12-13 21:23:10,677 - INFO - phi = [-0.12941705 -0.21473279  0.71384484 -1.73692947]
2025-12-13 21:23:10,692 - INFO - num_full_subsets = 2
2025-12-13 21:23:10,697 - INFO - phi = [-0.13077633 -0.12717185 -0.00646067 -0.17731348]
2025-12-13 21:23:10,713 - INFO - num_full_subsets = 2
2025-12-13 21:23:10,718 - INFO - phi = [-0.12799404 -0.13053958  0.82238402 -1.73692947]
2025-12-13 21:23:10,733 - INFO - num_full_subsets = 2
2025-12-13 21:23:10,739 - INFO - phi = [-0.03944945  0.24832989 -0.25314063  0.55050731]
2025-12-13 21:23:10,754 - INFO - num_full_subsets = 2
2025-12-13 21:23:10,760 - INFO - phi = [0.21541627 0.04289845 0.65464165 0.68047531]
2025-12-13 21:23:10,775 - INFO - num_full_subsets = 2
2025-12-13 21:23:10,780 - INFO - phi = [ 0.56798052  0.02942753 -0.38141422 -0.48923668]
2025-12-13 21:23:10,795 - INFO - num_full_subsets = 2
2025-12-13 21:23:10,801 - INFO - phi = [-0.11922242  0.01258889  0.19088331  0.49852011]
2025-12-13 21:23:10,816 - INFO - num_full_subsets = 2
2025-12-13 21:23:10,822 - INFO - phi = [ 0.62107754  0.1018337   0.64477445 -0.64519828]
2025-12-13 21:23:10,837 - INFO - num_full_subsets = 2
2025-12-13 21:23:10,842 - INFO - phi = [-0.12623122  0.37461971  0.52636806  0.70646891]
2025-12-13 21:23:10,857 - INFO - num_full_subsets = 2
2025-12-13 21:23:10,863 - INFO - phi = [-0.11930737  0.44365815 -0.11499985  0.75845611]
2025-12-13 21:23:10,878 - INFO - num_full_subsets = 2
2025-12-13 21:23:10,884 - INFO - phi = [ 0.38107899  0.05805323  0.58557126 -0.46324308]
2025-12-13 21:23:10,898 - INFO - num_full_subsets = 2
2025-12-13 21:23:10,904 - INFO - phi = [-0.13149845 -0.2046296   0.37836008 -0.51523028]
2025-12-13 21:23:10,919 - INFO - num_full_subsets = 2
2025-12-13 21:23:10,925 - INFO - phi = [-0.13307012  0.12204007  0.06260973  0.65448171]
2025-12-13 21:23:10,940 - INFO - num_full_subsets = 2
2025-12-13 21:23:10,946 - INFO - phi = [-0.13100996 -0.13727503 -0.89450855  1.07037931]
2025-12-13 21:23:10,961 - INFO - num_full_subsets = 2
2025-12-13 21:23:10,967 - INFO - phi = [-0.12888607  0.0075373  -0.08539826  0.68047531]
2025-12-13 21:23:10,981 - INFO - num_full_subsets = 2
2025-12-13 21:23:10,987 - INFO - phi = [ 0.24727449 -0.0396109  -0.29260943  0.55050731]
2025-12-13 21:23:11,002 - INFO - num_full_subsets = 2
2025-12-13 21:23:11,008 - INFO - phi = [-0.13024536 -0.22483598 -0.33207822 -0.80115988]
2025-12-13 21:23:11,023 - INFO - num_full_subsets = 2
2025-12-13 21:23:11,029 - INFO - phi = [-0.01013989  0.08836278 -0.45048461  0.29057131]
2025-12-13 21:23:11,044 - INFO - num_full_subsets = 2
2025-12-13 21:23:11,050 - INFO - phi = [-0.01013989 -0.11875253 -0.5392894   0.44653291]
2025-12-13 21:23:11,065 - INFO - num_full_subsets = 2
2025-12-13 21:23:11,071 - INFO - phi = [-0.12279054 -0.00930135 -0.42088301  0.65448171]
2025-12-13 21:23:11,085 - INFO - num_full_subsets = 2
2025-12-13 21:23:11,091 - INFO - phi = [-0.13081881  0.32241992 -0.71689897  0.75845611]
2025-12-13 21:23:11,106 - INFO - num_full_subsets = 2
2025-12-13 21:23:11,112 - INFO - phi = [-0.13162588 -0.26693258 -0.61822698 -0.43724948]
2025-12-13 21:23:11,127 - INFO - num_full_subsets = 2
2025-12-13 21:23:11,133 - INFO - phi = [-0.1316896  -0.24335848 -0.08539826  0.29057131]
2025-12-13 21:23:11,148 - INFO - num_full_subsets = 2
2025-12-13 21:23:11,154 - INFO - phi = [ 0.00600161 -0.14401049  0.01327373  1.07037931]
2025-12-13 21:23:11,169 - INFO - num_full_subsets = 2
2025-12-13 21:23:11,174 - INFO - phi = [-0.13081881 -0.22315211 -0.23340624 -0.43724948]
2025-12-13 21:23:11,190 - INFO - num_full_subsets = 2
2025-12-13 21:23:11,195 - INFO - phi = [-0.13262411 -0.29050668 -0.44061741  0.29057131]
2025-12-13 21:23:11,210 - INFO - num_full_subsets = 2
2025-12-13 21:23:11,216 - INFO - phi = [-0.13181703  0.21128488 -0.23340624 -0.28128788]
2025-12-13 21:23:11,231 - INFO - num_full_subsets = 2
2025-12-13 21:23:11,237 - INFO - phi = [ 0.12196551 -0.04971409 -0.61822698  0.86243051]
2025-12-13 21:23:11,252 - INFO - num_full_subsets = 2
2025-12-13 21:23:11,258 - INFO - phi = [ 0.46178647  0.04121458  0.18101611 -0.43724948]
2025-12-13 21:23:11,273 - INFO - num_full_subsets = 2
2025-12-13 21:23:11,278 - INFO - phi = [ 0.14320432  0.1018337  -0.07553106  0.65448171]
2025-12-13 21:23:11,294 - INFO - num_full_subsets = 2
2025-12-13 21:23:11,299 - INFO - phi = [-0.13194446  0.42008405 -0.40114861  0.78444971]
2025-12-13 21:23:11,314 - INFO - num_full_subsets = 2
2025-12-13 21:23:11,320 - INFO - phi = [-0.11930737  0.44365815 -0.11499985  0.75845611]
2025-12-13 21:23:11,336 - INFO - num_full_subsets = 2
2025-12-13 21:23:11,341 - INFO - phi = [-0.13005421  1.41861558  0.10207852  0.81044331]
2025-12-13 21:23:11,356 - INFO - num_full_subsets = 2
2025-12-13 21:23:11,362 - INFO - phi = [-0.13052146 -0.20799733  0.56583686 -0.93112788]
2025-12-13 21:23:11,377 - INFO - num_full_subsets = 2
2025-12-13 21:23:11,383 - INFO - phi = [-0.13098872 -0.07328819  0.43756328 -0.74917268]
2025-12-13 21:23:11,398 - INFO - num_full_subsets = 2
2025-12-13 21:23:11,403 - INFO - phi = [-0.13098872 -0.24841008  0.52636806 -0.04734549]
2025-12-13 21:23:11,418 - INFO - num_full_subsets = 2
2025-12-13 21:23:11,424 - INFO - phi = [0.35346854 0.16076895 0.45729767 0.39454571]
2025-12-13 21:23:11,440 - INFO - num_full_subsets = 2
2025-12-13 21:23:11,456 - INFO - phi = [-0.09127214 -0.0210884  -0.5294222   0.55050731]
2025-12-13 21:23:11,471 - INFO - num_full_subsets = 2
2025-12-13 21:23:11,477 - INFO - phi = [-0.12969315 -0.10359775  0.01327373  0.55050731]
2025-12-13 21:23:11,492 - INFO - num_full_subsets = 2
2025-12-13 21:23:11,498 - INFO - phi = [ 0.4915208   0.06310482 -0.35181262 -0.95712148]
2025-12-13 21:23:11,513 - INFO - num_full_subsets = 2
2025-12-13 21:23:11,519 - INFO - phi = [ 0.57435216 -0.06150114  0.08234412 -0.74917268]
2025-12-13 21:23:11,534 - INFO - num_full_subsets = 2
2025-12-13 21:23:11,540 - INFO - phi = [ 0.54461783  0.05300163 -0.34194542 -0.17731348]
2025-12-13 21:23:11,555 - INFO - num_full_subsets = 2
2025-12-13 21:23:11,561 - INFO - phi = [ 0.52975066 -0.1153848   0.71384484 -0.67119188]
2025-12-13 21:23:11,576 - INFO - num_full_subsets = 2
2025-12-13 21:23:11,582 - INFO - phi = [ 0.62107754 -0.05981727 -0.03606226 -1.26904468]
2025-12-13 21:23:11,597 - INFO - num_full_subsets = 2
2025-12-13 21:23:11,607 - INFO - phi = [0.27488494 0.38977449 0.2204849  0.42053931]
2025-12-13 21:23:11,632 - INFO - num_full_subsets = 2
2025-12-13 21:23:11,640 - INFO - phi = [0.38745063 0.06310482 0.67437604 0.70646891]
2025-12-13 21:23:11,672 - INFO - num_full_subsets = 2
2025-12-13 21:23:11,683 - INFO - phi = [-0.12648609  0.19276237 -0.34194542  0.39454571]
2025-12-13 21:23:11,714 - INFO - num_full_subsets = 2
2025-12-13 21:23:11,729 - INFO - phi = [ 0.46391035  0.09678211  0.73357924 -0.22930068]
2025-12-13 21:23:11,744 - INFO - num_full_subsets = 2
2025-12-13 21:23:11,750 - INFO - phi = [-0.13181703 -0.16421686 -0.91424295  0.96640491]
2025-12-13 21:23:11,765 - INFO - num_full_subsets = 2
2025-12-13 21:23:11,770 - INFO - phi = [-0.11556934 -0.11706866 -0.12486705  0.55050731]
2025-12-13 21:23:11,786 - INFO - num_full_subsets = 2
2025-12-13 21:23:11,791 - INFO - phi = [0.30461928 0.00080184 0.65464165 0.75845611]
2025-12-13 21:23:11,806 - INFO - num_full_subsets = 2
2025-12-13 21:23:11,812 - INFO - phi = [ 0.70603278  0.09509824  0.17114891 -0.69718548]
2025-12-13 21:23:11,827 - INFO - num_full_subsets = 2
2025-12-13 21:23:11,833 - INFO - phi = [-0.12453212 -0.02613999 -0.45048461  0.39454571]
2025-12-13 21:23:11,848 - INFO - num_full_subsets = 2
2025-12-13 21:23:11,853 - INFO - phi = [-0.13217809 -0.20799733 -0.66756298  0.75845611]
2025-12-13 21:23:11,868 - INFO - num_full_subsets = 2
2025-12-13 21:23:11,874 - INFO - phi = [0.07736401 0.34936175 0.20075051 0.78444971]
2025-12-13 21:23:11,889 - INFO - num_full_subsets = 2
2025-12-13 21:23:11,895 - INFO - phi = [ 0.0650455   0.02774367 -0.37154702  0.96640491]
2025-12-13 21:23:11,909 - INFO - num_full_subsets = 2
2025-12-13 21:23:11,915 - INFO - phi = [-0.13141349 -0.26188099 -0.41101581 -0.15131988]
2025-12-13 21:23:11,930 - INFO - num_full_subsets = 2
2025-12-13 21:23:11,936 - INFO - phi = [-0.12504185  0.09846597  0.57570406  0.81044331]
2025-12-13 21:23:11,952 - INFO - num_full_subsets = 2
2025-12-13 21:23:11,958 - INFO - phi = [-0.1283551   0.05131777  0.53623526  0.52451371]
2025-12-13 21:23:11,973 - INFO - num_full_subsets = 2
2025-12-13 21:23:11,978 - INFO - phi = [ 0.67629845  0.04458231 -0.02619506 -0.77516628]
2025-12-13 21:23:11,993 - INFO - num_full_subsets = 2
2025-12-13 21:23:11,999 - INFO - phi = [-0.12453212 -0.02613999 -0.45048461  0.39454571]
2025-12-13 21:23:12,014 - INFO - num_full_subsets = 2
2025-12-13 21:23:12,020 - INFO - phi = [-0.13052146 -0.24841008 -0.46035181  0.49852011]
2025-12-13 21:23:12,035 - INFO - num_full_subsets = 2
2025-12-13 21:23:12,041 - INFO - phi = [-0.11939233 -0.063185    0.63490725  0.73246251]
2025-12-13 21:23:12,056 - INFO - num_full_subsets = 2
2025-12-13 21:23:12,062 - INFO - phi = [-0.13020288 -0.25514553  0.72371204 -2.30878867]
2025-12-13 21:23:12,077 - INFO - num_full_subsets = 2
2025-12-13 21:23:12,082 - INFO - phi = [ 0.51275961  0.12372393 -0.41101581 -0.22930068]
2025-12-13 21:23:12,097 - INFO - num_full_subsets = 2
2025-12-13 21:23:12,103 - INFO - phi = [-0.13217809 -0.23157143  0.2303521   0.81044331]
2025-12-13 21:23:12,118 - INFO - num_full_subsets = 2
2025-12-13 21:23:12,123 - INFO - phi = [-0.12858873  0.09173051 -0.36167982  0.65448171]
2025-12-13 21:23:12,139 - INFO - num_full_subsets = 2
2025-12-13 21:23:12,145 - INFO - phi = [-0.13134978  2.49628873  0.2500865   0.23858411]
2025-12-13 21:23:12,159 - INFO - num_full_subsets = 2
2025-12-13 21:23:12,165 - INFO - phi = [-0.13067013 -0.28545509 -0.12486705 -2.54273107]
2025-12-13 21:23:12,180 - INFO - num_full_subsets = 2
2025-12-13 21:23:12,186 - INFO - phi = [-0.12971439  2.76570702  0.01327373  0.55050731]
2025-12-13 21:23:12,201 - INFO - num_full_subsets = 2
2025-12-13 21:23:12,206 - INFO - phi = [-0.09955528  0.10520143  0.00340653  0.55050731]
2025-12-13 21:23:12,221 - INFO - num_full_subsets = 2
2025-12-13 21:23:12,227 - INFO - phi = [-0.08320139  0.05636936 -0.40114861  0.55050731]
2025-12-13 21:23:12,242 - INFO - num_full_subsets = 2
2025-12-13 21:23:12,248 - INFO - phi = [ 0.01237325 -0.02613999 -0.27287503  0.23858411]
2025-12-13 21:23:12,263 - INFO - num_full_subsets = 2
2025-12-13 21:23:12,268 - INFO - phi = [-0.1283551  -0.24335848  0.74344643 -1.21705748]
2025-12-13 21:23:12,284 - INFO - num_full_subsets = 2
2025-12-13 21:23:12,293 - INFO - phi = [-0.13226305 -0.25009394 -0.25314063 -0.07333909]
2025-12-13 21:23:12,308 - INFO - num_full_subsets = 2
2025-12-13 21:23:12,314 - INFO - phi = [-0.13166836 -0.28882282 -0.66756298 -0.20330708]
2025-12-13 21:23:12,329 - INFO - num_full_subsets = 2
2025-12-13 21:23:12,335 - INFO - phi = [-0.13077633 -0.26861645 -0.71689897  0.03063531]
2025-12-13 21:23:12,351 - INFO - num_full_subsets = 2
2025-12-13 21:23:12,356 - INFO - phi = [-0.13183827 -0.21473279 -0.470219   -0.59321108]
2025-12-13 21:23:12,371 - INFO - num_full_subsets = 2
2025-12-13 21:23:12,376 - INFO - phi = [ 0.03276251 -0.06992046 -0.40114861  0.60249451]
2025-12-13 21:23:12,391 - INFO - num_full_subsets = 2
2025-12-13 21:23:12,397 - INFO - phi = [-0.13009669 -0.21641665 -0.41101581  1.2783281 ]
2025-12-13 21:23:12,412 - INFO - num_full_subsets = 2
2025-12-13 21:23:12,418 - INFO - phi = [ 0.16656701  0.18097532 -0.4899534   0.49852011]
2025-12-13 21:23:12,434 - INFO - num_full_subsets = 2
2025-12-13 21:23:12,439 - INFO - phi = [-0.13094624 -0.23157143 -0.05579666  0.29057131]
2025-12-13 21:23:12,455 - INFO - num_full_subsets = 2
2025-12-13 21:23:12,461 - INFO - phi = [-0.13073385  0.00922116 -0.41101581  1.2263409 ]
2025-12-13 21:23:12,475 - INFO - num_full_subsets = 2
2025-12-13 21:23:12,481 - INFO - phi = [ 0.54461783 -0.0160368   0.2500865  -0.12532628]
2025-12-13 21:23:12,496 - INFO - num_full_subsets = 2
2025-12-13 21:23:12,501 - INFO - phi = [-0.13149845 -0.17432005  0.2796881  -0.17731348]
2025-12-13 21:23:12,516 - INFO - num_full_subsets = 2
2025-12-13 21:23:12,522 - INFO - phi = [-0.12225957 -0.09854615 -0.64782858  0.36855211]
2025-12-13 21:23:12,537 - INFO - num_full_subsets = 2
2025-12-13 21:23:12,542 - INFO - phi = [-0.1027411   0.20960101  0.14154731  0.29057131]
2025-12-13 21:23:12,558 - INFO - num_full_subsets = 2
2025-12-13 21:23:12,564 - INFO - phi = [-0.11871268 -0.17937164 -0.92411014  0.13460971]
2025-12-13 21:23:12,579 - INFO - num_full_subsets = 2
2025-12-13 21:23:12,584 - INFO - phi = [-0.12083657  0.69792166 -0.04592946  0.75845611]
2025-12-13 21:23:12,599 - INFO - num_full_subsets = 2
2025-12-13 21:23:12,605 - INFO - phi = [-0.13037279 -0.25009394  0.2698209  -1.37301908]
2025-12-13 21:23:12,620 - INFO - num_full_subsets = 2
2025-12-13 21:23:12,625 - INFO - phi = [-0.12822767  0.02774367  0.83225122 -1.71093587]
2025-12-13 21:23:12,640 - INFO - num_full_subsets = 2
2025-12-13 21:23:12,646 - INFO - phi = [-0.08936065  0.13045939 -0.4800862   0.49852011]
2025-12-13 21:23:12,661 - INFO - num_full_subsets = 2
2025-12-13 21:23:12,667 - INFO - phi = [-0.13183827 -0.22146825  0.19088331 -0.43724948]
2025-12-13 21:23:12,682 - INFO - num_full_subsets = 2
2025-12-13 21:23:12,687 - INFO - phi = [-0.12682591 -0.1810555   0.91118881 -2.30878867]
2025-12-13 21:23:12,702 - INFO - num_full_subsets = 2
2025-12-13 21:23:12,708 - INFO - phi = [-0.12151621  0.24159443 -0.37154702  0.81044331]
2025-12-13 21:23:12,723 - INFO - num_full_subsets = 2
2025-12-13 21:23:12,729 - INFO - phi = [-0.13173208 -0.19452642 -0.07553106 -0.17731348]
2025-12-13 21:23:12,744 - INFO - num_full_subsets = 2
2025-12-13 21:23:12,749 - INFO - phi = [-0.13188075 -0.21473279  0.02314093 -0.56721748]
2025-12-13 21:23:12,766 - INFO - num_full_subsets = 2
2025-12-13 21:23:12,771 - INFO - phi = [-0.13018164 -0.27366804 -0.23340624 -0.12532628]
2025-12-13 21:23:12,786 - INFO - num_full_subsets = 2
2025-12-13 21:23:12,792 - INFO - phi = [-0.1302666  -0.21136506 -0.65769578  0.29057131]
2025-12-13 21:23:12,807 - INFO - num_full_subsets = 2
2025-12-13 21:23:12,813 - INFO - phi = [-0.1234277   0.44197429  0.62504005  0.39454571]
2025-12-13 21:23:12,827 - INFO - num_full_subsets = 2
2025-12-13 21:23:12,833 - INFO - phi = [ 0.66780293  0.04458231  0.2204849  -0.46324308]
2025-12-13 21:23:12,848 - INFO - num_full_subsets = 2
2025-12-13 21:23:12,854 - INFO - phi = [-0.13067013 -0.15242981  0.45729767 -0.61920468]
2025-12-13 21:23:12,870 - INFO - num_full_subsets = 2
2025-12-13 21:23:12,876 - INFO - phi = [ 0.01640862 -0.12885571 -0.60835979  0.47252651]
2025-12-13 21:23:12,891 - INFO - num_full_subsets = 2
2025-12-13 21:23:12,896 - INFO - phi = [-0.13132854  0.18602691 -0.01632786  0.03063531]
2025-12-13 21:23:12,911 - INFO - num_full_subsets = 2
2025-12-13 21:23:12,917 - INFO - phi = [-0.12890731 -0.19452642  0.80264963 -0.74917268]
2025-12-13 21:23:12,932 - INFO - num_full_subsets = 2
2025-12-13 21:23:12,937 - INFO - phi = [ 0.41293721 -0.04803022 -0.38141422 -0.33327508]
2025-12-13 21:23:12,952 - INFO - num_full_subsets = 2
2025-12-13 21:23:12,958 - INFO - phi = [ 0.11346999 -0.17095232 -0.93397734 -0.02135189]
2025-12-13 21:23:12,975 - INFO - num_full_subsets = 2
2025-12-13 21:23:12,980 - INFO - phi = [-0.12767546  0.35946494  0.45729767  0.26457771]
2025-12-13 21:23:12,995 - INFO - num_full_subsets = 2
2025-12-13 21:23:13,001 - INFO - phi = [-0.13035155 -0.00761748  0.48689927  0.75845611]
2025-12-13 21:23:13,016 - INFO - num_full_subsets = 2
2025-12-13 21:23:13,022 - INFO - phi = [-0.13094624 -0.15411368 -0.84517255  0.29057131]
2025-12-13 21:23:13,037 - INFO - num_full_subsets = 2
2025-12-13 21:23:13,043 - INFO - phi = [-0.13143473 -0.20126188  0.62504005  0.83643691]
2025-12-13 21:23:13,057 - INFO - num_full_subsets = 2
2025-12-13 21:23:13,063 - INFO - phi = [-0.12810024 -0.17432005  0.69411044 -1.89289107]
2025-12-13 21:23:13,080 - INFO - num_full_subsets = 2
2025-12-13 21:23:13,085 - INFO - phi = [-0.11646137 -0.15074595 -0.06566386  0.34255851]
2025-12-13 21:23:13,100 - INFO - num_full_subsets = 2
2025-12-13 21:23:13,105 - INFO - phi = [-0.13213561 -0.23999075  0.38822728 -0.48923668]
2025-12-13 21:23:13,120 - INFO - num_full_subsets = 2
2025-12-13 21:23:13,126 - INFO - phi = [-0.1301604  -0.22988757  0.49676647 -0.48923668]
2025-12-13 21:23:13,141 - INFO - num_full_subsets = 2
2025-12-13 21:23:13,146 - INFO - phi = [ 0.05039072 -0.01435294 -0.44061741  0.86243051]
2025-12-13 21:23:13,161 - INFO - num_full_subsets = 2
2025-12-13 21:23:13,167 - INFO - phi = [-0.1315834  -0.27030031 -0.14460145  0.26457771]
2025-12-13 21:23:13,183 - INFO - num_full_subsets = 2
2025-12-13 21:23:13,189 - INFO - phi = [-0.09127214 -0.0210884  -0.5294222   0.55050731]
2025-12-13 21:23:13,204 - INFO - num_full_subsets = 2
2025-12-13 21:23:13,209 - INFO - phi = [-0.12984182 -0.1861071   0.53623526  0.10861611]
2025-12-13 21:23:13,224 - INFO - num_full_subsets = 2
2025-12-13 21:23:13,230 - INFO - phi = [ 0.50214021 -0.06655273  0.60530565 -0.12532628]
2025-12-13 21:23:13,245 - INFO - num_full_subsets = 2
2025-12-13 21:23:13,250 - INFO - phi = [-0.13173208 -0.24841008 -0.5392894   0.00464171]
2025-12-13 21:23:13,265 - INFO - num_full_subsets = 2
2025-12-13 21:23:13,271 - INFO - phi = [-0.12837634 -0.18273937  0.80264963 -1.32103188]
2025-12-13 21:23:13,287 - INFO - num_full_subsets = 2
2025-12-13 21:23:13,293 - INFO - phi = [-0.11937109 -0.03792704 -0.33207822  0.81044331]
2025-12-13 21:23:13,308 - INFO - num_full_subsets = 2
2025-12-13 21:23:13,313 - INFO - phi = [-0.13275154  0.0782596  -0.41101581  0.42053931]
2025-12-13 21:23:13,328 - INFO - num_full_subsets = 2
2025-12-13 21:23:13,334 - INFO - phi = [-0.1302666  -0.0867591   0.39809448  0.10861611]
2025-12-13 21:23:13,349 - INFO - num_full_subsets = 2
2025-12-13 21:23:13,354 - INFO - phi = [-0.12943828 -0.2282037   0.80264963 -2.04885267]
2025-12-13 21:23:13,369 - INFO - num_full_subsets = 2
2025-12-13 21:23:13,375 - INFO - phi = [-0.13117987 -0.25851326 -0.23340624 -0.20330708]
2025-12-13 21:23:13,391 - INFO - num_full_subsets = 2
2025-12-13 21:23:13,397 - INFO - phi = [-0.13100996 -0.2517778  -0.55902379 -0.20330708]
2025-12-13 21:23:13,412 - INFO - num_full_subsets = 2
2025-12-13 21:23:13,417 - INFO - phi = [-0.13094624  0.17929146 -0.64782858  0.29057131]
2025-12-13 21:23:13,432 - INFO - num_full_subsets = 2
2025-12-13 21:23:13,438 - INFO - phi = [-0.12971439 -0.063185   -0.5392894   0.55050731]
2025-12-13 21:23:13,452 - INFO - num_full_subsets = 2
2025-12-13 21:23:13,458 - INFO - phi = [-0.13013916 -0.21810052  0.72371204 -0.41125588]
2025-12-13 21:23:13,473 - INFO - num_full_subsets = 2
2025-12-13 21:23:13,478 - INFO - phi = [-0.13109491 -0.15411368 -0.12486705 -0.80115988]
2025-12-13 21:23:13,495 - INFO - num_full_subsets = 2
2025-12-13 21:23:13,500 - INFO - phi = [-0.12623122 -0.10696547  0.71384484 -0.67119188]
2025-12-13 21:23:13,515 - INFO - num_full_subsets = 2
2025-12-13 21:23:13,521 - INFO - phi = [-0.13096748 -0.12043639  0.05274253  0.68047531]
2025-12-13 21:23:13,535 - INFO - num_full_subsets = 2
2025-12-13 21:23:13,541 - INFO - phi = [ 0.03233773 -0.05981727  0.51650086  0.60249451]
2025-12-13 21:23:13,556 - INFO - num_full_subsets = 2
2025-12-13 21:23:13,561 - INFO - phi = [-0.13011793 -0.20799733  0.40796168  0.60249451]
2025-12-13 21:23:13,576 - INFO - num_full_subsets = 2
2025-12-13 21:23:13,582 - INFO - phi = [ 0.01640862 -0.12885571 -0.60835979  0.47252651]
2025-12-13 21:23:13,598 - INFO - num_full_subsets = 2
2025-12-13 21:23:13,604 - INFO - phi = [-0.13111615 -0.25851326 -0.41101581  0.55050731]
2025-12-13 21:23:13,619 - INFO - num_full_subsets = 2
2025-12-13 21:23:13,624 - INFO - phi = [-0.13230552 -0.07328819 -0.42088301  0.18659691]
2025-12-13 21:23:13,639 - INFO - num_full_subsets = 2
2025-12-13 21:23:13,645 - INFO - phi = [-0.12801528  0.39145836  0.91118881 -4.75218705]
2025-12-13 21:23:13,660 - INFO - num_full_subsets = 2
2025-12-13 21:23:13,665 - INFO - phi = [-0.13139225 -0.24841008  0.04287533 -0.69718548]
2025-12-13 21:23:13,680 - INFO - num_full_subsets = 2
2025-12-13 21:23:13,686 - INFO - phi = [ 0.26214166 -0.14737822  0.73357924  0.78444971]
2025-12-13 21:23:13,702 - INFO - num_full_subsets = 2
2025-12-13 21:23:13,707 - INFO - phi = [-0.13117987 -0.21810052  0.28955529 -1.29503828]
2025-12-13 21:23:13,723 - INFO - num_full_subsets = 2
2025-12-13 21:23:13,728 - INFO - phi = [-0.13243296  0.18097532 -0.38141422  0.57650091]
2025-12-13 21:23:13,743 - INFO - num_full_subsets = 2
2025-12-13 21:23:13,749 - INFO - phi = [-0.13260287  0.55816092 -0.54915659 -0.59321108]
2025-12-13 21:23:13,764 - INFO - num_full_subsets = 2
2025-12-13 21:23:13,770 - INFO - phi = [-0.13043651 -0.19284255  0.33889129  0.36855211]
2025-12-13 21:23:13,785 - INFO - num_full_subsets = 2
2025-12-13 21:23:13,790 - INFO - phi = [-0.13007545 -0.063185   -0.66756298  0.49852011]
2025-12-13 21:23:13,807 - INFO - num_full_subsets = 2
2025-12-13 21:23:13,813 - INFO - phi = [-0.13109491 -0.23493916  0.2500865   0.13460971]
2025-12-13 21:23:13,827 - INFO - num_full_subsets = 2
2025-12-13 21:23:13,833 - INFO - phi = [-0.11610031 -0.09686229 -0.59849259  0.36855211]
2025-12-13 21:23:13,848 - INFO - num_full_subsets = 2
2025-12-13 21:23:13,853 - INFO - phi = [-0.13100996 -0.05813341  0.13168012  1.01839211]
2025-12-13 21:23:13,868 - INFO - num_full_subsets = 2
2025-12-13 21:23:13,874 - INFO - phi = [0.2345312  0.33252311 0.65464165 0.44653291]
2025-12-13 21:23:13,889 - INFO - num_full_subsets = 2
2025-12-13 21:23:13,894 - INFO - phi = [ 0.47028199  0.12035621 -0.05579666 -0.48923668]
2025-12-13 21:23:13,911 - INFO - num_full_subsets = 2
2025-12-13 21:23:13,916 - INFO - phi = [-0.12642237 -0.07160432  0.46716487 -1.29503828]
2025-12-13 21:23:13,931 - INFO - num_full_subsets = 2
2025-12-13 21:23:13,937 - INFO - phi = [-0.13120111 -0.17095232 -0.39128141 -0.07333909]
2025-12-13 21:23:13,952 - INFO - num_full_subsets = 2
2025-12-13 21:23:13,958 - INFO - phi = [-0.13164712 -0.21473279 -0.69716457  0.75845611]
2025-12-13 21:23:13,972 - INFO - num_full_subsets = 2
2025-12-13 21:23:13,978 - INFO - phi = [-0.13096748 -0.12043639  0.05274253  0.68047531]
2025-12-13 21:23:13,993 - INFO - num_full_subsets = 2
2025-12-13 21:23:13,998 - INFO - phi = [-0.12962943 -0.23493916  0.47703207 -0.04734549]
2025-12-13 21:23:14,016 - INFO - num_full_subsets = 2
2025-12-13 21:23:14,021 - INFO - phi = [ 0.40444168 -0.07328819 -0.61822698 -0.12532628]
2025-12-13 21:23:14,036 - INFO - num_full_subsets = 2
2025-12-13 21:23:14,042 - INFO - phi = [ 0.61258202  0.06984028  0.69411044 -0.72317908]
2025-12-13 21:23:14,057 - INFO - num_full_subsets = 2
2025-12-13 21:23:14,063 - INFO - phi = [ 0.70603278  0.14056258  0.57570406 -1.08708948]
2025-12-13 21:23:14,581 - INFO - Computing feature importance...
2025-12-13 21:23:15,016 - INFO - Experiment completed for ElasticNet
2025-12-13 21:23:15,016 - INFO - Total time: 16.19s (0.27 min)
2025-12-13 21:23:15,016 - INFO - Starting comprehensive experiment for ElasticNet
2025-12-13 21:23:22,940 - INFO - Performing feature analysis...
2025-12-13 21:23:24,272 - INFO - Model justification: Linear model with L1 and L2 regularization for handling multicollinearity
2025-12-13 21:23:24,272 - INFO - Performing robust cross-validation...
2025-12-13 21:23:24,306 - INFO - CV Results - MSE: 2.8538 ± 0.2679
2025-12-13 21:23:24,306 - INFO - Starting hyperparameter optimization...
2025-12-13 21:23:24,889 - INFO - Best parameters for ElasticNet: {'alpha': 0.09040572801555312, 'l1_ratio': 0.10186115897339629}
2025-12-13 21:23:24,890 - INFO - ⏱️ HPO took 0.58 seconds
2025-12-13 21:23:24,890 - INFO - Training final model...
2025-12-13 21:23:24,891 - INFO - ⏱️ Training took 0.00 seconds
2025-12-13 21:23:24,891 - INFO - Performing residual analysis...
2025-12-13 21:23:25,884 - INFO - Generating XAI explanations...
2025-12-13 21:23:25,884 - WARNING - Using 168 background data samples could cause slower run times. Consider using shap.sample(data, K) or shap.kmeans(data, K) to summarize the background as K samples.
2025-12-13 21:23:25,899 - INFO - num_full_subsets = 2
2025-12-13 21:23:25,905 - INFO - phi = [ 0.2025636  -0.13330135  0.239235    0.68514729]
2025-12-13 21:23:25,919 - INFO - num_full_subsets = 2
2025-12-13 21:23:25,925 - INFO - phi = [-0.08151934 -0.12892698  0.47524715  0.57472448]
2025-12-13 21:23:25,940 - INFO - num_full_subsets = 2
2025-12-13 21:23:25,946 - INFO - phi = [-0.08971337 -0.03050347  0.59325322 -3.6875963 ]
2025-12-13 21:23:25,960 - INFO - num_full_subsets = 2
2025-12-13 21:23:25,966 - INFO - phi = [ 0.5515044   0.01761468  0.45442254 -0.7724339 ]
2025-12-13 21:23:25,981 - INFO - num_full_subsets = 2
2025-12-13 21:23:25,986 - INFO - phi = [ 0.50636778  0.38068805 -0.00371868 -0.75034934]
2025-12-13 21:23:26,001 - INFO - num_full_subsets = 2
2025-12-13 21:23:26,007 - INFO - phi = [-0.08356785  0.65189948  0.2184104   0.83973924]
2025-12-13 21:23:26,022 - INFO - num_full_subsets = 2
2025-12-13 21:23:26,028 - INFO - phi = [-0.09143204  5.49214861  0.20452733 -0.22031981]
2025-12-13 21:23:26,042 - INFO - num_full_subsets = 2
2025-12-13 21:23:26,048 - INFO - phi = [ 0.04284941 -0.13767573 -0.25361389  0.46430166]
2025-12-13 21:23:26,063 - INFO - num_full_subsets = 2
2025-12-13 21:23:26,068 - INFO - phi = [-0.09228269  0.01980187  0.14899506 -0.30865807]
2025-12-13 21:23:26,083 - INFO - num_full_subsets = 2
2025-12-13 21:23:26,088 - INFO - phi = [-0.0597496   0.00230436 -0.27443849 -0.08781243]
2025-12-13 21:23:26,104 - INFO - num_full_subsets = 2
2025-12-13 21:23:26,109 - INFO - phi = [-0.09141468 -0.27328145  0.22535193 -0.19823525]
2025-12-13 21:23:26,124 - INFO - num_full_subsets = 2
2025-12-13 21:23:26,130 - INFO - phi = [-0.09061611 -0.29077896 -0.36467843 -0.06572787]
2025-12-13 21:23:26,144 - INFO - num_full_subsets = 2
2025-12-13 21:23:26,150 - INFO - phi = [-0.09096331 -0.40888716  0.01710592 -1.34663256]
2025-12-13 21:23:26,165 - INFO - num_full_subsets = 2
2025-12-13 21:23:26,170 - INFO - phi = [ 0.42651068 -0.13330135  0.45442254 -0.15406612]
2025-12-13 21:23:26,185 - INFO - num_full_subsets = 2
2025-12-13 21:23:26,191 - INFO - phi = [ 0.63656957  0.10072786  0.46830561 -0.92702585]
2025-12-13 21:23:26,206 - INFO - num_full_subsets = 2
2025-12-13 21:23:26,212 - INFO - phi = [-0.0917098  -0.33233555 -0.63539824 -0.06572787]
2025-12-13 21:23:26,226 - INFO - num_full_subsets = 2
2025-12-13 21:23:26,232 - INFO - phi = [-0.09236949 -0.01956753 -0.41326917 -0.02155874]
2025-12-13 21:23:26,247 - INFO - num_full_subsets = 2
2025-12-13 21:23:26,252 - INFO - phi = [-0.08820303 -0.18798108  0.35724107 -0.0436433 ]
2025-12-13 21:23:26,267 - INFO - num_full_subsets = 2
2025-12-13 21:23:26,273 - INFO - phi = [-0.09099803 -0.26453269  0.31559187 -0.13198156]
2025-12-13 21:23:26,288 - INFO - num_full_subsets = 2
2025-12-13 21:23:26,293 - INFO - phi = [-0.0900953  -0.26890707  0.14205353 -0.86077216]
2025-12-13 21:23:26,309 - INFO - num_full_subsets = 2
2025-12-13 21:23:26,314 - INFO - phi = [-0.09190076 -0.36295619 -0.4202107  -0.66201108]
2025-12-13 21:23:26,329 - INFO - num_full_subsets = 2
2025-12-13 21:23:26,335 - INFO - phi = [-0.09132788 -0.41982311 -0.56598291 -0.46325001]
2025-12-13 21:23:26,349 - INFO - num_full_subsets = 2
2025-12-13 21:23:26,355 - INFO - phi = [-0.09049458 -0.37170495  0.2184104  -1.21412517]
2025-12-13 21:23:26,370 - INFO - num_full_subsets = 2
2025-12-13 21:23:26,375 - INFO - phi = [-0.09080707 -0.21204016  0.32947494 -0.2865735 ]
2025-12-13 21:23:26,390 - INFO - num_full_subsets = 2
2025-12-13 21:23:26,395 - INFO - phi = [-0.08983489 -0.33889712  0.239235   -0.35282719]
2025-12-13 21:23:26,411 - INFO - num_full_subsets = 2
2025-12-13 21:23:26,416 - INFO - phi = [-0.09059875 -0.29515334  0.05875512  0.64097817]
2025-12-13 21:23:26,431 - INFO - num_full_subsets = 2
2025-12-13 21:23:26,437 - INFO - phi = [-0.0919702  -0.31702523 -0.4410353   0.59680904]
2025-12-13 21:23:26,452 - INFO - num_full_subsets = 2
2025-12-13 21:23:26,457 - INFO - phi = [-0.05193749  0.02636344 -0.25361389  0.42013253]
2025-12-13 21:23:26,472 - INFO - num_full_subsets = 2
2025-12-13 21:23:26,477 - INFO - phi = [-0.08933145  0.02417625  0.16981966  0.42013253]
2025-12-13 21:23:26,492 - INFO - num_full_subsets = 2
2025-12-13 21:23:26,498 - INFO - phi = [-0.06304805 -0.14642449 -0.26055543  0.17720233]
2025-12-13 21:23:26,513 - INFO - num_full_subsets = 2
2025-12-13 21:23:26,519 - INFO - phi = [-0.09207437 -0.27765583  0.14205353 -0.2865735 ]
2025-12-13 21:23:26,533 - INFO - num_full_subsets = 2
2025-12-13 21:23:26,539 - INFO - phi = [ 0.46817526  0.07010722 -0.48962604 -0.68409565]
2025-12-13 21:23:26,554 - INFO - num_full_subsets = 2
2025-12-13 21:23:26,559 - INFO - phi = [-0.01843223 -0.12892698 -0.10090015  1.01641575]
2025-12-13 21:23:26,574 - INFO - num_full_subsets = 2
2025-12-13 21:23:26,580 - INFO - phi = [-0.09085915 -0.26453269  0.07957973 -0.19823525]
2025-12-13 21:23:26,594 - INFO - num_full_subsets = 2
2025-12-13 21:23:26,600 - INFO - phi = [-0.09040778  0.4288062   0.34335801  0.64097817]
2025-12-13 21:23:26,615 - INFO - num_full_subsets = 2
2025-12-13 21:23:26,621 - INFO - phi = [-0.00437044  0.6081557   0.2184104   0.8618238 ]
2025-12-13 21:23:26,635 - INFO - num_full_subsets = 2
2025-12-13 21:23:26,641 - INFO - phi = [0.01403141 0.46817561 0.36418261 0.59680904]
2025-12-13 21:23:26,656 - INFO - num_full_subsets = 2
2025-12-13 21:23:26,661 - INFO - phi = [-0.08995642 -0.31702523 -0.01760175 -0.10989699]
2025-12-13 21:23:26,676 - INFO - num_full_subsets = 2
2025-12-13 21:23:26,681 - INFO - phi = [-0.09132788 -0.35639463  0.00322285 -1.08161779]
2025-12-13 21:23:26,696 - INFO - num_full_subsets = 2
2025-12-13 21:23:26,702 - INFO - phi = [ 0.34491756  0.01980187 -0.23278929 -0.26448894]
2025-12-13 21:23:26,717 - INFO - num_full_subsets = 2
2025-12-13 21:23:26,722 - INFO - phi = [-0.09257781 -0.26015831  0.03098899 -0.81660303]
2025-12-13 21:23:26,737 - INFO - num_full_subsets = 2
2025-12-13 21:23:26,743 - INFO - phi = [-0.08877592 -0.11361665  0.63490242 -1.94291577]
2025-12-13 21:23:26,758 - INFO - num_full_subsets = 2
2025-12-13 21:23:26,763 - INFO - phi = [-0.09073763 -0.32577398  0.07957973 -0.13198156]
2025-12-13 21:23:26,778 - INFO - num_full_subsets = 2
2025-12-13 21:23:26,784 - INFO - phi = [-0.0902689  -0.21204016 -0.37161996  0.33179428]
2025-12-13 21:23:26,798 - INFO - num_full_subsets = 2
2025-12-13 21:23:26,804 - INFO - phi = [-0.08896688 -0.26453269  0.1559366  -0.30865807]
2025-12-13 21:23:26,819 - INFO - num_full_subsets = 2
2025-12-13 21:23:26,825 - INFO - phi = [-0.08457474  0.08104316 -0.27443849  0.28762515]
2025-12-13 21:23:26,839 - INFO - num_full_subsets = 2
2025-12-13 21:23:26,845 - INFO - phi = [-0.09025154 -0.12892698 -0.4410353   0.3759634 ]
2025-12-13 21:23:26,860 - INFO - num_full_subsets = 2
2025-12-13 21:23:26,865 - INFO - phi = [-0.08919257 -0.06768569  0.44748101  0.15511777]
2025-12-13 21:23:26,880 - INFO - num_full_subsets = 2
2025-12-13 21:23:26,886 - INFO - phi = [-0.09151884  0.14884602 -0.39244457  0.28762515]
2025-12-13 21:23:26,900 - INFO - num_full_subsets = 2
2025-12-13 21:23:26,906 - INFO - phi = [-0.09217853  0.67158418 -0.32997076  0.08886408]
2025-12-13 21:23:26,921 - INFO - num_full_subsets = 2
2025-12-13 21:23:26,927 - INFO - phi = [ 0.52546404  0.07229441 -0.45491837 -0.44116545]
2025-12-13 21:23:26,942 - INFO - num_full_subsets = 2
2025-12-13 21:23:26,947 - INFO - phi = [ 0.24249215  0.25601828  0.07263819 -0.66201108]
2025-12-13 21:23:26,962 - INFO - num_full_subsets = 2
2025-12-13 21:23:26,967 - INFO - phi = [ 0.15221891  0.18821542 -0.31608769  0.3759634 ]
2025-12-13 21:23:26,982 - INFO - num_full_subsets = 2
2025-12-13 21:23:26,988 - INFO - phi = [-0.09037306  0.56222473 -0.39244457  0.24345602]
2025-12-13 21:23:27,003 - INFO - num_full_subsets = 2
2025-12-13 21:23:27,009 - INFO - phi = [-0.09268197 -0.08080882  0.16287813 -0.13198156]
2025-12-13 21:23:27,024 - INFO - num_full_subsets = 2
2025-12-13 21:23:27,030 - INFO - phi = [ 0.46123116 -0.06768569  0.20452733 -0.15406612]
2025-12-13 21:23:27,044 - INFO - num_full_subsets = 2
2025-12-13 21:23:27,050 - INFO - phi = [-0.08742182  0.07666878  0.39889027  0.57472448]
2025-12-13 21:23:27,065 - INFO - num_full_subsets = 2
2025-12-13 21:23:27,070 - INFO - phi = [-0.07716192  0.43974215 -0.14254935  0.04469495]
2025-12-13 21:23:27,085 - INFO - num_full_subsets = 2
2025-12-13 21:23:27,091 - INFO - phi = [-0.09148412  0.38068805 -0.11478322  0.06677951]
2025-12-13 21:23:27,105 - INFO - num_full_subsets = 2
2025-12-13 21:23:27,111 - INFO - phi = [-0.09132788 -0.163922    0.34335801 -0.37491176]
2025-12-13 21:23:27,126 - INFO - num_full_subsets = 2
2025-12-13 21:23:27,132 - INFO - phi = [-0.0917966  -0.29077896  0.27394267 -1.03744867]
2025-12-13 21:23:27,146 - INFO - num_full_subsets = 2
2025-12-13 21:23:27,152 - INFO - phi = [-0.08742182  0.44411653  0.41277334  0.72931642]
2025-12-13 21:23:27,166 - INFO - num_full_subsets = 2
2025-12-13 21:23:27,172 - INFO - phi = [-0.09099803 -0.36951776  0.39889027 -0.08781243]
2025-12-13 21:23:27,187 - INFO - num_full_subsets = 2
2025-12-13 21:23:27,193 - INFO - phi = [-0.0904425   0.00230436 -0.24667236  0.66306273]
2025-12-13 21:23:27,207 - INFO - num_full_subsets = 2
2025-12-13 21:23:27,213 - INFO - phi = [-0.08572052 -0.08080882 -0.28832156  0.28762515]
2025-12-13 21:23:27,228 - INFO - num_full_subsets = 2
2025-12-13 21:23:27,234 - INFO - phi = [-0.09143204 -0.29077896 -0.39244457 -0.08781243]
2025-12-13 21:23:27,249 - INFO - num_full_subsets = 2
2025-12-13 21:23:27,254 - INFO - phi = [-0.09214381  0.18821542 -0.02454328  0.46430166]
2025-12-13 21:23:27,269 - INFO - num_full_subsets = 2
2025-12-13 21:23:27,275 - INFO - phi = [-0.08903632 -0.14205011 -0.18419855 -0.30865807]
2025-12-13 21:23:27,289 - INFO - num_full_subsets = 2
2025-12-13 21:23:27,295 - INFO - phi = [-0.07606823 -0.00207002  0.03793052  0.57472448]
2025-12-13 21:23:27,310 - INFO - num_full_subsets = 2
2025-12-13 21:23:27,315 - INFO - phi = [ 0.05968884 -0.01081877  0.3017088   0.04469495]
2025-12-13 21:23:27,331 - INFO - num_full_subsets = 2
2025-12-13 21:23:27,336 - INFO - phi = [-0.09137996 -0.35202025  0.27394267 -1.39080168]
2025-12-13 21:23:27,351 - INFO - num_full_subsets = 2
2025-12-13 21:23:27,357 - INFO - phi = [ 0.21818782 -0.09830633 -0.17725702  0.42013253]
2025-12-13 21:23:27,371 - INFO - num_full_subsets = 2
2025-12-13 21:23:27,377 - INFO - phi = [-0.08296024 -0.2032914  -0.43409377 -0.33074263]
2025-12-13 21:23:27,391 - INFO - num_full_subsets = 2
2025-12-13 21:23:27,397 - INFO - phi = [ 0.33276539 -0.17923232  0.41277334 -0.10989699]
2025-12-13 21:23:27,412 - INFO - num_full_subsets = 2
2025-12-13 21:23:27,417 - INFO - phi = [0.24075613 0.45942685 0.18370273 0.30970971]
2025-12-13 21:23:27,433 - INFO - num_full_subsets = 2
2025-12-13 21:23:27,438 - INFO - phi = [-0.09269933  0.11166381  0.07263819  0.50847079]
2025-12-13 21:23:27,453 - INFO - num_full_subsets = 2
2025-12-13 21:23:27,459 - INFO - phi = [ 0.35706973  0.17509229 -0.01760175  0.11094864]
2025-12-13 21:23:27,473 - INFO - num_full_subsets = 2
2025-12-13 21:23:27,479 - INFO - phi = [-0.09127579  0.19477699  0.01710592 -0.02155874]
2025-12-13 21:23:27,493 - INFO - num_full_subsets = 2
2025-12-13 21:23:27,499 - INFO - phi = [ 0.1296506  -0.24703518  0.48913021  0.97224662]
2025-12-13 21:23:27,514 - INFO - num_full_subsets = 2
2025-12-13 21:23:27,519 - INFO - phi = [-0.08613716  0.08104316  0.43359794  0.64097817]
2025-12-13 21:23:27,535 - INFO - num_full_subsets = 2
2025-12-13 21:23:27,540 - INFO - phi = [-0.09082443 -0.39576403 -0.47574297 -0.02155874]
2025-12-13 21:23:27,555 - INFO - num_full_subsets = 2
2025-12-13 21:23:27,561 - INFO - phi = [-0.09025154 -0.31921242  0.03098899  0.35387884]
2025-12-13 21:23:27,576 - INFO - num_full_subsets = 2
2025-12-13 21:23:27,581 - INFO - phi = [-0.09124107  0.6278404   0.19064426  0.28762515]
2025-12-13 21:23:27,596 - INFO - num_full_subsets = 2
2025-12-13 21:23:27,602 - INFO - phi = [-0.09143204 -0.36951776  0.14899506  0.15511777]
2025-12-13 21:23:27,616 - INFO - num_full_subsets = 2
2025-12-13 21:23:27,622 - INFO - phi = [-0.09134524 -0.32358679 -0.30914616 -0.02155874]
2025-12-13 21:23:27,637 - INFO - num_full_subsets = 2
2025-12-13 21:23:27,643 - INFO - phi = [-0.09085915  0.37193929 -0.47574297  0.59680904]
2025-12-13 21:23:27,657 - INFO - num_full_subsets = 2
2025-12-13 21:23:27,663 - INFO - phi = [-0.08868912 -0.43075905  0.18370273 -0.08781243]
2025-12-13 21:23:27,678 - INFO - num_full_subsets = 2
2025-12-13 21:23:27,683 - INFO - phi = [-0.0915362  -0.32577398 -0.4618599   0.59680904]
2025-12-13 21:23:27,698 - INFO - num_full_subsets = 2
2025-12-13 21:23:27,703 - INFO - phi = [ 0.21818782 -0.09830633 -0.17725702  0.42013253]
2025-12-13 21:23:27,718 - INFO - num_full_subsets = 2
2025-12-13 21:23:27,724 - INFO - phi = [-0.09198756 -0.38920246 -0.3785615   0.3759634 ]
2025-12-13 21:23:27,739 - INFO - num_full_subsets = 2
2025-12-13 21:23:27,745 - INFO - phi = [-0.08875856 -0.20985297  0.27394267  0.3759634 ]
2025-12-13 21:23:27,759 - INFO - num_full_subsets = 2
2025-12-13 21:23:27,765 - INFO - phi = [-0.07742232  0.02855063 -0.15643242 -0.08781243]
2025-12-13 21:23:27,780 - INFO - num_full_subsets = 2
2025-12-13 21:23:27,785 - INFO - phi = [-0.09115427 -0.38701527 -0.23278929  0.48638622]
2025-12-13 21:23:27,800 - INFO - num_full_subsets = 2
2025-12-13 21:23:27,805 - INFO - phi = [-0.05853438 -0.07424725 -0.34385383  0.42013253]
2025-12-13 21:23:27,820 - INFO - num_full_subsets = 2
2025-12-13 21:23:27,826 - INFO - phi = [-0.0919702  -0.3213996   0.23229347  0.42013253]
2025-12-13 21:23:27,841 - INFO - num_full_subsets = 2
2025-12-13 21:23:27,847 - INFO - phi = [ 0.32408527  0.16415634  0.29476727 -0.46325001]
2025-12-13 21:23:27,863 - INFO - num_full_subsets = 2
2025-12-13 21:23:27,868 - INFO - phi = [-0.09016474 -0.33889712 -0.07313402  0.15511777]
2025-12-13 21:23:27,883 - INFO - num_full_subsets = 2
2025-12-13 21:23:27,889 - INFO - phi = [-0.09113691  0.4484909  -0.24667236  0.55263991]
2025-12-13 21:23:27,903 - INFO - num_full_subsets = 2
2025-12-13 21:23:27,909 - INFO - phi = [ 0.52372802  0.08541754  0.48218868 -0.59575739]
2025-12-13 21:23:27,924 - INFO - num_full_subsets = 2
2025-12-13 21:23:27,929 - INFO - phi = [-0.08974809 -0.20766578  0.60019475 -0.19823525]
2025-12-13 21:23:27,945 - INFO - num_full_subsets = 2
2025-12-13 21:23:27,950 - INFO - phi = [ 0.23728408 -0.11580384 -0.26749696 -0.10989699]
2025-12-13 21:23:27,965 - INFO - num_full_subsets = 2
2025-12-13 21:23:27,971 - INFO - phi = [-0.09073763 -0.41763592 -0.05925095 -2.20793054]
2025-12-13 21:23:27,986 - INFO - num_full_subsets = 2
2025-12-13 21:23:27,991 - INFO - phi = [-0.09157092 -0.36295619 -0.03148481  0.1992869 ]
2025-12-13 21:23:28,006 - INFO - num_full_subsets = 2
2025-12-13 21:23:28,011 - INFO - phi = [ 0.39352623  0.00667874  0.1559366  -0.41908089]
2025-12-13 21:23:28,026 - INFO - num_full_subsets = 2
2025-12-13 21:23:28,032 - INFO - phi = [ 0.10361024  0.310698   -0.03148481  0.46430166]
2025-12-13 21:23:28,047 - INFO - num_full_subsets = 2
2025-12-13 21:23:28,053 - INFO - phi = [ 0.32755732  0.02855063  0.44053948 -0.44116545]
2025-12-13 21:23:28,068 - INFO - num_full_subsets = 2
2025-12-13 21:23:28,073 - INFO - phi = [-0.05783998  0.51848095 -0.25361389  0.3759634 ]
2025-12-13 21:23:28,088 - INFO - num_full_subsets = 2
2025-12-13 21:23:28,094 - INFO - phi = [-0.02433471 -0.13767573  0.49607175  0.64097817]
2025-12-13 21:23:28,108 - INFO - num_full_subsets = 2
2025-12-13 21:23:28,114 - INFO - phi = [-0.09167508 -0.26015831 -0.61457364  0.77348555]
2025-12-13 21:23:28,129 - INFO - num_full_subsets = 2
2025-12-13 21:23:28,134 - INFO - phi = [ 0.45428706  0.6672098   0.23229347 -0.15406612]
2025-12-13 21:23:28,150 - INFO - num_full_subsets = 2
2025-12-13 21:23:28,155 - INFO - phi = [ 0.39526225  0.07885597  0.54466248 -0.24240438]
2025-12-13 21:23:28,170 - INFO - num_full_subsets = 2
2025-12-13 21:23:28,176 - INFO - phi = [-0.09118899 -0.24047361 -0.4202107   0.68514729]
2025-12-13 21:23:28,190 - INFO - num_full_subsets = 2
2025-12-13 21:23:28,196 - INFO - phi = [-0.09160564 -0.36951776 -0.35079536 -0.0436433 ]
2025-12-13 21:23:28,211 - INFO - num_full_subsets = 2
2025-12-13 21:23:28,216 - INFO - phi = [-0.09243893  0.05479689 -0.26055543  0.30970971]
2025-12-13 21:23:28,231 - INFO - num_full_subsets = 2
2025-12-13 21:23:28,237 - INFO - phi = [-0.09266461 -0.0654985  -0.27443849  0.1330332 ]
2025-12-13 21:23:28,252 - INFO - num_full_subsets = 2
2025-12-13 21:23:28,258 - INFO - phi = [-0.06218003 -0.12673979 -0.3369123   0.04469495]
2025-12-13 21:23:28,272 - INFO - num_full_subsets = 2
2025-12-13 21:23:28,278 - INFO - phi = [ 0.53761621  0.22758482  0.32947494 -0.92702585]
2025-12-13 21:23:28,293 - INFO - num_full_subsets = 2
2025-12-13 21:23:28,298 - INFO - phi = [ 0.24249215 -0.1245526  -0.01066021  0.22137146]
2025-12-13 21:23:28,313 - INFO - num_full_subsets = 2
2025-12-13 21:23:28,320 - INFO - phi = [-0.07693624  0.06135846  0.14205353  0.39804797]
2025-12-13 21:23:28,335 - INFO - num_full_subsets = 2
2025-12-13 21:23:28,341 - INFO - phi = [-0.09125843 -0.38045371 -0.32997076  0.1992869 ]
2025-12-13 21:23:28,356 - INFO - num_full_subsets = 2
2025-12-13 21:23:28,362 - INFO - phi = [ 0.12444253 -0.19235546 -0.3577369   0.57472448]
2025-12-13 21:23:28,377 - INFO - num_full_subsets = 2
2025-12-13 21:23:28,382 - INFO - phi = [-0.08943561 -0.01300596  0.35029954  0.08886408]
2025-12-13 21:23:28,397 - INFO - num_full_subsets = 2
2025-12-13 21:23:28,403 - INFO - phi = [-0.09190076 -0.34764587 -0.15643242 -0.26448894]
2025-12-13 21:23:28,417 - INFO - num_full_subsets = 2
2025-12-13 21:23:28,423 - INFO - phi = [-0.09108483 -0.23391205 -0.39244457  0.00052582]
2025-12-13 21:23:28,438 - INFO - num_full_subsets = 2
2025-12-13 21:23:28,443 - INFO - phi = [-0.09115427 -0.38264089 -0.13560782 -0.22031981]
2025-12-13 21:23:28,459 - INFO - num_full_subsets = 2
2025-12-13 21:23:28,464 - INFO - phi = [-0.08717878  0.01761468  0.39194874  0.55263991]
2025-12-13 21:23:28,479 - INFO - num_full_subsets = 2
2025-12-13 21:23:28,485 - INFO - phi = [-0.09068555  0.29976206 -0.26749696  0.46430166]
2025-12-13 21:23:28,499 - INFO - num_full_subsets = 2
2025-12-13 21:23:28,505 - INFO - phi = [ 0.04007177  0.08541754 -0.23278929  0.04469495]
2025-12-13 21:23:28,520 - INFO - num_full_subsets = 2
2025-12-13 21:23:28,525 - INFO - phi = [-0.030758    0.03073782 -0.43409377  0.06677951]
2025-12-13 21:23:28,540 - INFO - num_full_subsets = 2
2025-12-13 21:23:28,545 - INFO - phi = [-0.08087701  0.2910133  -0.15643242  0.64097817]
2025-12-13 21:23:28,561 - INFO - num_full_subsets = 2
2025-12-13 21:23:28,567 - INFO - phi = [-0.08993906 -0.18141951  0.03793052  0.42013253]
2025-12-13 21:23:28,581 - INFO - num_full_subsets = 2
2025-12-13 21:23:28,587 - INFO - phi = [-0.09111955 -0.34327149  0.30865034 -0.5295037 ]
2025-12-13 21:23:28,601 - INFO - num_full_subsets = 2
2025-12-13 21:23:28,607 - INFO - phi = [ 0.06663294 -0.05456255 -0.01066021  0.33179428]
2025-12-13 21:23:28,622 - INFO - num_full_subsets = 2
2025-12-13 21:23:28,627 - INFO - phi = [ 0.60705716 -0.12673979  0.48218868 -0.90494128]
2025-12-13 21:23:28,642 - INFO - num_full_subsets = 2
2025-12-13 21:23:28,647 - INFO - phi = [-0.09169244 -0.33452274  0.16287813 -0.41908089]
2025-12-13 21:23:28,663 - INFO - num_full_subsets = 2
2025-12-13 21:23:28,668 - INFO - phi = [-0.08886272 -0.28421739  0.59325322 -1.16995605]
2025-12-13 21:23:28,683 - INFO - num_full_subsets = 2
2025-12-13 21:23:28,689 - INFO - phi = [-0.09122371 -0.29296615 -0.4202107   0.55263991]
2025-12-13 21:23:28,703 - INFO - num_full_subsets = 2
2025-12-13 21:23:28,709 - INFO - phi = [-0.08254359  0.03511219  0.52383788  0.11094864]
2025-12-13 21:23:28,724 - INFO - num_full_subsets = 2
2025-12-13 21:23:28,729 - INFO - phi = [-0.08919257  0.10510224  0.35724107  0.55263991]
2025-12-13 21:23:28,744 - INFO - num_full_subsets = 2
2025-12-13 21:23:28,750 - INFO - phi = [-0.09108483 -0.24703518 -0.05925095 -0.72826478]
2025-12-13 21:23:28,765 - INFO - num_full_subsets = 2
2025-12-13 21:23:28,771 - INFO - phi = [0.10361024 0.00449155 0.48218868 0.97224662]
2025-12-13 21:23:28,785 - INFO - num_full_subsets = 2
2025-12-13 21:23:28,791 - INFO - phi = [-9.26646137e-02  6.23466020e-01 -3.71619964e-01  5.25822942e-04]
2025-12-13 21:23:28,805 - INFO - num_full_subsets = 2
2025-12-13 21:23:28,811 - INFO - phi = [-0.09106747 -0.21204016 -0.32302923  0.11094864]
2025-12-13 21:23:28,826 - INFO - num_full_subsets = 2
2025-12-13 21:23:28,831 - INFO - phi = [-0.09115427 -0.38701527 -0.23278929  0.48638622]
2025-12-13 21:23:28,846 - INFO - num_full_subsets = 2
2025-12-13 21:23:28,852 - INFO - phi = [-0.08736974  0.47911155 -0.19114009  0.17720233]
2025-12-13 21:23:28,867 - INFO - num_full_subsets = 2
2025-12-13 21:23:28,873 - INFO - phi = [-0.08863704 -0.27328145  0.51689635 -1.65581645]
2025-12-13 21:23:28,887 - INFO - num_full_subsets = 2
2025-12-13 21:23:28,893 - INFO - phi = [-0.08105061  0.17727948 -0.32302923  0.33179428]
2025-12-13 21:23:28,908 - INFO - num_full_subsets = 2
2025-12-13 21:23:28,914 - INFO - phi = [ 0.06246648  0.05260971 -0.21890622  0.3759634 ]
2025-12-13 21:23:28,930 - INFO - num_full_subsets = 2
2025-12-13 21:23:28,936 - INFO - phi = [-0.05853438 -0.07424725 -0.34385383  0.42013253]
2025-12-13 21:23:28,952 - INFO - num_full_subsets = 2
2025-12-13 21:23:28,958 - INFO - phi = [ 0.04284941 -0.13767573 -0.25361389  0.46430166]
2025-12-13 21:23:28,973 - INFO - num_full_subsets = 2
2025-12-13 21:23:28,979 - INFO - phi = [-0.08995642  3.54555045  0.03793052  0.42013253]
2025-12-13 21:23:28,994 - INFO - num_full_subsets = 2
2025-12-13 21:23:28,999 - INFO - phi = [-0.09094595 -0.36951776 -0.21196469  0.57472448]
2025-12-13 21:23:29,014 - INFO - num_full_subsets = 2
2025-12-13 21:23:29,020 - INFO - phi = [-0.06999214  0.12697413  0.42665641  0.55263991]
2025-12-13 21:23:29,035 - INFO - num_full_subsets = 2
2025-12-13 21:23:29,041 - INFO - phi = [-0.08716142 -0.0851832   0.48218868  0.39804797]
2025-12-13 21:23:29,056 - INFO - num_full_subsets = 2
2025-12-13 21:23:29,061 - INFO - phi = [-0.09233477 -0.31702523  0.12122893 -0.86077216]
2025-12-13 21:23:29,077 - INFO - num_full_subsets = 2
2025-12-13 21:23:29,082 - INFO - phi = [-0.08709198 -0.21860172  0.46830561  0.64097817]
2025-12-13 21:23:29,097 - INFO - num_full_subsets = 2
2025-12-13 21:23:29,103 - INFO - phi = [-0.09115427 -0.39138965 -0.21196469 -0.94911041]
2025-12-13 21:23:29,118 - INFO - num_full_subsets = 2
2025-12-13 21:23:29,123 - INFO - phi = [0.2459642  0.08323035 0.1559366  0.3759634 ]
2025-12-13 21:23:29,138 - INFO - num_full_subsets = 2
2025-12-13 21:23:29,143 - INFO - phi = [-0.09155356 -0.0261291  -0.16337395 -0.37491176]
2025-12-13 21:23:29,158 - INFO - num_full_subsets = 2
2025-12-13 21:23:29,164 - INFO - phi = [-0.09078971 -0.39795122 -0.19114009  0.02261039]
2025-12-13 21:23:29,179 - INFO - num_full_subsets = 2
2025-12-13 21:23:29,185 - INFO - phi = [-0.09264725 -0.29952771 -0.10090015  0.02261039]
2025-12-13 21:23:29,200 - INFO - num_full_subsets = 2
2025-12-13 21:23:29,205 - INFO - phi = [-0.09113691  0.4484909  -0.24667236  0.55263991]
2025-12-13 21:23:29,220 - INFO - num_full_subsets = 2
2025-12-13 21:23:29,226 - INFO - phi = [-0.09221325  0.91436215 -0.3785615   0.77348555]
2025-12-13 21:23:29,240 - INFO - num_full_subsets = 2
2025-12-13 21:23:29,246 - INFO - phi = [-0.08105061  0.17727948 -0.32302923  0.33179428]
2025-12-13 21:23:29,261 - INFO - num_full_subsets = 2
2025-12-13 21:23:29,266 - INFO - phi = [-0.09117163 -0.26890707 -0.24667236 -0.10989699]
2025-12-13 21:23:29,282 - INFO - num_full_subsets = 2
2025-12-13 21:23:29,287 - INFO - phi = [-0.09033834 -0.4023256  -0.13560782 -0.15406612]
2025-12-13 21:23:29,302 - INFO - num_full_subsets = 2
2025-12-13 21:23:29,308 - INFO - phi = [0.07930591 0.40693431 0.16981966 0.6188936 ]
2025-12-13 21:23:29,322 - INFO - num_full_subsets = 2
2025-12-13 21:23:29,328 - INFO - phi = [-0.09049458 -0.37170495  0.2184104  -1.21412517]
2025-12-13 21:23:29,810 - INFO - Computing feature importance...
2025-12-13 21:23:30,218 - INFO - Experiment completed for ElasticNet
2025-12-13 21:23:30,218 - INFO - Total time: 14.85s (0.25 min)
2025-12-13 21:23:30,218 - INFO - Starting comprehensive experiment for ElasticNet
2025-12-13 21:23:37,682 - INFO - Performing feature analysis...
2025-12-13 21:23:38,853 - INFO - Model justification: Linear model with L1 and L2 regularization for handling multicollinearity
2025-12-13 21:23:38,853 - INFO - Performing robust cross-validation...
2025-12-13 21:23:38,887 - INFO - CV Results - MSE: 2.9087 ± 0.3851
2025-12-13 21:23:38,887 - INFO - Starting hyperparameter optimization...
2025-12-13 21:23:39,480 - INFO - Best parameters for ElasticNet: {'alpha': 0.04253279343864494, 'l1_ratio': 0.10117528695291797}
2025-12-13 21:23:39,480 - INFO - ⏱️ HPO took 0.59 seconds
2025-12-13 21:23:39,480 - INFO - Training final model...
2025-12-13 21:23:39,482 - INFO - ⏱️ Training took 0.00 seconds
2025-12-13 21:23:39,482 - INFO - Performing residual analysis...
2025-12-13 21:23:40,553 - INFO - Generating XAI explanations...
2025-12-13 21:23:40,554 - WARNING - Using 168 background data samples could cause slower run times. Consider using shap.sample(data, K) or shap.kmeans(data, K) to summarize the background as K samples.
2025-12-13 21:23:40,569 - INFO - num_full_subsets = 2
2025-12-13 21:23:40,574 - INFO - phi = [ 0.55170449  0.05986436 -0.26447846 -0.91487433]
2025-12-13 21:23:40,589 - INFO - num_full_subsets = 2
2025-12-13 21:23:40,595 - INFO - phi = [-0.13334551 -0.34320008 -0.14647339 -0.27147213]
2025-12-13 21:23:40,610 - INFO - num_full_subsets = 2
2025-12-13 21:23:40,615 - INFO - phi = [-0.13444365 -0.35828806 -0.42413239  0.47091503]
2025-12-13 21:23:40,630 - INFO - num_full_subsets = 2
2025-12-13 21:23:40,636 - INFO - phi = [-0.13395299 -0.36475433 -0.25753699  0.07497521]
2025-12-13 21:23:40,651 - INFO - num_full_subsets = 2
2025-12-13 21:23:40,657 - INFO - phi = [ 0.61245244 -0.07377198  0.33942986 -0.54368075]
2025-12-13 21:23:40,672 - INFO - num_full_subsets = 2
2025-12-13 21:23:40,677 - INFO - phi = [-0.13537823 -0.37553146 -0.38248354  0.42142255]
2025-12-13 21:23:40,692 - INFO - num_full_subsets = 2
2025-12-13 21:23:40,698 - INFO - phi = [ 0.2666564  -0.07377198  0.38802019  0.76786989]
2025-12-13 21:23:40,713 - INFO - num_full_subsets = 2
2025-12-13 21:23:40,719 - INFO - phi = [-0.13376608 -0.36690976 -0.11870749  0.24819888]
2025-12-13 21:23:40,734 - INFO - num_full_subsets = 2
2025-12-13 21:23:40,739 - INFO - phi = [-0.13063522 -0.05652858 -0.02152684  0.79261613]
2025-12-13 21:23:40,754 - INFO - num_full_subsets = 2
2025-12-13 21:23:40,760 - INFO - phi = [-0.13343897  0.64398449  0.14506856  0.37193007]
2025-12-13 21:23:40,775 - INFO - num_full_subsets = 2
2025-12-13 21:23:40,781 - INFO - phi = [ 0.70123792 -0.26991564  0.15201004 -0.86538186]
2025-12-13 21:23:40,796 - INFO - num_full_subsets = 2
2025-12-13 21:23:40,801 - INFO - phi = [-0.11960713 -0.25051682 -0.66708401  0.12446769]
2025-12-13 21:23:40,816 - INFO - num_full_subsets = 2
2025-12-13 21:23:40,822 - INFO - phi = [ 0.59376077 -0.16861067  0.48520084 -0.64266571]
2025-12-13 21:23:40,836 - INFO - num_full_subsets = 2
2025-12-13 21:23:40,842 - INFO - phi = [-0.12794829 -0.05868401  0.43661052  0.49566127]
2025-12-13 21:23:40,857 - INFO - num_full_subsets = 2
2025-12-13 21:23:40,862 - INFO - phi = [-0.1350044  -0.14921185  0.08953676 -0.41994956]
2025-12-13 21:23:40,878 - INFO - num_full_subsets = 2
2025-12-13 21:23:40,883 - INFO - phi = [ 0.23861888 -0.08023825 -0.32695174  0.52040751]
2025-12-13 21:23:40,898 - INFO - num_full_subsets = 2
2025-12-13 21:23:40,904 - INFO - phi = [-0.1327614  -0.38630858 -0.10482454 -2.42439489]
2025-12-13 21:23:40,919 - INFO - num_full_subsets = 2
2025-12-13 21:23:40,924 - INFO - phi = [-0.11703702  0.75606658  0.06871234 -0.22197965]
2025-12-13 21:23:40,939 - INFO - num_full_subsets = 2
2025-12-13 21:23:40,945 - INFO - phi = [-0.13446701 -0.35613263 -0.27141994 -0.02400974]
2025-12-13 21:23:40,960 - INFO - num_full_subsets = 2
2025-12-13 21:23:40,966 - INFO - phi = [-0.11848563  0.07926318 -0.32001026  0.17396017]
2025-12-13 21:23:40,981 - INFO - num_full_subsets = 2
2025-12-13 21:23:40,987 - INFO - phi = [-0.12173331  0.05986436  0.47825937  0.17396017]
2025-12-13 21:23:41,002 - INFO - num_full_subsets = 2
2025-12-13 21:23:41,008 - INFO - phi = [-0.13479412 -0.37553146 -0.02152684 -1.70675397]
2025-12-13 21:23:41,023 - INFO - num_full_subsets = 2
2025-12-13 21:23:41,028 - INFO - phi = [-0.08848549  0.53621324 -0.29918584  0.47091503]
2025-12-13 21:23:41,043 - INFO - num_full_subsets = 2
2025-12-13 21:23:41,049 - INFO - phi = [-0.12229406 -0.17507695 -0.47966419 -0.32096461]
2025-12-13 21:23:41,063 - INFO - num_full_subsets = 2
2025-12-13 21:23:41,069 - INFO - phi = [-0.13311187 -0.34751093 -0.20200519 -0.96436681]
2025-12-13 21:23:41,085 - INFO - num_full_subsets = 2
2025-12-13 21:23:41,090 - INFO - phi = [ 0.51899405  0.03184384  0.11036119 -0.41994956]
2025-12-13 21:23:41,105 - INFO - num_full_subsets = 2
2025-12-13 21:23:41,111 - INFO - phi = [-0.13185018  2.2691748   0.14506856  0.54515375]
2025-12-13 21:23:41,126 - INFO - num_full_subsets = 2
2025-12-13 21:23:41,131 - INFO - phi = [-0.13378944  5.43764929  0.07565381 -0.69215819]
2025-12-13 21:23:41,146 - INFO - num_full_subsets = 2
2025-12-13 21:23:41,152 - INFO - phi = [-0.04339181 -0.1104142   0.45049347  0.76786989]
2025-12-13 21:23:41,167 - INFO - num_full_subsets = 2
2025-12-13 21:23:41,173 - INFO - phi = [-0.13231747 -0.26129394  0.37413724 -0.91487433]
2025-12-13 21:23:41,188 - INFO - num_full_subsets = 2
2025-12-13 21:23:41,194 - INFO - phi = [-0.13262121 -0.30224701  0.25613216 -1.03860553]
2025-12-13 21:23:41,209 - INFO - num_full_subsets = 2
2025-12-13 21:23:41,214 - INFO - phi = [-0.131967   -0.0931708   0.09647824  0.74312365]
2025-12-13 21:23:41,229 - INFO - num_full_subsets = 2
2025-12-13 21:23:41,235 - INFO - phi = [ 0.03207584  0.00597874 -0.29918584  0.44616879]
2025-12-13 21:23:41,250 - INFO - num_full_subsets = 2
2025-12-13 21:23:41,255 - INFO - phi = [-0.13213055 -0.29793616 -0.30612731  1.21330219]
2025-12-13 21:23:41,270 - INFO - num_full_subsets = 2
2025-12-13 21:23:41,276 - INFO - phi = [-0.1354016   0.13530423  0.02706349  0.61939246]
2025-12-13 21:23:41,291 - INFO - num_full_subsets = 2
2025-12-13 21:23:41,297 - INFO - phi = [ 0.19422615  0.2107441  -0.36165911  0.47091503]
2025-12-13 21:23:41,312 - INFO - num_full_subsets = 2
2025-12-13 21:23:41,318 - INFO - phi = [-0.13502777 -0.20956374 -0.11176601  0.69363118]
2025-12-13 21:23:41,333 - INFO - num_full_subsets = 2
2025-12-13 21:23:41,338 - INFO - phi = [-0.13250439 -0.26776021  0.22142479  0.34718384]
2025-12-13 21:23:41,353 - INFO - num_full_subsets = 2
2025-12-13 21:23:41,359 - INFO - phi = [-0.13257448 -0.26560479  0.01318054  0.76786989]
2025-12-13 21:23:41,374 - INFO - num_full_subsets = 2
2025-12-13 21:23:41,379 - INFO - phi = [ 0.53301281  0.04477638  0.22836626 -0.14774094]
2025-12-13 21:23:41,395 - INFO - num_full_subsets = 2
2025-12-13 21:23:41,400 - INFO - phi = [ 0.36011479 -0.06515028  0.23530774  0.1987064 ]
2025-12-13 21:23:41,415 - INFO - num_full_subsets = 2
2025-12-13 21:23:41,421 - INFO - phi = [-0.13168663 -0.1535227  -0.00764389  0.52040751]
2025-12-13 21:23:41,436 - INFO - num_full_subsets = 2
2025-12-13 21:23:41,442 - INFO - phi = [-0.12269126  0.28833939 -0.27836141  0.76786989]
2025-12-13 21:23:41,457 - INFO - num_full_subsets = 2
2025-12-13 21:23:41,462 - INFO - phi = [-0.13334551 -0.23973969 -0.29224436 -0.07350222]
2025-12-13 21:23:41,477 - INFO - num_full_subsets = 2
2025-12-13 21:23:41,483 - INFO - phi = [-0.13442029 -0.31086871  0.17977594 -1.26132167]
2025-12-13 21:23:41,498 - INFO - num_full_subsets = 2
2025-12-13 21:23:41,504 - INFO - phi = [-0.13416327  0.51681442 -0.29918584  0.74312365]
2025-12-13 21:23:41,519 - INFO - num_full_subsets = 2
2025-12-13 21:23:41,525 - INFO - phi = [-0.13442029 -0.31733499  0.14506856  0.76786989]
2025-12-13 21:23:41,540 - INFO - num_full_subsets = 2
2025-12-13 21:23:41,545 - INFO - phi = [-0.12785483 -0.19016492  0.42272757  0.76786989]
2025-12-13 21:23:41,560 - INFO - num_full_subsets = 2
2025-12-13 21:23:41,566 - INFO - phi = [-0.1203548  -0.1017925   0.42966904  0.69363118]
2025-12-13 21:23:41,580 - INFO - num_full_subsets = 2
2025-12-13 21:23:41,586 - INFO - phi = [-0.09853226  0.31635991 -0.38942501  0.39667631]
2025-12-13 21:23:41,602 - INFO - num_full_subsets = 2
2025-12-13 21:23:41,607 - INFO - phi = [-0.12853241 -0.25267224  0.62403034 -2.20167874]
2025-12-13 21:23:41,622 - INFO - num_full_subsets = 2
2025-12-13 21:23:41,628 - INFO - phi = [ 0.16852509  0.10943913 -0.07011716  0.61939246]
2025-12-13 21:23:41,643 - INFO - num_full_subsets = 2
2025-12-13 21:23:41,648 - INFO - phi = [0.21291782 0.29049481 0.39496166 0.44616879]
2025-12-13 21:23:41,663 - INFO - num_full_subsets = 2
2025-12-13 21:23:41,669 - INFO - phi = [-0.13423337 -0.33242296 -0.28530289  0.52040751]
2025-12-13 21:23:41,684 - INFO - num_full_subsets = 2
2025-12-13 21:23:41,689 - INFO - phi = [-0.01955992 -0.14705642  0.39496166  0.74312365]
2025-12-13 21:23:41,705 - INFO - num_full_subsets = 2
2025-12-13 21:23:41,711 - INFO - phi = [-0.13285486 -0.18369865  0.28389806 -0.27147213]
2025-12-13 21:23:41,726 - INFO - num_full_subsets = 2
2025-12-13 21:23:41,732 - INFO - phi = [ 0.2199272   0.72157978 -0.27836141  0.02548273]
2025-12-13 21:23:41,747 - INFO - num_full_subsets = 2
2025-12-13 21:23:41,753 - INFO - phi = [-0.13465393  0.2107441  -0.07011716  0.56989998]
2025-12-13 21:23:41,768 - INFO - num_full_subsets = 2
2025-12-13 21:23:41,773 - INFO - phi = [ 0.26198348 -0.10610335  0.19365889  0.81736237]
2025-12-13 21:23:41,788 - INFO - num_full_subsets = 2
2025-12-13 21:23:41,794 - INFO - phi = [-0.12026134  0.54699037 -0.09788306  0.71837742]
2025-12-13 21:23:41,809 - INFO - num_full_subsets = 2
2025-12-13 21:23:41,815 - INFO - phi = [-0.1327614  -0.29578074  0.03400496 -0.09824846]
2025-12-13 21:23:41,830 - INFO - num_full_subsets = 2
2025-12-13 21:23:41,836 - INFO - phi = [-0.12488753 -0.05221773 -0.11870749  0.56989998]
2025-12-13 21:23:41,851 - INFO - num_full_subsets = 2
2025-12-13 21:23:41,856 - INFO - phi = [-0.13437356 -0.32811211  0.25613216 -0.46944204]
2025-12-13 21:23:41,871 - INFO - num_full_subsets = 2
2025-12-13 21:23:41,877 - INFO - phi = [-0.12993428 -0.26991564  0.56155707 -0.81588938]
2025-12-13 21:23:41,892 - INFO - num_full_subsets = 2
2025-12-13 21:23:41,898 - INFO - phi = [-0.12773801  0.05986436  0.10341971  0.47091503]
2025-12-13 21:23:41,914 - INFO - num_full_subsets = 2
2025-12-13 21:23:41,919 - INFO - phi = [-0.12409313 -0.03281891 -0.31306879  0.61939246]
2025-12-13 21:23:41,934 - INFO - num_full_subsets = 2
2025-12-13 21:23:41,940 - INFO - phi = [-0.12869596  0.22583207  0.51990822 -2.07794755]
2025-12-13 21:23:41,955 - INFO - num_full_subsets = 2
2025-12-13 21:23:41,961 - INFO - phi = [-0.10904633  0.00382331  0.39496166  0.49566127]
2025-12-13 21:23:41,976 - INFO - num_full_subsets = 2
2025-12-13 21:23:41,982 - INFO - phi = [-0.13367262 -0.28284819  0.24919069 -0.49418828]
2025-12-13 21:23:41,996 - INFO - num_full_subsets = 2
2025-12-13 21:23:42,002 - INFO - phi = [-0.13311187 -0.23542884  0.27001511 -0.09824846]
2025-12-13 21:23:42,017 - INFO - num_full_subsets = 2
2025-12-13 21:23:42,023 - INFO - phi = [-0.03544785 -0.1017925  -0.14647339  1.18855595]
2025-12-13 21:23:42,038 - INFO - num_full_subsets = 2
2025-12-13 21:23:42,044 - INFO - phi = [-0.12988755 -0.08885995  0.50602527  0.07497521]
2025-12-13 21:23:42,059 - INFO - num_full_subsets = 2
2025-12-13 21:23:42,065 - INFO - phi = [-0.13416327 -0.36690976 -0.57684484 -0.86538186]
2025-12-13 21:23:42,079 - INFO - num_full_subsets = 2
2025-12-13 21:23:42,085 - INFO - phi = [-0.13138289 -0.00479839  0.54767412 -4.08239288]
2025-12-13 21:23:42,100 - INFO - num_full_subsets = 2
2025-12-13 21:23:42,106 - INFO - phi = [-0.04783109 -0.03497433  0.16589299  1.23804843]
2025-12-13 21:23:42,121 - INFO - num_full_subsets = 2
2025-12-13 21:23:42,128 - INFO - phi = [-0.13332215 -0.36044348 -0.25753699 -1.01385929]
2025-12-13 21:23:42,143 - INFO - num_full_subsets = 2
2025-12-13 21:23:42,148 - INFO - phi = [-0.1278782   0.45861795  0.35331281  0.66888494]
2025-12-13 21:23:42,163 - INFO - num_full_subsets = 2
2025-12-13 21:23:42,169 - INFO - phi = [-0.13327542 -0.31302414  0.26307364 -0.54368075]
2025-12-13 21:23:42,184 - INFO - num_full_subsets = 2
2025-12-13 21:23:42,189 - INFO - phi = [ 0.8297432   0.16979102  0.28389806 -0.86538186]
2025-12-13 21:23:42,205 - INFO - num_full_subsets = 2
2025-12-13 21:23:42,210 - INFO - phi = [ 0.60544306 -0.06083943 -0.20200519 -0.81588938]
2025-12-13 21:23:42,226 - INFO - num_full_subsets = 2
2025-12-13 21:23:42,231 - INFO - phi = [-0.13535487  0.63967364 -0.41719091  0.05022897]
2025-12-13 21:23:42,246 - INFO - num_full_subsets = 2
2025-12-13 21:23:42,252 - INFO - phi = [-0.1293268  -0.23973969  0.56849854 -1.50878406]
2025-12-13 21:23:42,267 - INFO - num_full_subsets = 2
2025-12-13 21:23:42,272 - INFO - phi = [-0.13175672  0.01460044 -0.04235126  0.79261613]
2025-12-13 21:23:42,287 - INFO - num_full_subsets = 2
2025-12-13 21:23:42,293 - INFO - phi = [-0.13138289 -0.29578074  0.48520084 -1.65726149]
2025-12-13 21:23:42,308 - INFO - num_full_subsets = 2
2025-12-13 21:23:42,313 - INFO - phi = [ 0.61011598 -0.04144061  0.15895151 -0.1229947 ]
2025-12-13 21:23:42,329 - INFO - num_full_subsets = 2
2025-12-13 21:23:42,335 - INFO - phi = [-0.13259785 -0.33888923 -0.34083469  0.47091503]
2025-12-13 21:23:42,350 - INFO - num_full_subsets = 2
2025-12-13 21:23:42,355 - INFO - phi = [-0.1334857  -0.22034087 -0.05623421  0.07497521]
2025-12-13 21:23:42,370 - INFO - num_full_subsets = 2
2025-12-13 21:23:42,376 - INFO - phi = [-0.12750436 -0.10825878  0.33248839  0.56989998]
2025-12-13 21:23:42,391 - INFO - num_full_subsets = 2
2025-12-13 21:23:42,396 - INFO - phi = [-0.13432683 -0.33026753  0.02706349 -0.69215819]
2025-12-13 21:23:42,411 - INFO - num_full_subsets = 2
2025-12-13 21:23:42,417 - INFO - phi = [-0.13446701  0.08788488 -0.31306879  0.22345264]
2025-12-13 21:23:42,432 - INFO - num_full_subsets = 2
2025-12-13 21:23:42,438 - INFO - phi = [-0.08942007 -0.04790688 -0.38942501  0.52040751]
2025-12-13 21:23:42,453 - INFO - num_full_subsets = 2
2025-12-13 21:23:42,459 - INFO - phi = [ 0.31572205 -0.09748165 -0.05623421  0.29769136]
2025-12-13 21:23:42,474 - INFO - num_full_subsets = 2
2025-12-13 21:23:42,479 - INFO - phi = [ 0.6498358   0.06201978  0.32554691 -0.84063562]
2025-12-13 21:23:42,494 - INFO - num_full_subsets = 2
2025-12-13 21:23:42,500 - INFO - phi = [-0.13390626 -0.33888923 -0.45189829 -0.24672589]
2025-12-13 21:23:42,515 - INFO - num_full_subsets = 2
2025-12-13 21:23:42,520 - INFO - phi = [-0.13470066  0.68709298 -0.37554206  0.14921393]
2025-12-13 21:23:42,536 - INFO - num_full_subsets = 2
2025-12-13 21:23:42,542 - INFO - phi = [-0.13521468 -0.0845491   0.20060036 -0.09824846]
2025-12-13 21:23:42,557 - INFO - num_full_subsets = 2
2025-12-13 21:23:42,562 - INFO - phi = [-0.08404621  0.11374998  0.06871234  0.49566127]
2025-12-13 21:23:42,577 - INFO - num_full_subsets = 2
2025-12-13 21:23:42,583 - INFO - phi = [0.0577769  0.05124266 0.44355199 0.76786989]
2025-12-13 21:23:42,598 - INFO - num_full_subsets = 2
2025-12-13 21:23:42,604 - INFO - phi = [-0.1048407   0.1503922   0.38107871  0.66888494]
2025-12-13 21:23:42,619 - INFO - num_full_subsets = 2
2025-12-13 21:23:42,624 - INFO - phi = [0.06969284 0.01460044 0.25613216 0.09972145]
2025-12-13 21:23:42,640 - INFO - num_full_subsets = 2
2025-12-13 21:23:42,646 - INFO - phi = [ 0.01758979 -0.20525289 -0.00764389  1.01533228]
2025-12-13 21:23:42,661 - INFO - num_full_subsets = 2
2025-12-13 21:23:42,666 - INFO - phi = [-0.13313523 -0.09532623  0.07565381  0.9658398 ]
2025-12-13 21:23:42,681 - INFO - num_full_subsets = 2
2025-12-13 21:23:42,687 - INFO - phi = [ 0.52133051  0.10297285  0.49908379 -0.22197965]
2025-12-13 21:23:42,702 - INFO - num_full_subsets = 2
2025-12-13 21:23:42,708 - INFO - phi = [ 0.69422854 -0.09748165 -0.04235126 -1.2118292 ]
2025-12-13 21:23:42,722 - INFO - num_full_subsets = 2
2025-12-13 21:23:42,728 - INFO - phi = [ 0.0633844   0.23229834 -0.47966419  0.44616879]
2025-12-13 21:23:42,744 - INFO - num_full_subsets = 2
2025-12-13 21:23:42,749 - INFO - phi = [-0.13280813 -0.34966636  0.40884461 -1.80573892]
2025-12-13 21:23:42,764 - INFO - num_full_subsets = 2
2025-12-13 21:23:42,770 - INFO - phi = [-0.13133616 -0.31302414  0.08953676  0.52040751]
2025-12-13 21:23:42,785 - INFO - num_full_subsets = 2
2025-12-13 21:23:42,790 - INFO - phi = [-0.13392963 -0.33888923 -0.39636649  0.0007365 ]
2025-12-13 21:23:42,806 - INFO - num_full_subsets = 2
2025-12-13 21:23:42,811 - INFO - phi = [-0.13210719 -0.1017925  -0.48660566  0.47091503]
2025-12-13 21:23:42,826 - INFO - num_full_subsets = 2
2025-12-13 21:23:42,832 - INFO - phi = [ 0.02903844 -0.18585407 -0.44495681  0.44616879]
2025-12-13 21:23:42,848 - INFO - num_full_subsets = 2
2025-12-13 21:23:42,853 - INFO - phi = [ 0.0664218  -0.03928518 -0.32695174  0.81736237]
2025-12-13 21:23:42,868 - INFO - num_full_subsets = 2
2025-12-13 21:23:42,874 - INFO - phi = [-0.13325206 -0.35182178 -0.30612731  0.52040751]
2025-12-13 21:23:42,889 - INFO - num_full_subsets = 2
2025-12-13 21:23:42,894 - INFO - phi = [ 0.43020858  0.05339808  0.39496166 -0.4446958 ]
2025-12-13 21:23:42,909 - INFO - num_full_subsets = 2
2025-12-13 21:23:42,915 - INFO - phi = [-0.13505113  0.07926318 -0.30612731  0.39667631]
2025-12-13 21:23:42,930 - INFO - num_full_subsets = 2
2025-12-13 21:23:42,935 - INFO - phi = [ 0.84609842  0.1762573   0.40190314 -1.01385929]
2025-12-13 21:23:42,951 - INFO - num_full_subsets = 2
2025-12-13 21:23:42,957 - INFO - phi = [-0.13369598 -0.26129394 -0.43801534 -0.04875598]
2025-12-13 21:23:42,972 - INFO - num_full_subsets = 2
2025-12-13 21:23:42,977 - INFO - phi = [-0.13456047 -0.11472505 -0.31306879  0.17396017]
2025-12-13 21:23:42,993 - INFO - num_full_subsets = 2
2025-12-13 21:23:42,998 - INFO - phi = [-0.13306514 -0.30655786  0.11036119 -1.06335177]
2025-12-13 21:23:43,013 - INFO - num_full_subsets = 2
2025-12-13 21:23:43,019 - INFO - phi = [-0.02049451  0.07064148  0.37413724  0.3224376 ]
2025-12-13 21:23:43,035 - INFO - num_full_subsets = 2
2025-12-13 21:23:43,040 - INFO - phi = [-0.13005111 -0.36906518  0.25613216  0.37193007]
2025-12-13 21:23:43,056 - INFO - num_full_subsets = 2
2025-12-13 21:23:43,062 - INFO - phi = [-0.13535487 -0.03928518 -0.32001026  0.1987064 ]
2025-12-13 21:23:43,077 - INFO - num_full_subsets = 2
2025-12-13 21:23:43,082 - INFO - phi = [-0.13210719 -0.27638191 -0.33389321  0.17396017]
2025-12-13 21:23:43,097 - INFO - num_full_subsets = 2
2025-12-13 21:23:43,103 - INFO - phi = [-0.13217728  0.7927088   0.27001511  0.61939246]
2025-12-13 21:23:43,118 - INFO - num_full_subsets = 2
2025-12-13 21:23:43,124 - INFO - phi = [0.02950573 0.08572946 0.18671741 1.04007852]
2025-12-13 21:23:43,139 - INFO - num_full_subsets = 2
2025-12-13 21:23:43,145 - INFO - phi = [-0.13512122 -0.31733499 -0.34083469 -0.09824846]
2025-12-13 21:23:43,160 - INFO - num_full_subsets = 2
2025-12-13 21:23:43,166 - INFO - phi = [-0.13002774 -0.18369865  0.57544002 -2.39964865]
2025-12-13 21:23:43,181 - INFO - num_full_subsets = 2
2025-12-13 21:23:43,187 - INFO - phi = [-0.13304177 -0.33888923 -0.25753699  0.69363118]
2025-12-13 21:23:43,201 - INFO - num_full_subsets = 2
2025-12-13 21:23:43,207 - INFO - phi = [-0.1315698  -0.27422649  0.45049347 -0.32096461]
2025-12-13 21:23:43,223 - INFO - num_full_subsets = 2
2025-12-13 21:23:43,228 - INFO - phi = [-0.13187354 -0.05652858 -0.47966419  0.17396017]
2025-12-13 21:23:43,243 - INFO - num_full_subsets = 2
2025-12-13 21:23:43,249 - INFO - phi = [-0.10297154 -0.10825878 -0.29918584  0.27294512]
2025-12-13 21:23:43,265 - INFO - num_full_subsets = 2
2025-12-13 21:23:43,270 - INFO - phi = [-0.1327614  -0.38630858 -0.10482454 -2.42439489]
2025-12-13 21:23:43,285 - INFO - num_full_subsets = 2
2025-12-13 21:23:43,291 - INFO - phi = [-0.03427962  0.1245271   0.10341971  0.61939246]
2025-12-13 21:23:43,306 - INFO - num_full_subsets = 2
2025-12-13 21:23:43,312 - INFO - phi = [-0.13241093 -0.03066348  0.32554691  0.71837742]
2025-12-13 21:23:43,326 - INFO - num_full_subsets = 2
2025-12-13 21:23:43,332 - INFO - phi = [-0.1334857  -0.27853734 -0.40330796  0.14921393]
2025-12-13 21:23:43,347 - INFO - num_full_subsets = 2
2025-12-13 21:23:43,353 - INFO - phi = [ 0.76665879 -0.15783355  0.32554691 -0.74165066]
2025-12-13 21:23:43,368 - INFO - num_full_subsets = 2
2025-12-13 21:23:43,374 - INFO - phi = [ 0.25263764  0.07064148 -0.42413239  0.44616879]
2025-12-13 21:23:43,389 - INFO - num_full_subsets = 2
2025-12-13 21:23:43,395 - INFO - phi = [-0.13325206  0.2107441  -0.05623421 -0.27147213]
2025-12-13 21:23:43,410 - INFO - num_full_subsets = 2
2025-12-13 21:23:43,415 - INFO - phi = [-0.02890576 -0.08023825 -0.03540979  0.47091503]
2025-12-13 21:23:43,430 - INFO - num_full_subsets = 2
2025-12-13 21:23:43,436 - INFO - phi = [ 0.60077015  0.01460044  0.29083954 -0.66741195]
2025-12-13 21:23:43,451 - INFO - num_full_subsets = 2
2025-12-13 21:23:43,457 - INFO - phi = [-0.13409318 -0.29578074 -0.00070241 -0.54368075]
2025-12-13 21:23:43,472 - INFO - num_full_subsets = 2
2025-12-13 21:23:43,478 - INFO - phi = [-0.08731726  0.14608135 -0.35471764  0.47091503]
2025-12-13 21:23:43,493 - INFO - num_full_subsets = 2
2025-12-13 21:23:43,499 - INFO - phi = [-0.12935017 -0.15998897  0.31166396  0.0007365 ]
2025-12-13 21:23:43,514 - INFO - num_full_subsets = 2
2025-12-13 21:23:43,520 - INFO - phi = [-0.11972395  0.19996697 -0.36860059  0.42142255]
2025-12-13 21:23:43,535 - INFO - num_full_subsets = 2
2025-12-13 21:23:43,540 - INFO - phi = [0.26899286 0.40473233 0.44355199 0.42142255]
2025-12-13 21:23:43,555 - INFO - num_full_subsets = 2
2025-12-13 21:23:43,561 - INFO - phi = [-0.03241045  0.29696109 -0.19506371  0.52040751]
2025-12-13 21:23:43,577 - INFO - num_full_subsets = 2
2025-12-13 21:23:43,582 - INFO - phi = [ 0.55637741 -0.1793878  -0.36165911 -0.56842699]
2025-12-13 21:23:43,597 - INFO - num_full_subsets = 2
2025-12-13 21:23:43,603 - INFO - phi = [-0.13170999 -0.1017925  -0.39636649  0.52040751]
2025-12-13 21:23:43,618 - INFO - num_full_subsets = 2
2025-12-13 21:23:43,624 - INFO - phi = [ 0.79936923 -0.05221773 -0.04235126 -0.7663969 ]
2025-12-13 21:23:43,639 - INFO - num_full_subsets = 2
2025-12-13 21:23:43,644 - INFO - phi = [-0.13451374 -0.34104466 -0.19506371 -0.07350222]
2025-12-13 21:23:43,659 - INFO - num_full_subsets = 2
2025-12-13 21:23:43,665 - INFO - phi = [ 0.45590964 -0.11472505 -0.45189829 -0.1229947 ]
2025-12-13 21:23:43,680 - INFO - num_full_subsets = 2
2025-12-13 21:23:43,686 - INFO - phi = [-0.12769128  1.77342709  0.31860544  0.56989998]
2025-12-13 21:23:43,701 - INFO - num_full_subsets = 2
2025-12-13 21:23:43,707 - INFO - phi = [-0.13367262 -0.35182178  0.10341971 -0.74165066]
2025-12-13 21:23:43,722 - INFO - num_full_subsets = 2
2025-12-13 21:23:43,727 - INFO - phi = [ 0.31572205  0.27756227  0.02706349 -0.69215819]
2025-12-13 21:23:43,742 - INFO - num_full_subsets = 2
2025-12-13 21:23:43,748 - INFO - phi = [-0.12701371  0.48663847 -0.50743009  0.69363118]
2025-12-13 21:23:43,763 - INFO - num_full_subsets = 2
2025-12-13 21:23:43,768 - INFO - phi = [-0.1346072  -0.34751093 -0.72261581 -0.39520332]
2025-12-13 21:23:43,784 - INFO - num_full_subsets = 2
2025-12-13 21:23:43,790 - INFO - phi = [0.22226366 0.01028959 0.34637134 0.59464622]
2025-12-13 21:23:43,805 - INFO - num_full_subsets = 2
2025-12-13 21:23:43,810 - INFO - phi = [-0.12799502  0.37240096 -0.10482454  0.91634732]
2025-12-13 21:23:43,825 - INFO - num_full_subsets = 2
2025-12-13 21:23:43,831 - INFO - phi = [-0.13465393 -0.33026753  0.06177086 -1.80573892]
2025-12-13 21:23:43,846 - INFO - num_full_subsets = 2
2025-12-13 21:23:43,852 - INFO - phi = [-0.08054152  0.05124266 -0.29918584  0.52040751]
2025-12-13 21:23:43,867 - INFO - num_full_subsets = 2
2025-12-13 21:23:43,872 - INFO - phi = [-0.13402309 -0.03066348 -0.38248354  1.06482476]
2025-12-13 21:23:43,888 - INFO - num_full_subsets = 2
2025-12-13 21:23:43,894 - INFO - phi = [-0.13264458 -0.38199773 -0.50048861  0.07497521]
2025-12-13 21:23:43,909 - INFO - num_full_subsets = 2
2025-12-13 21:23:43,914 - INFO - phi = [-0.13371935 -0.10394793 -0.43801534  0.84210861]
2025-12-13 21:23:43,929 - INFO - num_full_subsets = 2
2025-12-13 21:23:43,935 - INFO - phi = [-0.09549487 -0.1190359  -0.30612731  0.24819888]
2025-12-13 21:23:43,950 - INFO - num_full_subsets = 2
2025-12-13 21:23:43,956 - INFO - phi = [-0.01652253  0.62458566  0.17283446  1.01533228]
2025-12-13 21:23:43,971 - INFO - num_full_subsets = 2
2025-12-13 21:23:43,976 - INFO - phi = [-0.13418664 -0.28069276  0.27695659  0.27294512]
2025-12-13 21:23:43,992 - INFO - num_full_subsets = 2
2025-12-13 21:23:43,998 - INFO - phi = [-0.12479407  0.54483494  0.42272757  0.37193007]
2025-12-13 21:23:44,013 - INFO - num_full_subsets = 2
2025-12-13 21:23:44,018 - INFO - phi = [-0.13096233 -0.26560479  0.40190314 -0.02400974]
2025-12-13 21:23:44,034 - INFO - num_full_subsets = 2
2025-12-13 21:23:44,040 - INFO - phi = [-0.13491094 -0.28715904  0.07565381 -0.91487433]
2025-12-13 21:23:44,534 - INFO - Computing feature importance...
2025-12-13 21:23:44,946 - INFO - Experiment completed for ElasticNet
2025-12-13 21:23:44,946 - INFO - Total time: 14.37s (0.24 min)
