2025-12-14 16:39:45,929 - INFO - Starting comprehensive experiment for CNN
2025-12-14 16:39:53,784 - INFO - Performing feature analysis...
2025-12-14 16:39:55,587 - INFO - Model justification: Fast 1D Convolutional Neural Network - perfect for tabular features with local patterns
2025-12-14 16:39:55,587 - INFO - Performing robust cross-validation...
2025-12-14 16:40:16,089 - INFO - CV Results - MSE: 2.2815 ± 0.3488
2025-12-14 16:40:16,089 - INFO - Starting hyperparameter optimization...
2025-12-14 16:43:04,759 - INFO - Best parameters for CNN: {'filters': 54, 'kernel_size': 3, 'dense_units': 30, 'lr': 0.0331014544621952, 'epochs': 93}
2025-12-14 16:43:04,760 - INFO - ⏱️ HPO took 168.67 seconds
2025-12-14 16:43:04,760 - INFO - Training final model...
2025-12-14 16:43:08,087 - INFO - ⏱️ Training took 3.33 seconds
2025-12-14 16:43:08,087 - INFO - Performing residual analysis...
2025-12-14 16:43:09,195 - INFO - Generating XAI explanations...
2025-12-14 16:43:09,231 - WARNING - Using 168 background data samples could cause slower run times. Consider using shap.sample(data, K) or shap.kmeans(data, K) to summarize the background as K samples.
2025-12-14 16:43:09,278 - INFO - num_full_subsets = 2
2025-12-14 16:43:09,374 - INFO - phi = [-0.01180589  0.47837728  0.12194188 -0.50877586]
2025-12-14 16:43:09,421 - INFO - num_full_subsets = 2
2025-12-14 16:43:09,511 - INFO - phi = [0.09155451 0.75063649 0.44185779 0.52251077]
2025-12-14 16:43:09,556 - INFO - num_full_subsets = 2
2025-12-14 16:43:09,640 - INFO - phi = [ 0.66362671 -0.32231217 -0.03222771 -0.0787218 ]
2025-12-14 16:43:09,683 - INFO - num_full_subsets = 2
2025-12-14 16:43:09,771 - INFO - phi = [0.16070352 0.62358765 0.0419537  0.07888051]
2025-12-14 16:43:09,819 - INFO - num_full_subsets = 2
2025-12-14 16:43:09,922 - INFO - phi = [-0.22703217 -1.28177998 -0.18330702  0.05588797]
2025-12-14 16:43:09,966 - INFO - num_full_subsets = 2
2025-12-14 16:43:10,056 - INFO - phi = [-0.29077131 -1.01020803  0.04458994 -0.05001663]
2025-12-14 16:43:10,102 - INFO - num_full_subsets = 2
2025-12-14 16:43:10,192 - INFO - phi = [-0.26504847 -1.07371338 -0.0672385  -0.26777854]
2025-12-14 16:43:10,239 - INFO - num_full_subsets = 2
2025-12-14 16:43:10,324 - INFO - phi = [-0.24431145 -1.55965362  0.05290325  0.07869329]
2025-12-14 16:43:10,372 - INFO - num_full_subsets = 2
2025-12-14 16:43:10,458 - INFO - phi = [0.18745729 0.70189792 0.17930595 0.42887548]
2025-12-14 16:43:10,510 - INFO - num_full_subsets = 2
2025-12-14 16:43:10,598 - INFO - phi = [ 0.03463553  0.47265642  0.04024207 -0.28543787]
2025-12-14 16:43:10,652 - INFO - num_full_subsets = 2
2025-12-14 16:43:10,746 - INFO - phi = [-0.13744234 -0.08846405 -0.24103423  0.13384458]
2025-12-14 16:43:10,790 - INFO - num_full_subsets = 2
2025-12-14 16:43:10,879 - INFO - phi = [-0.1172801   0.48593775 -0.24741702 -0.22303488]
2025-12-14 16:43:10,925 - INFO - num_full_subsets = 2
2025-12-14 16:43:11,013 - INFO - phi = [-0.3450417  -0.67103508 -0.02433436 -0.33503853]
2025-12-14 16:43:11,056 - INFO - num_full_subsets = 2
2025-12-14 16:43:11,146 - INFO - phi = [-0.07177055  0.71222166 -0.31759396  0.11620091]
2025-12-14 16:43:11,192 - INFO - num_full_subsets = 2
2025-12-14 16:43:11,292 - INFO - phi = [-0.19365559 -1.26436898 -0.10737145 -0.10163647]
2025-12-14 16:43:11,341 - INFO - num_full_subsets = 2
2025-12-14 16:43:11,434 - INFO - phi = [0.43535589 0.75748847 0.11317253 0.37629367]
2025-12-14 16:43:11,479 - INFO - num_full_subsets = 2
2025-12-14 16:43:11,568 - INFO - phi = [-0.25482256 -1.35614086 -0.15875698  0.11649759]
2025-12-14 16:43:11,612 - INFO - num_full_subsets = 2
2025-12-14 16:43:11,700 - INFO - phi = [-0.00246162  0.58287707 -0.29395028 -0.0520003 ]
2025-12-14 16:43:11,745 - INFO - num_full_subsets = 2
2025-12-14 16:43:11,832 - INFO - phi = [ 0.07746812  0.4480837  -0.03239551  0.25519883]
2025-12-14 16:43:11,881 - INFO - num_full_subsets = 2
2025-12-14 16:43:11,976 - INFO - phi = [-0.07592853  0.14820907 -0.01702516 -0.3881521 ]
2025-12-14 16:43:12,022 - INFO - num_full_subsets = 2
2025-12-14 16:43:12,110 - INFO - phi = [-0.25958221  0.52783018 -0.14763343 -0.46882918]
2025-12-14 16:43:12,155 - INFO - num_full_subsets = 2
2025-12-14 16:43:12,244 - INFO - phi = [-0.13092747  0.45576367 -0.14822557 -0.29646152]
2025-12-14 16:43:12,290 - INFO - num_full_subsets = 2
2025-12-14 16:43:12,384 - INFO - phi = [-0.14474844 -0.19906376  0.39532411 -0.33130018]
2025-12-14 16:43:12,429 - INFO - num_full_subsets = 2
2025-12-14 16:43:12,517 - INFO - phi = [ 0.0644701   0.39601898 -0.14185208  0.19877255]
2025-12-14 16:43:12,568 - INFO - num_full_subsets = 2
2025-12-14 16:43:12,667 - INFO - phi = [-0.2947476  -1.11758722  0.0102039  -0.19760173]
2025-12-14 16:43:12,714 - INFO - num_full_subsets = 2
2025-12-14 16:43:12,799 - INFO - phi = [ 0.20127379 -0.26911566 -0.01607744 -0.36301755]
2025-12-14 16:43:12,847 - INFO - num_full_subsets = 2
2025-12-14 16:43:12,935 - INFO - phi = [-0.08855382  0.05275534  0.28302464 -0.36953132]
2025-12-14 16:43:12,978 - INFO - num_full_subsets = 2
2025-12-14 16:43:13,064 - INFO - phi = [-0.0912338   0.15272027  0.00808472 -0.34785933]
2025-12-14 16:43:13,108 - INFO - num_full_subsets = 2
2025-12-14 16:43:13,197 - INFO - phi = [-0.23409716 -1.3220705  -0.20947886  0.10076123]
2025-12-14 16:43:13,250 - INFO - num_full_subsets = 2
2025-12-14 16:43:13,343 - INFO - phi = [-0.23264001  0.43672825 -0.28846379 -0.28913196]
2025-12-14 16:43:13,388 - INFO - num_full_subsets = 2
2025-12-14 16:43:13,478 - INFO - phi = [-0.23646247 -1.27537198  0.2388456  -0.28035159]
2025-12-14 16:43:13,523 - INFO - num_full_subsets = 2
2025-12-14 16:43:13,614 - INFO - phi = [-0.01781788  0.21351113  0.1951293  -0.29984274]
2025-12-14 16:43:13,659 - INFO - num_full_subsets = 2
2025-12-14 16:43:13,750 - INFO - phi = [-0.31890123 -0.98963858 -0.07659496 -0.26966506]
2025-12-14 16:43:13,795 - INFO - num_full_subsets = 2
2025-12-14 16:43:13,886 - INFO - phi = [0.02623189 0.90764366 0.62543213 0.52860916]
2025-12-14 16:43:13,944 - INFO - num_full_subsets = 2
2025-12-14 16:43:14,030 - INFO - phi = [-0.2850139  -0.30044964 -0.02120106 -0.36079771]
2025-12-14 16:43:14,075 - INFO - num_full_subsets = 2
2025-12-14 16:43:14,163 - INFO - phi = [-0.0826286   0.53932631  0.13113435 -0.48083935]
2025-12-14 16:43:14,208 - INFO - num_full_subsets = 2
2025-12-14 16:43:14,295 - INFO - phi = [0.2102574  0.24833867 0.03691794 0.22251763]
2025-12-14 16:43:14,338 - INFO - num_full_subsets = 2
2025-12-14 16:43:14,424 - INFO - phi = [ 0.2044173   0.37838754 -0.50538936  0.09625433]
2025-12-14 16:43:14,470 - INFO - num_full_subsets = 2
2025-12-14 16:43:14,566 - INFO - phi = [ 0.27378815  0.45647427  0.1325078  -0.63339343]
2025-12-14 16:43:14,615 - INFO - num_full_subsets = 2
2025-12-14 16:43:14,709 - INFO - phi = [-0.19365559 -1.26436898 -0.10737145 -0.10163647]
2025-12-14 16:43:14,753 - INFO - num_full_subsets = 2
2025-12-14 16:43:14,839 - INFO - phi = [-0.25302978 -1.09874292 -0.0330074  -0.26616677]
2025-12-14 16:43:14,884 - INFO - num_full_subsets = 2
2025-12-14 16:43:14,971 - INFO - phi = [-0.25116663  0.80176351 -0.00632426 -0.04267332]
2025-12-14 16:43:15,016 - INFO - num_full_subsets = 2
2025-12-14 16:43:15,106 - INFO - phi = [-0.22765064  0.63939704  0.35221947 -0.37679294]
2025-12-14 16:43:15,151 - INFO - num_full_subsets = 2
2025-12-14 16:43:15,243 - INFO - phi = [-0.26202749  0.11476418 -0.0091817  -0.38196471]
2025-12-14 16:43:15,290 - INFO - num_full_subsets = 2
2025-12-14 16:43:15,381 - INFO - phi = [-0.11266206  0.28958691 -0.25707015 -0.22355301]
2025-12-14 16:43:15,430 - INFO - num_full_subsets = 2
2025-12-14 16:43:15,519 - INFO - phi = [-0.22958966  0.87184749  0.02526185  0.38513459]
2025-12-14 16:43:15,563 - INFO - num_full_subsets = 2
2025-12-14 16:43:15,652 - INFO - phi = [-0.31094729 -1.00305463 -0.07722648 -0.27149658]
2025-12-14 16:43:15,697 - INFO - num_full_subsets = 2
2025-12-14 16:43:15,786 - INFO - phi = [-0.13858423  0.35127726 -0.16872282  0.04471863]
2025-12-14 16:43:15,832 - INFO - num_full_subsets = 2
2025-12-14 16:43:15,927 - INFO - phi = [-0.38452682 -0.27602782 -0.11684473 -0.36012953]
2025-12-14 16:43:15,973 - INFO - num_full_subsets = 2
2025-12-14 16:43:16,061 - INFO - phi = [0.49489958 1.24983503 0.57339004 0.47902929]
2025-12-14 16:43:16,105 - INFO - num_full_subsets = 2
2025-12-14 16:43:16,191 - INFO - phi = [0.36752969 0.81779348 0.71110694 0.57819546]
2025-12-14 16:43:16,234 - INFO - num_full_subsets = 2
2025-12-14 16:43:16,336 - INFO - phi = [-0.20085433  1.13834452  0.45812349  0.20350359]
2025-12-14 16:43:16,384 - INFO - num_full_subsets = 2
2025-12-14 16:43:16,481 - INFO - phi = [-0.0616376   1.1204052   0.14441396  0.5723936 ]
2025-12-14 16:43:16,533 - INFO - num_full_subsets = 2
2025-12-14 16:43:16,628 - INFO - phi = [-0.1442605   0.53741604 -0.41009024 -0.03391356]
2025-12-14 16:43:16,674 - INFO - num_full_subsets = 2
2025-12-14 16:43:16,760 - INFO - phi = [-0.17642109  0.7963141   0.01229471  0.32946741]
2025-12-14 16:43:16,816 - INFO - num_full_subsets = 2
2025-12-14 16:43:16,903 - INFO - phi = [ 1.15163248 -0.05010262  0.49814822  0.24232526]
2025-12-14 16:43:16,948 - INFO - num_full_subsets = 2
2025-12-14 16:43:17,037 - INFO - phi = [-0.00637052  0.59245574  0.09761135 -0.47891028]
2025-12-14 16:43:17,088 - INFO - num_full_subsets = 2
2025-12-14 16:43:17,179 - INFO - phi = [-0.23477857 -1.22085706  0.02206219 -0.24020546]
2025-12-14 16:43:17,228 - INFO - num_full_subsets = 2
2025-12-14 16:43:17,316 - INFO - phi = [-0.29004116 -1.15210619  0.04471642 -0.10274574]
2025-12-14 16:43:17,360 - INFO - num_full_subsets = 2
2025-12-14 16:43:17,448 - INFO - phi = [-0.21567586  0.42788385 -0.10407475  0.26551563]
2025-12-14 16:43:17,493 - INFO - num_full_subsets = 2
2025-12-14 16:43:17,583 - INFO - phi = [-0.29722551 -1.62015303  0.13420514  0.11398036]
2025-12-14 16:43:17,627 - INFO - num_full_subsets = 2
2025-12-14 16:43:17,713 - INFO - phi = [ 0.66713962  0.17638085 -0.58414788  0.14644943]
2025-12-14 16:43:17,760 - INFO - num_full_subsets = 2
2025-12-14 16:43:17,847 - INFO - phi = [-0.28588503 -1.25606115  0.068832   -0.20066472]
2025-12-14 16:43:17,891 - INFO - num_full_subsets = 2
2025-12-14 16:43:17,974 - INFO - phi = [0.50690236 1.03396299 0.34551077 0.37975432]
2025-12-14 16:43:18,018 - INFO - num_full_subsets = 2
2025-12-14 16:43:18,106 - INFO - phi = [-0.25399859 -1.07599024 -0.16370426  0.05686137]
2025-12-14 16:43:18,151 - INFO - num_full_subsets = 2
2025-12-14 16:43:18,238 - INFO - phi = [ 0.30407707  0.09691516 -0.51875144  0.13626286]
2025-12-14 16:43:18,283 - INFO - num_full_subsets = 2
2025-12-14 16:43:18,368 - INFO - phi = [-0.06468985  0.50403261  0.47591686  0.43278285]
2025-12-14 16:43:18,412 - INFO - num_full_subsets = 2
2025-12-14 16:43:18,505 - INFO - phi = [ 0.17598171  0.88448129 -0.44446697  0.18347033]
2025-12-14 16:43:18,549 - INFO - num_full_subsets = 2
2025-12-14 16:43:18,638 - INFO - phi = [0.74366389 0.50036703 0.42392042 0.38332677]
2025-12-14 16:43:18,683 - INFO - num_full_subsets = 2
2025-12-14 16:43:18,771 - INFO - phi = [0.63979946 1.02384939 0.11889305 0.10381444]
2025-12-14 16:43:18,815 - INFO - num_full_subsets = 2
2025-12-14 16:43:18,904 - INFO - phi = [ 0.30452907  0.92944359 -0.45523203  0.07169057]
2025-12-14 16:43:18,948 - INFO - num_full_subsets = 2
2025-12-14 16:43:19,035 - INFO - phi = [0.03186975 1.18670083 0.50644355 0.51552302]
2025-12-14 16:43:19,079 - INFO - num_full_subsets = 2
2025-12-14 16:43:19,168 - INFO - phi = [-0.09056103  0.79646455 -0.27655894 -0.03899638]
2025-12-14 16:43:19,212 - INFO - num_full_subsets = 2
2025-12-14 16:43:19,295 - INFO - phi = [-0.2793628  -1.07874233 -0.19027218  0.09307458]
2025-12-14 16:43:19,338 - INFO - num_full_subsets = 2
2025-12-14 16:43:19,424 - INFO - phi = [ 0.20917921  0.50328618 -0.56884619  0.12062296]
2025-12-14 16:43:19,476 - INFO - num_full_subsets = 2
2025-12-14 16:43:19,566 - INFO - phi = [-0.19343979  0.46805157 -0.32158825 -0.25001774]
2025-12-14 16:43:19,610 - INFO - num_full_subsets = 2
2025-12-14 16:43:19,698 - INFO - phi = [ 0.13121367  0.08838495 -0.0215312  -0.16149688]
2025-12-14 16:43:19,747 - INFO - num_full_subsets = 2
2025-12-14 16:43:19,834 - INFO - phi = [-0.29597255 -1.11240992 -0.02461453 -0.22583437]
2025-12-14 16:43:19,879 - INFO - num_full_subsets = 2
2025-12-14 16:43:19,968 - INFO - phi = [-0.18653385  0.79512472  0.0475356  -0.42255519]
2025-12-14 16:43:20,018 - INFO - num_full_subsets = 2
2025-12-14 16:43:20,105 - INFO - phi = [ 0.52008729  0.72838714 -0.58509907  0.19084216]
2025-12-14 16:43:20,149 - INFO - num_full_subsets = 2
2025-12-14 16:43:20,239 - INFO - phi = [ 0.08759711  0.1870724   0.10432817 -0.3532654 ]
2025-12-14 16:43:20,283 - INFO - num_full_subsets = 2
2025-12-14 16:43:20,367 - INFO - phi = [-0.04961055  0.51368953  0.03321522 -0.55120542]
2025-12-14 16:43:20,415 - INFO - num_full_subsets = 2
2025-12-14 16:43:20,504 - INFO - phi = [0.39894954 0.53402992 0.07744991 0.119236  ]
2025-12-14 16:43:20,549 - INFO - num_full_subsets = 2
2025-12-14 16:43:20,637 - INFO - phi = [-0.22737107 -1.20074562 -0.08459371 -0.1324808 ]
2025-12-14 16:43:20,681 - INFO - num_full_subsets = 2
2025-12-14 16:43:20,771 - INFO - phi = [ 0.35869981  1.16352573  0.32048861 -0.02985606]
2025-12-14 16:43:20,815 - INFO - num_full_subsets = 2
2025-12-14 16:43:20,904 - INFO - phi = [-0.08556565  0.92210334  0.21590608  0.220463  ]
2025-12-14 16:43:20,948 - INFO - num_full_subsets = 2
2025-12-14 16:43:21,042 - INFO - phi = [-0.23302165  0.27256766 -0.01022154 -0.41177626]
2025-12-14 16:43:21,087 - INFO - num_full_subsets = 2
2025-12-14 16:43:21,179 - INFO - phi = [0.26409789 0.77777906 0.30452794 0.58365168]
2025-12-14 16:43:21,224 - INFO - num_full_subsets = 2
2025-12-14 16:43:21,306 - INFO - phi = [-0.23287902 -1.25096092  0.23550603 -0.25438264]
2025-12-14 16:43:21,351 - INFO - num_full_subsets = 2
2025-12-14 16:43:21,438 - INFO - phi = [ 0.61275503 -0.04860844 -0.46889202  0.16242106]
2025-12-14 16:43:21,481 - INFO - num_full_subsets = 2
2025-12-14 16:43:21,569 - INFO - phi = [-0.37702773 -0.79541479 -0.14469773 -0.29911409]
2025-12-14 16:43:21,613 - INFO - num_full_subsets = 2
2025-12-14 16:43:21,708 - INFO - phi = [-0.25304523 -1.18566603 -0.2227961   0.12605916]
2025-12-14 16:43:21,753 - INFO - num_full_subsets = 2
2025-12-14 16:43:21,837 - INFO - phi = [-0.15315389  0.98210594  0.08756264  0.38441342]
2025-12-14 16:43:21,882 - INFO - num_full_subsets = 2
2025-12-14 16:43:21,964 - INFO - phi = [0.16566764 1.23429212 0.62038115 0.41156101]
2025-12-14 16:43:22,009 - INFO - num_full_subsets = 2
2025-12-14 16:43:22,090 - INFO - phi = [-0.02881703  0.68200475 -0.28047414  0.04233644]
2025-12-14 16:43:22,134 - INFO - num_full_subsets = 2
2025-12-14 16:43:22,216 - INFO - phi = [-0.26693499 -1.12203556 -0.10291346 -0.09853744]
2025-12-14 16:43:22,260 - INFO - num_full_subsets = 2
2025-12-14 16:43:22,354 - INFO - phi = [-0.13517525 -0.1139506  -0.00536764 -0.27156996]
2025-12-14 16:43:22,398 - INFO - num_full_subsets = 2
2025-12-14 16:43:22,487 - INFO - phi = [-0.25591983 -1.11487635  0.15474209 -0.21406543]
2025-12-14 16:43:22,532 - INFO - num_full_subsets = 2
2025-12-14 16:43:22,621 - INFO - phi = [-0.35788868 -1.41846596  0.09895691  0.05459033]
2025-12-14 16:43:22,666 - INFO - num_full_subsets = 2
2025-12-14 16:43:22,755 - INFO - phi = [-0.09172616  0.86589757  0.4317894   0.39545481]
2025-12-14 16:43:22,799 - INFO - num_full_subsets = 2
2025-12-14 16:43:22,890 - INFO - phi = [0.29298108 0.49563982 0.44936657 0.45636324]
2025-12-14 16:43:22,939 - INFO - num_full_subsets = 2
2025-12-14 16:43:23,030 - INFO - phi = [ 0.33465758  0.89106465 -0.55910605  0.23607589]
2025-12-14 16:43:23,074 - INFO - num_full_subsets = 2
2025-12-14 16:43:23,163 - INFO - phi = [0.16123572 0.58231563 0.2788564  0.06543137]
2025-12-14 16:43:23,207 - INFO - num_full_subsets = 2
2025-12-14 16:43:23,295 - INFO - phi = [-0.44469585 -0.74418436  0.06701731 -0.07952737]
2025-12-14 16:43:23,338 - INFO - num_full_subsets = 2
2025-12-14 16:43:23,429 - INFO - phi = [-0.23264001  0.43672825 -0.28846379 -0.28913196]
2025-12-14 16:43:23,474 - INFO - num_full_subsets = 2
2025-12-14 16:43:23,563 - INFO - phi = [0.24098935 0.76051949 0.50681655 0.20732801]
2025-12-14 16:43:23,612 - INFO - num_full_subsets = 2
2025-12-14 16:43:23,697 - INFO - phi = [0.60457054 0.42463778 0.31676106 0.47118502]
2025-12-14 16:43:23,741 - INFO - num_full_subsets = 2
2025-12-14 16:43:23,829 - INFO - phi = [-0.24360888 -1.24361216  0.04838214 -0.23454816]
2025-12-14 16:43:23,873 - INFO - num_full_subsets = 2
2025-12-14 16:43:23,960 - INFO - phi = [0.10449597 1.2420615  0.57928401 0.4929088 ]
2025-12-14 16:43:24,003 - INFO - num_full_subsets = 2
2025-12-14 16:43:24,091 - INFO - phi = [-0.22774787 -1.24017858 -0.09101877 -0.0888879 ]
2025-12-14 16:43:24,134 - INFO - num_full_subsets = 2
2025-12-14 16:43:24,228 - INFO - phi = [-0.23796179 -1.1906716  -0.1219748  -0.06089757]
2025-12-14 16:43:24,273 - INFO - num_full_subsets = 2
2025-12-14 16:43:24,357 - INFO - phi = [ 0.49176204  0.85397853 -0.5245492   0.25125878]
2025-12-14 16:43:24,401 - INFO - num_full_subsets = 2
2025-12-14 16:43:24,485 - INFO - phi = [-0.26069927 -1.2091459   0.26403817 -0.26864002]
2025-12-14 16:43:24,528 - INFO - num_full_subsets = 2
2025-12-14 16:43:24,614 - INFO - phi = [-0.29261008 -1.3668117  -0.01573096  0.06150062]
2025-12-14 16:43:24,658 - INFO - num_full_subsets = 2
2025-12-14 16:43:24,748 - INFO - phi = [-0.21149443 -1.29895005 -0.1244611  -0.0245278 ]
2025-12-14 16:43:24,791 - INFO - num_full_subsets = 2
2025-12-14 16:43:24,882 - INFO - phi = [ 0.57956429  0.55335342 -0.32914307  0.09057802]
2025-12-14 16:43:24,927 - INFO - num_full_subsets = 2
2025-12-14 16:43:25,009 - INFO - phi = [-0.28279149 -1.13306014  0.10127767 -0.12874012]
2025-12-14 16:43:25,054 - INFO - num_full_subsets = 2
2025-12-14 16:43:25,134 - INFO - phi = [-0.1572564   0.48348996 -0.19159617 -0.37336831]
2025-12-14 16:43:25,178 - INFO - num_full_subsets = 2
2025-12-14 16:43:25,261 - INFO - phi = [-0.045438    0.8014382  -0.23068371  0.195523  ]
2025-12-14 16:43:25,304 - INFO - num_full_subsets = 2
2025-12-14 16:43:25,385 - INFO - phi = [0.53886547 0.54186739 0.00856666 0.26366678]
2025-12-14 16:43:25,428 - INFO - num_full_subsets = 2
2025-12-14 16:43:25,521 - INFO - phi = [-0.06307057  0.37940335  0.17577176 -0.3798535 ]
2025-12-14 16:43:25,566 - INFO - num_full_subsets = 2
2025-12-14 16:43:25,653 - INFO - phi = [0.84125303 0.77517797 0.36698048 0.28332597]
2025-12-14 16:43:25,698 - INFO - num_full_subsets = 2
2025-12-14 16:43:25,788 - INFO - phi = [-0.27917335 -1.0586496   0.01362494 -0.30389905]
2025-12-14 16:43:25,832 - INFO - num_full_subsets = 2
2025-12-14 16:43:25,921 - INFO - phi = [0.47520189 0.60350496 0.13562523 0.12017729]
2025-12-14 16:43:25,964 - INFO - num_full_subsets = 2
2025-12-14 16:43:26,048 - INFO - phi = [-0.10627971  0.81858236 -0.45929336  0.24327971]
2025-12-14 16:43:26,096 - INFO - num_full_subsets = 2
2025-12-14 16:43:26,184 - INFO - phi = [-0.04075564  0.91323059  0.37976359  0.29511185]
2025-12-14 16:43:26,228 - INFO - num_full_subsets = 2
2025-12-14 16:43:26,319 - INFO - phi = [ 0.28532907 -0.58844997 -0.1830513  -0.2145784 ]
2025-12-14 16:43:26,364 - INFO - num_full_subsets = 2
2025-12-14 16:43:26,451 - INFO - phi = [-0.2228091  -1.22055775 -0.10334934 -0.11123136]
2025-12-14 16:43:26,494 - INFO - num_full_subsets = 2
2025-12-14 16:43:26,577 - INFO - phi = [-0.29600676 -1.04946844 -0.05865808 -0.26964562]
2025-12-14 16:43:26,620 - INFO - num_full_subsets = 2
2025-12-14 16:43:26,702 - INFO - phi = [0.14196847 0.4741414  0.13914694 0.16877707]
2025-12-14 16:43:26,750 - INFO - num_full_subsets = 2
2025-12-14 16:43:26,832 - INFO - phi = [ 0.12402622  0.24323381 -0.27121427 -0.07830362]
2025-12-14 16:43:26,877 - INFO - num_full_subsets = 2
2025-12-14 16:43:26,965 - INFO - phi = [-0.31890123 -0.98963858 -0.07659496 -0.26966506]
2025-12-14 16:43:27,009 - INFO - num_full_subsets = 2
2025-12-14 16:43:27,094 - INFO - phi = [ 0.3282654   0.36385796  0.02984256 -0.62929097]
2025-12-14 16:43:27,139 - INFO - num_full_subsets = 2
2025-12-14 16:43:27,222 - INFO - phi = [0.61285668 0.41205516 0.13412571 0.30380013]
2025-12-14 16:43:27,265 - INFO - num_full_subsets = 2
2025-12-14 16:43:27,355 - INFO - phi = [ 0.4221418   0.7858887  -0.62034088  0.24224377]
2025-12-14 16:43:27,399 - INFO - num_full_subsets = 2
2025-12-14 16:43:27,484 - INFO - phi = [-0.26239987 -0.45171184 -0.01149717 -0.10811611]
2025-12-14 16:43:27,527 - INFO - num_full_subsets = 2
2025-12-14 16:43:27,614 - INFO - phi = [-0.30729442  0.2119131   0.06201822  0.33272932]
2025-12-14 16:43:27,664 - INFO - num_full_subsets = 2
2025-12-14 16:43:27,751 - INFO - phi = [-0.16164994 -0.03200947 -0.25026828  0.1814808 ]
2025-12-14 16:43:27,797 - INFO - num_full_subsets = 2
2025-12-14 16:43:27,888 - INFO - phi = [0.93838215 0.79159091 0.48289219 0.42208585]
2025-12-14 16:43:27,933 - INFO - num_full_subsets = 2
2025-12-14 16:43:28,032 - INFO - phi = [-0.08220744  0.50643003 -0.27712044  0.10812707]
2025-12-14 16:43:28,091 - INFO - num_full_subsets = 2
2025-12-14 16:43:28,185 - INFO - phi = [0.50799005 0.47999848 0.27370411 0.32753789]
2025-12-14 16:43:28,231 - INFO - num_full_subsets = 2
2025-12-14 16:43:28,317 - INFO - phi = [ 0.00789507  0.95438481 -0.39096542  0.27251564]
2025-12-14 16:43:28,364 - INFO - num_full_subsets = 2
2025-12-14 16:43:28,460 - INFO - phi = [-0.26962662 -0.57608025 -0.07924761  0.08688813]
2025-12-14 16:43:28,503 - INFO - num_full_subsets = 2
2025-12-14 16:43:28,592 - INFO - phi = [-0.19198133 -1.61186413  0.09717902  0.15916606]
2025-12-14 16:43:28,636 - INFO - num_full_subsets = 2
2025-12-14 16:43:28,735 - INFO - phi = [ 0.56381814 -0.28320942  0.23653404  0.18868542]
2025-12-14 16:43:28,780 - INFO - num_full_subsets = 2
2025-12-14 16:43:28,871 - INFO - phi = [-0.36063477 -0.88523203 -0.09963013 -0.30403612]
2025-12-14 16:43:28,915 - INFO - num_full_subsets = 2
2025-12-14 16:43:29,003 - INFO - phi = [-0.3828454  -1.22578098  0.00943775  0.2481144 ]
2025-12-14 16:43:29,047 - INFO - num_full_subsets = 2
2025-12-14 16:43:29,134 - INFO - phi = [0.30747231 0.37079153 0.56535879 0.403021  ]
2025-12-14 16:43:29,177 - INFO - num_full_subsets = 2
2025-12-14 16:43:29,266 - INFO - phi = [-0.28902092 -1.33495367  0.05212234 -0.09471306]
2025-12-14 16:43:29,318 - INFO - num_full_subsets = 2
2025-12-14 16:43:29,415 - INFO - phi = [-0.12262465  0.22662055  0.0900484  -0.52282234]
2025-12-14 16:43:29,460 - INFO - num_full_subsets = 2
2025-12-14 16:43:29,555 - INFO - phi = [-0.29422945 -1.05697067  0.05188904 -0.06687364]
2025-12-14 16:43:29,600 - INFO - num_full_subsets = 2
2025-12-14 16:43:29,684 - INFO - phi = [ 0.09013     0.64035946 -0.05600461 -0.39489116]
2025-12-14 16:43:29,728 - INFO - num_full_subsets = 2
2025-12-14 16:43:29,810 - INFO - phi = [0.27339997 0.6795219  0.36305612 0.06309038]
2025-12-14 16:43:29,853 - INFO - num_full_subsets = 2
2025-12-14 16:43:29,934 - INFO - phi = [ 0.24250067  0.79595681 -0.58542028  0.22972111]
2025-12-14 16:43:29,982 - INFO - num_full_subsets = 2
2025-12-14 16:43:30,071 - INFO - phi = [-0.09313155 -0.09754586 -0.24168748 -0.20996768]
2025-12-14 16:43:30,116 - INFO - num_full_subsets = 2
2025-12-14 16:43:30,204 - INFO - phi = [-0.04319346  0.56849771  0.07056661  0.24385249]
2025-12-14 16:43:30,249 - INFO - num_full_subsets = 2
2025-12-14 16:43:30,338 - INFO - phi = [ 0.4038351   0.89747176 -0.50985507  0.22402753]
2025-12-14 16:43:30,382 - INFO - num_full_subsets = 2
2025-12-14 16:43:30,469 - INFO - phi = [-0.23731734 -1.39972152  0.08071409 -0.11745413]
2025-12-14 16:43:30,514 - INFO - num_full_subsets = 2
2025-12-14 16:43:30,608 - INFO - phi = [-0.3297773  -1.22035231  0.03883846  0.1679207 ]
2025-12-14 16:43:30,654 - INFO - num_full_subsets = 2
2025-12-14 16:43:30,742 - INFO - phi = [ 0.33698727  0.39424024 -0.36975264  0.12289583]
2025-12-14 16:43:30,786 - INFO - num_full_subsets = 2
2025-12-14 16:43:30,878 - INFO - phi = [-0.12360928  0.58436386  0.15875189 -0.60446108]
2025-12-14 16:43:30,922 - INFO - num_full_subsets = 2
2025-12-14 16:43:31,010 - INFO - phi = [-0.08961993  1.20071693  0.33415106  0.61659914]
2025-12-14 16:43:31,054 - INFO - num_full_subsets = 2
2025-12-14 16:43:31,141 - INFO - phi = [-0.21645117 -1.2579449  -0.08890107 -0.10355915]
2025-12-14 16:43:31,185 - INFO - num_full_subsets = 2
2025-12-14 16:43:31,279 - INFO - phi = [ 0.66776243  0.10074788 -0.56244572  0.14451085]
2025-12-14 16:43:31,325 - INFO - num_full_subsets = 2
2025-12-14 16:43:31,416 - INFO - phi = [-0.1441184   0.37077118  0.1225552  -0.48150431]
2025-12-14 16:43:31,461 - INFO - num_full_subsets = 2
2025-12-14 16:43:31,552 - INFO - phi = [-0.35778673 -1.32575903  0.09232938  0.27906041]
2025-12-14 16:43:31,598 - INFO - num_full_subsets = 2
2025-12-14 16:43:31,688 - INFO - phi = [-0.22941633 -1.28164029  0.0754101  -0.18193581]
2025-12-14 16:43:31,732 - INFO - num_full_subsets = 2
2025-12-14 16:43:31,824 - INFO - phi = [-0.09056103  0.79646455 -0.27655894 -0.03899638]
2025-12-14 16:43:32,376 - INFO - Computing feature importance...
2025-12-14 16:43:40,222 - INFO - Experiment completed for CNN
2025-12-14 16:43:40,222 - INFO - Total time: 233.57s (3.89 min)
2025-12-14 16:43:40,222 - INFO - Starting comprehensive experiment for CNN
2025-12-14 16:43:48,688 - INFO - Performing feature analysis...
2025-12-14 16:43:49,895 - INFO - Model justification: Fast 1D Convolutional Neural Network - perfect for tabular features with local patterns
2025-12-14 16:43:49,895 - INFO - Performing robust cross-validation...
2025-12-14 16:44:09,956 - INFO - CV Results - MSE: 2.1496 ± 0.4579
2025-12-14 16:44:09,956 - INFO - Starting hyperparameter optimization...
2025-12-14 16:46:59,860 - INFO - Best parameters for CNN: {'filters': 53, 'kernel_size': 3, 'dense_units': 23, 'lr': 0.04894980919729852, 'epochs': 99}
2025-12-14 16:46:59,860 - INFO - ⏱️ HPO took 169.90 seconds
2025-12-14 16:46:59,860 - INFO - Training final model...
2025-12-14 16:47:02,248 - INFO - ⏱️ Training took 2.39 seconds
2025-12-14 16:47:02,248 - INFO - Performing residual analysis...
2025-12-14 16:47:03,322 - INFO - Generating XAI explanations...
2025-12-14 16:47:03,358 - WARNING - Using 168 background data samples could cause slower run times. Consider using shap.sample(data, K) or shap.kmeans(data, K) to summarize the background as K samples.
2025-12-14 16:47:03,405 - INFO - num_full_subsets = 2
2025-12-14 16:47:03,494 - INFO - phi = [-0.25255982 -0.63479598  0.23822512 -0.52431159]
2025-12-14 16:47:03,541 - INFO - num_full_subsets = 2
2025-12-14 16:47:03,638 - INFO - phi = [-0.01381352  0.79602998 -0.37498744  0.23183466]
2025-12-14 16:47:03,684 - INFO - num_full_subsets = 2
2025-12-14 16:47:03,777 - INFO - phi = [-0.15628171 -0.72149657  0.24387756 -0.53954156]
2025-12-14 16:47:03,823 - INFO - num_full_subsets = 2
2025-12-14 16:47:03,913 - INFO - phi = [0.64518572 0.00462441 0.41866019 0.37097407]
2025-12-14 16:47:03,959 - INFO - num_full_subsets = 2
2025-12-14 16:47:04,055 - INFO - phi = [-0.12085021  0.7045758  -0.26293396  0.13859361]
2025-12-14 16:47:04,101 - INFO - num_full_subsets = 2
2025-12-14 16:47:04,191 - INFO - phi = [ 0.04854157  0.83189602 -0.42344903  0.06737052]
2025-12-14 16:47:04,238 - INFO - num_full_subsets = 2
2025-12-14 16:47:04,330 - INFO - phi = [0.27038349 0.80811041 0.40785542 0.05224144]
2025-12-14 16:47:04,377 - INFO - num_full_subsets = 2
2025-12-14 16:47:04,467 - INFO - phi = [ 0.03516515  0.30015305  0.3465434  -0.13837421]
2025-12-14 16:47:04,512 - INFO - num_full_subsets = 2
2025-12-14 16:47:04,600 - INFO - phi = [-0.14735129 -0.70733786  0.24794318 -0.56669631]
2025-12-14 16:47:04,651 - INFO - num_full_subsets = 2
2025-12-14 16:47:04,741 - INFO - phi = [-0.27654351 -0.25635134  0.26309864 -0.01196511]
2025-12-14 16:47:04,788 - INFO - num_full_subsets = 2
2025-12-14 16:47:04,878 - INFO - phi = [-0.07627563 -0.39470618  0.42927055 -0.57911991]
2025-12-14 16:47:04,926 - INFO - num_full_subsets = 2
2025-12-14 16:47:05,018 - INFO - phi = [ 0.45559361  0.69437984 -0.36070189  0.15214407]
2025-12-14 16:47:05,064 - INFO - num_full_subsets = 2
2025-12-14 16:47:05,152 - INFO - phi = [0.18525323 0.3840804  0.31611287 0.48589553]
2025-12-14 16:47:05,197 - INFO - num_full_subsets = 2
2025-12-14 16:47:05,292 - INFO - phi = [ 0.08373207  0.43220985 -0.03598592 -0.10035515]
2025-12-14 16:47:05,338 - INFO - num_full_subsets = 2
2025-12-14 16:47:05,432 - INFO - phi = [0.08924931 0.81112299 0.53227592 0.42347651]
2025-12-14 16:47:05,478 - INFO - num_full_subsets = 2
2025-12-14 16:47:05,567 - INFO - phi = [-0.23319585  0.43201356  0.07573125 -0.53338872]
2025-12-14 16:47:05,611 - INFO - num_full_subsets = 2
2025-12-14 16:47:05,697 - INFO - phi = [-0.05757734  0.73427974  0.70262509  0.54799951]
2025-12-14 16:47:05,742 - INFO - num_full_subsets = 2
2025-12-14 16:47:05,827 - INFO - phi = [-0.07211866  0.56684018 -0.4150319   0.16752598]
2025-12-14 16:47:05,871 - INFO - num_full_subsets = 2
2025-12-14 16:47:05,966 - INFO - phi = [-0.13129977  0.36748169  0.06786156 -0.38567482]
2025-12-14 16:47:06,012 - INFO - num_full_subsets = 2
2025-12-14 16:47:06,104 - INFO - phi = [-0.24950621 -0.70648161  0.2302541  -0.44770855]
2025-12-14 16:47:06,149 - INFO - num_full_subsets = 2
2025-12-14 16:47:06,238 - INFO - phi = [-0.12072418  0.94375767  0.16721788  0.38393071]
2025-12-14 16:47:06,283 - INFO - num_full_subsets = 2
2025-12-14 16:47:06,374 - INFO - phi = [-0.26375121 -0.54301127 -0.50215829  0.13547849]
2025-12-14 16:47:06,419 - INFO - num_full_subsets = 2
2025-12-14 16:47:06,505 - INFO - phi = [-0.11612222  0.71135992 -0.23991635  0.14851131]
2025-12-14 16:47:06,557 - INFO - num_full_subsets = 2
2025-12-14 16:47:06,643 - INFO - phi = [ 0.78706438  0.14027191 -0.21273926  0.13339237]
2025-12-14 16:47:06,689 - INFO - num_full_subsets = 2
2025-12-14 16:47:06,777 - INFO - phi = [-0.27795569 -0.65074343 -0.11089585 -0.1338473 ]
2025-12-14 16:47:06,822 - INFO - num_full_subsets = 2
2025-12-14 16:47:06,912 - INFO - phi = [ 0.51115647  0.54843726 -0.40134468  0.0974018 ]
2025-12-14 16:47:06,957 - INFO - num_full_subsets = 2
2025-12-14 16:47:07,048 - INFO - phi = [ 1.01895288 -0.11390163 -0.41832137  0.12877137]
2025-12-14 16:47:07,094 - INFO - num_full_subsets = 2
2025-12-14 16:47:07,182 - INFO - phi = [-0.03417365  0.56962474 -0.52856807  0.16869352]
2025-12-14 16:47:07,232 - INFO - num_full_subsets = 2
2025-12-14 16:47:07,324 - INFO - phi = [-0.12258471  0.76101468 -0.53360563  0.20929532]
2025-12-14 16:47:07,369 - INFO - num_full_subsets = 2
2025-12-14 16:47:07,454 - INFO - phi = [-0.25537643 -0.64632663 -0.18379147 -0.08794775]
2025-12-14 16:47:07,499 - INFO - num_full_subsets = 2
2025-12-14 16:47:07,587 - INFO - phi = [-0.29998524 -0.84838881 -0.16056704  0.13549882]
2025-12-14 16:47:07,633 - INFO - num_full_subsets = 2
2025-12-14 16:47:07,722 - INFO - phi = [ 1.09898859 -0.10604081  0.07141237 -0.06082456]
2025-12-14 16:47:07,768 - INFO - num_full_subsets = 2
2025-12-14 16:47:07,865 - INFO - phi = [-0.29388822 -0.6741579  -0.10302737 -0.10236878]
2025-12-14 16:47:07,912 - INFO - num_full_subsets = 2
2025-12-14 16:47:08,003 - INFO - phi = [-0.25329961 -0.70237547 -0.31319339  0.09542619]
2025-12-14 16:47:08,049 - INFO - num_full_subsets = 2
2025-12-14 16:47:08,138 - INFO - phi = [-0.17385422  0.76597511 -0.15312074 -0.11332099]
2025-12-14 16:47:08,184 - INFO - num_full_subsets = 2
2025-12-14 16:47:08,273 - INFO - phi = [ 0.9838373   0.03772234 -0.46343796  0.14969048]
2025-12-14 16:47:08,317 - INFO - num_full_subsets = 2
2025-12-14 16:47:08,402 - INFO - phi = [ 0.03818481  0.38919885  0.31806495 -0.30146997]
2025-12-14 16:47:08,448 - INFO - num_full_subsets = 2
2025-12-14 16:47:08,539 - INFO - phi = [ 0.70948661  0.42537651 -0.08596908  0.15839884]
2025-12-14 16:47:08,587 - INFO - num_full_subsets = 2
2025-12-14 16:47:08,676 - INFO - phi = [-0.18293984  0.78096515 -0.38884241  0.23777215]
2025-12-14 16:47:08,722 - INFO - num_full_subsets = 2
2025-12-14 16:47:08,810 - INFO - phi = [-0.07211866  0.56684018 -0.4150319   0.16752598]
2025-12-14 16:47:08,855 - INFO - num_full_subsets = 2
2025-12-14 16:47:08,938 - INFO - phi = [-0.11133544  0.82423438  0.12283092  0.25561387]
2025-12-14 16:47:08,983 - INFO - num_full_subsets = 2
2025-12-14 16:47:09,066 - INFO - phi = [-0.20485871 -0.70433409  0.26013408 -0.52438355]
2025-12-14 16:47:09,111 - INFO - num_full_subsets = 2
2025-12-14 16:47:09,207 - INFO - phi = [-0.12601409  0.13451377  0.42428246 -0.39870273]
2025-12-14 16:47:09,252 - INFO - num_full_subsets = 2
2025-12-14 16:47:09,343 - INFO - phi = [-0.19840645 -0.78992769  0.37902472 -0.14087349]
2025-12-14 16:47:09,387 - INFO - num_full_subsets = 2
2025-12-14 16:47:09,475 - INFO - phi = [0.00927353 0.56828772 0.36820193 0.36578394]
2025-12-14 16:47:09,519 - INFO - num_full_subsets = 2
2025-12-14 16:47:09,607 - INFO - phi = [ 0.23207512  0.52194397 -0.56222217  0.15968485]
2025-12-14 16:47:09,652 - INFO - num_full_subsets = 2
2025-12-14 16:47:09,735 - INFO - phi = [-0.25788845 -0.14860559  0.29019087  0.33255773]
2025-12-14 16:47:09,783 - INFO - num_full_subsets = 2
2025-12-14 16:47:09,869 - INFO - phi = [ 0.06844212  0.41891004  0.12013673 -0.19897407]
2025-12-14 16:47:09,914 - INFO - num_full_subsets = 2
2025-12-14 16:47:10,004 - INFO - phi = [ 0.30716132  0.11398562  0.42001539 -0.31360367]
2025-12-14 16:47:10,050 - INFO - num_full_subsets = 2
2025-12-14 16:47:10,135 - INFO - phi = [ 0.10041396  0.47594716  0.00094839 -0.02855736]
2025-12-14 16:47:10,180 - INFO - num_full_subsets = 2
2025-12-14 16:47:10,266 - INFO - phi = [-0.00984954 -0.21409663 -0.02543175 -0.49743993]
2025-12-14 16:47:10,312 - INFO - num_full_subsets = 2
2025-12-14 16:47:10,395 - INFO - phi = [ 0.27356054  0.14252061  0.39387644 -0.28749298]
2025-12-14 16:47:10,446 - INFO - num_full_subsets = 2
2025-12-14 16:47:10,538 - INFO - phi = [0.51740969 0.48375426 0.33104546 0.38912109]
2025-12-14 16:47:10,583 - INFO - num_full_subsets = 2
2025-12-14 16:47:10,674 - INFO - phi = [-0.20944995  0.44627217  0.35870454  0.52209927]
2025-12-14 16:47:10,718 - INFO - num_full_subsets = 2
2025-12-14 16:47:10,808 - INFO - phi = [-0.0686926   0.95554828 -0.29560446  0.14995289]
2025-12-14 16:47:10,854 - INFO - num_full_subsets = 2
2025-12-14 16:47:10,944 - INFO - phi = [-0.18526365  0.45344096  0.12679681 -0.20551208]
2025-12-14 16:47:10,987 - INFO - num_full_subsets = 2
2025-12-14 16:47:11,079 - INFO - phi = [-0.26115681 -0.58002689 -0.48479494  0.15253637]
2025-12-14 16:47:11,125 - INFO - num_full_subsets = 2
2025-12-14 16:47:11,217 - INFO - phi = [-0.11083683 -0.46461701 -0.32242147  0.07125172]
2025-12-14 16:47:11,263 - INFO - num_full_subsets = 2
2025-12-14 16:47:11,351 - INFO - phi = [-0.03510926  0.25263115  0.28837535  0.49457944]
2025-12-14 16:47:11,396 - INFO - num_full_subsets = 2
2025-12-14 16:47:11,482 - INFO - phi = [ 0.01851346  0.41132628  0.30706999 -0.39292813]
2025-12-14 16:47:11,527 - INFO - num_full_subsets = 2
2025-12-14 16:47:11,614 - INFO - phi = [-0.01377041  0.48234088 -0.49222154  0.1285067 ]
2025-12-14 16:47:11,660 - INFO - num_full_subsets = 2
2025-12-14 16:47:11,754 - INFO - phi = [-0.25104686 -0.62383869 -0.47070377  0.17214704]
2025-12-14 16:47:11,801 - INFO - num_full_subsets = 2
2025-12-14 16:47:11,893 - INFO - phi = [0.7928924  0.51399242 0.33672605 0.48944705]
2025-12-14 16:47:11,938 - INFO - num_full_subsets = 2
2025-12-14 16:47:12,025 - INFO - phi = [ 0.66348459  0.3273453  -0.35421383  0.14517262]
2025-12-14 16:47:12,069 - INFO - num_full_subsets = 2
2025-12-14 16:47:12,158 - INFO - phi = [-0.25796488 -0.68482439 -0.19408165 -0.03657135]
2025-12-14 16:47:12,202 - INFO - num_full_subsets = 2
2025-12-14 16:47:12,291 - INFO - phi = [0.07409918 0.98057447 0.77650068 0.60803402]
2025-12-14 16:47:12,336 - INFO - num_full_subsets = 2
2025-12-14 16:47:12,431 - INFO - phi = [0.03862117 0.88255556 0.68017713 0.42906153]
2025-12-14 16:47:12,477 - INFO - num_full_subsets = 2
2025-12-14 16:47:12,567 - INFO - phi = [ 0.10020702  0.34520352  0.26803233 -0.30657026]
2025-12-14 16:47:12,612 - INFO - num_full_subsets = 2
2025-12-14 16:47:12,700 - INFO - phi = [-0.01377041  0.48234088 -0.49222154  0.1285067 ]
2025-12-14 16:47:12,744 - INFO - num_full_subsets = 2
2025-12-14 16:47:12,831 - INFO - phi = [-0.24389237 -0.68650847 -0.39622466  0.15318323]
2025-12-14 16:47:12,875 - INFO - num_full_subsets = 2
2025-12-14 16:47:12,965 - INFO - phi = [0.13538775 0.21445382 0.74532142 0.42892715]
2025-12-14 16:47:13,015 - INFO - num_full_subsets = 2
2025-12-14 16:47:13,107 - INFO - phi = [-0.13736064 -0.71316531  0.2378157  -0.56073202]
2025-12-14 16:47:13,152 - INFO - num_full_subsets = 2
2025-12-14 16:47:13,242 - INFO - phi = [ 0.06523393  0.55457421 -0.07189197 -0.07303276]
2025-12-14 16:47:13,286 - INFO - num_full_subsets = 2
2025-12-14 16:47:13,375 - INFO - phi = [-0.20801504 -0.71692495  0.48076675  0.43972897]
2025-12-14 16:47:13,419 - INFO - num_full_subsets = 2
2025-12-14 16:47:13,506 - INFO - phi = [-0.08383298  0.94965633 -0.39930969  0.20642453]
2025-12-14 16:47:13,551 - INFO - num_full_subsets = 2
2025-12-14 16:47:13,640 - INFO - phi = [-0.10322033  1.0483168   0.30676399  0.13536884]
2025-12-14 16:47:13,690 - INFO - num_full_subsets = 2
2025-12-14 16:47:13,781 - INFO - phi = [-0.29450326 -0.72165292 -0.00986991 -0.14741618]
2025-12-14 16:47:13,825 - INFO - num_full_subsets = 2
2025-12-14 16:47:13,911 - INFO - phi = [-0.11280156  1.22407164  0.17060576  0.29812203]
2025-12-14 16:47:13,955 - INFO - num_full_subsets = 2
2025-12-14 16:47:14,044 - INFO - phi = [0.19732111 0.99680096 0.14873249 0.40178802]
2025-12-14 16:47:14,089 - INFO - num_full_subsets = 2
2025-12-14 16:47:14,173 - INFO - phi = [ 0.27124055  0.77915855 -0.45449745  0.1637842 ]
2025-12-14 16:47:14,217 - INFO - num_full_subsets = 2
2025-12-14 16:47:14,311 - INFO - phi = [ 0.70049111  0.29645526 -0.17720893  0.06691059]
2025-12-14 16:47:14,357 - INFO - num_full_subsets = 2
2025-12-14 16:47:14,447 - INFO - phi = [-0.15166173 -0.74476997  0.25626072 -0.5332713 ]
2025-12-14 16:47:14,492 - INFO - num_full_subsets = 2
2025-12-14 16:47:14,579 - INFO - phi = [-0.29011374 -0.72089343 -0.16076276 -0.00167234]
2025-12-14 16:47:14,625 - INFO - num_full_subsets = 2
2025-12-14 16:47:14,714 - INFO - phi = [-0.25106623 -0.65725106 -0.2157686  -0.04935639]
2025-12-14 16:47:14,758 - INFO - num_full_subsets = 2
2025-12-14 16:47:14,848 - INFO - phi = [-0.24605021 -0.65280262 -0.29342701  0.01883757]
2025-12-14 16:47:14,893 - INFO - num_full_subsets = 2
2025-12-14 16:47:14,982 - INFO - phi = [-0.26312594 -0.63680094 -0.1584282  -0.1150872 ]
2025-12-14 16:47:15,028 - INFO - num_full_subsets = 2
2025-12-14 16:47:15,119 - INFO - phi = [ 0.92518826 -0.05826345 -0.45159622  0.14228796]
2025-12-14 16:47:15,164 - INFO - num_full_subsets = 2
2025-12-14 16:47:15,246 - INFO - phi = [-0.25877773 -0.68057324 -0.35098169  0.11689038]
2025-12-14 16:47:15,291 - INFO - num_full_subsets = 2
2025-12-14 16:47:15,376 - INFO - phi = [ 0.67968553  0.5181619  -0.31034158  0.18549443]
2025-12-14 16:47:15,420 - INFO - num_full_subsets = 2
2025-12-14 16:47:15,505 - INFO - phi = [-0.29947882 -0.8607317  -0.14880495  0.1355732 ]
2025-12-14 16:47:15,549 - INFO - num_full_subsets = 2
2025-12-14 16:47:15,644 - INFO - phi = [-0.1213285   0.61003045 -0.47554354  0.12066579]
2025-12-14 16:47:15,689 - INFO - num_full_subsets = 2
2025-12-14 16:47:15,774 - INFO - phi = [ 0.03516515  0.30015305  0.3465434  -0.13837421]
2025-12-14 16:47:15,819 - INFO - num_full_subsets = 2
2025-12-14 16:47:15,903 - INFO - phi = [-0.25171531 -0.66551383  0.22594244 -0.27087558]
2025-12-14 16:47:15,947 - INFO - num_full_subsets = 2
2025-12-14 16:47:16,032 - INFO - phi = [-0.12271333 -0.3050278  -0.56717147  0.12223131]
2025-12-14 16:47:16,076 - INFO - num_full_subsets = 2
2025-12-14 16:47:16,159 - INFO - phi = [0.14426135 0.77203612 0.23035564 0.23985139]
2025-12-14 16:47:16,207 - INFO - num_full_subsets = 2
2025-12-14 16:47:16,291 - INFO - phi = [-0.19506871 -0.64295801 -0.39855638  0.06314083]
2025-12-14 16:47:16,334 - INFO - num_full_subsets = 2
2025-12-14 16:47:16,420 - INFO - phi = [-0.10842168  0.65024981 -0.29900366  0.15658753]
2025-12-14 16:47:16,463 - INFO - num_full_subsets = 2
2025-12-14 16:47:16,546 - INFO - phi = [-0.25312454 -0.67481258  0.1964958  -0.44200094]
2025-12-14 16:47:16,589 - INFO - num_full_subsets = 2
2025-12-14 16:47:16,676 - INFO - phi = [ 0.11645365  0.72572047  0.28522813 -0.55253467]
2025-12-14 16:47:16,733 - INFO - num_full_subsets = 2
2025-12-14 16:47:16,826 - INFO - phi = [ 0.23906734  0.90254449 -0.48323937  0.17910508]
2025-12-14 16:47:16,875 - INFO - num_full_subsets = 2
2025-12-14 16:47:16,958 - INFO - phi = [-0.28887491 -0.71124182  0.17909185 -0.3524174 ]
2025-12-14 16:47:17,002 - INFO - num_full_subsets = 2
2025-12-14 16:47:17,091 - INFO - phi = [-0.11820787 -0.6831922   0.2662932  -0.6383354 ]
2025-12-14 16:47:17,135 - INFO - num_full_subsets = 2
2025-12-14 16:47:17,225 - INFO - phi = [-0.02631001  0.9468405  -0.31307167  0.2496501 ]
2025-12-14 16:47:17,270 - INFO - num_full_subsets = 2
2025-12-14 16:47:17,356 - INFO - phi = [-0.32242317 -0.73591414 -0.06916215 -0.04376701]
2025-12-14 16:47:17,399 - INFO - num_full_subsets = 2
2025-12-14 16:47:17,490 - INFO - phi = [-0.32492304 -0.72694118  0.07687845 -0.1622567 ]
2025-12-14 16:47:17,534 - INFO - num_full_subsets = 2
2025-12-14 16:47:17,621 - INFO - phi = [-0.2734818  -0.74965636 -0.13028207 -0.02002204]
2025-12-14 16:47:17,666 - INFO - num_full_subsets = 2
2025-12-14 16:47:17,755 - INFO - phi = [-0.24110489 -0.62934614 -0.41119584  0.10820459]
2025-12-14 16:47:17,799 - INFO - num_full_subsets = 2
2025-12-14 16:47:17,886 - INFO - phi = [-0.03850725  0.70911219  0.62181539  0.3386053 ]
2025-12-14 16:47:17,929 - INFO - num_full_subsets = 2
2025-12-14 16:47:18,018 - INFO - phi = [ 0.0045699   0.41343646  0.31782821 -0.31554282]
2025-12-14 16:47:18,062 - INFO - num_full_subsets = 2
2025-12-14 16:47:18,155 - INFO - phi = [-0.24409083 -0.65225886  0.23509391 -0.5121865 ]
2025-12-14 16:47:18,199 - INFO - num_full_subsets = 2
2025-12-14 16:47:18,290 - INFO - phi = [ 1.15382539 -0.1458595  -0.38519816  0.13262324]
2025-12-14 16:47:18,333 - INFO - num_full_subsets = 2
2025-12-14 16:47:18,419 - INFO - phi = [-0.13436919  0.74772719 -0.02554621  0.0178895 ]
2025-12-14 16:47:18,463 - INFO - num_full_subsets = 2
2025-12-14 16:47:18,553 - INFO - phi = [-0.16271665 -0.7328909   0.26842436 -0.54625908]
2025-12-14 16:47:18,598 - INFO - num_full_subsets = 2
2025-12-14 16:47:18,683 - INFO - phi = [ 0.39136406  0.03281083 -0.13551142 -0.06342745]
2025-12-14 16:47:18,726 - INFO - num_full_subsets = 2
2025-12-14 16:47:18,816 - INFO - phi = [ 1.39850471e+00 -1.82379523e-01 -1.41931209e-01 -1.18415460e-03]
2025-12-14 16:47:18,860 - INFO - num_full_subsets = 2
2025-12-14 16:47:18,947 - INFO - phi = [-0.06471261  0.70136015  0.53856508  0.20357284]
2025-12-14 16:47:18,990 - INFO - num_full_subsets = 2
2025-12-14 16:47:19,079 - INFO - phi = [0.00287163 0.69053922 0.75450749 0.52259486]
2025-12-14 16:47:19,124 - INFO - num_full_subsets = 2
2025-12-14 16:47:19,216 - INFO - phi = [-0.25043756 -0.55189614 -0.4915045   0.12039592]
2025-12-14 16:47:19,261 - INFO - num_full_subsets = 2
2025-12-14 16:47:19,347 - INFO - phi = [-0.14263945 -0.74090678  0.70417527  0.50073044]
2025-12-14 16:47:19,396 - INFO - num_full_subsets = 2
2025-12-14 16:47:19,481 - INFO - phi = [-0.14462834 -0.67498367  0.24255265 -0.59638291]
2025-12-14 16:47:19,525 - INFO - num_full_subsets = 2
2025-12-14 16:47:19,609 - INFO - phi = [-0.21523123 -0.6299201  -0.05349587  0.22297118]
2025-12-14 16:47:19,653 - INFO - num_full_subsets = 2
2025-12-14 16:47:19,744 - INFO - phi = [-0.24944739 -0.73374864  0.23207186 -0.42231811]
2025-12-14 16:47:19,788 - INFO - num_full_subsets = 2
2025-12-14 16:47:19,876 - INFO - phi = [-0.22649819 -0.75431451  0.25409569 -0.44672527]
2025-12-14 16:47:19,920 - INFO - num_full_subsets = 2
2025-12-14 16:47:20,011 - INFO - phi = [ 0.65454029  0.19883705 -0.45501135  0.1532572 ]
2025-12-14 16:47:20,061 - INFO - num_full_subsets = 2
2025-12-14 16:47:20,153 - INFO - phi = [-0.28392129 -0.83841576 -0.17572361  0.12461839]
2025-12-14 16:47:20,197 - INFO - num_full_subsets = 2
2025-12-14 16:47:20,285 - INFO - phi = [ 0.23207512  0.52194397 -0.56222217  0.15968485]
2025-12-14 16:47:20,328 - INFO - num_full_subsets = 2
2025-12-14 16:47:20,416 - INFO - phi = [-0.16709826 -0.67156938  0.48103301  0.06972497]
2025-12-14 16:47:20,460 - INFO - num_full_subsets = 2
2025-12-14 16:47:20,545 - INFO - phi = [-0.02814891  0.02404244  0.23006884 -0.06948889]
2025-12-14 16:47:20,589 - INFO - num_full_subsets = 2
2025-12-14 16:47:20,675 - INFO - phi = [-0.25501762 -0.65631921 -0.27244517  0.01033972]
2025-12-14 16:47:20,719 - INFO - num_full_subsets = 2
2025-12-14 16:47:20,809 - INFO - phi = [-0.14877178 -0.70671318  0.26117251 -0.57912982]
2025-12-14 16:47:20,854 - INFO - num_full_subsets = 2
2025-12-14 16:47:20,944 - INFO - phi = [ 0.06547461  0.37523228 -0.49624426  0.15927171]
2025-12-14 16:47:20,988 - INFO - num_full_subsets = 2
2025-12-14 16:47:21,075 - INFO - phi = [-0.14277731  0.82561388 -0.47882325  0.1536106 ]
2025-12-14 16:47:21,119 - INFO - num_full_subsets = 2
2025-12-14 16:47:21,208 - INFO - phi = [-0.14693071 -0.14203833  0.42718781  0.07634064]
2025-12-14 16:47:21,252 - INFO - num_full_subsets = 2
2025-12-14 16:47:21,346 - INFO - phi = [-0.13195186 -0.7141169   0.24814069 -0.57551421]
2025-12-14 16:47:21,390 - INFO - num_full_subsets = 2
2025-12-14 16:47:21,479 - INFO - phi = [-0.28441735 -0.72312908 -0.11971161 -0.04618423]
2025-12-14 16:47:21,523 - INFO - num_full_subsets = 2
2025-12-14 16:47:21,610 - INFO - phi = [-0.25304526 -0.65508223 -0.21505724 -0.05025754]
2025-12-14 16:47:21,655 - INFO - num_full_subsets = 2
2025-12-14 16:47:21,740 - INFO - phi = [-0.08170447  0.83075308 -0.50357748  0.10959645]
2025-12-14 16:47:21,784 - INFO - num_full_subsets = 2
2025-12-14 16:47:21,871 - INFO - phi = [-0.21553008 -0.07456251 -0.62379649  0.15206969]
2025-12-14 16:47:21,914 - INFO - num_full_subsets = 2
2025-12-14 16:47:22,007 - INFO - phi = [-0.1886889  -0.77789266  0.30200216 -0.42468538]
2025-12-14 16:47:22,052 - INFO - num_full_subsets = 2
2025-12-14 16:47:22,141 - INFO - phi = [-0.36302301 -0.59735241 -0.04022547 -0.1678303 ]
2025-12-14 16:47:22,185 - INFO - num_full_subsets = 2
2025-12-14 16:47:22,276 - INFO - phi = [ 0.0113361  -0.0932392   0.5412786  -0.38663534]
2025-12-14 16:47:22,320 - INFO - num_full_subsets = 2
2025-12-14 16:47:22,401 - INFO - phi = [-0.26619962 -0.24934037  0.32277325  0.29919545]
2025-12-14 16:47:22,445 - INFO - num_full_subsets = 2
2025-12-14 16:47:22,526 - INFO - phi = [0.64081217 0.09271188 0.42318998 0.3646529 ]
2025-12-14 16:47:22,574 - INFO - num_full_subsets = 2
2025-12-14 16:47:22,657 - INFO - phi = [-0.15646592 -0.73362125  0.5901977   0.44436145]
2025-12-14 16:47:22,701 - INFO - num_full_subsets = 2
2025-12-14 16:47:22,787 - INFO - phi = [ 1.15382539 -0.1458595  -0.38519816  0.13262324]
2025-12-14 16:47:22,831 - INFO - num_full_subsets = 2
2025-12-14 16:47:22,918 - INFO - phi = [-0.24884562 -0.69867098 -0.38548931  0.15956364]
2025-12-14 16:47:22,962 - INFO - num_full_subsets = 2
2025-12-14 16:47:23,045 - INFO - phi = [-0.28061906 -0.18247457 -0.51664531  0.06738121]
2025-12-14 16:47:23,089 - INFO - num_full_subsets = 2
2025-12-14 16:47:23,177 - INFO - phi = [ 0.0522857   0.39918859  0.08678991 -0.88790615]
2025-12-14 16:47:23,226 - INFO - num_full_subsets = 2
2025-12-14 16:47:23,314 - INFO - phi = [-0.31634644 -0.73116575  0.05802809 -0.18395817]
2025-12-14 16:47:23,358 - INFO - num_full_subsets = 2
2025-12-14 16:47:23,448 - INFO - phi = [ 0.53886662 -0.38128493  0.22199864  0.39599945]
2025-12-14 16:47:23,491 - INFO - num_full_subsets = 2
2025-12-14 16:47:23,578 - INFO - phi = [-0.25543389 -0.65371791  0.20795508 -0.47224556]
2025-12-14 16:47:23,621 - INFO - num_full_subsets = 2
2025-12-14 16:47:23,705 - INFO - phi = [-0.13924095  0.98884528 -0.32820039  0.20122737]
2025-12-14 16:47:23,749 - INFO - num_full_subsets = 2
2025-12-14 16:47:23,840 - INFO - phi = [-0.20460594  0.77120711 -0.17780532 -0.13950697]
2025-12-14 16:47:23,884 - INFO - num_full_subsets = 2
2025-12-14 16:47:23,974 - INFO - phi = [-0.17236225 -0.66393233  0.49770124  0.31774921]
2025-12-14 16:47:24,018 - INFO - num_full_subsets = 2
2025-12-14 16:47:24,101 - INFO - phi = [-0.19562015 -0.05273013 -0.63205849  0.14510189]
2025-12-14 16:47:24,144 - INFO - num_full_subsets = 2
2025-12-14 16:47:24,231 - INFO - phi = [-0.23318395 -0.78522224  0.29701385  0.00924305]
2025-12-14 16:47:24,274 - INFO - num_full_subsets = 2
2025-12-14 16:47:24,362 - INFO - phi = [-0.04571362 -0.28144141 -0.56919001  0.11865163]
2025-12-14 16:47:24,405 - INFO - num_full_subsets = 2
2025-12-14 16:47:24,500 - INFO - phi = [-0.21194809  0.19649498  0.17007186  0.1276587 ]
2025-12-14 16:47:24,543 - INFO - num_full_subsets = 2
2025-12-14 16:47:24,631 - INFO - phi = [0.41211162 0.63160603 0.37049334 0.4274856 ]
2025-12-14 16:47:24,674 - INFO - num_full_subsets = 2
2025-12-14 16:47:24,759 - INFO - phi = [ 0.10805233  0.35030722  0.18395489 -0.19091383]
2025-12-14 16:47:24,804 - INFO - num_full_subsets = 2
2025-12-14 16:47:24,893 - INFO - phi = [-0.01423622  0.21088551  0.41926474 -0.43195088]
2025-12-14 16:47:24,937 - INFO - num_full_subsets = 2
2025-12-14 16:47:25,027 - INFO - phi = [-0.27573121 -0.6198911  -0.27133919 -0.00648078]
2025-12-14 16:47:25,072 - INFO - num_full_subsets = 2
2025-12-14 16:47:25,167 - INFO - phi = [-0.24783306 -0.62698298 -0.47040893  0.1717827 ]
2025-12-14 16:47:25,212 - INFO - num_full_subsets = 2
2025-12-14 16:47:25,303 - INFO - phi = [-0.26619962 -0.24934037  0.32277325  0.29919545]
2025-12-14 16:47:25,347 - INFO - num_full_subsets = 2
2025-12-14 16:47:25,434 - INFO - phi = [-0.19802097 -0.78194197  0.36614579 -0.14263783]
2025-12-14 16:47:25,477 - INFO - num_full_subsets = 2
2025-12-14 16:47:25,564 - INFO - phi = [ 0.50632457 -0.06371582 -0.28519108 -0.01104454]
2025-12-14 16:47:25,608 - INFO - num_full_subsets = 2
2025-12-14 16:47:25,696 - INFO - phi = [-0.33291644  0.35062712 -0.0300235  -0.61156772]
2025-12-14 16:47:25,745 - INFO - num_full_subsets = 2
2025-12-14 16:47:25,835 - INFO - phi = [-0.20627733  0.36373241  0.0738911  -0.68278761]
2025-12-14 16:47:26,356 - INFO - Computing feature importance...
2025-12-14 16:47:33,822 - INFO - Experiment completed for CNN
2025-12-14 16:47:33,822 - INFO - Total time: 233.21s (3.89 min)
2025-12-14 16:47:33,823 - INFO - Starting comprehensive experiment for CNN
2025-12-14 16:47:41,688 - INFO - Performing feature analysis...
2025-12-14 16:47:42,916 - INFO - Model justification: Fast 1D Convolutional Neural Network - perfect for tabular features with local patterns
2025-12-14 16:47:42,916 - INFO - Performing robust cross-validation...
2025-12-14 16:48:00,347 - INFO - CV Results - MSE: 2.3484 ± 0.4749
2025-12-14 16:48:00,347 - INFO - Starting hyperparameter optimization...
2025-12-14 16:50:40,169 - INFO - Best parameters for CNN: {'filters': 46, 'kernel_size': 3, 'dense_units': 51, 'lr': 0.049713646750541865, 'epochs': 79}
2025-12-14 16:50:40,169 - INFO - ⏱️ HPO took 159.82 seconds
2025-12-14 16:50:40,169 - INFO - Training final model...
2025-12-14 16:50:41,602 - INFO - ⏱️ Training took 1.43 seconds
2025-12-14 16:50:41,602 - INFO - Performing residual analysis...
2025-12-14 16:50:43,009 - INFO - Generating XAI explanations...
2025-12-14 16:50:43,048 - WARNING - Using 168 background data samples could cause slower run times. Consider using shap.sample(data, K) or shap.kmeans(data, K) to summarize the background as K samples.
2025-12-14 16:50:43,097 - INFO - num_full_subsets = 2
2025-12-14 16:50:43,191 - INFO - phi = [2.22044605e-16 2.22044605e-16 2.22044605e-16 2.22044605e-16]
2025-12-14 16:50:43,240 - INFO - num_full_subsets = 2
2025-12-14 16:50:43,334 - INFO - phi = [2.22044605e-16 2.22044605e-16 2.22044605e-16 2.22044605e-16]
2025-12-14 16:50:43,383 - INFO - num_full_subsets = 2
2025-12-14 16:50:43,469 - INFO - phi = [2.22044605e-16 2.22044605e-16 2.22044605e-16 2.22044605e-16]
2025-12-14 16:50:43,518 - INFO - num_full_subsets = 2
2025-12-14 16:50:43,619 - INFO - phi = [2.22044605e-16 2.22044605e-16 2.22044605e-16 2.22044605e-16]
2025-12-14 16:50:43,669 - INFO - num_full_subsets = 2
2025-12-14 16:50:43,764 - INFO - phi = [2.22044605e-16 2.22044605e-16 2.22044605e-16 2.22044605e-16]
2025-12-14 16:50:43,814 - INFO - num_full_subsets = 2
2025-12-14 16:50:43,902 - INFO - phi = [2.22044605e-16 2.22044605e-16 2.22044605e-16 2.22044605e-16]
2025-12-14 16:50:43,952 - INFO - num_full_subsets = 2
2025-12-14 16:50:44,043 - INFO - phi = [2.22044605e-16 2.22044605e-16 2.22044605e-16 2.22044605e-16]
2025-12-14 16:50:44,093 - INFO - num_full_subsets = 2
2025-12-14 16:50:44,190 - INFO - phi = [2.22044605e-16 2.22044605e-16 2.22044605e-16 2.22044605e-16]
2025-12-14 16:50:44,239 - INFO - num_full_subsets = 2
2025-12-14 16:50:44,336 - INFO - phi = [2.22044605e-16 2.22044605e-16 2.22044605e-16 2.22044605e-16]
2025-12-14 16:50:44,387 - INFO - num_full_subsets = 2
2025-12-14 16:50:44,485 - INFO - phi = [2.22044605e-16 2.22044605e-16 2.22044605e-16 2.22044605e-16]
2025-12-14 16:50:44,535 - INFO - num_full_subsets = 2
2025-12-14 16:50:44,632 - INFO - phi = [2.22044605e-16 2.22044605e-16 2.22044605e-16 2.22044605e-16]
2025-12-14 16:50:44,681 - INFO - num_full_subsets = 2
2025-12-14 16:50:44,774 - INFO - phi = [2.22044605e-16 2.22044605e-16 2.22044605e-16 2.22044605e-16]
2025-12-14 16:50:44,831 - INFO - num_full_subsets = 2
2025-12-14 16:50:44,928 - INFO - phi = [2.22044605e-16 2.22044605e-16 2.22044605e-16 2.22044605e-16]
2025-12-14 16:50:44,981 - INFO - num_full_subsets = 2
2025-12-14 16:50:45,069 - INFO - phi = [2.22044605e-16 2.22044605e-16 2.22044605e-16 2.22044605e-16]
2025-12-14 16:50:45,118 - INFO - num_full_subsets = 2
2025-12-14 16:50:45,213 - INFO - phi = [2.22044605e-16 2.22044605e-16 2.22044605e-16 2.22044605e-16]
2025-12-14 16:50:45,262 - INFO - num_full_subsets = 2
2025-12-14 16:50:45,353 - INFO - phi = [2.22044605e-16 2.22044605e-16 2.22044605e-16 2.22044605e-16]
2025-12-14 16:50:45,403 - INFO - num_full_subsets = 2
2025-12-14 16:50:45,496 - INFO - phi = [2.22044605e-16 2.22044605e-16 2.22044605e-16 2.22044605e-16]
2025-12-14 16:50:45,553 - INFO - num_full_subsets = 2
2025-12-14 16:50:45,652 - INFO - phi = [2.22044605e-16 2.22044605e-16 2.22044605e-16 2.22044605e-16]
2025-12-14 16:50:45,703 - INFO - num_full_subsets = 2
2025-12-14 16:50:45,797 - INFO - phi = [2.22044605e-16 2.22044605e-16 2.22044605e-16 2.22044605e-16]
2025-12-14 16:50:45,847 - INFO - num_full_subsets = 2
2025-12-14 16:50:45,935 - INFO - phi = [2.22044605e-16 2.22044605e-16 2.22044605e-16 2.22044605e-16]
2025-12-14 16:50:45,985 - INFO - num_full_subsets = 2
2025-12-14 16:50:46,079 - INFO - phi = [2.22044605e-16 2.22044605e-16 2.22044605e-16 2.22044605e-16]
2025-12-14 16:50:46,141 - INFO - num_full_subsets = 2
2025-12-14 16:50:46,238 - INFO - phi = [2.22044605e-16 2.22044605e-16 2.22044605e-16 2.22044605e-16]
2025-12-14 16:50:46,288 - INFO - num_full_subsets = 2
2025-12-14 16:50:46,380 - INFO - phi = [2.22044605e-16 2.22044605e-16 2.22044605e-16 2.22044605e-16]
2025-12-14 16:50:46,430 - INFO - num_full_subsets = 2
2025-12-14 16:50:46,521 - INFO - phi = [2.22044605e-16 2.22044605e-16 2.22044605e-16 2.22044605e-16]
2025-12-14 16:50:46,572 - INFO - num_full_subsets = 2
2025-12-14 16:50:46,665 - INFO - phi = [2.22044605e-16 2.22044605e-16 2.22044605e-16 2.22044605e-16]
2025-12-14 16:50:46,716 - INFO - num_full_subsets = 2
2025-12-14 16:50:46,807 - INFO - phi = [2.22044605e-16 2.22044605e-16 2.22044605e-16 2.22044605e-16]
2025-12-14 16:50:46,858 - INFO - num_full_subsets = 2
2025-12-14 16:50:46,962 - INFO - phi = [2.22044605e-16 2.22044605e-16 2.22044605e-16 2.22044605e-16]
2025-12-14 16:50:47,012 - INFO - num_full_subsets = 2
2025-12-14 16:50:47,106 - INFO - phi = [2.22044605e-16 2.22044605e-16 2.22044605e-16 2.22044605e-16]
2025-12-14 16:50:47,156 - INFO - num_full_subsets = 2
2025-12-14 16:50:47,250 - INFO - phi = [2.22044605e-16 2.22044605e-16 2.22044605e-16 2.22044605e-16]
2025-12-14 16:50:47,300 - INFO - num_full_subsets = 2
2025-12-14 16:50:47,387 - INFO - phi = [2.22044605e-16 2.22044605e-16 2.22044605e-16 2.22044605e-16]
2025-12-14 16:50:47,437 - INFO - num_full_subsets = 2
2025-12-14 16:50:47,532 - INFO - phi = [2.22044605e-16 2.22044605e-16 2.22044605e-16 2.22044605e-16]
2025-12-14 16:50:47,583 - INFO - num_full_subsets = 2
2025-12-14 16:50:47,680 - INFO - phi = [2.22044605e-16 2.22044605e-16 2.22044605e-16 2.22044605e-16]
2025-12-14 16:50:47,729 - INFO - num_full_subsets = 2
2025-12-14 16:50:47,825 - INFO - phi = [2.22044605e-16 2.22044605e-16 2.22044605e-16 2.22044605e-16]
2025-12-14 16:50:47,875 - INFO - num_full_subsets = 2
2025-12-14 16:50:47,969 - INFO - phi = [2.22044605e-16 2.22044605e-16 2.22044605e-16 2.22044605e-16]
2025-12-14 16:50:48,018 - INFO - num_full_subsets = 2
2025-12-14 16:50:48,114 - INFO - phi = [2.22044605e-16 2.22044605e-16 2.22044605e-16 2.22044605e-16]
2025-12-14 16:50:48,165 - INFO - num_full_subsets = 2
2025-12-14 16:50:48,253 - INFO - phi = [2.22044605e-16 2.22044605e-16 2.22044605e-16 2.22044605e-16]
2025-12-14 16:50:48,310 - INFO - num_full_subsets = 2
2025-12-14 16:50:48,398 - INFO - phi = [2.22044605e-16 2.22044605e-16 2.22044605e-16 2.22044605e-16]
2025-12-14 16:50:48,448 - INFO - num_full_subsets = 2
2025-12-14 16:50:48,545 - INFO - phi = [2.22044605e-16 2.22044605e-16 2.22044605e-16 2.22044605e-16]
2025-12-14 16:50:48,595 - INFO - num_full_subsets = 2
2025-12-14 16:50:48,684 - INFO - phi = [2.22044605e-16 2.22044605e-16 2.22044605e-16 2.22044605e-16]
2025-12-14 16:50:48,734 - INFO - num_full_subsets = 2
2025-12-14 16:50:48,826 - INFO - phi = [2.22044605e-16 2.22044605e-16 2.22044605e-16 2.22044605e-16]
2025-12-14 16:50:48,875 - INFO - num_full_subsets = 2
2025-12-14 16:50:48,971 - INFO - phi = [2.22044605e-16 2.22044605e-16 2.22044605e-16 2.22044605e-16]
2025-12-14 16:50:49,028 - INFO - num_full_subsets = 2
2025-12-14 16:50:49,124 - INFO - phi = [2.22044605e-16 2.22044605e-16 2.22044605e-16 2.22044605e-16]
2025-12-14 16:50:49,176 - INFO - num_full_subsets = 2
2025-12-14 16:50:49,269 - INFO - phi = [2.22044605e-16 2.22044605e-16 2.22044605e-16 2.22044605e-16]
2025-12-14 16:50:49,320 - INFO - num_full_subsets = 2
2025-12-14 16:50:49,409 - INFO - phi = [2.22044605e-16 2.22044605e-16 2.22044605e-16 2.22044605e-16]
2025-12-14 16:50:49,460 - INFO - num_full_subsets = 2
2025-12-14 16:50:49,558 - INFO - phi = [2.22044605e-16 2.22044605e-16 2.22044605e-16 2.22044605e-16]
2025-12-14 16:50:49,610 - INFO - num_full_subsets = 2
2025-12-14 16:50:49,715 - INFO - phi = [2.22044605e-16 2.22044605e-16 2.22044605e-16 2.22044605e-16]
2025-12-14 16:50:49,764 - INFO - num_full_subsets = 2
2025-12-14 16:50:49,858 - INFO - phi = [2.22044605e-16 2.22044605e-16 2.22044605e-16 2.22044605e-16]
2025-12-14 16:50:49,909 - INFO - num_full_subsets = 2
2025-12-14 16:50:50,001 - INFO - phi = [2.22044605e-16 2.22044605e-16 2.22044605e-16 2.22044605e-16]
2025-12-14 16:50:50,051 - INFO - num_full_subsets = 2
2025-12-14 16:50:50,147 - INFO - phi = [2.22044605e-16 2.22044605e-16 2.22044605e-16 2.22044605e-16]
2025-12-14 16:50:50,200 - INFO - num_full_subsets = 2
2025-12-14 16:50:50,298 - INFO - phi = [2.22044605e-16 2.22044605e-16 2.22044605e-16 2.22044605e-16]
2025-12-14 16:50:50,351 - INFO - num_full_subsets = 2
2025-12-14 16:50:50,454 - INFO - phi = [2.22044605e-16 2.22044605e-16 2.22044605e-16 2.22044605e-16]
2025-12-14 16:50:50,504 - INFO - num_full_subsets = 2
2025-12-14 16:50:50,599 - INFO - phi = [2.22044605e-16 2.22044605e-16 2.22044605e-16 2.22044605e-16]
2025-12-14 16:50:50,651 - INFO - num_full_subsets = 2
2025-12-14 16:50:50,751 - INFO - phi = [2.22044605e-16 2.22044605e-16 2.22044605e-16 2.22044605e-16]
2025-12-14 16:50:50,805 - INFO - num_full_subsets = 2
2025-12-14 16:50:50,906 - INFO - phi = [2.22044605e-16 2.22044605e-16 2.22044605e-16 2.22044605e-16]
2025-12-14 16:50:50,957 - INFO - num_full_subsets = 2
2025-12-14 16:50:51,048 - INFO - phi = [2.22044605e-16 2.22044605e-16 2.22044605e-16 2.22044605e-16]
2025-12-14 16:50:51,100 - INFO - num_full_subsets = 2
2025-12-14 16:50:51,204 - INFO - phi = [2.22044605e-16 2.22044605e-16 2.22044605e-16 2.22044605e-16]
2025-12-14 16:50:51,255 - INFO - num_full_subsets = 2
2025-12-14 16:50:51,346 - INFO - phi = [2.22044605e-16 2.22044605e-16 2.22044605e-16 2.22044605e-16]
2025-12-14 16:50:51,398 - INFO - num_full_subsets = 2
2025-12-14 16:50:51,494 - INFO - phi = [2.22044605e-16 2.22044605e-16 2.22044605e-16 2.22044605e-16]
2025-12-14 16:50:51,546 - INFO - num_full_subsets = 2
2025-12-14 16:50:51,643 - INFO - phi = [2.22044605e-16 2.22044605e-16 2.22044605e-16 2.22044605e-16]
2025-12-14 16:50:51,694 - INFO - num_full_subsets = 2
2025-12-14 16:50:51,789 - INFO - phi = [2.22044605e-16 2.22044605e-16 2.22044605e-16 2.22044605e-16]
2025-12-14 16:50:51,846 - INFO - num_full_subsets = 2
2025-12-14 16:50:51,939 - INFO - phi = [2.22044605e-16 2.22044605e-16 2.22044605e-16 2.22044605e-16]
2025-12-14 16:50:51,989 - INFO - num_full_subsets = 2
2025-12-14 16:50:52,080 - INFO - phi = [2.22044605e-16 2.22044605e-16 2.22044605e-16 2.22044605e-16]
2025-12-14 16:50:52,128 - INFO - num_full_subsets = 2
2025-12-14 16:50:52,214 - INFO - phi = [2.22044605e-16 2.22044605e-16 2.22044605e-16 2.22044605e-16]
2025-12-14 16:50:52,262 - INFO - num_full_subsets = 2
2025-12-14 16:50:52,350 - INFO - phi = [2.22044605e-16 2.22044605e-16 2.22044605e-16 2.22044605e-16]
2025-12-14 16:50:52,399 - INFO - num_full_subsets = 2
2025-12-14 16:50:52,493 - INFO - phi = [2.22044605e-16 2.22044605e-16 2.22044605e-16 2.22044605e-16]
2025-12-14 16:50:52,549 - INFO - num_full_subsets = 2
2025-12-14 16:50:52,639 - INFO - phi = [2.22044605e-16 2.22044605e-16 2.22044605e-16 2.22044605e-16]
2025-12-14 16:50:52,687 - INFO - num_full_subsets = 2
2025-12-14 16:50:52,775 - INFO - phi = [2.22044605e-16 2.22044605e-16 2.22044605e-16 2.22044605e-16]
2025-12-14 16:50:52,823 - INFO - num_full_subsets = 2
2025-12-14 16:50:52,909 - INFO - phi = [2.22044605e-16 2.22044605e-16 2.22044605e-16 2.22044605e-16]
2025-12-14 16:50:52,958 - INFO - num_full_subsets = 2
2025-12-14 16:50:53,050 - INFO - phi = [2.22044605e-16 2.22044605e-16 2.22044605e-16 2.22044605e-16]
2025-12-14 16:50:53,097 - INFO - num_full_subsets = 2
2025-12-14 16:50:53,195 - INFO - phi = [2.22044605e-16 2.22044605e-16 2.22044605e-16 2.22044605e-16]
2025-12-14 16:50:53,244 - INFO - num_full_subsets = 2
2025-12-14 16:50:53,335 - INFO - phi = [2.22044605e-16 2.22044605e-16 2.22044605e-16 2.22044605e-16]
2025-12-14 16:50:53,381 - INFO - num_full_subsets = 2
2025-12-14 16:50:53,474 - INFO - phi = [2.22044605e-16 2.22044605e-16 2.22044605e-16 2.22044605e-16]
2025-12-14 16:50:53,524 - INFO - num_full_subsets = 2
2025-12-14 16:50:53,615 - INFO - phi = [2.22044605e-16 2.22044605e-16 2.22044605e-16 2.22044605e-16]
2025-12-14 16:50:53,663 - INFO - num_full_subsets = 2
2025-12-14 16:50:53,756 - INFO - phi = [2.22044605e-16 2.22044605e-16 2.22044605e-16 2.22044605e-16]
2025-12-14 16:50:53,804 - INFO - num_full_subsets = 2
2025-12-14 16:50:53,905 - INFO - phi = [2.22044605e-16 2.22044605e-16 2.22044605e-16 2.22044605e-16]
2025-12-14 16:50:53,953 - INFO - num_full_subsets = 2
2025-12-14 16:50:54,040 - INFO - phi = [2.22044605e-16 2.22044605e-16 2.22044605e-16 2.22044605e-16]
2025-12-14 16:50:54,087 - INFO - num_full_subsets = 2
2025-12-14 16:50:54,179 - INFO - phi = [2.22044605e-16 2.22044605e-16 2.22044605e-16 2.22044605e-16]
2025-12-14 16:50:54,226 - INFO - num_full_subsets = 2
2025-12-14 16:50:54,314 - INFO - phi = [2.22044605e-16 2.22044605e-16 2.22044605e-16 2.22044605e-16]
2025-12-14 16:50:54,362 - INFO - num_full_subsets = 2
2025-12-14 16:50:54,451 - INFO - phi = [2.22044605e-16 2.22044605e-16 2.22044605e-16 2.22044605e-16]
2025-12-14 16:50:54,499 - INFO - num_full_subsets = 2
2025-12-14 16:50:54,596 - INFO - phi = [2.22044605e-16 2.22044605e-16 2.22044605e-16 2.22044605e-16]
2025-12-14 16:50:54,643 - INFO - num_full_subsets = 2
2025-12-14 16:50:54,732 - INFO - phi = [2.22044605e-16 2.22044605e-16 2.22044605e-16 2.22044605e-16]
2025-12-14 16:50:54,781 - INFO - num_full_subsets = 2
2025-12-14 16:50:54,868 - INFO - phi = [2.22044605e-16 2.22044605e-16 2.22044605e-16 2.22044605e-16]
2025-12-14 16:50:54,914 - INFO - num_full_subsets = 2
2025-12-14 16:50:55,000 - INFO - phi = [2.22044605e-16 2.22044605e-16 2.22044605e-16 2.22044605e-16]
2025-12-14 16:50:55,047 - INFO - num_full_subsets = 2
2025-12-14 16:50:55,138 - INFO - phi = [2.22044605e-16 2.22044605e-16 2.22044605e-16 2.22044605e-16]
2025-12-14 16:50:55,191 - INFO - num_full_subsets = 2
2025-12-14 16:50:55,280 - INFO - phi = [2.22044605e-16 2.22044605e-16 2.22044605e-16 2.22044605e-16]
2025-12-14 16:50:55,327 - INFO - num_full_subsets = 2
2025-12-14 16:50:55,413 - INFO - phi = [2.22044605e-16 2.22044605e-16 2.22044605e-16 2.22044605e-16]
2025-12-14 16:50:55,459 - INFO - num_full_subsets = 2
2025-12-14 16:50:55,548 - INFO - phi = [2.22044605e-16 2.22044605e-16 2.22044605e-16 2.22044605e-16]
2025-12-14 16:50:55,594 - INFO - num_full_subsets = 2
2025-12-14 16:50:55,682 - INFO - phi = [2.22044605e-16 2.22044605e-16 2.22044605e-16 2.22044605e-16]
2025-12-14 16:50:55,728 - INFO - num_full_subsets = 2
2025-12-14 16:50:55,813 - INFO - phi = [2.22044605e-16 2.22044605e-16 2.22044605e-16 2.22044605e-16]
2025-12-14 16:50:55,867 - INFO - num_full_subsets = 2
2025-12-14 16:50:55,952 - INFO - phi = [2.22044605e-16 2.22044605e-16 2.22044605e-16 2.22044605e-16]
2025-12-14 16:50:56,000 - INFO - num_full_subsets = 2
2025-12-14 16:50:56,085 - INFO - phi = [2.22044605e-16 2.22044605e-16 2.22044605e-16 2.22044605e-16]
2025-12-14 16:50:56,134 - INFO - num_full_subsets = 2
2025-12-14 16:50:56,218 - INFO - phi = [2.22044605e-16 2.22044605e-16 2.22044605e-16 2.22044605e-16]
2025-12-14 16:50:56,266 - INFO - num_full_subsets = 2
2025-12-14 16:50:56,356 - INFO - phi = [2.22044605e-16 2.22044605e-16 2.22044605e-16 2.22044605e-16]
2025-12-14 16:50:56,404 - INFO - num_full_subsets = 2
2025-12-14 16:50:56,500 - INFO - phi = [2.22044605e-16 2.22044605e-16 2.22044605e-16 2.22044605e-16]
2025-12-14 16:50:56,548 - INFO - num_full_subsets = 2
2025-12-14 16:50:56,639 - INFO - phi = [2.22044605e-16 2.22044605e-16 2.22044605e-16 2.22044605e-16]
2025-12-14 16:50:56,687 - INFO - num_full_subsets = 2
2025-12-14 16:50:56,776 - INFO - phi = [2.22044605e-16 2.22044605e-16 2.22044605e-16 2.22044605e-16]
2025-12-14 16:50:56,823 - INFO - num_full_subsets = 2
2025-12-14 16:50:56,914 - INFO - phi = [2.22044605e-16 2.22044605e-16 2.22044605e-16 2.22044605e-16]
2025-12-14 16:50:56,961 - INFO - num_full_subsets = 2
2025-12-14 16:50:57,049 - INFO - phi = [2.22044605e-16 2.22044605e-16 2.22044605e-16 2.22044605e-16]
2025-12-14 16:50:57,097 - INFO - num_full_subsets = 2
2025-12-14 16:50:57,189 - INFO - phi = [2.22044605e-16 2.22044605e-16 2.22044605e-16 2.22044605e-16]
2025-12-14 16:50:57,236 - INFO - num_full_subsets = 2
2025-12-14 16:50:57,323 - INFO - phi = [2.22044605e-16 2.22044605e-16 2.22044605e-16 2.22044605e-16]
2025-12-14 16:50:57,371 - INFO - num_full_subsets = 2
2025-12-14 16:50:57,461 - INFO - phi = [2.22044605e-16 2.22044605e-16 2.22044605e-16 2.22044605e-16]
2025-12-14 16:50:57,516 - INFO - num_full_subsets = 2
2025-12-14 16:50:57,608 - INFO - phi = [2.22044605e-16 2.22044605e-16 2.22044605e-16 2.22044605e-16]
2025-12-14 16:50:57,656 - INFO - num_full_subsets = 2
2025-12-14 16:50:57,747 - INFO - phi = [2.22044605e-16 2.22044605e-16 2.22044605e-16 2.22044605e-16]
2025-12-14 16:50:57,795 - INFO - num_full_subsets = 2
2025-12-14 16:50:57,894 - INFO - phi = [2.22044605e-16 2.22044605e-16 2.22044605e-16 2.22044605e-16]
2025-12-14 16:50:57,940 - INFO - num_full_subsets = 2
2025-12-14 16:50:58,032 - INFO - phi = [2.22044605e-16 2.22044605e-16 2.22044605e-16 2.22044605e-16]
2025-12-14 16:50:58,079 - INFO - num_full_subsets = 2
2025-12-14 16:50:58,168 - INFO - phi = [2.22044605e-16 2.22044605e-16 2.22044605e-16 2.22044605e-16]
2025-12-14 16:50:58,215 - INFO - num_full_subsets = 2
2025-12-14 16:50:58,304 - INFO - phi = [2.22044605e-16 2.22044605e-16 2.22044605e-16 2.22044605e-16]
2025-12-14 16:50:58,350 - INFO - num_full_subsets = 2
2025-12-14 16:50:58,439 - INFO - phi = [2.22044605e-16 2.22044605e-16 2.22044605e-16 2.22044605e-16]
2025-12-14 16:50:58,490 - INFO - num_full_subsets = 2
2025-12-14 16:50:58,579 - INFO - phi = [2.22044605e-16 2.22044605e-16 2.22044605e-16 2.22044605e-16]
2025-12-14 16:50:58,624 - INFO - num_full_subsets = 2
2025-12-14 16:50:58,715 - INFO - phi = [2.22044605e-16 2.22044605e-16 2.22044605e-16 2.22044605e-16]
2025-12-14 16:50:58,761 - INFO - num_full_subsets = 2
2025-12-14 16:50:58,856 - INFO - phi = [2.22044605e-16 2.22044605e-16 2.22044605e-16 2.22044605e-16]
2025-12-14 16:50:58,903 - INFO - num_full_subsets = 2
2025-12-14 16:50:58,990 - INFO - phi = [2.22044605e-16 2.22044605e-16 2.22044605e-16 2.22044605e-16]
2025-12-14 16:50:59,036 - INFO - num_full_subsets = 2
2025-12-14 16:50:59,122 - INFO - phi = [2.22044605e-16 2.22044605e-16 2.22044605e-16 2.22044605e-16]
2025-12-14 16:50:59,177 - INFO - num_full_subsets = 2
2025-12-14 16:50:59,264 - INFO - phi = [2.22044605e-16 2.22044605e-16 2.22044605e-16 2.22044605e-16]
2025-12-14 16:50:59,313 - INFO - num_full_subsets = 2
2025-12-14 16:50:59,398 - INFO - phi = [2.22044605e-16 2.22044605e-16 2.22044605e-16 2.22044605e-16]
2025-12-14 16:50:59,445 - INFO - num_full_subsets = 2
2025-12-14 16:50:59,537 - INFO - phi = [2.22044605e-16 2.22044605e-16 2.22044605e-16 2.22044605e-16]
2025-12-14 16:50:59,583 - INFO - num_full_subsets = 2
2025-12-14 16:50:59,675 - INFO - phi = [2.22044605e-16 2.22044605e-16 2.22044605e-16 2.22044605e-16]
2025-12-14 16:50:59,722 - INFO - num_full_subsets = 2
2025-12-14 16:50:59,820 - INFO - phi = [2.22044605e-16 2.22044605e-16 2.22044605e-16 2.22044605e-16]
2025-12-14 16:50:59,867 - INFO - num_full_subsets = 2
2025-12-14 16:50:59,956 - INFO - phi = [2.22044605e-16 2.22044605e-16 2.22044605e-16 2.22044605e-16]
2025-12-14 16:51:00,002 - INFO - num_full_subsets = 2
2025-12-14 16:51:00,093 - INFO - phi = [2.22044605e-16 2.22044605e-16 2.22044605e-16 2.22044605e-16]
2025-12-14 16:51:00,139 - INFO - num_full_subsets = 2
2025-12-14 16:51:00,227 - INFO - phi = [2.22044605e-16 2.22044605e-16 2.22044605e-16 2.22044605e-16]
2025-12-14 16:51:00,273 - INFO - num_full_subsets = 2
2025-12-14 16:51:00,365 - INFO - phi = [2.22044605e-16 2.22044605e-16 2.22044605e-16 2.22044605e-16]
2025-12-14 16:51:00,413 - INFO - num_full_subsets = 2
2025-12-14 16:51:00,508 - INFO - phi = [2.22044605e-16 2.22044605e-16 2.22044605e-16 2.22044605e-16]
2025-12-14 16:51:00,556 - INFO - num_full_subsets = 2
2025-12-14 16:51:00,646 - INFO - phi = [2.22044605e-16 2.22044605e-16 2.22044605e-16 2.22044605e-16]
2025-12-14 16:51:00,693 - INFO - num_full_subsets = 2
2025-12-14 16:51:00,782 - INFO - phi = [2.22044605e-16 2.22044605e-16 2.22044605e-16 2.22044605e-16]
2025-12-14 16:51:00,827 - INFO - num_full_subsets = 2
2025-12-14 16:51:00,915 - INFO - phi = [2.22044605e-16 2.22044605e-16 2.22044605e-16 2.22044605e-16]
2025-12-14 16:51:00,966 - INFO - num_full_subsets = 2
2025-12-14 16:51:01,057 - INFO - phi = [2.22044605e-16 2.22044605e-16 2.22044605e-16 2.22044605e-16]
2025-12-14 16:51:01,102 - INFO - num_full_subsets = 2
2025-12-14 16:51:01,201 - INFO - phi = [2.22044605e-16 2.22044605e-16 2.22044605e-16 2.22044605e-16]
2025-12-14 16:51:01,253 - INFO - num_full_subsets = 2
2025-12-14 16:51:01,345 - INFO - phi = [2.22044605e-16 2.22044605e-16 2.22044605e-16 2.22044605e-16]
2025-12-14 16:51:01,392 - INFO - num_full_subsets = 2
2025-12-14 16:51:01,481 - INFO - phi = [2.22044605e-16 2.22044605e-16 2.22044605e-16 2.22044605e-16]
2025-12-14 16:51:01,527 - INFO - num_full_subsets = 2
2025-12-14 16:51:01,613 - INFO - phi = [2.22044605e-16 2.22044605e-16 2.22044605e-16 2.22044605e-16]
2025-12-14 16:51:01,659 - INFO - num_full_subsets = 2
2025-12-14 16:51:01,745 - INFO - phi = [2.22044605e-16 2.22044605e-16 2.22044605e-16 2.22044605e-16]
2025-12-14 16:51:01,796 - INFO - num_full_subsets = 2
2025-12-14 16:51:01,892 - INFO - phi = [2.22044605e-16 2.22044605e-16 2.22044605e-16 2.22044605e-16]
2025-12-14 16:51:01,938 - INFO - num_full_subsets = 2
2025-12-14 16:51:02,024 - INFO - phi = [2.22044605e-16 2.22044605e-16 2.22044605e-16 2.22044605e-16]
2025-12-14 16:51:02,073 - INFO - num_full_subsets = 2
2025-12-14 16:51:02,162 - INFO - phi = [2.22044605e-16 2.22044605e-16 2.22044605e-16 2.22044605e-16]
2025-12-14 16:51:02,209 - INFO - num_full_subsets = 2
2025-12-14 16:51:02,300 - INFO - phi = [2.22044605e-16 2.22044605e-16 2.22044605e-16 2.22044605e-16]
2025-12-14 16:51:02,346 - INFO - num_full_subsets = 2
2025-12-14 16:51:02,436 - INFO - phi = [2.22044605e-16 2.22044605e-16 2.22044605e-16 2.22044605e-16]
2025-12-14 16:51:02,489 - INFO - num_full_subsets = 2
2025-12-14 16:51:02,584 - INFO - phi = [2.22044605e-16 2.22044605e-16 2.22044605e-16 2.22044605e-16]
2025-12-14 16:51:02,630 - INFO - num_full_subsets = 2
2025-12-14 16:51:02,722 - INFO - phi = [2.22044605e-16 2.22044605e-16 2.22044605e-16 2.22044605e-16]
2025-12-14 16:51:02,767 - INFO - num_full_subsets = 2
2025-12-14 16:51:02,855 - INFO - phi = [2.22044605e-16 2.22044605e-16 2.22044605e-16 2.22044605e-16]
2025-12-14 16:51:02,900 - INFO - num_full_subsets = 2
2025-12-14 16:51:02,989 - INFO - phi = [2.22044605e-16 2.22044605e-16 2.22044605e-16 2.22044605e-16]
2025-12-14 16:51:03,034 - INFO - num_full_subsets = 2
2025-12-14 16:51:03,128 - INFO - phi = [2.22044605e-16 2.22044605e-16 2.22044605e-16 2.22044605e-16]
2025-12-14 16:51:03,174 - INFO - num_full_subsets = 2
2025-12-14 16:51:03,264 - INFO - phi = [2.22044605e-16 2.22044605e-16 2.22044605e-16 2.22044605e-16]
2025-12-14 16:51:03,310 - INFO - num_full_subsets = 2
2025-12-14 16:51:03,403 - INFO - phi = [2.22044605e-16 2.22044605e-16 2.22044605e-16 2.22044605e-16]
2025-12-14 16:51:03,449 - INFO - num_full_subsets = 2
2025-12-14 16:51:03,536 - INFO - phi = [2.22044605e-16 2.22044605e-16 2.22044605e-16 2.22044605e-16]
2025-12-14 16:51:03,586 - INFO - num_full_subsets = 2
2025-12-14 16:51:03,675 - INFO - phi = [2.22044605e-16 2.22044605e-16 2.22044605e-16 2.22044605e-16]
2025-12-14 16:51:03,721 - INFO - num_full_subsets = 2
2025-12-14 16:51:03,819 - INFO - phi = [2.22044605e-16 2.22044605e-16 2.22044605e-16 2.22044605e-16]
2025-12-14 16:51:03,869 - INFO - num_full_subsets = 2
2025-12-14 16:51:03,955 - INFO - phi = [2.22044605e-16 2.22044605e-16 2.22044605e-16 2.22044605e-16]
2025-12-14 16:51:04,001 - INFO - num_full_subsets = 2
2025-12-14 16:51:04,090 - INFO - phi = [2.22044605e-16 2.22044605e-16 2.22044605e-16 2.22044605e-16]
2025-12-14 16:51:04,135 - INFO - num_full_subsets = 2
2025-12-14 16:51:04,224 - INFO - phi = [2.22044605e-16 2.22044605e-16 2.22044605e-16 2.22044605e-16]
2025-12-14 16:51:04,271 - INFO - num_full_subsets = 2
2025-12-14 16:51:04,363 - INFO - phi = [2.22044605e-16 2.22044605e-16 2.22044605e-16 2.22044605e-16]
2025-12-14 16:51:04,408 - INFO - num_full_subsets = 2
2025-12-14 16:51:04,504 - INFO - phi = [2.22044605e-16 2.22044605e-16 2.22044605e-16 2.22044605e-16]
2025-12-14 16:51:04,551 - INFO - num_full_subsets = 2
2025-12-14 16:51:04,641 - INFO - phi = [2.22044605e-16 2.22044605e-16 2.22044605e-16 2.22044605e-16]
2025-12-14 16:51:04,689 - INFO - num_full_subsets = 2
2025-12-14 16:51:04,780 - INFO - phi = [2.22044605e-16 2.22044605e-16 2.22044605e-16 2.22044605e-16]
2025-12-14 16:51:04,825 - INFO - num_full_subsets = 2
2025-12-14 16:51:04,907 - INFO - phi = [2.22044605e-16 2.22044605e-16 2.22044605e-16 2.22044605e-16]
2025-12-14 16:51:04,953 - INFO - num_full_subsets = 2
2025-12-14 16:51:05,040 - INFO - phi = [2.22044605e-16 2.22044605e-16 2.22044605e-16 2.22044605e-16]
2025-12-14 16:51:05,091 - INFO - num_full_subsets = 2
2025-12-14 16:51:05,179 - INFO - phi = [2.22044605e-16 2.22044605e-16 2.22044605e-16 2.22044605e-16]
2025-12-14 16:51:05,226 - INFO - num_full_subsets = 2
2025-12-14 16:51:05,313 - INFO - phi = [2.22044605e-16 2.22044605e-16 2.22044605e-16 2.22044605e-16]
2025-12-14 16:51:05,360 - INFO - num_full_subsets = 2
2025-12-14 16:51:05,453 - INFO - phi = [2.22044605e-16 2.22044605e-16 2.22044605e-16 2.22044605e-16]
2025-12-14 16:51:05,499 - INFO - num_full_subsets = 2
2025-12-14 16:51:05,588 - INFO - phi = [2.22044605e-16 2.22044605e-16 2.22044605e-16 2.22044605e-16]
2025-12-14 16:51:05,634 - INFO - num_full_subsets = 2
2025-12-14 16:51:05,726 - INFO - phi = [2.22044605e-16 2.22044605e-16 2.22044605e-16 2.22044605e-16]
2025-12-14 16:51:05,779 - INFO - num_full_subsets = 2
2025-12-14 16:51:05,870 - INFO - phi = [2.22044605e-16 2.22044605e-16 2.22044605e-16 2.22044605e-16]
2025-12-14 16:51:05,915 - INFO - num_full_subsets = 2
2025-12-14 16:51:06,006 - INFO - phi = [2.22044605e-16 2.22044605e-16 2.22044605e-16 2.22044605e-16]
2025-12-14 16:51:06,052 - INFO - num_full_subsets = 2
2025-12-14 16:51:06,144 - INFO - phi = [2.22044605e-16 2.22044605e-16 2.22044605e-16 2.22044605e-16]
2025-12-14 16:51:06,189 - INFO - num_full_subsets = 2
2025-12-14 16:51:06,275 - INFO - phi = [2.22044605e-16 2.22044605e-16 2.22044605e-16 2.22044605e-16]
2025-12-14 16:51:06,324 - INFO - num_full_subsets = 2
2025-12-14 16:51:06,424 - INFO - phi = [2.22044605e-16 2.22044605e-16 2.22044605e-16 2.22044605e-16]
2025-12-14 16:51:06,470 - INFO - num_full_subsets = 2
2025-12-14 16:51:06,560 - INFO - phi = [2.22044605e-16 2.22044605e-16 2.22044605e-16 2.22044605e-16]
2025-12-14 16:51:06,606 - INFO - num_full_subsets = 2
2025-12-14 16:51:06,694 - INFO - phi = [2.22044605e-16 2.22044605e-16 2.22044605e-16 2.22044605e-16]
2025-12-14 16:51:07,202 - INFO - Computing feature importance...
2025-12-14 16:51:14,939 - INFO - Experiment completed for CNN
2025-12-14 16:51:14,939 - INFO - Total time: 220.72s (3.68 min)
2025-12-14 16:51:14,939 - INFO - Starting comprehensive experiment for CNN
2025-12-14 16:51:22,950 - INFO - Performing feature analysis...
2025-12-14 16:51:24,131 - INFO - Model justification: Fast 1D Convolutional Neural Network - perfect for tabular features with local patterns
2025-12-14 16:51:24,131 - INFO - Performing robust cross-validation...
2025-12-14 16:51:40,827 - INFO - CV Results - MSE: 2.2516 ± 0.4529
2025-12-14 16:51:40,827 - INFO - Starting hyperparameter optimization...
2025-12-14 16:54:34,678 - INFO - Best parameters for CNN: {'filters': 39, 'kernel_size': 3, 'dense_units': 54, 'lr': 0.040663446674779447, 'epochs': 70}
2025-12-14 16:54:34,678 - INFO - ⏱️ HPO took 173.85 seconds
2025-12-14 16:54:34,678 - INFO - Training final model...
2025-12-14 16:54:37,445 - INFO - ⏱️ Training took 2.77 seconds
2025-12-14 16:54:37,445 - INFO - Performing residual analysis...
2025-12-14 16:54:38,498 - INFO - Generating XAI explanations...
2025-12-14 16:54:38,533 - WARNING - Using 168 background data samples could cause slower run times. Consider using shap.sample(data, K) or shap.kmeans(data, K) to summarize the background as K samples.
2025-12-14 16:54:38,578 - INFO - num_full_subsets = 2
2025-12-14 16:54:38,663 - INFO - phi = [-0.03124603  0.61267146 -0.13705672 -0.52645171]
2025-12-14 16:54:38,708 - INFO - num_full_subsets = 2
2025-12-14 16:54:38,798 - INFO - phi = [-0.31683088 -1.23438107 -0.01640715 -0.2187562 ]
2025-12-14 16:54:38,843 - INFO - num_full_subsets = 2
2025-12-14 16:54:38,930 - INFO - phi = [-0.248563   -1.44679816 -0.21216419  0.166526  ]
2025-12-14 16:54:38,975 - INFO - num_full_subsets = 2
2025-12-14 16:54:39,062 - INFO - phi = [-0.30119209 -1.33107383 -0.11738131 -0.00615029]
2025-12-14 16:54:39,107 - INFO - num_full_subsets = 2
2025-12-14 16:54:39,193 - INFO - phi = [ 0.3301891   0.19670128  0.018724   -0.47859422]
2025-12-14 16:54:39,237 - INFO - num_full_subsets = 2
2025-12-14 16:54:39,319 - INFO - phi = [-0.25098936 -1.48956398 -0.18773538  0.16450454]
2025-12-14 16:54:39,369 - INFO - num_full_subsets = 2
2025-12-14 16:54:39,451 - INFO - phi = [ 0.43380577  0.19606853 -0.15908639  0.37899144]
2025-12-14 16:54:39,495 - INFO - num_full_subsets = 2
2025-12-14 16:54:39,581 - INFO - phi = [-0.29503214 -1.58026031 -0.07625964  0.11860948]
2025-12-14 16:54:39,625 - INFO - num_full_subsets = 2
2025-12-14 16:54:39,705 - INFO - phi = [-0.10670921  0.78741937  0.22671367  0.37668599]
2025-12-14 16:54:39,749 - INFO - num_full_subsets = 2
2025-12-14 16:54:39,833 - INFO - phi = [-0.15288832  0.76468551  0.33924621  0.52735896]
2025-12-14 16:54:39,877 - INFO - num_full_subsets = 2
2025-12-14 16:54:39,970 - INFO - phi = [ 0.83123407 -0.58378331  0.16875673 -0.46530146]
2025-12-14 16:54:40,015 - INFO - num_full_subsets = 2
2025-12-14 16:54:40,101 - INFO - phi = [-0.1075953  -0.76570594 -0.22187692 -0.05525242]
2025-12-14 16:54:40,145 - INFO - num_full_subsets = 2
2025-12-14 16:54:40,232 - INFO - phi = [ 0.36314329 -0.12582694  0.04911008 -0.36582389]
2025-12-14 16:54:40,276 - INFO - num_full_subsets = 2
2025-12-14 16:54:40,359 - INFO - phi = [-0.07998644  0.30138217 -0.24192844  0.2948278 ]
2025-12-14 16:54:40,404 - INFO - num_full_subsets = 2
2025-12-14 16:54:40,488 - INFO - phi = [-0.26600132 -0.0244585  -0.12368738 -0.71598215]
2025-12-14 16:54:40,533 - INFO - num_full_subsets = 2
2025-12-14 16:54:40,623 - INFO - phi = [ 0.42063221  0.25269453 -0.2195992   0.29558223]
2025-12-14 16:54:40,669 - INFO - num_full_subsets = 2
2025-12-14 16:54:40,751 - INFO - phi = [-0.26482013 -1.33659815  0.01004185 -0.27045643]
2025-12-14 16:54:40,796 - INFO - num_full_subsets = 2
2025-12-14 16:54:40,879 - INFO - phi = [-0.10801595  0.5736257   0.07043907 -0.51026171]
2025-12-14 16:54:40,923 - INFO - num_full_subsets = 2
2025-12-14 16:54:41,005 - INFO - phi = [-0.30762012 -1.27696053 -0.11524107 -0.09420395]
2025-12-14 16:54:41,049 - INFO - num_full_subsets = 2
2025-12-14 16:54:41,132 - INFO - phi = [ 0.07679507  1.22137948 -0.03342307  0.05057878]
2025-12-14 16:54:41,182 - INFO - num_full_subsets = 2
2025-12-14 16:54:41,268 - INFO - phi = [-0.00134157  0.77825326 -0.23367602 -0.03561082]
2025-12-14 16:54:41,313 - INFO - num_full_subsets = 2
2025-12-14 16:54:41,400 - INFO - phi = [-0.28036449 -1.2704542  -0.01518122 -0.39884314]
2025-12-14 16:54:41,443 - INFO - num_full_subsets = 2
2025-12-14 16:54:41,529 - INFO - phi = [ 0.0430969   0.34132437 -0.45465516  0.26553471]
2025-12-14 16:54:41,573 - INFO - num_full_subsets = 2
2025-12-14 16:54:41,660 - INFO - phi = [-0.03288259  0.06134572  0.05027759 -0.31791057]
2025-12-14 16:54:41,703 - INFO - num_full_subsets = 2
2025-12-14 16:54:41,786 - INFO - phi = [-0.29213605 -1.18061903 -0.07918635 -0.3438072 ]
2025-12-14 16:54:41,836 - INFO - num_full_subsets = 2
2025-12-14 16:54:41,922 - INFO - phi = [ 0.2455454   0.52624125  0.14889941 -0.67523676]
2025-12-14 16:54:41,967 - INFO - num_full_subsets = 2
2025-12-14 16:54:42,049 - INFO - phi = [-0.09904664  1.02972515  0.35363468  0.37994647]
2025-12-14 16:54:42,097 - INFO - num_full_subsets = 2
2025-12-14 16:54:42,189 - INFO - phi = [-0.08262147  2.26790845  0.17347128 -0.46463019]
2025-12-14 16:54:42,238 - INFO - num_full_subsets = 2
2025-12-14 16:54:42,323 - INFO - phi = [ 0.30221396  0.10117797 -0.24539307  0.31762307]
2025-12-14 16:54:42,368 - INFO - num_full_subsets = 2
2025-12-14 16:54:42,460 - INFO - phi = [-0.24863318 -0.81193998  0.0767587  -0.48906568]
2025-12-14 16:54:42,509 - INFO - num_full_subsets = 2
2025-12-14 16:54:42,601 - INFO - phi = [-0.28516425 -1.07583771 -0.02016545 -0.51008846]
2025-12-14 16:54:42,650 - INFO - num_full_subsets = 2
2025-12-14 16:54:42,739 - INFO - phi = [-0.13531454  0.65485842  0.39004059  0.49794798]
2025-12-14 16:54:42,786 - INFO - num_full_subsets = 2
2025-12-14 16:54:42,873 - INFO - phi = [ 0.49655604  0.69173507 -0.04714889  0.32726516]
2025-12-14 16:54:42,921 - INFO - num_full_subsets = 2
2025-12-14 16:54:43,011 - INFO - phi = [-0.27606052 -1.2579401  -0.10349612  0.29084422]
2025-12-14 16:54:43,059 - INFO - num_full_subsets = 2
2025-12-14 16:54:43,151 - INFO - phi = [-0.15195615  1.04935857  0.09579996  0.52772766]
2025-12-14 16:54:43,198 - INFO - num_full_subsets = 2
2025-12-14 16:54:43,284 - INFO - phi = [ 0.49076151  0.86509487 -0.2206194   0.38657615]
2025-12-14 16:54:43,332 - INFO - num_full_subsets = 2
2025-12-14 16:54:43,421 - INFO - phi = [-0.28561577 -0.28578423  0.15705518  0.39377955]
2025-12-14 16:54:43,465 - INFO - num_full_subsets = 2
2025-12-14 16:54:43,554 - INFO - phi = [-0.25407556 -1.16535589  0.08104323  0.26849961]
2025-12-14 16:54:43,605 - INFO - num_full_subsets = 2
2025-12-14 16:54:43,694 - INFO - phi = [-0.32694778 -0.92195209  0.36639179  0.42470649]
2025-12-14 16:54:43,741 - INFO - num_full_subsets = 2
2025-12-14 16:54:43,832 - INFO - phi = [ 0.23634577  0.62189069  0.1950374  -0.50089784]
2025-12-14 16:54:43,881 - INFO - num_full_subsets = 2
2025-12-14 16:54:43,964 - INFO - phi = [0.37674212 0.23931905 0.06071762 0.00923323]
2025-12-14 16:54:44,011 - INFO - num_full_subsets = 2
2025-12-14 16:54:44,107 - INFO - phi = [-0.1960815   0.24797795  0.4147062   0.46674147]
2025-12-14 16:54:44,155 - INFO - num_full_subsets = 2
2025-12-14 16:54:44,244 - INFO - phi = [-0.04797662  0.84482621 -0.24367885  0.30709283]
2025-12-14 16:54:44,290 - INFO - num_full_subsets = 2
2025-12-14 16:54:44,378 - INFO - phi = [-0.3025347  -0.89164499 -0.2369879  -0.21764233]
2025-12-14 16:54:44,432 - INFO - num_full_subsets = 2
2025-12-14 16:54:44,522 - INFO - phi = [-0.29972148 -1.11623688 -0.00531678 -0.48797251]
2025-12-14 16:54:44,568 - INFO - num_full_subsets = 2
2025-12-14 16:54:44,658 - INFO - phi = [-0.17585402  0.46054956 -0.38833855  0.27203018]
2025-12-14 16:54:44,706 - INFO - num_full_subsets = 2
2025-12-14 16:54:44,798 - INFO - phi = [-0.32513405 -1.53331211  0.06483171  0.16685765]
2025-12-14 16:54:44,844 - INFO - num_full_subsets = 2
2025-12-14 16:54:44,930 - INFO - phi = [-0.12438105 -0.38430632 -0.09202286  0.24296767]
2025-12-14 16:54:45,000 - INFO - num_full_subsets = 2
2025-12-14 16:54:45,092 - INFO - phi = [-0.05305567  0.14592859 -0.20708653  0.31201399]
2025-12-14 16:54:45,146 - INFO - num_full_subsets = 2
2025-12-14 16:54:45,237 - INFO - phi = [ 0.13305625  0.91277874 -0.18460856  0.33546769]
2025-12-14 16:54:45,284 - INFO - num_full_subsets = 2
2025-12-14 16:54:45,375 - INFO - phi = [-0.15595846 -0.60254036  0.27042193 -0.43723923]
2025-12-14 16:54:45,424 - INFO - num_full_subsets = 2
2025-12-14 16:54:45,514 - INFO - phi = [0.49226665 0.66072243 0.04445909 0.40863258]
2025-12-14 16:54:45,561 - INFO - num_full_subsets = 2
2025-12-14 16:54:45,648 - INFO - phi = [0.5215217  1.1466763  0.2692993  0.58713586]
2025-12-14 16:54:45,695 - INFO - num_full_subsets = 2
2025-12-14 16:54:45,789 - INFO - phi = [-0.29205729 -1.39593479 -0.23506416  0.141842  ]
2025-12-14 16:54:45,838 - INFO - num_full_subsets = 2
2025-12-14 16:54:45,935 - INFO - phi = [ 0.35834966 -0.14203515 -0.23441276  0.305071  ]
2025-12-14 16:54:45,983 - INFO - num_full_subsets = 2
2025-12-14 16:54:46,081 - INFO - phi = [-0.21083029 -0.29448788 -0.10795325 -0.41828115]
2025-12-14 16:54:46,128 - INFO - num_full_subsets = 2
2025-12-14 16:54:46,217 - INFO - phi = [1.09079286 0.8065386  0.0433114  0.23257513]
2025-12-14 16:54:46,272 - INFO - num_full_subsets = 2
2025-12-14 16:54:46,363 - INFO - phi = [-0.17868603  0.88092321 -0.10977361  0.44471089]
2025-12-14 16:54:46,409 - INFO - num_full_subsets = 2
2025-12-14 16:54:46,501 - INFO - phi = [0.57472311 0.24806282 0.2399121  0.46071347]
2025-12-14 16:54:46,548 - INFO - num_full_subsets = 2
2025-12-14 16:54:46,638 - INFO - phi = [-0.09217007  0.47731288 -0.0927113   0.28803308]
2025-12-14 16:54:46,765 - INFO - num_full_subsets = 2
2025-12-14 16:54:47,024 - INFO - phi = [-0.34188805 -1.12931913 -0.01373673 -0.30739148]
2025-12-14 16:54:47,094 - INFO - num_full_subsets = 2
2025-12-14 16:54:47,189 - INFO - phi = [-0.05525511  0.81323103  0.02531312  0.33181062]
2025-12-14 16:54:47,235 - INFO - num_full_subsets = 2
2025-12-14 16:54:47,321 - INFO - phi = [-0.28647865 -1.1422051   0.00376011 -0.40997794]
2025-12-14 16:54:47,368 - INFO - num_full_subsets = 2
2025-12-14 16:54:47,460 - INFO - phi = [-0.18961752 -0.73230362  0.38343598 -0.37717357]
2025-12-14 16:54:47,508 - INFO - num_full_subsets = 2
2025-12-14 16:54:47,597 - INFO - phi = [-0.03087005  1.22922045  0.296045    0.56176241]
2025-12-14 16:54:47,642 - INFO - num_full_subsets = 2
2025-12-14 16:54:47,729 - INFO - phi = [ 0.02646863  0.89279336 -0.15133727  0.31539613]
2025-12-14 16:54:47,774 - INFO - num_full_subsets = 2
2025-12-14 16:54:47,859 - INFO - phi = [-0.08009572  0.77158585  0.06562539 -0.79630415]
2025-12-14 16:54:47,903 - INFO - num_full_subsets = 2
2025-12-14 16:54:47,992 - INFO - phi = [ 0.09742981  0.78216293 -0.13756536  0.41607918]
2025-12-14 16:54:48,057 - INFO - num_full_subsets = 2
2025-12-14 16:54:48,151 - INFO - phi = [-0.28815203 -0.9964742  -0.01357033 -0.44450403]
2025-12-14 16:54:48,216 - INFO - num_full_subsets = 2
2025-12-14 16:54:48,310 - INFO - phi = [-0.26507891 -0.78087076 -0.01887641 -0.28267735]
2025-12-14 16:54:48,355 - INFO - num_full_subsets = 2
2025-12-14 16:54:48,443 - INFO - phi = [0.41024066 0.54477425 0.21068029 0.41973612]
2025-12-14 16:54:48,489 - INFO - num_full_subsets = 2
2025-12-14 16:54:48,574 - INFO - phi = [-0.0918997   0.19083908 -0.10573659 -0.09250294]
2025-12-14 16:54:48,619 - INFO - num_full_subsets = 2
2025-12-14 16:54:48,704 - INFO - phi = [-0.24900022 -1.23246489 -0.09903717 -0.26230812]
2025-12-14 16:54:48,758 - INFO - num_full_subsets = 2
2025-12-14 16:54:48,848 - INFO - phi = [-0.06313689  0.55640059 -0.27119046 -0.44939941]
2025-12-14 16:54:48,897 - INFO - num_full_subsets = 2
2025-12-14 16:54:48,989 - INFO - phi = [0.29668228 0.8197651  0.2949273  0.44346487]
2025-12-14 16:54:49,035 - INFO - num_full_subsets = 2
2025-12-14 16:54:49,124 - INFO - phi = [-0.28398425 -1.22460203 -0.0729889  -0.31814026]
2025-12-14 16:54:49,171 - INFO - num_full_subsets = 2
2025-12-14 16:54:49,263 - INFO - phi = [-0.12577988  0.88520785  0.34368057  0.46854696]
2025-12-14 16:54:49,310 - INFO - num_full_subsets = 2
2025-12-14 16:54:49,406 - INFO - phi = [-2.83348145e-01 -1.09633074e+00 -9.62066982e-04 -4.34404778e-01]
2025-12-14 16:54:49,453 - INFO - num_full_subsets = 2
2025-12-14 16:54:49,534 - INFO - phi = [ 0.39235238  0.64335326  0.16602551 -0.78913517]
2025-12-14 16:54:49,579 - INFO - num_full_subsets = 2
2025-12-14 16:54:49,664 - INFO - phi = [ 0.11919363  0.38849763 -0.07762434 -0.53252516]
2025-12-14 16:54:49,709 - INFO - num_full_subsets = 2
2025-12-14 16:54:49,792 - INFO - phi = [-0.20590282  0.40532674 -0.4102466  -0.05138032]
2025-12-14 16:54:49,836 - INFO - num_full_subsets = 2
2025-12-14 16:54:49,919 - INFO - phi = [-0.16447197 -0.54448428  0.24789039 -0.47906987]
2025-12-14 16:54:49,963 - INFO - num_full_subsets = 2
2025-12-14 16:54:50,051 - INFO - phi = [-0.08812136  0.98948558  0.0956321   0.34683736]
2025-12-14 16:54:50,096 - INFO - num_full_subsets = 2
2025-12-14 16:54:50,180 - INFO - phi = [-0.22695758 -0.91776508  0.17079387 -0.47737018]
2025-12-14 16:54:50,245 - INFO - num_full_subsets = 2
2025-12-14 16:54:50,335 - INFO - phi = [ 0.30644635  0.41391225  0.24098316 -0.45085303]
2025-12-14 16:54:50,381 - INFO - num_full_subsets = 2
2025-12-14 16:54:50,472 - INFO - phi = [-0.26373678 -1.43555542 -0.17052269  0.17794991]
2025-12-14 16:54:50,519 - INFO - num_full_subsets = 2
2025-12-14 16:54:50,605 - INFO - phi = [-0.32434309 -0.45734144  0.22657253 -0.16850866]
2025-12-14 16:54:50,652 - INFO - num_full_subsets = 2
2025-12-14 16:54:50,744 - INFO - phi = [-0.10992436  0.07993535 -0.14496003  0.33020459]
2025-12-14 16:54:50,791 - INFO - num_full_subsets = 2
2025-12-14 16:54:50,892 - INFO - phi = [-0.32745507 -1.19947179 -0.01087032 -0.42704587]
2025-12-14 16:54:50,937 - INFO - num_full_subsets = 2
2025-12-14 16:54:51,021 - INFO - phi = [-0.07278825  1.22437943 -0.05560716  0.13119097]
2025-12-14 16:54:51,066 - INFO - num_full_subsets = 2
2025-12-14 16:54:51,153 - INFO - phi = [ 0.24831896  0.75601994 -0.15168845  0.31013722]
2025-12-14 16:54:51,197 - INFO - num_full_subsets = 2
2025-12-14 16:54:51,290 - INFO - phi = [0.64350934 0.3249056  0.55096798 0.27984693]
2025-12-14 16:54:51,344 - INFO - num_full_subsets = 2
2025-12-14 16:54:51,435 - INFO - phi = [ 0.22743777  0.58497079  0.09773818 -0.75024918]
2025-12-14 16:54:51,483 - INFO - num_full_subsets = 2
2025-12-14 16:54:51,572 - INFO - phi = [-0.26481483 -1.23634833 -0.13005741 -0.22712256]
2025-12-14 16:54:51,621 - INFO - num_full_subsets = 2
2025-12-14 16:54:51,711 - INFO - phi = [-0.21256474  0.34723919 -0.45781673  0.0597882 ]
2025-12-14 16:54:51,755 - INFO - num_full_subsets = 2
2025-12-14 16:54:51,837 - INFO - phi = [-0.17404334  0.33142496 -0.07458865 -0.48380659]
2025-12-14 16:54:51,881 - INFO - num_full_subsets = 2
2025-12-14 16:54:51,970 - INFO - phi = [0.24663468 1.22162656 0.21250884 0.58057361]
2025-12-14 16:54:52,019 - INFO - num_full_subsets = 2
2025-12-14 16:54:52,105 - INFO - phi = [ 0.33375479  0.72334831 -0.1039653   0.42047103]
2025-12-14 16:54:52,151 - INFO - num_full_subsets = 2
2025-12-14 16:54:52,237 - INFO - phi = [0.09290076 1.39498917 0.31144141 0.58776338]
2025-12-14 16:54:52,281 - INFO - num_full_subsets = 2
2025-12-14 16:54:52,370 - INFO - phi = [ 0.30866511  0.64045597  0.0653279  -0.14213096]
2025-12-14 16:54:52,421 - INFO - num_full_subsets = 2
2025-12-14 16:54:52,509 - INFO - phi = [ 0.65713185 -0.04679382  0.43350131  0.3211473 ]
2025-12-14 16:54:52,555 - INFO - num_full_subsets = 2
2025-12-14 16:54:52,652 - INFO - phi = [-0.14120153  0.61471537  0.3370994   0.40525689]
2025-12-14 16:54:52,698 - INFO - num_full_subsets = 2
2025-12-14 16:54:52,785 - INFO - phi = [ 0.20164937  0.54480773  0.0324877  -0.42418965]
2025-12-14 16:54:52,831 - INFO - num_full_subsets = 2
2025-12-14 16:54:52,914 - INFO - phi = [ 0.34412052  0.27615825  0.17564594 -0.68807441]
2025-12-14 16:54:52,959 - INFO - num_full_subsets = 2
2025-12-14 16:54:53,044 - INFO - phi = [ 0.54415539  0.88087861 -0.36151545  0.35569449]
2025-12-14 16:54:53,087 - INFO - num_full_subsets = 2
2025-12-14 16:54:53,167 - INFO - phi = [-0.26168038 -1.17294394  0.06734621 -0.47635197]
2025-12-14 16:54:53,213 - INFO - num_full_subsets = 2
2025-12-14 16:54:53,307 - INFO - phi = [-0.29884644 -1.50470528  0.10827021  0.24929284]
2025-12-14 16:54:53,354 - INFO - num_full_subsets = 2
2025-12-14 16:54:53,444 - INFO - phi = [-0.27109331 -1.31009696 -0.15980786 -0.13516942]
2025-12-14 16:54:53,489 - INFO - num_full_subsets = 2
2025-12-14 16:54:53,575 - INFO - phi = [-0.05339724  0.51457184 -0.18792545  0.25015759]
2025-12-14 16:54:53,620 - INFO - num_full_subsets = 2
2025-12-14 16:54:53,703 - INFO - phi = [ 0.55939986 -0.16511159 -0.14734036  0.21681461]
2025-12-14 16:54:53,747 - INFO - num_full_subsets = 2
2025-12-14 16:54:53,836 - INFO - phi = [ 0.44334084  0.4534986  -0.1599637   0.25078633]
2025-12-14 16:54:53,880 - INFO - num_full_subsets = 2
2025-12-14 16:54:53,972 - INFO - phi = [-0.27437122 -1.44464505 -0.19615805  0.15674239]
2025-12-14 16:54:54,018 - INFO - num_full_subsets = 2
2025-12-14 16:54:54,103 - INFO - phi = [ 0.23188059  0.51099272  0.02241695 -0.56686379]
2025-12-14 16:54:54,147 - INFO - num_full_subsets = 2
2025-12-14 16:54:54,229 - INFO - phi = [-0.07821084  1.26212608 -0.13803222  0.31984225]
2025-12-14 16:54:54,273 - INFO - num_full_subsets = 2
2025-12-14 16:54:54,353 - INFO - phi = [ 0.35334685  0.65783695  0.15942044 -0.83115794]
2025-12-14 16:54:54,396 - INFO - num_full_subsets = 2
2025-12-14 16:54:54,477 - INFO - phi = [-0.27586286 -0.97214539 -0.17420245 -0.18410456]
2025-12-14 16:54:54,525 - INFO - num_full_subsets = 2
2025-12-14 16:54:54,611 - INFO - phi = [-0.10422275  0.39133368 -0.03625033  0.01231272]
2025-12-14 16:54:54,655 - INFO - num_full_subsets = 2
2025-12-14 16:54:54,743 - INFO - phi = [-0.30505684 -1.09989925  0.01757778 -0.48481861]
2025-12-14 16:54:54,787 - INFO - num_full_subsets = 2
2025-12-14 16:54:54,873 - INFO - phi = [2.86811800e-01 9.48336254e-01 2.09862869e-04 2.97988009e-01]
2025-12-14 16:54:54,918 - INFO - num_full_subsets = 2
2025-12-14 16:54:55,006 - INFO - phi = [-0.22943438 -1.48554899  0.15410162  0.30261064]
2025-12-14 16:54:55,050 - INFO - num_full_subsets = 2
2025-12-14 16:54:55,133 - INFO - phi = [-0.09686334  0.75725323 -0.06369779  0.05289909]
2025-12-14 16:54:55,196 - INFO - num_full_subsets = 2
2025-12-14 16:54:55,287 - INFO - phi = [-0.27555359 -1.14503628 -0.17162716  0.00297932]
2025-12-14 16:54:55,331 - INFO - num_full_subsets = 2
2025-12-14 16:54:55,419 - INFO - phi = [-0.12984759  0.83153356  0.41472933  0.48834796]
2025-12-14 16:54:55,463 - INFO - num_full_subsets = 2
2025-12-14 16:54:55,547 - INFO - phi = [0.34700659 0.9237189  0.2265495  0.42425929]
2025-12-14 16:54:55,591 - INFO - num_full_subsets = 2
2025-12-14 16:54:55,679 - INFO - phi = [-0.29852191 -1.20835356 -0.10927852 -0.18448541]
2025-12-14 16:54:55,723 - INFO - num_full_subsets = 2
2025-12-14 16:54:55,812 - INFO - phi = [-0.11018725 -0.12115714  0.07689254 -0.38517476]
2025-12-14 16:54:55,858 - INFO - num_full_subsets = 2
2025-12-14 16:54:55,968 - INFO - phi = [-0.28557322 -1.42619136 -0.19621137  0.13783695]
2025-12-14 16:54:56,012 - INFO - num_full_subsets = 2
2025-12-14 16:54:56,094 - INFO - phi = [-0.22805924 -0.84258729  0.23600027 -0.31198047]
2025-12-14 16:54:56,138 - INFO - num_full_subsets = 2
2025-12-14 16:54:56,219 - INFO - phi = [-0.04981994  0.66261138 -0.18666826 -0.01196318]
2025-12-14 16:54:56,264 - INFO - num_full_subsets = 2
2025-12-14 16:54:56,351 - INFO - phi = [ 0.10274088  0.4149222  -0.041767    0.15301469]
2025-12-14 16:54:56,394 - INFO - num_full_subsets = 2
2025-12-14 16:54:56,481 - INFO - phi = [-0.26482013 -1.33659815  0.01004185 -0.27045643]
2025-12-14 16:54:56,524 - INFO - num_full_subsets = 2
2025-12-14 16:54:56,611 - INFO - phi = [0.3518181  1.06274409 0.18741543 0.57848545]
2025-12-14 16:54:56,656 - INFO - num_full_subsets = 2
2025-12-14 16:54:56,741 - INFO - phi = [-0.11492987  0.70661761  0.00146293  0.4584524 ]
2025-12-14 16:54:56,786 - INFO - num_full_subsets = 2
2025-12-14 16:54:56,867 - INFO - phi = [-0.26968045 -1.14443212 -0.19373415 -0.03072003]
2025-12-14 16:54:56,911 - INFO - num_full_subsets = 2
2025-12-14 16:54:56,998 - INFO - phi = [ 0.52618547 -0.09432094  0.03932747 -0.47097386]
2025-12-14 16:54:57,043 - INFO - num_full_subsets = 2
2025-12-14 16:54:57,135 - INFO - phi = [ 0.27540996  0.69803881 -0.41479024  0.31079703]
2025-12-14 16:54:57,180 - INFO - num_full_subsets = 2
2025-12-14 16:54:57,268 - INFO - phi = [-0.20439365  0.65775358 -0.09453373 -0.58604364]
2025-12-14 16:54:57,312 - INFO - num_full_subsets = 2
2025-12-14 16:54:57,392 - INFO - phi = [0.36420654 0.628018   0.3771309  0.46189545]
2025-12-14 16:54:57,436 - INFO - num_full_subsets = 2
2025-12-14 16:54:57,521 - INFO - phi = [ 0.25410376  0.48975095  0.08785448 -0.6802569 ]
2025-12-14 16:54:57,567 - INFO - num_full_subsets = 2
2025-12-14 16:54:57,652 - INFO - phi = [-0.35683581 -1.10116276 -0.02185229 -0.44691674]
2025-12-14 16:54:57,703 - INFO - num_full_subsets = 2
2025-12-14 16:54:57,790 - INFO - phi = [ 0.29683644  1.27282259 -0.08261774  0.38389581]
2025-12-14 16:54:57,835 - INFO - num_full_subsets = 2
2025-12-14 16:54:57,923 - INFO - phi = [-0.14330566 -0.16436189 -0.07444729 -0.18807583]
2025-12-14 16:54:57,967 - INFO - num_full_subsets = 2
2025-12-14 16:54:58,053 - INFO - phi = [ 0.0332322   1.1542919  -0.11462591  0.35560363]
2025-12-14 16:54:58,097 - INFO - num_full_subsets = 2
2025-12-14 16:54:58,183 - INFO - phi = [0.51027876 1.09220709 0.31478479 0.57167029]
2025-12-14 16:54:58,229 - INFO - num_full_subsets = 2
2025-12-14 16:54:58,315 - INFO - phi = [ 0.52719193  0.87557817 -0.31917595  0.25845043]
2025-12-14 16:54:58,370 - INFO - num_full_subsets = 2
2025-12-14 16:54:58,459 - INFO - phi = [ 0.12666599 -0.09928851 -0.19778797 -0.35715071]
2025-12-14 16:54:58,508 - INFO - num_full_subsets = 2
2025-12-14 16:54:58,597 - INFO - phi = [-0.04156519  0.51964668 -0.07118643  0.28136429]
2025-12-14 16:54:58,648 - INFO - num_full_subsets = 2
2025-12-14 16:54:58,740 - INFO - phi = [ 0.36204131  0.39522583  0.26521496 -0.52272315]
2025-12-14 16:54:58,790 - INFO - num_full_subsets = 2
2025-12-14 16:54:58,883 - INFO - phi = [-0.3205465  -1.29625066 -0.02311048 -0.06660339]
2025-12-14 16:54:58,929 - INFO - num_full_subsets = 2
2025-12-14 16:54:59,024 - INFO - phi = [ 0.10746063  0.13558146 -0.28025498 -0.26415178]
2025-12-14 16:54:59,070 - INFO - num_full_subsets = 2
2025-12-14 16:54:59,153 - INFO - phi = [-0.08488067  1.1314488   0.49984313  0.45655537]
2025-12-14 16:54:59,199 - INFO - num_full_subsets = 2
2025-12-14 16:54:59,286 - INFO - phi = [-0.30366589 -1.21426005 -0.00329269 -0.44362442]
2025-12-14 16:54:59,345 - INFO - num_full_subsets = 2
2025-12-14 16:54:59,436 - INFO - phi = [ 0.57937938  0.27624944  0.06703211 -0.73834979]
2025-12-14 16:54:59,484 - INFO - num_full_subsets = 2
2025-12-14 16:54:59,573 - INFO - phi = [-0.14702922  0.4809758  -0.47114622  0.23889731]
2025-12-14 16:54:59,633 - INFO - num_full_subsets = 2
2025-12-14 16:54:59,728 - INFO - phi = [-0.26752631 -1.17497097 -0.13602384 -0.20643832]
2025-12-14 16:54:59,774 - INFO - num_full_subsets = 2
2025-12-14 16:54:59,862 - INFO - phi = [0.37441321 0.63403119 0.02238409 0.51175663]
2025-12-14 16:54:59,907 - INFO - num_full_subsets = 2
2025-12-14 16:55:00,000 - INFO - phi = [-0.11859042  0.58769446 -0.10327782  0.32042135]
2025-12-14 16:55:00,045 - INFO - num_full_subsets = 2
2025-12-14 16:55:00,130 - INFO - phi = [-0.30197921 -1.12511913  0.02879199 -0.41524413]
2025-12-14 16:55:00,174 - INFO - num_full_subsets = 2
2025-12-14 16:55:00,259 - INFO - phi = [ 0.31225185  1.21652391 -0.11883976  0.36094635]
2025-12-14 16:55:00,303 - INFO - num_full_subsets = 2
2025-12-14 16:55:00,393 - INFO - phi = [-0.04015714  0.79188987 -0.18633099  0.23719697]
2025-12-14 16:55:00,437 - INFO - num_full_subsets = 2
2025-12-14 16:55:00,522 - INFO - phi = [-0.23906349 -1.34421615 -0.2217075  -0.07115751]
2025-12-14 16:55:00,566 - INFO - num_full_subsets = 2
2025-12-14 16:55:00,652 - INFO - phi = [-0.05419629  0.5257261  -0.13337463  0.25846083]
2025-12-14 16:55:00,695 - INFO - num_full_subsets = 2
2025-12-14 16:55:00,796 - INFO - phi = [ 0.14576582  0.34009614 -0.02073012  0.12484852]
2025-12-14 16:55:00,843 - INFO - num_full_subsets = 2
2025-12-14 16:55:00,931 - INFO - phi = [0.29238904 0.48528604 0.2050796  0.34972311]
2025-12-14 16:55:00,979 - INFO - num_full_subsets = 2
2025-12-14 16:55:01,064 - INFO - phi = [-0.25567441 -1.14287006  0.11060345  0.1850945 ]
2025-12-14 16:55:01,108 - INFO - num_full_subsets = 2
2025-12-14 16:55:01,191 - INFO - phi = [-0.11678845  1.01250409  0.43227697  0.52549844]
2025-12-14 16:55:01,235 - INFO - num_full_subsets = 2
2025-12-14 16:55:01,318 - INFO - phi = [-0.22485574 -0.88388598  0.1832972  -0.14621948]
2025-12-14 16:55:01,363 - INFO - num_full_subsets = 2
2025-12-14 16:55:01,453 - INFO - phi = [-0.32693111 -1.02072407  0.02231922 -0.49690917]
2025-12-14 16:55:01,987 - INFO - Computing feature importance...
2025-12-14 16:55:09,501 - INFO - Experiment completed for CNN
2025-12-14 16:55:09,501 - INFO - Total time: 234.18s (3.90 min)
2025-12-14 16:55:09,501 - INFO - Starting comprehensive experiment for CNN
2025-12-14 16:55:17,589 - INFO - Performing feature analysis...
2025-12-14 16:55:18,784 - INFO - Model justification: Fast 1D Convolutional Neural Network - perfect for tabular features with local patterns
2025-12-14 16:55:18,784 - INFO - Performing robust cross-validation...
2025-12-14 16:55:38,576 - INFO - CV Results - MSE: 2.1639 ± 0.4440
2025-12-14 16:55:38,576 - INFO - Starting hyperparameter optimization...
2025-12-14 16:59:32,626 - INFO - Best parameters for CNN: {'filters': 36, 'kernel_size': 3, 'dense_units': 46, 'lr': 0.0022097415384884672, 'epochs': 94}
2025-12-14 16:59:32,626 - INFO - ⏱️ HPO took 234.05 seconds
2025-12-14 16:59:32,626 - INFO - Training final model...
2025-12-14 16:59:37,735 - INFO - ⏱️ Training took 5.11 seconds
2025-12-14 16:59:37,735 - INFO - Performing residual analysis...
2025-12-14 16:59:38,830 - INFO - Generating XAI explanations...
2025-12-14 16:59:38,866 - WARNING - Using 168 background data samples could cause slower run times. Consider using shap.sample(data, K) or shap.kmeans(data, K) to summarize the background as K samples.
2025-12-14 16:59:38,909 - INFO - num_full_subsets = 2
2025-12-14 16:59:38,995 - INFO - phi = [-0.02329751  0.56452255 -0.30056536  0.4681283 ]
2025-12-14 16:59:39,040 - INFO - num_full_subsets = 2
2025-12-14 16:59:39,125 - INFO - phi = [-0.26591157 -0.62875885  0.11148129 -0.44740758]
2025-12-14 16:59:39,169 - INFO - num_full_subsets = 2
2025-12-14 16:59:39,255 - INFO - phi = [-0.1788415  -0.63145423 -0.25847568 -0.20552646]
2025-12-14 16:59:39,303 - INFO - num_full_subsets = 2
2025-12-14 16:59:39,390 - INFO - phi = [0.3236672  0.81989014 0.32851879 0.73362243]
2025-12-14 16:59:39,436 - INFO - num_full_subsets = 2
2025-12-14 16:59:39,522 - INFO - phi = [-0.2515201  -0.81983503  0.10943367 -0.73484246]
2025-12-14 16:59:39,567 - INFO - num_full_subsets = 2
2025-12-14 16:59:39,648 - INFO - phi = [-0.24804453 -0.78132936  0.12387957 -0.65405113]
2025-12-14 16:59:39,697 - INFO - num_full_subsets = 2
2025-12-14 16:59:39,781 - INFO - phi = [-0.16212656  0.61375745  0.23700042  0.68053991]
2025-12-14 16:59:39,826 - INFO - num_full_subsets = 2
2025-12-14 16:59:39,910 - INFO - phi = [-0.24116326 -0.80214885  0.11937842 -0.70662689]
2025-12-14 16:59:39,959 - INFO - num_full_subsets = 2
2025-12-14 16:59:40,041 - INFO - phi = [ 0.03819471  0.66584382 -0.32729776  0.41383624]
2025-12-14 16:59:40,092 - INFO - num_full_subsets = 2
2025-12-14 16:59:40,176 - INFO - phi = [0.07829432 0.83046632 0.40783904 0.60511851]
2025-12-14 16:59:40,224 - INFO - num_full_subsets = 2
2025-12-14 16:59:40,306 - INFO - phi = [-0.13918294 -0.58525678  0.31542854 -0.70952761]
2025-12-14 16:59:40,350 - INFO - num_full_subsets = 2
2025-12-14 16:59:40,433 - INFO - phi = [-0.13063408  0.29201894 -0.36934773  0.0496151 ]
2025-12-14 16:59:40,480 - INFO - num_full_subsets = 2
2025-12-14 16:59:40,573 - INFO - phi = [-0.16066606  0.91075206 -0.23290202  0.52808273]
2025-12-14 16:59:40,619 - INFO - num_full_subsets = 2
2025-12-14 16:59:40,707 - INFO - phi = [ 0.64729015  0.67912758 -0.0758207  -0.02228018]
2025-12-14 16:59:40,752 - INFO - num_full_subsets = 2
2025-12-14 16:59:40,838 - INFO - phi = [-0.17040068  0.74340789 -0.4542302   0.75068745]
2025-12-14 16:59:40,884 - INFO - num_full_subsets = 2
2025-12-14 16:59:40,969 - INFO - phi = [ 0.36435147  0.53720724  0.15821436 -0.93222264]
2025-12-14 16:59:41,013 - INFO - num_full_subsets = 2
2025-12-14 16:59:41,113 - INFO - phi = [-0.17917747  0.40096971 -0.24918782  0.15786832]
2025-12-14 16:59:41,158 - INFO - num_full_subsets = 2
2025-12-14 16:59:41,250 - INFO - phi = [-0.17036368 -0.56386203  0.23837976 -0.71583081]
2025-12-14 16:59:41,294 - INFO - num_full_subsets = 2
2025-12-14 16:59:41,386 - INFO - phi = [-0.12935683 -0.05549788  0.22089212 -0.39182558]
2025-12-14 16:59:41,432 - INFO - num_full_subsets = 2
2025-12-14 16:59:41,516 - INFO - phi = [-0.18150913 -1.00213485 -0.2266876  -0.09634407]
2025-12-14 16:59:41,562 - INFO - num_full_subsets = 2
2025-12-14 16:59:41,650 - INFO - phi = [-0.20676486 -0.91972665 -0.18907176 -0.53388969]
2025-12-14 16:59:41,693 - INFO - num_full_subsets = 2
2025-12-14 16:59:41,777 - INFO - phi = [-0.17078234  0.88070397  0.1587725   0.56905199]
2025-12-14 16:59:41,825 - INFO - num_full_subsets = 2
2025-12-14 16:59:41,911 - INFO - phi = [0.15828709 0.51792681 0.22563049 0.67697781]
2025-12-14 16:59:41,956 - INFO - num_full_subsets = 2
2025-12-14 16:59:42,040 - INFO - phi = [-0.20784858 -0.85818654 -0.1905603  -0.61108465]
2025-12-14 16:59:42,088 - INFO - num_full_subsets = 2
2025-12-14 16:59:42,177 - INFO - phi = [-0.22171045 -0.85058248  0.09409024 -0.74630147]
2025-12-14 16:59:42,222 - INFO - num_full_subsets = 2
2025-12-14 16:59:42,308 - INFO - phi = [-0.24666239 -1.03828835  0.25395321  0.15073427]
2025-12-14 16:59:42,354 - INFO - num_full_subsets = 2
2025-12-14 16:59:42,445 - INFO - phi = [-0.15084845 -0.6577721  -0.11206291 -0.16183219]
2025-12-14 16:59:42,494 - INFO - num_full_subsets = 2
2025-12-14 16:59:42,583 - INFO - phi = [ 0.10468075  0.65850964 -0.21452061 -0.16667879]
2025-12-14 16:59:42,628 - INFO - num_full_subsets = 2
2025-12-14 16:59:42,717 - INFO - phi = [0.30060923 0.43737397 0.2130418  0.60708626]
2025-12-14 16:59:42,763 - INFO - num_full_subsets = 2
2025-12-14 16:59:42,851 - INFO - phi = [-0.11528985  0.77742514  0.31768881  0.62786488]
2025-12-14 16:59:42,896 - INFO - num_full_subsets = 2
2025-12-14 16:59:42,980 - INFO - phi = [ 0.51519896 -0.32366231  0.41456721  0.721202  ]
2025-12-14 16:59:43,024 - INFO - num_full_subsets = 2
2025-12-14 16:59:43,111 - INFO - phi = [0.20747784 0.01702523 0.25999679 0.70472112]
2025-12-14 16:59:43,156 - INFO - num_full_subsets = 2
2025-12-14 16:59:43,240 - INFO - phi = [-0.1457331   0.08992968 -0.3801939   0.37453428]
2025-12-14 16:59:43,284 - INFO - num_full_subsets = 2
2025-12-14 16:59:43,371 - INFO - phi = [-0.1438229   0.08042367 -0.37087532  0.66132183]
2025-12-14 16:59:43,416 - INFO - num_full_subsets = 2
2025-12-14 16:59:43,505 - INFO - phi = [-0.10500644 -0.23566413  0.08137941  0.48358898]
2025-12-14 16:59:43,550 - INFO - num_full_subsets = 2
2025-12-14 16:59:43,636 - INFO - phi = [-0.14203528 -0.48017887  0.31115494 -0.67377277]
2025-12-14 16:59:43,681 - INFO - num_full_subsets = 2
2025-12-14 16:59:43,766 - INFO - phi = [ 0.5140138   0.07855226 -0.18649543 -0.21170006]
2025-12-14 16:59:43,812 - INFO - num_full_subsets = 2
2025-12-14 16:59:43,899 - INFO - phi = [-0.13397709  0.53369252 -0.34574102 -0.1287033 ]
2025-12-14 16:59:43,943 - INFO - num_full_subsets = 2
2025-12-14 16:59:44,031 - INFO - phi = [-0.211199   -0.95236569 -0.20055508 -0.31220024]
2025-12-14 16:59:44,074 - INFO - num_full_subsets = 2
2025-12-14 16:59:44,158 - INFO - phi = [-0.16967689  0.86459932  0.22823977  0.13066444]
2025-12-14 16:59:44,202 - INFO - num_full_subsets = 2
2025-12-14 16:59:44,285 - INFO - phi = [-0.09590132  0.04764131  0.32488877  0.5871406 ]
2025-12-14 16:59:44,328 - INFO - num_full_subsets = 2
2025-12-14 16:59:44,418 - INFO - phi = [ 0.28870559  0.67480636  0.24560431 -0.20420357]
2025-12-14 16:59:44,462 - INFO - num_full_subsets = 2
2025-12-14 16:59:44,543 - INFO - phi = [ 0.4367727   0.77008235 -0.20918468  0.48286855]
2025-12-14 16:59:44,587 - INFO - num_full_subsets = 2
2025-12-14 16:59:44,668 - INFO - phi = [ 0.3645856  -0.04482588 -0.34723649 -0.32953496]
2025-12-14 16:59:44,712 - INFO - num_full_subsets = 2
2025-12-14 16:59:44,797 - INFO - phi = [0.4583211  0.76615683 0.28075425 0.37518285]
2025-12-14 16:59:44,840 - INFO - num_full_subsets = 2
2025-12-14 16:59:44,924 - INFO - phi = [-0.14944483  0.72782977  0.35556714  0.34130892]
2025-12-14 16:59:44,971 - INFO - num_full_subsets = 2
2025-12-14 16:59:45,057 - INFO - phi = [-0.18268049  0.64804307  0.20276966 -0.60783777]
2025-12-14 16:59:45,102 - INFO - num_full_subsets = 2
2025-12-14 16:59:45,187 - INFO - phi = [-0.16102942 -0.88881096 -0.05634063 -0.43155629]
2025-12-14 16:59:45,231 - INFO - num_full_subsets = 2
2025-12-14 16:59:45,317 - INFO - phi = [-0.05841887  0.68988502  0.34834143  0.70135676]
2025-12-14 16:59:45,360 - INFO - num_full_subsets = 2
2025-12-14 16:59:45,444 - INFO - phi = [-0.08424755  0.8566421  -0.24312428  0.38818   ]
2025-12-14 16:59:45,490 - INFO - num_full_subsets = 2
2025-12-14 16:59:45,580 - INFO - phi = [-0.16421057 -0.58082223 -0.16257246 -0.56009229]
2025-12-14 16:59:45,628 - INFO - num_full_subsets = 2
2025-12-14 16:59:45,715 - INFO - phi = [-0.04850636  0.06868729  0.34087933  0.68305034]
2025-12-14 16:59:45,762 - INFO - num_full_subsets = 2
2025-12-14 16:59:45,846 - INFO - phi = [-0.21972115 -0.52348179  0.16003865 -0.59518012]
2025-12-14 16:59:45,891 - INFO - num_full_subsets = 2
2025-12-14 16:59:45,978 - INFO - phi = [ 0.18654541  0.46758249 -0.31529387 -0.64099469]
2025-12-14 16:59:46,022 - INFO - num_full_subsets = 2
2025-12-14 16:59:46,105 - INFO - phi = [-0.10945508  0.89450575  0.36686539  0.76342109]
2025-12-14 16:59:46,149 - INFO - num_full_subsets = 2
2025-12-14 16:59:46,240 - INFO - phi = [0.38836248 0.20760756 0.22575646 0.15695442]
2025-12-14 16:59:46,284 - INFO - num_full_subsets = 2
2025-12-14 16:59:46,368 - INFO - phi = [-0.16250594 -0.80775029  0.32383377 -0.60436829]
2025-12-14 16:59:46,413 - INFO - num_full_subsets = 2
2025-12-14 16:59:46,499 - INFO - phi = [-0.25614556 -1.0244077   0.12902416 -0.4210495 ]
2025-12-14 16:59:46,542 - INFO - num_full_subsets = 2
2025-12-14 16:59:46,628 - INFO - phi = [ 0.50570038  0.14374993 -0.27749828  0.45933112]
2025-12-14 16:59:46,673 - INFO - num_full_subsets = 2
2025-12-14 16:59:46,754 - INFO - phi = [-0.24576371 -1.00519839 -0.11617732 -0.36362537]
2025-12-14 16:59:46,799 - INFO - num_full_subsets = 2
2025-12-14 16:59:46,887 - INFO - phi = [-0.17666274 -0.82757468  0.2931967   0.53270537]
2025-12-14 16:59:46,931 - INFO - num_full_subsets = 2
2025-12-14 16:59:47,024 - INFO - phi = [-0.15723878  0.581675   -0.26001591  0.05942523]
2025-12-14 16:59:47,071 - INFO - num_full_subsets = 2
2025-12-14 16:59:47,154 - INFO - phi = [ 0.24363604  0.55113669  0.11699057 -0.85007313]
2025-12-14 16:59:47,198 - INFO - num_full_subsets = 2
2025-12-14 16:59:47,284 - INFO - phi = [-0.13931502 -0.51635918  0.3395586  -0.68940229]
2025-12-14 16:59:47,329 - INFO - num_full_subsets = 2
2025-12-14 16:59:47,416 - INFO - phi = [-0.12436543  0.03838161  0.24087145 -0.81823194]
2025-12-14 16:59:47,459 - INFO - num_full_subsets = 2
2025-12-14 16:59:47,545 - INFO - phi = [0.39057477 0.64046125 0.28993846 0.47554011]
2025-12-14 16:59:47,592 - INFO - num_full_subsets = 2
2025-12-14 16:59:47,677 - INFO - phi = [-0.16277461  0.83741773 -0.31267741  0.51617099]
2025-12-14 16:59:47,721 - INFO - num_full_subsets = 2
2025-12-14 16:59:47,802 - INFO - phi = [ 0.17141944  0.44512032  0.21561513 -0.89764745]
2025-12-14 16:59:47,848 - INFO - num_full_subsets = 2
2025-12-14 16:59:47,929 - INFO - phi = [ 0.2478911   0.54153683 -0.21204585 -0.76121108]
2025-12-14 16:59:47,975 - INFO - num_full_subsets = 2
2025-12-14 16:59:48,058 - INFO - phi = [-0.18652977 -0.56173495  0.20097193 -0.3513976 ]
2025-12-14 16:59:48,107 - INFO - num_full_subsets = 2
2025-12-14 16:59:48,190 - INFO - phi = [-0.20835377  0.49705446 -0.45400841  0.64538291]
2025-12-14 16:59:48,234 - INFO - num_full_subsets = 2
2025-12-14 16:59:48,318 - INFO - phi = [-0.18253817 -0.0169641  -0.17830169 -0.52580262]
2025-12-14 16:59:48,363 - INFO - num_full_subsets = 2
2025-12-14 16:59:48,449 - INFO - phi = [ 0.38445092 -0.56006649 -0.26652628 -0.68524728]
2025-12-14 16:59:48,494 - INFO - num_full_subsets = 2
2025-12-14 16:59:48,579 - INFO - phi = [ 0.44413059  0.55003907 -0.31375557  0.38317078]
2025-12-14 16:59:48,623 - INFO - num_full_subsets = 2
2025-12-14 16:59:48,707 - INFO - phi = [-0.21007988 -0.71768335  0.11965574 -0.75029641]
2025-12-14 16:59:48,756 - INFO - num_full_subsets = 2
2025-12-14 16:59:48,841 - INFO - phi = [ 0.35343223  0.72353998 -0.06898462 -0.58005502]
2025-12-14 16:59:48,884 - INFO - num_full_subsets = 2
2025-12-14 16:59:48,971 - INFO - phi = [-0.17866447 -0.6134973  -0.24282248 -0.22403982]
2025-12-14 16:59:49,015 - INFO - num_full_subsets = 2
2025-12-14 16:59:49,101 - INFO - phi = [-0.15353154 -0.6871225   0.24853524 -0.25532472]
2025-12-14 16:59:49,146 - INFO - num_full_subsets = 2
2025-12-14 16:59:49,231 - INFO - phi = [ 0.38819014  0.06223668 -0.19892752 -0.52875286]
2025-12-14 16:59:49,275 - INFO - num_full_subsets = 2
2025-12-14 16:59:49,366 - INFO - phi = [-0.10974047  0.78527992 -0.26712669  0.1253996 ]
2025-12-14 16:59:49,410 - INFO - num_full_subsets = 2
2025-12-14 16:59:49,497 - INFO - phi = [0.25851615 0.90257475 0.34467706 0.82109111]
2025-12-14 16:59:49,540 - INFO - num_full_subsets = 2
2025-12-14 16:59:49,624 - INFO - phi = [0.18831643 0.0456034  0.22004219 0.45441903]
2025-12-14 16:59:49,669 - INFO - num_full_subsets = 2
2025-12-14 16:59:49,756 - INFO - phi = [ 0.45775878  0.76548775 -0.44369166  0.4317656 ]
2025-12-14 16:59:49,829 - INFO - num_full_subsets = 2
2025-12-14 16:59:49,932 - INFO - phi = [-0.178327   -0.78783924 -0.35079498  0.47609092]
2025-12-14 16:59:49,975 - INFO - num_full_subsets = 2
2025-12-14 16:59:50,065 - INFO - phi = [ 0.421893   -0.36458017  0.21701618  0.64080596]
2025-12-14 16:59:50,111 - INFO - num_full_subsets = 2
2025-12-14 16:59:50,197 - INFO - phi = [ 0.44113418 -0.43222684 -0.35941028 -0.18467588]
2025-12-14 16:59:50,243 - INFO - num_full_subsets = 2
2025-12-14 16:59:50,324 - INFO - phi = [ 0.28145448  0.62252486 -0.13598015 -0.4387073 ]
2025-12-14 16:59:50,367 - INFO - num_full_subsets = 2
2025-12-14 16:59:50,452 - INFO - phi = [-0.14948952 -0.62311777  0.2726496  -0.70423821]
2025-12-14 16:59:50,496 - INFO - num_full_subsets = 2
2025-12-14 16:59:50,582 - INFO - phi = [-0.15065978 -0.72604113 -0.04103982 -0.26745416]
2025-12-14 16:59:50,626 - INFO - num_full_subsets = 2
2025-12-14 16:59:50,715 - INFO - phi = [-0.07978325  0.35354443  0.2926861  -0.73806544]
2025-12-14 16:59:50,759 - INFO - num_full_subsets = 2
2025-12-14 16:59:50,847 - INFO - phi = [-0.22065476 -0.93309928  0.27864231  0.68592928]
2025-12-14 16:59:50,891 - INFO - num_full_subsets = 2
2025-12-14 16:59:50,978 - INFO - phi = [ 0.05840914  0.09431657 -0.31008431 -0.03006432]
2025-12-14 16:59:51,022 - INFO - num_full_subsets = 2
2025-12-14 16:59:51,107 - INFO - phi = [ 0.32731302  0.28209016  0.2942001  -0.32883871]
2025-12-14 16:59:51,152 - INFO - num_full_subsets = 2
2025-12-14 16:59:51,240 - INFO - phi = [-0.1457331   0.08992968 -0.3801939   0.37453428]
2025-12-14 16:59:51,289 - INFO - num_full_subsets = 2
2025-12-14 16:59:51,371 - INFO - phi = [ 0.24921001  0.35245412 -0.17735311 -0.66402605]
2025-12-14 16:59:51,416 - INFO - num_full_subsets = 2
2025-12-14 16:59:51,502 - INFO - phi = [-0.12166514  0.32931787 -0.42790948  0.16080118]
2025-12-14 16:59:51,545 - INFO - num_full_subsets = 2
2025-12-14 16:59:51,627 - INFO - phi = [0.36029694 0.6024157  0.36656561 0.55900412]
2025-12-14 16:59:51,674 - INFO - num_full_subsets = 2
2025-12-14 16:59:51,758 - INFO - phi = [-0.19367409 -0.46599961 -0.26079512 -0.27001563]
2025-12-14 16:59:51,802 - INFO - num_full_subsets = 2
2025-12-14 16:59:51,888 - INFO - phi = [-0.23622363 -0.73276531  0.11113372 -0.76686337]
2025-12-14 16:59:51,936 - INFO - num_full_subsets = 2
2025-12-14 16:59:52,020 - INFO - phi = [-0.09647857  0.36656744  0.25912971  0.1533324 ]
2025-12-14 16:59:52,063 - INFO - num_full_subsets = 2
2025-12-14 16:59:52,149 - INFO - phi = [-0.20942647 -1.07376376 -0.29149053  0.40887906]
2025-12-14 16:59:52,193 - INFO - num_full_subsets = 2
2025-12-14 16:59:52,279 - INFO - phi = [-0.22285628 -0.83672563 -0.17100925 -0.63986618]
2025-12-14 16:59:52,324 - INFO - num_full_subsets = 2
2025-12-14 16:59:52,410 - INFO - phi = [ 0.20854142  0.48619718  0.18352313 -0.9166883 ]
2025-12-14 16:59:52,453 - INFO - num_full_subsets = 2
2025-12-14 16:59:52,539 - INFO - phi = [ 0.45672795  0.73807851 -0.415325    0.67853977]
2025-12-14 16:59:52,585 - INFO - num_full_subsets = 2
2025-12-14 16:59:52,671 - INFO - phi = [-0.15406898 -0.85206011  0.32410697  0.48290024]
2025-12-14 16:59:52,715 - INFO - num_full_subsets = 2
2025-12-14 16:59:52,800 - INFO - phi = [0.32784649 0.72727646 0.21007728 0.63151023]
2025-12-14 16:59:52,844 - INFO - num_full_subsets = 2
2025-12-14 16:59:52,929 - INFO - phi = [0.06225935 0.85216844 0.41237132 0.67212665]
2025-12-14 16:59:52,974 - INFO - num_full_subsets = 2
2025-12-14 16:59:53,060 - INFO - phi = [ 0.17128659  0.39211788  0.19081463 -0.83849046]
2025-12-14 16:59:53,106 - INFO - num_full_subsets = 2
2025-12-14 16:59:53,201 - INFO - phi = [-0.23109843 -0.77464961 -0.14878899 -0.48784624]
2025-12-14 16:59:53,248 - INFO - num_full_subsets = 2
2025-12-14 16:59:53,336 - INFO - phi = [-0.24116599 -0.92068692  0.05107757 -0.69729429]
2025-12-14 16:59:53,382 - INFO - num_full_subsets = 2
2025-12-14 16:59:53,471 - INFO - phi = [ 0.10239067  0.38376253 -0.3247836   0.47127488]
2025-12-14 16:59:53,517 - INFO - num_full_subsets = 2
2025-12-14 16:59:53,606 - INFO - phi = [-0.08801157 -0.22420186 -0.19527366 -0.44789375]
2025-12-14 16:59:53,653 - INFO - num_full_subsets = 2
2025-12-14 16:59:53,745 - INFO - phi = [-0.19341057 -0.84735372  0.16712118 -0.38445732]
2025-12-14 16:59:53,792 - INFO - num_full_subsets = 2
2025-12-14 16:59:53,883 - INFO - phi = [ 0.51189047  0.16607825 -0.11757456  0.44331736]
2025-12-14 16:59:53,928 - INFO - num_full_subsets = 2
2025-12-14 16:59:54,012 - INFO - phi = [0.43930213 0.13203686 0.34939368 0.45371857]
2025-12-14 16:59:54,057 - INFO - num_full_subsets = 2
2025-12-14 16:59:54,141 - INFO - phi = [ 0.39501697  0.57870519 -0.33697614  0.45594213]
2025-12-14 16:59:54,185 - INFO - num_full_subsets = 2
2025-12-14 16:59:54,266 - INFO - phi = [-0.20599483 -0.78370065  0.15707792 -0.67304267]
2025-12-14 16:59:54,312 - INFO - num_full_subsets = 2
2025-12-14 16:59:54,393 - INFO - phi = [-0.24894595 -0.9084809   0.04796884 -0.6899277 ]
2025-12-14 16:59:54,443 - INFO - num_full_subsets = 2
2025-12-14 16:59:54,530 - INFO - phi = [-0.26073175 -1.00940541 -0.01713349 -0.50152166]
2025-12-14 16:59:54,577 - INFO - num_full_subsets = 2
2025-12-14 16:59:54,663 - INFO - phi = [-0.1303699  -0.45739232  0.35831286 -0.68028077]
2025-12-14 16:59:54,708 - INFO - num_full_subsets = 2
2025-12-14 16:59:54,791 - INFO - phi = [-0.20098368 -0.41492534  0.17768975 -0.75561234]
2025-12-14 16:59:54,845 - INFO - num_full_subsets = 2
2025-12-14 16:59:54,936 - INFO - phi = [-0.1575161  -0.74213531  0.28985456 -0.59051117]
2025-12-14 16:59:54,980 - INFO - num_full_subsets = 2
2025-12-14 16:59:55,065 - INFO - phi = [-0.09889256  0.11648865  0.25340761 -0.10090986]
2025-12-14 16:59:55,116 - INFO - num_full_subsets = 2
2025-12-14 16:59:55,204 - INFO - phi = [ 0.04222672  0.83622869 -0.37862986  0.58103299]
2025-12-14 16:59:55,248 - INFO - num_full_subsets = 2
2025-12-14 16:59:55,333 - INFO - phi = [ 0.21927725  0.63334303 -0.45139935  0.01677555]
2025-12-14 16:59:55,381 - INFO - num_full_subsets = 2
2025-12-14 16:59:55,471 - INFO - phi = [-0.23136286 -0.94423895  0.22821981 -0.00216714]
2025-12-14 16:59:55,522 - INFO - num_full_subsets = 2
2025-12-14 16:59:55,609 - INFO - phi = [-0.1530598  -0.63516896 -0.15173257 -0.12214378]
2025-12-14 16:59:55,659 - INFO - num_full_subsets = 2
2025-12-14 16:59:55,758 - INFO - phi = [-0.2436073  -0.76798604  0.08640591 -0.74069056]
2025-12-14 16:59:55,804 - INFO - num_full_subsets = 2
2025-12-14 16:59:55,890 - INFO - phi = [-0.19476464  0.48692003  0.0281112   0.5972056 ]
2025-12-14 16:59:55,934 - INFO - num_full_subsets = 2
2025-12-14 16:59:56,016 - INFO - phi = [-0.13284431  0.70575094  0.30829582  0.59653314]
2025-12-14 16:59:56,060 - INFO - num_full_subsets = 2
2025-12-14 16:59:56,142 - INFO - phi = [ 0.30404848 -0.30623164 -0.24294602  0.68392744]
2025-12-14 16:59:56,186 - INFO - num_full_subsets = 2
2025-12-14 16:59:56,268 - INFO - phi = [ 0.3717276  -0.2565425  -0.34299931  0.34432515]
2025-12-14 16:59:56,311 - INFO - num_full_subsets = 2
2025-12-14 16:59:56,398 - INFO - phi = [-0.11980818  0.65135426 -0.25807378  0.68459971]
2025-12-14 16:59:56,443 - INFO - num_full_subsets = 2
2025-12-14 16:59:56,524 - INFO - phi = [0.41212541 0.8422681  0.29201093 0.72745465]
2025-12-14 16:59:56,570 - INFO - num_full_subsets = 2
2025-12-14 16:59:56,650 - INFO - phi = [-0.11964638 -0.26305548  0.36808191 -0.66549282]
2025-12-14 16:59:56,711 - INFO - num_full_subsets = 2
2025-12-14 16:59:56,799 - INFO - phi = [-0.19460705 -0.73064027 -0.31240617  0.37382203]
2025-12-14 16:59:56,846 - INFO - num_full_subsets = 2
2025-12-14 16:59:56,932 - INFO - phi = [-0.09812973  0.08138885  0.35495993 -0.7694872 ]
2025-12-14 16:59:56,977 - INFO - num_full_subsets = 2
2025-12-14 16:59:57,069 - INFO - phi = [-0.181507   -0.76274433 -0.35616738  0.48213117]
2025-12-14 16:59:57,113 - INFO - num_full_subsets = 2
2025-12-14 16:59:57,202 - INFO - phi = [ 0.41380462 -0.3084925  -0.37749221  0.35743317]
2025-12-14 16:59:57,249 - INFO - num_full_subsets = 2
2025-12-14 16:59:57,336 - INFO - phi = [-0.2436073  -0.76798604  0.08640591 -0.74069056]
2025-12-14 16:59:57,379 - INFO - num_full_subsets = 2
2025-12-14 16:59:57,464 - INFO - phi = [-0.1141198   0.34183199 -0.28392264  0.34738923]
2025-12-14 16:59:57,509 - INFO - num_full_subsets = 2
2025-12-14 16:59:57,592 - INFO - phi = [-0.11651695  0.73532231  0.45071523  0.84359404]
2025-12-14 16:59:57,640 - INFO - num_full_subsets = 2
2025-12-14 16:59:57,728 - INFO - phi = [-0.16277461  0.83741773 -0.31267741  0.51617099]
2025-12-14 16:59:57,796 - INFO - num_full_subsets = 2
2025-12-14 16:59:57,887 - INFO - phi = [-0.18423496  0.72569296 -0.33187054  0.56929058]
2025-12-14 16:59:57,937 - INFO - num_full_subsets = 2
2025-12-14 16:59:58,037 - INFO - phi = [-0.16721913 -0.81270024 -0.2552411   0.95003887]
2025-12-14 16:59:58,081 - INFO - num_full_subsets = 2
2025-12-14 16:59:58,165 - INFO - phi = [-0.19138177 -0.04044107 -0.25939891  0.11883299]
2025-12-14 16:59:58,209 - INFO - num_full_subsets = 2
2025-12-14 16:59:58,293 - INFO - phi = [-0.11722857  0.70711688  0.43025225  0.66913   ]
2025-12-14 16:59:58,341 - INFO - num_full_subsets = 2
2025-12-14 16:59:58,425 - INFO - phi = [-0.24804453 -0.78132936  0.12387957 -0.65405113]
2025-12-14 16:59:58,469 - INFO - num_full_subsets = 2
2025-12-14 16:59:58,549 - INFO - phi = [ 0.53728532 -0.20483579 -0.3722049   0.53631888]
2025-12-14 16:59:58,592 - INFO - num_full_subsets = 2
2025-12-14 16:59:58,676 - INFO - phi = [-0.03853754  0.78407446  0.0103968  -0.11971486]
2025-12-14 16:59:58,720 - INFO - num_full_subsets = 2
2025-12-14 16:59:58,802 - INFO - phi = [-0.07236137 -0.24010023 -0.33516446  0.66162916]
2025-12-14 16:59:58,846 - INFO - num_full_subsets = 2
2025-12-14 16:59:58,930 - INFO - phi = [-0.25469932 -0.94631619  0.08624857 -0.64274294]
2025-12-14 16:59:58,975 - INFO - num_full_subsets = 2
2025-12-14 16:59:59,062 - INFO - phi = [ 0.24653552  0.44015327  0.27375463 -0.855939  ]
2025-12-14 16:59:59,111 - INFO - num_full_subsets = 2
2025-12-14 16:59:59,204 - INFO - phi = [-0.10022705  0.59807644  0.25181072  0.07099244]
2025-12-14 16:59:59,251 - INFO - num_full_subsets = 2
2025-12-14 16:59:59,335 - INFO - phi = [-1.33504055e-01  7.70961573e-01 -4.82454600e-04  7.45713051e-01]
2025-12-14 16:59:59,378 - INFO - num_full_subsets = 2
2025-12-14 16:59:59,458 - INFO - phi = [-0.07216425 -0.1207269  -0.3390637   0.26379863]
2025-12-14 16:59:59,501 - INFO - num_full_subsets = 2
2025-12-14 16:59:59,587 - INFO - phi = [ 0.23094519  0.32227494  0.18857031 -0.82429726]
2025-12-14 16:59:59,632 - INFO - num_full_subsets = 2
2025-12-14 16:59:59,716 - INFO - phi = [-0.16895796  0.74318952 -0.46444626  0.61045941]
2025-12-14 16:59:59,761 - INFO - num_full_subsets = 2
2025-12-14 16:59:59,846 - INFO - phi = [0.31635243 0.6343982  0.23676775 0.74657183]
2025-12-14 16:59:59,890 - INFO - num_full_subsets = 2
2025-12-14 16:59:59,975 - INFO - phi = [-0.16102942 -0.88881096 -0.05634063 -0.43155629]
2025-12-14 17:00:00,023 - INFO - num_full_subsets = 2
2025-12-14 17:00:00,117 - INFO - phi = [-0.1167923   0.65580493  0.01220867  0.63649669]
2025-12-14 17:00:00,167 - INFO - num_full_subsets = 2
2025-12-14 17:00:00,261 - INFO - phi = [-0.25568189 -0.5104208   0.20589794 -0.04136626]
2025-12-14 17:00:00,304 - INFO - num_full_subsets = 2
2025-12-14 17:00:00,385 - INFO - phi = [-0.1821765  -0.93701869 -0.18275408 -0.35109775]
2025-12-14 17:00:00,429 - INFO - num_full_subsets = 2
2025-12-14 17:00:00,516 - INFO - phi = [0.31835219 0.75078168 0.20997964 0.32715639]
2025-12-14 17:00:00,560 - INFO - num_full_subsets = 2
2025-12-14 17:00:00,644 - INFO - phi = [ 0.3691071   0.7602323  -0.26219373  0.28631347]
2025-12-14 17:00:00,688 - INFO - num_full_subsets = 2
2025-12-14 17:00:00,774 - INFO - phi = [-0.26045291 -0.76269532 -0.04282593 -0.05270172]
2025-12-14 17:00:00,823 - INFO - num_full_subsets = 2
2025-12-14 17:00:00,909 - INFO - phi = [-0.21573627 -0.23514435  0.30104835  0.60580048]
2025-12-14 17:00:00,952 - INFO - num_full_subsets = 2
2025-12-14 17:00:01,035 - INFO - phi = [ 0.38819014  0.06223668 -0.19892752 -0.52875286]
2025-12-14 17:00:01,919 - INFO - Computing feature importance...
2025-12-14 17:00:10,412 - INFO - Experiment completed for CNN
2025-12-14 17:00:10,412 - INFO - Total time: 300.53s (5.01 min)
