2025-12-13 23:57:39,412 - INFO - Starting comprehensive experiment for NGBoost
2025-12-13 23:57:50,181 - INFO - Performing feature analysis...
2025-12-13 23:57:51,878 - INFO - Model justification: Probabilistic forecasting with natural gradient boosting, provides uncertainty quantification
2025-12-13 23:57:51,878 - INFO - Performing robust cross-validation...
2025-12-13 23:58:30,473 - INFO - CV Results - MSE: 0.7709 ± 0.1204
2025-12-13 23:58:30,474 - INFO - Starting hyperparameter optimization...
2025-12-14 00:02:36,845 - INFO - Best parameters for NGBoost: {'n_estimators': 214, 'learning_rate': 0.02113318772550509, 'minibatch_frac': 0.5304005566996606, 'natural_gradient': True}
2025-12-14 00:02:36,845 - INFO - ⏱️ HPO took 246.37 seconds
2025-12-14 00:02:36,845 - INFO - Training final model...
2025-12-14 00:02:37,883 - INFO - ⏱️ Training took 1.04 seconds
2025-12-14 00:02:37,883 - INFO - Performing residual analysis...
2025-12-14 00:02:38,924 - INFO - Generating XAI explanations...
2025-12-14 00:02:38,953 - WARNING - Using 168 background data samples could cause slower run times. Consider using shap.sample(data, K) or shap.kmeans(data, K) to summarize the background as K samples.
2025-12-14 00:02:38,994 - INFO - num_full_subsets = 2
2025-12-14 00:02:39,045 - INFO - phi = [ 0.59046169  0.53264183 -0.08121454 -0.10305577]
2025-12-14 00:02:39,084 - INFO - num_full_subsets = 2
2025-12-14 00:02:39,135 - INFO - phi = [ 1.00942601  0.30982786 -0.05272191  0.39238238]
2025-12-14 00:02:39,175 - INFO - num_full_subsets = 2
2025-12-14 00:02:39,225 - INFO - phi = [-1.27964428 -0.41670563 -0.04107555 -0.21261482]
2025-12-14 00:02:39,265 - INFO - num_full_subsets = 2
2025-12-14 00:02:39,315 - INFO - phi = [-1.57517925  0.30188785 -0.04730909 -0.12045338]
2025-12-14 00:02:39,355 - INFO - num_full_subsets = 2
2025-12-14 00:02:39,404 - INFO - phi = [ 0.29133856  0.40643481 -0.16154479  0.31585978]
2025-12-14 00:02:39,444 - INFO - num_full_subsets = 2
2025-12-14 00:02:39,494 - INFO - phi = [ 0.16051807  0.49149189 -0.09127823 -0.33842046]
2025-12-14 00:02:39,533 - INFO - num_full_subsets = 2
2025-12-14 00:02:39,583 - INFO - phi = [ 0.22224136  0.40521039  0.16050613 -0.84872994]
2025-12-14 00:02:39,624 - INFO - num_full_subsets = 2
2025-12-14 00:02:39,673 - INFO - phi = [ 1.80644884  0.39178447 -0.0239512   0.53295067]
2025-12-14 00:02:39,713 - INFO - num_full_subsets = 2
2025-12-14 00:02:39,762 - INFO - phi = [-0.8210082  -0.76895157 -0.02411295 -0.20383266]
2025-12-14 00:02:39,802 - INFO - num_full_subsets = 2
2025-12-14 00:02:39,852 - INFO - phi = [-0.14581997  0.64464834  0.22225725  0.43745766]
2025-12-14 00:02:39,892 - INFO - num_full_subsets = 2
2025-12-14 00:02:39,942 - INFO - phi = [ 2.10299155  0.46683372 -0.08984996  0.44420211]
2025-12-14 00:02:39,982 - INFO - num_full_subsets = 2
2025-12-14 00:02:40,032 - INFO - phi = [ 0.27502831  0.4366454  -0.12480368  0.32462147]
2025-12-14 00:02:40,072 - INFO - num_full_subsets = 2
2025-12-14 00:02:40,122 - INFO - phi = [ 0.191236    0.33838261 -0.03458707 -0.77644297]
2025-12-14 00:02:40,162 - INFO - num_full_subsets = 2
2025-12-14 00:02:40,212 - INFO - phi = [ 0.46877359 -0.10736368 -0.01062638  0.5599158 ]
2025-12-14 00:02:40,251 - INFO - num_full_subsets = 2
2025-12-14 00:02:40,301 - INFO - phi = [ 0.74496936 -0.03286261 -0.05528292  0.53046362]
2025-12-14 00:02:40,341 - INFO - num_full_subsets = 2
2025-12-14 00:02:40,390 - INFO - phi = [ 1.35833248 -0.11236312 -0.03099818  0.39161912]
2025-12-14 00:02:40,431 - INFO - num_full_subsets = 2
2025-12-14 00:02:40,480 - INFO - phi = [-0.93350699  0.49687217 -0.17367867 -0.06401752]
2025-12-14 00:02:40,521 - INFO - num_full_subsets = 2
2025-12-14 00:02:40,571 - INFO - phi = [ 0.59188778 -0.3471575   0.93162431 -0.8877162 ]
2025-12-14 00:02:40,611 - INFO - num_full_subsets = 2
2025-12-14 00:02:40,660 - INFO - phi = [ 0.4345368  -0.18248689  0.14594508 -0.27512035]
2025-12-14 00:02:40,700 - INFO - num_full_subsets = 2
2025-12-14 00:02:40,750 - INFO - phi = [0.66231228 0.35717729 0.08630058 0.28298831]
2025-12-14 00:02:40,790 - INFO - num_full_subsets = 2
2025-12-14 00:02:40,839 - INFO - phi = [-0.79113941  0.1377868  -0.12733977  0.04742351]
2025-12-14 00:02:40,880 - INFO - num_full_subsets = 2
2025-12-14 00:02:40,929 - INFO - phi = [-0.95071579  0.51985126 -0.04484051  0.09370367]
2025-12-14 00:02:40,969 - INFO - num_full_subsets = 2
2025-12-14 00:02:41,019 - INFO - phi = [ 0.17191492  0.41259839 -0.05113999 -0.79541147]
2025-12-14 00:02:41,059 - INFO - num_full_subsets = 2
2025-12-14 00:02:41,109 - INFO - phi = [ 0.24507353  0.37049449  0.01692386 -0.4500129 ]
2025-12-14 00:02:41,149 - INFO - num_full_subsets = 2
2025-12-14 00:02:41,198 - INFO - phi = [ 1.32345053 -0.16847156  0.28599598 -0.31453713]
2025-12-14 00:02:41,238 - INFO - num_full_subsets = 2
2025-12-14 00:02:41,288 - INFO - phi = [-0.84244153 -0.80657729 -0.08174098 -0.18791769]
2025-12-14 00:02:41,328 - INFO - num_full_subsets = 2
2025-12-14 00:02:41,378 - INFO - phi = [1.12439059 0.46197031 0.16486946 0.36642838]
2025-12-14 00:02:41,418 - INFO - num_full_subsets = 2
2025-12-14 00:02:41,468 - INFO - phi = [-0.5998439  -0.74093735 -0.00232177  0.16816411]
2025-12-14 00:02:41,508 - INFO - num_full_subsets = 2
2025-12-14 00:02:41,558 - INFO - phi = [-1.18296274 -0.38906699 -0.10832941 -0.27643285]
2025-12-14 00:02:41,597 - INFO - num_full_subsets = 2
2025-12-14 00:02:41,647 - INFO - phi = [-1.1202316   0.59127321  0.02612099  0.18925432]
2025-12-14 00:02:41,688 - INFO - num_full_subsets = 2
2025-12-14 00:02:41,738 - INFO - phi = [-0.50816482 -0.78238776  0.03057259 -0.6287459 ]
2025-12-14 00:02:41,778 - INFO - num_full_subsets = 2
2025-12-14 00:02:41,828 - INFO - phi = [-1.24433818 -0.36797251 -0.02857595 -0.27553827]
2025-12-14 00:02:41,868 - INFO - num_full_subsets = 2
2025-12-14 00:02:41,918 - INFO - phi = [-0.64120985 -0.68263592  0.03690241 -0.54791691]
2025-12-14 00:02:41,958 - INFO - num_full_subsets = 2
2025-12-14 00:02:42,008 - INFO - phi = [ 1.47437727 -0.56262282 -0.09406072  0.27494871]
2025-12-14 00:02:42,049 - INFO - num_full_subsets = 2
2025-12-14 00:02:42,099 - INFO - phi = [-1.4770075   0.09949166 -0.07736034  0.37521431]
2025-12-14 00:02:42,139 - INFO - num_full_subsets = 2
2025-12-14 00:02:42,188 - INFO - phi = [-0.83605753  0.35386964 -0.3579139   0.27558663]
2025-12-14 00:02:42,229 - INFO - num_full_subsets = 2
2025-12-14 00:02:42,279 - INFO - phi = [ 2.14876974  0.06695424 -0.14818237  0.5252651 ]
2025-12-14 00:02:42,319 - INFO - num_full_subsets = 2
2025-12-14 00:02:42,368 - INFO - phi = [ 0.24040418 -0.11316519  0.16227294 -0.82750135]
2025-12-14 00:02:42,409 - INFO - num_full_subsets = 2
2025-12-14 00:02:42,459 - INFO - phi = [-0.87538806 -0.45626482 -0.25502186  0.73732888]
2025-12-14 00:02:42,499 - INFO - num_full_subsets = 2
2025-12-14 00:02:42,549 - INFO - phi = [-1.73877088 -0.15953307 -0.06447649  0.07521838]
2025-12-14 00:02:42,589 - INFO - num_full_subsets = 2
2025-12-14 00:02:42,638 - INFO - phi = [-1.0097977   0.36796057 -0.20214146  0.17048961]
2025-12-14 00:02:42,678 - INFO - num_full_subsets = 2
2025-12-14 00:02:42,728 - INFO - phi = [ 0.24507353  0.37049449  0.01692386 -0.4500129 ]
2025-12-14 00:02:42,768 - INFO - num_full_subsets = 2
2025-12-14 00:02:42,818 - INFO - phi = [-1.26372112 -0.353313   -0.09698304  0.27791455]
2025-12-14 00:02:42,858 - INFO - num_full_subsets = 2
2025-12-14 00:02:42,908 - INFO - phi = [-1.01265926 -0.48695454 -0.54202305 -0.32031908]
2025-12-14 00:02:42,948 - INFO - num_full_subsets = 2
2025-12-14 00:02:42,998 - INFO - phi = [-0.77283721 -0.75443169 -0.01156121 -0.33222431]
2025-12-14 00:02:43,038 - INFO - num_full_subsets = 2
2025-12-14 00:02:43,088 - INFO - phi = [-0.85240252 -0.73830638  0.02133499 -0.305347  ]
2025-12-14 00:02:43,129 - INFO - num_full_subsets = 2
2025-12-14 00:02:43,179 - INFO - phi = [-1.17914453 -0.66972599  0.00187729  0.26732432]
2025-12-14 00:02:43,219 - INFO - num_full_subsets = 2
2025-12-14 00:02:43,269 - INFO - phi = [ 1.82662045 -0.29505512  0.13221679  0.54467624]
2025-12-14 00:02:43,310 - INFO - num_full_subsets = 2
2025-12-14 00:02:43,359 - INFO - phi = [1.50302387 0.62956106 0.11369916 0.45145118]
2025-12-14 00:02:43,399 - INFO - num_full_subsets = 2
2025-12-14 00:02:43,449 - INFO - phi = [0.41176564 0.42174261 0.27201402 0.41485694]
2025-12-14 00:02:43,489 - INFO - num_full_subsets = 2
2025-12-14 00:02:43,538 - INFO - phi = [-1.18412453 -0.50895239 -0.08371856 -0.28291387]
2025-12-14 00:02:43,577 - INFO - num_full_subsets = 2
2025-12-14 00:02:43,628 - INFO - phi = [ 0.2365967   0.35848611  0.14767998 -0.59433841]
2025-12-14 00:02:43,668 - INFO - num_full_subsets = 2
2025-12-14 00:02:43,719 - INFO - phi = [1.37263236 0.51998008 0.48710655 0.35049886]
2025-12-14 00:02:43,759 - INFO - num_full_subsets = 2
2025-12-14 00:02:43,808 - INFO - phi = [-1.03796215  0.26863412 -0.00983165 -0.24866697]
2025-12-14 00:02:43,848 - INFO - num_full_subsets = 2
2025-12-14 00:02:43,898 - INFO - phi = [-0.83244162  1.41099954  0.01696677  0.15697481]
2025-12-14 00:02:43,937 - INFO - num_full_subsets = 2
2025-12-14 00:02:43,987 - INFO - phi = [-1.13305193e+00 -6.45376621e-01  5.94803613e-04 -1.74865657e-01]
2025-12-14 00:02:44,027 - INFO - num_full_subsets = 2
2025-12-14 00:02:44,077 - INFO - phi = [-0.85262775 -0.71470596 -0.14788184 -0.15825265]
2025-12-14 00:02:44,117 - INFO - num_full_subsets = 2
2025-12-14 00:02:44,166 - INFO - phi = [ 0.24568661 -0.08643216 -0.23183494 -0.26015078]
2025-12-14 00:02:44,206 - INFO - num_full_subsets = 2
2025-12-14 00:02:44,256 - INFO - phi = [ 0.23881341  0.39908553 -0.04047415 -0.31866365]
2025-12-14 00:02:44,295 - INFO - num_full_subsets = 2
2025-12-14 00:02:44,345 - INFO - phi = [1.51396932 0.34531509 0.02472289 0.52515068]
2025-12-14 00:02:44,385 - INFO - num_full_subsets = 2
2025-12-14 00:02:44,434 - INFO - phi = [1.17443043 0.40719904 0.34148297 0.39285433]
2025-12-14 00:02:44,473 - INFO - num_full_subsets = 2
2025-12-14 00:02:44,522 - INFO - phi = [1.00668382 0.48749197 0.23938339 0.4374974 ]
2025-12-14 00:02:44,562 - INFO - num_full_subsets = 2
2025-12-14 00:02:44,611 - INFO - phi = [ 1.04358131  0.44940854 -0.12373802  0.31697597]
2025-12-14 00:02:44,651 - INFO - num_full_subsets = 2
2025-12-14 00:02:44,700 - INFO - phi = [1.70011379 0.42549805 0.20066685 0.36962577]
2025-12-14 00:02:44,740 - INFO - num_full_subsets = 2
2025-12-14 00:02:44,789 - INFO - phi = [-0.66863798 -0.87627281  0.04987805 -0.3914213 ]
2025-12-14 00:02:44,829 - INFO - num_full_subsets = 2
2025-12-14 00:02:44,878 - INFO - phi = [-1.19871447 -0.5037855  -0.07790993 -0.13696602]
2025-12-14 00:02:44,918 - INFO - num_full_subsets = 2
2025-12-14 00:02:44,968 - INFO - phi = [ 0.60734871 -0.12768293  0.0231826  -0.62899911]
2025-12-14 00:02:45,007 - INFO - num_full_subsets = 2
2025-12-14 00:02:45,058 - INFO - phi = [ 0.2320014   0.40212523 -0.04959385 -0.48960786]
2025-12-14 00:02:45,098 - INFO - num_full_subsets = 2
2025-12-14 00:02:45,147 - INFO - phi = [ 0.96454628 -0.38984518  0.01654823  0.39909569]
2025-12-14 00:02:45,188 - INFO - num_full_subsets = 2
2025-12-14 00:02:45,237 - INFO - phi = [ 1.95604325  0.44910922 -0.01946639  0.34543546]
2025-12-14 00:02:45,277 - INFO - num_full_subsets = 2
2025-12-14 00:02:45,327 - INFO - phi = [ 1.95878675  0.55187629 -0.02379439  0.48714005]
2025-12-14 00:02:45,367 - INFO - num_full_subsets = 2
2025-12-14 00:02:45,416 - INFO - phi = [-0.62456225 -0.33862724 -0.10832959  0.20290171]
2025-12-14 00:02:45,457 - INFO - num_full_subsets = 2
2025-12-14 00:02:45,507 - INFO - phi = [ 0.65309462  0.2584831  -0.32433665  0.28845259]
2025-12-14 00:02:45,547 - INFO - num_full_subsets = 2
2025-12-14 00:02:45,596 - INFO - phi = [-0.87771447 -0.68914312 -0.0568149  -0.43739153]
2025-12-14 00:02:45,636 - INFO - num_full_subsets = 2
2025-12-14 00:02:45,686 - INFO - phi = [-1.26372112 -0.353313   -0.09698304  0.27791455]
2025-12-14 00:02:45,725 - INFO - num_full_subsets = 2
2025-12-14 00:02:45,775 - INFO - phi = [-1.28547663  0.39983167 -0.05910562  0.07760536]
2025-12-14 00:02:45,814 - INFO - num_full_subsets = 2
2025-12-14 00:02:45,864 - INFO - phi = [ 0.15356351  0.47375295 -0.1780077  -0.50127561]
2025-12-14 00:02:45,904 - INFO - num_full_subsets = 2
2025-12-14 00:02:45,953 - INFO - phi = [1.87641224 0.51806261 0.02379247 0.33962858]
2025-12-14 00:02:45,993 - INFO - num_full_subsets = 2
2025-12-14 00:02:46,042 - INFO - phi = [-1.03587854 -0.69434099 -0.01497893  0.08122766]
2025-12-14 00:02:46,082 - INFO - num_full_subsets = 2
2025-12-14 00:02:46,132 - INFO - phi = [-1.54662908 -0.02354719 -0.04764732 -0.13897464]
2025-12-14 00:02:46,172 - INFO - num_full_subsets = 2
2025-12-14 00:02:46,221 - INFO - phi = [-1.36297955 -0.60341719 -0.03168345  0.13890416]
2025-12-14 00:02:46,260 - INFO - num_full_subsets = 2
2025-12-14 00:02:46,309 - INFO - phi = [ 0.85103958 -0.00371309  0.22100024  0.29735913]
2025-12-14 00:02:46,349 - INFO - num_full_subsets = 2
2025-12-14 00:02:46,399 - INFO - phi = [-0.37020903 -0.80796103  0.04170763 -0.55346315]
2025-12-14 00:02:46,438 - INFO - num_full_subsets = 2
2025-12-14 00:02:46,488 - INFO - phi = [-0.51444065  0.96039885  0.24458209 -0.05452473]
2025-12-14 00:02:46,528 - INFO - num_full_subsets = 2
2025-12-14 00:02:46,578 - INFO - phi = [-0.41466035  0.31512807 -0.18074965  0.24699808]
2025-12-14 00:02:46,618 - INFO - num_full_subsets = 2
2025-12-14 00:02:46,667 - INFO - phi = [ 1.96773028  0.48970702 -0.08263421  0.37140052]
2025-12-14 00:02:46,707 - INFO - num_full_subsets = 2
2025-12-14 00:02:46,757 - INFO - phi = [ 0.97717463  0.52490409 -0.10009023  0.28462296]
2025-12-14 00:02:46,797 - INFO - num_full_subsets = 2
2025-12-14 00:02:46,846 - INFO - phi = [ 0.20354966  0.2981628   0.06709708 -0.81457579]
2025-12-14 00:02:46,887 - INFO - num_full_subsets = 2
2025-12-14 00:02:46,936 - INFO - phi = [ 2.11529468  0.58041038 -0.04471623  0.48067896]
2025-12-14 00:02:46,976 - INFO - num_full_subsets = 2
2025-12-14 00:02:47,025 - INFO - phi = [-0.74242717 -0.42946225 -0.05424524  0.18440794]
2025-12-14 00:02:47,065 - INFO - num_full_subsets = 2
2025-12-14 00:02:47,115 - INFO - phi = [ 0.22037826  0.38631699 -0.04176566 -0.53033173]
2025-12-14 00:02:47,154 - INFO - num_full_subsets = 2
2025-12-14 00:02:47,204 - INFO - phi = [ 1.6401781  -0.22706907  0.17364581  0.50952643]
2025-12-14 00:02:47,244 - INFO - num_full_subsets = 2
2025-12-14 00:02:47,294 - INFO - phi = [-1.41286845  0.34719679 -0.24332564  0.30113412]
2025-12-14 00:02:47,333 - INFO - num_full_subsets = 2
2025-12-14 00:02:47,383 - INFO - phi = [ 0.61491438  0.31334665  0.6597093  -0.88615686]
2025-12-14 00:02:47,423 - INFO - num_full_subsets = 2
2025-12-14 00:02:47,473 - INFO - phi = [ 0.77441794 -0.18647482 -0.09750616  0.48828353]
2025-12-14 00:02:47,512 - INFO - num_full_subsets = 2
2025-12-14 00:02:47,562 - INFO - phi = [-1.16839015 -0.43836847 -0.05020708 -0.5576197 ]
2025-12-14 00:02:47,602 - INFO - num_full_subsets = 2
2025-12-14 00:02:47,651 - INFO - phi = [1.90139493 0.01729832 0.18419051 0.46694743]
2025-12-14 00:02:47,691 - INFO - num_full_subsets = 2
2025-12-14 00:02:47,741 - INFO - phi = [ 0.26326926 -0.11820913 -0.20315923 -0.27719318]
2025-12-14 00:02:47,781 - INFO - num_full_subsets = 2
2025-12-14 00:02:47,831 - INFO - phi = [ 0.24854107  0.40818885 -0.00905991 -0.24173991]
2025-12-14 00:02:47,871 - INFO - num_full_subsets = 2
2025-12-14 00:02:47,921 - INFO - phi = [-1.17000563 -0.44686568 -0.06006867  0.15005037]
2025-12-14 00:02:47,961 - INFO - num_full_subsets = 2
2025-12-14 00:02:48,010 - INFO - phi = [ 0.97478977  0.45968329 -0.02630445 -0.09066793]
2025-12-14 00:02:48,050 - INFO - num_full_subsets = 2
2025-12-14 00:02:48,100 - INFO - phi = [-1.49470688 -0.47162597 -0.06419667  0.15890839]
2025-12-14 00:02:48,140 - INFO - num_full_subsets = 2
2025-12-14 00:02:48,190 - INFO - phi = [0.35158617 0.20131438 0.45018454 0.46224045]
2025-12-14 00:02:48,230 - INFO - num_full_subsets = 2
2025-12-14 00:02:48,279 - INFO - phi = [-1.42981522 -0.38743641 -0.01674118 -0.13911518]
2025-12-14 00:02:48,318 - INFO - num_full_subsets = 2
2025-12-14 00:02:48,368 - INFO - phi = [-1.41286845  0.34719679 -0.24332564  0.30113412]
2025-12-14 00:02:48,408 - INFO - num_full_subsets = 2
2025-12-14 00:02:48,458 - INFO - phi = [-1.04339939 -0.47637208 -0.18010783  0.18957286]
2025-12-14 00:02:48,498 - INFO - num_full_subsets = 2
2025-12-14 00:02:48,547 - INFO - phi = [-0.4718481  -0.66499615  0.01297795 -0.4152748 ]
2025-12-14 00:02:48,587 - INFO - num_full_subsets = 2
2025-12-14 00:02:48,637 - INFO - phi = [ 1.81014904  0.59147058  0.02225486 -0.29466378]
2025-12-14 00:02:48,676 - INFO - num_full_subsets = 2
2025-12-14 00:02:48,726 - INFO - phi = [ 0.2149119  -0.04993357 -0.10007291  0.28294074]
2025-12-14 00:02:48,765 - INFO - num_full_subsets = 2
2025-12-14 00:02:48,814 - INFO - phi = [0.79172772 0.61718855 0.32773411 0.57769162]
2025-12-14 00:02:48,854 - INFO - num_full_subsets = 2
2025-12-14 00:02:48,903 - INFO - phi = [-0.94627704 -0.56434888 -0.05113511 -0.4222469 ]
2025-12-14 00:02:48,942 - INFO - num_full_subsets = 2
2025-12-14 00:02:48,992 - INFO - phi = [ 0.75242143 -0.44733267  0.14652191  0.34050979]
2025-12-14 00:02:49,032 - INFO - num_full_subsets = 2
2025-12-14 00:02:49,082 - INFO - phi = [ 0.23096144  0.35060866  0.2030017  -0.48524014]
2025-12-14 00:02:49,122 - INFO - num_full_subsets = 2
2025-12-14 00:02:49,171 - INFO - phi = [-0.77566787 -0.41929599 -0.02472368 -0.11658827]
2025-12-14 00:02:49,211 - INFO - num_full_subsets = 2
2025-12-14 00:02:49,261 - INFO - phi = [ 0.17110636  0.42719246 -0.07735459 -0.55953066]
2025-12-14 00:02:49,301 - INFO - num_full_subsets = 2
2025-12-14 00:02:49,350 - INFO - phi = [1.55903435 0.44042292 0.12084292 0.48478013]
2025-12-14 00:02:49,389 - INFO - num_full_subsets = 2
2025-12-14 00:02:49,438 - INFO - phi = [ 0.30142444  0.10538391 -0.00681547  0.35594025]
2025-12-14 00:02:49,478 - INFO - num_full_subsets = 2
2025-12-14 00:02:49,527 - INFO - phi = [ 0.667085    0.39446386 -0.05222001  0.35692542]
2025-12-14 00:02:49,567 - INFO - num_full_subsets = 2
2025-12-14 00:02:49,617 - INFO - phi = [-0.42390072  0.66211303  0.21410378  0.19418209]
2025-12-14 00:02:49,657 - INFO - num_full_subsets = 2
2025-12-14 00:02:49,707 - INFO - phi = [ 1.73279901  0.06148769 -0.10755864  0.40110706]
2025-12-14 00:02:49,747 - INFO - num_full_subsets = 2
2025-12-14 00:02:49,796 - INFO - phi = [ 0.29229078  0.41636924 -0.03967371  0.26246401]
2025-12-14 00:02:49,836 - INFO - num_full_subsets = 2
2025-12-14 00:02:49,885 - INFO - phi = [0.40650424 0.30947704 0.21425595 0.41595639]
2025-12-14 00:02:49,927 - INFO - num_full_subsets = 2
2025-12-14 00:02:49,977 - INFO - phi = [-1.24655379 -0.51416704 -0.04879481 -0.159372  ]
2025-12-14 00:02:50,017 - INFO - num_full_subsets = 2
2025-12-14 00:02:50,067 - INFO - phi = [-0.50999856 -0.73699508  0.20966869 -0.64239907]
2025-12-14 00:02:50,107 - INFO - num_full_subsets = 2
2025-12-14 00:02:50,157 - INFO - phi = [ 0.73417431  0.17439022 -0.10522061  0.60712658]
2025-12-14 00:02:50,196 - INFO - num_full_subsets = 2
2025-12-14 00:02:50,246 - INFO - phi = [0.32391945 0.33756151 0.01721241 0.44687947]
2025-12-14 00:02:50,286 - INFO - num_full_subsets = 2
2025-12-14 00:02:50,336 - INFO - phi = [-0.25981739  0.66824324  0.06591139  0.43911715]
2025-12-14 00:02:50,376 - INFO - num_full_subsets = 2
2025-12-14 00:02:50,426 - INFO - phi = [ 9.14314602e-01  4.51788282e-01 -2.39123029e-04  3.81914945e-01]
2025-12-14 00:02:50,466 - INFO - num_full_subsets = 2
2025-12-14 00:02:50,516 - INFO - phi = [-0.65622709 -0.66491163 -0.02986102  0.19883358]
2025-12-14 00:02:50,556 - INFO - num_full_subsets = 2
2025-12-14 00:02:50,606 - INFO - phi = [ 0.36745317 -0.7769088  -0.00987776 -0.92617192]
2025-12-14 00:02:50,646 - INFO - num_full_subsets = 2
2025-12-14 00:02:50,696 - INFO - phi = [-1.76188194  0.17951185 -0.04690915  0.14255313]
2025-12-14 00:02:50,736 - INFO - num_full_subsets = 2
2025-12-14 00:02:50,786 - INFO - phi = [ 1.75029964 -0.04377111  0.06563211 -0.89148415]
2025-12-14 00:02:50,827 - INFO - num_full_subsets = 2
2025-12-14 00:02:50,877 - INFO - phi = [ 0.84527629 -0.02730348 -0.06152803  0.36196433]
2025-12-14 00:02:50,917 - INFO - num_full_subsets = 2
2025-12-14 00:02:50,966 - INFO - phi = [ 2.15761539  0.0886027  -0.02383609  0.46086093]
2025-12-14 00:02:51,006 - INFO - num_full_subsets = 2
2025-12-14 00:02:51,057 - INFO - phi = [ 0.79856772  0.16982666 -0.02538416  0.25021821]
2025-12-14 00:02:51,097 - INFO - num_full_subsets = 2
2025-12-14 00:02:51,146 - INFO - phi = [-1.17795686 -0.67272127 -0.09223401  0.15087574]
2025-12-14 00:02:51,186 - INFO - num_full_subsets = 2
2025-12-14 00:02:51,236 - INFO - phi = [-1.21618863 -0.55263829 -0.03284891  0.1232143 ]
2025-12-14 00:02:51,276 - INFO - num_full_subsets = 2
2025-12-14 00:02:51,326 - INFO - phi = [-0.13526979  0.11872822 -0.13094438 -0.06646452]
2025-12-14 00:02:51,366 - INFO - num_full_subsets = 2
2025-12-14 00:02:51,416 - INFO - phi = [-0.46982198  0.01698851 -0.11592108  0.15813326]
2025-12-14 00:02:51,455 - INFO - num_full_subsets = 2
2025-12-14 00:02:51,505 - INFO - phi = [ 0.16085416  0.39957279  0.00118765 -0.76948079]
2025-12-14 00:02:51,545 - INFO - num_full_subsets = 2
2025-12-14 00:02:51,594 - INFO - phi = [ 1.81014904  0.59147058  0.02225486 -0.29466378]
2025-12-14 00:02:51,634 - INFO - num_full_subsets = 2
2025-12-14 00:02:51,683 - INFO - phi = [-1.14260469  0.35961579 -0.09259761 -0.10021271]
2025-12-14 00:02:51,723 - INFO - num_full_subsets = 2
2025-12-14 00:02:51,773 - INFO - phi = [ 0.27811564  0.48673954  0.09345298 -0.36647086]
2025-12-14 00:02:51,813 - INFO - num_full_subsets = 2
2025-12-14 00:02:51,861 - INFO - phi = [ 0.72718187 -0.11716557  0.38749722  0.28358858]
2025-12-14 00:02:51,902 - INFO - num_full_subsets = 2
2025-12-14 00:02:51,951 - INFO - phi = [-1.36721429 -0.6525861   0.10939769  0.35419421]
2025-12-14 00:02:51,991 - INFO - num_full_subsets = 2
2025-12-14 00:02:52,041 - INFO - phi = [-1.15861279 -0.45145653 -0.05699056 -0.56582988]
2025-12-14 00:02:52,080 - INFO - num_full_subsets = 2
2025-12-14 00:02:52,130 - INFO - phi = [1.03760034 0.40285909 0.03168934 0.28975766]
2025-12-14 00:02:52,169 - INFO - num_full_subsets = 2
2025-12-14 00:02:52,219 - INFO - phi = [-1.18051344 -0.50909496 -0.10670391 -0.18791062]
2025-12-14 00:02:52,258 - INFO - num_full_subsets = 2
2025-12-14 00:02:52,308 - INFO - phi = [-1.2489573  -0.49480305  0.00761692 -0.22828454]
2025-12-14 00:02:52,347 - INFO - num_full_subsets = 2
2025-12-14 00:02:52,397 - INFO - phi = [ 0.41729748 -0.59731192  0.22510104 -0.92264422]
2025-12-14 00:02:52,436 - INFO - num_full_subsets = 2
2025-12-14 00:02:52,486 - INFO - phi = [ 0.18440129  0.44680173 -0.17802389 -0.33736712]
2025-12-14 00:02:52,525 - INFO - num_full_subsets = 2
2025-12-14 00:02:52,574 - INFO - phi = [-1.1241191  -0.54902769 -0.0630313  -0.16736941]
2025-12-14 00:02:52,614 - INFO - num_full_subsets = 2
2025-12-14 00:02:52,665 - INFO - phi = [-1.20089801 -0.52126357 -0.05240033 -0.3094702 ]
2025-12-14 00:02:52,704 - INFO - num_full_subsets = 2
2025-12-14 00:02:52,754 - INFO - phi = [ 0.83492125 -0.18084741 -0.01986473  0.47046131]
2025-12-14 00:02:52,794 - INFO - num_full_subsets = 2
2025-12-14 00:02:52,843 - INFO - phi = [-1.61511567  0.27295178 -0.02332546 -0.25041239]
2025-12-14 00:02:52,883 - INFO - num_full_subsets = 2
2025-12-14 00:02:52,932 - INFO - phi = [-1.17914453 -0.66972599  0.00187729  0.26732432]
2025-12-14 00:02:52,972 - INFO - num_full_subsets = 2
2025-12-14 00:02:53,022 - INFO - phi = [-1.45167069  0.42204892 -0.06803847  0.11123456]
2025-12-14 00:02:53,062 - INFO - num_full_subsets = 2
2025-12-14 00:02:53,112 - INFO - phi = [-1.2497843  -0.44156449 -0.039379   -0.25619139]
2025-12-14 00:02:53,152 - INFO - num_full_subsets = 2
2025-12-14 00:02:53,202 - INFO - phi = [-0.78127848  0.45530079 -0.09429927  0.19891169]
2025-12-14 00:02:53,243 - INFO - num_full_subsets = 2
2025-12-14 00:02:53,292 - INFO - phi = [-0.97623251 -0.58430675 -0.06593037 -0.41346446]
2025-12-14 00:02:53,332 - INFO - num_full_subsets = 2
2025-12-14 00:02:53,382 - INFO - phi = [ 0.20866539  0.39016461  0.12584422 -0.84531248]
2025-12-14 00:02:53,421 - INFO - num_full_subsets = 2
2025-12-14 00:02:53,471 - INFO - phi = [ 1.04318384  0.0219357  -0.08261448  0.25528321]
2025-12-14 00:02:53,510 - INFO - num_full_subsets = 2
2025-12-14 00:02:53,559 - INFO - phi = [ 1.49513035  0.02582026 -0.06138741  0.36873164]
2025-12-14 00:02:53,599 - INFO - num_full_subsets = 2
2025-12-14 00:02:53,648 - INFO - phi = [-0.54205454 -0.87783133  0.14624751 -0.1387435 ]
2025-12-14 00:02:53,688 - INFO - num_full_subsets = 2
2025-12-14 00:02:53,737 - INFO - phi = [ 0.81536002 -0.73424902 -0.02356006  0.48994231]
2025-12-14 00:02:53,776 - INFO - num_full_subsets = 2
2025-12-14 00:02:53,827 - INFO - phi = [-0.48684009 -0.78379248 -0.04319441 -0.41125695]
2025-12-14 00:02:53,867 - INFO - num_full_subsets = 2
2025-12-14 00:02:53,916 - INFO - phi = [-0.88254254 -0.76029325 -0.00892591 -0.17017404]
2025-12-14 00:02:53,955 - INFO - num_full_subsets = 2
2025-12-14 00:02:54,005 - INFO - phi = [-0.12752813  1.08937684 -0.18996196  0.13241627]
2025-12-14 00:02:54,546 - INFO - Computing feature importance...
2025-12-14 00:03:00,591 - INFO - Experiment completed for NGBoost
2025-12-14 00:03:00,592 - INFO - Total time: 320.74s (5.35 min)
2025-12-14 00:03:00,592 - INFO - Starting comprehensive experiment for NGBoost
2025-12-14 00:03:11,706 - INFO - Performing feature analysis...
2025-12-14 00:03:12,894 - INFO - Model justification: Probabilistic forecasting with natural gradient boosting, provides uncertainty quantification
2025-12-14 00:03:12,894 - INFO - Performing robust cross-validation...
2025-12-14 00:03:51,462 - INFO - CV Results - MSE: 0.8730 ± 0.1432
2025-12-14 00:03:51,462 - INFO - Starting hyperparameter optimization...
2025-12-14 00:07:58,381 - INFO - Best parameters for NGBoost: {'n_estimators': 117, 'learning_rate': 0.036792452607643716, 'minibatch_frac': 0.4135221750279532, 'natural_gradient': True}
2025-12-14 00:07:58,381 - INFO - ⏱️ HPO took 246.92 seconds
2025-12-14 00:07:58,382 - INFO - Training final model...
2025-12-14 00:07:58,942 - INFO - ⏱️ Training took 0.56 seconds
2025-12-14 00:07:58,942 - INFO - Performing residual analysis...
2025-12-14 00:07:59,959 - INFO - Generating XAI explanations...
2025-12-14 00:07:59,975 - WARNING - Using 168 background data samples could cause slower run times. Consider using shap.sample(data, K) or shap.kmeans(data, K) to summarize the background as K samples.
2025-12-14 00:08:00,004 - INFO - num_full_subsets = 2
2025-12-14 00:08:00,034 - INFO - phi = [ 0.25389228  0.24074642  0.05192107 -0.29219789]
2025-12-14 00:08:00,062 - INFO - num_full_subsets = 2
2025-12-14 00:08:00,092 - INFO - phi = [-0.41504066 -0.66810391  0.41065159 -0.68735204]
2025-12-14 00:08:00,121 - INFO - num_full_subsets = 2
2025-12-14 00:08:00,151 - INFO - phi = [-0.81754632  0.29171752 -0.37471137  0.14901638]
2025-12-14 00:08:00,180 - INFO - num_full_subsets = 2
2025-12-14 00:08:00,210 - INFO - phi = [ 1.04888474  0.58276659 -0.01638171  0.40864295]
2025-12-14 00:08:00,239 - INFO - num_full_subsets = 2
2025-12-14 00:08:00,269 - INFO - phi = [ 0.28882888  0.54632416 -0.19343612  0.40630502]
2025-12-14 00:08:00,298 - INFO - num_full_subsets = 2
2025-12-14 00:08:00,328 - INFO - phi = [ 0.21935058 -0.66420868  0.3289925  -0.76200586]
2025-12-14 00:08:00,357 - INFO - num_full_subsets = 2
2025-12-14 00:08:00,387 - INFO - phi = [-0.91231987  0.15187592 -0.18132057  0.08621333]
2025-12-14 00:08:00,416 - INFO - num_full_subsets = 2
2025-12-14 00:08:00,446 - INFO - phi = [-0.45585895  0.11857502 -0.25911974  0.12487223]
2025-12-14 00:08:00,475 - INFO - num_full_subsets = 2
2025-12-14 00:08:00,505 - INFO - phi = [-1.1208325  -0.44450373 -0.11427747 -0.24544274]
2025-12-14 00:08:00,533 - INFO - num_full_subsets = 2
2025-12-14 00:08:00,563 - INFO - phi = [ 1.83797072  0.57270349 -0.04352034  0.53135255]
2025-12-14 00:08:00,592 - INFO - num_full_subsets = 2
2025-12-14 00:08:00,622 - INFO - phi = [-1.10483711 -0.46228892  0.01323138 -0.44380396]
2025-12-14 00:08:00,651 - INFO - num_full_subsets = 2
2025-12-14 00:08:00,681 - INFO - phi = [ 0.32278716 -0.02681313  0.13752132 -0.48242856]
2025-12-14 00:08:00,710 - INFO - num_full_subsets = 2
2025-12-14 00:08:00,740 - INFO - phi = [0.90318526 0.47941211 0.12486838 0.27524488]
2025-12-14 00:08:00,769 - INFO - num_full_subsets = 2
2025-12-14 00:08:00,799 - INFO - phi = [ 0.73648491  0.76216777 -0.130085    0.50098651]
2025-12-14 00:08:00,828 - INFO - num_full_subsets = 2
2025-12-14 00:08:00,858 - INFO - phi = [0.56102708 0.16193915 0.23707372 0.42073863]
2025-12-14 00:08:00,886 - INFO - num_full_subsets = 2
2025-12-14 00:08:00,916 - INFO - phi = [ 1.51510344 -0.36158345  0.78885591 -1.05513276]
2025-12-14 00:08:00,945 - INFO - num_full_subsets = 2
2025-12-14 00:08:00,975 - INFO - phi = [ 0.27341501  0.46910124  0.28664308 -0.34936673]
2025-12-14 00:08:01,004 - INFO - num_full_subsets = 2
2025-12-14 00:08:01,034 - INFO - phi = [-0.86182626  0.02019333  0.03831766  0.70100731]
2025-12-14 00:08:01,063 - INFO - num_full_subsets = 2
2025-12-14 00:08:01,093 - INFO - phi = [-1.26898426 -0.41639155  0.0139825  -0.22436542]
2025-12-14 00:08:01,121 - INFO - num_full_subsets = 2
2025-12-14 00:08:01,151 - INFO - phi = [0.38094842 0.17355127 0.03961716 0.44005002]
2025-12-14 00:08:01,180 - INFO - num_full_subsets = 2
2025-12-14 00:08:01,210 - INFO - phi = [ 1.97020969  0.65735051 -0.09898712 -0.23622779]
2025-12-14 00:08:01,239 - INFO - num_full_subsets = 2
2025-12-14 00:08:01,268 - INFO - phi = [-1.25067689 -0.45419928 -0.00288009 -0.1439979 ]
2025-12-14 00:08:01,297 - INFO - num_full_subsets = 2
2025-12-14 00:08:01,327 - INFO - phi = [ 1.19839624 -0.11195209  0.02104258 -0.12356051]
2025-12-14 00:08:01,355 - INFO - num_full_subsets = 2
2025-12-14 00:08:01,385 - INFO - phi = [-0.64520496 -0.72938732 -0.02711494 -0.17276124]
2025-12-14 00:08:01,414 - INFO - num_full_subsets = 2
2025-12-14 00:08:01,443 - INFO - phi = [-0.64989155 -0.68527801  0.33070566 -0.46337737]
2025-12-14 00:08:01,472 - INFO - num_full_subsets = 2
2025-12-14 00:08:01,502 - INFO - phi = [ 2.12914159  0.18461222 -0.04358491  0.42276005]
2025-12-14 00:08:01,531 - INFO - num_full_subsets = 2
2025-12-14 00:08:01,561 - INFO - phi = [ 1.15151927  0.29739    -0.38911436  0.38398575]
2025-12-14 00:08:01,589 - INFO - num_full_subsets = 2
2025-12-14 00:08:01,619 - INFO - phi = [ 0.25657351  0.01474766  0.03828885 -0.23220046]
2025-12-14 00:08:01,648 - INFO - num_full_subsets = 2
2025-12-14 00:08:01,678 - INFO - phi = [-1.23595091 -0.51467935  0.02776471 -0.14741455]
2025-12-14 00:08:01,706 - INFO - num_full_subsets = 2
2025-12-14 00:08:01,736 - INFO - phi = [-1.09821661 -0.45368033 -0.07465636  0.291898  ]
2025-12-14 00:08:01,765 - INFO - num_full_subsets = 2
2025-12-14 00:08:01,795 - INFO - phi = [ 0.50283021 -0.43969826 -1.22604071 -0.12928117]
2025-12-14 00:08:01,825 - INFO - num_full_subsets = 2
2025-12-14 00:08:01,855 - INFO - phi = [ 1.98702482  0.57752911 -0.15744338  0.37382828]
2025-12-14 00:08:01,884 - INFO - num_full_subsets = 2
2025-12-14 00:08:01,914 - INFO - phi = [ 0.00817892  0.60766697 -0.50038007 -0.55090231]
2025-12-14 00:08:01,943 - INFO - num_full_subsets = 2
2025-12-14 00:08:01,973 - INFO - phi = [-4.12304308e-01 -7.47749674e-01 -9.71891237e-06 -3.00562728e-01]
2025-12-14 00:08:02,002 - INFO - num_full_subsets = 2
2025-12-14 00:08:02,032 - INFO - phi = [ 0.12827475  0.52753076  0.20993901 -0.87824218]
2025-12-14 00:08:02,061 - INFO - num_full_subsets = 2
2025-12-14 00:08:02,091 - INFO - phi = [-1.43237206 -0.45819088  0.03056795  0.21702292]
2025-12-14 00:08:02,120 - INFO - num_full_subsets = 2
2025-12-14 00:08:02,150 - INFO - phi = [0.34635674 0.59048496 0.01538153 0.27496399]
2025-12-14 00:08:02,179 - INFO - num_full_subsets = 2
2025-12-14 00:08:02,209 - INFO - phi = [0.37439872 0.26790269 0.48430992 0.50243964]
2025-12-14 00:08:02,238 - INFO - num_full_subsets = 2
2025-12-14 00:08:02,267 - INFO - phi = [-0.85128248 -0.58763724 -0.0222825  -0.20462864]
2025-12-14 00:08:02,296 - INFO - num_full_subsets = 2
2025-12-14 00:08:02,326 - INFO - phi = [0.68069982 0.65407068 0.17921822 0.29825619]
2025-12-14 00:08:02,355 - INFO - num_full_subsets = 2
2025-12-14 00:08:02,384 - INFO - phi = [1.70545898 0.27012768 0.17200657 0.59532518]
2025-12-14 00:08:02,413 - INFO - num_full_subsets = 2
2025-12-14 00:08:02,442 - INFO - phi = [ 0.36718711 -0.07456399  0.03390081  0.44221091]
2025-12-14 00:08:02,471 - INFO - num_full_subsets = 2
2025-12-14 00:08:02,501 - INFO - phi = [-1.05664655  0.99965614 -0.14242527  0.55727709]
2025-12-14 00:08:02,529 - INFO - num_full_subsets = 2
2025-12-14 00:08:02,559 - INFO - phi = [-1.02936794  0.30300921 -0.14955445  0.19209897]
2025-12-14 00:08:02,588 - INFO - num_full_subsets = 2
2025-12-14 00:08:02,618 - INFO - phi = [ 0.14963922  0.54148237  0.18754386 -0.64933866]
2025-12-14 00:08:02,646 - INFO - num_full_subsets = 2
2025-12-14 00:08:02,676 - INFO - phi = [ 0.25633915  0.608241    0.18738945 -0.47194409]
2025-12-14 00:08:02,705 - INFO - num_full_subsets = 2
2025-12-14 00:08:02,735 - INFO - phi = [ 0.52261435  0.1141893  -0.11521495  0.48047286]
2025-12-14 00:08:02,763 - INFO - num_full_subsets = 2
2025-12-14 00:08:02,793 - INFO - phi = [1.08064366 0.30797565 0.09458722 0.46666236]
2025-12-14 00:08:02,822 - INFO - num_full_subsets = 2
2025-12-14 00:08:02,852 - INFO - phi = [ 1.67669171  0.00451076  0.01236276 -0.83195753]
2025-12-14 00:08:02,881 - INFO - num_full_subsets = 2
2025-12-14 00:08:02,911 - INFO - phi = [-4.12304308e-01 -7.47749674e-01 -9.71891237e-06 -3.00562728e-01]
2025-12-14 00:08:02,940 - INFO - num_full_subsets = 2
2025-12-14 00:08:02,969 - INFO - phi = [-0.77081735 -0.59382529 -0.02748654 -0.15356593]
2025-12-14 00:08:02,998 - INFO - num_full_subsets = 2
2025-12-14 00:08:03,028 - INFO - phi = [ 0.40306245  0.06651303 -0.01523989  0.51513936]
2025-12-14 00:08:03,057 - INFO - num_full_subsets = 2
2025-12-14 00:08:03,086 - INFO - phi = [ 2.21680993  0.21241175 -0.0244058   0.36257703]
2025-12-14 00:08:03,115 - INFO - num_full_subsets = 2
2025-12-14 00:08:03,145 - INFO - phi = [0.50053258 0.81333712 0.04680865 0.55984838]
2025-12-14 00:08:03,174 - INFO - num_full_subsets = 2
2025-12-14 00:08:03,204 - INFO - phi = [0.66079247 0.15586419 0.10742182 0.38329797]
2025-12-14 00:08:03,232 - INFO - num_full_subsets = 2
2025-12-14 00:08:03,262 - INFO - phi = [ 1.93999362  0.44049786 -0.0126812   0.38560695]
2025-12-14 00:08:03,291 - INFO - num_full_subsets = 2
2025-12-14 00:08:03,320 - INFO - phi = [ 0.07477798  0.26531564 -0.22117334 -0.51905238]
2025-12-14 00:08:03,349 - INFO - num_full_subsets = 2
2025-12-14 00:08:03,378 - INFO - phi = [ 0.20409543  0.40121091  0.29903712 -0.55873687]
2025-12-14 00:08:03,407 - INFO - num_full_subsets = 2
2025-12-14 00:08:03,437 - INFO - phi = [-0.06106622  0.71319087 -0.15805125  0.30799476]
2025-12-14 00:08:03,465 - INFO - num_full_subsets = 2
2025-12-14 00:08:03,494 - INFO - phi = [ 1.54417269  0.24507044 -0.03418876  0.25836152]
2025-12-14 00:08:03,523 - INFO - num_full_subsets = 2
2025-12-14 00:08:03,552 - INFO - phi = [1.99466351 0.06844263 0.38292631 0.65066814]
2025-12-14 00:08:03,581 - INFO - num_full_subsets = 2
2025-12-14 00:08:03,610 - INFO - phi = [-1.44825545  0.16141249 -0.21196751 -0.14395081]
2025-12-14 00:08:03,639 - INFO - num_full_subsets = 2
2025-12-14 00:08:03,669 - INFO - phi = [-0.89432138 -0.61515733  0.08165111 -0.52258417]
2025-12-14 00:08:03,698 - INFO - num_full_subsets = 2
2025-12-14 00:08:03,727 - INFO - phi = [-1.02683451 -0.5719816  -0.01810023 -0.17212613]
2025-12-14 00:08:03,756 - INFO - num_full_subsets = 2
2025-12-14 00:08:03,786 - INFO - phi = [-1.3995824  -0.37130383 -0.14711696  0.16640164]
2025-12-14 00:08:03,814 - INFO - num_full_subsets = 2
2025-12-14 00:08:03,844 - INFO - phi = [1.79837921 0.28739152 0.07854363 0.43117749]
2025-12-14 00:08:03,873 - INFO - num_full_subsets = 2
2025-12-14 00:08:03,902 - INFO - phi = [-0.51813109 -0.66783473 -0.08518397  0.37401255]
2025-12-14 00:08:03,931 - INFO - num_full_subsets = 2
2025-12-14 00:08:03,960 - INFO - phi = [-0.08577736  0.28328315 -0.14067537 -0.0014085 ]
2025-12-14 00:08:03,989 - INFO - num_full_subsets = 2
2025-12-14 00:08:04,019 - INFO - phi = [-0.2441407   0.81627495  0.23695293  0.18623591]
2025-12-14 00:08:04,048 - INFO - num_full_subsets = 2
2025-12-14 00:08:04,078 - INFO - phi = [ 0.75586207  0.43244539 -0.12325561  0.4707432 ]
2025-12-14 00:08:04,106 - INFO - num_full_subsets = 2
2025-12-14 00:08:04,136 - INFO - phi = [ 0.41033246 -0.67124258 -0.01363645 -0.93395623]
2025-12-14 00:08:04,165 - INFO - num_full_subsets = 2
2025-12-14 00:08:04,195 - INFO - phi = [-1.04913984 -0.47559255 -0.80533979  0.57335429]
2025-12-14 00:08:04,223 - INFO - num_full_subsets = 2
2025-12-14 00:08:04,253 - INFO - phi = [-0.59065138 -0.71707241 -0.01356439 -0.4820785 ]
2025-12-14 00:08:04,282 - INFO - num_full_subsets = 2
2025-12-14 00:08:04,311 - INFO - phi = [ 0.8140806  -0.61149972 -0.01243253 -1.00624822]
2025-12-14 00:08:04,340 - INFO - num_full_subsets = 2
2025-12-14 00:08:04,370 - INFO - phi = [ 0.46250812 -0.28260883  0.33258803  0.58833923]
2025-12-14 00:08:04,398 - INFO - num_full_subsets = 2
2025-12-14 00:08:04,428 - INFO - phi = [-1.01013513 -0.47369756 -0.8060533  -0.08193517]
2025-12-14 00:08:04,456 - INFO - num_full_subsets = 2
2025-12-14 00:08:04,486 - INFO - phi = [ 0.96198519  0.06203398  0.15004467 -0.04872561]
2025-12-14 00:08:04,514 - INFO - num_full_subsets = 2
2025-12-14 00:08:04,543 - INFO - phi = [ 0.33148546  0.16421815 -0.12984421  0.47269571]
2025-12-14 00:08:04,572 - INFO - num_full_subsets = 2
2025-12-14 00:08:04,602 - INFO - phi = [-1.09913728 -0.55364049  0.01096957 -0.31459196]
2025-12-14 00:08:04,630 - INFO - num_full_subsets = 2
2025-12-14 00:08:04,660 - INFO - phi = [-1.09622388 -0.36744462 -0.13764884  0.40610003]
2025-12-14 00:08:04,689 - INFO - num_full_subsets = 2
2025-12-14 00:08:04,718 - INFO - phi = [ 0.18090421  0.12950401  0.12691997 -0.58782056]
2025-12-14 00:08:04,746 - INFO - num_full_subsets = 2
2025-12-14 00:08:04,776 - INFO - phi = [ 0.62460676  0.48342483 -0.10699439  0.55230052]
2025-12-14 00:08:04,805 - INFO - num_full_subsets = 2
2025-12-14 00:08:04,834 - INFO - phi = [-0.89957448 -0.57472131 -0.02057002 -0.3049827 ]
2025-12-14 00:08:04,863 - INFO - num_full_subsets = 2
2025-12-14 00:08:04,893 - INFO - phi = [ 0.35822476 -0.05538048  0.19336678 -0.29642351]
2025-12-14 00:08:04,922 - INFO - num_full_subsets = 2
2025-12-14 00:08:04,952 - INFO - phi = [-1.27917949 -0.16662897 -0.19656137 -0.44882373]
2025-12-14 00:08:04,983 - INFO - num_full_subsets = 2
2025-12-14 00:08:05,015 - INFO - phi = [0.4143005  0.41639833 0.48215341 0.58903713]
2025-12-14 00:08:05,045 - INFO - num_full_subsets = 2
2025-12-14 00:08:05,074 - INFO - phi = [-1.48946646 -0.39336368 -0.07144845  0.1916417 ]
2025-12-14 00:08:05,103 - INFO - num_full_subsets = 2
2025-12-14 00:08:05,132 - INFO - phi = [1.15775753 0.19283005 0.07630255 0.38113218]
2025-12-14 00:08:05,161 - INFO - num_full_subsets = 2
2025-12-14 00:08:05,191 - INFO - phi = [ 2.21680993  0.21241175 -0.0244058   0.36257703]
2025-12-14 00:08:05,219 - INFO - num_full_subsets = 2
2025-12-14 00:08:05,249 - INFO - phi = [1.90353383 0.70789347 0.20454906 0.69374363]
2025-12-14 00:08:05,278 - INFO - num_full_subsets = 2
2025-12-14 00:08:05,307 - INFO - phi = [-1.64634516 -0.06594784  0.03046916  0.2433444 ]
2025-12-14 00:08:05,336 - INFO - num_full_subsets = 2
2025-12-14 00:08:05,366 - INFO - phi = [ 1.72031674  0.38985924  0.08246963 -0.18605312]
2025-12-14 00:08:05,395 - INFO - num_full_subsets = 2
2025-12-14 00:08:05,424 - INFO - phi = [-0.4100594  -0.14859943 -0.08255463  0.2923094 ]
2025-12-14 00:08:05,453 - INFO - num_full_subsets = 2
2025-12-14 00:08:05,483 - INFO - phi = [ 1.08423696 -0.01059024  0.10074615  0.23312973]
2025-12-14 00:08:05,512 - INFO - num_full_subsets = 2
2025-12-14 00:08:05,542 - INFO - phi = [-1.4976881   0.11820195 -0.17299575  0.15172433]
2025-12-14 00:08:05,571 - INFO - num_full_subsets = 2
2025-12-14 00:08:05,600 - INFO - phi = [ 0.97603981  0.56321166 -0.14566301  0.33918536]
2025-12-14 00:08:05,629 - INFO - num_full_subsets = 2
2025-12-14 00:08:05,659 - INFO - phi = [ 0.20897332  0.59781792  0.30978856 -0.66610853]
2025-12-14 00:08:05,687 - INFO - num_full_subsets = 2
2025-12-14 00:08:05,717 - INFO - phi = [-0.37734708 -0.31658596  0.33130804 -0.30227796]
2025-12-14 00:08:05,746 - INFO - num_full_subsets = 2
2025-12-14 00:08:05,776 - INFO - phi = [-0.75144604 -0.55593551  0.06554476 -0.38712062]
2025-12-14 00:08:05,805 - INFO - num_full_subsets = 2
2025-12-14 00:08:05,834 - INFO - phi = [-1.1509605  -0.39354818 -0.03795669 -0.4110727 ]
2025-12-14 00:08:05,863 - INFO - num_full_subsets = 2
2025-12-14 00:08:05,893 - INFO - phi = [ 1.79271359  0.16106462 -0.28312501 -0.40093008]
2025-12-14 00:08:05,921 - INFO - num_full_subsets = 2
2025-12-14 00:08:05,951 - INFO - phi = [1.72556423 0.00709675 0.25240481 0.33770756]
2025-12-14 00:08:05,980 - INFO - num_full_subsets = 2
2025-12-14 00:08:06,009 - INFO - phi = [-1.38309995 -0.5189649  -0.01837762  0.16580259]
2025-12-14 00:08:06,038 - INFO - num_full_subsets = 2
2025-12-14 00:08:06,068 - INFO - phi = [ 0.23888208 -0.69960962  0.09957128 -0.77326533]
2025-12-14 00:08:06,097 - INFO - num_full_subsets = 2
2025-12-14 00:08:06,127 - INFO - phi = [-1.14268826 -0.40105631  0.0538335  -0.40810082]
2025-12-14 00:08:06,156 - INFO - num_full_subsets = 2
2025-12-14 00:08:06,185 - INFO - phi = [-0.36266238  0.6337683  -0.07436271  0.54875157]
2025-12-14 00:08:06,214 - INFO - num_full_subsets = 2
2025-12-14 00:08:06,244 - INFO - phi = [1.02414957 0.42016827 0.40407484 0.50763403]
2025-12-14 00:08:06,272 - INFO - num_full_subsets = 2
2025-12-14 00:08:06,302 - INFO - phi = [-0.84507025 -0.64416807  0.03203051  0.34759946]
2025-12-14 00:08:06,331 - INFO - num_full_subsets = 2
2025-12-14 00:08:06,361 - INFO - phi = [ 1.14477772  0.11096406 -0.12283932  0.52373861]
2025-12-14 00:08:06,390 - INFO - num_full_subsets = 2
2025-12-14 00:08:06,419 - INFO - phi = [-0.53944474 -0.67737451  0.06098081 -0.54937755]
2025-12-14 00:08:06,448 - INFO - num_full_subsets = 2
2025-12-14 00:08:06,478 - INFO - phi = [-1.45288735  0.17492843 -0.14365696 -0.09339405]
2025-12-14 00:08:06,507 - INFO - num_full_subsets = 2
2025-12-14 00:08:06,537 - INFO - phi = [0.2552626  0.09543402 0.31703514 0.43613188]
2025-12-14 00:08:06,566 - INFO - num_full_subsets = 2
2025-12-14 00:08:06,596 - INFO - phi = [1.26494178 0.10380772 0.32469421 0.3621168 ]
2025-12-14 00:08:06,625 - INFO - num_full_subsets = 2
2025-12-14 00:08:06,656 - INFO - phi = [ 0.05581357  0.46852728 -0.19925194 -0.562398  ]
2025-12-14 00:08:06,685 - INFO - num_full_subsets = 2
2025-12-14 00:08:06,715 - INFO - phi = [ 0.23827039  0.39137152  0.12135818 -0.56256699]
2025-12-14 00:08:06,743 - INFO - num_full_subsets = 2
2025-12-14 00:08:06,773 - INFO - phi = [1.82721131 0.09296202 0.0753894  0.424303  ]
2025-12-14 00:08:06,802 - INFO - num_full_subsets = 2
2025-12-14 00:08:06,832 - INFO - phi = [-1.25828542 -0.45820076 -0.03851912 -0.15059887]
2025-12-14 00:08:06,860 - INFO - num_full_subsets = 2
2025-12-14 00:08:06,890 - INFO - phi = [-1.13845799 -0.46238001 -0.03277038 -0.31422688]
2025-12-14 00:08:06,919 - INFO - num_full_subsets = 2
2025-12-14 00:08:06,949 - INFO - phi = [-1.47412808 -0.34823726 -0.08202808  0.06787482]
2025-12-14 00:08:06,977 - INFO - num_full_subsets = 2
2025-12-14 00:08:07,007 - INFO - phi = [-1.1673039  -0.53182974 -0.05697201  0.20989821]
2025-12-14 00:08:07,036 - INFO - num_full_subsets = 2
2025-12-14 00:08:07,066 - INFO - phi = [-1.30267764 -0.44581205  0.03746655 -0.14573075]
2025-12-14 00:08:07,094 - INFO - num_full_subsets = 2
2025-12-14 00:08:07,124 - INFO - phi = [ 0.21782695  0.61421549  0.19668761 -0.51236227]
2025-12-14 00:08:07,153 - INFO - num_full_subsets = 2
2025-12-14 00:08:07,182 - INFO - phi = [-1.00470938 -0.37145022 -0.20644458 -0.39166144]
2025-12-14 00:08:07,210 - INFO - num_full_subsets = 2
2025-12-14 00:08:07,240 - INFO - phi = [-1.38846156 -0.38883607 -0.03459858 -0.04884567]
2025-12-14 00:08:07,269 - INFO - num_full_subsets = 2
2025-12-14 00:08:07,298 - INFO - phi = [ 0.18706166  0.04668728  0.04404625 -0.77316258]
2025-12-14 00:08:07,327 - INFO - num_full_subsets = 2
2025-12-14 00:08:07,356 - INFO - phi = [ 2.13753376  0.55640376 -0.01379522  0.25072673]
2025-12-14 00:08:07,385 - INFO - num_full_subsets = 2
2025-12-14 00:08:07,415 - INFO - phi = [-1.15846436 -0.47348829 -0.03332291 -0.33126936]
2025-12-14 00:08:07,444 - INFO - num_full_subsets = 2
2025-12-14 00:08:07,473 - INFO - phi = [-1.08307413  0.16890976 -0.53912872  0.67082142]
2025-12-14 00:08:07,502 - INFO - num_full_subsets = 2
2025-12-14 00:08:07,531 - INFO - phi = [-1.03427634 -0.56554554 -0.01905033 -0.2110223 ]
2025-12-14 00:08:07,559 - INFO - num_full_subsets = 2
2025-12-14 00:08:07,589 - INFO - phi = [ 0.97693756 -0.43630906  0.86464691 -0.83173181]
2025-12-14 00:08:07,618 - INFO - num_full_subsets = 2
2025-12-14 00:08:07,648 - INFO - phi = [0.38418399 0.05489219 0.17406916 0.55715486]
2025-12-14 00:08:07,676 - INFO - num_full_subsets = 2
2025-12-14 00:08:07,706 - INFO - phi = [0.35649578 0.10764563 0.08780152 0.3792335 ]
2025-12-14 00:08:07,734 - INFO - num_full_subsets = 2
2025-12-14 00:08:07,765 - INFO - phi = [-0.72811413 -0.61830406  0.08266338 -0.58447175]
2025-12-14 00:08:07,793 - INFO - num_full_subsets = 2
2025-12-14 00:08:07,822 - INFO - phi = [ 0.77858535  0.19561297 -0.03430767  0.47729578]
2025-12-14 00:08:07,852 - INFO - num_full_subsets = 2
2025-12-14 00:08:07,882 - INFO - phi = [-1.05664655  0.99965614 -0.14242527  0.55727709]
2025-12-14 00:08:07,911 - INFO - num_full_subsets = 2
2025-12-14 00:08:07,941 - INFO - phi = [ 0.14054926  0.55232275  0.25898438 -0.87488345]
2025-12-14 00:08:07,970 - INFO - num_full_subsets = 2
2025-12-14 00:08:08,000 - INFO - phi = [ 0.03900116  0.26966839 -0.29031292  0.04029773]
2025-12-14 00:08:08,028 - INFO - num_full_subsets = 2
2025-12-14 00:08:08,058 - INFO - phi = [ 0.5783578   0.05869037 -0.09630287  0.48916914]
2025-12-14 00:08:08,087 - INFO - num_full_subsets = 2
2025-12-14 00:08:08,117 - INFO - phi = [-0.71563608 -0.7495953  -0.01242714 -0.10801989]
2025-12-14 00:08:08,146 - INFO - num_full_subsets = 2
2025-12-14 00:08:08,176 - INFO - phi = [-1.18543056 -0.42838307 -0.01623889 -0.3289467 ]
2025-12-14 00:08:08,204 - INFO - num_full_subsets = 2
2025-12-14 00:08:08,234 - INFO - phi = [-1.69581986  0.47088337 -0.10972532  0.17520971]
2025-12-14 00:08:08,263 - INFO - num_full_subsets = 2
2025-12-14 00:08:08,293 - INFO - phi = [ 0.05581357  0.46852728 -0.19925194 -0.562398  ]
2025-12-14 00:08:08,321 - INFO - num_full_subsets = 2
2025-12-14 00:08:08,351 - INFO - phi = [-1.09415453 -0.30530485 -0.04204412  0.20714939]
2025-12-14 00:08:08,380 - INFO - num_full_subsets = 2
2025-12-14 00:08:08,409 - INFO - phi = [1.79765334 0.34539728 0.04206452 0.68992937]
2025-12-14 00:08:08,438 - INFO - num_full_subsets = 2
2025-12-14 00:08:08,468 - INFO - phi = [-0.92111276 -0.61833553  0.0097102  -0.35743154]
2025-12-14 00:08:08,496 - INFO - num_full_subsets = 2
2025-12-14 00:08:08,526 - INFO - phi = [ 0.24793737  0.01728716  0.03773836 -0.58597945]
2025-12-14 00:08:08,555 - INFO - num_full_subsets = 2
2025-12-14 00:08:08,584 - INFO - phi = [ 0.14247976  0.50627919  0.03129752 -0.78712252]
2025-12-14 00:08:08,613 - INFO - num_full_subsets = 2
2025-12-14 00:08:08,642 - INFO - phi = [-1.13777632 -0.45966479  0.00239447 -0.43121922]
2025-12-14 00:08:08,671 - INFO - num_full_subsets = 2
2025-12-14 00:08:08,701 - INFO - phi = [-1.40964836 -0.12734682  0.03476624 -0.17620615]
2025-12-14 00:08:08,729 - INFO - num_full_subsets = 2
2025-12-14 00:08:08,759 - INFO - phi = [ 0.55610246 -0.00317022  0.03359661  0.43880754]
2025-12-14 00:08:08,788 - INFO - num_full_subsets = 2
2025-12-14 00:08:08,817 - INFO - phi = [-1.61424559  0.54521624 -0.06122021  0.30022679]
2025-12-14 00:08:08,845 - INFO - num_full_subsets = 2
2025-12-14 00:08:08,875 - INFO - phi = [-1.31222371 -0.34943157 -0.28018655  0.13333148]
2025-12-14 00:08:08,904 - INFO - num_full_subsets = 2
2025-12-14 00:08:08,933 - INFO - phi = [-1.27606161 -0.3927358  -0.30382436  0.10023633]
2025-12-14 00:08:08,962 - INFO - num_full_subsets = 2
2025-12-14 00:08:08,991 - INFO - phi = [-0.88213373 -0.5517288  -0.03270253 -0.36050434]
2025-12-14 00:08:09,020 - INFO - num_full_subsets = 2
2025-12-14 00:08:09,049 - INFO - phi = [ 0.58711837  0.08473022 -0.0942501   0.3986144 ]
2025-12-14 00:08:09,078 - INFO - num_full_subsets = 2
2025-12-14 00:08:09,107 - INFO - phi = [ 0.14955041  0.34428545 -0.09255743  0.41730224]
2025-12-14 00:08:09,136 - INFO - num_full_subsets = 2
2025-12-14 00:08:09,165 - INFO - phi = [ 0.25167438  0.40690946  0.05757784 -0.34602687]
2025-12-14 00:08:09,193 - INFO - num_full_subsets = 2
2025-12-14 00:08:09,223 - INFO - phi = [ 0.58711837  0.08473022 -0.0942501   0.3986144 ]
2025-12-14 00:08:09,251 - INFO - num_full_subsets = 2
2025-12-14 00:08:09,281 - INFO - phi = [-1.03576953 -0.59662618 -0.04852407  0.20841257]
2025-12-14 00:08:09,309 - INFO - num_full_subsets = 2
2025-12-14 00:08:09,338 - INFO - phi = [ 1.57257892  0.59250088 -0.11216266  0.49236798]
2025-12-14 00:08:09,367 - INFO - num_full_subsets = 2
2025-12-14 00:08:09,397 - INFO - phi = [ 0.14142929  0.46953727 -0.10664602 -0.44363859]
2025-12-14 00:08:09,426 - INFO - num_full_subsets = 2
2025-12-14 00:08:09,456 - INFO - phi = [-1.07121007 -0.36861762 -0.11172966 -0.33658632]
2025-12-14 00:08:09,485 - INFO - num_full_subsets = 2
2025-12-14 00:08:09,515 - INFO - phi = [1.25674813 0.17681887 0.48454264 0.36979176]
2025-12-14 00:08:09,544 - INFO - num_full_subsets = 2
2025-12-14 00:08:09,574 - INFO - phi = [ 0.36718711 -0.07456399  0.03390081  0.44221091]
2025-12-14 00:08:09,603 - INFO - num_full_subsets = 2
2025-12-14 00:08:09,633 - INFO - phi = [-0.64520496 -0.72938732 -0.02711494 -0.17276124]
2025-12-14 00:08:09,662 - INFO - num_full_subsets = 2
2025-12-14 00:08:09,692 - INFO - phi = [ 1.73743647  0.0080238   0.11264945 -0.7185872 ]
2025-12-14 00:08:09,721 - INFO - num_full_subsets = 2
2025-12-14 00:08:09,751 - INFO - phi = [-0.72514516 -0.15981667 -0.08518786  0.2372638 ]
2025-12-14 00:08:09,780 - INFO - num_full_subsets = 2
2025-12-14 00:08:09,810 - INFO - phi = [-1.49847266  0.35319433 -0.04384136  0.11481271]
2025-12-14 00:08:10,442 - INFO - Computing feature importance...
2025-12-14 00:13:52,409 - INFO - Starting comprehensive experiment for NGBoost
2025-12-14 00:14:00,648 - INFO - Performing feature analysis...
2025-12-14 00:14:02,323 - INFO - Model justification: Probabilistic forecasting with natural gradient boosting, provides uncertainty quantification
2025-12-14 00:14:02,324 - INFO - Performing robust cross-validation...
2025-12-14 00:14:41,853 - INFO - CV Results - MSE: 0.7709 ± 0.1204
2025-12-14 00:14:41,853 - INFO - Starting hyperparameter optimization...
2025-12-14 00:18:55,775 - INFO - Best parameters for NGBoost: {'n_estimators': 214, 'learning_rate': 0.02113318772550509, 'minibatch_frac': 0.5304005566996606, 'natural_gradient': True}
2025-12-14 00:18:55,775 - INFO - ⏱️ HPO took 253.92 seconds
2025-12-14 00:18:55,775 - INFO - Training final model...
2025-12-14 00:18:56,842 - INFO - ⏱️ Training took 1.07 seconds
2025-12-14 00:18:56,842 - INFO - Performing residual analysis...
2025-12-14 00:18:57,926 - INFO - Generating XAI explanations...
2025-12-14 00:18:57,955 - WARNING - Using 168 background data samples could cause slower run times. Consider using shap.sample(data, K) or shap.kmeans(data, K) to summarize the background as K samples.
2025-12-14 00:18:57,996 - INFO - num_full_subsets = 2
2025-12-14 00:18:58,047 - INFO - phi = [ 0.59046169  0.53264183 -0.08121454 -0.10305577]
2025-12-14 00:18:58,087 - INFO - num_full_subsets = 2
2025-12-14 00:18:58,138 - INFO - phi = [ 1.00942601  0.30982786 -0.05272191  0.39238238]
2025-12-14 00:18:58,179 - INFO - num_full_subsets = 2
2025-12-14 00:18:58,229 - INFO - phi = [-1.27964428 -0.41670563 -0.04107555 -0.21261482]
2025-12-14 00:18:58,270 - INFO - num_full_subsets = 2
2025-12-14 00:18:58,322 - INFO - phi = [-1.57517925  0.30188785 -0.04730909 -0.12045338]
2025-12-14 00:18:58,363 - INFO - num_full_subsets = 2
2025-12-14 00:18:58,414 - INFO - phi = [ 0.29133856  0.40643481 -0.16154479  0.31585978]
2025-12-14 00:18:58,455 - INFO - num_full_subsets = 2
2025-12-14 00:18:58,505 - INFO - phi = [ 0.16051807  0.49149189 -0.09127823 -0.33842046]
2025-12-14 00:18:58,546 - INFO - num_full_subsets = 2
2025-12-14 00:18:58,597 - INFO - phi = [ 0.22224136  0.40521039  0.16050613 -0.84872994]
2025-12-14 00:18:58,638 - INFO - num_full_subsets = 2
2025-12-14 00:18:58,688 - INFO - phi = [ 1.80644884  0.39178447 -0.0239512   0.53295067]
2025-12-14 00:18:58,729 - INFO - num_full_subsets = 2
2025-12-14 00:18:58,780 - INFO - phi = [-0.8210082  -0.76895157 -0.02411295 -0.20383266]
2025-12-14 00:18:58,820 - INFO - num_full_subsets = 2
2025-12-14 00:18:58,871 - INFO - phi = [-0.14581997  0.64464834  0.22225725  0.43745766]
2025-12-14 00:18:58,912 - INFO - num_full_subsets = 2
2025-12-14 00:18:58,962 - INFO - phi = [ 2.10299155  0.46683372 -0.08984996  0.44420211]
2025-12-14 00:18:59,003 - INFO - num_full_subsets = 2
2025-12-14 00:18:59,054 - INFO - phi = [ 0.27502831  0.4366454  -0.12480368  0.32462147]
2025-12-14 00:18:59,095 - INFO - num_full_subsets = 2
2025-12-14 00:18:59,146 - INFO - phi = [ 0.191236    0.33838261 -0.03458707 -0.77644297]
2025-12-14 00:18:59,186 - INFO - num_full_subsets = 2
2025-12-14 00:18:59,237 - INFO - phi = [ 0.46877359 -0.10736368 -0.01062638  0.5599158 ]
2025-12-14 00:18:59,278 - INFO - num_full_subsets = 2
2025-12-14 00:18:59,328 - INFO - phi = [ 0.74496936 -0.03286261 -0.05528292  0.53046362]
2025-12-14 00:18:59,369 - INFO - num_full_subsets = 2
2025-12-14 00:18:59,419 - INFO - phi = [ 1.35833248 -0.11236312 -0.03099818  0.39161912]
2025-12-14 00:18:59,460 - INFO - num_full_subsets = 2
2025-12-14 00:18:59,510 - INFO - phi = [-0.93350699  0.49687217 -0.17367867 -0.06401752]
2025-12-14 00:18:59,550 - INFO - num_full_subsets = 2
2025-12-14 00:18:59,601 - INFO - phi = [ 0.59188778 -0.3471575   0.93162431 -0.8877162 ]
2025-12-14 00:18:59,641 - INFO - num_full_subsets = 2
2025-12-14 00:18:59,692 - INFO - phi = [ 0.4345368  -0.18248689  0.14594508 -0.27512035]
2025-12-14 00:18:59,733 - INFO - num_full_subsets = 2
2025-12-14 00:18:59,783 - INFO - phi = [0.66231228 0.35717729 0.08630058 0.28298831]
2025-12-14 00:18:59,824 - INFO - num_full_subsets = 2
2025-12-14 00:18:59,874 - INFO - phi = [-0.79113941  0.1377868  -0.12733977  0.04742351]
2025-12-14 00:18:59,915 - INFO - num_full_subsets = 2
2025-12-14 00:18:59,965 - INFO - phi = [-0.95071579  0.51985126 -0.04484051  0.09370367]
2025-12-14 00:19:00,006 - INFO - num_full_subsets = 2
2025-12-14 00:19:00,057 - INFO - phi = [ 0.17191492  0.41259839 -0.05113999 -0.79541147]
2025-12-14 00:19:00,097 - INFO - num_full_subsets = 2
2025-12-14 00:19:00,148 - INFO - phi = [ 0.24507353  0.37049449  0.01692386 -0.4500129 ]
2025-12-14 00:19:00,189 - INFO - num_full_subsets = 2
2025-12-14 00:19:00,239 - INFO - phi = [ 1.32345053 -0.16847156  0.28599598 -0.31453713]
2025-12-14 00:19:00,279 - INFO - num_full_subsets = 2
2025-12-14 00:19:00,330 - INFO - phi = [-0.84244153 -0.80657729 -0.08174098 -0.18791769]
2025-12-14 00:19:00,370 - INFO - num_full_subsets = 2
2025-12-14 00:19:00,421 - INFO - phi = [1.12439059 0.46197031 0.16486946 0.36642838]
2025-12-14 00:19:00,461 - INFO - num_full_subsets = 2
2025-12-14 00:19:00,512 - INFO - phi = [-0.5998439  -0.74093735 -0.00232177  0.16816411]
2025-12-14 00:19:00,553 - INFO - num_full_subsets = 2
2025-12-14 00:19:00,604 - INFO - phi = [-1.18296274 -0.38906699 -0.10832941 -0.27643285]
2025-12-14 00:19:00,644 - INFO - num_full_subsets = 2
2025-12-14 00:19:00,695 - INFO - phi = [-1.1202316   0.59127321  0.02612099  0.18925432]
2025-12-14 00:19:00,736 - INFO - num_full_subsets = 2
2025-12-14 00:19:00,786 - INFO - phi = [-0.50816482 -0.78238776  0.03057259 -0.6287459 ]
2025-12-14 00:19:00,827 - INFO - num_full_subsets = 2
2025-12-14 00:19:00,877 - INFO - phi = [-1.24433818 -0.36797251 -0.02857595 -0.27553827]
2025-12-14 00:19:00,918 - INFO - num_full_subsets = 2
2025-12-14 00:19:00,969 - INFO - phi = [-0.64120985 -0.68263592  0.03690241 -0.54791691]
2025-12-14 00:19:01,010 - INFO - num_full_subsets = 2
2025-12-14 00:19:01,061 - INFO - phi = [ 1.47437727 -0.56262282 -0.09406072  0.27494871]
2025-12-14 00:19:01,102 - INFO - num_full_subsets = 2
2025-12-14 00:19:01,152 - INFO - phi = [-1.4770075   0.09949166 -0.07736034  0.37521431]
2025-12-14 00:19:01,193 - INFO - num_full_subsets = 2
2025-12-14 00:19:01,244 - INFO - phi = [-0.83605753  0.35386964 -0.3579139   0.27558663]
2025-12-14 00:19:01,284 - INFO - num_full_subsets = 2
2025-12-14 00:19:01,335 - INFO - phi = [ 2.14876974  0.06695424 -0.14818237  0.5252651 ]
2025-12-14 00:19:01,375 - INFO - num_full_subsets = 2
2025-12-14 00:19:01,426 - INFO - phi = [ 0.24040418 -0.11316519  0.16227294 -0.82750135]
2025-12-14 00:19:01,466 - INFO - num_full_subsets = 2
2025-12-14 00:19:01,517 - INFO - phi = [-0.87538806 -0.45626482 -0.25502186  0.73732888]
2025-12-14 00:19:01,558 - INFO - num_full_subsets = 2
2025-12-14 00:19:01,608 - INFO - phi = [-1.73877088 -0.15953307 -0.06447649  0.07521838]
2025-12-14 00:19:01,649 - INFO - num_full_subsets = 2
2025-12-14 00:19:01,699 - INFO - phi = [-1.0097977   0.36796057 -0.20214146  0.17048961]
2025-12-14 00:19:01,740 - INFO - num_full_subsets = 2
2025-12-14 00:19:01,790 - INFO - phi = [ 0.24507353  0.37049449  0.01692386 -0.4500129 ]
2025-12-14 00:19:01,831 - INFO - num_full_subsets = 2
2025-12-14 00:19:01,882 - INFO - phi = [-1.26372112 -0.353313   -0.09698304  0.27791455]
2025-12-14 00:19:01,922 - INFO - num_full_subsets = 2
2025-12-14 00:19:01,973 - INFO - phi = [-1.01265926 -0.48695454 -0.54202305 -0.32031908]
2025-12-14 00:19:02,014 - INFO - num_full_subsets = 2
2025-12-14 00:19:02,064 - INFO - phi = [-0.77283721 -0.75443169 -0.01156121 -0.33222431]
2025-12-14 00:19:02,105 - INFO - num_full_subsets = 2
2025-12-14 00:19:02,156 - INFO - phi = [-0.85240252 -0.73830638  0.02133499 -0.305347  ]
2025-12-14 00:19:02,197 - INFO - num_full_subsets = 2
2025-12-14 00:19:02,247 - INFO - phi = [-1.17914453 -0.66972599  0.00187729  0.26732432]
2025-12-14 00:19:02,288 - INFO - num_full_subsets = 2
2025-12-14 00:19:02,338 - INFO - phi = [ 1.82662045 -0.29505512  0.13221679  0.54467624]
2025-12-14 00:19:02,379 - INFO - num_full_subsets = 2
2025-12-14 00:19:02,430 - INFO - phi = [1.50302387 0.62956106 0.11369916 0.45145118]
2025-12-14 00:19:02,470 - INFO - num_full_subsets = 2
2025-12-14 00:19:02,521 - INFO - phi = [0.41176564 0.42174261 0.27201402 0.41485694]
2025-12-14 00:19:02,562 - INFO - num_full_subsets = 2
2025-12-14 00:19:02,612 - INFO - phi = [-1.18412453 -0.50895239 -0.08371856 -0.28291387]
2025-12-14 00:19:02,653 - INFO - num_full_subsets = 2
2025-12-14 00:19:02,704 - INFO - phi = [ 0.2365967   0.35848611  0.14767998 -0.59433841]
2025-12-14 00:19:02,744 - INFO - num_full_subsets = 2
2025-12-14 00:19:02,795 - INFO - phi = [1.37263236 0.51998008 0.48710655 0.35049886]
2025-12-14 00:19:02,836 - INFO - num_full_subsets = 2
2025-12-14 00:19:02,886 - INFO - phi = [-1.03796215  0.26863412 -0.00983165 -0.24866697]
2025-12-14 00:19:02,927 - INFO - num_full_subsets = 2
2025-12-14 00:19:02,977 - INFO - phi = [-0.83244162  1.41099954  0.01696677  0.15697481]
2025-12-14 00:19:03,018 - INFO - num_full_subsets = 2
2025-12-14 00:19:03,068 - INFO - phi = [-1.13305193e+00 -6.45376621e-01  5.94803613e-04 -1.74865657e-01]
2025-12-14 00:19:03,109 - INFO - num_full_subsets = 2
2025-12-14 00:19:03,160 - INFO - phi = [-0.85262775 -0.71470596 -0.14788184 -0.15825265]
2025-12-14 00:19:03,200 - INFO - num_full_subsets = 2
2025-12-14 00:19:03,251 - INFO - phi = [ 0.24568661 -0.08643216 -0.23183494 -0.26015078]
2025-12-14 00:19:03,291 - INFO - num_full_subsets = 2
2025-12-14 00:19:03,342 - INFO - phi = [ 0.23881341  0.39908553 -0.04047415 -0.31866365]
2025-12-14 00:19:03,383 - INFO - num_full_subsets = 2
2025-12-14 00:19:03,433 - INFO - phi = [1.51396932 0.34531509 0.02472289 0.52515068]
2025-12-14 00:19:03,474 - INFO - num_full_subsets = 2
2025-12-14 00:19:03,524 - INFO - phi = [1.17443043 0.40719904 0.34148297 0.39285433]
2025-12-14 00:19:03,565 - INFO - num_full_subsets = 2
2025-12-14 00:19:03,615 - INFO - phi = [1.00668382 0.48749197 0.23938339 0.4374974 ]
2025-12-14 00:19:03,657 - INFO - num_full_subsets = 2
2025-12-14 00:19:03,708 - INFO - phi = [ 1.04358131  0.44940854 -0.12373802  0.31697597]
2025-12-14 00:19:03,748 - INFO - num_full_subsets = 2
2025-12-14 00:19:03,799 - INFO - phi = [1.70011379 0.42549805 0.20066685 0.36962577]
2025-12-14 00:19:03,840 - INFO - num_full_subsets = 2
2025-12-14 00:19:03,890 - INFO - phi = [-0.66863798 -0.87627281  0.04987805 -0.3914213 ]
2025-12-14 00:19:03,931 - INFO - num_full_subsets = 2
2025-12-14 00:19:03,981 - INFO - phi = [-1.19871447 -0.5037855  -0.07790993 -0.13696602]
2025-12-14 00:19:04,022 - INFO - num_full_subsets = 2
2025-12-14 00:19:04,072 - INFO - phi = [ 0.60734871 -0.12768293  0.0231826  -0.62899911]
2025-12-14 00:19:04,113 - INFO - num_full_subsets = 2
2025-12-14 00:19:04,164 - INFO - phi = [ 0.2320014   0.40212523 -0.04959385 -0.48960786]
2025-12-14 00:19:04,206 - INFO - num_full_subsets = 2
2025-12-14 00:19:04,256 - INFO - phi = [ 0.96454628 -0.38984518  0.01654823  0.39909569]
2025-12-14 00:19:04,298 - INFO - num_full_subsets = 2
2025-12-14 00:19:04,348 - INFO - phi = [ 1.95604325  0.44910922 -0.01946639  0.34543546]
2025-12-14 00:19:04,389 - INFO - num_full_subsets = 2
2025-12-14 00:19:04,439 - INFO - phi = [ 1.95878675  0.55187629 -0.02379439  0.48714005]
2025-12-14 00:19:04,479 - INFO - num_full_subsets = 2
2025-12-14 00:19:04,530 - INFO - phi = [-0.62456225 -0.33862724 -0.10832959  0.20290171]
2025-12-14 00:19:04,571 - INFO - num_full_subsets = 2
2025-12-14 00:19:04,622 - INFO - phi = [ 0.65309462  0.2584831  -0.32433665  0.28845259]
2025-12-14 00:19:04,662 - INFO - num_full_subsets = 2
2025-12-14 00:19:04,713 - INFO - phi = [-0.87771447 -0.68914312 -0.0568149  -0.43739153]
2025-12-14 00:19:04,754 - INFO - num_full_subsets = 2
2025-12-14 00:19:04,804 - INFO - phi = [-1.26372112 -0.353313   -0.09698304  0.27791455]
2025-12-14 00:19:04,845 - INFO - num_full_subsets = 2
2025-12-14 00:19:04,895 - INFO - phi = [-1.28547663  0.39983167 -0.05910562  0.07760536]
2025-12-14 00:19:04,936 - INFO - num_full_subsets = 2
2025-12-14 00:19:04,986 - INFO - phi = [ 0.15356351  0.47375295 -0.1780077  -0.50127561]
2025-12-14 00:19:05,027 - INFO - num_full_subsets = 2
2025-12-14 00:19:05,077 - INFO - phi = [1.87641224 0.51806261 0.02379247 0.33962858]
2025-12-14 00:19:05,118 - INFO - num_full_subsets = 2
2025-12-14 00:19:05,168 - INFO - phi = [-1.03587854 -0.69434099 -0.01497893  0.08122766]
2025-12-14 00:19:05,209 - INFO - num_full_subsets = 2
2025-12-14 00:19:05,259 - INFO - phi = [-1.54662908 -0.02354719 -0.04764732 -0.13897464]
2025-12-14 00:19:05,300 - INFO - num_full_subsets = 2
2025-12-14 00:19:05,350 - INFO - phi = [-1.36297955 -0.60341719 -0.03168345  0.13890416]
2025-12-14 00:19:05,391 - INFO - num_full_subsets = 2
2025-12-14 00:19:05,442 - INFO - phi = [ 0.85103958 -0.00371309  0.22100024  0.29735913]
2025-12-14 00:19:05,482 - INFO - num_full_subsets = 2
2025-12-14 00:19:05,533 - INFO - phi = [-0.37020903 -0.80796103  0.04170763 -0.55346315]
2025-12-14 00:19:05,573 - INFO - num_full_subsets = 2
2025-12-14 00:19:05,624 - INFO - phi = [-0.51444065  0.96039885  0.24458209 -0.05452473]
2025-12-14 00:19:05,665 - INFO - num_full_subsets = 2
2025-12-14 00:19:05,715 - INFO - phi = [-0.41466035  0.31512807 -0.18074965  0.24699808]
2025-12-14 00:19:05,756 - INFO - num_full_subsets = 2
2025-12-14 00:19:05,806 - INFO - phi = [ 1.96773028  0.48970702 -0.08263421  0.37140052]
2025-12-14 00:19:05,847 - INFO - num_full_subsets = 2
2025-12-14 00:19:05,897 - INFO - phi = [ 0.97717463  0.52490409 -0.10009023  0.28462296]
2025-12-14 00:19:05,938 - INFO - num_full_subsets = 2
2025-12-14 00:19:05,988 - INFO - phi = [ 0.20354966  0.2981628   0.06709708 -0.81457579]
2025-12-14 00:19:06,029 - INFO - num_full_subsets = 2
2025-12-14 00:19:06,080 - INFO - phi = [ 2.11529468  0.58041038 -0.04471623  0.48067896]
2025-12-14 00:19:06,121 - INFO - num_full_subsets = 2
2025-12-14 00:19:06,171 - INFO - phi = [-0.74242717 -0.42946225 -0.05424524  0.18440794]
2025-12-14 00:19:06,212 - INFO - num_full_subsets = 2
2025-12-14 00:19:06,262 - INFO - phi = [ 0.22037826  0.38631699 -0.04176566 -0.53033173]
2025-12-14 00:19:06,303 - INFO - num_full_subsets = 2
2025-12-14 00:19:06,354 - INFO - phi = [ 1.6401781  -0.22706907  0.17364581  0.50952643]
2025-12-14 00:19:06,394 - INFO - num_full_subsets = 2
2025-12-14 00:19:06,445 - INFO - phi = [-1.41286845  0.34719679 -0.24332564  0.30113412]
2025-12-14 00:19:06,485 - INFO - num_full_subsets = 2
2025-12-14 00:19:06,536 - INFO - phi = [ 0.61491438  0.31334665  0.6597093  -0.88615686]
2025-12-14 00:19:06,578 - INFO - num_full_subsets = 2
2025-12-14 00:19:06,629 - INFO - phi = [ 0.77441794 -0.18647482 -0.09750616  0.48828353]
2025-12-14 00:19:06,669 - INFO - num_full_subsets = 2
2025-12-14 00:19:06,720 - INFO - phi = [-1.16839015 -0.43836847 -0.05020708 -0.5576197 ]
2025-12-14 00:19:06,761 - INFO - num_full_subsets = 2
2025-12-14 00:19:06,812 - INFO - phi = [1.90139493 0.01729832 0.18419051 0.46694743]
2025-12-14 00:19:06,852 - INFO - num_full_subsets = 2
2025-12-14 00:19:06,903 - INFO - phi = [ 0.26326926 -0.11820913 -0.20315923 -0.27719318]
2025-12-14 00:19:06,944 - INFO - num_full_subsets = 2
2025-12-14 00:19:06,994 - INFO - phi = [ 0.24854107  0.40818885 -0.00905991 -0.24173991]
2025-12-14 00:19:07,035 - INFO - num_full_subsets = 2
2025-12-14 00:19:07,085 - INFO - phi = [-1.17000563 -0.44686568 -0.06006867  0.15005037]
2025-12-14 00:19:07,126 - INFO - num_full_subsets = 2
2025-12-14 00:19:07,177 - INFO - phi = [ 0.97478977  0.45968329 -0.02630445 -0.09066793]
2025-12-14 00:19:07,217 - INFO - num_full_subsets = 2
2025-12-14 00:19:07,268 - INFO - phi = [-1.49470688 -0.47162597 -0.06419667  0.15890839]
2025-12-14 00:19:07,309 - INFO - num_full_subsets = 2
2025-12-14 00:19:07,359 - INFO - phi = [0.35158617 0.20131438 0.45018454 0.46224045]
2025-12-14 00:19:07,400 - INFO - num_full_subsets = 2
2025-12-14 00:19:07,450 - INFO - phi = [-1.42981522 -0.38743641 -0.01674118 -0.13911518]
2025-12-14 00:19:07,491 - INFO - num_full_subsets = 2
2025-12-14 00:19:07,542 - INFO - phi = [-1.41286845  0.34719679 -0.24332564  0.30113412]
2025-12-14 00:19:07,582 - INFO - num_full_subsets = 2
2025-12-14 00:19:07,632 - INFO - phi = [-1.04339939 -0.47637208 -0.18010783  0.18957286]
2025-12-14 00:19:07,673 - INFO - num_full_subsets = 2
2025-12-14 00:19:07,723 - INFO - phi = [-0.4718481  -0.66499615  0.01297795 -0.4152748 ]
2025-12-14 00:19:07,763 - INFO - num_full_subsets = 2
2025-12-14 00:19:07,814 - INFO - phi = [ 1.81014904  0.59147058  0.02225486 -0.29466378]
2025-12-14 00:19:07,854 - INFO - num_full_subsets = 2
2025-12-14 00:19:07,905 - INFO - phi = [ 0.2149119  -0.04993357 -0.10007291  0.28294074]
2025-12-14 00:19:07,945 - INFO - num_full_subsets = 2
2025-12-14 00:19:07,996 - INFO - phi = [0.79172772 0.61718855 0.32773411 0.57769162]
2025-12-14 00:19:08,036 - INFO - num_full_subsets = 2
2025-12-14 00:19:08,087 - INFO - phi = [-0.94627704 -0.56434888 -0.05113511 -0.4222469 ]
2025-12-14 00:19:08,129 - INFO - num_full_subsets = 2
2025-12-14 00:19:08,179 - INFO - phi = [ 0.75242143 -0.44733267  0.14652191  0.34050979]
2025-12-14 00:19:08,220 - INFO - num_full_subsets = 2
2025-12-14 00:19:08,271 - INFO - phi = [ 0.23096144  0.35060866  0.2030017  -0.48524014]
2025-12-14 00:19:08,312 - INFO - num_full_subsets = 2
2025-12-14 00:19:08,362 - INFO - phi = [-0.77566787 -0.41929599 -0.02472368 -0.11658827]
2025-12-14 00:19:08,403 - INFO - num_full_subsets = 2
2025-12-14 00:19:08,453 - INFO - phi = [ 0.17110636  0.42719246 -0.07735459 -0.55953066]
2025-12-14 00:19:08,494 - INFO - num_full_subsets = 2
2025-12-14 00:19:08,544 - INFO - phi = [1.55903435 0.44042292 0.12084292 0.48478013]
2025-12-14 00:19:08,585 - INFO - num_full_subsets = 2
2025-12-14 00:19:08,636 - INFO - phi = [ 0.30142444  0.10538391 -0.00681547  0.35594025]
2025-12-14 00:19:08,676 - INFO - num_full_subsets = 2
2025-12-14 00:19:08,727 - INFO - phi = [ 0.667085    0.39446386 -0.05222001  0.35692542]
2025-12-14 00:19:08,767 - INFO - num_full_subsets = 2
2025-12-14 00:19:08,818 - INFO - phi = [-0.42390072  0.66211303  0.21410378  0.19418209]
2025-12-14 00:19:08,859 - INFO - num_full_subsets = 2
2025-12-14 00:19:08,909 - INFO - phi = [ 1.73279901  0.06148769 -0.10755864  0.40110706]
2025-12-14 00:19:08,950 - INFO - num_full_subsets = 2
2025-12-14 00:19:09,000 - INFO - phi = [ 0.29229078  0.41636924 -0.03967371  0.26246401]
2025-12-14 00:19:09,041 - INFO - num_full_subsets = 2
2025-12-14 00:19:09,092 - INFO - phi = [0.40650424 0.30947704 0.21425595 0.41595639]
2025-12-14 00:19:09,133 - INFO - num_full_subsets = 2
2025-12-14 00:19:09,183 - INFO - phi = [-1.24655379 -0.51416704 -0.04879481 -0.159372  ]
2025-12-14 00:19:09,224 - INFO - num_full_subsets = 2
2025-12-14 00:19:09,275 - INFO - phi = [-0.50999856 -0.73699508  0.20966869 -0.64239907]
2025-12-14 00:19:09,315 - INFO - num_full_subsets = 2
2025-12-14 00:19:09,366 - INFO - phi = [ 0.73417431  0.17439022 -0.10522061  0.60712658]
2025-12-14 00:19:09,407 - INFO - num_full_subsets = 2
2025-12-14 00:19:09,457 - INFO - phi = [0.32391945 0.33756151 0.01721241 0.44687947]
2025-12-14 00:19:09,498 - INFO - num_full_subsets = 2
2025-12-14 00:19:09,548 - INFO - phi = [-0.25981739  0.66824324  0.06591139  0.43911715]
2025-12-14 00:19:09,589 - INFO - num_full_subsets = 2
2025-12-14 00:19:09,639 - INFO - phi = [ 9.14314602e-01  4.51788282e-01 -2.39123029e-04  3.81914945e-01]
2025-12-14 00:19:09,680 - INFO - num_full_subsets = 2
2025-12-14 00:19:09,730 - INFO - phi = [-0.65622709 -0.66491163 -0.02986102  0.19883358]
2025-12-14 00:19:09,771 - INFO - num_full_subsets = 2
2025-12-14 00:19:09,821 - INFO - phi = [ 0.36745317 -0.7769088  -0.00987776 -0.92617192]
2025-12-14 00:19:09,862 - INFO - num_full_subsets = 2
2025-12-14 00:19:09,912 - INFO - phi = [-1.76188194  0.17951185 -0.04690915  0.14255313]
2025-12-14 00:19:09,953 - INFO - num_full_subsets = 2
2025-12-14 00:19:10,003 - INFO - phi = [ 1.75029964 -0.04377111  0.06563211 -0.89148415]
2025-12-14 00:19:10,044 - INFO - num_full_subsets = 2
2025-12-14 00:19:10,094 - INFO - phi = [ 0.84527629 -0.02730348 -0.06152803  0.36196433]
2025-12-14 00:19:10,135 - INFO - num_full_subsets = 2
2025-12-14 00:19:10,185 - INFO - phi = [ 2.15761539  0.0886027  -0.02383609  0.46086093]
2025-12-14 00:19:10,226 - INFO - num_full_subsets = 2
2025-12-14 00:19:10,276 - INFO - phi = [ 0.79856772  0.16982666 -0.02538416  0.25021821]
2025-12-14 00:19:10,316 - INFO - num_full_subsets = 2
2025-12-14 00:19:10,367 - INFO - phi = [-1.17795686 -0.67272127 -0.09223401  0.15087574]
2025-12-14 00:19:10,408 - INFO - num_full_subsets = 2
2025-12-14 00:19:10,458 - INFO - phi = [-1.21618863 -0.55263829 -0.03284891  0.1232143 ]
2025-12-14 00:19:10,498 - INFO - num_full_subsets = 2
2025-12-14 00:19:10,549 - INFO - phi = [-0.13526979  0.11872822 -0.13094438 -0.06646452]
2025-12-14 00:19:10,589 - INFO - num_full_subsets = 2
2025-12-14 00:19:10,640 - INFO - phi = [-0.46982198  0.01698851 -0.11592108  0.15813326]
2025-12-14 00:19:10,681 - INFO - num_full_subsets = 2
2025-12-14 00:19:10,731 - INFO - phi = [ 0.16085416  0.39957279  0.00118765 -0.76948079]
2025-12-14 00:19:10,772 - INFO - num_full_subsets = 2
2025-12-14 00:19:10,822 - INFO - phi = [ 1.81014904  0.59147058  0.02225486 -0.29466378]
2025-12-14 00:19:10,862 - INFO - num_full_subsets = 2
2025-12-14 00:19:10,912 - INFO - phi = [-1.14260469  0.35961579 -0.09259761 -0.10021271]
2025-12-14 00:19:10,953 - INFO - num_full_subsets = 2
2025-12-14 00:19:11,004 - INFO - phi = [ 0.27811564  0.48673954  0.09345298 -0.36647086]
2025-12-14 00:19:11,045 - INFO - num_full_subsets = 2
2025-12-14 00:19:11,095 - INFO - phi = [ 0.72718187 -0.11716557  0.38749722  0.28358858]
2025-12-14 00:19:11,136 - INFO - num_full_subsets = 2
2025-12-14 00:19:11,187 - INFO - phi = [-1.36721429 -0.6525861   0.10939769  0.35419421]
2025-12-14 00:19:11,227 - INFO - num_full_subsets = 2
2025-12-14 00:19:11,278 - INFO - phi = [-1.15861279 -0.45145653 -0.05699056 -0.56582988]
2025-12-14 00:19:11,319 - INFO - num_full_subsets = 2
2025-12-14 00:19:11,369 - INFO - phi = [1.03760034 0.40285909 0.03168934 0.28975766]
2025-12-14 00:19:11,410 - INFO - num_full_subsets = 2
2025-12-14 00:19:11,460 - INFO - phi = [-1.18051344 -0.50909496 -0.10670391 -0.18791062]
2025-12-14 00:19:11,501 - INFO - num_full_subsets = 2
2025-12-14 00:19:11,552 - INFO - phi = [-1.2489573  -0.49480305  0.00761692 -0.22828454]
2025-12-14 00:19:11,593 - INFO - num_full_subsets = 2
2025-12-14 00:19:11,644 - INFO - phi = [ 0.41729748 -0.59731192  0.22510104 -0.92264422]
2025-12-14 00:19:11,685 - INFO - num_full_subsets = 2
2025-12-14 00:19:11,735 - INFO - phi = [ 0.18440129  0.44680173 -0.17802389 -0.33736712]
2025-12-14 00:19:11,776 - INFO - num_full_subsets = 2
2025-12-14 00:19:11,826 - INFO - phi = [-1.1241191  -0.54902769 -0.0630313  -0.16736941]
2025-12-14 00:19:11,866 - INFO - num_full_subsets = 2
2025-12-14 00:19:11,917 - INFO - phi = [-1.20089801 -0.52126357 -0.05240033 -0.3094702 ]
2025-12-14 00:19:11,957 - INFO - num_full_subsets = 2
2025-12-14 00:19:12,008 - INFO - phi = [ 0.83492125 -0.18084741 -0.01986473  0.47046131]
2025-12-14 00:19:12,048 - INFO - num_full_subsets = 2
2025-12-14 00:19:12,098 - INFO - phi = [-1.61511567  0.27295178 -0.02332546 -0.25041239]
2025-12-14 00:19:12,139 - INFO - num_full_subsets = 2
2025-12-14 00:19:12,189 - INFO - phi = [-1.17914453 -0.66972599  0.00187729  0.26732432]
2025-12-14 00:19:12,230 - INFO - num_full_subsets = 2
2025-12-14 00:19:12,281 - INFO - phi = [-1.45167069  0.42204892 -0.06803847  0.11123456]
2025-12-14 00:19:12,321 - INFO - num_full_subsets = 2
2025-12-14 00:19:12,372 - INFO - phi = [-1.2497843  -0.44156449 -0.039379   -0.25619139]
2025-12-14 00:19:12,413 - INFO - num_full_subsets = 2
2025-12-14 00:19:12,463 - INFO - phi = [-0.78127848  0.45530079 -0.09429927  0.19891169]
2025-12-14 00:19:12,504 - INFO - num_full_subsets = 2
2025-12-14 00:19:12,554 - INFO - phi = [-0.97623251 -0.58430675 -0.06593037 -0.41346446]
2025-12-14 00:19:12,597 - INFO - num_full_subsets = 2
2025-12-14 00:19:12,647 - INFO - phi = [ 0.20866539  0.39016461  0.12584422 -0.84531248]
2025-12-14 00:19:12,687 - INFO - num_full_subsets = 2
2025-12-14 00:19:12,738 - INFO - phi = [ 1.04318384  0.0219357  -0.08261448  0.25528321]
2025-12-14 00:19:12,778 - INFO - num_full_subsets = 2
2025-12-14 00:19:12,828 - INFO - phi = [ 1.49513035  0.02582026 -0.06138741  0.36873164]
2025-12-14 00:19:12,869 - INFO - num_full_subsets = 2
2025-12-14 00:19:12,919 - INFO - phi = [-0.54205454 -0.87783133  0.14624751 -0.1387435 ]
2025-12-14 00:19:12,960 - INFO - num_full_subsets = 2
2025-12-14 00:19:13,010 - INFO - phi = [ 0.81536002 -0.73424902 -0.02356006  0.48994231]
2025-12-14 00:19:13,051 - INFO - num_full_subsets = 2
2025-12-14 00:19:13,101 - INFO - phi = [-0.48684009 -0.78379248 -0.04319441 -0.41125695]
2025-12-14 00:19:13,142 - INFO - num_full_subsets = 2
2025-12-14 00:19:13,192 - INFO - phi = [-0.88254254 -0.76029325 -0.00892591 -0.17017404]
2025-12-14 00:19:13,233 - INFO - num_full_subsets = 2
2025-12-14 00:19:13,283 - INFO - phi = [-0.12752813  1.08937684 -0.18996196  0.13241627]
2025-12-14 00:19:13,832 - INFO - Computing feature importance...
2025-12-14 00:19:19,993 - INFO - Experiment completed for NGBoost
2025-12-14 00:19:19,993 - INFO - Total time: 327.14s (5.45 min)
2025-12-14 00:19:19,993 - INFO - Starting comprehensive experiment for NGBoost
2025-12-14 00:19:32,238 - INFO - Performing feature analysis...
2025-12-14 00:19:33,452 - INFO - Model justification: Probabilistic forecasting with natural gradient boosting, provides uncertainty quantification
2025-12-14 00:19:33,452 - INFO - Performing robust cross-validation...
2025-12-14 00:20:12,338 - INFO - CV Results - MSE: 0.8730 ± 0.1432
2025-12-14 00:20:12,338 - INFO - Starting hyperparameter optimization...
2025-12-14 00:24:22,308 - INFO - Best parameters for NGBoost: {'n_estimators': 117, 'learning_rate': 0.036792452607643716, 'minibatch_frac': 0.4135221750279532, 'natural_gradient': True}
2025-12-14 00:24:22,308 - INFO - ⏱️ HPO took 249.97 seconds
2025-12-14 00:24:22,308 - INFO - Training final model...
2025-12-14 00:24:22,878 - INFO - ⏱️ Training took 0.57 seconds
2025-12-14 00:24:22,878 - INFO - Performing residual analysis...
2025-12-14 00:24:23,959 - INFO - Generating XAI explanations...
2025-12-14 00:24:23,976 - WARNING - Using 168 background data samples could cause slower run times. Consider using shap.sample(data, K) or shap.kmeans(data, K) to summarize the background as K samples.
2025-12-14 00:24:24,006 - INFO - num_full_subsets = 2
2025-12-14 00:24:24,036 - INFO - phi = [ 0.25389228  0.24074642  0.05192107 -0.29219789]
2025-12-14 00:24:24,066 - INFO - num_full_subsets = 2
2025-12-14 00:24:24,097 - INFO - phi = [-0.41504066 -0.66810391  0.41065159 -0.68735204]
2025-12-14 00:24:24,126 - INFO - num_full_subsets = 2
2025-12-14 00:24:24,157 - INFO - phi = [-0.81754632  0.29171752 -0.37471137  0.14901638]
2025-12-14 00:24:24,187 - INFO - num_full_subsets = 2
2025-12-14 00:24:24,217 - INFO - phi = [ 1.04888474  0.58276659 -0.01638171  0.40864295]
2025-12-14 00:24:24,247 - INFO - num_full_subsets = 2
2025-12-14 00:24:24,278 - INFO - phi = [ 0.28882888  0.54632416 -0.19343612  0.40630502]
2025-12-14 00:24:24,308 - INFO - num_full_subsets = 2
2025-12-14 00:24:24,338 - INFO - phi = [ 0.21935058 -0.66420868  0.3289925  -0.76200586]
2025-12-14 00:24:24,368 - INFO - num_full_subsets = 2
2025-12-14 00:24:24,399 - INFO - phi = [-0.91231987  0.15187592 -0.18132057  0.08621333]
2025-12-14 00:24:24,428 - INFO - num_full_subsets = 2
2025-12-14 00:24:24,459 - INFO - phi = [-0.45585895  0.11857502 -0.25911974  0.12487223]
2025-12-14 00:24:24,489 - INFO - num_full_subsets = 2
2025-12-14 00:24:24,520 - INFO - phi = [-1.1208325  -0.44450373 -0.11427747 -0.24544274]
2025-12-14 00:24:24,549 - INFO - num_full_subsets = 2
2025-12-14 00:24:24,580 - INFO - phi = [ 1.83797072  0.57270349 -0.04352034  0.53135255]
2025-12-14 00:24:24,610 - INFO - num_full_subsets = 2
2025-12-14 00:24:24,640 - INFO - phi = [-1.10483711 -0.46228892  0.01323138 -0.44380396]
2025-12-14 00:24:24,669 - INFO - num_full_subsets = 2
2025-12-14 00:24:24,700 - INFO - phi = [ 0.32278716 -0.02681313  0.13752132 -0.48242856]
2025-12-14 00:24:24,730 - INFO - num_full_subsets = 2
2025-12-14 00:24:24,760 - INFO - phi = [0.90318526 0.47941211 0.12486838 0.27524488]
2025-12-14 00:24:24,790 - INFO - num_full_subsets = 2
2025-12-14 00:24:24,820 - INFO - phi = [ 0.73648491  0.76216777 -0.130085    0.50098651]
2025-12-14 00:24:24,850 - INFO - num_full_subsets = 2
2025-12-14 00:24:24,881 - INFO - phi = [0.56102708 0.16193915 0.23707372 0.42073863]
2025-12-14 00:24:24,911 - INFO - num_full_subsets = 2
2025-12-14 00:24:24,941 - INFO - phi = [ 1.51510344 -0.36158345  0.78885591 -1.05513276]
2025-12-14 00:24:24,971 - INFO - num_full_subsets = 2
2025-12-14 00:24:25,002 - INFO - phi = [ 0.27341501  0.46910124  0.28664308 -0.34936673]
2025-12-14 00:24:25,031 - INFO - num_full_subsets = 2
2025-12-14 00:24:25,062 - INFO - phi = [-0.86182626  0.02019333  0.03831766  0.70100731]
2025-12-14 00:24:25,092 - INFO - num_full_subsets = 2
2025-12-14 00:24:25,123 - INFO - phi = [-1.26898426 -0.41639155  0.0139825  -0.22436542]
2025-12-14 00:24:25,153 - INFO - num_full_subsets = 2
2025-12-14 00:24:25,183 - INFO - phi = [0.38094842 0.17355127 0.03961716 0.44005002]
2025-12-14 00:24:25,213 - INFO - num_full_subsets = 2
2025-12-14 00:24:25,243 - INFO - phi = [ 1.97020969  0.65735051 -0.09898712 -0.23622779]
2025-12-14 00:24:25,273 - INFO - num_full_subsets = 2
2025-12-14 00:24:25,303 - INFO - phi = [-1.25067689 -0.45419928 -0.00288009 -0.1439979 ]
2025-12-14 00:24:25,333 - INFO - num_full_subsets = 2
2025-12-14 00:24:25,363 - INFO - phi = [ 1.19839624 -0.11195209  0.02104258 -0.12356051]
2025-12-14 00:24:25,393 - INFO - num_full_subsets = 2
2025-12-14 00:24:25,424 - INFO - phi = [-0.64520496 -0.72938732 -0.02711494 -0.17276124]
2025-12-14 00:24:25,453 - INFO - num_full_subsets = 2
2025-12-14 00:24:25,484 - INFO - phi = [-0.64989155 -0.68527801  0.33070566 -0.46337737]
2025-12-14 00:24:25,513 - INFO - num_full_subsets = 2
2025-12-14 00:24:25,544 - INFO - phi = [ 2.12914159  0.18461222 -0.04358491  0.42276005]
2025-12-14 00:24:25,573 - INFO - num_full_subsets = 2
2025-12-14 00:24:25,604 - INFO - phi = [ 1.15151927  0.29739    -0.38911436  0.38398575]
2025-12-14 00:24:25,633 - INFO - num_full_subsets = 2
2025-12-14 00:24:25,664 - INFO - phi = [ 0.25657351  0.01474766  0.03828885 -0.23220046]
2025-12-14 00:24:25,693 - INFO - num_full_subsets = 2
2025-12-14 00:24:25,724 - INFO - phi = [-1.23595091 -0.51467935  0.02776471 -0.14741455]
2025-12-14 00:24:25,753 - INFO - num_full_subsets = 2
2025-12-14 00:24:25,784 - INFO - phi = [-1.09821661 -0.45368033 -0.07465636  0.291898  ]
2025-12-14 00:24:25,814 - INFO - num_full_subsets = 2
2025-12-14 00:24:25,844 - INFO - phi = [ 0.50283021 -0.43969826 -1.22604071 -0.12928117]
2025-12-14 00:24:25,874 - INFO - num_full_subsets = 2
2025-12-14 00:24:25,904 - INFO - phi = [ 1.98702482  0.57752911 -0.15744338  0.37382828]
2025-12-14 00:24:25,934 - INFO - num_full_subsets = 2
2025-12-14 00:24:25,964 - INFO - phi = [ 0.00817892  0.60766697 -0.50038007 -0.55090231]
2025-12-14 00:24:25,994 - INFO - num_full_subsets = 2
2025-12-14 00:24:26,024 - INFO - phi = [-4.12304308e-01 -7.47749674e-01 -9.71891237e-06 -3.00562728e-01]
2025-12-14 00:24:26,054 - INFO - num_full_subsets = 2
2025-12-14 00:24:26,085 - INFO - phi = [ 0.12827475  0.52753076  0.20993901 -0.87824218]
2025-12-14 00:24:26,115 - INFO - num_full_subsets = 2
2025-12-14 00:24:26,146 - INFO - phi = [-1.43237206 -0.45819088  0.03056795  0.21702292]
2025-12-14 00:24:26,176 - INFO - num_full_subsets = 2
2025-12-14 00:24:26,206 - INFO - phi = [0.34635674 0.59048496 0.01538153 0.27496399]
2025-12-14 00:24:26,236 - INFO - num_full_subsets = 2
2025-12-14 00:24:26,269 - INFO - phi = [0.37439872 0.26790269 0.48430992 0.50243964]
2025-12-14 00:24:26,298 - INFO - num_full_subsets = 2
2025-12-14 00:24:26,329 - INFO - phi = [-0.85128248 -0.58763724 -0.0222825  -0.20462864]
2025-12-14 00:24:26,359 - INFO - num_full_subsets = 2
2025-12-14 00:24:26,390 - INFO - phi = [0.68069982 0.65407068 0.17921822 0.29825619]
2025-12-14 00:24:26,420 - INFO - num_full_subsets = 2
2025-12-14 00:24:26,450 - INFO - phi = [1.70545898 0.27012768 0.17200657 0.59532518]
2025-12-14 00:24:26,480 - INFO - num_full_subsets = 2
2025-12-14 00:24:26,510 - INFO - phi = [ 0.36718711 -0.07456399  0.03390081  0.44221091]
2025-12-14 00:24:26,540 - INFO - num_full_subsets = 2
2025-12-14 00:24:26,570 - INFO - phi = [-1.05664655  0.99965614 -0.14242527  0.55727709]
2025-12-14 00:24:26,600 - INFO - num_full_subsets = 2
2025-12-14 00:24:26,630 - INFO - phi = [-1.02936794  0.30300921 -0.14955445  0.19209897]
2025-12-14 00:24:26,660 - INFO - num_full_subsets = 2
2025-12-14 00:24:26,690 - INFO - phi = [ 0.14963922  0.54148237  0.18754386 -0.64933866]
2025-12-14 00:24:26,720 - INFO - num_full_subsets = 2
2025-12-14 00:24:26,750 - INFO - phi = [ 0.25633915  0.608241    0.18738945 -0.47194409]
2025-12-14 00:24:26,781 - INFO - num_full_subsets = 2
2025-12-14 00:24:26,813 - INFO - phi = [ 0.52261435  0.1141893  -0.11521495  0.48047286]
2025-12-14 00:24:26,844 - INFO - num_full_subsets = 2
2025-12-14 00:24:26,874 - INFO - phi = [1.08064366 0.30797565 0.09458722 0.46666236]
2025-12-14 00:24:26,903 - INFO - num_full_subsets = 2
2025-12-14 00:24:26,934 - INFO - phi = [ 1.67669171  0.00451076  0.01236276 -0.83195753]
2025-12-14 00:24:26,963 - INFO - num_full_subsets = 2
2025-12-14 00:24:26,994 - INFO - phi = [-4.12304308e-01 -7.47749674e-01 -9.71891237e-06 -3.00562728e-01]
2025-12-14 00:24:27,024 - INFO - num_full_subsets = 2
2025-12-14 00:24:27,054 - INFO - phi = [-0.77081735 -0.59382529 -0.02748654 -0.15356593]
2025-12-14 00:24:27,084 - INFO - num_full_subsets = 2
2025-12-14 00:24:27,114 - INFO - phi = [ 0.40306245  0.06651303 -0.01523989  0.51513936]
2025-12-14 00:24:27,144 - INFO - num_full_subsets = 2
2025-12-14 00:24:27,174 - INFO - phi = [ 2.21680993  0.21241175 -0.0244058   0.36257703]
2025-12-14 00:24:27,204 - INFO - num_full_subsets = 2
2025-12-14 00:24:27,234 - INFO - phi = [0.50053258 0.81333712 0.04680865 0.55984838]
2025-12-14 00:24:27,264 - INFO - num_full_subsets = 2
2025-12-14 00:24:27,295 - INFO - phi = [0.66079247 0.15586419 0.10742182 0.38329797]
2025-12-14 00:24:27,324 - INFO - num_full_subsets = 2
2025-12-14 00:24:27,355 - INFO - phi = [ 1.93999362  0.44049786 -0.0126812   0.38560695]
2025-12-14 00:24:27,384 - INFO - num_full_subsets = 2
2025-12-14 00:24:27,415 - INFO - phi = [ 0.07477798  0.26531564 -0.22117334 -0.51905238]
2025-12-14 00:24:27,444 - INFO - num_full_subsets = 2
2025-12-14 00:24:27,475 - INFO - phi = [ 0.20409543  0.40121091  0.29903712 -0.55873687]
2025-12-14 00:24:27,505 - INFO - num_full_subsets = 2
2025-12-14 00:24:27,535 - INFO - phi = [-0.06106622  0.71319087 -0.15805125  0.30799476]
2025-12-14 00:24:27,565 - INFO - num_full_subsets = 2
2025-12-14 00:24:27,595 - INFO - phi = [ 1.54417269  0.24507044 -0.03418876  0.25836152]
2025-12-14 00:24:27,625 - INFO - num_full_subsets = 2
2025-12-14 00:24:27,656 - INFO - phi = [1.99466351 0.06844263 0.38292631 0.65066814]
2025-12-14 00:24:27,685 - INFO - num_full_subsets = 2
2025-12-14 00:24:27,715 - INFO - phi = [-1.44825545  0.16141249 -0.21196751 -0.14395081]
2025-12-14 00:24:27,745 - INFO - num_full_subsets = 2
2025-12-14 00:24:27,776 - INFO - phi = [-0.89432138 -0.61515733  0.08165111 -0.52258417]
2025-12-14 00:24:27,805 - INFO - num_full_subsets = 2
2025-12-14 00:24:27,836 - INFO - phi = [-1.02683451 -0.5719816  -0.01810023 -0.17212613]
2025-12-14 00:24:27,865 - INFO - num_full_subsets = 2
2025-12-14 00:24:27,896 - INFO - phi = [-1.3995824  -0.37130383 -0.14711696  0.16640164]
2025-12-14 00:24:27,925 - INFO - num_full_subsets = 2
2025-12-14 00:24:27,955 - INFO - phi = [1.79837921 0.28739152 0.07854363 0.43117749]
2025-12-14 00:24:27,985 - INFO - num_full_subsets = 2
2025-12-14 00:24:28,016 - INFO - phi = [-0.51813109 -0.66783473 -0.08518397  0.37401255]
2025-12-14 00:24:28,045 - INFO - num_full_subsets = 2
2025-12-14 00:24:28,076 - INFO - phi = [-0.08577736  0.28328315 -0.14067537 -0.0014085 ]
2025-12-14 00:24:28,106 - INFO - num_full_subsets = 2
2025-12-14 00:24:28,136 - INFO - phi = [-0.2441407   0.81627495  0.23695293  0.18623591]
2025-12-14 00:24:28,166 - INFO - num_full_subsets = 2
2025-12-14 00:24:28,196 - INFO - phi = [ 0.75586207  0.43244539 -0.12325561  0.4707432 ]
2025-12-14 00:24:28,226 - INFO - num_full_subsets = 2
2025-12-14 00:24:28,256 - INFO - phi = [ 0.41033246 -0.67124258 -0.01363645 -0.93395623]
2025-12-14 00:24:28,286 - INFO - num_full_subsets = 2
2025-12-14 00:24:28,316 - INFO - phi = [-1.04913984 -0.47559255 -0.80533979  0.57335429]
2025-12-14 00:24:28,346 - INFO - num_full_subsets = 2
2025-12-14 00:24:28,377 - INFO - phi = [-0.59065138 -0.71707241 -0.01356439 -0.4820785 ]
2025-12-14 00:24:28,406 - INFO - num_full_subsets = 2
2025-12-14 00:24:28,437 - INFO - phi = [ 0.8140806  -0.61149972 -0.01243253 -1.00624822]
2025-12-14 00:24:28,467 - INFO - num_full_subsets = 2
2025-12-14 00:24:28,498 - INFO - phi = [ 0.46250812 -0.28260883  0.33258803  0.58833923]
2025-12-14 00:24:28,528 - INFO - num_full_subsets = 2
2025-12-14 00:24:28,559 - INFO - phi = [-1.01013513 -0.47369756 -0.8060533  -0.08193517]
2025-12-14 00:24:28,589 - INFO - num_full_subsets = 2
2025-12-14 00:24:28,621 - INFO - phi = [ 0.96198519  0.06203398  0.15004467 -0.04872561]
2025-12-14 00:24:28,651 - INFO - num_full_subsets = 2
2025-12-14 00:24:28,682 - INFO - phi = [ 0.33148546  0.16421815 -0.12984421  0.47269571]
2025-12-14 00:24:28,712 - INFO - num_full_subsets = 2
2025-12-14 00:24:28,742 - INFO - phi = [-1.09913728 -0.55364049  0.01096957 -0.31459196]
2025-12-14 00:24:28,772 - INFO - num_full_subsets = 2
2025-12-14 00:24:28,802 - INFO - phi = [-1.09622388 -0.36744462 -0.13764884  0.40610003]
2025-12-14 00:24:28,832 - INFO - num_full_subsets = 2
2025-12-14 00:24:28,863 - INFO - phi = [ 0.18090421  0.12950401  0.12691997 -0.58782056]
2025-12-14 00:24:28,892 - INFO - num_full_subsets = 2
2025-12-14 00:24:28,923 - INFO - phi = [ 0.62460676  0.48342483 -0.10699439  0.55230052]
2025-12-14 00:24:28,952 - INFO - num_full_subsets = 2
2025-12-14 00:24:28,982 - INFO - phi = [-0.89957448 -0.57472131 -0.02057002 -0.3049827 ]
2025-12-14 00:24:29,012 - INFO - num_full_subsets = 2
2025-12-14 00:24:29,042 - INFO - phi = [ 0.35822476 -0.05538048  0.19336678 -0.29642351]
2025-12-14 00:24:29,072 - INFO - num_full_subsets = 2
2025-12-14 00:24:29,102 - INFO - phi = [-1.27917949 -0.16662897 -0.19656137 -0.44882373]
2025-12-14 00:24:29,133 - INFO - num_full_subsets = 2
2025-12-14 00:24:29,164 - INFO - phi = [0.4143005  0.41639833 0.48215341 0.58903713]
2025-12-14 00:24:29,194 - INFO - num_full_subsets = 2
2025-12-14 00:24:29,224 - INFO - phi = [-1.48946646 -0.39336368 -0.07144845  0.1916417 ]
2025-12-14 00:24:29,253 - INFO - num_full_subsets = 2
2025-12-14 00:24:29,284 - INFO - phi = [1.15775753 0.19283005 0.07630255 0.38113218]
2025-12-14 00:24:29,313 - INFO - num_full_subsets = 2
2025-12-14 00:24:29,344 - INFO - phi = [ 2.21680993  0.21241175 -0.0244058   0.36257703]
2025-12-14 00:24:29,374 - INFO - num_full_subsets = 2
2025-12-14 00:24:29,404 - INFO - phi = [1.90353383 0.70789347 0.20454906 0.69374363]
2025-12-14 00:24:29,435 - INFO - num_full_subsets = 2
2025-12-14 00:24:29,466 - INFO - phi = [-1.64634516 -0.06594784  0.03046916  0.2433444 ]
2025-12-14 00:24:29,495 - INFO - num_full_subsets = 2
2025-12-14 00:24:29,526 - INFO - phi = [ 1.72031674  0.38985924  0.08246963 -0.18605312]
2025-12-14 00:24:29,556 - INFO - num_full_subsets = 2
2025-12-14 00:24:29,586 - INFO - phi = [-0.4100594  -0.14859943 -0.08255463  0.2923094 ]
2025-12-14 00:24:29,615 - INFO - num_full_subsets = 2
2025-12-14 00:24:29,646 - INFO - phi = [ 1.08423696 -0.01059024  0.10074615  0.23312973]
2025-12-14 00:24:29,675 - INFO - num_full_subsets = 2
2025-12-14 00:24:29,706 - INFO - phi = [-1.4976881   0.11820195 -0.17299575  0.15172433]
2025-12-14 00:24:29,735 - INFO - num_full_subsets = 2
2025-12-14 00:24:29,766 - INFO - phi = [ 0.97603981  0.56321166 -0.14566301  0.33918536]
2025-12-14 00:24:29,795 - INFO - num_full_subsets = 2
2025-12-14 00:24:29,825 - INFO - phi = [ 0.20897332  0.59781792  0.30978856 -0.66610853]
2025-12-14 00:24:29,855 - INFO - num_full_subsets = 2
2025-12-14 00:24:29,885 - INFO - phi = [-0.37734708 -0.31658596  0.33130804 -0.30227796]
2025-12-14 00:24:29,914 - INFO - num_full_subsets = 2
2025-12-14 00:24:29,945 - INFO - phi = [-0.75144604 -0.55593551  0.06554476 -0.38712062]
2025-12-14 00:24:29,974 - INFO - num_full_subsets = 2
2025-12-14 00:24:30,004 - INFO - phi = [-1.1509605  -0.39354818 -0.03795669 -0.4110727 ]
2025-12-14 00:24:30,034 - INFO - num_full_subsets = 2
2025-12-14 00:24:30,064 - INFO - phi = [ 1.79271359  0.16106462 -0.28312501 -0.40093008]
2025-12-14 00:24:30,094 - INFO - num_full_subsets = 2
2025-12-14 00:24:30,124 - INFO - phi = [1.72556423 0.00709675 0.25240481 0.33770756]
2025-12-14 00:24:30,154 - INFO - num_full_subsets = 2
2025-12-14 00:24:30,184 - INFO - phi = [-1.38309995 -0.5189649  -0.01837762  0.16580259]
2025-12-14 00:24:30,213 - INFO - num_full_subsets = 2
2025-12-14 00:24:30,243 - INFO - phi = [ 0.23888208 -0.69960962  0.09957128 -0.77326533]
2025-12-14 00:24:30,273 - INFO - num_full_subsets = 2
2025-12-14 00:24:30,303 - INFO - phi = [-1.14268826 -0.40105631  0.0538335  -0.40810082]
2025-12-14 00:24:30,332 - INFO - num_full_subsets = 2
2025-12-14 00:24:30,362 - INFO - phi = [-0.36266238  0.6337683  -0.07436271  0.54875157]
2025-12-14 00:24:30,392 - INFO - num_full_subsets = 2
2025-12-14 00:24:30,422 - INFO - phi = [1.02414957 0.42016827 0.40407484 0.50763403]
2025-12-14 00:24:30,453 - INFO - num_full_subsets = 2
2025-12-14 00:24:30,486 - INFO - phi = [-0.84507025 -0.64416807  0.03203051  0.34759946]
2025-12-14 00:24:30,518 - INFO - num_full_subsets = 2
2025-12-14 00:24:30,551 - INFO - phi = [ 1.14477772  0.11096406 -0.12283932  0.52373861]
2025-12-14 00:24:30,583 - INFO - num_full_subsets = 2
2025-12-14 00:24:30,615 - INFO - phi = [-0.53944474 -0.67737451  0.06098081 -0.54937755]
2025-12-14 00:24:30,647 - INFO - num_full_subsets = 2
2025-12-14 00:24:30,680 - INFO - phi = [-1.45288735  0.17492843 -0.14365696 -0.09339405]
2025-12-14 00:24:30,712 - INFO - num_full_subsets = 2
2025-12-14 00:24:30,745 - INFO - phi = [0.2552626  0.09543402 0.31703514 0.43613188]
2025-12-14 00:24:30,775 - INFO - num_full_subsets = 2
2025-12-14 00:24:30,806 - INFO - phi = [1.26494178 0.10380772 0.32469421 0.3621168 ]
2025-12-14 00:24:30,835 - INFO - num_full_subsets = 2
2025-12-14 00:24:30,865 - INFO - phi = [ 0.05581357  0.46852728 -0.19925194 -0.562398  ]
2025-12-14 00:24:30,894 - INFO - num_full_subsets = 2
2025-12-14 00:24:30,925 - INFO - phi = [ 0.23827039  0.39137152  0.12135818 -0.56256699]
2025-12-14 00:24:30,954 - INFO - num_full_subsets = 2
2025-12-14 00:24:30,984 - INFO - phi = [1.82721131 0.09296202 0.0753894  0.424303  ]
2025-12-14 00:24:31,014 - INFO - num_full_subsets = 2
2025-12-14 00:24:31,045 - INFO - phi = [-1.25828542 -0.45820076 -0.03851912 -0.15059887]
2025-12-14 00:24:31,074 - INFO - num_full_subsets = 2
2025-12-14 00:24:31,104 - INFO - phi = [-1.13845799 -0.46238001 -0.03277038 -0.31422688]
2025-12-14 00:24:31,134 - INFO - num_full_subsets = 2
2025-12-14 00:24:31,164 - INFO - phi = [-1.47412808 -0.34823726 -0.08202808  0.06787482]
2025-12-14 00:24:31,195 - INFO - num_full_subsets = 2
2025-12-14 00:24:31,227 - INFO - phi = [-1.1673039  -0.53182974 -0.05697201  0.20989821]
2025-12-14 00:24:31,260 - INFO - num_full_subsets = 2
2025-12-14 00:24:31,292 - INFO - phi = [-1.30267764 -0.44581205  0.03746655 -0.14573075]
2025-12-14 00:24:31,325 - INFO - num_full_subsets = 2
2025-12-14 00:24:31,357 - INFO - phi = [ 0.21782695  0.61421549  0.19668761 -0.51236227]
2025-12-14 00:24:31,388 - INFO - num_full_subsets = 2
2025-12-14 00:24:31,419 - INFO - phi = [-1.00470938 -0.37145022 -0.20644458 -0.39166144]
2025-12-14 00:24:31,448 - INFO - num_full_subsets = 2
2025-12-14 00:24:31,478 - INFO - phi = [-1.38846156 -0.38883607 -0.03459858 -0.04884567]
2025-12-14 00:24:31,507 - INFO - num_full_subsets = 2
2025-12-14 00:24:31,538 - INFO - phi = [ 0.18706166  0.04668728  0.04404625 -0.77316258]
2025-12-14 00:24:31,567 - INFO - num_full_subsets = 2
2025-12-14 00:24:31,597 - INFO - phi = [ 2.13753376  0.55640376 -0.01379522  0.25072673]
2025-12-14 00:24:31,626 - INFO - num_full_subsets = 2
2025-12-14 00:24:31,657 - INFO - phi = [-1.15846436 -0.47348829 -0.03332291 -0.33126936]
2025-12-14 00:24:31,686 - INFO - num_full_subsets = 2
2025-12-14 00:24:31,716 - INFO - phi = [-1.08307413  0.16890976 -0.53912872  0.67082142]
2025-12-14 00:24:31,746 - INFO - num_full_subsets = 2
2025-12-14 00:24:31,776 - INFO - phi = [-1.03427634 -0.56554554 -0.01905033 -0.2110223 ]
2025-12-14 00:24:31,805 - INFO - num_full_subsets = 2
2025-12-14 00:24:31,836 - INFO - phi = [ 0.97693756 -0.43630906  0.86464691 -0.83173181]
2025-12-14 00:24:31,865 - INFO - num_full_subsets = 2
2025-12-14 00:24:31,895 - INFO - phi = [0.38418399 0.05489219 0.17406916 0.55715486]
2025-12-14 00:24:31,924 - INFO - num_full_subsets = 2
2025-12-14 00:24:31,955 - INFO - phi = [0.35649578 0.10764563 0.08780152 0.3792335 ]
2025-12-14 00:24:31,984 - INFO - num_full_subsets = 2
2025-12-14 00:24:32,015 - INFO - phi = [-0.72811413 -0.61830406  0.08266338 -0.58447175]
2025-12-14 00:24:32,044 - INFO - num_full_subsets = 2
2025-12-14 00:24:32,074 - INFO - phi = [ 0.77858535  0.19561297 -0.03430767  0.47729578]
2025-12-14 00:24:32,104 - INFO - num_full_subsets = 2
2025-12-14 00:24:32,134 - INFO - phi = [-1.05664655  0.99965614 -0.14242527  0.55727709]
2025-12-14 00:24:32,164 - INFO - num_full_subsets = 2
2025-12-14 00:24:32,194 - INFO - phi = [ 0.14054926  0.55232275  0.25898438 -0.87488345]
2025-12-14 00:24:32,223 - INFO - num_full_subsets = 2
2025-12-14 00:24:32,254 - INFO - phi = [ 0.03900116  0.26966839 -0.29031292  0.04029773]
2025-12-14 00:24:32,283 - INFO - num_full_subsets = 2
2025-12-14 00:24:32,313 - INFO - phi = [ 0.5783578   0.05869037 -0.09630287  0.48916914]
2025-12-14 00:24:32,342 - INFO - num_full_subsets = 2
2025-12-14 00:24:32,373 - INFO - phi = [-0.71563608 -0.7495953  -0.01242714 -0.10801989]
2025-12-14 00:24:32,402 - INFO - num_full_subsets = 2
2025-12-14 00:24:32,432 - INFO - phi = [-1.18543056 -0.42838307 -0.01623889 -0.3289467 ]
2025-12-14 00:24:32,462 - INFO - num_full_subsets = 2
2025-12-14 00:24:32,492 - INFO - phi = [-1.69581986  0.47088337 -0.10972532  0.17520971]
2025-12-14 00:24:32,521 - INFO - num_full_subsets = 2
2025-12-14 00:24:32,552 - INFO - phi = [ 0.05581357  0.46852728 -0.19925194 -0.562398  ]
2025-12-14 00:24:32,581 - INFO - num_full_subsets = 2
2025-12-14 00:24:32,611 - INFO - phi = [-1.09415453 -0.30530485 -0.04204412  0.20714939]
2025-12-14 00:24:32,641 - INFO - num_full_subsets = 2
2025-12-14 00:24:32,671 - INFO - phi = [1.79765334 0.34539728 0.04206452 0.68992937]
2025-12-14 00:24:32,701 - INFO - num_full_subsets = 2
2025-12-14 00:24:32,731 - INFO - phi = [-0.92111276 -0.61833553  0.0097102  -0.35743154]
2025-12-14 00:24:32,761 - INFO - num_full_subsets = 2
2025-12-14 00:24:32,791 - INFO - phi = [ 0.24793737  0.01728716  0.03773836 -0.58597945]
2025-12-14 00:24:32,821 - INFO - num_full_subsets = 2
2025-12-14 00:24:32,851 - INFO - phi = [ 0.14247976  0.50627919  0.03129752 -0.78712252]
2025-12-14 00:24:32,880 - INFO - num_full_subsets = 2
2025-12-14 00:24:32,911 - INFO - phi = [-1.13777632 -0.45966479  0.00239447 -0.43121922]
2025-12-14 00:24:32,941 - INFO - num_full_subsets = 2
2025-12-14 00:24:32,971 - INFO - phi = [-1.40964836 -0.12734682  0.03476624 -0.17620615]
2025-12-14 00:24:33,000 - INFO - num_full_subsets = 2
2025-12-14 00:24:33,031 - INFO - phi = [ 0.55610246 -0.00317022  0.03359661  0.43880754]
2025-12-14 00:24:33,060 - INFO - num_full_subsets = 2
2025-12-14 00:24:33,091 - INFO - phi = [-1.61424559  0.54521624 -0.06122021  0.30022679]
2025-12-14 00:24:33,120 - INFO - num_full_subsets = 2
2025-12-14 00:24:33,150 - INFO - phi = [-1.31222371 -0.34943157 -0.28018655  0.13333148]
2025-12-14 00:24:33,180 - INFO - num_full_subsets = 2
2025-12-14 00:24:33,210 - INFO - phi = [-1.27606161 -0.3927358  -0.30382436  0.10023633]
2025-12-14 00:24:33,239 - INFO - num_full_subsets = 2
2025-12-14 00:24:33,270 - INFO - phi = [-0.88213373 -0.5517288  -0.03270253 -0.36050434]
2025-12-14 00:24:33,299 - INFO - num_full_subsets = 2
2025-12-14 00:24:33,330 - INFO - phi = [ 0.58711837  0.08473022 -0.0942501   0.3986144 ]
2025-12-14 00:24:33,359 - INFO - num_full_subsets = 2
2025-12-14 00:24:33,389 - INFO - phi = [ 0.14955041  0.34428545 -0.09255743  0.41730224]
2025-12-14 00:24:33,419 - INFO - num_full_subsets = 2
2025-12-14 00:24:33,449 - INFO - phi = [ 0.25167438  0.40690946  0.05757784 -0.34602687]
2025-12-14 00:24:33,478 - INFO - num_full_subsets = 2
2025-12-14 00:24:33,508 - INFO - phi = [ 0.58711837  0.08473022 -0.0942501   0.3986144 ]
2025-12-14 00:24:33,537 - INFO - num_full_subsets = 2
2025-12-14 00:24:33,568 - INFO - phi = [-1.03576953 -0.59662618 -0.04852407  0.20841257]
2025-12-14 00:24:33,597 - INFO - num_full_subsets = 2
2025-12-14 00:24:33,627 - INFO - phi = [ 1.57257892  0.59250088 -0.11216266  0.49236798]
2025-12-14 00:24:33,657 - INFO - num_full_subsets = 2
2025-12-14 00:24:33,687 - INFO - phi = [ 0.14142929  0.46953727 -0.10664602 -0.44363859]
2025-12-14 00:24:33,717 - INFO - num_full_subsets = 2
2025-12-14 00:24:33,747 - INFO - phi = [-1.07121007 -0.36861762 -0.11172966 -0.33658632]
2025-12-14 00:24:33,777 - INFO - num_full_subsets = 2
2025-12-14 00:24:33,807 - INFO - phi = [1.25674813 0.17681887 0.48454264 0.36979176]
2025-12-14 00:24:33,836 - INFO - num_full_subsets = 2
2025-12-14 00:24:33,866 - INFO - phi = [ 0.36718711 -0.07456399  0.03390081  0.44221091]
2025-12-14 00:24:33,896 - INFO - num_full_subsets = 2
2025-12-14 00:24:33,926 - INFO - phi = [-0.64520496 -0.72938732 -0.02711494 -0.17276124]
2025-12-14 00:24:33,956 - INFO - num_full_subsets = 2
2025-12-14 00:24:33,986 - INFO - phi = [ 1.73743647  0.0080238   0.11264945 -0.7185872 ]
2025-12-14 00:24:34,015 - INFO - num_full_subsets = 2
2025-12-14 00:24:34,046 - INFO - phi = [-0.72514516 -0.15981667 -0.08518786  0.2372638 ]
2025-12-14 00:24:34,075 - INFO - num_full_subsets = 2
2025-12-14 00:24:34,105 - INFO - phi = [-1.49847266  0.35319433 -0.04384136  0.11481271]
2025-12-14 00:24:34,744 - INFO - Computing feature importance...
2025-12-14 00:24:38,311 - INFO - Experiment completed for NGBoost
2025-12-14 00:24:38,311 - INFO - Total time: 317.92s (5.30 min)
2025-12-14 00:24:38,312 - INFO - Starting comprehensive experiment for NGBoost
2025-12-14 00:24:47,269 - INFO - Performing feature analysis...
2025-12-14 00:24:48,448 - INFO - Model justification: Probabilistic forecasting with natural gradient boosting, provides uncertainty quantification
2025-12-14 00:24:48,448 - INFO - Performing robust cross-validation...
2025-12-14 00:25:27,937 - INFO - CV Results - MSE: 0.7843 ± 0.1293
2025-12-14 00:25:27,937 - INFO - Starting hyperparameter optimization...
2025-12-14 00:28:37,921 - INFO - Best parameters for NGBoost: {'n_estimators': 95, 'learning_rate': 0.044276466780650975, 'minibatch_frac': 0.24093552671948892, 'natural_gradient': True}
2025-12-14 00:28:37,921 - INFO - ⏱️ HPO took 189.98 seconds
2025-12-14 00:28:37,921 - INFO - Training final model...
2025-12-14 00:28:38,371 - INFO - ⏱️ Training took 0.45 seconds
2025-12-14 00:28:38,371 - INFO - Performing residual analysis...
2025-12-14 00:28:39,396 - INFO - Generating XAI explanations...
2025-12-14 00:28:39,410 - WARNING - Using 168 background data samples could cause slower run times. Consider using shap.sample(data, K) or shap.kmeans(data, K) to summarize the background as K samples.
2025-12-14 00:28:39,436 - INFO - num_full_subsets = 2
2025-12-14 00:28:39,462 - INFO - phi = [-0.04762321  0.16227779  0.16695939 -0.13558917]
2025-12-14 00:28:39,489 - INFO - num_full_subsets = 2
2025-12-14 00:28:39,515 - INFO - phi = [ 0.08828898  0.05161395 -0.17931638 -0.38068874]
2025-12-14 00:28:39,542 - INFO - num_full_subsets = 2
2025-12-14 00:28:39,568 - INFO - phi = [1.7506809  0.00908698 0.11289677 0.36651098]
2025-12-14 00:28:39,594 - INFO - num_full_subsets = 2
2025-12-14 00:28:39,620 - INFO - phi = [1.41268188 0.12086473 0.26441685 0.53897001]
2025-12-14 00:28:39,647 - INFO - num_full_subsets = 2
2025-12-14 00:28:39,673 - INFO - phi = [ 1.68492693 -0.07603697  0.07884689  0.27344013]
2025-12-14 00:28:39,700 - INFO - num_full_subsets = 2
2025-12-14 00:28:39,726 - INFO - phi = [-0.63200554 -0.92843394  0.06688758 -0.37077703]
2025-12-14 00:28:39,753 - INFO - num_full_subsets = 2
2025-12-14 00:28:39,779 - INFO - phi = [-0.81920602 -0.80479271  0.08881521 -0.5271824 ]
2025-12-14 00:28:39,805 - INFO - num_full_subsets = 2
2025-12-14 00:28:39,831 - INFO - phi = [-0.4750093  -0.92870506  0.06680814 -0.56222482]
2025-12-14 00:28:39,858 - INFO - num_full_subsets = 2
2025-12-14 00:28:39,883 - INFO - phi = [-0.06233637  0.79526884  0.25821539 -0.70822054]
2025-12-14 00:28:39,910 - INFO - num_full_subsets = 2
2025-12-14 00:28:39,936 - INFO - phi = [ 0.15687357 -0.44065279 -0.18206665 -0.63825555]
2025-12-14 00:28:39,964 - INFO - num_full_subsets = 2
2025-12-14 00:28:39,990 - INFO - phi = [ 2.32938985  0.37637258 -0.10964938  0.46024579]
2025-12-14 00:28:40,017 - INFO - num_full_subsets = 2
2025-12-14 00:28:40,043 - INFO - phi = [1.93559679 0.09438297 0.26883037 0.46848144]
2025-12-14 00:28:40,070 - INFO - num_full_subsets = 2
2025-12-14 00:28:40,095 - INFO - phi = [-1.24909912  0.2198503  -0.31934476  0.04868152]
2025-12-14 00:28:40,122 - INFO - num_full_subsets = 2
2025-12-14 00:28:40,147 - INFO - phi = [ 0.60732004 -0.73617813  0.18333136  0.55974598]
2025-12-14 00:28:40,174 - INFO - num_full_subsets = 2
2025-12-14 00:28:40,200 - INFO - phi = [1.17642868 0.40611223 0.07823652 0.25224917]
2025-12-14 00:28:40,227 - INFO - num_full_subsets = 2
2025-12-14 00:28:40,253 - INFO - phi = [ 1.68492693 -0.07603697  0.07884689  0.27344013]
2025-12-14 00:28:40,280 - INFO - num_full_subsets = 2
2025-12-14 00:28:40,306 - INFO - phi = [ 0.14666742  0.29679893 -0.03904214 -0.32705007]
2025-12-14 00:28:40,332 - INFO - num_full_subsets = 2
2025-12-14 00:28:40,358 - INFO - phi = [-1.01412498 -0.59814307 -0.06812739 -0.25702662]
2025-12-14 00:28:40,384 - INFO - num_full_subsets = 2
2025-12-14 00:28:40,410 - INFO - phi = [-1.13106233 -0.71807799 -0.17540223  0.18091453]
2025-12-14 00:28:40,436 - INFO - num_full_subsets = 2
2025-12-14 00:28:40,462 - INFO - phi = [ 0.12094545  0.55229874 -0.28979002  0.11254028]
2025-12-14 00:28:40,489 - INFO - num_full_subsets = 2
2025-12-14 00:28:40,514 - INFO - phi = [-0.70036059  0.50897487  0.05420201  0.08333411]
2025-12-14 00:28:40,541 - INFO - num_full_subsets = 2
2025-12-14 00:28:40,566 - INFO - phi = [ 0.38919229 -0.44154204  0.5276868  -0.66815749]
2025-12-14 00:28:40,593 - INFO - num_full_subsets = 2
2025-12-14 00:28:40,619 - INFO - phi = [-1.52181833  0.03034047 -0.05619156  0.51506235]
2025-12-14 00:28:40,646 - INFO - num_full_subsets = 2
2025-12-14 00:28:40,672 - INFO - phi = [-1.06337246 -0.66711448 -0.01645521 -0.24181148]
2025-12-14 00:28:40,698 - INFO - num_full_subsets = 2
2025-12-14 00:28:40,724 - INFO - phi = [-1.12728741  0.29654236 -0.3534968   0.30504791]
2025-12-14 00:28:40,750 - INFO - num_full_subsets = 2
2025-12-14 00:28:40,776 - INFO - phi = [-1.52700444 -0.35849105  0.09409569  0.50785383]
2025-12-14 00:28:40,803 - INFO - num_full_subsets = 2
2025-12-14 00:28:40,829 - INFO - phi = [ 1.02775463  0.09663152 -0.24971047  0.46003066]
2025-12-14 00:28:40,855 - INFO - num_full_subsets = 2
2025-12-14 00:28:40,881 - INFO - phi = [1.07631398 0.36281576 0.22057811 0.36957273]
2025-12-14 00:28:40,908 - INFO - num_full_subsets = 2
2025-12-14 00:28:40,934 - INFO - phi = [ 0.54038863  0.1502971  -0.29177372  0.58668103]
2025-12-14 00:28:40,961 - INFO - num_full_subsets = 2
2025-12-14 00:28:40,987 - INFO - phi = [ 0.69477449  0.37711427  0.24158285 -0.04506368]
2025-12-14 00:28:41,015 - INFO - num_full_subsets = 2
2025-12-14 00:28:41,042 - INFO - phi = [ 1.27505515  0.02300475  0.12810567 -0.68638321]
2025-12-14 00:28:41,072 - INFO - num_full_subsets = 2
2025-12-14 00:28:41,100 - INFO - phi = [0.24211091 0.31936314 0.35971442 0.46930374]
2025-12-14 00:28:41,127 - INFO - num_full_subsets = 2
2025-12-14 00:28:41,153 - INFO - phi = [-1.07676901 -0.61728642 -0.07258785 -0.42440502]
2025-12-14 00:28:41,179 - INFO - num_full_subsets = 2
2025-12-14 00:28:41,205 - INFO - phi = [ 0.6832926   0.65219484 -0.11368949  0.25934431]
2025-12-14 00:28:41,232 - INFO - num_full_subsets = 2
2025-12-14 00:28:41,258 - INFO - phi = [ 1.02957099  0.11482247 -0.06969205  0.44525764]
2025-12-14 00:28:41,284 - INFO - num_full_subsets = 2
2025-12-14 00:28:41,310 - INFO - phi = [1.08316648 0.28745497 0.45526604 0.39762149]
2025-12-14 00:28:41,336 - INFO - num_full_subsets = 2
2025-12-14 00:28:41,362 - INFO - phi = [-0.76939111  0.53653587  0.06694866 -0.17066497]
2025-12-14 00:28:41,389 - INFO - num_full_subsets = 2
2025-12-14 00:28:41,415 - INFO - phi = [-1.04815315 -0.59689387 -0.06812739 -0.22865964]
2025-12-14 00:28:41,444 - INFO - num_full_subsets = 2
2025-12-14 00:28:41,472 - INFO - phi = [-0.76414461 -0.74657236 -0.05570534 -0.4080615 ]
2025-12-14 00:28:41,500 - INFO - num_full_subsets = 2
2025-12-14 00:28:41,526 - INFO - phi = [-1.15941609e+00 -7.04825894e-01  1.02105264e-03  2.16012520e-02]
2025-12-14 00:28:41,553 - INFO - num_full_subsets = 2
2025-12-14 00:28:41,579 - INFO - phi = [-1.48800687  0.15910176 -0.15153292 -0.07958597]
2025-12-14 00:28:41,605 - INFO - num_full_subsets = 2
2025-12-14 00:28:41,631 - INFO - phi = [-1.23774994  0.19085565 -0.24835464  0.36097062]
2025-12-14 00:28:41,658 - INFO - num_full_subsets = 2
2025-12-14 00:28:41,684 - INFO - phi = [1.5290221  0.684295   0.34608504 0.2151207 ]
2025-12-14 00:28:41,711 - INFO - num_full_subsets = 2
2025-12-14 00:28:41,880 - INFO - phi = [-0.94264259 -0.41671931  0.04551154 -0.23581106]
2025-12-14 00:28:41,907 - INFO - num_full_subsets = 2
2025-12-14 00:28:41,933 - INFO - phi = [-0.9373542   0.2420722  -0.28792016  0.13564921]
2025-12-14 00:28:41,960 - INFO - num_full_subsets = 2
2025-12-14 00:28:41,986 - INFO - phi = [1.16598617 0.76519248 0.36650734 0.61660683]
2025-12-14 00:28:42,012 - INFO - num_full_subsets = 2
2025-12-14 00:28:42,039 - INFO - phi = [ 0.87955061  0.09885943 -0.25946586  0.22336589]
2025-12-14 00:28:42,066 - INFO - num_full_subsets = 2
2025-12-14 00:28:42,092 - INFO - phi = [-0.91186996 -0.79661184  0.10543999 -0.4203814 ]
2025-12-14 00:28:42,119 - INFO - num_full_subsets = 2
2025-12-14 00:28:42,145 - INFO - phi = [ 0.85247994  0.25113185 -0.25062168  0.42025168]
2025-12-14 00:28:42,172 - INFO - num_full_subsets = 2
2025-12-14 00:28:42,198 - INFO - phi = [-0.89705486 -0.66113559 -0.19342735 -0.18901165]
2025-12-14 00:28:42,225 - INFO - num_full_subsets = 2
2025-12-14 00:28:42,251 - INFO - phi = [ 1.27241694  0.42993993 -0.29142732  0.46814596]
2025-12-14 00:28:42,277 - INFO - num_full_subsets = 2
2025-12-14 00:28:42,303 - INFO - phi = [-0.35258651 -0.92632741  0.06533292 -0.21416863]
2025-12-14 00:28:42,330 - INFO - num_full_subsets = 2
2025-12-14 00:28:42,356 - INFO - phi = [-1.20831205 -0.41204167 -0.01455468 -0.25642528]
2025-12-14 00:28:42,383 - INFO - num_full_subsets = 2
2025-12-14 00:28:42,409 - INFO - phi = [ 0.15648979 -0.54464295  0.57794689 -0.63761548]
2025-12-14 00:28:42,437 - INFO - num_full_subsets = 2
2025-12-14 00:28:42,463 - INFO - phi = [-0.53223598  1.35519214  0.07660994  0.06966577]
2025-12-14 00:28:42,490 - INFO - num_full_subsets = 2
2025-12-14 00:28:42,516 - INFO - phi = [-1.51185262  0.51745561 -0.04812319  0.32456837]
2025-12-14 00:28:42,543 - INFO - num_full_subsets = 2
2025-12-14 00:28:42,569 - INFO - phi = [-0.67157513 -0.83212258 -0.03050511 -0.28948275]
2025-12-14 00:28:42,596 - INFO - num_full_subsets = 2
2025-12-14 00:28:42,623 - INFO - phi = [ 1.25679085 -0.01286374  0.09175689  0.40080628]
2025-12-14 00:28:42,650 - INFO - num_full_subsets = 2
2025-12-14 00:28:42,676 - INFO - phi = [ 0.19389218  0.26236868  0.00828162 -0.24525862]
2025-12-14 00:28:42,703 - INFO - num_full_subsets = 2
2025-12-14 00:28:42,729 - INFO - phi = [ 0.77138127  0.05022227  0.03025841 -0.07368743]
2025-12-14 00:28:42,757 - INFO - num_full_subsets = 2
2025-12-14 00:28:42,783 - INFO - phi = [-0.75087493 -0.69079644 -0.25180687 -0.05471764]
2025-12-14 00:28:42,810 - INFO - num_full_subsets = 2
2025-12-14 00:28:42,836 - INFO - phi = [-0.54213843  0.0254679  -0.25386212  0.12467688]
2025-12-14 00:28:42,863 - INFO - num_full_subsets = 2
2025-12-14 00:28:42,889 - INFO - phi = [ 0.61439689  0.45828405 -0.26936604  0.61803565]
2025-12-14 00:28:42,915 - INFO - num_full_subsets = 2
2025-12-14 00:28:42,941 - INFO - phi = [ 0.67915876 -0.21203609  0.75347253 -1.0422477 ]
2025-12-14 00:28:42,968 - INFO - num_full_subsets = 2
2025-12-14 00:28:42,994 - INFO - phi = [-0.90407221 -0.73567239 -0.02321933 -0.30843953]
2025-12-14 00:28:43,021 - INFO - num_full_subsets = 2
2025-12-14 00:28:43,047 - INFO - phi = [-0.10915652  0.81766324 -0.21086235 -0.68699999]
2025-12-14 00:28:43,074 - INFO - num_full_subsets = 2
2025-12-14 00:28:43,100 - INFO - phi = [ 0.9965649  -0.04081395 -0.0171254  -0.49147742]
2025-12-14 00:28:43,127 - INFO - num_full_subsets = 2
2025-12-14 00:28:43,153 - INFO - phi = [-0.0332594   0.2727289  -0.04376189 -0.27290294]
2025-12-14 00:28:43,183 - INFO - num_full_subsets = 2
2025-12-14 00:28:43,211 - INFO - phi = [-1.06702616 -0.6504895  -0.01645521 -0.25919475]
2025-12-14 00:28:43,238 - INFO - num_full_subsets = 2
2025-12-14 00:28:43,264 - INFO - phi = [ 0.15459908  0.65230467  0.32777647 -0.50554043]
2025-12-14 00:28:43,291 - INFO - num_full_subsets = 2
2025-12-14 00:28:43,317 - INFO - phi = [-0.52261435 -0.83904248 -0.07243025  0.23095009]
2025-12-14 00:28:43,344 - INFO - num_full_subsets = 2
2025-12-14 00:28:43,369 - INFO - phi = [ 0.0449238   0.16928131 -0.04550105 -0.52992927]
2025-12-14 00:28:43,396 - INFO - num_full_subsets = 2
2025-12-14 00:28:43,422 - INFO - phi = [ 0.06593218 -0.0892849   0.00662959 -0.73512438]
2025-12-14 00:28:43,449 - INFO - num_full_subsets = 2
2025-12-14 00:28:43,475 - INFO - phi = [-0.5731211   0.16264392 -0.26077054  0.29979928]
2025-12-14 00:28:43,502 - INFO - num_full_subsets = 2
2025-12-14 00:28:43,528 - INFO - phi = [1.41869582 0.15186141 0.04438483 0.38787241]
2025-12-14 00:28:43,555 - INFO - num_full_subsets = 2
2025-12-14 00:28:43,581 - INFO - phi = [-0.17914502  0.38225532 -0.06604     0.57511313]
2025-12-14 00:28:43,608 - INFO - num_full_subsets = 2
2025-12-14 00:28:43,634 - INFO - phi = [0.88266223 0.08226037 0.23274475 0.55979526]
2025-12-14 00:28:43,660 - INFO - num_full_subsets = 2
2025-12-14 00:28:43,686 - INFO - phi = [-1.04871395 -0.20477127 -0.158668   -0.02446625]
2025-12-14 00:28:43,713 - INFO - num_full_subsets = 2
2025-12-14 00:28:43,740 - INFO - phi = [ 0.1783391   0.5653959   0.2805315  -0.54250082]
2025-12-14 00:28:43,767 - INFO - num_full_subsets = 2
2025-12-14 00:28:43,793 - INFO - phi = [1.41869582 0.15186141 0.04438483 0.38787241]
2025-12-14 00:28:43,820 - INFO - num_full_subsets = 2
2025-12-14 00:28:43,846 - INFO - phi = [ 0.21862169  0.01390379  0.21206828 -0.22935566]
2025-12-14 00:28:43,873 - INFO - num_full_subsets = 2
2025-12-14 00:28:43,899 - INFO - phi = [-0.35021083  0.24639169 -0.03984315  0.72636767]
2025-12-14 00:28:43,926 - INFO - num_full_subsets = 2
2025-12-14 00:28:43,953 - INFO - phi = [-1.22331448 -0.13720239  0.00706174 -0.41597564]
2025-12-14 00:28:43,982 - INFO - num_full_subsets = 2
2025-12-14 00:28:44,010 - INFO - phi = [ 0.19929412  0.33784482  0.20908151 -0.4972837 ]
2025-12-14 00:28:44,039 - INFO - num_full_subsets = 2
2025-12-14 00:28:44,065 - INFO - phi = [ 0.17794012  0.4412346  -0.34469144  0.19429266]
2025-12-14 00:28:44,092 - INFO - num_full_subsets = 2
2025-12-14 00:28:44,118 - INFO - phi = [-0.25722195  0.33065596 -0.25425746 -0.05540554]
2025-12-14 00:28:44,145 - INFO - num_full_subsets = 2
2025-12-14 00:28:44,172 - INFO - phi = [ 0.32924645 -0.2161131   0.49407     0.40979303]
2025-12-14 00:28:44,198 - INFO - num_full_subsets = 2
2025-12-14 00:28:44,224 - INFO - phi = [-0.05572885  0.62399664 -0.03541494 -0.6958307 ]
2025-12-14 00:28:44,251 - INFO - num_full_subsets = 2
2025-12-14 00:28:44,278 - INFO - phi = [-0.74112825 -0.81106225 -0.11043959 -0.2947851 ]
2025-12-14 00:28:44,304 - INFO - num_full_subsets = 2
2025-12-14 00:28:44,330 - INFO - phi = [-0.46972399 -1.01543145  0.04814597 -0.49945847]
2025-12-14 00:28:44,357 - INFO - num_full_subsets = 2
2025-12-14 00:28:44,383 - INFO - phi = [0.89312111 0.06799706 0.31375092 0.55520226]
2025-12-14 00:28:44,410 - INFO - num_full_subsets = 2
2025-12-14 00:28:44,437 - INFO - phi = [0.21946028 0.08719393 0.0343695  0.48365017]
2025-12-14 00:28:44,464 - INFO - num_full_subsets = 2
2025-12-14 00:28:44,490 - INFO - phi = [-1.12487539 -0.70576064  0.05504983 -0.31229594]
2025-12-14 00:28:44,516 - INFO - num_full_subsets = 2
2025-12-14 00:28:44,545 - INFO - phi = [ 0.08828898  0.05161395 -0.17931638 -0.38068874]
2025-12-14 00:28:44,574 - INFO - num_full_subsets = 2
2025-12-14 00:28:44,602 - INFO - phi = [-1.61282884 -0.07368344 -0.06404748  0.13551748]
2025-12-14 00:28:44,632 - INFO - num_full_subsets = 2
2025-12-14 00:28:44,660 - INFO - phi = [1.60341512 0.12692154 0.29616559 0.35554671]
2025-12-14 00:28:44,690 - INFO - num_full_subsets = 2
2025-12-14 00:28:44,718 - INFO - phi = [2.03682143 0.77748922 0.09689692 0.58541904]
2025-12-14 00:28:44,748 - INFO - num_full_subsets = 2
2025-12-14 00:28:44,776 - INFO - phi = [-1.19238944  0.62539694 -0.26723104  0.2495412 ]
2025-12-14 00:28:44,806 - INFO - num_full_subsets = 2
2025-12-14 00:28:44,834 - INFO - phi = [-0.88874816  0.51254588  0.08325844  0.20505707]
2025-12-14 00:28:44,863 - INFO - num_full_subsets = 2
2025-12-14 00:28:44,892 - INFO - phi = [ 0.14824532  0.00197078  0.18524393 -0.55338975]
2025-12-14 00:28:44,921 - INFO - num_full_subsets = 2
2025-12-14 00:28:44,950 - INFO - phi = [-0.8461315  -0.71514548 -0.16298143  0.10646605]
2025-12-14 00:28:44,979 - INFO - num_full_subsets = 2
2025-12-14 00:28:45,005 - INFO - phi = [1.14612977 0.30971573 0.40272376 0.52107155]
2025-12-14 00:28:45,033 - INFO - num_full_subsets = 2
2025-12-14 00:28:45,059 - INFO - phi = [-1.12446227 -0.66143307  0.01950938 -0.17146825]
2025-12-14 00:28:45,086 - INFO - num_full_subsets = 2
2025-12-14 00:28:45,112 - INFO - phi = [-0.28656007  0.97987462 -0.22449947  0.40803946]
2025-12-14 00:28:45,139 - INFO - num_full_subsets = 2
2025-12-14 00:28:45,166 - INFO - phi = [-0.9373542   0.2420722  -0.28792016  0.13564921]
2025-12-14 00:28:45,194 - INFO - num_full_subsets = 2
2025-12-14 00:28:45,222 - INFO - phi = [ 0.54038863  0.1502971  -0.29177372  0.58668103]
2025-12-14 00:28:45,252 - INFO - num_full_subsets = 2
2025-12-14 00:28:45,280 - INFO - phi = [ 1.33309067 -0.09745308  0.12548647 -0.19948525]
2025-12-14 00:28:45,307 - INFO - num_full_subsets = 2
2025-12-14 00:28:45,334 - INFO - phi = [-1.12728741  0.29654236 -0.3534968   0.30504791]
2025-12-14 00:28:45,363 - INFO - num_full_subsets = 2
2025-12-14 00:28:45,389 - INFO - phi = [-0.75210028 -0.78882613  0.09556139  0.40910338]
2025-12-14 00:28:45,416 - INFO - num_full_subsets = 2
2025-12-14 00:28:45,442 - INFO - phi = [-0.98049612 -0.7313542   0.04845501 -0.40100212]
2025-12-14 00:28:45,469 - INFO - num_full_subsets = 2
2025-12-14 00:28:45,495 - INFO - phi = [-0.03943055  0.64811135  0.20361073 -0.76096159]
2025-12-14 00:28:45,522 - INFO - num_full_subsets = 2
2025-12-14 00:28:45,548 - INFO - phi = [-1.01368018 -0.77358308 -0.02926997  0.24188773]
2025-12-14 00:28:45,575 - INFO - num_full_subsets = 2
2025-12-14 00:28:45,601 - INFO - phi = [ 2.26877816  0.64024155 -0.13130832  0.48934158]
2025-12-14 00:28:45,628 - INFO - num_full_subsets = 2
2025-12-14 00:28:45,654 - INFO - phi = [ 0.09537436  0.03124694 -0.20983132 -0.22604679]
2025-12-14 00:28:45,681 - INFO - num_full_subsets = 2
2025-12-14 00:28:45,707 - INFO - phi = [ 1.10218378  0.14354269 -0.15796212  0.26785007]
2025-12-14 00:28:45,735 - INFO - num_full_subsets = 2
2025-12-14 00:28:45,761 - INFO - phi = [ 1.07514415 -0.09058271  0.10255682  0.39161237]
2025-12-14 00:28:45,789 - INFO - num_full_subsets = 2
2025-12-14 00:28:45,817 - INFO - phi = [1.33344814 0.61142834 0.02375919 0.52296609]
2025-12-14 00:28:45,847 - INFO - num_full_subsets = 2
2025-12-14 00:28:45,874 - INFO - phi = [-0.78408404 -0.66279751 -0.13192087 -0.31224389]
2025-12-14 00:28:45,901 - INFO - num_full_subsets = 2
2025-12-14 00:28:45,927 - INFO - phi = [0.13783352 0.27149865 0.11168128 0.37727249]
2025-12-14 00:28:45,954 - INFO - num_full_subsets = 2
2025-12-14 00:28:45,980 - INFO - phi = [0.22387907 0.28140654 0.24535804 0.38137336]
2025-12-14 00:28:46,007 - INFO - num_full_subsets = 2
2025-12-14 00:28:46,033 - INFO - phi = [ 2.00132322  0.73218838 -0.11909056  0.07352076]
2025-12-14 00:28:46,060 - INFO - num_full_subsets = 2
2025-12-14 00:28:46,086 - INFO - phi = [-0.94304913 -0.13928852  0.06606246  0.74280606]
2025-12-14 00:28:46,113 - INFO - num_full_subsets = 2
2025-12-14 00:28:46,139 - INFO - phi = [-0.01879869  0.52949852 -0.2572242  -0.53582341]
2025-12-14 00:28:46,166 - INFO - num_full_subsets = 2
2025-12-14 00:28:46,192 - INFO - phi = [-0.78039151 -0.76349475 -0.02852605 -0.29049877]
2025-12-14 00:28:46,219 - INFO - num_full_subsets = 2
2025-12-14 00:28:46,246 - INFO - phi = [1.6209134  0.92717772 0.24330697 0.47890352]
2025-12-14 00:28:46,274 - INFO - num_full_subsets = 2
2025-12-14 00:28:46,300 - INFO - phi = [ 0.36034475  0.34249427 -0.09424958  0.53068947]
2025-12-14 00:28:46,327 - INFO - num_full_subsets = 2
2025-12-14 00:28:46,354 - INFO - phi = [ 0.73468772  0.68892504 -0.27220109  0.28628546]
2025-12-14 00:28:46,381 - INFO - num_full_subsets = 2
2025-12-14 00:28:46,407 - INFO - phi = [-0.79140407 -0.77593524 -0.01660292 -0.38069004]
2025-12-14 00:28:46,435 - INFO - num_full_subsets = 2
2025-12-14 00:28:46,462 - INFO - phi = [-0.98449912 -0.7850331  -0.01820597 -0.06583349]
2025-12-14 00:28:46,489 - INFO - num_full_subsets = 2
2025-12-14 00:28:46,518 - INFO - phi = [ 0.15468504  0.79261516  0.02618285 -0.0708558 ]
2025-12-14 00:28:46,545 - INFO - num_full_subsets = 2
2025-12-14 00:28:46,572 - INFO - phi = [-0.97394976 -0.5676656  -0.16609174 -0.22971495]
2025-12-14 00:28:46,600 - INFO - num_full_subsets = 2
2025-12-14 00:28:46,626 - INFO - phi = [-0.61575992 -0.79024731  0.0134401  -0.43258528]
2025-12-14 00:28:46,654 - INFO - num_full_subsets = 2
2025-12-14 00:28:46,680 - INFO - phi = [ 0.00287925  0.53937744  0.03764421 -0.7310887 ]
2025-12-14 00:28:46,708 - INFO - num_full_subsets = 2
2025-12-14 00:28:46,735 - INFO - phi = [-0.24851929  0.02316434 -0.21538815  0.30943797]
2025-12-14 00:28:46,762 - INFO - num_full_subsets = 2
2025-12-14 00:28:46,788 - INFO - phi = [-0.66416914 -0.90672555  0.07302181 -0.42775208]
2025-12-14 00:28:46,815 - INFO - num_full_subsets = 2
2025-12-14 00:28:46,841 - INFO - phi = [-1.0708725  -0.6623323  -0.01411274 -0.38348109]
2025-12-14 00:28:46,869 - INFO - num_full_subsets = 2
2025-12-14 00:28:46,895 - INFO - phi = [ 0.19630463  0.01464456 -0.01179944 -0.51800886]
2025-12-14 00:28:46,922 - INFO - num_full_subsets = 2
2025-12-14 00:28:46,948 - INFO - phi = [-1.05965885 -0.22982682 -0.13399889 -0.0470671 ]
2025-12-14 00:28:46,975 - INFO - num_full_subsets = 2
2025-12-14 00:28:47,001 - INFO - phi = [ 0.39246844 -0.81049479  0.02076786 -0.73233234]
2025-12-14 00:28:47,028 - INFO - num_full_subsets = 2
2025-12-14 00:28:47,054 - INFO - phi = [ 1.56517222  0.04460037 -0.31252808 -0.49504927]
2025-12-14 00:28:47,082 - INFO - num_full_subsets = 2
2025-12-14 00:28:47,108 - INFO - phi = [-0.64322753 -0.59666904 -0.22786449  0.07297639]
2025-12-14 00:28:47,136 - INFO - num_full_subsets = 2
2025-12-14 00:28:47,162 - INFO - phi = [-0.91470644 -0.75232616 -0.02531262 -0.24991454]
2025-12-14 00:28:47,189 - INFO - num_full_subsets = 2
2025-12-14 00:28:47,216 - INFO - phi = [-1.36661725 -0.38902037 -0.16081688  0.12987725]
2025-12-14 00:28:47,243 - INFO - num_full_subsets = 2
2025-12-14 00:28:47,270 - INFO - phi = [-1.05965885 -0.22982682 -0.13399889 -0.0470671 ]
2025-12-14 00:28:47,297 - INFO - num_full_subsets = 2
2025-12-14 00:28:47,324 - INFO - phi = [0.05975173 0.96963166 0.08010781 0.36865493]
2025-12-14 00:28:47,351 - INFO - num_full_subsets = 2
2025-12-14 00:28:47,377 - INFO - phi = [0.30574385 0.63977344 0.34752355 0.48828751]
2025-12-14 00:28:47,404 - INFO - num_full_subsets = 2
2025-12-14 00:28:47,431 - INFO - phi = [ 0.07562864  0.08905169 -0.39664346 -0.16157902]
2025-12-14 00:28:47,458 - INFO - num_full_subsets = 2
2025-12-14 00:28:47,484 - INFO - phi = [-0.86637483 -0.76736534  0.00103662 -0.41001387]
2025-12-14 00:28:47,512 - INFO - num_full_subsets = 2
2025-12-14 00:28:47,539 - INFO - phi = [-1.46912567  0.05438842 -0.00430937 -0.20382751]
2025-12-14 00:28:47,566 - INFO - num_full_subsets = 2
2025-12-14 00:28:47,593 - INFO - phi = [-0.229177    0.31551791  0.55006782 -0.81311431]
2025-12-14 00:28:47,621 - INFO - num_full_subsets = 2
2025-12-14 00:28:47,648 - INFO - phi = [0.74895263 0.35364149 0.4121845  0.36703576]
2025-12-14 00:28:47,676 - INFO - num_full_subsets = 2
2025-12-14 00:28:47,702 - INFO - phi = [2.0640511  0.18322173 0.31323369 0.56091168]
2025-12-14 00:28:47,730 - INFO - num_full_subsets = 2
2025-12-14 00:28:47,757 - INFO - phi = [ 0.12424982  0.31056655  0.02877922 -0.40996577]
2025-12-14 00:28:47,784 - INFO - num_full_subsets = 2
2025-12-14 00:28:47,810 - INFO - phi = [ 0.94940856  0.4043553  -0.21839789 -0.17440104]
2025-12-14 00:28:47,837 - INFO - num_full_subsets = 2
2025-12-14 00:28:47,863 - INFO - phi = [-0.01691678  0.62224539 -0.03852973 -0.70427227]
2025-12-14 00:28:47,890 - INFO - num_full_subsets = 2
2025-12-14 00:28:47,916 - INFO - phi = [1.29674758 0.13028746 0.04348887 0.1956249 ]
2025-12-14 00:28:47,943 - INFO - num_full_subsets = 2
2025-12-14 00:28:47,969 - INFO - phi = [-0.99606266 -0.59821322 -0.11674158 -0.01968893]
2025-12-14 00:28:47,996 - INFO - num_full_subsets = 2
2025-12-14 00:28:48,023 - INFO - phi = [-1.05537024 -0.62627242  0.05142758 -0.2963148 ]
2025-12-14 00:28:48,050 - INFO - num_full_subsets = 2
2025-12-14 00:28:48,076 - INFO - phi = [-0.24351261  0.17853607 -0.26320688  0.05463476]
2025-12-14 00:28:48,103 - INFO - num_full_subsets = 2
2025-12-14 00:28:48,129 - INFO - phi = [2.13184833 0.48596361 0.01296225 0.38009384]
2025-12-14 00:28:48,156 - INFO - num_full_subsets = 2
2025-12-14 00:28:48,182 - INFO - phi = [ 0.03041292  0.32084524  0.08437818 -0.24360981]
2025-12-14 00:28:48,209 - INFO - num_full_subsets = 2
2025-12-14 00:28:48,236 - INFO - phi = [-0.24351261  0.17853607 -0.26320688  0.05463476]
2025-12-14 00:28:48,264 - INFO - num_full_subsets = 2
2025-12-14 00:28:48,309 - INFO - phi = [ 0.1755531   0.45768064 -0.04277526  0.50521209]
2025-12-14 00:28:48,336 - INFO - num_full_subsets = 2
2025-12-14 00:28:48,363 - INFO - phi = [ 0.95173229  0.31670891 -0.07171618  0.71387024]
2025-12-14 00:28:48,391 - INFO - num_full_subsets = 2
2025-12-14 00:28:48,418 - INFO - phi = [-0.79025867 -0.70717208  0.02131482 -0.41191462]
2025-12-14 00:28:48,445 - INFO - num_full_subsets = 2
2025-12-14 00:28:48,471 - INFO - phi = [ 1.25759666  0.29792355 -0.00372214  0.38778668]
2025-12-14 00:28:48,499 - INFO - num_full_subsets = 2
2025-12-14 00:28:48,525 - INFO - phi = [-0.88763197 -0.0884596  -0.02181691  0.15413185]
2025-12-14 00:28:48,551 - INFO - num_full_subsets = 2
2025-12-14 00:28:48,578 - INFO - phi = [-0.68895802  0.63754174 -0.00548852  0.09201033]
2025-12-14 00:28:49,110 - INFO - Computing feature importance...
2025-12-14 00:28:52,172 - INFO - Experiment completed for NGBoost
2025-12-14 00:28:52,173 - INFO - Total time: 253.47s (4.22 min)
2025-12-14 00:28:52,173 - INFO - Starting comprehensive experiment for NGBoost
2025-12-14 00:29:00,917 - INFO - Performing feature analysis...
2025-12-14 00:29:02,166 - INFO - Model justification: Probabilistic forecasting with natural gradient boosting, provides uncertainty quantification
2025-12-14 00:29:02,166 - INFO - Performing robust cross-validation...
2025-12-14 00:29:42,383 - INFO - CV Results - MSE: 0.8614 ± 0.1420
2025-12-14 00:29:42,384 - INFO - Starting hyperparameter optimization...
2025-12-14 00:32:48,054 - INFO - Best parameters for NGBoost: {'n_estimators': 214, 'learning_rate': 0.06862062512778903, 'minibatch_frac': 0.8172484181928507, 'natural_gradient': True}
2025-12-14 00:32:48,054 - INFO - ⏱️ HPO took 185.67 seconds
2025-12-14 00:32:48,054 - INFO - Training final model...
2025-12-14 00:32:49,135 - INFO - ⏱️ Training took 1.08 seconds
2025-12-14 00:32:49,135 - INFO - Performing residual analysis...
2025-12-14 00:32:50,205 - INFO - Generating XAI explanations...
2025-12-14 00:32:50,238 - WARNING - Using 168 background data samples could cause slower run times. Consider using shap.sample(data, K) or shap.kmeans(data, K) to summarize the background as K samples.
2025-12-14 00:32:50,281 - INFO - num_full_subsets = 2
2025-12-14 00:32:50,332 - INFO - phi = [ 0.32984926 -0.38444212 -0.1435034   0.53180406]
2025-12-14 00:32:50,374 - INFO - num_full_subsets = 2
2025-12-14 00:32:50,425 - INFO - phi = [-1.09792887  0.27247558  0.11039986 -0.01324104]
2025-12-14 00:32:50,467 - INFO - num_full_subsets = 2
2025-12-14 00:32:50,518 - INFO - phi = [-1.92101691e+00  3.36721983e-01 -1.84489502e-03  9.21954051e-02]
2025-12-14 00:32:50,560 - INFO - num_full_subsets = 2
2025-12-14 00:32:50,611 - INFO - phi = [ 0.43554481 -0.27627929  0.02694062 -0.12286637]
2025-12-14 00:32:50,653 - INFO - num_full_subsets = 2
2025-12-14 00:32:50,704 - INFO - phi = [-0.50643575  0.53575364  0.01605063  0.13606109]
2025-12-14 00:32:50,746 - INFO - num_full_subsets = 2
2025-12-14 00:32:50,796 - INFO - phi = [ 0.83411841 -0.21870943  0.00709876 -0.51495183]
2025-12-14 00:32:50,838 - INFO - num_full_subsets = 2
2025-12-14 00:32:50,889 - INFO - phi = [ 0.24481558  0.08745973  0.07199641 -0.76492502]
2025-12-14 00:32:50,930 - INFO - num_full_subsets = 2
2025-12-14 00:32:50,981 - INFO - phi = [-1.25408181 -0.46054615  0.04600492 -0.21244462]
2025-12-14 00:32:51,025 - INFO - num_full_subsets = 2
2025-12-14 00:32:51,075 - INFO - phi = [0.98647313 0.116077   0.23317394 0.32922198]
2025-12-14 00:32:51,117 - INFO - num_full_subsets = 2
2025-12-14 00:32:51,167 - INFO - phi = [ 1.60747678  0.06356896 -0.00414246 -0.77656155]
2025-12-14 00:32:51,209 - INFO - num_full_subsets = 2
2025-12-14 00:32:51,259 - INFO - phi = [-0.64568198 -0.79208161  0.05772487 -0.45157765]
2025-12-14 00:32:51,301 - INFO - num_full_subsets = 2
2025-12-14 00:32:51,352 - INFO - phi = [-1.64952817 -0.19504953 -0.0527976   0.60159975]
2025-12-14 00:32:51,394 - INFO - num_full_subsets = 2
2025-12-14 00:32:51,444 - INFO - phi = [ 0.20542807  0.28803986 -0.10863738 -0.45152689]
2025-12-14 00:32:51,486 - INFO - num_full_subsets = 2
2025-12-14 00:32:51,536 - INFO - phi = [-1.14534882 -0.45644417  0.22899512 -0.31673172]
2025-12-14 00:32:51,578 - INFO - num_full_subsets = 2
2025-12-14 00:32:51,629 - INFO - phi = [ 0.37210107  0.55326023  0.29170941 -0.80760528]
2025-12-14 00:32:51,671 - INFO - num_full_subsets = 2
2025-12-14 00:32:51,722 - INFO - phi = [-0.79234251 -0.68440176  0.07125232 -0.27957852]
2025-12-14 00:32:51,763 - INFO - num_full_subsets = 2
2025-12-14 00:32:51,814 - INFO - phi = [ 0.4213809  -0.03597698  0.33610671  0.79923047]
2025-12-14 00:32:51,856 - INFO - num_full_subsets = 2
2025-12-14 00:32:51,907 - INFO - phi = [-1.63682517  0.08316306 -0.00242079 -0.09602009]
2025-12-14 00:32:51,948 - INFO - num_full_subsets = 2
2025-12-14 00:32:51,999 - INFO - phi = [ 0.43198699  1.03544212 -0.18176606  0.98031855]
2025-12-14 00:32:52,040 - INFO - num_full_subsets = 2
2025-12-14 00:32:52,091 - INFO - phi = [-1.70869455 -0.19922724  0.01804205  0.14490235]
2025-12-14 00:32:52,133 - INFO - num_full_subsets = 2
2025-12-14 00:32:52,183 - INFO - phi = [-0.80340982  0.54608708  0.07709606  0.26475259]
2025-12-14 00:32:52,225 - INFO - num_full_subsets = 2
2025-12-14 00:32:52,275 - INFO - phi = [ 0.2898411   0.35764952  0.22982761 -0.67905304]
2025-12-14 00:32:52,317 - INFO - num_full_subsets = 2
2025-12-14 00:32:52,367 - INFO - phi = [ 0.60356376 -0.08714737 -0.05876709  0.32136574]
2025-12-14 00:32:52,409 - INFO - num_full_subsets = 2
2025-12-14 00:32:52,460 - INFO - phi = [ 0.32319639 -0.05947652 -0.24373186 -0.14871183]
2025-12-14 00:32:52,502 - INFO - num_full_subsets = 2
2025-12-14 00:32:52,552 - INFO - phi = [ 0.62855024  0.36499316  0.08562313 -0.01922806]
2025-12-14 00:32:52,594 - INFO - num_full_subsets = 2
2025-12-14 00:32:52,644 - INFO - phi = [-0.7389107  -0.54297227 -0.03261675 -0.20373435]
2025-12-14 00:32:52,685 - INFO - num_full_subsets = 2
2025-12-14 00:32:52,736 - INFO - phi = [1.58579224 0.13358157 0.16790957 0.48986933]
2025-12-14 00:32:52,777 - INFO - num_full_subsets = 2
2025-12-14 00:32:52,828 - INFO - phi = [-1.4959816  -0.28319978 -0.11068727  0.15256125]
2025-12-14 00:32:52,869 - INFO - num_full_subsets = 2
2025-12-14 00:32:52,920 - INFO - phi = [-0.80035275 -0.84496573 -0.04042691 -0.11386578]
2025-12-14 00:32:52,962 - INFO - num_full_subsets = 2
2025-12-14 00:32:53,012 - INFO - phi = [ 0.38324445  0.0395532   0.00642492 -0.77080932]
2025-12-14 00:32:53,054 - INFO - num_full_subsets = 2
2025-12-14 00:32:53,105 - INFO - phi = [-1.48558803 -0.13030196  0.23041117 -0.21793444]
2025-12-14 00:32:53,146 - INFO - num_full_subsets = 2
2025-12-14 00:32:53,196 - INFO - phi = [ 1.20451694 -0.06965119 -0.07639621  0.411669  ]
2025-12-14 00:32:53,238 - INFO - num_full_subsets = 2
2025-12-14 00:32:53,288 - INFO - phi = [ 0.19138879  0.71541396 -0.24987071 -0.56616652]
2025-12-14 00:32:53,330 - INFO - num_full_subsets = 2
2025-12-14 00:32:53,380 - INFO - phi = [-1.0809768  -0.30367865 -0.73423957 -0.12896053]
2025-12-14 00:32:53,422 - INFO - num_full_subsets = 2
2025-12-14 00:32:53,473 - INFO - phi = [1.44167341 0.42715942 0.09827669 0.43052677]
2025-12-14 00:32:53,514 - INFO - num_full_subsets = 2
2025-12-14 00:32:53,565 - INFO - phi = [-1.11062935 -0.41633915 -0.06275609 -0.35810498]
2025-12-14 00:32:53,606 - INFO - num_full_subsets = 2
2025-12-14 00:32:53,657 - INFO - phi = [2.25643104 0.88921258 0.27361975 0.74106719]
2025-12-14 00:32:53,699 - INFO - num_full_subsets = 2
2025-12-14 00:32:53,749 - INFO - phi = [ 0.80253966  0.10878369 -0.0399081   0.41781256]
2025-12-14 00:32:53,791 - INFO - num_full_subsets = 2
2025-12-14 00:32:53,841 - INFO - phi = [-0.81449426 -0.51145043 -0.01623501 -0.32536851]
2025-12-14 00:32:53,882 - INFO - num_full_subsets = 2
2025-12-14 00:32:53,933 - INFO - phi = [ 0.12525503  1.30379792 -0.06538605  0.3438274 ]
2025-12-14 00:32:53,975 - INFO - num_full_subsets = 2
2025-12-14 00:32:54,025 - INFO - phi = [-1.08214983 -0.67658739  0.12383354  0.21046051]
2025-12-14 00:32:54,066 - INFO - num_full_subsets = 2
2025-12-14 00:32:54,117 - INFO - phi = [ 0.15979008  0.39622557 -0.09941817 -0.79394782]
2025-12-14 00:32:54,159 - INFO - num_full_subsets = 2
2025-12-14 00:32:54,209 - INFO - phi = [ 0.4379168  -0.09694284  0.15454604  0.47604697]
2025-12-14 00:32:54,250 - INFO - num_full_subsets = 2
2025-12-14 00:32:54,301 - INFO - phi = [-0.43693751 -0.73143722 -0.11134306  0.33491348]
2025-12-14 00:32:54,342 - INFO - num_full_subsets = 2
2025-12-14 00:32:54,393 - INFO - phi = [ 0.82621917 -0.02343046 -1.06816051 -0.16049054]
2025-12-14 00:32:54,434 - INFO - num_full_subsets = 2
2025-12-14 00:32:54,485 - INFO - phi = [-1.38507904 -0.44480167  0.01469809 -0.16084294]
2025-12-14 00:32:54,526 - INFO - num_full_subsets = 2
2025-12-14 00:32:54,577 - INFO - phi = [ 0.2723613   0.69357336 -0.01780326 -0.35580181]
2025-12-14 00:32:54,618 - INFO - num_full_subsets = 2
2025-12-14 00:32:54,668 - INFO - phi = [1.53344659 0.04289214 0.30833217 0.46544056]
2025-12-14 00:32:54,710 - INFO - num_full_subsets = 2
2025-12-14 00:32:54,760 - INFO - phi = [-0.65607058 -0.74049553 -0.25715249 -0.61869544]
2025-12-14 00:32:54,802 - INFO - num_full_subsets = 2
2025-12-14 00:32:54,852 - INFO - phi = [ 0.39857474  0.15112806  0.42032438 -0.77602021]
2025-12-14 00:32:54,894 - INFO - num_full_subsets = 2
2025-12-14 00:32:54,945 - INFO - phi = [0.66142029 0.58125725 0.04566311 0.21088848]
2025-12-14 00:32:54,987 - INFO - num_full_subsets = 2
2025-12-14 00:32:55,037 - INFO - phi = [-0.38404496 -0.5503346   0.2557093  -0.41366743]
2025-12-14 00:32:55,079 - INFO - num_full_subsets = 2
2025-12-14 00:32:55,130 - INFO - phi = [1.85238284 0.45671119 0.18641868 0.45506921]
2025-12-14 00:32:55,171 - INFO - num_full_subsets = 2
2025-12-14 00:32:55,222 - INFO - phi = [ 0.43333836  0.75190063  0.23061988 -0.22472689]
2025-12-14 00:32:55,263 - INFO - num_full_subsets = 2
2025-12-14 00:32:55,314 - INFO - phi = [ 0.14681721  0.59320959 -0.19048874 -0.37898447]
2025-12-14 00:32:55,355 - INFO - num_full_subsets = 2
2025-12-14 00:32:55,406 - INFO - phi = [-1.44042791  0.28535948 -0.64323625  0.29208456]
2025-12-14 00:32:55,448 - INFO - num_full_subsets = 2
2025-12-14 00:32:55,498 - INFO - phi = [-0.933088   -0.30233787 -0.07142668 -0.10708631]
2025-12-14 00:32:55,539 - INFO - num_full_subsets = 2
2025-12-14 00:32:55,590 - INFO - phi = [ 1.39120357  0.03267797  0.06240223 -0.71435488]
2025-12-14 00:32:55,632 - INFO - num_full_subsets = 2
2025-12-14 00:32:55,682 - INFO - phi = [-1.57298726 -0.09124091 -0.04348918  0.6496665 ]
2025-12-14 00:32:55,724 - INFO - num_full_subsets = 2
2025-12-14 00:32:55,774 - INFO - phi = [-0.89237262 -0.62955742 -0.06367942 -0.36226536]
2025-12-14 00:32:55,817 - INFO - num_full_subsets = 2
2025-12-14 00:32:55,867 - INFO - phi = [ 0.1387027   0.29306076  0.24193925 -0.76764112]
2025-12-14 00:32:55,909 - INFO - num_full_subsets = 2
2025-12-14 00:32:55,960 - INFO - phi = [-0.63889098 -0.63923022  0.01964331  0.21896221]
2025-12-14 00:32:56,001 - INFO - num_full_subsets = 2
2025-12-14 00:32:56,051 - INFO - phi = [-0.80563357 -0.71089721 -0.14856145 -0.18583898]
2025-12-14 00:32:56,093 - INFO - num_full_subsets = 2
2025-12-14 00:32:56,143 - INFO - phi = [-1.6017871  -0.36254627 -0.04485313  0.16951725]
2025-12-14 00:32:56,185 - INFO - num_full_subsets = 2
2025-12-14 00:32:56,236 - INFO - phi = [ 0.50626527  0.32901817 -0.21079964  0.34847124]
2025-12-14 00:32:56,277 - INFO - num_full_subsets = 2
2025-12-14 00:32:56,327 - INFO - phi = [ 0.64574465 -0.0786244   0.30042904  0.25654347]
2025-12-14 00:32:56,369 - INFO - num_full_subsets = 2
2025-12-14 00:32:56,420 - INFO - phi = [-1.13161793 -0.38310294 -0.08349973 -0.39428035]
2025-12-14 00:32:56,462 - INFO - num_full_subsets = 2
2025-12-14 00:32:56,516 - INFO - phi = [-0.74156606 -0.74630604  0.27423598 -0.27928896]
2025-12-14 00:32:56,558 - INFO - num_full_subsets = 2
2025-12-14 00:32:56,609 - INFO - phi = [ 1.72068162 -0.01516621  0.18267696  0.71992884]
2025-12-14 00:32:56,650 - INFO - num_full_subsets = 2
2025-12-14 00:32:56,701 - INFO - phi = [ 1.31143145 -0.07175801  0.06978585  0.42216741]
2025-12-14 00:32:56,743 - INFO - num_full_subsets = 2
2025-12-14 00:32:56,793 - INFO - phi = [1.59829434 0.50967661 0.19061061 0.48244099]
2025-12-14 00:32:56,834 - INFO - num_full_subsets = 2
2025-12-14 00:32:56,885 - INFO - phi = [ 0.71414523 -0.04918345 -0.09256067  1.01869361]
2025-12-14 00:32:56,927 - INFO - num_full_subsets = 2
2025-12-14 00:32:56,978 - INFO - phi = [-0.68600174 -0.70532216 -0.06919459 -0.25740001]
2025-12-14 00:32:57,020 - INFO - num_full_subsets = 2
2025-12-14 00:32:57,070 - INFO - phi = [-0.0857504   0.43334357  0.26869075 -0.77406301]
2025-12-14 00:32:57,112 - INFO - num_full_subsets = 2
2025-12-14 00:32:57,163 - INFO - phi = [ 0.4086143  -0.16363983  0.02336949  0.39578528]
2025-12-14 00:32:57,204 - INFO - num_full_subsets = 2
2025-12-14 00:32:57,254 - INFO - phi = [-0.71727833  0.52660989  0.07913333 -0.03290767]
2025-12-14 00:32:57,296 - INFO - num_full_subsets = 2
2025-12-14 00:32:57,347 - INFO - phi = [-0.47356159  0.49762433 -0.43278688  0.24624618]
2025-12-14 00:32:57,389 - INFO - num_full_subsets = 2
2025-12-14 00:32:57,439 - INFO - phi = [-1.13771075 -0.27774087 -0.10780624  0.30973763]
2025-12-14 00:32:57,481 - INFO - num_full_subsets = 2
2025-12-14 00:32:57,531 - INFO - phi = [ 1.33480472  0.1684213  -0.16469285  0.30366639]
2025-12-14 00:32:57,573 - INFO - num_full_subsets = 2
2025-12-14 00:32:57,623 - INFO - phi = [ 0.2418801   0.37735171  0.13356752 -0.64937843]
2025-12-14 00:32:57,665 - INFO - num_full_subsets = 2
2025-12-14 00:32:57,715 - INFO - phi = [1.46387391 0.17161492 0.03184917 0.45617329]
2025-12-14 00:32:57,757 - INFO - num_full_subsets = 2
2025-12-14 00:32:57,807 - INFO - phi = [-1.05732521  0.71619076  0.04403808  0.00446247]
2025-12-14 00:32:57,849 - INFO - num_full_subsets = 2
2025-12-14 00:32:57,899 - INFO - phi = [ 1.64520089 -0.303499    0.25904664  0.46476766]
2025-12-14 00:32:57,940 - INFO - num_full_subsets = 2
2025-12-14 00:32:57,991 - INFO - phi = [ 0.29832168  0.11237803 -0.18857298 -0.28951332]
2025-12-14 00:32:58,032 - INFO - num_full_subsets = 2
2025-12-14 00:32:58,083 - INFO - phi = [-1.04406937 -0.69429399  0.18732297  0.1529656 ]
2025-12-14 00:32:58,124 - INFO - num_full_subsets = 2
2025-12-14 00:32:58,174 - INFO - phi = [-1.37402386 -0.60984857  0.02574789  0.17983966]
2025-12-14 00:32:58,216 - INFO - num_full_subsets = 2
2025-12-14 00:32:58,270 - INFO - phi = [-0.64163195 -0.01348055  0.05690861  0.52918217]
2025-12-14 00:32:58,312 - INFO - num_full_subsets = 2
2025-12-14 00:32:58,362 - INFO - phi = [ 0.53702485  0.28958547 -0.23161024  0.3260073 ]
2025-12-14 00:32:58,404 - INFO - num_full_subsets = 2
2025-12-14 00:32:58,454 - INFO - phi = [-0.44003021  0.11609445 -0.249897    0.10796668]
2025-12-14 00:32:58,496 - INFO - num_full_subsets = 2
2025-12-14 00:32:58,546 - INFO - phi = [-0.37764721 -0.76222731 -0.05628812 -0.38618758]
2025-12-14 00:32:58,588 - INFO - num_full_subsets = 2
2025-12-14 00:32:58,638 - INFO - phi = [ 1.17869042  0.89824994 -0.69853609 -0.13067154]
2025-12-14 00:32:58,680 - INFO - num_full_subsets = 2
2025-12-14 00:32:58,730 - INFO - phi = [2.06277626 0.43157056 0.10214414 0.39568228]
2025-12-14 00:32:58,771 - INFO - num_full_subsets = 2
2025-12-14 00:32:58,822 - INFO - phi = [-1.07467431 -0.44787067  0.0133756  -0.30180799]
2025-12-14 00:32:58,863 - INFO - num_full_subsets = 2
2025-12-14 00:32:58,913 - INFO - phi = [-0.3736608   0.31959866  0.0135175   0.55461783]
2025-12-14 00:32:58,956 - INFO - num_full_subsets = 2
2025-12-14 00:32:59,011 - INFO - phi = [ 1.38795313 -0.013747   -0.01662383  0.45860909]
2025-12-14 00:32:59,057 - INFO - num_full_subsets = 2
2025-12-14 00:32:59,111 - INFO - phi = [-0.6842575  -0.21321059 -0.05802085 -0.33352903]
2025-12-14 00:32:59,154 - INFO - num_full_subsets = 2
2025-12-14 00:32:59,204 - INFO - phi = [-0.42996636 -0.64043903  0.06489557  0.1764205 ]
2025-12-14 00:32:59,246 - INFO - num_full_subsets = 2
2025-12-14 00:32:59,296 - INFO - phi = [-0.68053431 -0.60849987  0.06210783  0.23654621]
2025-12-14 00:32:59,338 - INFO - num_full_subsets = 2
2025-12-14 00:32:59,388 - INFO - phi = [ 1.64732071  0.14350476 -0.0752999   0.41950756]
2025-12-14 00:32:59,430 - INFO - num_full_subsets = 2
2025-12-14 00:32:59,480 - INFO - phi = [-0.95302085 -0.71149111 -0.02968845  0.17556349]
2025-12-14 00:32:59,522 - INFO - num_full_subsets = 2
2025-12-14 00:32:59,572 - INFO - phi = [-0.82034834 -0.59110135 -0.07324248  0.01747815]
2025-12-14 00:32:59,613 - INFO - num_full_subsets = 2
2025-12-14 00:32:59,664 - INFO - phi = [ 0.49158353 -0.1253863   0.09761648 -0.14364918]
2025-12-14 00:32:59,705 - INFO - num_full_subsets = 2
2025-12-14 00:32:59,756 - INFO - phi = [ 0.16051596  0.39358781 -0.1070297  -0.64857606]
2025-12-14 00:32:59,797 - INFO - num_full_subsets = 2
2025-12-14 00:32:59,848 - INFO - phi = [1.45976718 0.03786239 0.0182651  0.42308753]
2025-12-14 00:32:59,889 - INFO - num_full_subsets = 2
2025-12-14 00:32:59,940 - INFO - phi = [-1.14392807 -0.39336766 -0.05156111 -0.40604716]
2025-12-14 00:32:59,981 - INFO - num_full_subsets = 2
2025-12-14 00:33:00,032 - INFO - phi = [ 0.29924722  0.53410184  0.1668806  -0.44620572]
2025-12-14 00:33:00,075 - INFO - num_full_subsets = 2
2025-12-14 00:33:00,126 - INFO - phi = [ 0.42977662  0.81903919  0.29170941 -0.79830973]
2025-12-14 00:33:00,168 - INFO - num_full_subsets = 2
2025-12-14 00:33:00,218 - INFO - phi = [2.09500802 0.93972777 0.05999064 0.51610541]
2025-12-14 00:33:00,260 - INFO - num_full_subsets = 2
2025-12-14 00:33:00,311 - INFO - phi = [ 0.39267943 -0.16206765  0.13132612 -0.52402301]
2025-12-14 00:33:00,352 - INFO - num_full_subsets = 2
2025-12-14 00:33:00,403 - INFO - phi = [-0.74487498 -0.17948811  0.04641246  0.14468595]
2025-12-14 00:33:00,445 - INFO - num_full_subsets = 2
2025-12-14 00:33:00,495 - INFO - phi = [-1.0735618  -0.35059704 -0.73501668 -0.13506392]
2025-12-14 00:33:00,537 - INFO - num_full_subsets = 2
2025-12-14 00:33:00,588 - INFO - phi = [-1.52481467 -0.39510365 -0.03327435  0.20318649]
2025-12-14 00:33:00,630 - INFO - num_full_subsets = 2
2025-12-14 00:33:00,681 - INFO - phi = [-1.44047374  0.16862057 -0.16269222  0.17422116]
2025-12-14 00:33:00,722 - INFO - num_full_subsets = 2
2025-12-14 00:33:00,778 - INFO - phi = [-1.5917164  -0.13747922  0.04584591 -0.20126997]
2025-12-14 00:33:00,821 - INFO - num_full_subsets = 2
2025-12-14 00:33:00,871 - INFO - phi = [0.42935067 0.25503033 0.28314626 0.49835323]
2025-12-14 00:33:00,912 - INFO - num_full_subsets = 2
2025-12-14 00:33:00,963 - INFO - phi = [-0.99539227 -0.37841918 -0.17150637 -0.36635111]
2025-12-14 00:33:01,005 - INFO - num_full_subsets = 2
2025-12-14 00:33:01,055 - INFO - phi = [ 0.25237892 -0.03457566 -0.05855593 -0.32203879]
2025-12-14 00:33:01,096 - INFO - num_full_subsets = 2
2025-12-14 00:33:01,147 - INFO - phi = [-1.34982706 -0.18445671 -0.76704333  0.18408563]
2025-12-14 00:33:01,188 - INFO - num_full_subsets = 2
2025-12-14 00:33:01,238 - INFO - phi = [ 0.04965732  0.59251326 -0.02726617  0.05562751]
2025-12-14 00:33:01,279 - INFO - num_full_subsets = 2
2025-12-14 00:33:01,330 - INFO - phi = [ 0.31399428  0.45375324  0.2392163  -0.00120859]
2025-12-14 00:33:01,371 - INFO - num_full_subsets = 2
2025-12-14 00:33:01,421 - INFO - phi = [-0.38243243 -0.82475962  0.08930415 -0.43398922]
2025-12-14 00:33:01,463 - INFO - num_full_subsets = 2
2025-12-14 00:33:01,513 - INFO - phi = [ 0.65423386 -0.15736356 -0.27758653  0.37257485]
2025-12-14 00:33:01,554 - INFO - num_full_subsets = 2
2025-12-14 00:33:01,604 - INFO - phi = [ 0.67210184 -0.20955451  0.01257474  0.53193538]
2025-12-14 00:33:01,645 - INFO - num_full_subsets = 2
2025-12-14 00:33:01,696 - INFO - phi = [ 1.19380358  0.20310924 -0.13796474  0.31570457]
2025-12-14 00:33:01,738 - INFO - num_full_subsets = 2
2025-12-14 00:33:01,788 - INFO - phi = [2.72337551 0.1718484  0.07594535 0.58647235]
2025-12-14 00:33:01,830 - INFO - num_full_subsets = 2
2025-12-14 00:33:01,882 - INFO - phi = [ 0.16528414 -0.05187782  0.10902758 -0.75636613]
2025-12-14 00:33:01,924 - INFO - num_full_subsets = 2
2025-12-14 00:33:01,974 - INFO - phi = [ 0.16284677  0.45081731 -0.16503451 -0.62283896]
2025-12-14 00:33:02,016 - INFO - num_full_subsets = 2
2025-12-14 00:33:02,066 - INFO - phi = [ 0.10703252  0.34870094 -0.09095419  0.06077095]
2025-12-14 00:33:02,107 - INFO - num_full_subsets = 2
2025-12-14 00:33:02,158 - INFO - phi = [-0.12573865 -0.25004926  0.31431701  0.58600385]
2025-12-14 00:33:02,200 - INFO - num_full_subsets = 2
2025-12-14 00:33:02,250 - INFO - phi = [ 0.19005427  0.55875167 -0.08152354 -0.55317428]
2025-12-14 00:33:02,292 - INFO - num_full_subsets = 2
2025-12-14 00:33:02,343 - INFO - phi = [-1.26751397 -0.23996375 -0.03790459 -0.34294695]
2025-12-14 00:33:02,385 - INFO - num_full_subsets = 2
2025-12-14 00:33:02,436 - INFO - phi = [-0.55275665  0.52956607  0.24357405  0.14856048]
2025-12-14 00:33:02,478 - INFO - num_full_subsets = 2
2025-12-14 00:33:02,529 - INFO - phi = [ 0.23613972  0.64425476 -0.37338346 -0.2550738 ]
2025-12-14 00:33:02,570 - INFO - num_full_subsets = 2
2025-12-14 00:33:02,621 - INFO - phi = [-0.59902037  0.54752424  0.1111759  -0.20006239]
2025-12-14 00:33:02,663 - INFO - num_full_subsets = 2
2025-12-14 00:33:02,715 - INFO - phi = [-0.7865327   0.0954297  -0.10884687  0.1630506 ]
2025-12-14 00:33:02,757 - INFO - num_full_subsets = 2
2025-12-14 00:33:02,809 - INFO - phi = [ 0.49608831 -0.02627129  0.06015159 -0.26879982]
2025-12-14 00:33:02,851 - INFO - num_full_subsets = 2
2025-12-14 00:33:02,901 - INFO - phi = [ 2.39775469 -0.12004197  0.03580226  0.46793431]
2025-12-14 00:33:02,943 - INFO - num_full_subsets = 2
2025-12-14 00:33:02,994 - INFO - phi = [-1.37516818 -0.147978   -0.00674877 -0.36664478]
2025-12-14 00:33:03,036 - INFO - num_full_subsets = 2
2025-12-14 00:33:03,087 - INFO - phi = [-0.3633791  -0.25486517 -0.11341216  0.24337526]
2025-12-14 00:33:03,129 - INFO - num_full_subsets = 2
2025-12-14 00:33:03,179 - INFO - phi = [-1.1138351  -0.71886477  0.03733775  0.15216773]
2025-12-14 00:33:03,222 - INFO - num_full_subsets = 2
2025-12-14 00:33:03,273 - INFO - phi = [-1.02450516 -0.37848369 -0.0833458  -0.32028994]
2025-12-14 00:33:03,315 - INFO - num_full_subsets = 2
2025-12-14 00:33:03,366 - INFO - phi = [0.09388459 0.5208729  0.02450411 0.42610477]
2025-12-14 00:33:03,409 - INFO - num_full_subsets = 2
2025-12-14 00:33:03,465 - INFO - phi = [-0.3265556  -0.67852816  0.03634519  0.29472328]
2025-12-14 00:33:03,511 - INFO - num_full_subsets = 2
2025-12-14 00:33:03,562 - INFO - phi = [ 0.20760689  0.4878423   0.25907748 -0.67719678]
2025-12-14 00:33:03,604 - INFO - num_full_subsets = 2
2025-12-14 00:33:03,654 - INFO - phi = [-0.71487173 -0.6395354  -0.08250874  0.14501209]
2025-12-14 00:33:03,696 - INFO - num_full_subsets = 2
2025-12-14 00:33:03,747 - INFO - phi = [ 0.27002815 -0.36864361  0.2276889   0.26495936]
2025-12-14 00:33:03,789 - INFO - num_full_subsets = 2
2025-12-14 00:33:03,840 - INFO - phi = [-0.8690563  -0.6151337  -0.10000888 -0.30149312]
2025-12-14 00:33:03,882 - INFO - num_full_subsets = 2
2025-12-14 00:33:03,932 - INFO - phi = [ 1.09538651e+00 -3.46203507e-04  6.30690283e-02 -4.78408738e-01]
2025-12-14 00:33:03,973 - INFO - num_full_subsets = 2
2025-12-14 00:33:04,024 - INFO - phi = [ 1.82954096 -0.21002456  0.31808796 -0.1822891 ]
2025-12-14 00:33:04,065 - INFO - num_full_subsets = 2
2025-12-14 00:33:04,116 - INFO - phi = [-0.50643575  0.53575364  0.01605063  0.13606109]
2025-12-14 00:33:04,157 - INFO - num_full_subsets = 2
2025-12-14 00:33:04,208 - INFO - phi = [-1.35229225 -0.4656811   0.25483963 -0.15615996]
2025-12-14 00:33:04,249 - INFO - num_full_subsets = 2
2025-12-14 00:33:04,300 - INFO - phi = [-1.80393362 -0.11652318  0.04714759  0.2462399 ]
2025-12-14 00:33:04,341 - INFO - num_full_subsets = 2
2025-12-14 00:33:04,391 - INFO - phi = [-0.94623305 -0.17322743 -0.06747497  0.29488439]
2025-12-14 00:33:04,433 - INFO - num_full_subsets = 2
2025-12-14 00:33:04,483 - INFO - phi = [2.14660498 0.00912123 0.26748585 0.41065961]
2025-12-14 00:33:04,525 - INFO - num_full_subsets = 2
2025-12-14 00:33:04,576 - INFO - phi = [ 0.74077294 -0.35083861  0.30547395 -0.90131419]
2025-12-14 00:33:04,618 - INFO - num_full_subsets = 2
2025-12-14 00:33:04,668 - INFO - phi = [ 1.43489656 -0.0688595  -0.00469716  0.36458085]
2025-12-14 00:33:04,712 - INFO - num_full_subsets = 2
2025-12-14 00:33:04,762 - INFO - phi = [ 0.32360824  0.20131292 -0.1661132  -0.01481192]
2025-12-14 00:33:04,804 - INFO - num_full_subsets = 2
2025-12-14 00:33:04,854 - INFO - phi = [0.46114722 0.19740046 0.08189828 0.38047653]
2025-12-14 00:33:04,896 - INFO - num_full_subsets = 2
2025-12-14 00:33:04,946 - INFO - phi = [0.79317518 0.50117859 0.04839328 0.17760355]
2025-12-14 00:33:04,988 - INFO - num_full_subsets = 2
2025-12-14 00:33:05,039 - INFO - phi = [0.51709732 0.5885852  0.34638577 0.26487616]
2025-12-14 00:33:05,080 - INFO - num_full_subsets = 2
2025-12-14 00:33:05,131 - INFO - phi = [1.4234507  1.00153115 0.1315921  0.46169101]
2025-12-14 00:33:05,173 - INFO - num_full_subsets = 2
2025-12-14 00:33:05,223 - INFO - phi = [ 0.67423746 -0.71208516 -0.07269782 -0.32019971]
2025-12-14 00:33:05,265 - INFO - num_full_subsets = 2
2025-12-14 00:33:05,316 - INFO - phi = [ 1.96488987  0.00330819 -0.01883803  0.45381673]
2025-12-14 00:33:05,358 - INFO - num_full_subsets = 2
2025-12-14 00:33:05,409 - INFO - phi = [ 0.76307219 -0.33964352  0.04143862 -0.85509539]
2025-12-14 00:33:05,451 - INFO - num_full_subsets = 2
2025-12-14 00:33:05,502 - INFO - phi = [-0.84183834  0.48286095 -0.04895958 -0.01265628]
2025-12-14 00:33:05,544 - INFO - num_full_subsets = 2
2025-12-14 00:33:05,595 - INFO - phi = [-1.35645442 -0.16650791 -0.07506122 -0.34657455]
2025-12-14 00:33:05,637 - INFO - num_full_subsets = 2
2025-12-14 00:33:05,687 - INFO - phi = [-0.61668989  0.7904345  -0.03775344  0.14450294]
2025-12-14 00:33:05,729 - INFO - num_full_subsets = 2
2025-12-14 00:33:05,780 - INFO - phi = [1.45976718 0.03786239 0.0182651  0.42308753]
2025-12-14 00:33:06,442 - INFO - Computing feature importance...
2025-12-14 00:33:12,732 - INFO - Experiment completed for NGBoost
2025-12-14 00:33:12,732 - INFO - Total time: 260.16s (4.34 min)
2025-12-14 00:33:12,733 - INFO - Starting comprehensive experiment for NGBoost
2025-12-14 00:33:28,896 - INFO - Performing feature analysis...
2025-12-14 00:33:30,114 - INFO - Model justification: Probabilistic forecasting with natural gradient boosting, provides uncertainty quantification
2025-12-14 00:33:30,114 - INFO - Performing robust cross-validation...
2025-12-14 00:34:09,782 - INFO - CV Results - MSE: 0.8031 ± 0.0841
2025-12-14 00:34:09,782 - INFO - Starting hyperparameter optimization...
2025-12-14 00:38:00,292 - INFO - Best parameters for NGBoost: {'n_estimators': 272, 'learning_rate': 0.04419533570988019, 'minibatch_frac': 0.42077142912643783, 'natural_gradient': True}
2025-12-14 00:38:00,292 - INFO - ⏱️ HPO took 230.51 seconds
2025-12-14 00:38:00,292 - INFO - Training final model...
2025-12-14 00:38:01,552 - INFO - ⏱️ Training took 1.26 seconds
2025-12-14 00:38:01,552 - INFO - Performing residual analysis...
2025-12-14 00:38:02,603 - INFO - Generating XAI explanations...
2025-12-14 00:38:02,640 - WARNING - Using 168 background data samples could cause slower run times. Consider using shap.sample(data, K) or shap.kmeans(data, K) to summarize the background as K samples.
2025-12-14 00:38:02,687 - INFO - num_full_subsets = 2
2025-12-14 00:38:02,749 - INFO - phi = [-1.92932248  0.31437092 -0.21057631 -0.31485838]
2025-12-14 00:38:02,797 - INFO - num_full_subsets = 2
2025-12-14 00:38:02,859 - INFO - phi = [ 0.07419862  0.32111866 -0.14849682 -0.6264131 ]
2025-12-14 00:38:02,907 - INFO - num_full_subsets = 2
2025-12-14 00:38:02,969 - INFO - phi = [ 2.00273611  0.7859576  -0.00256427  0.13642839]
2025-12-14 00:38:03,016 - INFO - num_full_subsets = 2
2025-12-14 00:38:03,078 - INFO - phi = [-1.50124009 -0.67927749 -0.03855571  0.10051989]
2025-12-14 00:38:03,126 - INFO - num_full_subsets = 2
2025-12-14 00:38:03,188 - INFO - phi = [0.56437118 0.85195542 0.15748082 0.39165936]
2025-12-14 00:38:03,235 - INFO - num_full_subsets = 2
2025-12-14 00:38:03,297 - INFO - phi = [1.15567601 0.74513245 0.10716028 0.58220738]
2025-12-14 00:38:03,345 - INFO - num_full_subsets = 2
2025-12-14 00:38:03,407 - INFO - phi = [ 1.14064367  0.16319806 -0.05034753 -0.30927714]
2025-12-14 00:38:03,455 - INFO - num_full_subsets = 2
2025-12-14 00:38:03,517 - INFO - phi = [ 0.21452989 -0.15745559  0.15639432 -0.33661802]
2025-12-14 00:38:03,565 - INFO - num_full_subsets = 2
2025-12-14 00:38:03,627 - INFO - phi = [-1.2091084  -0.54670864 -0.03188777 -0.34417294]
2025-12-14 00:38:03,674 - INFO - num_full_subsets = 2
2025-12-14 00:38:03,736 - INFO - phi = [-0.39884127 -0.98133189 -0.06887707 -0.36901402]
2025-12-14 00:38:03,783 - INFO - num_full_subsets = 2
2025-12-14 00:38:03,845 - INFO - phi = [ 0.1136739   0.60483209  0.23898542 -0.66426168]
2025-12-14 00:38:03,892 - INFO - num_full_subsets = 2
2025-12-14 00:38:03,954 - INFO - phi = [ 0.05532782  0.07031068 -0.45129751  0.31211377]
2025-12-14 00:38:04,002 - INFO - num_full_subsets = 2
2025-12-14 00:38:04,064 - INFO - phi = [ 0.75152609  0.29614321  1.26321636 -0.79764061]
2025-12-14 00:38:04,111 - INFO - num_full_subsets = 2
2025-12-14 00:38:04,174 - INFO - phi = [-1.46318699  0.35540361 -0.16951601  0.2178532 ]
2025-12-14 00:38:04,222 - INFO - num_full_subsets = 2
2025-12-14 00:38:04,284 - INFO - phi = [-0.40994126 -0.8828244   0.03973079  0.19951117]
2025-12-14 00:38:04,332 - INFO - num_full_subsets = 2
2025-12-14 00:38:04,394 - INFO - phi = [ 2.20667886 -0.0076102   0.02540926  0.69422018]
2025-12-14 00:38:04,441 - INFO - num_full_subsets = 2
2025-12-14 00:38:04,503 - INFO - phi = [ 0.02742622  0.66889868  0.05010808 -0.36215941]
2025-12-14 00:38:04,550 - INFO - num_full_subsets = 2
2025-12-14 00:38:04,613 - INFO - phi = [-1.36305463 -0.78584794  0.26133212  0.47589095]
2025-12-14 00:38:04,660 - INFO - num_full_subsets = 2
2025-12-14 00:38:04,722 - INFO - phi = [ 0.61968016  0.14360909  1.40123418 -0.93971583]
2025-12-14 00:38:04,769 - INFO - num_full_subsets = 2
2025-12-14 00:38:04,831 - INFO - phi = [-1.0553075  -0.41600325 -0.12888287 -0.25557784]
2025-12-14 00:38:04,878 - INFO - num_full_subsets = 2
2025-12-14 00:38:04,940 - INFO - phi = [ 1.4924053   0.47712681 -0.04807591  0.58662989]
2025-12-14 00:38:04,987 - INFO - num_full_subsets = 2
2025-12-14 00:38:05,050 - INFO - phi = [ 0.30956315 -0.88274696 -0.08314559 -0.90230382]
2025-12-14 00:38:05,097 - INFO - num_full_subsets = 2
2025-12-14 00:38:05,159 - INFO - phi = [-0.6594577   0.30646272 -0.01867993  0.14993252]
2025-12-14 00:38:05,206 - INFO - num_full_subsets = 2
2025-12-14 00:38:05,268 - INFO - phi = [ 1.56935501  0.86953576 -0.016721    0.51166419]
2025-12-14 00:38:05,316 - INFO - num_full_subsets = 2
2025-12-14 00:38:05,378 - INFO - phi = [-0.05416769  0.23165332  0.23902344  0.13845428]
2025-12-14 00:38:05,426 - INFO - num_full_subsets = 2
2025-12-14 00:38:05,488 - INFO - phi = [-0.99613547 -0.50838637 -0.32312297 -0.18864892]
2025-12-14 00:38:05,535 - INFO - num_full_subsets = 2
2025-12-14 00:38:05,597 - INFO - phi = [-1.28279767 -0.24134873  0.02934258 -0.29066524]
2025-12-14 00:38:05,644 - INFO - num_full_subsets = 2
2025-12-14 00:38:05,706 - INFO - phi = [-1.44446104 -0.02747949 -0.07297709  0.10034974]
2025-12-14 00:38:05,753 - INFO - num_full_subsets = 2
2025-12-14 00:38:05,815 - INFO - phi = [1.48316983 0.38339285 0.22501755 0.46609794]
2025-12-14 00:38:05,862 - INFO - num_full_subsets = 2
2025-12-14 00:38:05,924 - INFO - phi = [-1.34000149 -0.53943342 -0.31434199  0.10963886]
2025-12-14 00:38:05,972 - INFO - num_full_subsets = 2
2025-12-14 00:38:06,034 - INFO - phi = [ 0.03633501  0.24480617  0.23271006 -0.69912425]
2025-12-14 00:38:06,081 - INFO - num_full_subsets = 2
2025-12-14 00:38:06,143 - INFO - phi = [-0.94988812 -0.62984632 -0.06114341 -0.26053472]
2025-12-14 00:38:06,191 - INFO - num_full_subsets = 2
2025-12-14 00:38:06,253 - INFO - phi = [-0.01257204  0.5497341  -0.35784447 -0.36341857]
2025-12-14 00:38:06,300 - INFO - num_full_subsets = 2
2025-12-14 00:38:06,362 - INFO - phi = [ 0.06600497  0.61131699  0.09487068 -0.79886362]
2025-12-14 00:38:06,409 - INFO - num_full_subsets = 2
2025-12-14 00:38:06,471 - INFO - phi = [ 0.24227071  0.13092643  0.05984893 -0.53452691]
2025-12-14 00:38:06,519 - INFO - num_full_subsets = 2
2025-12-14 00:38:06,581 - INFO - phi = [-1.55557975 -0.45752385 -0.14815053 -0.19114556]
2025-12-14 00:38:06,628 - INFO - num_full_subsets = 2
2025-12-14 00:38:06,690 - INFO - phi = [0.72289608 0.89949859 0.12271366 0.71672024]
2025-12-14 00:38:06,738 - INFO - num_full_subsets = 2
2025-12-14 00:38:06,805 - INFO - phi = [-1.26408635 -0.7223911  -0.11061834  0.23438124]
2025-12-14 00:38:06,853 - INFO - num_full_subsets = 2
2025-12-14 00:38:06,915 - INFO - phi = [-1.18061493 -0.556881   -0.15581729 -0.33179036]
2025-12-14 00:38:06,962 - INFO - num_full_subsets = 2
2025-12-14 00:38:07,024 - INFO - phi = [ 0.14312639 -0.0133285   0.26567377  0.12174298]
2025-12-14 00:38:07,072 - INFO - num_full_subsets = 2
2025-12-14 00:38:07,134 - INFO - phi = [ 0.129665    0.35745109 -0.13017926 -0.38324975]
2025-12-14 00:38:07,181 - INFO - num_full_subsets = 2
2025-12-14 00:38:07,243 - INFO - phi = [1.11652714 0.99808386 0.07002206 0.54883565]
2025-12-14 00:38:07,291 - INFO - num_full_subsets = 2
2025-12-14 00:38:07,353 - INFO - phi = [1.26564997 0.33412855 0.09545027 0.58004947]
2025-12-14 00:38:07,400 - INFO - num_full_subsets = 2
2025-12-14 00:38:07,462 - INFO - phi = [-1.14151074 -0.55044553 -0.076346   -0.53274979]
2025-12-14 00:38:07,509 - INFO - num_full_subsets = 2
2025-12-14 00:38:07,572 - INFO - phi = [0.35494314 0.36245915 0.01599594 0.7260386 ]
2025-12-14 00:38:07,620 - INFO - num_full_subsets = 2
2025-12-14 00:38:07,688 - INFO - phi = [-1.26695079 -0.49091247 -0.11626216 -0.39018387]
2025-12-14 00:38:07,735 - INFO - num_full_subsets = 2
2025-12-14 00:38:07,797 - INFO - phi = [ 0.67831591 -0.28199023  1.28970307 -0.96726259]
2025-12-14 00:38:07,845 - INFO - num_full_subsets = 2
2025-12-14 00:38:07,907 - INFO - phi = [-1.30513793  0.30529068 -0.42594175 -0.21331213]
2025-12-14 00:38:07,954 - INFO - num_full_subsets = 2
2025-12-14 00:38:08,016 - INFO - phi = [ 0.86553283 -0.88747734 -0.04181097  0.61831395]
2025-12-14 00:38:08,064 - INFO - num_full_subsets = 2
2025-12-14 00:38:08,126 - INFO - phi = [ 1.87047878 -0.45334592 -0.1349649   0.60838907]
2025-12-14 00:38:08,173 - INFO - num_full_subsets = 2
2025-12-14 00:38:08,235 - INFO - phi = [ 1.07914328  0.0140252  -0.0380041   0.46739482]
2025-12-14 00:38:08,282 - INFO - num_full_subsets = 2
2025-12-14 00:38:08,345 - INFO - phi = [ 0.67937095 -0.11934262  0.41427158  0.11132065]
2025-12-14 00:38:08,392 - INFO - num_full_subsets = 2
2025-12-14 00:38:08,454 - INFO - phi = [ 0.07731203  0.36900918 -0.13511821 -0.59639927]
2025-12-14 00:38:08,501 - INFO - num_full_subsets = 2
2025-12-14 00:38:08,563 - INFO - phi = [ 0.21565465 -0.01329339  0.03594681  0.4094399 ]
2025-12-14 00:38:08,611 - INFO - num_full_subsets = 2
2025-12-14 00:38:08,673 - INFO - phi = [0.08890397 0.22722141 0.28563771 0.40675433]
2025-12-14 00:38:08,720 - INFO - num_full_subsets = 2
2025-12-14 00:38:08,782 - INFO - phi = [-1.60095888e+00 -6.90645514e-01 -7.33441237e-04  1.64241024e-01]
2025-12-14 00:38:08,830 - INFO - num_full_subsets = 2
2025-12-14 00:38:08,891 - INFO - phi = [-1.18358868 -0.67924176 -0.08921549 -0.21954087]
2025-12-14 00:38:08,938 - INFO - num_full_subsets = 2
2025-12-14 00:38:09,000 - INFO - phi = [ 0.36107312 -0.91460707 -0.095907   -0.55265656]
2025-12-14 00:38:09,048 - INFO - num_full_subsets = 2
2025-12-14 00:38:09,110 - INFO - phi = [ 0.10569909 -0.17758306  0.15635913  0.2947204 ]
2025-12-14 00:38:09,157 - INFO - num_full_subsets = 2
2025-12-14 00:38:09,219 - INFO - phi = [-1.60735153  0.2611507  -0.04605992 -0.31049694]
2025-12-14 00:38:09,266 - INFO - num_full_subsets = 2
2025-12-14 00:38:09,328 - INFO - phi = [ 1.4678725   0.37361649 -0.38913013  0.60267874]
2025-12-14 00:38:09,376 - INFO - num_full_subsets = 2
2025-12-14 00:38:09,438 - INFO - phi = [ 1.24668211  0.09059177 -0.12098606  0.22844151]
2025-12-14 00:38:09,486 - INFO - num_full_subsets = 2
2025-12-14 00:38:09,548 - INFO - phi = [0.47157401 0.68409796 0.12120288 0.04019092]
2025-12-14 00:38:09,595 - INFO - num_full_subsets = 2
2025-12-14 00:38:09,657 - INFO - phi = [-0.88063842 -0.7418929  -0.27188929  0.18446937]
2025-12-14 00:38:09,705 - INFO - num_full_subsets = 2
2025-12-14 00:38:09,767 - INFO - phi = [-1.80844606  0.77925271  0.04557343  0.60399983]
2025-12-14 00:38:09,814 - INFO - num_full_subsets = 2
2025-12-14 00:38:09,876 - INFO - phi = [ 0.53741013  0.35362048 -0.16231336  0.02612608]
2025-12-14 00:38:09,924 - INFO - num_full_subsets = 2
2025-12-14 00:38:09,986 - INFO - phi = [2.17461043 0.81492263 0.02052922 0.15137317]
2025-12-14 00:38:10,034 - INFO - num_full_subsets = 2
2025-12-14 00:38:10,096 - INFO - phi = [0.07774992 0.79984841 0.16004238 0.48313484]
2025-12-14 00:38:10,143 - INFO - num_full_subsets = 2
2025-12-14 00:38:10,206 - INFO - phi = [-1.03473376 -0.84889591 -0.15762522  0.07742541]
2025-12-14 00:38:10,253 - INFO - num_full_subsets = 2
2025-12-14 00:38:10,315 - INFO - phi = [ 0.46332428  0.3448655   0.11697602 -0.19474889]
2025-12-14 00:38:10,363 - INFO - num_full_subsets = 2
2025-12-14 00:38:10,426 - INFO - phi = [-0.95325139  0.00808245 -0.77971904  0.55333049]
2025-12-14 00:38:10,474 - INFO - num_full_subsets = 2
2025-12-14 00:38:10,536 - INFO - phi = [-1.22267998 -0.65999604 -0.05619784 -0.24680895]
2025-12-14 00:38:10,583 - INFO - num_full_subsets = 2
2025-12-14 00:38:10,646 - INFO - phi = [ 0.23499993 -0.47157317  0.39219643  0.1576022 ]
2025-12-14 00:38:10,693 - INFO - num_full_subsets = 2
2025-12-14 00:38:10,755 - INFO - phi = [-0.39795331  0.51042729 -0.04146315  0.67263509]
2025-12-14 00:38:10,803 - INFO - num_full_subsets = 2
2025-12-14 00:38:10,865 - INFO - phi = [-0.85985005  0.31956101 -0.02949783  0.10655817]
2025-12-14 00:38:10,912 - INFO - num_full_subsets = 2
2025-12-14 00:38:10,974 - INFO - phi = [-1.07867842 -0.67233351 -0.1302383  -0.11129086]
2025-12-14 00:38:11,021 - INFO - num_full_subsets = 2
2025-12-14 00:38:11,084 - INFO - phi = [ 0.13529997  0.54586706  0.26902015 -0.33317254]
2025-12-14 00:38:11,131 - INFO - num_full_subsets = 2
2025-12-14 00:38:11,193 - INFO - phi = [ 0.31493192 -0.18012177 -0.10594433 -0.67787335]
2025-12-14 00:38:11,240 - INFO - num_full_subsets = 2
2025-12-14 00:38:11,302 - INFO - phi = [ 0.14990511 -0.07638143  0.07701868 -0.44586039]
2025-12-14 00:38:11,350 - INFO - num_full_subsets = 2
2025-12-14 00:38:11,412 - INFO - phi = [ 0.88505293 -0.25324722 -0.01822355 -0.12807888]
2025-12-14 00:38:11,459 - INFO - num_full_subsets = 2
2025-12-14 00:38:11,521 - INFO - phi = [ 0.3574554  -0.28787392  0.32615781  0.3260872 ]
2025-12-14 00:38:11,568 - INFO - num_full_subsets = 2
2025-12-14 00:38:11,630 - INFO - phi = [ 0.14696566 -0.22825834 -0.12677244 -0.69476863]
2025-12-14 00:38:11,678 - INFO - num_full_subsets = 2
2025-12-14 00:38:11,740 - INFO - phi = [-0.93892555 -0.8221182   0.11099889 -0.1079984 ]
2025-12-14 00:38:11,787 - INFO - num_full_subsets = 2
2025-12-14 00:38:11,849 - INFO - phi = [ 1.67236608  0.06016373 -0.229575    0.52573838]
2025-12-14 00:38:11,897 - INFO - num_full_subsets = 2
2025-12-14 00:38:11,960 - INFO - phi = [-1.26472025 -0.15181849 -0.15491861  0.56624414]
2025-12-14 00:38:12,008 - INFO - num_full_subsets = 2
2025-12-14 00:38:12,070 - INFO - phi = [ 0.19012228 -0.07072616  0.09599133  0.45647537]
2025-12-14 00:38:12,117 - INFO - num_full_subsets = 2
2025-12-14 00:38:12,179 - INFO - phi = [1.55055432 0.52148034 0.33943943 0.46396555]
2025-12-14 00:38:12,227 - INFO - num_full_subsets = 2
2025-12-14 00:38:12,289 - INFO - phi = [-0.99987554 -0.29377057 -0.02995364  0.26007695]
2025-12-14 00:38:12,336 - INFO - num_full_subsets = 2
2025-12-14 00:38:12,398 - INFO - phi = [ 1.56623397  0.23068261 -0.08250484  0.31202376]
2025-12-14 00:38:12,445 - INFO - num_full_subsets = 2
2025-12-14 00:38:12,507 - INFO - phi = [1.71879655 0.12003924 0.03066641 0.53161763]
2025-12-14 00:38:12,555 - INFO - num_full_subsets = 2
2025-12-14 00:38:12,617 - INFO - phi = [ 0.38417638  0.39678409 -0.25887737  0.41977905]
2025-12-14 00:38:12,664 - INFO - num_full_subsets = 2
2025-12-14 00:38:12,726 - INFO - phi = [ 0.63204781 -0.21639031  1.2690864  -1.00855756]
2025-12-14 00:38:12,774 - INFO - num_full_subsets = 2
2025-12-14 00:38:12,836 - INFO - phi = [0.38095751 0.56184271 0.27975799 0.47939094]
2025-12-14 00:38:12,883 - INFO - num_full_subsets = 2
2025-12-14 00:38:12,945 - INFO - phi = [ 0.35689212  0.52987163 -0.19761985 -0.14663244]
2025-12-14 00:38:12,992 - INFO - num_full_subsets = 2
2025-12-14 00:38:13,054 - INFO - phi = [-1.30874668 -0.56246732 -0.03902983 -0.22521467]
2025-12-14 00:38:13,101 - INFO - num_full_subsets = 2
2025-12-14 00:38:13,164 - INFO - phi = [ 0.07419862  0.32111866 -0.14849682 -0.6264131 ]
2025-12-14 00:38:13,211 - INFO - num_full_subsets = 2
2025-12-14 00:38:13,272 - INFO - phi = [-0.69746925 -0.80264068 -0.03550275  0.22780609]
2025-12-14 00:38:13,319 - INFO - num_full_subsets = 2
2025-12-14 00:38:13,381 - INFO - phi = [-0.19625646 -0.90459154  0.3556115   0.19641519]
2025-12-14 00:38:13,428 - INFO - num_full_subsets = 2
2025-12-14 00:38:13,490 - INFO - phi = [0.17333812 0.69581267 0.06312334 0.35471703]
2025-12-14 00:38:13,538 - INFO - num_full_subsets = 2
2025-12-14 00:38:13,600 - INFO - phi = [1.63770625 0.37571796 0.03974479 0.21068284]
2025-12-14 00:38:13,647 - INFO - num_full_subsets = 2
2025-12-14 00:38:13,710 - INFO - phi = [0.97239065 0.47362855 0.29581429 0.51150279]
2025-12-14 00:38:13,757 - INFO - num_full_subsets = 2
2025-12-14 00:38:13,819 - INFO - phi = [-0.89799814 -0.76445424  0.0195227  -0.23325236]
2025-12-14 00:38:13,866 - INFO - num_full_subsets = 2
2025-12-14 00:38:13,928 - INFO - phi = [ 0.1727593   0.04789224 -0.17614368  0.48689416]
2025-12-14 00:38:13,976 - INFO - num_full_subsets = 2
2025-12-14 00:38:14,037 - INFO - phi = [-0.91872631 -0.82931123 -0.04181234 -0.20473112]
2025-12-14 00:38:14,088 - INFO - num_full_subsets = 2
2025-12-14 00:38:14,150 - INFO - phi = [ 0.43827788  0.63825112 -1.12443184  0.44319622]
2025-12-14 00:38:14,197 - INFO - num_full_subsets = 2
2025-12-14 00:38:14,259 - INFO - phi = [ 0.25403681 -0.0903619   0.03420201 -0.342697  ]
2025-12-14 00:38:14,306 - INFO - num_full_subsets = 2
2025-12-14 00:38:14,368 - INFO - phi = [1.59813416 0.30347491 0.03220998 0.09146014]
2025-12-14 00:38:14,415 - INFO - num_full_subsets = 2
2025-12-14 00:38:14,477 - INFO - phi = [-0.97376613 -0.09016504 -0.18882492  0.2993533 ]
2025-12-14 00:38:14,525 - INFO - num_full_subsets = 2
2025-12-14 00:38:14,587 - INFO - phi = [-1.22257566 -0.33152302 -0.00291776  0.20130865]
2025-12-14 00:38:14,634 - INFO - num_full_subsets = 2
2025-12-14 00:38:14,696 - INFO - phi = [-1.26864493 -0.67711421 -0.00285203 -0.12653105]
2025-12-14 00:38:14,744 - INFO - num_full_subsets = 2
2025-12-14 00:38:14,805 - INFO - phi = [ 1.1826938  -0.09362592 -0.01380002 -0.88890881]
2025-12-14 00:38:14,853 - INFO - num_full_subsets = 2
2025-12-14 00:38:14,915 - INFO - phi = [-1.49381841 -0.7053424  -0.00724535  0.53517319]
2025-12-14 00:38:14,962 - INFO - num_full_subsets = 2
2025-12-14 00:38:15,024 - INFO - phi = [ 0.16277843  0.18982791  0.29915789 -0.64228526]
2025-12-14 00:38:15,072 - INFO - num_full_subsets = 2
2025-12-14 00:38:15,135 - INFO - phi = [-0.94776604 -0.46369894 -0.20967804 -0.40336639]
2025-12-14 00:38:15,182 - INFO - num_full_subsets = 2
2025-12-14 00:38:15,243 - INFO - phi = [ 0.82965422  0.7315438  -0.13868032  0.45333936]
2025-12-14 00:38:15,293 - INFO - num_full_subsets = 2
2025-12-14 00:38:15,354 - INFO - phi = [0.12641785 0.69084358 0.03920782 0.39383915]
2025-12-14 00:38:15,402 - INFO - num_full_subsets = 2
2025-12-14 00:38:15,464 - INFO - phi = [1.03931184 0.66170284 0.09570726 0.68779172]
2025-12-14 00:38:15,511 - INFO - num_full_subsets = 2
2025-12-14 00:38:15,573 - INFO - phi = [-0.73836748  0.53134936 -0.21003038 -0.11488252]
2025-12-14 00:38:15,620 - INFO - num_full_subsets = 2
2025-12-14 00:38:15,682 - INFO - phi = [-1.23920401 -0.69708666 -0.00670507 -0.21752027]
2025-12-14 00:38:15,729 - INFO - num_full_subsets = 2
2025-12-14 00:38:15,791 - INFO - phi = [ 0.62135297 -0.65467083  1.4540777  -0.72439401]
2025-12-14 00:38:15,839 - INFO - num_full_subsets = 2
2025-12-14 00:38:15,901 - INFO - phi = [ 1.46931849  0.03025179 -0.05924882  0.38379257]
2025-12-14 00:38:15,948 - INFO - num_full_subsets = 2
2025-12-14 00:38:16,011 - INFO - phi = [-0.85645997 -0.30104713 -0.24622856  0.93339039]
2025-12-14 00:38:16,058 - INFO - num_full_subsets = 2
2025-12-14 00:38:16,120 - INFO - phi = [ 0.05802351  0.6890396   0.13733821 -0.75127161]
2025-12-14 00:38:16,167 - INFO - num_full_subsets = 2
2025-12-14 00:38:16,229 - INFO - phi = [ 1.96715264  0.90744945 -0.21835393  0.52808262]
2025-12-14 00:38:16,277 - INFO - num_full_subsets = 2
2025-12-14 00:38:16,338 - INFO - phi = [ 0.15418723  0.51673258  0.01694686 -0.33978855]
2025-12-14 00:38:16,386 - INFO - num_full_subsets = 2
2025-12-14 00:38:16,448 - INFO - phi = [ 0.65720987  0.16964592 -0.43754773  0.49737419]
2025-12-14 00:38:16,495 - INFO - num_full_subsets = 2
2025-12-14 00:38:16,557 - INFO - phi = [ 1.10708548 -0.13289513  0.26506306  0.34159281]
2025-12-14 00:38:16,604 - INFO - num_full_subsets = 2
2025-12-14 00:38:16,666 - INFO - phi = [-0.57703906 -0.85012758  0.01683933  0.14158507]
2025-12-14 00:38:16,714 - INFO - num_full_subsets = 2
2025-12-14 00:38:16,776 - INFO - phi = [-1.8329708   0.0134699  -0.10076005  0.07428891]
2025-12-14 00:38:16,823 - INFO - num_full_subsets = 2
2025-12-14 00:38:16,886 - INFO - phi = [ 0.29878914 -0.25908198  0.00279892 -0.77088724]
2025-12-14 00:38:16,933 - INFO - num_full_subsets = 2
2025-12-14 00:38:16,996 - INFO - phi = [-1.38192612  0.12729044  0.09449229 -0.3323297 ]
2025-12-14 00:38:17,043 - INFO - num_full_subsets = 2
2025-12-14 00:38:17,105 - INFO - phi = [-1.29665972  0.18081139 -0.05117881 -0.21227838]
2025-12-14 00:38:17,153 - INFO - num_full_subsets = 2
2025-12-14 00:38:17,215 - INFO - phi = [-1.04395973 -0.49107753 -0.24841003 -0.41029762]
2025-12-14 00:38:17,263 - INFO - num_full_subsets = 2
2025-12-14 00:38:17,325 - INFO - phi = [ 0.11703358  0.05243265 -0.4335347  -0.11516366]
2025-12-14 00:38:17,372 - INFO - num_full_subsets = 2
2025-12-14 00:38:17,434 - INFO - phi = [ 0.0832327   0.14782071 -0.14831156 -0.45586806]
2025-12-14 00:38:17,482 - INFO - num_full_subsets = 2
2025-12-14 00:38:17,544 - INFO - phi = [ 0.49546742 -0.03203886  0.08173974  0.58586695]
2025-12-14 00:38:17,591 - INFO - num_full_subsets = 2
2025-12-14 00:38:17,653 - INFO - phi = [ 0.42110572  0.02955086 -0.14781483  0.51717899]
2025-12-14 00:38:17,700 - INFO - num_full_subsets = 2
2025-12-14 00:38:17,762 - INFO - phi = [-0.82883905 -0.92152112 -0.15997634 -0.13790766]
2025-12-14 00:38:17,810 - INFO - num_full_subsets = 2
2025-12-14 00:38:17,872 - INFO - phi = [ 0.03870924  0.44867783 -0.15877604 -0.39375089]
2025-12-14 00:38:17,919 - INFO - num_full_subsets = 2
2025-12-14 00:38:17,981 - INFO - phi = [0.16743224 0.37587593 0.38507123 0.69797594]
2025-12-14 00:38:18,028 - INFO - num_full_subsets = 2
2025-12-14 00:38:18,091 - INFO - phi = [ 0.08695047  0.63964658 -0.39752004 -0.80260586]
2025-12-14 00:38:18,138 - INFO - num_full_subsets = 2
2025-12-14 00:38:18,200 - INFO - phi = [ 0.18253654 -0.06099308 -0.11929853  0.46898473]
2025-12-14 00:38:18,248 - INFO - num_full_subsets = 2
2025-12-14 00:38:18,311 - INFO - phi = [ 0.16437809  0.48443213  0.38065504 -0.48537535]
2025-12-14 00:38:18,359 - INFO - num_full_subsets = 2
2025-12-14 00:38:18,421 - INFO - phi = [ 0.36685244 -0.25434164  0.34644663 -0.83548906]
2025-12-14 00:38:18,469 - INFO - num_full_subsets = 2
2025-12-14 00:38:18,531 - INFO - phi = [0.33126271 0.36757519 0.27827469 0.2106734 ]
2025-12-14 00:38:18,578 - INFO - num_full_subsets = 2
2025-12-14 00:38:18,641 - INFO - phi = [ 0.07765315  0.58802621 -0.17563892 -0.32716005]
2025-12-14 00:38:18,688 - INFO - num_full_subsets = 2
2025-12-14 00:38:18,750 - INFO - phi = [ 0.05676282  0.11546858 -0.13847366  0.50215319]
2025-12-14 00:38:18,798 - INFO - num_full_subsets = 2
2025-12-14 00:38:18,860 - INFO - phi = [-0.67372935 -0.12109    -0.393503   -0.12061155]
2025-12-14 00:38:18,907 - INFO - num_full_subsets = 2
2025-12-14 00:38:18,969 - INFO - phi = [-0.80730587 -0.98157866  0.01189057  0.36951501]
2025-12-14 00:38:19,018 - INFO - num_full_subsets = 2
2025-12-14 00:38:19,080 - INFO - phi = [ 0.09081004  0.53946135 -0.42911876 -0.35222959]
2025-12-14 00:38:19,127 - INFO - num_full_subsets = 2
2025-12-14 00:38:19,189 - INFO - phi = [ 0.07855249 -0.08484041 -0.10378629 -0.38630322]
2025-12-14 00:38:19,236 - INFO - num_full_subsets = 2
2025-12-14 00:38:19,299 - INFO - phi = [ 1.13336002 -0.03829126  0.29562029  0.45178834]
2025-12-14 00:38:19,347 - INFO - num_full_subsets = 2
2025-12-14 00:38:19,409 - INFO - phi = [-1.00104509 -0.5337505  -0.05217936 -0.3103493 ]
2025-12-14 00:38:19,456 - INFO - num_full_subsets = 2
2025-12-14 00:38:19,519 - INFO - phi = [ 0.19012228 -0.07072616  0.09599133  0.45647537]
2025-12-14 00:38:19,567 - INFO - num_full_subsets = 2
2025-12-14 00:38:19,629 - INFO - phi = [ 0.30423776 -0.86591183  0.38063664 -0.6782305 ]
2025-12-14 00:38:19,676 - INFO - num_full_subsets = 2
2025-12-14 00:38:19,739 - INFO - phi = [1.52470971 0.45798101 0.1206732  0.53328375]
2025-12-14 00:38:19,787 - INFO - num_full_subsets = 2
2025-12-14 00:38:19,849 - INFO - phi = [ 0.70690584  0.05842545 -0.26532149  0.32890932]
2025-12-14 00:38:19,897 - INFO - num_full_subsets = 2
2025-12-14 00:38:19,959 - INFO - phi = [ 0.05614401  0.68908986 -0.90331586 -0.34183114]
2025-12-14 00:38:20,007 - INFO - num_full_subsets = 2
2025-12-14 00:38:20,069 - INFO - phi = [-0.92004917 -0.61899479 -0.14643436 -0.2511804 ]
2025-12-14 00:38:20,116 - INFO - num_full_subsets = 2
2025-12-14 00:38:20,178 - INFO - phi = [-1.6701772  -0.50228388 -0.0693737  -0.25199713]
2025-12-14 00:38:20,226 - INFO - num_full_subsets = 2
2025-12-14 00:38:20,288 - INFO - phi = [-0.70899044 -0.93665136  0.01432792 -0.28621067]
2025-12-14 00:38:20,335 - INFO - num_full_subsets = 2
2025-12-14 00:38:20,397 - INFO - phi = [-0.28410314 -1.01209115 -0.09685369 -0.26799041]
2025-12-14 00:38:20,444 - INFO - num_full_subsets = 2
2025-12-14 00:38:20,507 - INFO - phi = [-0.77231352  0.98463326 -0.26589646  0.13225006]
2025-12-14 00:38:20,555 - INFO - num_full_subsets = 2
2025-12-14 00:38:20,617 - INFO - phi = [-0.67372935 -0.12109    -0.393503   -0.12061155]
2025-12-14 00:38:20,664 - INFO - num_full_subsets = 2
2025-12-14 00:38:20,726 - INFO - phi = [ 2.15888276  0.43635336 -0.11080751  0.54047483]
2025-12-14 00:38:20,773 - INFO - num_full_subsets = 2
2025-12-14 00:38:20,836 - INFO - phi = [ 0.03989479  0.54192184 -0.10061459  0.51872977]
2025-12-14 00:38:20,883 - INFO - num_full_subsets = 2
2025-12-14 00:38:20,945 - INFO - phi = [ 1.55889501  0.75733658 -0.08045374 -0.39994661]
2025-12-14 00:38:20,992 - INFO - num_full_subsets = 2
2025-12-14 00:38:21,054 - INFO - phi = [ 0.42509805 -0.18220029  0.04253736 -0.68848902]
2025-12-14 00:38:21,575 - INFO - Computing feature importance...
2025-12-14 00:38:29,162 - INFO - Experiment completed for NGBoost
2025-12-14 00:38:29,162 - INFO - Total time: 316.04s (5.27 min)
2025-12-14 00:38:29,162 - INFO - Starting comprehensive experiment for NGBoost
2025-12-14 00:38:41,329 - INFO - Performing feature analysis...
2025-12-14 00:38:42,562 - INFO - Model justification: Probabilistic forecasting with natural gradient boosting, provides uncertainty quantification
2025-12-14 00:38:42,562 - INFO - Performing robust cross-validation...
2025-12-14 00:39:22,815 - INFO - CV Results - MSE: 0.6948 ± 0.1056
2025-12-14 00:39:22,815 - INFO - Starting hyperparameter optimization...
2025-12-14 00:43:17,838 - INFO - Best parameters for NGBoost: {'n_estimators': 225, 'learning_rate': 0.05093724669631412, 'minibatch_frac': 0.504391338841377, 'natural_gradient': True}
2025-12-14 00:43:17,838 - INFO - ⏱️ HPO took 235.02 seconds
2025-12-14 00:43:17,838 - INFO - Training final model...
2025-12-14 00:43:18,941 - INFO - ⏱️ Training took 1.10 seconds
2025-12-14 00:43:18,941 - INFO - Performing residual analysis...
2025-12-14 00:43:20,026 - INFO - Generating XAI explanations...
2025-12-14 00:43:20,057 - WARNING - Using 168 background data samples could cause slower run times. Consider using shap.sample(data, K) or shap.kmeans(data, K) to summarize the background as K samples.
2025-12-14 00:43:20,099 - INFO - num_full_subsets = 2
2025-12-14 00:43:20,150 - INFO - phi = [ 0.83816567  0.57080163 -0.13837911  0.40419543]
2025-12-14 00:43:20,193 - INFO - num_full_subsets = 2
2025-12-14 00:43:20,258 - INFO - phi = [ 1.18220771 -0.13756561 -0.02909521  0.27341778]
2025-12-14 00:43:20,301 - INFO - num_full_subsets = 2
2025-12-14 00:43:20,355 - INFO - phi = [ 2.05434078  0.41778951 -0.09813074  0.40677815]
2025-12-14 00:43:20,398 - INFO - num_full_subsets = 2
2025-12-14 00:43:20,452 - INFO - phi = [ 1.44918382  0.09332171 -0.07938021 -1.03380872]
2025-12-14 00:43:20,495 - INFO - num_full_subsets = 2
2025-12-14 00:43:20,547 - INFO - phi = [-1.10006517 -0.74939315  0.00695986 -0.20694265]
2025-12-14 00:43:20,588 - INFO - num_full_subsets = 2
2025-12-14 00:43:20,640 - INFO - phi = [-0.77224824 -0.83734901  0.01530121  0.09583065]
2025-12-14 00:43:20,682 - INFO - num_full_subsets = 2
2025-12-14 00:43:20,735 - INFO - phi = [ 0.41622086 -0.56723022  0.39845923 -0.80136972]
2025-12-14 00:43:20,778 - INFO - num_full_subsets = 2
2025-12-14 00:43:20,830 - INFO - phi = [ 1.73198253  0.15886536 -0.06506423  0.49795129]
2025-12-14 00:43:20,873 - INFO - num_full_subsets = 2
2025-12-14 00:43:20,928 - INFO - phi = [-0.4004871  -0.13290974  0.26117436 -0.21063879]
2025-12-14 00:43:20,971 - INFO - num_full_subsets = 2
2025-12-14 00:43:21,024 - INFO - phi = [ 0.00997143  0.07168073 -0.00245439  0.11410133]
2025-12-14 00:43:21,067 - INFO - num_full_subsets = 2
2025-12-14 00:43:21,119 - INFO - phi = [-1.02224758 -0.8486653   0.22428958 -0.05171114]
2025-12-14 00:43:21,161 - INFO - num_full_subsets = 2
2025-12-14 00:43:21,213 - INFO - phi = [ 0.07428289  0.412151    0.01543571 -0.55532312]
2025-12-14 00:43:21,255 - INFO - num_full_subsets = 2
2025-12-14 00:43:21,308 - INFO - phi = [-0.4999852  -0.8359388  -0.14214366 -0.63072103]
2025-12-14 00:43:21,349 - INFO - num_full_subsets = 2
2025-12-14 00:43:21,402 - INFO - phi = [-0.09870582  0.45724793  0.28801719 -0.93102537]
2025-12-14 00:43:21,444 - INFO - num_full_subsets = 2
2025-12-14 00:43:21,496 - INFO - phi = [ 0.29875531  0.95556941 -0.1004112   0.73079807]
2025-12-14 00:43:21,537 - INFO - num_full_subsets = 2
2025-12-14 00:43:21,589 - INFO - phi = [-1.65737615 -0.61270102 -0.01281736  0.0566663 ]
2025-12-14 00:43:21,631 - INFO - num_full_subsets = 2
2025-12-14 00:43:21,683 - INFO - phi = [-2.02799123e+00  1.97431001e-03  4.63969870e-02  9.75441092e-03]
2025-12-14 00:43:21,725 - INFO - num_full_subsets = 2
2025-12-14 00:43:21,777 - INFO - phi = [-0.7360558  -0.72340995 -0.12477262 -0.26364574]
2025-12-14 00:43:21,818 - INFO - num_full_subsets = 2
2025-12-14 00:43:21,872 - INFO - phi = [-0.91082718 -0.70827156  0.02235039 -0.2242394 ]
2025-12-14 00:43:21,915 - INFO - num_full_subsets = 2
2025-12-14 00:43:21,969 - INFO - phi = [0.32209588 0.82317288 0.06431269 0.62276218]
2025-12-14 00:43:22,012 - INFO - num_full_subsets = 2
2025-12-14 00:43:22,066 - INFO - phi = [1.40114695 0.06761097 0.04192163 0.28188034]
2025-12-14 00:43:22,110 - INFO - num_full_subsets = 2
2025-12-14 00:43:22,165 - INFO - phi = [ 0.15693198 -0.15380043  0.04777572  0.39733329]
2025-12-14 00:43:22,209 - INFO - num_full_subsets = 2
2025-12-14 00:43:22,262 - INFO - phi = [-1.17511121 -0.6782877   0.07165584  0.28403656]
2025-12-14 00:43:22,306 - INFO - num_full_subsets = 2
2025-12-14 00:43:22,359 - INFO - phi = [0.85464283 0.14913323 0.02326126 0.46068578]
2025-12-14 00:43:22,403 - INFO - num_full_subsets = 2
2025-12-14 00:43:22,458 - INFO - phi = [0.11348348 1.79120462 0.01621326 0.26345101]
2025-12-14 00:43:22,501 - INFO - num_full_subsets = 2
2025-12-14 00:43:22,555 - INFO - phi = [-0.86284302 -0.94141631  0.03955885 -0.19393893]
2025-12-14 00:43:22,598 - INFO - num_full_subsets = 2
2025-12-14 00:43:22,652 - INFO - phi = [ 2.03791314  0.86415944 -0.00639714  0.62640333]
2025-12-14 00:43:22,694 - INFO - num_full_subsets = 2
2025-12-14 00:43:22,745 - INFO - phi = [-0.66492458  0.36914215  0.08118067  0.41994955]
2025-12-14 00:43:22,787 - INFO - num_full_subsets = 2
2025-12-14 00:43:22,839 - INFO - phi = [ 0.07428289  0.412151    0.01543571 -0.55532312]
2025-12-14 00:43:22,880 - INFO - num_full_subsets = 2
2025-12-14 00:43:22,933 - INFO - phi = [ 2.35521718  0.30820395 -0.16495071  0.58785063]
2025-12-14 00:43:22,975 - INFO - num_full_subsets = 2
2025-12-14 00:43:23,027 - INFO - phi = [ 0.25238729  0.73309336  0.03794626 -0.92271364]
2025-12-14 00:43:23,068 - INFO - num_full_subsets = 2
2025-12-14 00:43:23,120 - INFO - phi = [-0.00070816  0.07995494 -0.07001461 -0.64872376]
2025-12-14 00:43:23,162 - INFO - num_full_subsets = 2
2025-12-14 00:43:23,214 - INFO - phi = [-1.37983023 -0.49003248 -0.03066058 -0.242816  ]
2025-12-14 00:43:23,256 - INFO - num_full_subsets = 2
2025-12-14 00:43:23,307 - INFO - phi = [-1.5562825  -0.47645743  0.02758231 -0.16748225]
2025-12-14 00:43:23,349 - INFO - num_full_subsets = 2
2025-12-14 00:43:23,400 - INFO - phi = [ 0.15861966  0.10467185  0.08826823 -0.72188593]
2025-12-14 00:43:23,442 - INFO - num_full_subsets = 2
2025-12-14 00:43:23,494 - INFO - phi = [-0.91025069 -0.71216795 -0.42130247 -0.06509666]
2025-12-14 00:43:23,536 - INFO - num_full_subsets = 2
2025-12-14 00:43:23,587 - INFO - phi = [-1.02443193 -0.57211254 -0.04284584 -0.56069033]
2025-12-14 00:43:23,629 - INFO - num_full_subsets = 2
2025-12-14 00:43:23,681 - INFO - phi = [-1.16777191  0.04910128  0.10415335  0.23931391]
2025-12-14 00:43:23,723 - INFO - num_full_subsets = 2
2025-12-14 00:43:23,774 - INFO - phi = [-1.08611953  0.01008553 -0.04790243  0.29457452]
2025-12-14 00:43:23,816 - INFO - num_full_subsets = 2
2025-12-14 00:43:23,868 - INFO - phi = [-0.9821407  -0.62904926  0.18536388 -0.29965151]
2025-12-14 00:43:23,911 - INFO - num_full_subsets = 2
2025-12-14 00:43:23,965 - INFO - phi = [ 1.87991504  0.86139628  0.38786791 -0.1881289 ]
2025-12-14 00:43:24,009 - INFO - num_full_subsets = 2
2025-12-14 00:43:24,063 - INFO - phi = [ 0.23747379 -0.25773987 -0.04156071  0.58637472]
2025-12-14 00:43:24,107 - INFO - num_full_subsets = 2
2025-12-14 00:43:24,160 - INFO - phi = [1.81954347 0.78485268 0.08757497 0.0482608 ]
2025-12-14 00:43:24,203 - INFO - num_full_subsets = 2
2025-12-14 00:43:24,257 - INFO - phi = [-1.37432172 -0.48099853  0.34965327 -0.27657111]
2025-12-14 00:43:24,300 - INFO - num_full_subsets = 2
2025-12-14 00:43:24,354 - INFO - phi = [-0.76819529 -0.70713178  0.02758641  0.33797442]
2025-12-14 00:43:24,397 - INFO - num_full_subsets = 2
2025-12-14 00:43:24,449 - INFO - phi = [0.25052708 0.35913647 0.06548198 0.61208258]
2025-12-14 00:43:24,491 - INFO - num_full_subsets = 2
2025-12-14 00:43:24,543 - INFO - phi = [-1.84587919 -0.38993024 -0.01225367  0.23995321]
2025-12-14 00:43:24,586 - INFO - num_full_subsets = 2
2025-12-14 00:43:24,640 - INFO - phi = [ 0.01604646 -0.62157211  0.23308066 -0.69234239]
2025-12-14 00:43:24,682 - INFO - num_full_subsets = 2
2025-12-14 00:43:24,735 - INFO - phi = [ 1.98276649  0.52920231 -0.02025957  0.54279269]
2025-12-14 00:43:24,778 - INFO - num_full_subsets = 2
2025-12-14 00:43:24,831 - INFO - phi = [-1.00056351 -0.35706002 -0.03750759  0.7043646 ]
2025-12-14 00:43:24,873 - INFO - num_full_subsets = 2
2025-12-14 00:43:24,926 - INFO - phi = [-0.07440552  0.6680929  -0.44041515 -0.47400844]
2025-12-14 00:43:24,968 - INFO - num_full_subsets = 2
2025-12-14 00:43:25,022 - INFO - phi = [-0.05107985  0.12891651 -0.40808858  0.34768819]
2025-12-14 00:43:25,064 - INFO - num_full_subsets = 2
2025-12-14 00:43:25,117 - INFO - phi = [ 0.37453013  0.03593823 -0.50283474  0.33285869]
2025-12-14 00:43:25,159 - INFO - num_full_subsets = 2
2025-12-14 00:43:25,211 - INFO - phi = [-0.8775192  -0.64724987 -0.04794133 -0.39738401]
2025-12-14 00:43:25,254 - INFO - num_full_subsets = 2
2025-12-14 00:43:25,306 - INFO - phi = [-1.2045012  -0.78844701  0.21708015  0.16619448]
2025-12-14 00:43:25,347 - INFO - num_full_subsets = 2
2025-12-14 00:43:25,400 - INFO - phi = [-0.83286879 -0.82359727 -0.03167721 -0.35864665]
2025-12-14 00:43:25,444 - INFO - num_full_subsets = 2
2025-12-14 00:43:25,500 - INFO - phi = [-1.13004876 -0.63835328  0.07509481 -0.15381175]
2025-12-14 00:43:25,545 - INFO - num_full_subsets = 2
2025-12-14 00:43:25,603 - INFO - phi = [-1.70122998 -0.50778095 -0.10939208  0.06781095]
2025-12-14 00:43:25,646 - INFO - num_full_subsets = 2
2025-12-14 00:43:25,698 - INFO - phi = [-0.89974542 -0.61259783 -0.17073605 -0.14122309]
2025-12-14 00:43:25,739 - INFO - num_full_subsets = 2
2025-12-14 00:43:25,791 - INFO - phi = [-0.09085692 -0.05962543 -0.00101974 -0.55050779]
2025-12-14 00:43:25,834 - INFO - num_full_subsets = 2
2025-12-14 00:43:25,887 - INFO - phi = [-0.92863446 -0.68200922 -0.1057942  -0.3116402 ]
2025-12-14 00:43:25,929 - INFO - num_full_subsets = 2
2025-12-14 00:43:25,981 - INFO - phi = [-1.82411692e+00  2.99229237e-01  1.06043432e-03 -3.25485442e-01]
2025-12-14 00:43:26,024 - INFO - num_full_subsets = 2
2025-12-14 00:43:26,076 - INFO - phi = [-1.43286398 -0.61522764  0.1787806  -0.14372138]
2025-12-14 00:43:26,119 - INFO - num_full_subsets = 2
2025-12-14 00:43:26,170 - INFO - phi = [0.20271337 0.28078772 0.04814458 0.53781115]
2025-12-14 00:43:26,212 - INFO - num_full_subsets = 2
2025-12-14 00:43:26,264 - INFO - phi = [-1.17503877 -0.17332323 -0.07348811 -0.29090161]
2025-12-14 00:43:26,305 - INFO - num_full_subsets = 2
2025-12-14 00:43:26,357 - INFO - phi = [ 0.9380539  -0.53158706  0.46136625 -0.88586309]
2025-12-14 00:43:26,399 - INFO - num_full_subsets = 2
2025-12-14 00:43:26,453 - INFO - phi = [ 2.01370247e+00 -6.96307523e-04  7.04691359e-03  6.31474639e-01]
2025-12-14 00:43:26,496 - INFO - num_full_subsets = 2
2025-12-14 00:43:26,548 - INFO - phi = [-1.08312387  0.68012732  0.00149841  0.26278403]
2025-12-14 00:43:26,590 - INFO - num_full_subsets = 2
2025-12-14 00:43:26,643 - INFO - phi = [-3.41812429e-04  7.22708721e-01  5.61885719e-04 -5.31508749e-01]
2025-12-14 00:43:26,685 - INFO - num_full_subsets = 2
2025-12-14 00:43:26,736 - INFO - phi = [ 0.30400652 -0.51197317 -0.06654105 -0.98192888]
2025-12-14 00:43:26,778 - INFO - num_full_subsets = 2
2025-12-14 00:43:26,830 - INFO - phi = [ 0.55580745 -0.00302799  0.59917793 -0.98809609]
2025-12-14 00:43:26,872 - INFO - num_full_subsets = 2
2025-12-14 00:43:26,925 - INFO - phi = [-0.84426303  2.16822661 -0.00774933 -0.32175952]
2025-12-14 00:43:26,967 - INFO - num_full_subsets = 2
2025-12-14 00:43:27,019 - INFO - phi = [-0.70601261 -0.02860882 -0.04682427  0.65159781]
2025-12-14 00:43:27,061 - INFO - num_full_subsets = 2
2025-12-14 00:43:27,113 - INFO - phi = [1.46605553 0.79308849 0.16750892 0.48572154]
2025-12-14 00:43:27,155 - INFO - num_full_subsets = 2
2025-12-14 00:43:27,207 - INFO - phi = [1.26962569 0.381669   0.36020666 0.45137327]
2025-12-14 00:43:27,249 - INFO - num_full_subsets = 2
2025-12-14 00:43:27,302 - INFO - phi = [-0.89967326 -0.67523258  0.00972172 -0.29901165]
2025-12-14 00:43:27,344 - INFO - num_full_subsets = 2
2025-12-14 00:43:27,395 - INFO - phi = [ 1.51763177  0.15492196 -0.04031899  0.38103372]
2025-12-14 00:43:27,437 - INFO - num_full_subsets = 2
2025-12-14 00:43:27,489 - INFO - phi = [ 0.52536624 -0.13918679  0.49270648 -1.02393207]
2025-12-14 00:43:27,531 - INFO - num_full_subsets = 2
2025-12-14 00:43:27,582 - INFO - phi = [2.06768269 0.72915131 0.28085609 0.49722399]
2025-12-14 00:43:27,624 - INFO - num_full_subsets = 2
2025-12-14 00:43:27,677 - INFO - phi = [0.10852466 0.90026954 0.05833066 0.14696854]
2025-12-14 00:43:27,718 - INFO - num_full_subsets = 2
2025-12-14 00:43:27,771 - INFO - phi = [ 0.53523928 -0.73159949 -0.12205988 -0.2797772 ]
2025-12-14 00:43:27,812 - INFO - num_full_subsets = 2
2025-12-14 00:43:27,864 - INFO - phi = [-1.32318451  0.4346733   0.06811815  0.18643504]
2025-12-14 00:43:27,906 - INFO - num_full_subsets = 2
2025-12-14 00:43:27,958 - INFO - phi = [-0.67640268  0.66422551 -0.00556108  0.12623763]
2025-12-14 00:43:28,000 - INFO - num_full_subsets = 2
2025-12-14 00:43:28,054 - INFO - phi = [ 1.72702465  0.34320085 -0.32093885 -0.51670873]
2025-12-14 00:43:28,096 - INFO - num_full_subsets = 2
2025-12-14 00:43:28,147 - INFO - phi = [ 1.36452605  0.08954269 -0.31362457  0.59312218]
2025-12-14 00:43:28,189 - INFO - num_full_subsets = 2
2025-12-14 00:43:28,241 - INFO - phi = [ 0.04309338 -0.16801358  0.05689862 -0.9711097 ]
2025-12-14 00:43:28,284 - INFO - num_full_subsets = 2
2025-12-14 00:43:28,336 - INFO - phi = [ 1.72702465  0.34320085 -0.32093885 -0.51670873]
2025-12-14 00:43:28,378 - INFO - num_full_subsets = 2
2025-12-14 00:43:28,430 - INFO - phi = [2.00408943 0.90135752 0.02864836 0.59227268]
2025-12-14 00:43:28,472 - INFO - num_full_subsets = 2
2025-12-14 00:43:28,525 - INFO - phi = [-0.57645116  0.68803412  0.06411584  0.48944755]
2025-12-14 00:43:28,567 - INFO - num_full_subsets = 2
2025-12-14 00:43:28,622 - INFO - phi = [ 0.71591144  0.46726401  0.13391458 -0.15082204]
2025-12-14 00:43:28,665 - INFO - num_full_subsets = 2
2025-12-14 00:43:28,719 - INFO - phi = [ 0.05442328  0.04610333 -0.05682569 -0.25014113]
2025-12-14 00:43:28,762 - INFO - num_full_subsets = 2
2025-12-14 00:43:28,815 - INFO - phi = [-1.81696969  0.13173538 -0.23735172  0.06226649]
2025-12-14 00:43:28,858 - INFO - num_full_subsets = 2
2025-12-14 00:43:28,911 - INFO - phi = [-0.22582776  0.5484804  -0.07471969  0.00264451]
2025-12-14 00:43:28,953 - INFO - num_full_subsets = 2
2025-12-14 00:43:29,005 - INFO - phi = [ 0.47675874 -0.21903554 -0.03444358  0.40833916]
2025-12-14 00:43:29,047 - INFO - num_full_subsets = 2
2025-12-14 00:43:29,099 - INFO - phi = [0.88067581 0.43941263 0.06703184 0.41106528]
2025-12-14 00:43:29,141 - INFO - num_full_subsets = 2
2025-12-14 00:43:29,193 - INFO - phi = [ 1.40761469  0.97934714 -0.13695764  0.43323944]
2025-12-14 00:43:29,234 - INFO - num_full_subsets = 2
2025-12-14 00:43:29,287 - INFO - phi = [-1.12535102 -0.37372671 -0.75740946  0.47322525]
2025-12-14 00:43:29,328 - INFO - num_full_subsets = 2
2025-12-14 00:43:29,379 - INFO - phi = [ 0.08336729  0.41521378 -0.36370674  0.55971605]
2025-12-14 00:43:29,421 - INFO - num_full_subsets = 2
2025-12-14 00:43:29,472 - INFO - phi = [-0.05197349  0.33927117  0.00796324 -0.5717458 ]
2025-12-14 00:43:29,515 - INFO - num_full_subsets = 2
2025-12-14 00:43:29,567 - INFO - phi = [-0.9958466  -0.6755568   0.04524554 -0.58410627]
2025-12-14 00:43:29,608 - INFO - num_full_subsets = 2
2025-12-14 00:43:29,662 - INFO - phi = [1.54593908 0.71075961 0.01540557 0.61094273]
2025-12-14 00:43:29,704 - INFO - num_full_subsets = 2
2025-12-14 00:43:29,755 - INFO - phi = [-1.15984057 -0.84804573  0.10580215  0.12889329]
2025-12-14 00:43:29,798 - INFO - num_full_subsets = 2
2025-12-14 00:43:29,850 - INFO - phi = [-1.23584824 -0.49390949  0.06391707 -0.48006165]
2025-12-14 00:43:29,892 - INFO - num_full_subsets = 2
2025-12-14 00:43:29,943 - INFO - phi = [-0.74060995 -0.67643335 -0.02550446 -0.66150428]
2025-12-14 00:43:29,987 - INFO - num_full_subsets = 2
2025-12-14 00:43:30,039 - INFO - phi = [0.57835256 0.75497007 0.07162926 0.51021353]
2025-12-14 00:43:30,080 - INFO - num_full_subsets = 2
2025-12-14 00:43:30,133 - INFO - phi = [-0.47713352 -0.83533886 -0.02072288 -0.41341452]
2025-12-14 00:43:30,175 - INFO - num_full_subsets = 2
2025-12-14 00:43:30,228 - INFO - phi = [-0.70815747 -0.86337336 -0.02336419 -0.29581593]
2025-12-14 00:43:30,270 - INFO - num_full_subsets = 2
2025-12-14 00:43:30,322 - INFO - phi = [-1.03853562 -0.56334723 -0.01202519 -0.45614594]
2025-12-14 00:43:30,363 - INFO - num_full_subsets = 2
2025-12-14 00:43:30,416 - INFO - phi = [-0.95944193 -0.69754809  0.25664754 -0.48950967]
2025-12-14 00:43:30,458 - INFO - num_full_subsets = 2
2025-12-14 00:43:30,515 - INFO - phi = [0.10783361 1.71993274 0.05410624 0.25678995]
2025-12-14 00:43:30,560 - INFO - num_full_subsets = 2
2025-12-14 00:43:30,617 - INFO - phi = [0.1707207  0.34404784 0.0645858  0.38607777]
2025-12-14 00:43:30,661 - INFO - num_full_subsets = 2
2025-12-14 00:43:30,718 - INFO - phi = [-1.2020757  -0.46056486 -0.12398291 -0.07299711]
2025-12-14 00:43:30,760 - INFO - num_full_subsets = 2
2025-12-14 00:43:30,812 - INFO - phi = [1.06457373 0.35968795 0.39878946 0.6446805 ]
2025-12-14 00:43:30,855 - INFO - num_full_subsets = 2
2025-12-14 00:43:30,907 - INFO - phi = [ 1.36452605  0.08954269 -0.31362457  0.59312218]
2025-12-14 00:43:30,949 - INFO - num_full_subsets = 2
2025-12-14 00:43:31,001 - INFO - phi = [-0.88988322 -0.61348286 -0.0636891  -0.45486644]
2025-12-14 00:43:31,044 - INFO - num_full_subsets = 2
2025-12-14 00:43:31,096 - INFO - phi = [0.17071281 0.05351738 0.01045237 0.61589951]
2025-12-14 00:43:31,138 - INFO - num_full_subsets = 2
2025-12-14 00:43:31,191 - INFO - phi = [0.16356808 0.41970534 0.32643161 0.47646822]
2025-12-14 00:43:31,232 - INFO - num_full_subsets = 2
2025-12-14 00:43:31,285 - INFO - phi = [ 0.43854393 -0.54543081  0.32870186 -0.76885047]
2025-12-14 00:43:31,328 - INFO - num_full_subsets = 2
2025-12-14 00:43:31,380 - INFO - phi = [-1.30957836 -0.44884043 -0.04693121 -0.4711109 ]
2025-12-14 00:43:31,423 - INFO - num_full_subsets = 2
2025-12-14 00:43:31,476 - INFO - phi = [-0.98551577  0.19451601 -0.66963863  0.11440113]
2025-12-14 00:43:31,518 - INFO - num_full_subsets = 2
2025-12-14 00:43:31,570 - INFO - phi = [1.78718326 0.39634638 0.31744554 0.60499644]
2025-12-14 00:43:31,613 - INFO - num_full_subsets = 2
2025-12-14 00:43:31,665 - INFO - phi = [-1.08950619 -0.51387155 -0.15345127  0.0688706 ]
2025-12-14 00:43:31,707 - INFO - num_full_subsets = 2
2025-12-14 00:43:31,759 - INFO - phi = [ 0.45667478 -0.5465721  -0.21792657 -0.84728335]
2025-12-14 00:43:31,800 - INFO - num_full_subsets = 2
2025-12-14 00:43:31,853 - INFO - phi = [ 1.99104823  0.53089864 -0.0431915   0.4350995 ]
2025-12-14 00:43:31,896 - INFO - num_full_subsets = 2
2025-12-14 00:43:31,949 - INFO - phi = [2.06184417 1.00339463 0.35068901 0.5401596 ]
2025-12-14 00:43:31,993 - INFO - num_full_subsets = 2
2025-12-14 00:43:32,046 - INFO - phi = [ 0.24575358  0.01289896 -0.52023109  0.43447557]
2025-12-14 00:43:32,089 - INFO - num_full_subsets = 2
2025-12-14 00:43:32,142 - INFO - phi = [-0.8395244  -0.69373473 -0.1772347  -0.24202458]
2025-12-14 00:43:32,236 - INFO - num_full_subsets = 2
2025-12-14 00:43:32,289 - INFO - phi = [ 1.24189469 -0.2396317   0.15315843  0.38624902]
2025-12-14 00:43:32,332 - INFO - num_full_subsets = 2
2025-12-14 00:43:32,387 - INFO - phi = [-0.4944903  -0.92599001  0.01105801 -0.42819349]
2025-12-14 00:43:32,429 - INFO - num_full_subsets = 2
2025-12-14 00:43:32,482 - INFO - phi = [-0.21243491 -0.5775221   0.2403807  -0.42339487]
2025-12-14 00:43:32,526 - INFO - num_full_subsets = 2
2025-12-14 00:43:32,580 - INFO - phi = [ 1.86033907  0.23948107 -0.00268256  0.29560021]
2025-12-14 00:43:32,624 - INFO - num_full_subsets = 2
2025-12-14 00:43:32,678 - INFO - phi = [ 1.65093755 -0.22799471 -0.02064911  0.44225551]
2025-12-14 00:43:32,722 - INFO - num_full_subsets = 2
2025-12-14 00:43:32,776 - INFO - phi = [ 0.16631782 -0.01469935  0.03591605  0.55082429]
2025-12-14 00:43:32,819 - INFO - num_full_subsets = 2
2025-12-14 00:43:32,874 - INFO - phi = [-0.1573839   0.76007064 -0.28321786 -0.61764829]
2025-12-14 00:43:32,917 - INFO - num_full_subsets = 2
2025-12-14 00:43:32,972 - INFO - phi = [-1.71346879 -0.30511535 -0.11961153  0.15390913]
2025-12-14 00:43:33,018 - INFO - num_full_subsets = 2
2025-12-14 00:43:33,072 - INFO - phi = [ 0.11864903  0.36948544  0.08403755 -0.83746451]
2025-12-14 00:43:33,117 - INFO - num_full_subsets = 2
2025-12-14 00:43:33,170 - INFO - phi = [2.26357848 0.85726157 0.13258469 0.62661879]
2025-12-14 00:43:33,214 - INFO - num_full_subsets = 2
2025-12-14 00:43:33,269 - INFO - phi = [-2.26998785  0.5355419   0.09859471  0.06822452]
2025-12-14 00:43:33,313 - INFO - num_full_subsets = 2
2025-12-14 00:43:33,368 - INFO - phi = [ 0.66493899  0.23036968 -0.10312111  0.49653124]
2025-12-14 00:43:33,412 - INFO - num_full_subsets = 2
2025-12-14 00:43:33,466 - INFO - phi = [ 1.29004658 -0.08181031 -0.08693305  0.21737984]
2025-12-14 00:43:33,510 - INFO - num_full_subsets = 2
2025-12-14 00:43:33,565 - INFO - phi = [-1.15760532 -0.68611692 -0.11115579  0.0217083 ]
2025-12-14 00:43:33,608 - INFO - num_full_subsets = 2
2025-12-14 00:43:33,662 - INFO - phi = [ 1.8741523   0.22547833 -0.41432576  0.52910943]
2025-12-14 00:43:33,706 - INFO - num_full_subsets = 2
2025-12-14 00:43:33,761 - INFO - phi = [1.36526637 0.10276934 0.06019239 0.28695511]
2025-12-14 00:43:33,804 - INFO - num_full_subsets = 2
2025-12-14 00:43:33,858 - INFO - phi = [ 0.11649958  0.02818017 -0.02453913  0.62048448]
2025-12-14 00:43:33,902 - INFO - num_full_subsets = 2
2025-12-14 00:43:33,956 - INFO - phi = [-0.07968983  0.81724479 -0.59435992 -0.47498137]
2025-12-14 00:43:34,000 - INFO - num_full_subsets = 2
2025-12-14 00:43:34,056 - INFO - phi = [ 0.02909753 -0.17390801  0.00863318  0.22697457]
2025-12-14 00:43:34,099 - INFO - num_full_subsets = 2
2025-12-14 00:43:34,154 - INFO - phi = [ 2.17045641  0.51595239 -0.06048794  0.4228373 ]
2025-12-14 00:43:34,197 - INFO - num_full_subsets = 2
2025-12-14 00:43:34,255 - INFO - phi = [-1.00084317 -0.63709148  0.01453854 -0.5219733 ]
2025-12-14 00:43:34,300 - INFO - num_full_subsets = 2
2025-12-14 00:43:34,355 - INFO - phi = [ 0.08059227  0.01441487  0.06847961 -0.77095911]
2025-12-14 00:43:34,399 - INFO - num_full_subsets = 2
2025-12-14 00:43:34,453 - INFO - phi = [-1.35215578 -0.39655576 -0.0436704  -0.44245672]
2025-12-14 00:43:34,497 - INFO - num_full_subsets = 2
2025-12-14 00:43:34,552 - INFO - phi = [ 0.40223631 -0.31231311  0.14266612  0.7909169 ]
2025-12-14 00:43:34,596 - INFO - num_full_subsets = 2
2025-12-14 00:43:34,650 - INFO - phi = [-0.77459259  0.03963998  0.09265672  0.34378372]
2025-12-14 00:43:34,694 - INFO - num_full_subsets = 2
2025-12-14 00:43:34,749 - INFO - phi = [-0.46383358 -0.67636606 -0.02490829 -0.45348278]
2025-12-14 00:43:34,793 - INFO - num_full_subsets = 2
2025-12-14 00:43:34,847 - INFO - phi = [0.26850019 0.43312462 0.26349148 0.69177988]
2025-12-14 00:43:34,891 - INFO - num_full_subsets = 2
2025-12-14 00:43:34,945 - INFO - phi = [ 0.75989765 -0.03689676 -0.07272319  0.05311079]
2025-12-14 00:43:34,988 - INFO - num_full_subsets = 2
2025-12-14 00:43:35,042 - INFO - phi = [-1.01500835 -0.65528312 -0.04320298 -0.35734767]
2025-12-14 00:43:35,086 - INFO - num_full_subsets = 2
2025-12-14 00:43:35,140 - INFO - phi = [-0.07801599  0.77702553 -0.04473243  0.47888323]
2025-12-14 00:43:35,183 - INFO - num_full_subsets = 2
2025-12-14 00:43:35,237 - INFO - phi = [0.36119775 0.38031177 0.27767578 0.46720881]
2025-12-14 00:43:35,281 - INFO - num_full_subsets = 2
2025-12-14 00:43:35,335 - INFO - phi = [0.19807571 0.10949604 0.0698619  0.5038119 ]
2025-12-14 00:43:35,378 - INFO - num_full_subsets = 2
2025-12-14 00:43:35,433 - INFO - phi = [ 0.1104061   0.29321366 -0.03408408 -0.61427059]
2025-12-14 00:43:35,477 - INFO - num_full_subsets = 2
2025-12-14 00:43:35,531 - INFO - phi = [-1.38148893 -0.7597941  -0.26016684  0.26245497]
2025-12-14 00:43:35,575 - INFO - num_full_subsets = 2
2025-12-14 00:43:35,629 - INFO - phi = [ 0.97881126 -0.08291444  0.28494536  0.54623156]
2025-12-14 00:43:35,673 - INFO - num_full_subsets = 2
2025-12-14 00:43:35,727 - INFO - phi = [ 0.0318177   1.67356313 -0.05947637  0.28518157]
2025-12-14 00:43:35,771 - INFO - num_full_subsets = 2
2025-12-14 00:43:35,825 - INFO - phi = [ 1.24189469 -0.2396317   0.15315843  0.38624902]
2025-12-14 00:43:35,869 - INFO - num_full_subsets = 2
2025-12-14 00:43:35,922 - INFO - phi = [-1.46139909 -0.49273332 -0.01019678 -0.27251147]
2025-12-14 00:43:35,966 - INFO - num_full_subsets = 2
2025-12-14 00:43:36,020 - INFO - phi = [-0.73537988 -0.7291596  -0.08283834 -0.56816741]
2025-12-14 00:43:36,065 - INFO - num_full_subsets = 2
2025-12-14 00:43:36,118 - INFO - phi = [-1.11904578 -0.77877773  0.06690563 -0.15356575]
2025-12-14 00:43:36,162 - INFO - num_full_subsets = 2
2025-12-14 00:43:36,217 - INFO - phi = [-0.04826244 -0.14426132  0.06538752 -0.95911201]
2025-12-14 00:43:36,751 - INFO - Computing feature importance...
2025-12-14 00:43:43,412 - INFO - Experiment completed for NGBoost
2025-12-14 00:43:43,413 - INFO - Total time: 313.83s (5.23 min)
2025-12-14 00:43:43,413 - INFO - Starting comprehensive experiment for NGBoost
2025-12-14 00:43:56,158 - INFO - Performing feature analysis...
2025-12-14 00:43:57,444 - INFO - Model justification: Probabilistic forecasting with natural gradient boosting, provides uncertainty quantification
2025-12-14 00:43:57,444 - INFO - Performing robust cross-validation...
2025-12-14 00:44:38,464 - INFO - CV Results - MSE: 0.7227 ± 0.0962
2025-12-14 00:44:38,482 - INFO - Starting hyperparameter optimization...
2025-12-14 00:48:59,075 - INFO - Best parameters for NGBoost: {'n_estimators': 277, 'learning_rate': 0.027067967668040118, 'minibatch_frac': 0.27389721299067266, 'natural_gradient': True}
2025-12-14 00:48:59,075 - INFO - ⏱️ HPO took 260.59 seconds
2025-12-14 00:48:59,075 - INFO - Training final model...
2025-12-14 00:49:00,316 - INFO - ⏱️ Training took 1.24 seconds
2025-12-14 00:49:00,316 - INFO - Performing residual analysis...
2025-12-14 00:49:01,375 - INFO - Generating XAI explanations...
2025-12-14 00:49:01,413 - WARNING - Using 168 background data samples could cause slower run times. Consider using shap.sample(data, K) or shap.kmeans(data, K) to summarize the background as K samples.
2025-12-14 00:49:01,461 - INFO - num_full_subsets = 2
2025-12-14 00:49:01,525 - INFO - phi = [ 1.31376179  0.54373788 -0.06037216  0.27821026]
2025-12-14 00:49:01,574 - INFO - num_full_subsets = 2
2025-12-14 00:49:01,638 - INFO - phi = [ 0.44144012 -0.79818051 -0.04050433 -0.40326321]
2025-12-14 00:49:01,687 - INFO - num_full_subsets = 2
2025-12-14 00:49:01,752 - INFO - phi = [-0.19195495 -0.66341298 -0.062357   -0.65867207]
2025-12-14 00:49:01,801 - INFO - num_full_subsets = 2
2025-12-14 00:49:01,866 - INFO - phi = [ 1.44671459  0.29627121 -0.12594557  0.32855952]
2025-12-14 00:49:01,915 - INFO - num_full_subsets = 2
2025-12-14 00:49:01,980 - INFO - phi = [ 0.41355958 -0.03261018  0.11890322  0.40058089]
2025-12-14 00:49:02,030 - INFO - num_full_subsets = 2
2025-12-14 00:49:02,095 - INFO - phi = [ 0.127593   -0.14946925  0.1817726  -0.5110361 ]
2025-12-14 00:49:02,144 - INFO - num_full_subsets = 2
2025-12-14 00:49:02,210 - INFO - phi = [ 0.17120927  0.44444719  0.03142962 -0.96480681]
2025-12-14 00:49:02,259 - INFO - num_full_subsets = 2
2025-12-14 00:49:02,324 - INFO - phi = [-0.93990085 -0.74422589  0.03042848 -0.02336413]
2025-12-14 00:49:02,373 - INFO - num_full_subsets = 2
2025-12-14 00:49:02,438 - INFO - phi = [ 0.12462423  0.22614691 -0.24561039 -0.49210716]
2025-12-14 00:49:02,487 - INFO - num_full_subsets = 2
2025-12-14 00:49:02,552 - INFO - phi = [-0.75158696 -0.60005874 -0.08709553 -0.12866459]
2025-12-14 00:49:02,601 - INFO - num_full_subsets = 2
2025-12-14 00:49:02,665 - INFO - phi = [0.93862794 0.34709329 0.35082419 0.36618389]
2025-12-14 00:49:02,715 - INFO - num_full_subsets = 2
2025-12-14 00:49:02,779 - INFO - phi = [-0.41474354 -0.89274024 -0.09074887  0.38206355]
2025-12-14 00:49:02,827 - INFO - num_full_subsets = 2
2025-12-14 00:49:02,892 - INFO - phi = [-1.20874932 -0.22118807  0.11733302  0.04281513]
2025-12-14 00:49:02,941 - INFO - num_full_subsets = 2
2025-12-14 00:49:03,005 - INFO - phi = [-1.34690003 -0.50912054 -0.11219774  0.02337709]
2025-12-14 00:49:03,054 - INFO - num_full_subsets = 2
2025-12-14 00:49:03,119 - INFO - phi = [-1.46946357 -0.60239698 -0.07079473  0.07536472]
2025-12-14 00:49:03,168 - INFO - num_full_subsets = 2
2025-12-14 00:49:03,233 - INFO - phi = [ 1.14693826  0.5458552  -0.14227591  0.31165929]
2025-12-14 00:49:03,281 - INFO - num_full_subsets = 2
2025-12-14 00:49:03,346 - INFO - phi = [-1.86795847  0.26390442 -0.08877411  0.11949832]
2025-12-14 00:49:03,394 - INFO - num_full_subsets = 2
2025-12-14 00:49:03,458 - INFO - phi = [-0.02059363  0.67602842 -0.1728835   0.54350191]
2025-12-14 00:49:03,507 - INFO - num_full_subsets = 2
2025-12-14 00:49:03,572 - INFO - phi = [0.36416861 0.3923865  0.42367553 0.56004083]
2025-12-14 00:49:03,620 - INFO - num_full_subsets = 2
2025-12-14 00:49:03,684 - INFO - phi = [ 0.27059682  0.45253827  0.01811622 -0.04594446]
2025-12-14 00:49:03,733 - INFO - num_full_subsets = 2
2025-12-14 00:49:03,798 - INFO - phi = [ 0.23390455  0.36270584  0.19747963 -0.9336203 ]
2025-12-14 00:49:03,846 - INFO - num_full_subsets = 2
2025-12-14 00:49:03,911 - INFO - phi = [ 0.61753145 -0.19334121  1.09155374 -1.24739181]
2025-12-14 00:49:03,960 - INFO - num_full_subsets = 2
2025-12-14 00:49:04,025 - INFO - phi = [ 0.2628617   0.31257188  0.03619951 -0.75792237]
2025-12-14 00:49:04,074 - INFO - num_full_subsets = 2
2025-12-14 00:49:04,138 - INFO - phi = [ 0.71132092 -0.81472759 -0.00166723 -0.21931088]
2025-12-14 00:49:04,188 - INFO - num_full_subsets = 2
2025-12-14 00:49:04,254 - INFO - phi = [ 0.26250194  0.41556975 -0.10563247 -0.38877035]
2025-12-14 00:49:04,303 - INFO - num_full_subsets = 2
2025-12-14 00:49:04,368 - INFO - phi = [ 1.73875962  0.4415847   0.07731166 -0.17172891]
2025-12-14 00:49:04,417 - INFO - num_full_subsets = 2
2025-12-14 00:49:04,481 - INFO - phi = [-1.15877708 -0.2732403  -0.0727756   0.41120523]
2025-12-14 00:49:04,530 - INFO - num_full_subsets = 2
2025-12-14 00:49:04,594 - INFO - phi = [0.8380098  0.15919359 0.35142819 0.2562058 ]
2025-12-14 00:49:04,643 - INFO - num_full_subsets = 2
2025-12-14 00:49:04,707 - INFO - phi = [ 0.42879533 -0.07202118  0.19193936  0.4447347 ]
2025-12-14 00:49:04,756 - INFO - num_full_subsets = 2
2025-12-14 00:49:04,820 - INFO - phi = [ 0.41131162 -0.01069333  0.00388855  0.49683851]
2025-12-14 00:49:04,869 - INFO - num_full_subsets = 2
2025-12-14 00:49:04,934 - INFO - phi = [ 0.7090198   0.28218651 -0.09142897  0.22544751]
2025-12-14 00:49:04,982 - INFO - num_full_subsets = 2
2025-12-14 00:49:05,047 - INFO - phi = [ 1.51381412  0.11163651 -0.06009148  0.23612562]
2025-12-14 00:49:05,096 - INFO - num_full_subsets = 2
2025-12-14 00:49:05,160 - INFO - phi = [ 1.66186597  0.01452003 -0.31214404  0.46599788]
2025-12-14 00:49:05,209 - INFO - num_full_subsets = 2
2025-12-14 00:49:05,273 - INFO - phi = [ 1.73314442  0.51243551 -0.06736133  0.20426576]
2025-12-14 00:49:05,322 - INFO - num_full_subsets = 2
2025-12-14 00:49:05,386 - INFO - phi = [0.6136936  0.52390264 0.10497142 0.47807195]
2025-12-14 00:49:05,435 - INFO - num_full_subsets = 2
2025-12-14 00:49:05,500 - INFO - phi = [1.66628192 0.0162233  0.2990694  0.17590817]
2025-12-14 00:49:05,549 - INFO - num_full_subsets = 2
2025-12-14 00:49:05,614 - INFO - phi = [0.94881682 0.38899058 0.28315146 0.52622943]
2025-12-14 00:49:05,662 - INFO - num_full_subsets = 2
2025-12-14 00:49:05,727 - INFO - phi = [ 0.45153083 -0.04848837  0.21434806  0.44719465]
2025-12-14 00:49:05,775 - INFO - num_full_subsets = 2
2025-12-14 00:49:05,839 - INFO - phi = [ 0.00576245 -0.02369662 -0.16460114  0.29471192]
2025-12-14 00:49:05,888 - INFO - num_full_subsets = 2
2025-12-14 00:49:05,953 - INFO - phi = [-0.54018132 -0.77461119  0.36536014 -0.49351491]
2025-12-14 00:49:06,002 - INFO - num_full_subsets = 2
2025-12-14 00:49:06,068 - INFO - phi = [ 0.24489916  0.4609036   0.27356919 -1.00923162]
2025-12-14 00:49:06,117 - INFO - num_full_subsets = 2
2025-12-14 00:49:06,182 - INFO - phi = [ 0.42242977  0.47466009  0.45359716 -0.5994892 ]
2025-12-14 00:49:06,231 - INFO - num_full_subsets = 2
2025-12-14 00:49:06,296 - INFO - phi = [0.42172128 0.08159636 0.14370155 0.34918023]
2025-12-14 00:49:06,344 - INFO - num_full_subsets = 2
2025-12-14 00:49:06,410 - INFO - phi = [-1.05940964  0.31004259 -0.13187376  0.2449919 ]
2025-12-14 00:49:06,459 - INFO - num_full_subsets = 2
2025-12-14 00:49:06,525 - INFO - phi = [-1.22971833 -0.53591883 -0.03221795 -0.22500947]
2025-12-14 00:49:06,573 - INFO - num_full_subsets = 2
2025-12-14 00:49:06,638 - INFO - phi = [ 1.65510887  0.41329045 -0.10218984  0.15794302]
2025-12-14 00:49:06,687 - INFO - num_full_subsets = 2
2025-12-14 00:49:06,753 - INFO - phi = [1.60717163 0.54679205 0.03606994 0.71772085]
2025-12-14 00:49:06,802 - INFO - num_full_subsets = 2
2025-12-14 00:49:06,867 - INFO - phi = [-1.7171848   0.46631446 -0.07187877  0.4218049 ]
2025-12-14 00:49:06,916 - INFO - num_full_subsets = 2
2025-12-14 00:49:06,981 - INFO - phi = [-1.32152589 -0.49906449 -0.11799587 -0.21650018]
2025-12-14 00:49:07,030 - INFO - num_full_subsets = 2
2025-12-14 00:49:07,094 - INFO - phi = [ 0.202607    0.40797267 -0.38100985 -0.59985548]
2025-12-14 00:49:07,143 - INFO - num_full_subsets = 2
2025-12-14 00:49:07,207 - INFO - phi = [0.81365078 0.18743525 0.16303161 0.29899162]
2025-12-14 00:49:07,256 - INFO - num_full_subsets = 2
2025-12-14 00:49:07,322 - INFO - phi = [-0.43512178 -0.85104951  0.03285884 -0.89872688]
2025-12-14 00:49:07,371 - INFO - num_full_subsets = 2
2025-12-14 00:49:07,436 - INFO - phi = [-0.94580436 -0.18024993 -0.06223233  0.68860919]
2025-12-14 00:49:07,485 - INFO - num_full_subsets = 2
2025-12-14 00:49:07,550 - INFO - phi = [ 1.49250844 -0.02586283  0.29647656  0.11001424]
2025-12-14 00:49:07,599 - INFO - num_full_subsets = 2
2025-12-14 00:49:07,664 - INFO - phi = [-1.24106597 -0.51599613 -0.09098073 -0.09197995]
2025-12-14 00:49:07,713 - INFO - num_full_subsets = 2
2025-12-14 00:49:07,778 - INFO - phi = [0.35975018 0.19151707 0.08999953 0.29682066]
2025-12-14 00:49:07,826 - INFO - num_full_subsets = 2
2025-12-14 00:49:07,891 - INFO - phi = [0.36659003 0.29665173 0.50891561 0.30544497]
2025-12-14 00:49:07,940 - INFO - num_full_subsets = 2
2025-12-14 00:49:08,005 - INFO - phi = [-0.60764722 -0.85788939  0.08243636 -0.43474242]
2025-12-14 00:49:08,054 - INFO - num_full_subsets = 2
2025-12-14 00:49:08,120 - INFO - phi = [-1.5272948  -0.43843637 -0.15395882 -0.12000098]
2025-12-14 00:49:08,170 - INFO - num_full_subsets = 2
2025-12-14 00:49:08,234 - INFO - phi = [-1.351019   -0.36864116 -0.07157001 -0.47560752]
2025-12-14 00:49:08,283 - INFO - num_full_subsets = 2
2025-12-14 00:49:08,347 - INFO - phi = [ 0.52207431  0.4108961  -0.13260297  0.0217286 ]
2025-12-14 00:49:08,395 - INFO - num_full_subsets = 2
2025-12-14 00:49:08,460 - INFO - phi = [0.35880427 0.42217432 0.004515   0.11292328]
2025-12-14 00:49:08,509 - INFO - num_full_subsets = 2
2025-12-14 00:49:08,574 - INFO - phi = [ 0.1484461   0.17782482  0.36348772 -0.87407738]
2025-12-14 00:49:08,623 - INFO - num_full_subsets = 2
2025-12-14 00:49:08,688 - INFO - phi = [-1.12434492 -0.47681431 -0.81542399 -0.22416653]
2025-12-14 00:49:08,736 - INFO - num_full_subsets = 2
2025-12-14 00:49:08,802 - INFO - phi = [0.39449112 0.47041441 0.46720625 0.45454686]
2025-12-14 00:49:08,850 - INFO - num_full_subsets = 2
2025-12-14 00:49:08,915 - INFO - phi = [ 0.3854138   0.47027642  0.2978152  -0.51447835]
2025-12-14 00:49:08,964 - INFO - num_full_subsets = 2
2025-12-14 00:49:09,030 - INFO - phi = [1.48398589 0.18624027 0.02246641 0.40449772]
2025-12-14 00:49:09,079 - INFO - num_full_subsets = 2
2025-12-14 00:49:09,145 - INFO - phi = [ 0.40471152  0.30422183  0.07481835 -0.27746381]
2025-12-14 00:49:09,195 - INFO - num_full_subsets = 2
2025-12-14 00:49:09,261 - INFO - phi = [1.33859677 0.43095111 0.27193608 0.5837938 ]
2025-12-14 00:49:09,311 - INFO - num_full_subsets = 2
2025-12-14 00:49:09,377 - INFO - phi = [-1.13624653 -0.53971148 -0.06338423 -0.51782432]
2025-12-14 00:49:09,427 - INFO - num_full_subsets = 2
2025-12-14 00:49:09,492 - INFO - phi = [-1.31343336  0.47925496 -0.28625755  0.78135317]
2025-12-14 00:49:09,541 - INFO - num_full_subsets = 2
2025-12-14 00:49:09,606 - INFO - phi = [-1.06906885 -0.71995232 -0.16016542  0.28527497]
2025-12-14 00:49:09,656 - INFO - num_full_subsets = 2
2025-12-14 00:49:09,722 - INFO - phi = [ 0.89410561 -0.40391537  0.05226024 -0.55971428]
2025-12-14 00:49:09,771 - INFO - num_full_subsets = 2
2025-12-14 00:49:09,836 - INFO - phi = [ 0.13528489  0.33782908 -0.33904128 -0.69485365]
2025-12-14 00:49:09,886 - INFO - num_full_subsets = 2
2025-12-14 00:49:09,952 - INFO - phi = [ 0.25456998  0.42844104 -0.30666825  0.35740089]
2025-12-14 00:49:10,001 - INFO - num_full_subsets = 2
2025-12-14 00:49:10,067 - INFO - phi = [-0.83802717 -0.61882917 -0.05569822 -0.23463718]
2025-12-14 00:49:10,115 - INFO - num_full_subsets = 2
2025-12-14 00:49:10,180 - INFO - phi = [0.49300315 0.56096835 0.05954275 0.41078803]
2025-12-14 00:49:10,228 - INFO - num_full_subsets = 2
2025-12-14 00:49:10,293 - INFO - phi = [-0.73700512  0.27355613 -0.0693261   0.12192284]
2025-12-14 00:49:10,342 - INFO - num_full_subsets = 2
2025-12-14 00:49:10,407 - INFO - phi = [-0.8786229  -0.21767231  0.03327841 -0.48934184]
2025-12-14 00:49:10,456 - INFO - num_full_subsets = 2
2025-12-14 00:49:10,521 - INFO - phi = [ 2.28076465  0.42740637 -0.19785519  0.31213175]
2025-12-14 00:49:10,569 - INFO - num_full_subsets = 2
2025-12-14 00:49:10,635 - INFO - phi = [-0.93675227 -0.62442257 -0.12414608 -0.10953518]
2025-12-14 00:49:10,683 - INFO - num_full_subsets = 2
2025-12-14 00:49:10,748 - INFO - phi = [-1.20138817 -0.62396729 -0.15916075  0.25205121]
2025-12-14 00:49:10,797 - INFO - num_full_subsets = 2
2025-12-14 00:49:10,862 - INFO - phi = [-1.65627203 -0.43608582 -0.00177146  0.2518206 ]
2025-12-14 00:49:10,911 - INFO - num_full_subsets = 2
2025-12-14 00:49:10,975 - INFO - phi = [ 0.56131527  0.39628062 -0.17678255  0.05919852]
2025-12-14 00:49:11,025 - INFO - num_full_subsets = 2
2025-12-14 00:49:11,091 - INFO - phi = [ 0.49755264 -0.42544863  0.40231504 -0.02336208]
2025-12-14 00:49:11,140 - INFO - num_full_subsets = 2
2025-12-14 00:49:11,205 - INFO - phi = [ 0.8057258  -0.09130107  0.28416791  0.01236981]
2025-12-14 00:49:11,253 - INFO - num_full_subsets = 2
2025-12-14 00:49:11,318 - INFO - phi = [-1.26369807  0.6387212  -0.41462635  0.57158279]
2025-12-14 00:49:11,367 - INFO - num_full_subsets = 2
2025-12-14 00:49:11,432 - INFO - phi = [ 0.34690516 -0.51561531 -0.27691504 -0.16555924]
2025-12-14 00:49:11,481 - INFO - num_full_subsets = 2
2025-12-14 00:49:11,548 - INFO - phi = [1.60443724 0.19813608 0.19762471 0.4106199 ]
2025-12-14 00:49:11,598 - INFO - num_full_subsets = 2
2025-12-14 00:49:11,663 - INFO - phi = [-1.4068302  -0.35350923 -0.07017895 -0.17777747]
2025-12-14 00:49:11,713 - INFO - num_full_subsets = 2
2025-12-14 00:49:11,778 - INFO - phi = [-0.52257502 -0.26398319 -0.18309884  0.14253083]
2025-12-14 00:49:11,827 - INFO - num_full_subsets = 2
2025-12-14 00:49:11,891 - INFO - phi = [ 0.26872524 -0.77388231  0.19608201  0.38431136]
2025-12-14 00:49:11,940 - INFO - num_full_subsets = 2
2025-12-14 00:49:12,004 - INFO - phi = [-1.14689112  0.39192109  0.05930296  0.18356226]
2025-12-14 00:49:12,053 - INFO - num_full_subsets = 2
2025-12-14 00:49:12,118 - INFO - phi = [-1.39480765  0.56158831 -0.20450171  0.12428537]
2025-12-14 00:49:12,167 - INFO - num_full_subsets = 2
2025-12-14 00:49:12,232 - INFO - phi = [ 0.33309867  0.39795734 -0.11283296 -0.3469344 ]
2025-12-14 00:49:12,280 - INFO - num_full_subsets = 2
2025-12-14 00:49:12,345 - INFO - phi = [-0.19842605 -0.83157372  0.116034    0.1956958 ]
2025-12-14 00:49:12,394 - INFO - num_full_subsets = 2
2025-12-14 00:49:12,459 - INFO - phi = [-0.24037029 -0.86823592  0.12384868 -0.7963332 ]
2025-12-14 00:49:12,507 - INFO - num_full_subsets = 2
2025-12-14 00:49:12,572 - INFO - phi = [ 1.36426441  0.3661077  -0.06498173 -0.16339816]
2025-12-14 00:49:12,621 - INFO - num_full_subsets = 2
2025-12-14 00:49:12,686 - INFO - phi = [-0.9526168  -0.70276861  0.1677738  -0.56672046]
2025-12-14 00:49:12,735 - INFO - num_full_subsets = 2
2025-12-14 00:49:12,800 - INFO - phi = [0.52310848 0.73299023 0.30805026 0.60422621]
2025-12-14 00:49:12,849 - INFO - num_full_subsets = 2
2025-12-14 00:49:12,913 - INFO - phi = [-1.26652287 -0.57071477  0.18457773 -0.19247325]
2025-12-14 00:49:12,962 - INFO - num_full_subsets = 2
2025-12-14 00:49:13,027 - INFO - phi = [1.68510627 0.66814277 0.08207882 0.54661817]
2025-12-14 00:49:13,076 - INFO - num_full_subsets = 2
2025-12-14 00:49:13,140 - INFO - phi = [ 0.26083064  0.35466658 -0.10747926 -0.43923251]
2025-12-14 00:49:13,189 - INFO - num_full_subsets = 2
2025-12-14 00:49:13,254 - INFO - phi = [0.55431802 0.40398857 0.0636324  0.60397574]
2025-12-14 00:49:13,303 - INFO - num_full_subsets = 2
2025-12-14 00:49:13,367 - INFO - phi = [-1.72948326  0.31819807 -0.28925757  0.13377243]
2025-12-14 00:49:13,416 - INFO - num_full_subsets = 2
2025-12-14 00:49:13,480 - INFO - phi = [-1.17700226 -0.5430179   0.03458854 -0.37454447]
2025-12-14 00:49:13,529 - INFO - num_full_subsets = 2
2025-12-14 00:49:13,593 - INFO - phi = [-1.5491995   0.24986097 -0.04071164 -0.29337091]
2025-12-14 00:49:13,642 - INFO - num_full_subsets = 2
2025-12-14 00:49:13,706 - INFO - phi = [1.54072554 0.20465665 0.07342003 0.50346791]
2025-12-14 00:49:13,755 - INFO - num_full_subsets = 2
2025-12-14 00:49:13,819 - INFO - phi = [-0.96463224  1.59546143  0.14012311 -0.04887242]
2025-12-14 00:49:13,868 - INFO - num_full_subsets = 2
2025-12-14 00:49:13,932 - INFO - phi = [ 2.08269479  0.25423548 -0.1519325   0.44918846]
2025-12-14 00:49:13,981 - INFO - num_full_subsets = 2
2025-12-14 00:49:14,047 - INFO - phi = [ 0.21000184  0.3957142  -0.42709755 -0.58999323]
2025-12-14 00:49:14,096 - INFO - num_full_subsets = 2
2025-12-14 00:49:14,161 - INFO - phi = [ 0.53135104  0.51906782 -0.15978045  0.50135037]
2025-12-14 00:49:14,210 - INFO - num_full_subsets = 2
2025-12-14 00:49:14,274 - INFO - phi = [-1.41089914  0.1574231   0.19309566 -0.26107588]
2025-12-14 00:49:14,324 - INFO - num_full_subsets = 2
2025-12-14 00:49:14,388 - INFO - phi = [2.04303128 0.59729604 0.01311953 0.35527151]
2025-12-14 00:49:14,436 - INFO - num_full_subsets = 2
2025-12-14 00:49:14,501 - INFO - phi = [-1.54719216 -0.49532318 -0.14704032  0.01687377]
2025-12-14 00:49:14,549 - INFO - num_full_subsets = 2
2025-12-14 00:49:14,617 - INFO - phi = [1.21127632 0.36060921 0.04290351 0.67200769]
2025-12-14 00:49:14,666 - INFO - num_full_subsets = 2
2025-12-14 00:49:14,732 - INFO - phi = [-1.50000046 -0.62967534 -0.03358727  0.29520956]
2025-12-14 00:49:14,781 - INFO - num_full_subsets = 2
2025-12-14 00:49:14,847 - INFO - phi = [-0.52099237  0.46274849 -0.14940839  0.05188514]
2025-12-14 00:49:14,896 - INFO - num_full_subsets = 2
2025-12-14 00:49:14,963 - INFO - phi = [-0.26935131 -0.88418367 -0.0242048   0.17482714]
2025-12-14 00:49:15,013 - INFO - num_full_subsets = 2
2025-12-14 00:49:15,079 - INFO - phi = [-1.20138817 -0.62396729 -0.15916075  0.25205121]
2025-12-14 00:49:15,128 - INFO - num_full_subsets = 2
2025-12-14 00:49:15,194 - INFO - phi = [-0.29237437 -0.82142659 -0.00375416 -0.49052533]
2025-12-14 00:49:15,243 - INFO - num_full_subsets = 2
2025-12-14 00:49:15,308 - INFO - phi = [1.84227336 0.03275807 0.13631557 0.42498327]
2025-12-14 00:49:15,357 - INFO - num_full_subsets = 2
2025-12-14 00:49:15,427 - INFO - phi = [-1.31493982  0.20384061 -0.11840794  0.37283681]
2025-12-14 00:49:15,475 - INFO - num_full_subsets = 2
2025-12-14 00:49:15,541 - INFO - phi = [-1.03458    -0.65103611  0.11838291  0.00772099]
2025-12-14 00:49:15,589 - INFO - num_full_subsets = 2
2025-12-14 00:49:15,654 - INFO - phi = [1.56731441 0.03650153 0.39644308 0.43665355]
2025-12-14 00:49:15,703 - INFO - num_full_subsets = 2
2025-12-14 00:49:15,769 - INFO - phi = [ 0.68510242 -0.56839033 -0.01451814  0.63463838]
2025-12-14 00:49:15,818 - INFO - num_full_subsets = 2
2025-12-14 00:49:15,883 - INFO - phi = [-1.32286437 -0.46665754 -0.06103584 -0.25809329]
2025-12-14 00:49:15,932 - INFO - num_full_subsets = 2
2025-12-14 00:49:15,996 - INFO - phi = [ 0.2790012   0.06194604 -0.09150687  0.48176447]
2025-12-14 00:49:16,046 - INFO - num_full_subsets = 2
2025-12-14 00:49:16,112 - INFO - phi = [-0.42670158 -0.9016781   0.09094244 -0.7509111 ]
2025-12-14 00:49:16,161 - INFO - num_full_subsets = 2
2025-12-14 00:49:16,226 - INFO - phi = [-1.26516867  0.23732347  0.04140933 -0.02846469]
2025-12-14 00:49:16,275 - INFO - num_full_subsets = 2
2025-12-14 00:49:16,340 - INFO - phi = [ 0.40594847 -0.03823912  0.06573716  0.35542392]
2025-12-14 00:49:16,389 - INFO - num_full_subsets = 2
2025-12-14 00:49:16,454 - INFO - phi = [-1.05961341 -0.56486612 -0.02423722 -0.6747737 ]
2025-12-14 00:49:16,502 - INFO - num_full_subsets = 2
2025-12-14 00:49:16,567 - INFO - phi = [-0.21876966  0.45564421 -0.3781686   0.30138125]
2025-12-14 00:49:16,615 - INFO - num_full_subsets = 2
2025-12-14 00:49:16,680 - INFO - phi = [ 0.366431   -0.67619484  0.37070767 -0.87256305]
2025-12-14 00:49:16,729 - INFO - num_full_subsets = 2
2025-12-14 00:49:16,794 - INFO - phi = [ 0.40025919  0.46836135  0.39709844 -0.41605204]
2025-12-14 00:49:16,842 - INFO - num_full_subsets = 2
2025-12-14 00:49:16,907 - INFO - phi = [ 1.63825733  0.54059832 -0.02114055  0.13344926]
2025-12-14 00:49:16,956 - INFO - num_full_subsets = 2
2025-12-14 00:49:17,021 - INFO - phi = [-1.28750299 -0.39071788 -0.01564742 -0.23337914]
2025-12-14 00:49:17,070 - INFO - num_full_subsets = 2
2025-12-14 00:49:17,135 - INFO - phi = [ 1.32368489 -0.14128107  0.09873262 -0.38249347]
2025-12-14 00:49:17,183 - INFO - num_full_subsets = 2
2025-12-14 00:49:17,248 - INFO - phi = [0.0979218  0.08926346 0.08162496 0.08584172]
2025-12-14 00:49:17,297 - INFO - num_full_subsets = 2
2025-12-14 00:49:17,362 - INFO - phi = [0.45392268 0.50591281 0.00282375 0.44664115]
2025-12-14 00:49:17,410 - INFO - num_full_subsets = 2
2025-12-14 00:49:17,475 - INFO - phi = [-0.87313606  0.08286461  0.02170958  0.10067379]
2025-12-14 00:49:17,524 - INFO - num_full_subsets = 2
2025-12-14 00:49:17,589 - INFO - phi = [ 1.78333531  0.31592274 -0.04711303  0.29162739]
2025-12-14 00:49:17,637 - INFO - num_full_subsets = 2
2025-12-14 00:49:17,702 - INFO - phi = [ 0.37941749  0.06668745 -0.13516531  0.33385698]
2025-12-14 00:49:17,750 - INFO - num_full_subsets = 2
2025-12-14 00:49:17,815 - INFO - phi = [ 1.10291157  0.02003401 -0.33908346  0.32175505]
2025-12-14 00:49:17,864 - INFO - num_full_subsets = 2
2025-12-14 00:49:17,928 - INFO - phi = [1.32052837 0.45038746 0.09121534 0.2946381 ]
2025-12-14 00:49:17,977 - INFO - num_full_subsets = 2
2025-12-14 00:49:18,043 - INFO - phi = [-0.45562703  0.4739815  -0.02456713  0.62365486]
2025-12-14 00:49:18,092 - INFO - num_full_subsets = 2
2025-12-14 00:49:18,157 - INFO - phi = [-1.36495278 -0.51727685 -0.10220455 -0.12176761]
2025-12-14 00:49:18,205 - INFO - num_full_subsets = 2
2025-12-14 00:49:18,270 - INFO - phi = [-1.57806989  0.25907104 -0.25928685  0.04015105]
2025-12-14 00:49:18,319 - INFO - num_full_subsets = 2
2025-12-14 00:49:18,383 - INFO - phi = [ 0.83484803  0.48781236 -0.22923527  0.03849236]
2025-12-14 00:49:18,432 - INFO - num_full_subsets = 2
2025-12-14 00:49:18,496 - INFO - phi = [-0.97301111 -0.68859822 -0.0123713  -0.22702657]
2025-12-14 00:49:18,545 - INFO - num_full_subsets = 2
2025-12-14 00:49:18,610 - INFO - phi = [ 2.13376639 -0.52599644 -0.03076849  0.55494409]
2025-12-14 00:49:18,658 - INFO - num_full_subsets = 2
2025-12-14 00:49:18,723 - INFO - phi = [ 1.65996969 -0.24816477  0.0539127  -0.97884633]
2025-12-14 00:49:18,771 - INFO - num_full_subsets = 2
2025-12-14 00:49:18,836 - INFO - phi = [ 0.26250194  0.41556975 -0.10563247 -0.38877035]
2025-12-14 00:49:18,885 - INFO - num_full_subsets = 2
2025-12-14 00:49:18,950 - INFO - phi = [-0.01207864  0.19309463 -0.30623744  0.08944391]
2025-12-14 00:49:18,999 - INFO - num_full_subsets = 2
2025-12-14 00:49:19,065 - INFO - phi = [ 0.45281354 -0.09600616 -0.33122982  0.49160026]
2025-12-14 00:49:19,114 - INFO - num_full_subsets = 2
2025-12-14 00:49:19,179 - INFO - phi = [-1.1907718  -0.55463883 -0.06409152 -0.35592659]
2025-12-14 00:49:19,228 - INFO - num_full_subsets = 2
2025-12-14 00:49:19,293 - INFO - phi = [-1.19324168 -0.48245318 -0.03938602 -0.44129069]
2025-12-14 00:49:19,341 - INFO - num_full_subsets = 2
2025-12-14 00:49:19,406 - INFO - phi = [-1.51428605  0.61004071 -0.25449492  0.14597137]
2025-12-14 00:49:19,454 - INFO - num_full_subsets = 2
2025-12-14 00:49:19,519 - INFO - phi = [-0.83351194 -0.67326229 -0.07477889 -0.51255501]
2025-12-14 00:49:19,567 - INFO - num_full_subsets = 2
2025-12-14 00:49:19,632 - INFO - phi = [-1.29210259 -0.61642174  0.01528141 -0.28597558]
2025-12-14 00:49:19,682 - INFO - num_full_subsets = 2
2025-12-14 00:49:19,748 - INFO - phi = [-0.95758319  1.52802719  0.10824122  0.21907472]
2025-12-14 00:49:19,796 - INFO - num_full_subsets = 2
2025-12-14 00:49:19,861 - INFO - phi = [-0.98315607 -0.56802413  0.0167976  -0.28764312]
2025-12-14 00:49:19,910 - INFO - num_full_subsets = 2
2025-12-14 00:49:19,975 - INFO - phi = [ 0.38271438  0.4024877   0.02059371 -0.5938161 ]
2025-12-14 00:49:20,024 - INFO - num_full_subsets = 2
2025-12-14 00:49:20,090 - INFO - phi = [ 1.60742167 -0.04643657 -0.3567246  -0.44483713]
2025-12-14 00:49:20,138 - INFO - num_full_subsets = 2
2025-12-14 00:49:20,203 - INFO - phi = [0.43346959 0.27393139 0.11854166 0.45361182]
2025-12-14 00:49:20,252 - INFO - num_full_subsets = 2
2025-12-14 00:49:20,317 - INFO - phi = [-1.16341602 -0.45094978 -0.10399137 -0.33538043]
2025-12-14 00:49:20,366 - INFO - num_full_subsets = 2
2025-12-14 00:49:20,431 - INFO - phi = [-1.36223388  0.52419798 -0.43517852  0.01222439]
2025-12-14 00:49:20,479 - INFO - num_full_subsets = 2
2025-12-14 00:49:20,544 - INFO - phi = [ 0.38320176 -0.28897479  0.12979128 -0.84639145]
2025-12-14 00:49:21,040 - INFO - Computing feature importance...
2025-12-14 00:49:28,807 - INFO - Experiment completed for NGBoost
2025-12-14 00:49:28,807 - INFO - Total time: 345.01s (5.75 min)
2025-12-14 00:49:28,808 - INFO - Starting comprehensive experiment for NGBoost
2025-12-14 00:49:41,495 - INFO - Performing feature analysis...
2025-12-14 00:49:42,676 - INFO - Model justification: Probabilistic forecasting with natural gradient boosting, provides uncertainty quantification
2025-12-14 00:49:42,676 - INFO - Performing robust cross-validation...
2025-12-14 00:50:21,290 - INFO - CV Results - MSE: 0.7513 ± 0.1238
2025-12-14 00:50:21,290 - INFO - Starting hyperparameter optimization...
2025-12-14 00:52:55,931 - INFO - Best parameters for NGBoost: {'n_estimators': 126, 'learning_rate': 0.04363559865936848, 'minibatch_frac': 0.5743447268798871, 'natural_gradient': True}
2025-12-14 00:52:55,931 - INFO - ⏱️ HPO took 154.64 seconds
2025-12-14 00:52:55,931 - INFO - Training final model...
2025-12-14 00:52:56,553 - INFO - ⏱️ Training took 0.62 seconds
2025-12-14 00:52:56,553 - INFO - Performing residual analysis...
2025-12-14 00:52:57,596 - INFO - Generating XAI explanations...
2025-12-14 00:52:57,613 - WARNING - Using 168 background data samples could cause slower run times. Consider using shap.sample(data, K) or shap.kmeans(data, K) to summarize the background as K samples.
2025-12-14 00:52:57,644 - INFO - num_full_subsets = 2
2025-12-14 00:52:57,676 - INFO - phi = [ 0.23833468 -0.17813806  0.20183953  0.70752743]
2025-12-14 00:52:57,707 - INFO - num_full_subsets = 2
2025-12-14 00:52:57,739 - INFO - phi = [-0.33838523 -0.9751649  -0.06923864  0.35169332]
2025-12-14 00:52:57,770 - INFO - num_full_subsets = 2
2025-12-14 00:52:57,802 - INFO - phi = [ 1.05560551  0.24158775 -0.12434816 -0.87859418]
2025-12-14 00:52:57,833 - INFO - num_full_subsets = 2
2025-12-14 00:52:57,865 - INFO - phi = [ 0.28246894  0.56104089  0.25731214 -0.59074207]
2025-12-14 00:52:57,896 - INFO - num_full_subsets = 2
2025-12-14 00:52:57,929 - INFO - phi = [-0.72205102 -0.76510859 -0.03493151 -0.49404652]
2025-12-14 00:52:57,959 - INFO - num_full_subsets = 2
2025-12-14 00:52:57,992 - INFO - phi = [ 0.32829406 -0.06714396  0.13522772 -0.40700905]
2025-12-14 00:52:58,023 - INFO - num_full_subsets = 2
2025-12-14 00:52:58,056 - INFO - phi = [-1.35555036 -0.39214833 -0.09161483  0.14078965]
2025-12-14 00:52:58,087 - INFO - num_full_subsets = 2
2025-12-14 00:52:58,119 - INFO - phi = [ 0.15602615 -0.00970953 -0.1495204  -0.14303814]
2025-12-14 00:52:58,151 - INFO - num_full_subsets = 2
2025-12-14 00:52:58,184 - INFO - phi = [ 0.86258252  0.19856633 -0.01487834 -0.93285849]
2025-12-14 00:52:58,214 - INFO - num_full_subsets = 2
2025-12-14 00:52:58,247 - INFO - phi = [ 1.2228891   0.02223949 -0.04135627  0.47987523]
2025-12-14 00:52:58,278 - INFO - num_full_subsets = 2
2025-12-14 00:52:58,311 - INFO - phi = [ 0.34663829  0.42459053 -0.0843132   0.55185849]
2025-12-14 00:52:58,341 - INFO - num_full_subsets = 2
2025-12-14 00:52:58,374 - INFO - phi = [-0.57549505  0.76266368  0.12556582  0.21760202]
2025-12-14 00:52:58,405 - INFO - num_full_subsets = 2
2025-12-14 00:52:58,437 - INFO - phi = [-1.13158945 -0.16310351 -0.03930394  0.56556816]
2025-12-14 00:52:58,468 - INFO - num_full_subsets = 2
2025-12-14 00:52:58,501 - INFO - phi = [ 0.14990443 -0.06440283 -0.07958938  0.58414873]
2025-12-14 00:52:58,532 - INFO - num_full_subsets = 2
2025-12-14 00:52:58,564 - INFO - phi = [-6.68677674e-01 -9.58675854e-01  1.27835729e-04 -2.36916687e-01]
2025-12-14 00:52:58,595 - INFO - num_full_subsets = 2
2025-12-14 00:52:58,628 - INFO - phi = [-1.11659917 -0.6095746  -0.02354173 -0.4431149 ]
2025-12-14 00:52:58,659 - INFO - num_full_subsets = 2
2025-12-14 00:52:58,692 - INFO - phi = [1.62792054 1.02888986 0.00384459 0.65055573]
2025-12-14 00:52:58,723 - INFO - num_full_subsets = 2
2025-12-14 00:52:58,755 - INFO - phi = [ 0.72905668  0.3656855   0.07309178 -0.98038174]
2025-12-14 00:52:58,786 - INFO - num_full_subsets = 2
2025-12-14 00:52:58,819 - INFO - phi = [ 0.33428405 -0.66889131  0.0374993  -0.77850362]
2025-12-14 00:52:58,850 - INFO - num_full_subsets = 2
2025-12-14 00:52:58,882 - INFO - phi = [ 0.37739055 -0.81249815  0.68426851 -0.92425306]
2025-12-14 00:52:58,913 - INFO - num_full_subsets = 2
2025-12-14 00:52:58,946 - INFO - phi = [ 0.05152677  0.2809391   0.04579823 -0.58171513]
2025-12-14 00:52:58,977 - INFO - num_full_subsets = 2
2025-12-14 00:52:59,009 - INFO - phi = [ 0.67455181 -0.75087916  1.06652186 -0.8605578 ]
2025-12-14 00:52:59,040 - INFO - num_full_subsets = 2
2025-12-14 00:52:59,073 - INFO - phi = [ 0.16889771  0.35231956 -0.21834797 -0.00502815]
2025-12-14 00:52:59,104 - INFO - num_full_subsets = 2
2025-12-14 00:52:59,137 - INFO - phi = [-0.68450685 -0.95738196 -0.06240309 -0.35898381]
2025-12-14 00:52:59,168 - INFO - num_full_subsets = 2
2025-12-14 00:52:59,200 - INFO - phi = [ 0.28740308  0.48442215  0.09415032 -0.50761342]
2025-12-14 00:52:59,232 - INFO - num_full_subsets = 2
2025-12-14 00:52:59,264 - INFO - phi = [ 0.12816784  0.60948963 -0.1787432  -0.54061535]
2025-12-14 00:52:59,295 - INFO - num_full_subsets = 2
2025-12-14 00:52:59,327 - INFO - phi = [-0.75542911 -0.73759531 -0.08804656 -0.2334884 ]
2025-12-14 00:52:59,358 - INFO - num_full_subsets = 2
2025-12-14 00:52:59,390 - INFO - phi = [ 0.8780863   0.25899989 -0.02396757  0.40865687]
2025-12-14 00:52:59,421 - INFO - num_full_subsets = 2
2025-12-14 00:52:59,454 - INFO - phi = [ 0.60414234  0.25415679 -0.08270925  0.47713531]
2025-12-14 00:52:59,484 - INFO - num_full_subsets = 2
2025-12-14 00:52:59,516 - INFO - phi = [ 0.72341938  0.11156557 -0.05424845 -0.4838239 ]
2025-12-14 00:52:59,547 - INFO - num_full_subsets = 2
2025-12-14 00:52:59,580 - INFO - phi = [-1.43612211 -0.32018456 -0.02718925 -0.25525654]
2025-12-14 00:52:59,610 - INFO - num_full_subsets = 2
2025-12-14 00:52:59,643 - INFO - phi = [ 1.41928846  0.5022213  -0.05203467  0.62748631]
2025-12-14 00:52:59,673 - INFO - num_full_subsets = 2
2025-12-14 00:52:59,706 - INFO - phi = [-1.0119038  -0.69860273 -0.08463127 -0.28365103]
2025-12-14 00:52:59,737 - INFO - num_full_subsets = 2
2025-12-14 00:52:59,769 - INFO - phi = [-0.41945528 -0.98405165 -0.02200239 -0.4437815 ]
2025-12-14 00:52:59,800 - INFO - num_full_subsets = 2
2025-12-14 00:52:59,832 - INFO - phi = [-1.0753786   0.34069737 -0.08605662  0.26602161]
2025-12-14 00:52:59,863 - INFO - num_full_subsets = 2
2025-12-14 00:52:59,895 - INFO - phi = [-1.1091     -0.60618152 -0.03643397 -0.4431149 ]
2025-12-14 00:52:59,925 - INFO - num_full_subsets = 2
2025-12-14 00:52:59,958 - INFO - phi = [ 0.13682007  0.55171619 -0.1787432  -0.54061535]
2025-12-14 00:52:59,988 - INFO - num_full_subsets = 2
2025-12-14 00:53:00,022 - INFO - phi = [ 1.05844506  0.80329275 -0.0218289   0.87379083]
2025-12-14 00:53:00,053 - INFO - num_full_subsets = 2
2025-12-14 00:53:00,085 - INFO - phi = [-1.2319044  -0.7651037  -0.03430352  0.2046021 ]
2025-12-14 00:53:00,117 - INFO - num_full_subsets = 2
2025-12-14 00:53:00,149 - INFO - phi = [0.53711235 0.40572021 0.06998938 0.53434209]
2025-12-14 00:53:00,180 - INFO - num_full_subsets = 2
2025-12-14 00:53:00,213 - INFO - phi = [-1.36018877  0.28004152 -0.05480736  0.00177587]
2025-12-14 00:53:00,243 - INFO - num_full_subsets = 2
2025-12-14 00:53:00,276 - INFO - phi = [-1.67102989  0.29320647 -0.18395706  0.16045386]
2025-12-14 00:53:00,307 - INFO - num_full_subsets = 2
2025-12-14 00:53:00,339 - INFO - phi = [-0.47118927  1.23095227  0.13180991  0.19018892]
2025-12-14 00:53:00,369 - INFO - num_full_subsets = 2
2025-12-14 00:53:00,402 - INFO - phi = [ 0.16143435  0.32976767 -0.02333148 -0.82872952]
2025-12-14 00:53:00,432 - INFO - num_full_subsets = 2
2025-12-14 00:53:00,464 - INFO - phi = [-1.4991013   0.54064453 -0.25684424  0.429271  ]
2025-12-14 00:53:00,495 - INFO - num_full_subsets = 2
2025-12-14 00:53:00,527 - INFO - phi = [-0.60175798 -0.90357021 -0.02691761 -0.5111441 ]
2025-12-14 00:53:00,558 - INFO - num_full_subsets = 2
2025-12-14 00:53:00,590 - INFO - phi = [ 0.18827645 -0.21539424  0.10156624  0.46806962]
2025-12-14 00:53:00,621 - INFO - num_full_subsets = 2
2025-12-14 00:53:00,653 - INFO - phi = [-0.44013018 -0.98583598 -0.12697041 -0.03911601]
2025-12-14 00:53:00,684 - INFO - num_full_subsets = 2
2025-12-14 00:53:00,717 - INFO - phi = [ 1.15097447  0.2060492  -0.07650047  0.38023341]
2025-12-14 00:53:00,747 - INFO - num_full_subsets = 2
2025-12-14 00:53:00,780 - INFO - phi = [ 0.1140886  -0.24201895 -0.12592934 -0.48543517]
2025-12-14 00:53:00,811 - INFO - num_full_subsets = 2
2025-12-14 00:53:00,844 - INFO - phi = [0.93868968 0.58287832 0.05851331 0.54770814]
2025-12-14 00:53:00,874 - INFO - num_full_subsets = 2
2025-12-14 00:53:00,906 - INFO - phi = [-1.92007494  0.45306373 -0.08900763  0.33678835]
2025-12-14 00:53:00,937 - INFO - num_full_subsets = 2
2025-12-14 00:53:00,970 - INFO - phi = [-1.15108201 -0.6669941  -0.03777814 -0.28622994]
2025-12-14 00:53:01,001 - INFO - num_full_subsets = 2
2025-12-14 00:53:01,034 - INFO - phi = [ 0.66150858  0.13760585  0.86361851 -0.92119424]
2025-12-14 00:53:01,068 - INFO - num_full_subsets = 2
2025-12-14 00:53:01,103 - INFO - phi = [ 0.93414476 -0.08268354 -0.09015596  0.38623441]
2025-12-14 00:53:01,135 - INFO - num_full_subsets = 2
2025-12-14 00:53:01,168 - INFO - phi = [ 0.03490788 -0.12874871 -0.07761582  0.63247474]
2025-12-14 00:53:01,199 - INFO - num_full_subsets = 2
2025-12-14 00:53:01,231 - INFO - phi = [-0.99253564  0.29775497 -0.0471719   0.21942189]
2025-12-14 00:53:01,262 - INFO - num_full_subsets = 2
2025-12-14 00:53:01,294 - INFO - phi = [-1.15505436 -0.63956306  0.05833015 -0.36799093]
2025-12-14 00:53:01,326 - INFO - num_full_subsets = 2
2025-12-14 00:53:01,359 - INFO - phi = [ 1.74941013  0.77902288 -0.08852736  0.59645171]
2025-12-14 00:53:01,390 - INFO - num_full_subsets = 2
2025-12-14 00:53:01,423 - INFO - phi = [-0.11664976 -0.91052416  0.13440398 -0.77124265]
2025-12-14 00:53:01,454 - INFO - num_full_subsets = 2
2025-12-14 00:53:01,486 - INFO - phi = [-0.98732076  1.34564295  0.10048334  0.15433533]
2025-12-14 00:53:01,516 - INFO - num_full_subsets = 2
2025-12-14 00:53:01,549 - INFO - phi = [ 0.14931067  0.306084   -0.1303771  -0.55455188]
2025-12-14 00:53:01,580 - INFO - num_full_subsets = 2
2025-12-14 00:53:01,612 - INFO - phi = [1.32184534 0.28781601 0.01712656 0.58963052]
2025-12-14 00:53:01,643 - INFO - num_full_subsets = 2
2025-12-14 00:53:01,675 - INFO - phi = [ 0.19056076  0.52025337 -0.00947007 -0.83381387]
2025-12-14 00:53:01,706 - INFO - num_full_subsets = 2
2025-12-14 00:53:01,738 - INFO - phi = [-0.94526858 -0.73247185 -0.04028703 -0.45823025]
2025-12-14 00:53:01,769 - INFO - num_full_subsets = 2
2025-12-14 00:53:01,802 - INFO - phi = [ 0.18827645 -0.21539424  0.10156624  0.46806962]
2025-12-14 00:53:01,833 - INFO - num_full_subsets = 2
2025-12-14 00:53:01,866 - INFO - phi = [ 0.64357886  0.21918345  0.68510518 -1.00530559]
2025-12-14 00:53:01,897 - INFO - num_full_subsets = 2
2025-12-14 00:53:01,929 - INFO - phi = [ 0.28523691  0.2893081   0.0327711  -0.43619179]
2025-12-14 00:53:01,961 - INFO - num_full_subsets = 2
2025-12-14 00:53:01,993 - INFO - phi = [ 0.45487332  0.71011124 -0.01342216  0.56063957]
2025-12-14 00:53:02,024 - INFO - num_full_subsets = 2
2025-12-14 00:53:02,057 - INFO - phi = [ 0.12049804  0.26715622  0.10650477 -0.80489771]
2025-12-14 00:53:02,088 - INFO - num_full_subsets = 2
2025-12-14 00:53:02,121 - INFO - phi = [ 0.51441095  0.36800452 -0.09545516  0.44293268]
2025-12-14 00:53:02,152 - INFO - num_full_subsets = 2
2025-12-14 00:53:02,185 - INFO - phi = [-1.89383528  0.58276416 -0.04288297  0.54252208]
2025-12-14 00:53:02,216 - INFO - num_full_subsets = 2
2025-12-14 00:53:02,249 - INFO - phi = [ 0.23426369  0.54906657 -0.02845654  0.3516571 ]
2025-12-14 00:53:02,280 - INFO - num_full_subsets = 2
2025-12-14 00:53:02,312 - INFO - phi = [ 0.26619736  0.35159151  0.06370719 -0.4377785 ]
2025-12-14 00:53:02,343 - INFO - num_full_subsets = 2
2025-12-14 00:53:02,376 - INFO - phi = [-1.54514706 -0.71232286 -0.01112078  0.38814306]
2025-12-14 00:53:02,407 - INFO - num_full_subsets = 2
2025-12-14 00:53:02,440 - INFO - phi = [-1.1765481  -0.64147702  0.17704238 -0.24616174]
2025-12-14 00:53:02,471 - INFO - num_full_subsets = 2
2025-12-14 00:53:02,504 - INFO - phi = [1.39266276 0.62734732 0.23442006 0.62213926]
2025-12-14 00:53:02,535 - INFO - num_full_subsets = 2
2025-12-14 00:53:02,567 - INFO - phi = [1.13862486 0.39795721 0.11690545 0.50130187]
2025-12-14 00:53:02,598 - INFO - num_full_subsets = 2
2025-12-14 00:53:02,630 - INFO - phi = [-1.26497063  0.67163684  0.09465792  0.17626543]
2025-12-14 00:53:02,661 - INFO - num_full_subsets = 2
2025-12-14 00:53:02,693 - INFO - phi = [ 0.36894035 -0.47352035 -0.72239998 -0.20653499]
2025-12-14 00:53:02,724 - INFO - num_full_subsets = 2
2025-12-14 00:53:02,756 - INFO - phi = [-0.33838523 -0.9751649  -0.06923864  0.35169332]
2025-12-14 00:53:02,787 - INFO - num_full_subsets = 2
2025-12-14 00:53:02,819 - INFO - phi = [0.51226099 0.26878165 0.11642798 0.50536266]
2025-12-14 00:53:02,850 - INFO - num_full_subsets = 2
2025-12-14 00:53:02,882 - INFO - phi = [-1.2643258  -0.64153364 -0.12997583 -0.05806019]
2025-12-14 00:53:02,913 - INFO - num_full_subsets = 2
2025-12-14 00:53:02,946 - INFO - phi = [ 0.29914899 -0.0516494   0.13456086 -0.61496932]
2025-12-14 00:53:02,977 - INFO - num_full_subsets = 2
2025-12-14 00:53:03,009 - INFO - phi = [-1.57997521 -0.29962552 -0.03888013 -0.22577782]
2025-12-14 00:53:03,039 - INFO - num_full_subsets = 2
2025-12-14 00:53:03,072 - INFO - phi = [1.77292492 0.06988082 0.01454063 0.59181035]
2025-12-14 00:53:03,102 - INFO - num_full_subsets = 2
2025-12-14 00:53:03,135 - INFO - phi = [-1.85453979 -0.1388831  -0.05477615  0.30802893]
2025-12-14 00:53:03,165 - INFO - num_full_subsets = 2
2025-12-14 00:53:03,198 - INFO - phi = [ 1.35299969  0.19089456 -0.05911348  0.54884009]
2025-12-14 00:53:03,228 - INFO - num_full_subsets = 2
2025-12-14 00:53:03,261 - INFO - phi = [ 0.30222801  0.41504655  0.08733705 -0.42502491]
2025-12-14 00:53:03,291 - INFO - num_full_subsets = 2
2025-12-14 00:53:03,324 - INFO - phi = [-1.28493109 -0.39785691 -0.06361937 -0.27748414]
2025-12-14 00:53:03,354 - INFO - num_full_subsets = 2
2025-12-14 00:53:03,387 - INFO - phi = [ 0.2418291  -0.8978997   0.12015003 -1.01410627]
2025-12-14 00:53:03,418 - INFO - num_full_subsets = 2
2025-12-14 00:53:03,450 - INFO - phi = [ 0.42704637  0.69159076 -0.09056     0.03082137]
2025-12-14 00:53:03,481 - INFO - num_full_subsets = 2
2025-12-14 00:53:03,513 - INFO - phi = [ 0.48097158  0.38178186  0.0962784  -0.00463718]
2025-12-14 00:53:03,543 - INFO - num_full_subsets = 2
2025-12-14 00:53:03,575 - INFO - phi = [ 1.48042784  0.25955868 -0.06987477  0.59706558]
2025-12-14 00:53:03,606 - INFO - num_full_subsets = 2
2025-12-14 00:53:03,638 - INFO - phi = [ 0.36603379  0.33760398 -0.02892544  0.61008424]
2025-12-14 00:53:03,669 - INFO - num_full_subsets = 2
2025-12-14 00:53:03,701 - INFO - phi = [-1.50518158 -0.60556117 -0.12305511  0.28148679]
2025-12-14 00:53:03,732 - INFO - num_full_subsets = 2
2025-12-14 00:53:03,764 - INFO - phi = [-1.0461837  -0.83134909 -0.01517293  0.31019577]
2025-12-14 00:53:03,794 - INFO - num_full_subsets = 2
2025-12-14 00:53:03,827 - INFO - phi = [ 0.16143435  0.32976767 -0.02333148 -0.82872952]
2025-12-14 00:53:03,858 - INFO - num_full_subsets = 2
2025-12-14 00:53:03,890 - INFO - phi = [ 1.34357155  0.23034764 -0.08283236  0.57458935]
2025-12-14 00:53:03,922 - INFO - num_full_subsets = 2
2025-12-14 00:53:03,955 - INFO - phi = [ 0.63526776 -0.13054399 -0.0683581   0.20745391]
2025-12-14 00:53:03,986 - INFO - num_full_subsets = 2
2025-12-14 00:53:04,018 - INFO - phi = [ 1.4616613   0.29898158 -0.18649514  0.65157728]
2025-12-14 00:53:04,049 - INFO - num_full_subsets = 2
2025-12-14 00:53:04,082 - INFO - phi = [ 0.24822337  0.61413286 -0.01979356  0.36103717]
2025-12-14 00:53:04,113 - INFO - num_full_subsets = 2
2025-12-14 00:53:04,145 - INFO - phi = [ 1.06501     0.06598541 -0.10648773  0.32539429]
2025-12-14 00:53:04,177 - INFO - num_full_subsets = 2
2025-12-14 00:53:04,210 - INFO - phi = [ 0.21259432  0.55395775 -0.15846389  0.50908694]
2025-12-14 00:53:04,242 - INFO - num_full_subsets = 2
2025-12-14 00:53:04,275 - INFO - phi = [0.34912379 0.28535905 0.2380434  0.41029809]
2025-12-14 00:53:04,306 - INFO - num_full_subsets = 2
2025-12-14 00:53:04,338 - INFO - phi = [0.61879915 0.39667687 0.03768891 0.47196934]
2025-12-14 00:53:04,369 - INFO - num_full_subsets = 2
2025-12-14 00:53:04,402 - INFO - phi = [-1.09665778 -0.67104857 -0.02634708 -0.23613746]
2025-12-14 00:53:04,433 - INFO - num_full_subsets = 2
2025-12-14 00:53:04,465 - INFO - phi = [ 0.15810165  0.42446873 -0.01096875 -0.86275277]
2025-12-14 00:53:04,496 - INFO - num_full_subsets = 2
2025-12-14 00:53:04,528 - INFO - phi = [-1.10726978 -0.48082454 -0.04539771 -0.42097049]
2025-12-14 00:53:04,559 - INFO - num_full_subsets = 2
2025-12-14 00:53:04,592 - INFO - phi = [ 0.89050914  0.08465809 -0.08508369  0.45725571]
2025-12-14 00:53:04,623 - INFO - num_full_subsets = 2
2025-12-14 00:53:04,655 - INFO - phi = [-1.08213291 -0.68341937 -0.0857289  -0.25717942]
2025-12-14 00:53:04,687 - INFO - num_full_subsets = 2
2025-12-14 00:53:04,721 - INFO - phi = [ 0.95553832 -0.09953482 -0.08087224  0.68290875]
2025-12-14 00:53:04,752 - INFO - num_full_subsets = 2
2025-12-14 00:53:04,785 - INFO - phi = [0.35544181 0.35310283 0.30648142 0.53334557]
2025-12-14 00:53:04,816 - INFO - num_full_subsets = 2
2025-12-14 00:53:04,848 - INFO - phi = [ 0.33023896 -0.00216848  0.04996555 -0.36283287]
2025-12-14 00:53:04,880 - INFO - num_full_subsets = 2
2025-12-14 00:53:04,912 - INFO - phi = [-1.10738271  0.62354057 -0.03160097  0.28568766]
2025-12-14 00:53:04,943 - INFO - num_full_subsets = 2
2025-12-14 00:53:04,976 - INFO - phi = [1.3855189  0.40947477 0.13149511 0.56943346]
2025-12-14 00:53:05,007 - INFO - num_full_subsets = 2
2025-12-14 00:53:05,040 - INFO - phi = [ 0.13464352  0.0599723  -0.05752645 -0.7849367 ]
2025-12-14 00:53:05,071 - INFO - num_full_subsets = 2
2025-12-14 00:53:05,104 - INFO - phi = [1.65053647 0.86619944 0.02287162 0.73121277]
2025-12-14 00:53:05,135 - INFO - num_full_subsets = 2
2025-12-14 00:53:05,168 - INFO - phi = [ 0.51645102 -0.18912066 -0.05629806  0.42820343]
2025-12-14 00:53:05,199 - INFO - num_full_subsets = 2
2025-12-14 00:53:05,232 - INFO - phi = [-1.08441326 -0.63024648 -0.51828313 -0.30101491]
2025-12-14 00:53:05,263 - INFO - num_full_subsets = 2
2025-12-14 00:53:05,296 - INFO - phi = [-1.52618794e+00  4.84666341e-01 -2.46198163e-01  2.50245378e-04]
2025-12-14 00:53:05,327 - INFO - num_full_subsets = 2
2025-12-14 00:53:05,359 - INFO - phi = [-0.61670465 -0.77821178 -0.06303313 -0.50535517]
2025-12-14 00:53:05,390 - INFO - num_full_subsets = 2
2025-12-14 00:53:05,422 - INFO - phi = [ 1.35271086  0.8176191  -0.07463123 -0.40696415]
2025-12-14 00:53:05,453 - INFO - num_full_subsets = 2
2025-12-14 00:53:05,486 - INFO - phi = [0.50504026 0.7989445  0.28471327 0.68243445]
2025-12-14 00:53:05,517 - INFO - num_full_subsets = 2
2025-12-14 00:53:05,550 - INFO - phi = [-0.86845427 -0.89670314 -0.11382592 -0.1022014 ]
2025-12-14 00:53:05,580 - INFO - num_full_subsets = 2
2025-12-14 00:53:05,613 - INFO - phi = [ 1.13818072  0.528755   -0.14077775  0.61040352]
2025-12-14 00:53:05,644 - INFO - num_full_subsets = 2
2025-12-14 00:53:05,677 - INFO - phi = [-0.32982399 -0.78934334 -0.03163303 -0.75628735]
2025-12-14 00:53:05,708 - INFO - num_full_subsets = 2
2025-12-14 00:53:05,741 - INFO - phi = [-1.10850022 -0.5884085  -0.03080763 -0.42340865]
2025-12-14 00:53:05,772 - INFO - num_full_subsets = 2
2025-12-14 00:53:05,805 - INFO - phi = [ 0.38606167  0.0920291  -0.12284007  0.56204669]
2025-12-14 00:53:05,836 - INFO - num_full_subsets = 2
2025-12-14 00:53:05,868 - INFO - phi = [ 1.68638308  0.09248545 -0.01729162  0.57870416]
2025-12-14 00:53:05,898 - INFO - num_full_subsets = 2
2025-12-14 00:53:05,931 - INFO - phi = [ 0.21635019  0.41432734 -0.01240876 -0.34127796]
2025-12-14 00:53:05,961 - INFO - num_full_subsets = 2
2025-12-14 00:53:05,994 - INFO - phi = [ 1.17865913  0.27907634 -0.01351647  0.48762797]
2025-12-14 00:53:06,025 - INFO - num_full_subsets = 2
2025-12-14 00:53:06,057 - INFO - phi = [ 1.68638308  0.09248545 -0.01729162  0.57870416]
2025-12-14 00:53:06,088 - INFO - num_full_subsets = 2
2025-12-14 00:53:06,120 - INFO - phi = [-1.30470787 -0.64860709 -0.09862643 -0.09414349]
2025-12-14 00:53:06,151 - INFO - num_full_subsets = 2
2025-12-14 00:53:06,183 - INFO - phi = [0.98651709 0.5842522  0.04146771 0.46030212]
2025-12-14 00:53:06,215 - INFO - num_full_subsets = 2
2025-12-14 00:53:06,247 - INFO - phi = [-0.9267367  -0.80517241 -0.08503963  0.17565136]
2025-12-14 00:53:06,278 - INFO - num_full_subsets = 2
2025-12-14 00:53:06,312 - INFO - phi = [-0.62374033 -0.93927129 -0.07170887 -0.24903934]
2025-12-14 00:53:06,342 - INFO - num_full_subsets = 2
2025-12-14 00:53:06,375 - INFO - phi = [ 1.59097273  0.48819308 -0.01109029  0.74629713]
2025-12-14 00:53:06,406 - INFO - num_full_subsets = 2
2025-12-14 00:53:06,438 - INFO - phi = [-1.07923001 -0.52843736 -0.08943445 -0.33795467]
2025-12-14 00:53:06,468 - INFO - num_full_subsets = 2
2025-12-14 00:53:06,501 - INFO - phi = [ 1.07859167  0.22131206 -0.09569847  0.40626023]
2025-12-14 00:53:06,531 - INFO - num_full_subsets = 2
2025-12-14 00:53:06,564 - INFO - phi = [ 0.49913686  0.7946253  -0.10888546  0.38691556]
2025-12-14 00:53:06,595 - INFO - num_full_subsets = 2
2025-12-14 00:53:06,627 - INFO - phi = [-1.1158405  -0.53336611 -0.11329967 -0.29872512]
2025-12-14 00:53:06,658 - INFO - num_full_subsets = 2
2025-12-14 00:53:06,691 - INFO - phi = [-0.44229271 -1.02231542  0.12233156  0.24127773]
2025-12-14 00:53:06,722 - INFO - num_full_subsets = 2
2025-12-14 00:53:06,755 - INFO - phi = [0.29665701 0.27568108 0.2856073  0.53117725]
2025-12-14 00:53:06,786 - INFO - num_full_subsets = 2
2025-12-14 00:53:06,819 - INFO - phi = [ 0.31682935  0.08495642 -0.27980146  0.47819669]
2025-12-14 00:53:06,850 - INFO - num_full_subsets = 2
2025-12-14 00:53:06,883 - INFO - phi = [-1.0671585  -0.58182354 -0.07983687 -0.43682503]
2025-12-14 00:53:06,914 - INFO - num_full_subsets = 2
2025-12-14 00:53:06,947 - INFO - phi = [ 0.12000674 -0.29074884 -0.12989072  0.36586882]
2025-12-14 00:53:06,977 - INFO - num_full_subsets = 2
2025-12-14 00:53:07,010 - INFO - phi = [-0.63288098 -0.88580149  0.01698837  0.51225826]
2025-12-14 00:53:07,041 - INFO - num_full_subsets = 2
2025-12-14 00:53:07,073 - INFO - phi = [-0.90553033 -0.70055573 -0.08259156 -0.45065201]
2025-12-14 00:53:07,104 - INFO - num_full_subsets = 2
2025-12-14 00:53:07,137 - INFO - phi = [ 0.51094151  0.28243178 -0.01931702  0.77619994]
2025-12-14 00:53:07,168 - INFO - num_full_subsets = 2
2025-12-14 00:53:07,200 - INFO - phi = [-0.71172975 -0.76474488 -0.05679323 -0.48501664]
2025-12-14 00:53:07,231 - INFO - num_full_subsets = 2
2025-12-14 00:53:07,263 - INFO - phi = [ 0.12648995  0.41516073  0.10051579 -0.91206239]
2025-12-14 00:53:07,294 - INFO - num_full_subsets = 2
2025-12-14 00:53:07,326 - INFO - phi = [-1.28862509 -0.21474975  0.00373554 -0.30421292]
2025-12-14 00:53:07,357 - INFO - num_full_subsets = 2
2025-12-14 00:53:07,390 - INFO - phi = [0.29759314 0.76664611 0.17600663 0.50278955]
2025-12-14 00:53:07,421 - INFO - num_full_subsets = 2
2025-12-14 00:53:07,453 - INFO - phi = [ 0.3264488   0.60411816  0.12736552 -0.4453988 ]
2025-12-14 00:53:07,484 - INFO - num_full_subsets = 2
2025-12-14 00:53:07,517 - INFO - phi = [-0.89219981 -0.85872606 -0.04246572  0.06651025]
2025-12-14 00:53:07,548 - INFO - num_full_subsets = 2
2025-12-14 00:53:07,580 - INFO - phi = [-1.53117554 -0.63822201 -0.04690324  0.173724  ]
2025-12-14 00:53:07,611 - INFO - num_full_subsets = 2
2025-12-14 00:53:07,643 - INFO - phi = [ 0.18367165  0.39775665 -0.095737   -0.41794279]
2025-12-14 00:53:07,674 - INFO - num_full_subsets = 2
2025-12-14 00:53:07,707 - INFO - phi = [ 0.11300878 -0.07611709  0.20645011 -0.74531259]
2025-12-14 00:53:07,737 - INFO - num_full_subsets = 2
2025-12-14 00:53:07,770 - INFO - phi = [ 0.08611712 -0.17464752 -0.03315666 -0.62118958]
2025-12-14 00:53:07,800 - INFO - num_full_subsets = 2
2025-12-14 00:53:07,833 - INFO - phi = [-1.89884765  0.15701877 -0.05132415  0.19339017]
2025-12-14 00:53:07,864 - INFO - num_full_subsets = 2
2025-12-14 00:53:07,896 - INFO - phi = [0.65674993 0.69626293 0.00112573 0.53988607]
2025-12-14 00:53:07,927 - INFO - num_full_subsets = 2
2025-12-14 00:53:07,960 - INFO - phi = [1.20672152 0.26678576 0.01496712 0.61113601]
2025-12-14 00:53:07,990 - INFO - num_full_subsets = 2
2025-12-14 00:53:08,023 - INFO - phi = [-1.05381295 -0.68573005 -0.08961922 -0.44567486]
2025-12-14 00:53:08,054 - INFO - num_full_subsets = 2
2025-12-14 00:53:08,087 - INFO - phi = [ 0.87302601  0.12031755 -0.03637956 -0.63418557]
2025-12-14 00:53:08,118 - INFO - num_full_subsets = 2
2025-12-14 00:53:08,150 - INFO - phi = [1.47527803 0.72808637 0.01152939 0.53931948]
2025-12-14 00:53:08,182 - INFO - num_full_subsets = 2
2025-12-14 00:53:08,214 - INFO - phi = [ 0.32611267  0.04277804  0.03145507 -0.76861724]
2025-12-14 00:53:08,245 - INFO - num_full_subsets = 2
2025-12-14 00:53:08,277 - INFO - phi = [ 0.58844316  0.23894182  0.73875964 -0.93122266]
2025-12-14 00:53:08,802 - INFO - Computing feature importance...
2025-12-14 00:53:12,793 - INFO - Experiment completed for NGBoost
2025-12-14 00:53:12,793 - INFO - Total time: 223.46s (3.72 min)
2025-12-14 00:53:12,793 - INFO - Starting comprehensive experiment for NGBoost
2025-12-14 00:53:21,274 - INFO - Performing feature analysis...
2025-12-14 00:53:22,446 - INFO - Model justification: Probabilistic forecasting with natural gradient boosting, provides uncertainty quantification
2025-12-14 00:53:22,446 - INFO - Performing robust cross-validation...
2025-12-14 00:54:00,423 - INFO - CV Results - MSE: 0.7478 ± 0.0857
2025-12-14 00:54:00,423 - INFO - Starting hyperparameter optimization...
2025-12-14 00:56:59,675 - INFO - Best parameters for NGBoost: {'n_estimators': 110, 'learning_rate': 0.059880464930402805, 'minibatch_frac': 0.47929531464633784, 'natural_gradient': True}
2025-12-14 00:56:59,675 - INFO - ⏱️ HPO took 179.25 seconds
2025-12-14 00:56:59,675 - INFO - Training final model...
2025-12-14 00:57:00,190 - INFO - ⏱️ Training took 0.51 seconds
2025-12-14 00:57:00,190 - INFO - Performing residual analysis...
2025-12-14 00:57:01,202 - INFO - Generating XAI explanations...
2025-12-14 00:57:01,217 - WARNING - Using 168 background data samples could cause slower run times. Consider using shap.sample(data, K) or shap.kmeans(data, K) to summarize the background as K samples.
2025-12-14 00:57:01,245 - INFO - num_full_subsets = 2
2025-12-14 00:57:01,274 - INFO - phi = [-1.7493288  -0.39730438 -0.04897001  0.12130357]
2025-12-14 00:57:01,302 - INFO - num_full_subsets = 2
2025-12-14 00:57:01,331 - INFO - phi = [ 2.39949299  0.03104489 -0.0340578   0.25884681]
2025-12-14 00:57:01,359 - INFO - num_full_subsets = 2
2025-12-14 00:57:01,387 - INFO - phi = [-1.48525174 -0.45350509 -0.1100193  -0.13538765]
2025-12-14 00:57:01,415 - INFO - num_full_subsets = 2
2025-12-14 00:57:01,443 - INFO - phi = [2.0261403  0.02794579 0.00390771 0.49190679]
2025-12-14 00:57:01,472 - INFO - num_full_subsets = 2
2025-12-14 00:57:01,500 - INFO - phi = [-0.94320066 -0.33344944 -0.14631137  0.21603245]
2025-12-14 00:57:01,528 - INFO - num_full_subsets = 2
2025-12-14 00:57:01,556 - INFO - phi = [-1.44870852 -0.38935988 -0.01791534 -0.28508146]
2025-12-14 00:57:01,584 - INFO - num_full_subsets = 2
2025-12-14 00:57:01,612 - INFO - phi = [ 1.31658272 -0.01714596 -0.08697328  0.43107897]
2025-12-14 00:57:01,640 - INFO - num_full_subsets = 2
2025-12-14 00:57:01,668 - INFO - phi = [-1.33677152 -0.55091698 -0.19201804 -0.43801908]
2025-12-14 00:57:01,697 - INFO - num_full_subsets = 2
2025-12-14 00:57:01,725 - INFO - phi = [ 0.11960929  0.52133431 -0.08647965 -0.58044812]
2025-12-14 00:57:01,753 - INFO - num_full_subsets = 2
2025-12-14 00:57:01,781 - INFO - phi = [-1.88955788 -0.14022013 -0.01972896  0.1822572 ]
2025-12-14 00:57:01,810 - INFO - num_full_subsets = 2
2025-12-14 00:57:01,838 - INFO - phi = [ 0.29551773  0.41900219 -0.11512751 -0.02876906]
2025-12-14 00:57:01,866 - INFO - num_full_subsets = 2
2025-12-14 00:57:01,895 - INFO - phi = [0.17255056 0.38499957 0.2592119  0.6450716 ]
2025-12-14 00:57:01,923 - INFO - num_full_subsets = 2
2025-12-14 00:57:01,951 - INFO - phi = [ 0.19906769 -0.06125731 -0.20461723 -0.4491225 ]
2025-12-14 00:57:01,980 - INFO - num_full_subsets = 2
2025-12-14 00:57:02,008 - INFO - phi = [ 0.42237342 -0.03427284 -0.10185351  0.62075087]
2025-12-14 00:57:02,037 - INFO - num_full_subsets = 2
2025-12-14 00:57:02,065 - INFO - phi = [ 0.23958308 -0.14101848  0.08081743  0.56312157]
2025-12-14 00:57:02,093 - INFO - num_full_subsets = 2
2025-12-14 00:57:02,122 - INFO - phi = [ 0.10733749  0.43846259 -0.3159886  -0.52749523]
2025-12-14 00:57:02,150 - INFO - num_full_subsets = 2
2025-12-14 00:57:02,178 - INFO - phi = [-0.88309878 -0.76348135  0.00986457 -0.47340022]
2025-12-14 00:57:02,206 - INFO - num_full_subsets = 2
2025-12-14 00:57:02,234 - INFO - phi = [ 0.46432357  0.37842498 -0.11957866 -0.07109659]
2025-12-14 00:57:02,263 - INFO - num_full_subsets = 2
2025-12-14 00:57:02,291 - INFO - phi = [ 0.24652378  0.28452736  0.18655095 -0.33229375]
2025-12-14 00:57:02,319 - INFO - num_full_subsets = 2
2025-12-14 00:57:02,347 - INFO - phi = [ 0.19835425  1.39287624 -0.14216126  0.24331441]
2025-12-14 00:57:02,375 - INFO - num_full_subsets = 2
2025-12-14 00:57:02,403 - INFO - phi = [ 0.47552297 -0.01882099 -0.12216412  0.33809967]
2025-12-14 00:57:02,431 - INFO - num_full_subsets = 2
2025-12-14 00:57:02,460 - INFO - phi = [ 1.26627458 -0.29607737  0.17741694  0.32536779]
2025-12-14 00:57:02,488 - INFO - num_full_subsets = 2
2025-12-14 00:57:02,516 - INFO - phi = [-0.70169139  0.0339879  -0.10819422  0.12763517]
2025-12-14 00:57:02,545 - INFO - num_full_subsets = 2
2025-12-14 00:57:02,573 - INFO - phi = [ 0.11540649  0.57014427  0.1555782  -0.4906461 ]
2025-12-14 00:57:02,601 - INFO - num_full_subsets = 2
2025-12-14 00:57:02,629 - INFO - phi = [ 0.59344115 -0.75141053  0.01787616  0.48553136]
2025-12-14 00:57:02,657 - INFO - num_full_subsets = 2
2025-12-14 00:57:02,685 - INFO - phi = [-1.01778792 -0.85376516  0.0106901  -0.38467847]
2025-12-14 00:57:02,714 - INFO - num_full_subsets = 2
2025-12-14 00:57:02,742 - INFO - phi = [-1.01955904  0.38148592  0.017117   -0.03947901]
2025-12-14 00:57:02,770 - INFO - num_full_subsets = 2
2025-12-14 00:57:02,798 - INFO - phi = [ 0.84826181  0.44527408 -0.1118918   0.32828442]
2025-12-14 00:57:02,826 - INFO - num_full_subsets = 2
2025-12-14 00:57:02,854 - INFO - phi = [ 0.43233958  0.30153687  0.21091278 -0.05266128]
2025-12-14 00:57:02,882 - INFO - num_full_subsets = 2
2025-12-14 00:57:02,910 - INFO - phi = [ 0.48270265 -0.82063937  0.07014506 -0.22005169]
2025-12-14 00:57:02,938 - INFO - num_full_subsets = 2
2025-12-14 00:57:02,966 - INFO - phi = [-0.86438884 -0.82953696 -0.01939063 -0.38422674]
2025-12-14 00:57:02,994 - INFO - num_full_subsets = 2
2025-12-14 00:57:03,022 - INFO - phi = [ 1.73246004 -0.50043343  0.04897901  0.72082086]
2025-12-14 00:57:03,051 - INFO - num_full_subsets = 2
2025-12-14 00:57:03,079 - INFO - phi = [ 0.25782003  0.68272143  0.39600624 -0.37776473]
2025-12-14 00:57:03,107 - INFO - num_full_subsets = 2
2025-12-14 00:57:03,135 - INFO - phi = [ 0.23680726  0.37293678  0.03031838 -0.01989671]
2025-12-14 00:57:03,163 - INFO - num_full_subsets = 2
2025-12-14 00:57:03,191 - INFO - phi = [ 0.43282653  0.26304374 -0.12811048 -0.3803307 ]
2025-12-14 00:57:03,219 - INFO - num_full_subsets = 2
2025-12-14 00:57:03,247 - INFO - phi = [-0.73770321  0.34071551  0.00620755  0.41045654]
2025-12-14 00:57:03,275 - INFO - num_full_subsets = 2
2025-12-14 00:57:03,303 - INFO - phi = [ 2.3368498   0.4574166  -0.12943045  0.60516582]
2025-12-14 00:57:03,331 - INFO - num_full_subsets = 2
2025-12-14 00:57:03,359 - INFO - phi = [ 0.59344115 -0.75141053  0.01787616  0.48553136]
2025-12-14 00:57:03,387 - INFO - num_full_subsets = 2
2025-12-14 00:57:03,415 - INFO - phi = [ 0.92249942 -0.05297724  0.0875597   0.08250779]
2025-12-14 00:57:03,443 - INFO - num_full_subsets = 2
2025-12-14 00:57:03,471 - INFO - phi = [-1.4727767   0.23293645  0.00666497 -0.26025683]
2025-12-14 00:57:03,499 - INFO - num_full_subsets = 2
2025-12-14 00:57:03,527 - INFO - phi = [-0.92592231 -0.48913701  0.02021044 -0.40348802]
2025-12-14 00:57:03,555 - INFO - num_full_subsets = 2
2025-12-14 00:57:03,583 - INFO - phi = [ 0.35186965 -0.18265399  0.19925172 -0.52117503]
2025-12-14 00:57:03,611 - INFO - num_full_subsets = 2
2025-12-14 00:57:03,639 - INFO - phi = [-0.68466264 -0.92658443  0.08237829 -0.66124711]
2025-12-14 00:57:03,667 - INFO - num_full_subsets = 2
2025-12-14 00:57:03,695 - INFO - phi = [ 1.16329882 -0.10187877 -0.14284603  0.04350276]
2025-12-14 00:57:03,723 - INFO - num_full_subsets = 2
2025-12-14 00:57:03,751 - INFO - phi = [-1.55134715 -0.53136902  0.03009793  0.00506856]
2025-12-14 00:57:03,779 - INFO - num_full_subsets = 2
2025-12-14 00:57:03,807 - INFO - phi = [-0.95681798 -0.75588263 -0.03457201 -0.31746575]
2025-12-14 00:57:03,835 - INFO - num_full_subsets = 2
2025-12-14 00:57:03,863 - INFO - phi = [-0.25864335  0.67974378 -0.12723471  0.5359281 ]
2025-12-14 00:57:03,891 - INFO - num_full_subsets = 2
2025-12-14 00:57:03,919 - INFO - phi = [ 1.84443264 -0.28464463  0.0129885  -0.22563556]
2025-12-14 00:57:03,948 - INFO - num_full_subsets = 2
2025-12-14 00:57:03,976 - INFO - phi = [2.41332175 0.1724383  0.03335532 0.49679965]
2025-12-14 00:57:04,004 - INFO - num_full_subsets = 2
2025-12-14 00:57:04,032 - INFO - phi = [0.81570825 0.61318537 0.10176655 0.43129564]
2025-12-14 00:57:04,061 - INFO - num_full_subsets = 2
2025-12-14 00:57:04,089 - INFO - phi = [-1.03449502 -0.77642371  0.00312805 -0.2945475 ]
2025-12-14 00:57:04,118 - INFO - num_full_subsets = 2
2025-12-14 00:57:04,146 - INFO - phi = [ 0.07069086 -0.09446025 -0.26367365 -0.2463242 ]
2025-12-14 00:57:04,175 - INFO - num_full_subsets = 2
2025-12-14 00:57:04,203 - INFO - phi = [1.07152458 0.3307742  0.16251132 0.40616443]
2025-12-14 00:57:04,231 - INFO - num_full_subsets = 2
2025-12-14 00:57:04,260 - INFO - phi = [ 0.20491762 -0.11985693 -0.03075952 -0.28438174]
2025-12-14 00:57:04,288 - INFO - num_full_subsets = 2
2025-12-14 00:57:04,316 - INFO - phi = [ 0.27578485 -0.07082624  0.13110066  0.38016892]
2025-12-14 00:57:04,344 - INFO - num_full_subsets = 2
2025-12-14 00:57:04,372 - INFO - phi = [-1.59622613  0.1570403  -0.32801211  0.27001934]
2025-12-14 00:57:04,400 - INFO - num_full_subsets = 2
2025-12-14 00:57:04,429 - INFO - phi = [-0.87994099 -0.77189748 -0.09615073 -0.35276287]
2025-12-14 00:57:04,457 - INFO - num_full_subsets = 2
2025-12-14 00:57:04,486 - INFO - phi = [-1.28362322 -0.46974658 -0.11018262 -0.33704783]
2025-12-14 00:57:04,514 - INFO - num_full_subsets = 2
2025-12-14 00:57:04,543 - INFO - phi = [-0.98554251  0.00399728 -0.11733244  0.21564462]
2025-12-14 00:57:04,571 - INFO - num_full_subsets = 2
2025-12-14 00:57:04,599 - INFO - phi = [-1.30905055 -0.55729739 -0.08203127 -0.32617455]
2025-12-14 00:57:04,628 - INFO - num_full_subsets = 2
2025-12-14 00:57:04,656 - INFO - phi = [ 0.24394339 -0.24029013  0.09665883  0.39238092]
2025-12-14 00:57:04,685 - INFO - num_full_subsets = 2
2025-12-14 00:57:04,713 - INFO - phi = [ 1.26738802  0.44141716 -0.14172076  0.42277152]
2025-12-14 00:57:04,741 - INFO - num_full_subsets = 2
2025-12-14 00:57:04,769 - INFO - phi = [-1.77251117 -0.45587231 -0.02928901  0.17022702]
2025-12-14 00:57:04,797 - INFO - num_full_subsets = 2
2025-12-14 00:57:04,825 - INFO - phi = [ 0.98692238 -0.38809341  0.14545354 -0.57130172]
2025-12-14 00:57:04,854 - INFO - num_full_subsets = 2
2025-12-14 00:57:04,882 - INFO - phi = [ 1.28980413 -0.24175146  0.10806639 -0.06750198]
2025-12-14 00:57:04,911 - INFO - num_full_subsets = 2
2025-12-14 00:57:04,939 - INFO - phi = [ 2.15795192  0.54137176  0.21339744 -0.22064805]
2025-12-14 00:57:04,968 - INFO - num_full_subsets = 2
2025-12-14 00:57:04,997 - INFO - phi = [-0.81258604 -0.84763772  0.01407699 -0.47097727]
2025-12-14 00:57:05,025 - INFO - num_full_subsets = 2
2025-12-14 00:57:05,054 - INFO - phi = [-0.87574436 -0.16755011 -0.17552929 -0.06809496]
2025-12-14 00:57:05,082 - INFO - num_full_subsets = 2
2025-12-14 00:57:05,111 - INFO - phi = [-1.89931574 -0.08264226 -0.03954245 -0.09826182]
2025-12-14 00:57:05,139 - INFO - num_full_subsets = 2
2025-12-14 00:57:05,167 - INFO - phi = [ 0.49062329 -0.26857013 -0.14145483 -0.248077  ]
2025-12-14 00:57:05,195 - INFO - num_full_subsets = 2
2025-12-14 00:57:05,224 - INFO - phi = [0.12629452 0.92873544 0.31495962 0.44865756]
2025-12-14 00:57:05,252 - INFO - num_full_subsets = 2
2025-12-14 00:57:05,281 - INFO - phi = [ 0.08937705  0.46005317  0.13023694 -0.59393285]
2025-12-14 00:57:05,309 - INFO - num_full_subsets = 2
2025-12-14 00:57:05,337 - INFO - phi = [-0.74045438 -0.84171478 -0.12542927  0.282986  ]
2025-12-14 00:57:05,365 - INFO - num_full_subsets = 2
2025-12-14 00:57:05,394 - INFO - phi = [-0.97474237 -0.73801718  0.0563456  -0.40519404]
2025-12-14 00:57:05,422 - INFO - num_full_subsets = 2
2025-12-14 00:57:05,450 - INFO - phi = [ 0.3947743  -0.05487496 -0.05404034  0.55005033]
2025-12-14 00:57:05,478 - INFO - num_full_subsets = 2
2025-12-14 00:57:05,506 - INFO - phi = [1.16142543 0.26187552 0.4054117  0.26225421]
2025-12-14 00:57:05,535 - INFO - num_full_subsets = 2
2025-12-14 00:57:05,563 - INFO - phi = [ 0.98161314 -0.22327967  0.03432339 -0.85073496]
2025-12-14 00:57:05,591 - INFO - num_full_subsets = 2
2025-12-14 00:57:05,619 - INFO - phi = [ 0.05923226  0.48843887 -0.19724298 -0.54273096]
2025-12-14 00:57:05,647 - INFO - num_full_subsets = 2
2025-12-14 00:57:05,676 - INFO - phi = [ 0.28290094 -0.17998543  0.09767481 -0.44160785]
2025-12-14 00:57:05,704 - INFO - num_full_subsets = 2
2025-12-14 00:57:05,732 - INFO - phi = [ 1.31492639 -0.01978    -0.09657336  0.37700891]
2025-12-14 00:57:05,760 - INFO - num_full_subsets = 2
2025-12-14 00:57:05,788 - INFO - phi = [ 0.09594017  0.51814921 -0.4542904   0.38433702]
2025-12-14 00:57:05,816 - INFO - num_full_subsets = 2
2025-12-14 00:57:05,845 - INFO - phi = [0.16466024 1.51515905 0.16683909 0.22230145]
2025-12-14 00:57:05,872 - INFO - num_full_subsets = 2
2025-12-14 00:57:05,900 - INFO - phi = [-1.64587764 -0.21485738  0.00471415 -0.22783637]
2025-12-14 00:57:05,929 - INFO - num_full_subsets = 2
2025-12-14 00:57:05,957 - INFO - phi = [-1.08493872 -0.17606702 -0.09561549  0.1813027 ]
2025-12-14 00:57:05,985 - INFO - num_full_subsets = 2
2025-12-14 00:57:06,013 - INFO - phi = [-0.87574436 -0.16755011 -0.17552929 -0.06809496]
2025-12-14 00:57:06,041 - INFO - num_full_subsets = 2
2025-12-14 00:57:06,070 - INFO - phi = [ 0.04991997  0.53490093  0.17281248 -0.74441916]
2025-12-14 00:57:06,098 - INFO - num_full_subsets = 2
2025-12-14 00:57:06,126 - INFO - phi = [ 0.1360493   0.18507231  0.24196964 -0.47881688]
2025-12-14 00:57:06,154 - INFO - num_full_subsets = 2
2025-12-14 00:57:06,182 - INFO - phi = [ 1.0582207  -0.28186495  0.97006235 -0.90415682]
2025-12-14 00:57:06,210 - INFO - num_full_subsets = 2
2025-12-14 00:57:06,239 - INFO - phi = [ 1.80203652 -0.20668281 -0.04870733  0.46193062]
2025-12-14 00:57:06,267 - INFO - num_full_subsets = 2
2025-12-14 00:57:06,295 - INFO - phi = [ 0.11680709  0.64888605 -0.26852395 -0.54389773]
2025-12-14 00:57:06,323 - INFO - num_full_subsets = 2
2025-12-14 00:57:06,352 - INFO - phi = [0.44768863 0.15363254 0.40007375 0.35603873]
2025-12-14 00:57:06,380 - INFO - num_full_subsets = 2
2025-12-14 00:57:06,408 - INFO - phi = [ 0.01832509 -0.08456763 -0.23999173  0.60089532]
2025-12-14 00:57:06,436 - INFO - num_full_subsets = 2
2025-12-14 00:57:06,464 - INFO - phi = [-0.38239677  1.39990709  0.25325549  0.2472037 ]
2025-12-14 00:57:06,492 - INFO - num_full_subsets = 2
2025-12-14 00:57:06,520 - INFO - phi = [ 0.11467956  0.36491479  0.03134511 -0.46147209]
2025-12-14 00:57:06,549 - INFO - num_full_subsets = 2
2025-12-14 00:57:06,577 - INFO - phi = [ 1.67065706  0.4791316  -0.13116306  0.35974855]
2025-12-14 00:57:06,605 - INFO - num_full_subsets = 2
2025-12-14 00:57:06,633 - INFO - phi = [-0.66324524  0.16284002 -0.1379117   0.42952031]
2025-12-14 00:57:06,661 - INFO - num_full_subsets = 2
2025-12-14 00:57:06,689 - INFO - phi = [ 0.20640358 -0.14027913 -0.12604412 -0.5662417 ]
2025-12-14 00:57:06,717 - INFO - num_full_subsets = 2
2025-12-14 00:57:06,746 - INFO - phi = [ 2.02342117  0.47785484 -0.19144255  0.47365552]
2025-12-14 00:57:06,774 - INFO - num_full_subsets = 2
2025-12-14 00:57:06,802 - INFO - phi = [ 0.13930726  0.57445005  0.1806182  -0.60890008]
2025-12-14 00:57:06,830 - INFO - num_full_subsets = 2
2025-12-14 00:57:06,858 - INFO - phi = [-0.9918895  -0.15003939 -0.01285117  0.25200998]
2025-12-14 00:57:06,886 - INFO - num_full_subsets = 2
2025-12-14 00:57:06,915 - INFO - phi = [-0.76301206  0.48589548 -0.14781965 -0.19666733]
2025-12-14 00:57:06,943 - INFO - num_full_subsets = 2
2025-12-14 00:57:06,971 - INFO - phi = [-1.15380123 -0.6498507  -0.02135937  0.23750743]
2025-12-14 00:57:06,999 - INFO - num_full_subsets = 2
2025-12-14 00:57:07,028 - INFO - phi = [ 0.81605964  0.74041224 -0.05009384  0.62301461]
2025-12-14 00:57:07,056 - INFO - num_full_subsets = 2
2025-12-14 00:57:07,084 - INFO - phi = [ 1.0595965   0.34242066 -0.13418146  0.4064032 ]
2025-12-14 00:57:07,113 - INFO - num_full_subsets = 2
2025-12-14 00:57:07,142 - INFO - phi = [ 0.77322502  0.63107283 -0.1277098   0.0917227 ]
2025-12-14 00:57:07,170 - INFO - num_full_subsets = 2
2025-12-14 00:57:07,198 - INFO - phi = [-1.04823287 -0.64330722  0.04730086 -0.33607273]
2025-12-14 00:57:07,226 - INFO - num_full_subsets = 2
2025-12-14 00:57:07,254 - INFO - phi = [1.74617346 0.66432326 0.13504802 0.48099824]
2025-12-14 00:57:07,282 - INFO - num_full_subsets = 2
2025-12-14 00:57:07,310 - INFO - phi = [ 2.01893712 -0.01850413 -0.10063811  0.62347122]
2025-12-14 00:57:07,339 - INFO - num_full_subsets = 2
2025-12-14 00:57:07,367 - INFO - phi = [ 0.07181294  0.4682643  -0.1120573  -0.54848887]
2025-12-14 00:57:07,395 - INFO - num_full_subsets = 2
2025-12-14 00:57:07,424 - INFO - phi = [-1.09683985 -0.65848173 -0.13419475 -0.12303696]
2025-12-14 00:57:07,452 - INFO - num_full_subsets = 2
2025-12-14 00:57:07,481 - INFO - phi = [ 0.00525207 -0.49427426 -0.32990294 -0.09700352]
2025-12-14 00:57:07,509 - INFO - num_full_subsets = 2
2025-12-14 00:57:07,537 - INFO - phi = [-1.95800209  0.49542614  0.09605491  0.40785077]
2025-12-14 00:57:07,566 - INFO - num_full_subsets = 2
2025-12-14 00:57:07,594 - INFO - phi = [-0.62266123 -0.80250145  0.02129868  0.26205447]
2025-12-14 00:57:07,622 - INFO - num_full_subsets = 2
2025-12-14 00:57:07,650 - INFO - phi = [1.90871654 0.70766308 0.19880903 0.69379976]
2025-12-14 00:57:07,678 - INFO - num_full_subsets = 2
2025-12-14 00:57:07,706 - INFO - phi = [ 1.79219424  0.49926064 -0.00324641  0.45050465]
2025-12-14 00:57:07,734 - INFO - num_full_subsets = 2
2025-12-14 00:57:07,762 - INFO - phi = [-0.69530039 -0.83505056 -0.09766253  0.34666365]
2025-12-14 00:57:07,790 - INFO - num_full_subsets = 2
2025-12-14 00:57:07,819 - INFO - phi = [-0.71310664 -0.88477131  0.24381664 -0.63435747]
2025-12-14 00:57:07,847 - INFO - num_full_subsets = 2
2025-12-14 00:57:07,875 - INFO - phi = [ 1.12819742 -0.20067572  0.2145305   0.50394165]
2025-12-14 00:57:07,903 - INFO - num_full_subsets = 2
2025-12-14 00:57:07,931 - INFO - phi = [-1.74115337 -0.49929359 -0.00252954  0.16126154]
2025-12-14 00:57:07,959 - INFO - num_full_subsets = 2
2025-12-14 00:57:07,988 - INFO - phi = [ 0.12869751  0.53616162  0.17295584 -0.71735882]
2025-12-14 00:57:08,016 - INFO - num_full_subsets = 2
2025-12-14 00:57:08,044 - INFO - phi = [-0.95762508 -0.68655998 -0.09801001 -0.3271897 ]
2025-12-14 00:57:08,072 - INFO - num_full_subsets = 2
2025-12-14 00:57:08,100 - INFO - phi = [ 0.25384823  0.32092891 -0.31551464  0.28533356]
2025-12-14 00:57:08,129 - INFO - num_full_subsets = 2
2025-12-14 00:57:08,157 - INFO - phi = [-0.88328806  0.66315678  0.12210063  0.1734366 ]
2025-12-14 00:57:08,185 - INFO - num_full_subsets = 2
2025-12-14 00:57:08,213 - INFO - phi = [-1.20872365 -0.70637251 -0.00995572 -0.32989226]
2025-12-14 00:57:08,241 - INFO - num_full_subsets = 2
2025-12-14 00:57:08,270 - INFO - phi = [-1.77767817 -0.39585789 -0.11727635 -0.16264839]
2025-12-14 00:57:08,297 - INFO - num_full_subsets = 2
2025-12-14 00:57:08,326 - INFO - phi = [ 0.10803481  0.43894318 -0.31764711 -0.52701463]
2025-12-14 00:57:08,355 - INFO - num_full_subsets = 2
2025-12-14 00:57:08,383 - INFO - phi = [-1.98294906  0.43709492 -0.10084149  0.43417228]
2025-12-14 00:57:08,411 - INFO - num_full_subsets = 2
2025-12-14 00:57:08,439 - INFO - phi = [ 0.14789299 -0.11433908 -0.0241751  -0.67926267]
2025-12-14 00:57:08,467 - INFO - num_full_subsets = 2
2025-12-14 00:57:08,495 - INFO - phi = [-0.98554251  0.00399728 -0.11733244  0.21564462]
2025-12-14 00:57:08,523 - INFO - num_full_subsets = 2
2025-12-14 00:57:08,551 - INFO - phi = [-0.94864407  0.45108977 -0.27771277  0.21759259]
2025-12-14 00:57:08,580 - INFO - num_full_subsets = 2
2025-12-14 00:57:08,608 - INFO - phi = [ 0.10350372  0.45132699 -0.01161662 -0.6010165 ]
2025-12-14 00:57:08,637 - INFO - num_full_subsets = 2
2025-12-14 00:57:08,665 - INFO - phi = [ 0.20529197  0.58650386  0.24339641 -0.45846657]
2025-12-14 00:57:08,693 - INFO - num_full_subsets = 2
2025-12-14 00:57:08,722 - INFO - phi = [ 0.12737511  0.62284923 -0.30386857 -0.4701442 ]
2025-12-14 00:57:08,749 - INFO - num_full_subsets = 2
2025-12-14 00:57:08,778 - INFO - phi = [-1.09683985 -0.65848173 -0.13419475 -0.12303696]
2025-12-14 00:57:08,806 - INFO - num_full_subsets = 2
2025-12-14 00:57:08,834 - INFO - phi = [-1.98328475  0.47917021 -0.07749419  0.15587439]
2025-12-14 00:57:08,862 - INFO - num_full_subsets = 2
2025-12-14 00:57:08,890 - INFO - phi = [-0.36615379  1.07916571  0.37658119  0.04516603]
2025-12-14 00:57:08,918 - INFO - num_full_subsets = 2
2025-12-14 00:57:08,946 - INFO - phi = [-1.75687175  0.39136431 -0.20302468  0.21025717]
2025-12-14 00:57:08,974 - INFO - num_full_subsets = 2
2025-12-14 00:57:09,003 - INFO - phi = [0.21038962 0.15567885 0.00237327 0.38243484]
2025-12-14 00:57:09,031 - INFO - num_full_subsets = 2
2025-12-14 00:57:09,060 - INFO - phi = [-1.63913511  0.28167224 -0.04819892  0.19813837]
2025-12-14 00:57:09,089 - INFO - num_full_subsets = 2
2025-12-14 00:57:09,118 - INFO - phi = [-1.64051428 -0.39714096  0.04513712  0.01134353]
2025-12-14 00:57:09,146 - INFO - num_full_subsets = 2
2025-12-14 00:57:09,175 - INFO - phi = [ 1.44985458 -0.10391796  0.1424323  -0.88071785]
2025-12-14 00:57:09,204 - INFO - num_full_subsets = 2
2025-12-14 00:57:09,232 - INFO - phi = [1.95685204 0.59765936 0.1393663  0.4686782 ]
2025-12-14 00:57:09,261 - INFO - num_full_subsets = 2
2025-12-14 00:57:09,290 - INFO - phi = [-0.83285426 -0.83407394  0.01448873 -0.49141912]
2025-12-14 00:57:09,318 - INFO - num_full_subsets = 2
2025-12-14 00:57:09,347 - INFO - phi = [ 1.74613095 -0.08521591  0.07763964  0.45959654]
2025-12-14 00:57:09,376 - INFO - num_full_subsets = 2
2025-12-14 00:57:09,405 - INFO - phi = [ 0.20687484 -0.16660418  0.05670093 -0.44024394]
2025-12-14 00:57:09,433 - INFO - num_full_subsets = 2
2025-12-14 00:57:09,462 - INFO - phi = [-1.37752857 -0.56041274 -0.00935675 -0.33495696]
2025-12-14 00:57:09,493 - INFO - num_full_subsets = 2
2025-12-14 00:57:09,523 - INFO - phi = [ 0.05127491  0.14340462  0.28402432 -0.6197231 ]
2025-12-14 00:57:09,552 - INFO - num_full_subsets = 2
2025-12-14 00:57:09,580 - INFO - phi = [-0.73205431 -0.79853452 -0.02228475 -0.40068442]
2025-12-14 00:57:09,608 - INFO - num_full_subsets = 2
2025-12-14 00:57:09,636 - INFO - phi = [ 0.87596314  0.96437714 -0.02457771  0.47075709]
2025-12-14 00:57:09,664 - INFO - num_full_subsets = 2
2025-12-14 00:57:09,692 - INFO - phi = [0.23954449 0.81068734 0.37777527 0.41839148]
2025-12-14 00:57:09,720 - INFO - num_full_subsets = 2
2025-12-14 00:57:09,748 - INFO - phi = [-1.20542372 -0.73677081 -0.05904737  0.17334398]
2025-12-14 00:57:09,776 - INFO - num_full_subsets = 2
2025-12-14 00:57:09,804 - INFO - phi = [ 0.08332196  0.5340632   0.05350262 -0.31841597]
2025-12-14 00:57:09,833 - INFO - num_full_subsets = 2
2025-12-14 00:57:09,861 - INFO - phi = [ 0.30099893 -0.09160335 -0.06260604  0.38745119]
2025-12-14 00:57:09,889 - INFO - num_full_subsets = 2
2025-12-14 00:57:09,917 - INFO - phi = [ 0.29051676 -0.17427122  0.04810667  0.29576194]
2025-12-14 00:57:09,945 - INFO - num_full_subsets = 2
2025-12-14 00:57:09,974 - INFO - phi = [-0.84418548 -0.79368089  0.01048256 -0.48002939]
2025-12-14 00:57:10,002 - INFO - num_full_subsets = 2
2025-12-14 00:57:10,030 - INFO - phi = [ 2.36043343 -0.02416512 -0.09612047  0.76432163]
2025-12-14 00:57:10,059 - INFO - num_full_subsets = 2
2025-12-14 00:57:10,087 - INFO - phi = [ 0.18260004 -0.1208847  -0.0466107  -0.59648102]
2025-12-14 00:57:10,116 - INFO - num_full_subsets = 2
2025-12-14 00:57:10,144 - INFO - phi = [-1.33838577 -0.55113221  0.02001593 -0.43909318]
2025-12-14 00:57:10,173 - INFO - num_full_subsets = 2
2025-12-14 00:57:10,201 - INFO - phi = [-1.2710651  -0.59958847 -0.16189463  0.30139198]
2025-12-14 00:57:10,229 - INFO - num_full_subsets = 2
2025-12-14 00:57:10,257 - INFO - phi = [0.24930568 0.58639581 0.0735131  0.40099168]
2025-12-14 00:57:10,285 - INFO - num_full_subsets = 2
2025-12-14 00:57:10,313 - INFO - phi = [-1.16939334 -0.69263409 -0.13227834  0.11549612]
2025-12-14 00:57:10,341 - INFO - num_full_subsets = 2
2025-12-14 00:57:10,369 - INFO - phi = [0.82202756 0.39106762 0.27334543 0.39146903]
2025-12-14 00:57:10,397 - INFO - num_full_subsets = 2
2025-12-14 00:57:10,425 - INFO - phi = [ 0.2288093   0.56075201 -0.03889437  0.36121281]
2025-12-14 00:57:10,453 - INFO - num_full_subsets = 2
2025-12-14 00:57:10,481 - INFO - phi = [ 1.33135393 -0.17519097  0.30304853  0.25717941]
2025-12-14 00:57:10,509 - INFO - num_full_subsets = 2
2025-12-14 00:57:10,537 - INFO - phi = [ 0.17962721 -0.84054862  0.08137043 -0.95601309]
2025-12-14 00:57:10,566 - INFO - num_full_subsets = 2
2025-12-14 00:57:10,593 - INFO - phi = [ 2.19742771 -0.34666378 -0.09014663  0.49772768]
2025-12-14 00:57:10,622 - INFO - num_full_subsets = 2
2025-12-14 00:57:10,650 - INFO - phi = [ 0.16476243 -0.35904385  0.11792542  0.04001111]
2025-12-14 00:57:10,678 - INFO - num_full_subsets = 2
2025-12-14 00:57:10,706 - INFO - phi = [1.96596194 0.58499399 0.1368208  0.60836383]
2025-12-14 00:57:11,200 - INFO - Computing feature importance...
2025-12-14 00:57:14,521 - INFO - Experiment completed for NGBoost
2025-12-14 00:57:14,522 - INFO - Total time: 241.35s (4.02 min)
2025-12-14 00:57:14,522 - INFO - Starting comprehensive experiment for NGBoost
2025-12-14 00:57:22,740 - INFO - Performing feature analysis...
2025-12-14 00:57:24,060 - INFO - Model justification: Probabilistic forecasting with natural gradient boosting, provides uncertainty quantification
2025-12-14 00:57:24,060 - INFO - Performing robust cross-validation...
2025-12-14 00:58:02,518 - INFO - CV Results - MSE: 0.7655 ± 0.1570
2025-12-14 00:58:02,518 - INFO - Starting hyperparameter optimization...
2025-12-14 01:01:59,197 - INFO - Best parameters for NGBoost: {'n_estimators': 232, 'learning_rate': 0.02782918614995655, 'minibatch_frac': 0.5743447268798871, 'natural_gradient': True}
2025-12-14 01:01:59,197 - INFO - ⏱️ HPO took 236.68 seconds
2025-12-14 01:01:59,197 - INFO - Training final model...
2025-12-14 01:02:00,303 - INFO - ⏱️ Training took 1.11 seconds
2025-12-14 01:02:00,304 - INFO - Performing residual analysis...
2025-12-14 01:02:01,315 - INFO - Generating XAI explanations...
2025-12-14 01:02:01,347 - WARNING - Using 168 background data samples could cause slower run times. Consider using shap.sample(data, K) or shap.kmeans(data, K) to summarize the background as K samples.
2025-12-14 01:02:01,390 - INFO - num_full_subsets = 2
2025-12-14 01:02:01,444 - INFO - phi = [0.200848   0.07844086 0.13476512 0.41880645]
2025-12-14 01:02:01,487 - INFO - num_full_subsets = 2
2025-12-14 01:02:01,542 - INFO - phi = [0.18807452 0.06197113 0.0443464  0.36483004]
2025-12-14 01:02:01,585 - INFO - num_full_subsets = 2
2025-12-14 01:02:01,640 - INFO - phi = [-1.02189979  0.45332106 -0.01101421  0.05092202]
2025-12-14 01:02:01,683 - INFO - num_full_subsets = 2
2025-12-14 01:02:01,738 - INFO - phi = [1.73902575 0.90319504 0.13341416 0.58756013]
2025-12-14 01:02:01,781 - INFO - num_full_subsets = 2
2025-12-14 01:02:01,836 - INFO - phi = [ 2.04988874  0.86713307 -0.02464587  0.32087857]
2025-12-14 01:02:01,879 - INFO - num_full_subsets = 2
2025-12-14 01:02:01,935 - INFO - phi = [ 0.11432936  0.48755188 -0.00685924 -0.53442794]
2025-12-14 01:02:01,978 - INFO - num_full_subsets = 2
2025-12-14 01:02:02,033 - INFO - phi = [ 1.99087759  1.05389601  0.16693615 -0.1760906 ]
2025-12-14 01:02:02,077 - INFO - num_full_subsets = 2
2025-12-14 01:02:02,132 - INFO - phi = [ 0.00182912  0.6915656  -0.08321686 -0.36365042]
2025-12-14 01:02:02,176 - INFO - num_full_subsets = 2
2025-12-14 01:02:02,231 - INFO - phi = [-0.85066519 -0.07934237  0.04853036 -0.38870275]
2025-12-14 01:02:02,274 - INFO - num_full_subsets = 2
2025-12-14 01:02:02,329 - INFO - phi = [-1.5325067  -0.40592495 -0.12023509  0.19126532]
2025-12-14 01:02:02,373 - INFO - num_full_subsets = 2
2025-12-14 01:02:02,427 - INFO - phi = [1.61782551 0.3531898  0.10501846 0.59579577]
2025-12-14 01:02:02,471 - INFO - num_full_subsets = 2
2025-12-14 01:02:02,526 - INFO - phi = [ 0.0490118   0.14043586 -0.17244239 -0.3363498 ]
2025-12-14 01:02:02,569 - INFO - num_full_subsets = 2
2025-12-14 01:02:02,623 - INFO - phi = [ 0.57235449  0.11014374 -0.29822853  0.38874406]
2025-12-14 01:02:02,667 - INFO - num_full_subsets = 2
2025-12-14 01:02:02,722 - INFO - phi = [ 2.09862769  0.08563501 -0.0240352   0.4859332 ]
2025-12-14 01:02:02,765 - INFO - num_full_subsets = 2
2025-12-14 01:02:02,820 - INFO - phi = [-0.74086577  0.51410825 -0.0212242   0.25978722]
2025-12-14 01:02:02,863 - INFO - num_full_subsets = 2
2025-12-14 01:02:02,918 - INFO - phi = [ 0.43320271  0.42017428  0.18964912 -0.01651365]
2025-12-14 01:02:02,961 - INFO - num_full_subsets = 2
2025-12-14 01:02:03,016 - INFO - phi = [-0.75760169 -0.61919669 -0.02999101 -0.50286985]
2025-12-14 01:02:03,060 - INFO - num_full_subsets = 2
2025-12-14 01:02:03,115 - INFO - phi = [-0.88698665 -0.69005805 -0.14372179 -0.17575181]
2025-12-14 01:02:03,159 - INFO - num_full_subsets = 2
2025-12-14 01:02:03,215 - INFO - phi = [1.28067768 0.25528816 0.12727804 0.564562  ]
2025-12-14 01:02:03,259 - INFO - num_full_subsets = 2
2025-12-14 01:02:03,315 - INFO - phi = [ 1.16814293  0.8237743  -0.20236809  0.53084584]
2025-12-14 01:02:03,358 - INFO - num_full_subsets = 2
2025-12-14 01:02:03,412 - INFO - phi = [-1.16065922e+00 -6.82391370e-01  1.99099171e-04  2.09196417e-01]
2025-12-14 01:02:03,456 - INFO - num_full_subsets = 2
2025-12-14 01:02:03,511 - INFO - phi = [-1.9905629   0.59881973 -0.05536162  0.16663685]
2025-12-14 01:02:03,553 - INFO - num_full_subsets = 2
2025-12-14 01:02:03,609 - INFO - phi = [-0.82898952 -0.65767574  0.01357429 -0.34055282]
2025-12-14 01:02:03,652 - INFO - num_full_subsets = 2
2025-12-14 01:02:03,706 - INFO - phi = [-1.16453171 -0.60157645 -0.03207629 -0.23040484]
2025-12-14 01:02:03,749 - INFO - num_full_subsets = 2
2025-12-14 01:02:03,804 - INFO - phi = [ 0.00730924  0.50262536 -0.03904328  0.5036177 ]
2025-12-14 01:02:03,847 - INFO - num_full_subsets = 2
2025-12-14 01:02:03,901 - INFO - phi = [0.46053462 0.03590149 0.23017134 0.51120566]
2025-12-14 01:02:03,945 - INFO - num_full_subsets = 2
2025-12-14 01:02:03,999 - INFO - phi = [ 0.03190486  0.08894623 -0.05152684 -0.39032355]
2025-12-14 01:02:04,043 - INFO - num_full_subsets = 2
2025-12-14 01:02:04,099 - INFO - phi = [0.1730389  0.41150406 0.36777025 0.36371031]
2025-12-14 01:02:04,143 - INFO - num_full_subsets = 2
2025-12-14 01:02:04,199 - INFO - phi = [-0.49765305 -0.78512531  0.1126276  -0.81027235]
2025-12-14 01:02:04,242 - INFO - num_full_subsets = 2
2025-12-14 01:02:04,298 - INFO - phi = [-1.2483693  -0.6858951  -0.09734803  0.1798184 ]
2025-12-14 01:02:04,341 - INFO - num_full_subsets = 2
2025-12-14 01:02:04,396 - INFO - phi = [-1.12259009 -0.56993409 -0.13814653 -0.20308734]
2025-12-14 01:02:04,440 - INFO - num_full_subsets = 2
2025-12-14 01:02:04,495 - INFO - phi = [-1.14491876 -0.43450783 -0.12501395 -0.00458445]
2025-12-14 01:02:04,539 - INFO - num_full_subsets = 2
2025-12-14 01:02:04,594 - INFO - phi = [ 1.23518726  0.20780933 -0.05933023  0.36170195]
2025-12-14 01:02:04,637 - INFO - num_full_subsets = 2
2025-12-14 01:02:04,692 - INFO - phi = [-0.85194166 -0.29608965 -0.24695951  1.06944904]
2025-12-14 01:02:04,735 - INFO - num_full_subsets = 2
2025-12-14 01:02:04,790 - INFO - phi = [ 0.03984793  0.38017032 -0.0361642  -0.38866158]
2025-12-14 01:02:04,833 - INFO - num_full_subsets = 2
2025-12-14 01:02:04,888 - INFO - phi = [-1.19790077 -0.11112452  0.12051434  0.20653666]
2025-12-14 01:02:04,932 - INFO - num_full_subsets = 2
2025-12-14 01:02:04,987 - INFO - phi = [0.76220604 0.12067917 0.03602522 0.52029403]
2025-12-14 01:02:05,029 - INFO - num_full_subsets = 2
2025-12-14 01:02:05,085 - INFO - phi = [ 0.20676089 -0.02236519  0.13745978 -0.62357448]
2025-12-14 01:02:05,128 - INFO - num_full_subsets = 2
2025-12-14 01:02:05,182 - INFO - phi = [-0.33830167 -0.85926824  0.15214751 -0.03095788]
2025-12-14 01:02:05,226 - INFO - num_full_subsets = 2
2025-12-14 01:02:05,280 - INFO - phi = [-0.92186924 -0.74677597  0.0403485  -0.33700051]
2025-12-14 01:02:05,324 - INFO - num_full_subsets = 2
2025-12-14 01:02:05,378 - INFO - phi = [-0.94965187 -0.77398431  0.08981084 -0.0103858 ]
2025-12-14 01:02:05,421 - INFO - num_full_subsets = 2
2025-12-14 01:02:05,477 - INFO - phi = [1.25080644 0.34225474 0.31646202 0.47438618]
2025-12-14 01:02:05,521 - INFO - num_full_subsets = 2
2025-12-14 01:02:05,576 - INFO - phi = [-0.7394245  -0.59599182 -0.05117361 -0.45831075]
2025-12-14 01:02:05,619 - INFO - num_full_subsets = 2
2025-12-14 01:02:05,674 - INFO - phi = [ 0.98718882 -0.56582661  0.1679133  -0.83335361]
2025-12-14 01:02:05,717 - INFO - num_full_subsets = 2
2025-12-14 01:02:05,772 - INFO - phi = [-0.07527732  0.69621593 -0.29300507 -0.45768014]
2025-12-14 01:02:05,815 - INFO - num_full_subsets = 2
2025-12-14 01:02:05,870 - INFO - phi = [ 0.0649585   0.62728712  0.12902986 -0.94324197]
2025-12-14 01:02:05,913 - INFO - num_full_subsets = 2
2025-12-14 01:02:05,968 - INFO - phi = [ 0.85889503  0.01360643 -0.22100692  0.23058358]
2025-12-14 01:02:06,011 - INFO - num_full_subsets = 2
2025-12-14 01:02:06,066 - INFO - phi = [-0.883424   -0.77650775  0.07979052 -0.09866945]
2025-12-14 01:02:06,109 - INFO - num_full_subsets = 2
2025-12-14 01:02:06,164 - INFO - phi = [ 0.14923404 -0.02536218 -0.02002963 -0.56511549]
2025-12-14 01:02:06,207 - INFO - num_full_subsets = 2
2025-12-14 01:02:06,262 - INFO - phi = [-0.41433659 -0.73190827  0.12385783 -0.46505284]
2025-12-14 01:02:06,306 - INFO - num_full_subsets = 2
2025-12-14 01:02:06,361 - INFO - phi = [0.05576999 0.69879208 0.22068136 0.51743192]
2025-12-14 01:02:06,404 - INFO - num_full_subsets = 2
2025-12-14 01:02:06,458 - INFO - phi = [-0.07688833  0.68519052 -0.25255755 -0.48071117]
2025-12-14 01:02:06,502 - INFO - num_full_subsets = 2
2025-12-14 01:02:06,558 - INFO - phi = [ 0.125337   -0.03957546  0.05151542 -0.24313896]
2025-12-14 01:02:06,601 - INFO - num_full_subsets = 2
2025-12-14 01:02:06,656 - INFO - phi = [-1.36640276 -0.52395374 -0.1248176   0.20392365]
2025-12-14 01:02:06,699 - INFO - num_full_subsets = 2
2025-12-14 01:02:06,754 - INFO - phi = [ 1.58020726 -0.04698594  0.34338482  0.60011798]
2025-12-14 01:02:06,797 - INFO - num_full_subsets = 2
2025-12-14 01:02:06,851 - INFO - phi = [ 0.57146149 -0.29908491 -0.08960329  0.37695086]
2025-12-14 01:02:06,896 - INFO - num_full_subsets = 2
2025-12-14 01:02:06,951 - INFO - phi = [-1.91301202  0.61467977 -0.12945447 -0.07144072]
2025-12-14 01:02:06,995 - INFO - num_full_subsets = 2
2025-12-14 01:02:07,050 - INFO - phi = [ 0.0485143   0.06035932  0.16844198 -0.71976654]
2025-12-14 01:02:07,093 - INFO - num_full_subsets = 2
2025-12-14 01:02:07,148 - INFO - phi = [ 0.02633531  0.61325869  0.24664359 -0.60793714]
2025-12-14 01:02:07,192 - INFO - num_full_subsets = 2
2025-12-14 01:02:07,247 - INFO - phi = [ 1.67835611 -0.19380333 -0.32768637  0.375859  ]
2025-12-14 01:02:07,290 - INFO - num_full_subsets = 2
2025-12-14 01:02:07,345 - INFO - phi = [-1.19722971 -0.47041228 -0.05367923 -0.27697568]
2025-12-14 01:02:07,389 - INFO - num_full_subsets = 2
2025-12-14 01:02:07,444 - INFO - phi = [0.26114161 0.3109899  0.24461022 0.39083911]
2025-12-14 01:02:07,488 - INFO - num_full_subsets = 2
2025-12-14 01:02:07,543 - INFO - phi = [-0.02889015  0.37382222 -0.10768994 -0.51492149]
2025-12-14 01:02:07,586 - INFO - num_full_subsets = 2
2025-12-14 01:02:07,641 - INFO - phi = [1.05990769 0.12070382 0.2338948  0.49189741]
2025-12-14 01:02:07,685 - INFO - num_full_subsets = 2
2025-12-14 01:02:07,740 - INFO - phi = [-1.12724004 -0.4294723  -0.04327986 -0.44345398]
2025-12-14 01:02:07,783 - INFO - num_full_subsets = 2
2025-12-14 01:02:07,838 - INFO - phi = [0.12297719 0.3558602  0.2546169  0.50204017]
2025-12-14 01:02:07,882 - INFO - num_full_subsets = 2
2025-12-14 01:02:07,937 - INFO - phi = [-0.90474752 -0.79665199 -0.01531471 -0.02815125]
2025-12-14 01:02:07,980 - INFO - num_full_subsets = 2
2025-12-14 01:02:08,035 - INFO - phi = [ 0.96769091 -0.41528569  0.19591546 -0.82080499]
2025-12-14 01:02:08,079 - INFO - num_full_subsets = 2
2025-12-14 01:02:08,133 - INFO - phi = [1.32176242 0.16082049 0.22136592 0.05148649]
2025-12-14 01:02:08,176 - INFO - num_full_subsets = 2
2025-12-14 01:02:08,232 - INFO - phi = [-1.91301202  0.61467977 -0.12945447 -0.07144072]
2025-12-14 01:02:08,275 - INFO - num_full_subsets = 2
2025-12-14 01:02:08,330 - INFO - phi = [-0.64248925 -0.16708666 -0.09104823  0.22578292]
2025-12-14 01:02:08,372 - INFO - num_full_subsets = 2
2025-12-14 01:02:08,427 - INFO - phi = [ 1.01347503  0.16927212 -0.08041814  0.21208955]
2025-12-14 01:02:08,471 - INFO - num_full_subsets = 2
2025-12-14 01:02:08,527 - INFO - phi = [ 0.09691965  0.40317994 -0.02581299  0.18529419]
2025-12-14 01:02:08,570 - INFO - num_full_subsets = 2
2025-12-14 01:02:08,626 - INFO - phi = [-1.42669469 -0.60700768 -0.04609619  0.17479831]
2025-12-14 01:02:08,670 - INFO - num_full_subsets = 2
2025-12-14 01:02:08,725 - INFO - phi = [ 0.15134293 -0.059683    0.21073911  0.4215399 ]
2025-12-14 01:02:08,768 - INFO - num_full_subsets = 2
2025-12-14 01:02:08,824 - INFO - phi = [ 0.13359297  0.02657926 -0.28096078  0.40604859]
2025-12-14 01:02:08,868 - INFO - num_full_subsets = 2
2025-12-14 01:02:08,923 - INFO - phi = [ 1.5001849  -0.33845255  0.17241524  0.54675907]
2025-12-14 01:02:08,966 - INFO - num_full_subsets = 2
2025-12-14 01:02:09,021 - INFO - phi = [ 0.83188173  0.90582651 -0.08980857  0.40564346]
2025-12-14 01:02:09,065 - INFO - num_full_subsets = 2
2025-12-14 01:02:09,121 - INFO - phi = [ 0.10174677  0.58481924  0.00801858 -0.94783092]
2025-12-14 01:02:09,165 - INFO - num_full_subsets = 2
2025-12-14 01:02:09,220 - INFO - phi = [-0.91737669 -0.66426754 -0.15769968  0.23339727]
2025-12-14 01:02:09,264 - INFO - num_full_subsets = 2
2025-12-14 01:02:09,319 - INFO - phi = [0.84839101 0.11301867 0.13540051 0.25855737]
2025-12-14 01:02:09,363 - INFO - num_full_subsets = 2
2025-12-14 01:02:09,419 - INFO - phi = [ 1.52297435  0.16815711  0.06971565 -0.96938153]
2025-12-14 01:02:09,463 - INFO - num_full_subsets = 2
2025-12-14 01:02:09,519 - INFO - phi = [ 0.03147128  0.08631948 -0.08247235 -0.21443736]
2025-12-14 01:02:09,563 - INFO - num_full_subsets = 2
2025-12-14 01:02:09,619 - INFO - phi = [-0.971904    0.41308081 -0.20421159  0.24439029]
2025-12-14 01:02:09,663 - INFO - num_full_subsets = 2
2025-12-14 01:02:09,719 - INFO - phi = [ 0.08799995 -0.71319329  0.14345591 -0.15185569]
2025-12-14 01:02:09,763 - INFO - num_full_subsets = 2
2025-12-14 01:02:09,818 - INFO - phi = [ 0.40069354 -0.82053921  0.11673779 -0.90147258]
2025-12-14 01:02:09,862 - INFO - num_full_subsets = 2
2025-12-14 01:02:09,918 - INFO - phi = [-0.46457778  0.69872211  0.30350661  0.31332634]
2025-12-14 01:02:09,962 - INFO - num_full_subsets = 2
2025-12-14 01:02:10,018 - INFO - phi = [ 2.16606702  0.05528426 -0.07764793  0.49042098]
2025-12-14 01:02:10,062 - INFO - num_full_subsets = 2
2025-12-14 01:02:10,118 - INFO - phi = [ 1.19457643  0.0235123   0.16896084 -0.95477501]
2025-12-14 01:02:10,161 - INFO - num_full_subsets = 2
2025-12-14 01:02:10,217 - INFO - phi = [-1.08085852 -0.41996148 -0.08325473 -0.44797507]
2025-12-14 01:02:10,261 - INFO - num_full_subsets = 2
2025-12-14 01:02:10,317 - INFO - phi = [0.76220604 0.12067917 0.03602522 0.52029403]
2025-12-14 01:02:10,361 - INFO - num_full_subsets = 2
2025-12-14 01:02:10,417 - INFO - phi = [0.7097942  0.12651632 0.30648249 0.30873023]
2025-12-14 01:02:10,460 - INFO - num_full_subsets = 2
2025-12-14 01:02:10,514 - INFO - phi = [-0.43282275 -0.8486147  -0.03333642 -0.55402376]
2025-12-14 01:02:10,558 - INFO - num_full_subsets = 2
2025-12-14 01:02:10,613 - INFO - phi = [ 2.07971778  0.22089094 -0.09065257  0.55441193]
2025-12-14 01:02:10,656 - INFO - num_full_subsets = 2
2025-12-14 01:02:10,711 - INFO - phi = [-0.97051859 -0.66612763 -0.06012536  0.32485442]
2025-12-14 01:02:10,754 - INFO - num_full_subsets = 2
2025-12-14 01:02:10,809 - INFO - phi = [-1.2541557  -0.52263587 -0.05842189 -0.24181758]
2025-12-14 01:02:10,852 - INFO - num_full_subsets = 2
2025-12-14 01:02:10,907 - INFO - phi = [ 0.23799809 -0.16503871  0.28122311 -0.30048288]
2025-12-14 01:02:10,950 - INFO - num_full_subsets = 2
2025-12-14 01:02:11,005 - INFO - phi = [ 2.48170854e-02  3.96101542e-04 -3.19905986e-02 -8.59637707e-01]
2025-12-14 01:02:11,049 - INFO - num_full_subsets = 2
2025-12-14 01:02:11,104 - INFO - phi = [-0.06691065  0.05798111 -0.37883682 -0.17458623]
2025-12-14 01:02:11,148 - INFO - num_full_subsets = 2
2025-12-14 01:02:11,203 - INFO - phi = [-0.91960775 -0.66170194  0.09176369 -0.52761165]
2025-12-14 01:02:11,246 - INFO - num_full_subsets = 2
2025-12-14 01:02:11,301 - INFO - phi = [ 0.31318154  0.25415908 -0.29204239  0.49612171]
2025-12-14 01:02:11,344 - INFO - num_full_subsets = 2
2025-12-14 01:02:11,398 - INFO - phi = [ 2.00863518  0.81440953 -0.04928851  0.28918969]
2025-12-14 01:02:11,441 - INFO - num_full_subsets = 2
2025-12-14 01:02:11,497 - INFO - phi = [ 2.04988874  0.86713307 -0.02464587  0.32087857]
2025-12-14 01:02:11,539 - INFO - num_full_subsets = 2
2025-12-14 01:02:11,594 - INFO - phi = [-0.38829674 -0.85613738 -0.09899214  0.37984172]
2025-12-14 01:02:11,638 - INFO - num_full_subsets = 2
2025-12-14 01:02:11,693 - INFO - phi = [-1.22763368 -0.39055524 -0.15048939 -0.24394087]
2025-12-14 01:02:11,736 - INFO - num_full_subsets = 2
2025-12-14 01:02:11,791 - INFO - phi = [ 0.77964272  0.92370196 -0.0450204   0.39268075]
2025-12-14 01:02:11,835 - INFO - num_full_subsets = 2
2025-12-14 01:02:11,891 - INFO - phi = [-0.13492196  0.12586504 -0.29860497  0.08570811]
2025-12-14 01:02:11,935 - INFO - num_full_subsets = 2
2025-12-14 01:02:11,991 - INFO - phi = [-0.75909939 -0.58998612 -0.0543478  -0.48378553]
2025-12-14 01:02:12,036 - INFO - num_full_subsets = 2
2025-12-14 01:02:12,091 - INFO - phi = [-1.06399831 -0.0985244   0.08491718 -0.25269534]
2025-12-14 01:02:12,134 - INFO - num_full_subsets = 2
2025-12-14 01:02:12,189 - INFO - phi = [ 0.94387734  1.0628294  -0.00435979  0.40806889]
2025-12-14 01:02:12,232 - INFO - num_full_subsets = 2
2025-12-14 01:02:12,287 - INFO - phi = [-0.09537613  0.03110376 -0.17361172  0.26903281]
2025-12-14 01:02:12,329 - INFO - num_full_subsets = 2
2025-12-14 01:02:12,384 - INFO - phi = [0.84839101 0.11301867 0.13540051 0.25855737]
2025-12-14 01:02:12,427 - INFO - num_full_subsets = 2
2025-12-14 01:02:12,484 - INFO - phi = [0.09534944 0.19589978 0.1000398  0.37133677]
2025-12-14 01:02:12,527 - INFO - num_full_subsets = 2
2025-12-14 01:02:12,582 - INFO - phi = [ 0.82585129  0.09476197 -0.071874    0.18578451]
2025-12-14 01:02:12,625 - INFO - num_full_subsets = 2
2025-12-14 01:02:12,680 - INFO - phi = [ 0.13359297  0.02657926 -0.28096078  0.40604859]
2025-12-14 01:02:12,724 - INFO - num_full_subsets = 2
2025-12-14 01:02:12,779 - INFO - phi = [-0.48314412 -0.80854012  0.11742615 -0.82484472]
2025-12-14 01:02:12,822 - INFO - num_full_subsets = 2
2025-12-14 01:02:12,877 - INFO - phi = [ 0.02615457  0.60681274  0.08095924 -0.98926198]
2025-12-14 01:02:12,920 - INFO - num_full_subsets = 2
2025-12-14 01:02:12,975 - INFO - phi = [ 1.48370943 -0.3029252   0.53599478 -0.85856419]
2025-12-14 01:02:13,018 - INFO - num_full_subsets = 2
2025-12-14 01:02:13,073 - INFO - phi = [-1.33432403 -0.68793778  0.16045625  0.2894629 ]
2025-12-14 01:02:13,117 - INFO - num_full_subsets = 2
2025-12-14 01:02:13,171 - INFO - phi = [0.28974587 0.8594757  0.25384603 0.48500836]
2025-12-14 01:02:13,214 - INFO - num_full_subsets = 2
2025-12-14 01:02:13,269 - INFO - phi = [ 0.04596381  0.42811053 -0.01306854 -0.3704722 ]
2025-12-14 01:02:13,312 - INFO - num_full_subsets = 2
2025-12-14 01:02:13,366 - INFO - phi = [ 2.08010995  0.67379689 -0.00703848  0.60257705]
2025-12-14 01:02:13,410 - INFO - num_full_subsets = 2
2025-12-14 01:02:13,464 - INFO - phi = [ 0.0350398   0.20512263 -0.08692772  0.45648646]
2025-12-14 01:02:13,507 - INFO - num_full_subsets = 2
2025-12-14 01:02:13,561 - INFO - phi = [-1.02975447 -0.55265028 -0.04073942 -0.12371054]
2025-12-14 01:02:13,605 - INFO - num_full_subsets = 2
2025-12-14 01:02:13,659 - INFO - phi = [-1.5161693  -0.40129018 -0.02053836  0.01300303]
2025-12-14 01:02:13,702 - INFO - num_full_subsets = 2
2025-12-14 01:02:13,757 - INFO - phi = [-1.60343655 -0.05342665  0.09880083 -0.2100467 ]
2025-12-14 01:02:13,800 - INFO - num_full_subsets = 2
2025-12-14 01:02:13,855 - INFO - phi = [-0.80082747 -0.68816182 -0.15163264 -0.27468661]
2025-12-14 01:02:13,898 - INFO - num_full_subsets = 2
2025-12-14 01:02:13,953 - INFO - phi = [1.21550697 0.25277306 0.00728441 0.46265058]
2025-12-14 01:02:13,997 - INFO - num_full_subsets = 2
2025-12-14 01:02:14,052 - INFO - phi = [-0.00393666 -0.04401129 -0.09864228 -0.82676474]
2025-12-14 01:02:14,095 - INFO - num_full_subsets = 2
2025-12-14 01:02:14,151 - INFO - phi = [-1.35055555 -0.53599736  0.07817675 -0.15348545]
2025-12-14 01:02:14,195 - INFO - num_full_subsets = 2
2025-12-14 01:02:14,250 - INFO - phi = [ 0.08860118  0.00588418 -0.02951967 -0.57514058]
2025-12-14 01:02:14,293 - INFO - num_full_subsets = 2
2025-12-14 01:02:14,348 - INFO - phi = [ 2.0848742   0.20801883 -0.03170235  0.56885064]
2025-12-14 01:02:14,391 - INFO - num_full_subsets = 2
2025-12-14 01:02:14,446 - INFO - phi = [ 1.78349120e+00 -2.92570550e-04  9.38496796e-02  5.61517072e-01]
2025-12-14 01:02:14,489 - INFO - num_full_subsets = 2
2025-12-14 01:02:14,544 - INFO - phi = [ 0.9971717  -0.36546951 -0.1080928   0.27235827]
2025-12-14 01:02:14,588 - INFO - num_full_subsets = 2
2025-12-14 01:02:14,644 - INFO - phi = [-1.11891145 -0.03763205 -0.0895021   0.23355598]
2025-12-14 01:02:14,688 - INFO - num_full_subsets = 2
2025-12-14 01:02:14,744 - INFO - phi = [-1.48271146 -0.50890435 -0.05424491  0.12064578]
2025-12-14 01:02:14,787 - INFO - num_full_subsets = 2
2025-12-14 01:02:14,843 - INFO - phi = [ 0.64075896  0.08889182 -0.04313475  0.7287277 ]
2025-12-14 01:02:14,886 - INFO - num_full_subsets = 2
2025-12-14 01:02:14,941 - INFO - phi = [ 0.14492473  0.49484319 -0.00544313 -0.36588414]
2025-12-14 01:02:14,985 - INFO - num_full_subsets = 2
2025-12-14 01:02:15,040 - INFO - phi = [0.54082992 0.25280184 0.0336831  0.11387393]
2025-12-14 01:02:15,084 - INFO - num_full_subsets = 2
2025-12-14 01:02:15,140 - INFO - phi = [ 1.33612838  0.35797359  0.25912109 -1.01262617]
2025-12-14 01:02:15,183 - INFO - num_full_subsets = 2
2025-12-14 01:02:15,238 - INFO - phi = [-0.81563905 -0.68767356  0.06258404 -0.56583158]
2025-12-14 01:02:15,281 - INFO - num_full_subsets = 2
2025-12-14 01:02:15,336 - INFO - phi = [ 0.58196633  0.11165061 -0.09559327  0.51841833]
2025-12-14 01:02:15,379 - INFO - num_full_subsets = 2
2025-12-14 01:02:15,434 - INFO - phi = [ 0.69087636  0.77240714 -0.00493373  0.4481443 ]
2025-12-14 01:02:15,477 - INFO - num_full_subsets = 2
2025-12-14 01:02:15,532 - INFO - phi = [ 1.73113441  0.13252483 -0.23244777  0.45440224]
2025-12-14 01:02:15,575 - INFO - num_full_subsets = 2
2025-12-14 01:02:15,630 - INFO - phi = [-1.57842214  0.1803585  -0.17277039  0.24148736]
2025-12-14 01:02:15,674 - INFO - num_full_subsets = 2
2025-12-14 01:02:15,729 - INFO - phi = [0.12769762 0.19084087 0.33839984 0.15976475]
2025-12-14 01:02:15,772 - INFO - num_full_subsets = 2
2025-12-14 01:02:15,827 - INFO - phi = [-0.09537613  0.03110376 -0.17361172  0.26903281]
2025-12-14 01:02:15,870 - INFO - num_full_subsets = 2
2025-12-14 01:02:15,925 - INFO - phi = [ 0.16061457 -0.14813063  0.31940756  0.82483356]
2025-12-14 01:02:15,969 - INFO - num_full_subsets = 2
2025-12-14 01:02:16,024 - INFO - phi = [0.21758852 0.08337442 0.0758584  0.46071625]
2025-12-14 01:02:16,067 - INFO - num_full_subsets = 2
2025-12-14 01:02:16,123 - INFO - phi = [-0.95673779 -0.0695058   0.14609826  0.33303891]
2025-12-14 01:02:16,166 - INFO - num_full_subsets = 2
2025-12-14 01:02:16,221 - INFO - phi = [-0.99285539 -0.57595545 -0.05582142 -0.17916084]
2025-12-14 01:02:16,264 - INFO - num_full_subsets = 2
2025-12-14 01:02:16,319 - INFO - phi = [ 0.11622823 -0.41507422  0.02862559 -0.80485686]
2025-12-14 01:02:16,362 - INFO - num_full_subsets = 2
2025-12-14 01:02:16,416 - INFO - phi = [ 2.10825764  0.18129261 -0.0681782   0.51090807]
2025-12-14 01:02:16,459 - INFO - num_full_subsets = 2
2025-12-14 01:02:16,514 - INFO - phi = [ 1.89217144  0.23159925 -0.1158642   0.43235555]
2025-12-14 01:02:16,558 - INFO - num_full_subsets = 2
2025-12-14 01:02:16,613 - INFO - phi = [-1.39147848  0.54206586 -0.05148671 -0.03346484]
2025-12-14 01:02:16,656 - INFO - num_full_subsets = 2
2025-12-14 01:02:16,711 - INFO - phi = [-0.88215253 -0.6912627  -0.14200386 -0.09595144]
2025-12-14 01:02:16,754 - INFO - num_full_subsets = 2
2025-12-14 01:02:16,808 - INFO - phi = [-0.33244929 -0.45123257 -0.01466673 -0.73521115]
2025-12-14 01:02:16,851 - INFO - num_full_subsets = 2
2025-12-14 01:02:16,905 - INFO - phi = [-0.04467683  0.09204529 -0.27905414 -0.24984358]
2025-12-14 01:02:16,949 - INFO - num_full_subsets = 2
2025-12-14 01:02:17,005 - INFO - phi = [ 0.12918309  0.05564832  0.23066137 -0.58684846]
2025-12-14 01:02:17,049 - INFO - num_full_subsets = 2
2025-12-14 01:02:17,105 - INFO - phi = [-0.74017199  0.53001298 -0.10194007 -0.17426174]
2025-12-14 01:02:17,148 - INFO - num_full_subsets = 2
2025-12-14 01:02:17,204 - INFO - phi = [-1.65796535  0.35638149 -0.06661123 -0.22179497]
2025-12-14 01:02:17,247 - INFO - num_full_subsets = 2
2025-12-14 01:02:17,301 - INFO - phi = [-1.91263841 -0.06158938 -0.08557969  0.1062253 ]
2025-12-14 01:02:17,345 - INFO - num_full_subsets = 2
2025-12-14 01:02:17,400 - INFO - phi = [-1.42940984  0.44272775 -0.16402281  0.21360497]
2025-12-14 01:02:17,443 - INFO - num_full_subsets = 2
2025-12-14 01:02:17,497 - INFO - phi = [-0.64248925 -0.16708666 -0.09104823  0.22578292]
2025-12-14 01:02:17,541 - INFO - num_full_subsets = 2
2025-12-14 01:02:17,595 - INFO - phi = [-0.08895536  0.76621285 -0.33921487 -0.37550632]
2025-12-14 01:02:17,638 - INFO - num_full_subsets = 2
2025-12-14 01:02:17,693 - INFO - phi = [-0.42443061 -0.90444806 -0.01783806 -0.47027927]
2025-12-14 01:02:17,736 - INFO - num_full_subsets = 2
2025-12-14 01:02:17,791 - INFO - phi = [-1.52056509 -0.38884711 -0.1337705   0.19810014]
2025-12-14 01:02:17,834 - INFO - num_full_subsets = 2
2025-12-14 01:02:17,889 - INFO - phi = [-1.09926194 -0.68363248 -0.05332314  0.20640253]
2025-12-14 01:02:18,400 - INFO - Computing feature importance...
2025-12-14 01:02:24,981 - INFO - Experiment completed for NGBoost
2025-12-14 01:02:24,981 - INFO - Total time: 310.07s (5.17 min)
2025-12-14 01:02:24,982 - INFO - Starting comprehensive experiment for NGBoost
2025-12-14 01:02:33,461 - INFO - Performing feature analysis...
2025-12-14 01:02:34,651 - INFO - Model justification: Probabilistic forecasting with natural gradient boosting, provides uncertainty quantification
2025-12-14 01:02:34,652 - INFO - Performing robust cross-validation...
2025-12-14 01:03:13,026 - INFO - CV Results - MSE: 0.8106 ± 0.1110
2025-12-14 01:03:13,026 - INFO - Starting hyperparameter optimization...
2025-12-14 01:05:43,812 - INFO - Best parameters for NGBoost: {'n_estimators': 103, 'learning_rate': 0.050591160258094334, 'minibatch_frac': 0.4480992487899915, 'natural_gradient': True}
2025-12-14 01:05:43,812 - INFO - ⏱️ HPO took 150.79 seconds
2025-12-14 01:05:43,812 - INFO - Training final model...
2025-12-14 01:05:44,302 - INFO - ⏱️ Training took 0.49 seconds
2025-12-14 01:05:44,302 - INFO - Performing residual analysis...
2025-12-14 01:05:45,346 - INFO - Generating XAI explanations...
2025-12-14 01:05:45,361 - WARNING - Using 168 background data samples could cause slower run times. Consider using shap.sample(data, K) or shap.kmeans(data, K) to summarize the background as K samples.
2025-12-14 01:05:45,389 - INFO - num_full_subsets = 2
2025-12-14 01:05:45,416 - INFO - phi = [-1.06775384 -0.64941491 -0.31855972 -0.13426207]
2025-12-14 01:05:45,444 - INFO - num_full_subsets = 2
2025-12-14 01:05:45,471 - INFO - phi = [-0.38056667  1.3319361   0.16916362  0.20521637]
2025-12-14 01:05:45,499 - INFO - num_full_subsets = 2
2025-12-14 01:05:45,526 - INFO - phi = [-0.99211963 -0.77093881  0.04643915  0.17564546]
2025-12-14 01:05:45,554 - INFO - num_full_subsets = 2
2025-12-14 01:05:45,582 - INFO - phi = [-1.09423686 -0.67446159  0.01718645 -0.10598654]
2025-12-14 01:05:45,610 - INFO - num_full_subsets = 2
2025-12-14 01:05:45,638 - INFO - phi = [ 0.32701237 -0.03309715 -0.27867773 -0.27785444]
2025-12-14 01:05:45,666 - INFO - num_full_subsets = 2
2025-12-14 01:05:45,693 - INFO - phi = [ 0.34785203  0.0486852  -0.08192205  0.34820713]
2025-12-14 01:05:45,721 - INFO - num_full_subsets = 2
2025-12-14 01:05:45,748 - INFO - phi = [-0.83125723  1.3681348   0.01786329  0.16312331]
2025-12-14 01:05:45,776 - INFO - num_full_subsets = 2
2025-12-14 01:05:45,804 - INFO - phi = [-1.09179115 -0.54340926 -0.07332609 -0.29397891]
2025-12-14 01:05:45,831 - INFO - num_full_subsets = 2
2025-12-14 01:05:45,858 - INFO - phi = [ 0.56398042 -0.05729982 -0.05473087  0.45672856]
2025-12-14 01:05:45,886 - INFO - num_full_subsets = 2
2025-12-14 01:05:45,913 - INFO - phi = [-0.83792799 -0.74097807  0.03964306 -0.31975294]
2025-12-14 01:05:45,941 - INFO - num_full_subsets = 2
2025-12-14 01:05:45,968 - INFO - phi = [-1.07524026  0.38562657 -0.22007327  0.2170274 ]
2025-12-14 01:05:45,996 - INFO - num_full_subsets = 2
2025-12-14 01:05:46,023 - INFO - phi = [-0.77668813 -0.42178048  0.02142276 -0.43538264]
2025-12-14 01:05:46,051 - INFO - num_full_subsets = 2
2025-12-14 01:05:46,078 - INFO - phi = [ 1.35629995 -0.24074586  0.09997958  0.44064812]
2025-12-14 01:05:46,106 - INFO - num_full_subsets = 2
2025-12-14 01:05:46,133 - INFO - phi = [ 0.89329797 -0.03194962  0.17542023  0.40959123]
2025-12-14 01:05:46,162 - INFO - num_full_subsets = 2
2025-12-14 01:05:46,189 - INFO - phi = [-1.36483066 -0.23789427  0.02439723 -0.18328189]
2025-12-14 01:05:46,217 - INFO - num_full_subsets = 2
2025-12-14 01:05:46,244 - INFO - phi = [ 1.54926621  0.68241933 -0.00579194 -0.11342724]
2025-12-14 01:05:46,272 - INFO - num_full_subsets = 2
2025-12-14 01:05:46,299 - INFO - phi = [2.3213997  0.30313889 0.02064818 0.48540552]
2025-12-14 01:05:46,327 - INFO - num_full_subsets = 2
2025-12-14 01:05:46,354 - INFO - phi = [ 0.48833143  0.26903339 -0.12259559  0.57925643]
2025-12-14 01:05:46,382 - INFO - num_full_subsets = 2
2025-12-14 01:05:46,409 - INFO - phi = [-0.76871306 -0.27521537  0.05421852  0.66892235]
2025-12-14 01:05:46,436 - INFO - num_full_subsets = 2
2025-12-14 01:05:46,463 - INFO - phi = [ 0.82098678  0.16121092 -0.33767935  0.27817035]
2025-12-14 01:05:46,491 - INFO - num_full_subsets = 2
2025-12-14 01:05:46,518 - INFO - phi = [-1.39153884 -0.49371068 -0.15107282  0.07418729]
2025-12-14 01:05:46,546 - INFO - num_full_subsets = 2
2025-12-14 01:05:46,573 - INFO - phi = [ 6.73927520e-01 -8.67008843e-01  5.41624026e-04  3.48114937e-01]
2025-12-14 01:05:46,601 - INFO - num_full_subsets = 2
2025-12-14 01:05:46,628 - INFO - phi = [ 0.1401643  -0.68112086  0.38048567 -0.7100684 ]
2025-12-14 01:05:46,656 - INFO - num_full_subsets = 2
2025-12-14 01:05:46,683 - INFO - phi = [ 0.42196191 -0.62825312  0.46650862 -0.70536264]
2025-12-14 01:05:46,711 - INFO - num_full_subsets = 2
2025-12-14 01:05:46,737 - INFO - phi = [ 0.33082874 -0.04235046  0.08635774 -0.60266819]
2025-12-14 01:05:46,765 - INFO - num_full_subsets = 2
2025-12-14 01:05:46,792 - INFO - phi = [-1.13974032 -0.19265533  0.0132419  -0.27416181]
2025-12-14 01:05:46,820 - INFO - num_full_subsets = 2
2025-12-14 01:05:46,847 - INFO - phi = [-1.63975392  0.54840715 -0.10629907  0.06505561]
2025-12-14 01:05:46,874 - INFO - num_full_subsets = 2
2025-12-14 01:05:46,902 - INFO - phi = [-1.36353105 -0.59056279 -0.02440708  0.09883778]
2025-12-14 01:05:46,929 - INFO - num_full_subsets = 2
2025-12-14 01:05:46,956 - INFO - phi = [0.47620261 0.23747837 0.04803258 0.391764  ]
2025-12-14 01:05:46,984 - INFO - num_full_subsets = 2
2025-12-14 01:05:47,012 - INFO - phi = [-0.69621471 -0.84023647 -0.02887703 -0.47385756]
2025-12-14 01:05:47,040 - INFO - num_full_subsets = 2
2025-12-14 01:05:47,067 - INFO - phi = [ 0.35647878  0.3192051   0.15510113 -0.30485314]
2025-12-14 01:05:47,095 - INFO - num_full_subsets = 2
2025-12-14 01:05:47,122 - INFO - phi = [1.43804074 0.13151609 0.00553668 0.43010525]
2025-12-14 01:05:47,150 - INFO - num_full_subsets = 2
2025-12-14 01:05:47,177 - INFO - phi = [0.82324921 0.76155628 0.04826296 0.6312803 ]
2025-12-14 01:05:47,205 - INFO - num_full_subsets = 2
2025-12-14 01:05:47,233 - INFO - phi = [ 0.20476649  0.67845786  0.09631388 -0.2678547 ]
2025-12-14 01:05:47,260 - INFO - num_full_subsets = 2
2025-12-14 01:05:47,288 - INFO - phi = [ 0.89745203  0.06859788 -0.18232371  0.38053796]
2025-12-14 01:05:47,315 - INFO - num_full_subsets = 2
2025-12-14 01:05:47,343 - INFO - phi = [ 0.27530875  0.55954878 -0.27876904 -0.34626719]
2025-12-14 01:05:47,371 - INFO - num_full_subsets = 2
2025-12-14 01:05:47,398 - INFO - phi = [ 0.32391069  0.58345536 -0.03701286  0.46030012]
2025-12-14 01:05:47,425 - INFO - num_full_subsets = 2
2025-12-14 01:05:47,452 - INFO - phi = [-0.13524509 -0.67447223  0.33961501 -0.73780711]
2025-12-14 01:05:47,480 - INFO - num_full_subsets = 2
2025-12-14 01:05:47,508 - INFO - phi = [-0.56384718  0.54494054 -0.32583391  0.2018909 ]
2025-12-14 01:05:47,535 - INFO - num_full_subsets = 2
2025-12-14 01:05:47,562 - INFO - phi = [ 1.14564106 -0.01779982  0.02212982 -0.41486   ]
2025-12-14 01:05:47,590 - INFO - num_full_subsets = 2
2025-12-14 01:05:47,617 - INFO - phi = [-0.8927594  -0.76811035  0.10277291 -0.07904222]
2025-12-14 01:05:47,644 - INFO - num_full_subsets = 2
2025-12-14 01:05:47,671 - INFO - phi = [ 2.09008644  0.51744454  0.14988443 -0.2625906 ]
2025-12-14 01:05:47,699 - INFO - num_full_subsets = 2
2025-12-14 01:05:47,726 - INFO - phi = [ 0.15030433  0.24818453 -0.16574899 -0.56298371]
2025-12-14 01:05:47,754 - INFO - num_full_subsets = 2
2025-12-14 01:05:47,782 - INFO - phi = [1.17502218 0.33867325 0.24491281 0.37903031]
2025-12-14 01:05:47,809 - INFO - num_full_subsets = 2
2025-12-14 01:05:47,837 - INFO - phi = [0.62956958 0.24256943 0.24278034 0.3231903 ]
2025-12-14 01:05:47,864 - INFO - num_full_subsets = 2
2025-12-14 01:05:47,892 - INFO - phi = [-0.94888645 -0.69518399  0.00630192 -0.33459888]
2025-12-14 01:05:47,920 - INFO - num_full_subsets = 2
2025-12-14 01:05:47,947 - INFO - phi = [-0.16532367 -0.71437322  0.12207251 -0.53973402]
2025-12-14 01:05:47,974 - INFO - num_full_subsets = 2
2025-12-14 01:05:48,002 - INFO - phi = [ 2.19975508  0.29968381 -0.00314608  0.4892725 ]
2025-12-14 01:05:48,030 - INFO - num_full_subsets = 2
2025-12-14 01:05:48,057 - INFO - phi = [ 0.15555362  0.55281381 -0.01987022 -0.85850357]
2025-12-14 01:05:48,085 - INFO - num_full_subsets = 2
2025-12-14 01:05:48,112 - INFO - phi = [0.80236695 0.69628301 0.03264089 0.61271475]
2025-12-14 01:05:48,140 - INFO - num_full_subsets = 2
2025-12-14 01:05:48,168 - INFO - phi = [-1.14319139 -0.27443144 -0.09691614 -0.10014064]
2025-12-14 01:05:48,196 - INFO - num_full_subsets = 2
2025-12-14 01:05:48,224 - INFO - phi = [0.56995852 0.6163666  0.16661343 0.46810004]
2025-12-14 01:05:48,252 - INFO - num_full_subsets = 2
2025-12-14 01:05:48,279 - INFO - phi = [-0.44975783 -0.88940138 -0.02130279  0.09770642]
2025-12-14 01:05:48,307 - INFO - num_full_subsets = 2
2025-12-14 01:05:48,335 - INFO - phi = [-0.87589202 -0.62944865 -0.08108332 -0.38500987]
2025-12-14 01:05:48,363 - INFO - num_full_subsets = 2
2025-12-14 01:05:48,391 - INFO - phi = [ 0.55554874 -0.20554404 -0.23210258  0.23456399]
2025-12-14 01:05:48,418 - INFO - num_full_subsets = 2
2025-12-14 01:05:48,446 - INFO - phi = [ 0.29479705  0.34165992 -0.03707412 -0.3342481 ]
2025-12-14 01:05:48,473 - INFO - num_full_subsets = 2
2025-12-14 01:05:48,501 - INFO - phi = [0.28629857 0.1843147  0.13074568 0.3504455 ]
2025-12-14 01:05:48,528 - INFO - num_full_subsets = 2
2025-12-14 01:05:48,555 - INFO - phi = [0.88275538 0.19566622 0.33349322 0.36013064]
2025-12-14 01:05:48,583 - INFO - num_full_subsets = 2
2025-12-14 01:05:48,611 - INFO - phi = [ 0.3094829   0.26030594  0.20994129 -0.38658644]
2025-12-14 01:05:48,638 - INFO - num_full_subsets = 2
2025-12-14 01:05:48,665 - INFO - phi = [ 0.97528659 -0.00173476 -0.02720646  0.7951492 ]
2025-12-14 01:05:48,693 - INFO - num_full_subsets = 2
2025-12-14 01:05:48,720 - INFO - phi = [-0.84602988  0.44082418 -0.297565    0.11798867]
2025-12-14 01:05:48,747 - INFO - num_full_subsets = 2
2025-12-14 01:05:48,775 - INFO - phi = [ 0.19151502  1.00195825 -0.00619065  0.29659837]
2025-12-14 01:05:48,803 - INFO - num_full_subsets = 2
2025-12-14 01:05:48,830 - INFO - phi = [ 0.24646099  0.05362274 -0.10924238 -0.37459671]
2025-12-14 01:05:48,857 - INFO - num_full_subsets = 2
2025-12-14 01:05:48,885 - INFO - phi = [0.35353584 0.14519351 0.21637536 0.34940805]
2025-12-14 01:05:48,913 - INFO - num_full_subsets = 2
2025-12-14 01:05:48,940 - INFO - phi = [ 0.17334539  0.61429761 -0.0855208  -0.61618788]
2025-12-14 01:05:48,967 - INFO - num_full_subsets = 2
2025-12-14 01:05:48,994 - INFO - phi = [-0.99705911 -0.71759095  0.04352974 -0.21120345]
2025-12-14 01:05:49,023 - INFO - num_full_subsets = 2
2025-12-14 01:05:49,050 - INFO - phi = [ 0.14937089  0.36999007 -0.19655585 -0.03104224]
2025-12-14 01:05:49,078 - INFO - num_full_subsets = 2
2025-12-14 01:05:49,106 - INFO - phi = [1.403035   0.44397068 0.10792793 0.44567737]
2025-12-14 01:05:49,134 - INFO - num_full_subsets = 2
2025-12-14 01:05:49,161 - INFO - phi = [ 0.32623474  0.12068695 -0.24440854 -0.14854303]
2025-12-14 01:05:49,189 - INFO - num_full_subsets = 2
2025-12-14 01:05:49,217 - INFO - phi = [ 0.32701237 -0.03309715 -0.27867773 -0.27785444]
2025-12-14 01:05:49,245 - INFO - num_full_subsets = 2
2025-12-14 01:05:49,272 - INFO - phi = [ 0.82719692  0.10728827 -0.21729393  0.43815175]
2025-12-14 01:05:49,300 - INFO - num_full_subsets = 2
2025-12-14 01:05:49,327 - INFO - phi = [1.03522027 0.25424456 0.26387095 0.4303071 ]
2025-12-14 01:05:49,355 - INFO - num_full_subsets = 2
2025-12-14 01:05:49,382 - INFO - phi = [1.13960919 0.29128035 0.10176641 0.43882725]
2025-12-14 01:05:49,410 - INFO - num_full_subsets = 2
2025-12-14 01:05:49,437 - INFO - phi = [-1.07324941 -0.58485991 -0.05570948 -0.32904213]
2025-12-14 01:05:49,465 - INFO - num_full_subsets = 2
2025-12-14 01:05:49,493 - INFO - phi = [ 0.40347195 -0.00276403  0.08608747  0.43253652]
2025-12-14 01:05:49,520 - INFO - num_full_subsets = 2
2025-12-14 01:05:49,547 - INFO - phi = [ 0.62593374 -0.17174287 -0.04555361  0.43173789]
2025-12-14 01:05:49,575 - INFO - num_full_subsets = 2
2025-12-14 01:05:49,603 - INFO - phi = [-1.1021702   0.18800875  0.05752997 -0.08167449]
2025-12-14 01:05:49,630 - INFO - num_full_subsets = 2
2025-12-14 01:05:49,657 - INFO - phi = [0.91404156 0.38412148 0.15090724 0.62811739]
2025-12-14 01:05:49,685 - INFO - num_full_subsets = 2
2025-12-14 01:05:49,713 - INFO - phi = [ 0.4073928   0.0537812  -0.35611184  0.41203354]
2025-12-14 01:05:49,740 - INFO - num_full_subsets = 2
2025-12-14 01:05:49,768 - INFO - phi = [-1.04093236 -0.42264285 -0.14725979 -0.32121933]
2025-12-14 01:05:49,796 - INFO - num_full_subsets = 2
2025-12-14 01:05:49,823 - INFO - phi = [-1.27929742 -0.34565595  0.01799522 -0.22482841]
2025-12-14 01:05:49,850 - INFO - num_full_subsets = 2
2025-12-14 01:05:49,878 - INFO - phi = [-0.94842134  0.0423738   0.07113525  0.17196157]
2025-12-14 01:05:49,906 - INFO - num_full_subsets = 2
2025-12-14 01:05:49,933 - INFO - phi = [0.42286364 0.29055387 0.25144306 0.42151039]
2025-12-14 01:05:49,961 - INFO - num_full_subsets = 2
2025-12-14 01:05:49,988 - INFO - phi = [ 0.57485356  0.2347227   0.56693666 -0.76376154]
2025-12-14 01:05:50,016 - INFO - num_full_subsets = 2
2025-12-14 01:05:50,044 - INFO - phi = [0.27948609 0.37159522 0.02766489 0.65650278]
2025-12-14 01:05:50,072 - INFO - num_full_subsets = 2
2025-12-14 01:05:50,099 - INFO - phi = [-1.13219221  0.38992884 -0.03499195 -0.08748839]
2025-12-14 01:05:50,127 - INFO - num_full_subsets = 2
2025-12-14 01:05:50,155 - INFO - phi = [-1.20400821 -0.5513835  -0.26089138  0.2301634 ]
2025-12-14 01:05:50,183 - INFO - num_full_subsets = 2
2025-12-14 01:05:50,210 - INFO - phi = [-1.29313657 -0.15431432 -0.06405338  0.0952808 ]
2025-12-14 01:05:50,238 - INFO - num_full_subsets = 2
2025-12-14 01:05:50,265 - INFO - phi = [-1.14066925 -0.63266719 -0.04607645 -0.22646009]
2025-12-14 01:05:50,293 - INFO - num_full_subsets = 2
2025-12-14 01:05:50,320 - INFO - phi = [-0.79528774 -0.75254687 -0.20113783 -0.30991443]
2025-12-14 01:05:50,348 - INFO - num_full_subsets = 2
2025-12-14 01:05:50,375 - INFO - phi = [-1.66790718 -0.07326928 -0.01886921  0.18087883]
2025-12-14 01:05:50,403 - INFO - num_full_subsets = 2
2025-12-14 01:05:50,430 - INFO - phi = [1.73662469 0.26213253 0.05026922 0.449918  ]
2025-12-14 01:05:50,458 - INFO - num_full_subsets = 2
2025-12-14 01:05:50,486 - INFO - phi = [-0.41191313 -0.89194028  0.02122999 -0.60684448]
2025-12-14 01:05:50,513 - INFO - num_full_subsets = 2
2025-12-14 01:05:50,541 - INFO - phi = [ 6.73927520e-01 -8.67008843e-01  5.41624026e-04  3.48114937e-01]
2025-12-14 01:05:50,569 - INFO - num_full_subsets = 2
2025-12-14 01:05:50,596 - INFO - phi = [-0.86515701 -0.80196203 -0.0101818   0.36710303]
2025-12-14 01:05:50,624 - INFO - num_full_subsets = 2
2025-12-14 01:05:50,651 - INFO - phi = [-0.89542927 -0.73051859 -0.01785379 -0.38962006]
2025-12-14 01:05:50,679 - INFO - num_full_subsets = 2
2025-12-14 01:05:50,706 - INFO - phi = [ 0.55698347  0.2208568  -0.14671301  0.43886599]
2025-12-14 01:05:50,734 - INFO - num_full_subsets = 2
2025-12-14 01:05:50,762 - INFO - phi = [-1.03935177 -0.54187538 -0.06839734 -0.15289243]
2025-12-14 01:05:50,789 - INFO - num_full_subsets = 2
2025-12-14 01:05:50,816 - INFO - phi = [-0.70015042  0.49568354  0.21405644  0.12043238]
2025-12-14 01:05:50,844 - INFO - num_full_subsets = 2
2025-12-14 01:05:50,871 - INFO - phi = [-0.3217896  -0.93599534 -0.0649801   0.20434005]
2025-12-14 01:05:50,899 - INFO - num_full_subsets = 2
2025-12-14 01:05:50,926 - INFO - phi = [ 0.37849293 -0.00201325  0.06950447 -0.69713567]
2025-12-14 01:05:50,954 - INFO - num_full_subsets = 2
2025-12-14 01:05:50,981 - INFO - phi = [0.81557918 0.68457898 0.20803619 0.50456072]
2025-12-14 01:05:51,009 - INFO - num_full_subsets = 2
2025-12-14 01:05:51,037 - INFO - phi = [ 0.31384223  0.5330993  -0.12609352 -0.08629812]
2025-12-14 01:05:51,065 - INFO - num_full_subsets = 2
2025-12-14 01:05:51,092 - INFO - phi = [-1.08254499 -0.58730769 -0.1176684  -0.31001928]
2025-12-14 01:05:51,120 - INFO - num_full_subsets = 2
2025-12-14 01:05:51,147 - INFO - phi = [-1.13042964 -0.35314637  0.00640345 -0.39187024]
2025-12-14 01:05:51,174 - INFO - num_full_subsets = 2
2025-12-14 01:05:51,201 - INFO - phi = [-1.15234283 -0.58555745 -0.01322171 -0.22804444]
2025-12-14 01:05:51,229 - INFO - num_full_subsets = 2
2025-12-14 01:05:51,256 - INFO - phi = [ 0.10034348  0.46693362 -0.03266122 -0.79044421]
2025-12-14 01:05:51,284 - INFO - num_full_subsets = 2
2025-12-14 01:05:51,312 - INFO - phi = [-1.63897177 -0.22651293 -0.02141237  0.24611745]
2025-12-14 01:05:51,339 - INFO - num_full_subsets = 2
2025-12-14 01:05:51,366 - INFO - phi = [-1.23188626  0.20779803 -0.01905053  0.21428568]
2025-12-14 01:05:51,394 - INFO - num_full_subsets = 2
2025-12-14 01:05:51,421 - INFO - phi = [ 2.06991463  0.32141575 -0.05206035  0.37516028]
2025-12-14 01:05:51,449 - INFO - num_full_subsets = 2
2025-12-14 01:05:51,476 - INFO - phi = [ 0.94557358  0.48806118 -0.43845012 -0.06890691]
2025-12-14 01:05:51,503 - INFO - num_full_subsets = 2
2025-12-14 01:05:51,531 - INFO - phi = [-0.82743614 -0.6492027  -0.28492848 -0.07044839]
2025-12-14 01:05:51,558 - INFO - num_full_subsets = 2
2025-12-14 01:05:51,585 - INFO - phi = [-1.01513879 -0.60339457  0.05191617 -0.32441725]
2025-12-14 01:05:51,613 - INFO - num_full_subsets = 2
2025-12-14 01:05:51,640 - INFO - phi = [1.28236144 0.36402938 0.13909826 0.4474446 ]
2025-12-14 01:05:51,668 - INFO - num_full_subsets = 2
2025-12-14 01:05:51,695 - INFO - phi = [ 1.60858909  0.60851678 -0.01360431 -0.36577925]
2025-12-14 01:05:51,723 - INFO - num_full_subsets = 2
2025-12-14 01:05:51,750 - INFO - phi = [0.47679694 0.47998423 0.18656628 0.52403644]
2025-12-14 01:05:51,778 - INFO - num_full_subsets = 2
2025-12-14 01:05:51,805 - INFO - phi = [ 0.45412635 -0.82608526  0.02618796 -0.41971517]
2025-12-14 01:05:51,832 - INFO - num_full_subsets = 2
2025-12-14 01:05:51,860 - INFO - phi = [ 1.13498314 -0.08595286  0.01671652 -0.21522832]
2025-12-14 01:05:51,888 - INFO - num_full_subsets = 2
2025-12-14 01:05:51,915 - INFO - phi = [ 0.26511545  0.0647103  -0.08962996 -0.26614676]
2025-12-14 01:05:51,942 - INFO - num_full_subsets = 2
2025-12-14 01:05:51,970 - INFO - phi = [ 0.19847644  0.60273609 -0.03359549 -0.58800802]
2025-12-14 01:05:51,997 - INFO - num_full_subsets = 2
2025-12-14 01:05:52,025 - INFO - phi = [-0.56384718  0.54494054 -0.32583391  0.2018909 ]
2025-12-14 01:05:52,053 - INFO - num_full_subsets = 2
2025-12-14 01:05:52,081 - INFO - phi = [-1.29252462 -0.66998481 -0.02657085  0.11040058]
2025-12-14 01:05:52,108 - INFO - num_full_subsets = 2
2025-12-14 01:05:52,136 - INFO - phi = [0.83407021 0.63118439 0.03141832 0.42535471]
2025-12-14 01:05:52,164 - INFO - num_full_subsets = 2
2025-12-14 01:05:52,191 - INFO - phi = [-0.73807441 -0.79299897 -0.02901541 -0.40628435]
2025-12-14 01:05:52,219 - INFO - num_full_subsets = 2
2025-12-14 01:05:52,246 - INFO - phi = [ 0.20424793  0.55148175  0.13346084 -0.86452741]
2025-12-14 01:05:52,274 - INFO - num_full_subsets = 2
2025-12-14 01:05:52,301 - INFO - phi = [ 0.75199603  0.32306657 -0.07548265 -0.22559237]
2025-12-14 01:05:52,329 - INFO - num_full_subsets = 2
2025-12-14 01:05:52,356 - INFO - phi = [-1.18173241  0.10144771  0.12010949 -0.23451852]
2025-12-14 01:05:52,383 - INFO - num_full_subsets = 2
2025-12-14 01:05:52,410 - INFO - phi = [-0.1094157   0.30594966  0.05081521 -0.04518579]
2025-12-14 01:05:52,438 - INFO - num_full_subsets = 2
2025-12-14 01:05:52,465 - INFO - phi = [-1.20883263 -0.5649115   0.12805318 -0.16180699]
2025-12-14 01:05:52,493 - INFO - num_full_subsets = 2
2025-12-14 01:05:52,520 - INFO - phi = [-0.65347574  0.20325852 -0.0799772   0.40584483]
2025-12-14 01:05:52,548 - INFO - num_full_subsets = 2
2025-12-14 01:05:52,575 - INFO - phi = [-1.28733635  0.55230263 -0.32156384 -0.05133073]
2025-12-14 01:05:52,603 - INFO - num_full_subsets = 2
2025-12-14 01:05:52,630 - INFO - phi = [ 0.04403273 -0.88337952  0.07001205  0.40991726]
2025-12-14 01:05:52,658 - INFO - num_full_subsets = 2
2025-12-14 01:05:52,686 - INFO - phi = [-1.41119467  0.64877529 -0.3561548   0.28452764]
2025-12-14 01:05:52,713 - INFO - num_full_subsets = 2
2025-12-14 01:05:52,740 - INFO - phi = [ 0.42146741 -0.01574395  0.10085916 -0.626392  ]
2025-12-14 01:05:52,768 - INFO - num_full_subsets = 2
2025-12-14 01:05:52,795 - INFO - phi = [-1.16591981 -0.34203629 -0.05496982 -0.38306765]
2025-12-14 01:05:52,823 - INFO - num_full_subsets = 2
2025-12-14 01:05:52,850 - INFO - phi = [ 0.24925393  0.63171277 -0.07203306 -0.34062613]
2025-12-14 01:05:52,877 - INFO - num_full_subsets = 2
2025-12-14 01:05:52,905 - INFO - phi = [ 0.23007437  0.29076057  0.19505857 -0.60002691]
2025-12-14 01:05:52,932 - INFO - num_full_subsets = 2
2025-12-14 01:05:52,959 - INFO - phi = [-1.0831309  -0.66093182 -0.01316363 -0.21005855]
2025-12-14 01:05:52,987 - INFO - num_full_subsets = 2
2025-12-14 01:05:53,015 - INFO - phi = [0.87757661 0.55986259 0.16570469 0.71399751]
2025-12-14 01:05:53,043 - INFO - num_full_subsets = 2
2025-12-14 01:05:53,070 - INFO - phi = [1.51141954 0.64776548 0.10641609 0.41366353]
2025-12-14 01:05:53,098 - INFO - num_full_subsets = 2
2025-12-14 01:05:53,125 - INFO - phi = [ 1.95509436  0.2085532  -0.02353801  0.34994706]
2025-12-14 01:05:53,153 - INFO - num_full_subsets = 2
2025-12-14 01:05:53,180 - INFO - phi = [ 1.77175801  0.42760572  0.04485635 -0.32470227]
2025-12-14 01:05:53,208 - INFO - num_full_subsets = 2
2025-12-14 01:05:53,235 - INFO - phi = [0.46672511 0.15631612 0.16538432 0.42576648]
2025-12-14 01:05:53,262 - INFO - num_full_subsets = 2
2025-12-14 01:05:53,290 - INFO - phi = [1.77524032 0.73205712 0.18305199 0.50266358]
2025-12-14 01:05:53,317 - INFO - num_full_subsets = 2
2025-12-14 01:05:53,344 - INFO - phi = [ 0.39876971  0.25626982 -0.01997092 -0.25735295]
2025-12-14 01:05:53,372 - INFO - num_full_subsets = 2
2025-12-14 01:05:53,399 - INFO - phi = [0.27341206 0.88664057 0.21691227 0.62966419]
2025-12-14 01:05:53,427 - INFO - num_full_subsets = 2
2025-12-14 01:05:53,454 - INFO - phi = [-0.7895166  -0.79391639 -0.02490265 -0.2402088 ]
2025-12-14 01:05:53,482 - INFO - num_full_subsets = 2
2025-12-14 01:05:53,509 - INFO - phi = [-1.23151696 -0.55624574  0.02664929 -0.19842627]
2025-12-14 01:05:53,537 - INFO - num_full_subsets = 2
2025-12-14 01:05:53,564 - INFO - phi = [-0.32378883 -0.86040736  0.04258632 -0.58079457]
2025-12-14 01:05:53,592 - INFO - num_full_subsets = 2
2025-12-14 01:05:53,619 - INFO - phi = [ 0.29627403  0.49178319  0.00879229 -0.60804885]
2025-12-14 01:05:53,647 - INFO - num_full_subsets = 2
2025-12-14 01:05:53,674 - INFO - phi = [-0.37415663 -0.90937691  0.01255954 -0.39079097]
2025-12-14 01:05:53,702 - INFO - num_full_subsets = 2
2025-12-14 01:05:53,729 - INFO - phi = [-0.70373322 -0.83178976  0.04585154 -0.26212521]
2025-12-14 01:05:53,756 - INFO - num_full_subsets = 2
2025-12-14 01:05:53,784 - INFO - phi = [-0.91060417 -0.74788506  0.03292803 -0.39069641]
2025-12-14 01:05:53,812 - INFO - num_full_subsets = 2
2025-12-14 01:05:53,839 - INFO - phi = [0.36354514 0.66354066 0.22292202 0.47860363]
2025-12-14 01:05:53,867 - INFO - num_full_subsets = 2
2025-12-14 01:05:53,894 - INFO - phi = [1.79896015 0.57291334 0.12142723 0.51512534]
2025-12-14 01:05:53,921 - INFO - num_full_subsets = 2
2025-12-14 01:05:53,948 - INFO - phi = [ 0.1871509   0.54270472 -0.25059778 -0.603102  ]
2025-12-14 01:05:53,976 - INFO - num_full_subsets = 2
2025-12-14 01:05:54,004 - INFO - phi = [ 0.48239287 -0.1242848   0.16710056 -0.3190288 ]
2025-12-14 01:05:54,032 - INFO - num_full_subsets = 2
2025-12-14 01:05:54,059 - INFO - phi = [1.65103026 0.62598047 0.1312945  0.43821627]
2025-12-14 01:05:54,087 - INFO - num_full_subsets = 2
2025-12-14 01:05:54,114 - INFO - phi = [ 2.26417526  0.19866194 -0.07380687  0.35035959]
2025-12-14 01:05:54,142 - INFO - num_full_subsets = 2
2025-12-14 01:05:54,169 - INFO - phi = [ 0.02697628  0.29719584 -0.10017222 -0.16217919]
2025-12-14 01:05:54,197 - INFO - num_full_subsets = 2
2025-12-14 01:05:54,224 - INFO - phi = [ 0.32623474  0.12068695 -0.24440854 -0.14854303]
2025-12-14 01:05:54,251 - INFO - num_full_subsets = 2
2025-12-14 01:05:54,278 - INFO - phi = [-1.38979559 -0.58299055  0.02798963  0.17597214]
2025-12-14 01:05:54,307 - INFO - num_full_subsets = 2
2025-12-14 01:05:54,334 - INFO - phi = [-0.80011545 -0.78575579  0.13231409 -0.30107258]
2025-12-14 01:05:54,362 - INFO - num_full_subsets = 2
2025-12-14 01:05:54,389 - INFO - phi = [-1.7181476   0.61922533 -0.07112888  0.28565803]
2025-12-14 01:05:54,417 - INFO - num_full_subsets = 2
2025-12-14 01:05:54,444 - INFO - phi = [ 0.28717693  0.32123404 -0.1101311  -0.33209131]
2025-12-14 01:05:54,472 - INFO - num_full_subsets = 2
2025-12-14 01:05:54,499 - INFO - phi = [0.43346012 0.02431728 0.14995464 0.46938115]
2025-12-14 01:05:54,527 - INFO - num_full_subsets = 2
2025-12-14 01:05:54,554 - INFO - phi = [-1.39650395 -0.54283408 -0.00716436  0.12991119]
2025-12-14 01:05:54,581 - INFO - num_full_subsets = 2
2025-12-14 01:05:54,609 - INFO - phi = [-1.09489788 -0.53442334 -0.06924642  0.03409482]
2025-12-14 01:05:55,273 - INFO - Computing feature importance...
2025-12-14 01:05:58,503 - INFO - Experiment completed for NGBoost
2025-12-14 01:05:58,503 - INFO - Total time: 213.14s (3.55 min)
2025-12-14 01:05:58,503 - INFO - Starting comprehensive experiment for NGBoost
2025-12-14 01:06:08,552 - INFO - Performing feature analysis...
2025-12-14 01:06:09,735 - INFO - Model justification: Probabilistic forecasting with natural gradient boosting, provides uncertainty quantification
2025-12-14 01:06:09,735 - INFO - Performing robust cross-validation...
2025-12-14 01:06:48,053 - INFO - CV Results - MSE: 0.8100 ± 0.1040
2025-12-14 01:06:48,054 - INFO - Starting hyperparameter optimization...
2025-12-14 01:10:14,503 - INFO - Best parameters for NGBoost: {'n_estimators': 189, 'learning_rate': 0.033638074454808445, 'minibatch_frac': 0.5743447268798871, 'natural_gradient': True}
2025-12-14 01:10:14,503 - INFO - ⏱️ HPO took 206.45 seconds
2025-12-14 01:10:14,503 - INFO - Training final model...
2025-12-14 01:10:15,405 - INFO - ⏱️ Training took 0.90 seconds
2025-12-14 01:10:15,405 - INFO - Performing residual analysis...
2025-12-14 01:10:16,416 - INFO - Generating XAI explanations...
2025-12-14 01:10:16,442 - WARNING - Using 168 background data samples could cause slower run times. Consider using shap.sample(data, K) or shap.kmeans(data, K) to summarize the background as K samples.
2025-12-14 01:10:16,479 - INFO - num_full_subsets = 2
2025-12-14 01:10:16,525 - INFO - phi = [ 1.21540897  0.70749851 -0.76515845  0.01990848]
2025-12-14 01:10:16,564 - INFO - num_full_subsets = 2
2025-12-14 01:10:16,610 - INFO - phi = [-0.89406512 -0.43715846 -0.29479034 -0.16201301]
2025-12-14 01:10:16,649 - INFO - num_full_subsets = 2
2025-12-14 01:10:16,695 - INFO - phi = [ 1.22421318  0.61221172 -0.0124389   0.59439964]
2025-12-14 01:10:16,734 - INFO - num_full_subsets = 2
2025-12-14 01:10:16,780 - INFO - phi = [-0.25704235 -0.65056821 -0.0759298  -0.49692206]
2025-12-14 01:10:16,819 - INFO - num_full_subsets = 2
2025-12-14 01:10:16,865 - INFO - phi = [-0.89406512 -0.43715846 -0.29479034 -0.16201301]
2025-12-14 01:10:16,904 - INFO - num_full_subsets = 2
2025-12-14 01:10:16,950 - INFO - phi = [-0.4900151  -0.73139743 -0.11532399  0.1694211 ]
2025-12-14 01:10:16,988 - INFO - num_full_subsets = 2
2025-12-14 01:10:17,034 - INFO - phi = [1.20639147 0.31060352 0.00802244 0.48108297]
2025-12-14 01:10:17,072 - INFO - num_full_subsets = 2
2025-12-14 01:10:17,118 - INFO - phi = [-1.26841785  0.48354419 -0.17438461  0.21095769]
2025-12-14 01:10:17,156 - INFO - num_full_subsets = 2
2025-12-14 01:10:17,202 - INFO - phi = [ 0.46814518 -0.79007436  0.09372083 -0.67791032]
2025-12-14 01:10:17,240 - INFO - num_full_subsets = 2
2025-12-14 01:10:17,286 - INFO - phi = [-0.92156987 -0.6201247   0.0090688   0.20687886]
2025-12-14 01:10:17,323 - INFO - num_full_subsets = 2
2025-12-14 01:10:17,369 - INFO - phi = [-1.48509664 -0.33802353 -0.03276257  0.13979746]
2025-12-14 01:10:17,406 - INFO - num_full_subsets = 2
2025-12-14 01:10:17,452 - INFO - phi = [0.46037266 0.19077504 0.0623401  0.40203947]
2025-12-14 01:10:17,489 - INFO - num_full_subsets = 2
2025-12-14 01:10:17,535 - INFO - phi = [-1.56632198 -0.02596693 -0.05397206  0.11705176]
2025-12-14 01:10:17,573 - INFO - num_full_subsets = 2
2025-12-14 01:10:17,618 - INFO - phi = [-1.37554618  0.13309803 -0.04125593  0.56590144]
2025-12-14 01:10:17,656 - INFO - num_full_subsets = 2
2025-12-14 01:10:17,702 - INFO - phi = [ 1.24471721  0.11562285 -0.03710132  0.07350425]
2025-12-14 01:10:17,739 - INFO - num_full_subsets = 2
2025-12-14 01:10:17,785 - INFO - phi = [-1.35147459  0.09025797 -0.01471014  0.03792662]
2025-12-14 01:10:17,823 - INFO - num_full_subsets = 2
2025-12-14 01:10:17,868 - INFO - phi = [-1.36030525 -0.44351797 -0.02754609  0.07092363]
2025-12-14 01:10:17,906 - INFO - num_full_subsets = 2
2025-12-14 01:10:17,952 - INFO - phi = [-1.10710583  0.22423954  0.08225687 -0.20281116]
2025-12-14 01:10:17,990 - INFO - num_full_subsets = 2
2025-12-14 01:10:18,036 - INFO - phi = [ 1.20333245  0.01165212 -0.11209946  0.40700781]
2025-12-14 01:10:18,073 - INFO - num_full_subsets = 2
2025-12-14 01:10:18,119 - INFO - phi = [1.32274529 0.13418602 0.00940245 0.39412539]
2025-12-14 01:10:18,157 - INFO - num_full_subsets = 2
2025-12-14 01:10:18,203 - INFO - phi = [-1.0431705  -0.53161722  0.21371459 -0.15943878]
2025-12-14 01:10:18,240 - INFO - num_full_subsets = 2
2025-12-14 01:10:18,286 - INFO - phi = [-0.5883429   0.24607736 -0.0293609   0.15474712]
2025-12-14 01:10:18,324 - INFO - num_full_subsets = 2
2025-12-14 01:10:18,370 - INFO - phi = [-0.21854496 -0.67643894  0.2033042  -0.40716177]
2025-12-14 01:10:18,407 - INFO - num_full_subsets = 2
2025-12-14 01:10:18,453 - INFO - phi = [-0.69011241 -0.60560634  0.04956167 -0.3472979 ]
2025-12-14 01:10:18,491 - INFO - num_full_subsets = 2
2025-12-14 01:10:18,537 - INFO - phi = [ 0.11909614  0.41225718 -0.13531612  0.00419269]
2025-12-14 01:10:18,574 - INFO - num_full_subsets = 2
2025-12-14 01:10:18,619 - INFO - phi = [-0.25455986 -0.80642219 -0.04596871 -0.38779041]
2025-12-14 01:10:18,657 - INFO - num_full_subsets = 2
2025-12-14 01:10:18,703 - INFO - phi = [-0.72775955 -0.7186433   0.06015363 -0.42170293]
2025-12-14 01:10:18,741 - INFO - num_full_subsets = 2
2025-12-14 01:10:18,787 - INFO - phi = [1.72379784e+00 4.23938370e-01 1.40737517e-03 5.03026545e-01]
2025-12-14 01:10:18,825 - INFO - num_full_subsets = 2
2025-12-14 01:10:18,871 - INFO - phi = [-0.74093238 -0.62140394 -0.0248193  -0.34486065]
2025-12-14 01:10:18,909 - INFO - num_full_subsets = 2
2025-12-14 01:10:18,954 - INFO - phi = [ 0.41429128  0.46350078  0.30522336 -0.35851472]
2025-12-14 01:10:18,993 - INFO - num_full_subsets = 2
2025-12-14 01:10:19,039 - INFO - phi = [ 0.54652663 -0.28430528  0.36212248  0.58277904]
2025-12-14 01:10:19,077 - INFO - num_full_subsets = 2
2025-12-14 01:10:19,123 - INFO - phi = [-0.73465412 -0.65762352  0.00734676 -0.22136651]
2025-12-14 01:10:19,162 - INFO - num_full_subsets = 2
2025-12-14 01:10:19,208 - INFO - phi = [-1.02937878  0.3509977   0.01949754  0.12008092]
2025-12-14 01:10:19,246 - INFO - num_full_subsets = 2
2025-12-14 01:10:19,292 - INFO - phi = [ 0.3294025   0.27702894  0.21419906 -0.6895719 ]
2025-12-14 01:10:19,330 - INFO - num_full_subsets = 2
2025-12-14 01:10:19,376 - INFO - phi = [-0.74929577 -0.69614883  0.04997638 -0.1433547 ]
2025-12-14 01:10:19,414 - INFO - num_full_subsets = 2
2025-12-14 01:10:19,460 - INFO - phi = [-1.33372469  0.31095734 -0.02982747  0.19769022]
2025-12-14 01:10:19,498 - INFO - num_full_subsets = 2
2025-12-14 01:10:19,544 - INFO - phi = [ 2.39934282  0.11437071 -0.01510742  0.55515879]
2025-12-14 01:10:19,581 - INFO - num_full_subsets = 2
2025-12-14 01:10:19,628 - INFO - phi = [-0.76647881 -0.64926974 -0.04731262 -0.36595355]
2025-12-14 01:10:19,665 - INFO - num_full_subsets = 2
2025-12-14 01:10:19,711 - INFO - phi = [-1.30014961  0.63235439 -0.22938478  0.26030914]
2025-12-14 01:10:19,748 - INFO - num_full_subsets = 2
2025-12-14 01:10:19,794 - INFO - phi = [-0.99097095 -0.07066991  0.12678675  0.27606018]
2025-12-14 01:10:19,832 - INFO - num_full_subsets = 2
2025-12-14 01:10:19,878 - INFO - phi = [0.71157965 0.17864864 0.01848895 0.20564092]
2025-12-14 01:10:19,915 - INFO - num_full_subsets = 2
2025-12-14 01:10:19,961 - INFO - phi = [-0.97514537 -0.56525275 -0.0763286  -0.23573533]
2025-12-14 01:10:19,998 - INFO - num_full_subsets = 2
2025-12-14 01:10:20,044 - INFO - phi = [ 1.33435429  0.47658359 -0.00985908  0.10035725]
2025-12-14 01:10:20,082 - INFO - num_full_subsets = 2
2025-12-14 01:10:20,128 - INFO - phi = [ 0.45259137 -0.04229775  0.22831255 -0.59946738]
2025-12-14 01:10:20,166 - INFO - num_full_subsets = 2
2025-12-14 01:10:20,212 - INFO - phi = [ 1.90468104  0.58599783 -0.01813444  0.42882563]
2025-12-14 01:10:20,250 - INFO - num_full_subsets = 2
2025-12-14 01:10:20,296 - INFO - phi = [-0.96536683 -0.31990455 -0.24689552 -0.24000256]
2025-12-14 01:10:20,333 - INFO - num_full_subsets = 2
2025-12-14 01:10:20,379 - INFO - phi = [0.62479785 0.41841351 0.10893684 0.08999965]
2025-12-14 01:10:20,418 - INFO - num_full_subsets = 2
2025-12-14 01:10:20,464 - INFO - phi = [0.70055308 0.26208185 0.46457519 0.32450781]
2025-12-14 01:10:20,502 - INFO - num_full_subsets = 2
2025-12-14 01:10:20,549 - INFO - phi = [-0.64126988  0.45475316 -0.00556826 -0.23070232]
2025-12-14 01:10:20,587 - INFO - num_full_subsets = 2
2025-12-14 01:10:20,633 - INFO - phi = [ 0.28866107  0.23780787  0.04419734 -0.60149447]
2025-12-14 01:10:20,671 - INFO - num_full_subsets = 2
2025-12-14 01:10:20,716 - INFO - phi = [0.61979434 0.49112253 0.37042723 0.53075621]
2025-12-14 01:10:20,754 - INFO - num_full_subsets = 2
2025-12-14 01:10:20,800 - INFO - phi = [-0.23979138 -0.7991901  -0.0297748  -0.19349925]
2025-12-14 01:10:20,838 - INFO - num_full_subsets = 2
2025-12-14 01:10:20,883 - INFO - phi = [-0.85295565  0.24102586 -0.11214479  0.24478019]
2025-12-14 01:10:20,921 - INFO - num_full_subsets = 2
2025-12-14 01:10:20,966 - INFO - phi = [ 1.43615464  0.15527648 -0.04389274  0.42427816]
2025-12-14 01:10:21,004 - INFO - num_full_subsets = 2
2025-12-14 01:10:21,050 - INFO - phi = [ 0.57918551 -0.0112412   0.02239568  0.51681719]
2025-12-14 01:10:21,088 - INFO - num_full_subsets = 2
2025-12-14 01:10:21,133 - INFO - phi = [-0.90434253 -0.50753334  0.01152669 -0.31163641]
2025-12-14 01:10:21,171 - INFO - num_full_subsets = 2
2025-12-14 01:10:21,217 - INFO - phi = [-0.79992543  0.01207362 -0.06844023  0.26971349]
2025-12-14 01:10:21,254 - INFO - num_full_subsets = 2
2025-12-14 01:10:21,300 - INFO - phi = [ 1.62635417  0.55448384 -0.04483592  0.36381017]
2025-12-14 01:10:21,337 - INFO - num_full_subsets = 2
2025-12-14 01:10:21,383 - INFO - phi = [ 0.34776772 -0.0303711   0.02356249 -0.6746317 ]
2025-12-14 01:10:21,421 - INFO - num_full_subsets = 2
2025-12-14 01:10:21,467 - INFO - phi = [1.63786623 0.18779396 0.37400986 0.51694517]
2025-12-14 01:10:21,505 - INFO - num_full_subsets = 2
2025-12-14 01:10:21,552 - INFO - phi = [ 0.61449853  0.08395247 -0.08604548  0.43906139]
2025-12-14 01:10:21,589 - INFO - num_full_subsets = 2
2025-12-14 01:10:21,635 - INFO - phi = [-0.69968388 -0.65089568  0.02277827 -0.2546678 ]
2025-12-14 01:10:21,673 - INFO - num_full_subsets = 2
2025-12-14 01:10:21,719 - INFO - phi = [ 0.61449853  0.08395247 -0.08604548  0.43906139]
2025-12-14 01:10:21,756 - INFO - num_full_subsets = 2
2025-12-14 01:10:21,802 - INFO - phi = [-0.97646883 -0.48733092 -0.08970203 -0.30341155]
2025-12-14 01:10:21,840 - INFO - num_full_subsets = 2
2025-12-14 01:10:21,886 - INFO - phi = [-0.69562704 -0.5537285  -0.2044227  -0.13606827]
2025-12-14 01:10:21,923 - INFO - num_full_subsets = 2
2025-12-14 01:10:21,970 - INFO - phi = [ 0.98368464  0.06619503  0.61252807 -0.84998842]
2025-12-14 01:10:22,008 - INFO - num_full_subsets = 2
2025-12-14 01:10:22,055 - INFO - phi = [-0.28186625  0.1594305  -0.35366365  0.10313693]
2025-12-14 01:10:22,092 - INFO - num_full_subsets = 2
2025-12-14 01:10:22,139 - INFO - phi = [ 0.35190068  0.41055997 -0.0008053  -0.46096133]
2025-12-14 01:10:22,177 - INFO - num_full_subsets = 2
2025-12-14 01:10:22,223 - INFO - phi = [-0.97057542 -0.49495879 -0.06940818 -0.33484081]
2025-12-14 01:10:22,261 - INFO - num_full_subsets = 2
2025-12-14 01:10:22,308 - INFO - phi = [-1.06983659 -0.43972051  0.15354604 -0.24598658]
2025-12-14 01:10:22,346 - INFO - num_full_subsets = 2
2025-12-14 01:10:22,392 - INFO - phi = [0.24744189 1.25910567 0.09674343 0.20735429]
2025-12-14 01:10:22,429 - INFO - num_full_subsets = 2
2025-12-14 01:10:22,475 - INFO - phi = [ 0.32103144  0.51290336  0.12935578 -0.77026035]
2025-12-14 01:10:22,513 - INFO - num_full_subsets = 2
2025-12-14 01:10:22,558 - INFO - phi = [0.96358939 0.07614469 0.12913421 0.51246855]
2025-12-14 01:10:22,595 - INFO - num_full_subsets = 2
2025-12-14 01:10:22,641 - INFO - phi = [ 0.16850116  1.16539708 -0.04733374  0.36245695]
2025-12-14 01:10:22,679 - INFO - num_full_subsets = 2
2025-12-14 01:10:22,725 - INFO - phi = [1.32274529 0.13418602 0.00940245 0.39412539]
2025-12-14 01:10:22,762 - INFO - num_full_subsets = 2
2025-12-14 01:10:22,808 - INFO - phi = [ 0.3579682   0.75506223  0.19992061 -0.53522651]
2025-12-14 01:10:22,846 - INFO - num_full_subsets = 2
2025-12-14 01:10:22,891 - INFO - phi = [ 0.31325174  0.05676481 -0.02742452 -0.54903477]
2025-12-14 01:10:22,929 - INFO - num_full_subsets = 2
2025-12-14 01:10:22,975 - INFO - phi = [ 1.69696587  0.47995366  0.01690707 -0.27112911]
2025-12-14 01:10:23,013 - INFO - num_full_subsets = 2
2025-12-14 01:10:23,060 - INFO - phi = [-1.14017434 -0.62356947 -0.09044142  0.17311189]
2025-12-14 01:10:23,097 - INFO - num_full_subsets = 2
2025-12-14 01:10:23,143 - INFO - phi = [-0.99908414 -0.68991266  0.18679881  0.42846647]
2025-12-14 01:10:23,181 - INFO - num_full_subsets = 2
2025-12-14 01:10:23,227 - INFO - phi = [-1.09800227 -0.38782633 -0.02924377 -0.22782539]
2025-12-14 01:10:23,264 - INFO - num_full_subsets = 2
2025-12-14 01:10:23,310 - INFO - phi = [ 2.23922699  0.58049379 -0.03380415  0.36879164]
2025-12-14 01:10:23,348 - INFO - num_full_subsets = 2
2025-12-14 01:10:23,393 - INFO - phi = [-0.27468201 -0.76009929 -0.03504104 -0.41210436]
2025-12-14 01:10:23,430 - INFO - num_full_subsets = 2
2025-12-14 01:10:23,476 - INFO - phi = [-0.42392853  0.36714196 -0.09916535  0.25981836]
2025-12-14 01:10:23,514 - INFO - num_full_subsets = 2
2025-12-14 01:10:23,560 - INFO - phi = [-0.64471305 -0.71557089 -0.10378191 -0.32455043]
2025-12-14 01:10:23,597 - INFO - num_full_subsets = 2
2025-12-14 01:10:23,644 - INFO - phi = [-1.12375856  0.57425756 -0.1751377  -0.19348531]
2025-12-14 01:10:23,682 - INFO - num_full_subsets = 2
2025-12-14 01:10:23,727 - INFO - phi = [0.57900759 0.18202872 0.24614693 0.32338427]
2025-12-14 01:10:23,765 - INFO - num_full_subsets = 2
2025-12-14 01:10:23,811 - INFO - phi = [ 0.75684684 -0.14979456 -0.14751523  0.51732857]
2025-12-14 01:10:23,849 - INFO - num_full_subsets = 2
2025-12-14 01:10:23,894 - INFO - phi = [-0.97824757 -0.60111446  0.14244285 -0.12466271]
2025-12-14 01:10:23,932 - INFO - num_full_subsets = 2
2025-12-14 01:10:23,977 - INFO - phi = [-1.13621791 -0.1350545  -0.0853966  -0.36981597]
2025-12-14 01:10:24,016 - INFO - num_full_subsets = 2
2025-12-14 01:10:24,062 - INFO - phi = [-0.74707945 -0.7201839  -0.10084489  0.12161599]
2025-12-14 01:10:24,099 - INFO - num_full_subsets = 2
2025-12-14 01:10:24,145 - INFO - phi = [-0.99950316 -0.49558057 -0.189342    0.20222461]
2025-12-14 01:10:24,183 - INFO - num_full_subsets = 2
2025-12-14 01:10:24,228 - INFO - phi = [-0.72460291 -0.64973498 -0.00786195 -0.15386199]
2025-12-14 01:10:24,266 - INFO - num_full_subsets = 2
2025-12-14 01:10:24,312 - INFO - phi = [-0.82735105  0.43092783 -0.05765922 -0.00900436]
2025-12-14 01:10:24,349 - INFO - num_full_subsets = 2
2025-12-14 01:10:24,395 - INFO - phi = [2.37710832 0.22177687 0.03577072 0.52405592]
2025-12-14 01:10:24,433 - INFO - num_full_subsets = 2
2025-12-14 01:10:24,479 - INFO - phi = [ 1.02920699 -0.68379171  0.09582366 -0.74700059]
2025-12-14 01:10:24,517 - INFO - num_full_subsets = 2
2025-12-14 01:10:24,562 - INFO - phi = [-1.32504844 -0.31174746  0.00389303 -0.13815139]
2025-12-14 01:10:24,599 - INFO - num_full_subsets = 2
2025-12-14 01:10:24,646 - INFO - phi = [ 0.85301323 -0.06262227  0.53649731 -0.82794788]
2025-12-14 01:10:24,683 - INFO - num_full_subsets = 2
2025-12-14 01:10:24,729 - INFO - phi = [-1.36190967 -0.43645752 -0.0246803   0.07092363]
2025-12-14 01:10:24,767 - INFO - num_full_subsets = 2
2025-12-14 01:10:24,812 - INFO - phi = [-0.6753322  -0.55735566 -0.15688871 -0.28063056]
2025-12-14 01:10:24,850 - INFO - num_full_subsets = 2
2025-12-14 01:10:24,896 - INFO - phi = [ 0.58681485 -0.00437233 -0.0117407   0.51216517]
2025-12-14 01:10:24,933 - INFO - num_full_subsets = 2
2025-12-14 01:10:24,979 - INFO - phi = [ 1.68527306  0.09491534 -0.05825803  0.32996319]
2025-12-14 01:10:25,017 - INFO - num_full_subsets = 2
2025-12-14 01:10:25,063 - INFO - phi = [-0.43090304  0.24144996 -0.07828886  0.43350029]
2025-12-14 01:10:25,100 - INFO - num_full_subsets = 2
2025-12-14 01:10:25,146 - INFO - phi = [ 2.35299125  0.10530511 -0.00550282  0.40422486]
2025-12-14 01:10:25,184 - INFO - num_full_subsets = 2
2025-12-14 01:10:25,230 - INFO - phi = [ 0.30650913  0.35811874 -0.32357309 -0.53313344]
2025-12-14 01:10:25,268 - INFO - num_full_subsets = 2
2025-12-14 01:10:25,314 - INFO - phi = [ 0.39568184 -0.21532601 -0.06357944 -0.64894979]
2025-12-14 01:10:25,351 - INFO - num_full_subsets = 2
2025-12-14 01:10:25,397 - INFO - phi = [ 0.99914963 -0.72696822 -0.19444018  0.02017836]
2025-12-14 01:10:25,434 - INFO - num_full_subsets = 2
2025-12-14 01:10:25,480 - INFO - phi = [-0.68134651 -0.68440037 -0.09720417 -0.15204337]
2025-12-14 01:10:25,518 - INFO - num_full_subsets = 2
2025-12-14 01:10:25,564 - INFO - phi = [ 0.37710699  0.41721642  0.01218512 -0.4683009 ]
2025-12-14 01:10:25,601 - INFO - num_full_subsets = 2
2025-12-14 01:10:25,648 - INFO - phi = [ 0.22942368  0.65748827 -0.07841958 -0.67743067]
2025-12-14 01:10:25,686 - INFO - num_full_subsets = 2
2025-12-14 01:10:25,732 - INFO - phi = [ 0.54908384  0.62401019 -0.12622493  0.50148182]
2025-12-14 01:10:25,770 - INFO - num_full_subsets = 2
2025-12-14 01:10:25,816 - INFO - phi = [-1.24293363 -0.38845313 -0.00200165  0.41753146]
2025-12-14 01:10:25,854 - INFO - num_full_subsets = 2
2025-12-14 01:10:25,901 - INFO - phi = [ 0.36158902  0.43320577 -0.00357127 -0.56467698]
2025-12-14 01:10:25,938 - INFO - num_full_subsets = 2
2025-12-14 01:10:25,984 - INFO - phi = [-0.89778636 -0.45484728 -0.11432551 -0.27082586]
2025-12-14 01:10:26,022 - INFO - num_full_subsets = 2
2025-12-14 01:10:26,068 - INFO - phi = [-0.88473288 -0.57794789 -0.02462702 -0.28485858]
2025-12-14 01:10:26,106 - INFO - num_full_subsets = 2
2025-12-14 01:10:26,153 - INFO - phi = [-1.13899654  0.12954281 -0.02957933  0.74734207]
2025-12-14 01:10:26,191 - INFO - num_full_subsets = 2
2025-12-14 01:10:26,237 - INFO - phi = [ 0.63786678  0.53844761 -0.00600019  0.49273194]
2025-12-14 01:10:26,274 - INFO - num_full_subsets = 2
2025-12-14 01:10:26,320 - INFO - phi = [-0.6753322  -0.55735566 -0.15688871 -0.28063056]
2025-12-14 01:10:26,358 - INFO - num_full_subsets = 2
2025-12-14 01:10:26,404 - INFO - phi = [1.40986331 0.0893177  0.230014   0.42594765]
2025-12-14 01:10:26,441 - INFO - num_full_subsets = 2
2025-12-14 01:10:26,487 - INFO - phi = [-1.35162702 -0.44065156 -0.01242274  0.08523413]
2025-12-14 01:10:26,525 - INFO - num_full_subsets = 2
2025-12-14 01:10:26,570 - INFO - phi = [ 0.31048205  0.48140054 -0.08509792 -0.55754818]
2025-12-14 01:10:26,608 - INFO - num_full_subsets = 2
2025-12-14 01:10:26,653 - INFO - phi = [-0.33844987  1.19300965  0.19622443  0.08791022]
2025-12-14 01:10:26,692 - INFO - num_full_subsets = 2
2025-12-14 01:10:26,738 - INFO - phi = [ 0.51833654  0.22388539 -0.05509388  0.49886308]
2025-12-14 01:10:26,775 - INFO - num_full_subsets = 2
2025-12-14 01:10:26,821 - INFO - phi = [ 0.27782166  0.33077934 -0.53625548 -0.45017432]
2025-12-14 01:10:26,859 - INFO - num_full_subsets = 2
2025-12-14 01:10:26,905 - INFO - phi = [-0.86107492 -0.34969254 -0.1112618   0.34551977]
2025-12-14 01:10:26,942 - INFO - num_full_subsets = 2
2025-12-14 01:10:26,988 - INFO - phi = [ 0.81210365  0.19893828 -0.0865968   0.34000003]
2025-12-14 01:10:27,026 - INFO - num_full_subsets = 2
2025-12-14 01:10:27,072 - INFO - phi = [ 0.55907955  0.08971758 -0.17561255  0.46543855]
2025-12-14 01:10:27,111 - INFO - num_full_subsets = 2
2025-12-14 01:10:27,157 - INFO - phi = [-0.96757838  0.2970807  -0.00979991  0.11683001]
2025-12-14 01:10:27,195 - INFO - num_full_subsets = 2
2025-12-14 01:10:27,242 - INFO - phi = [ 0.36070317  0.37177805  0.21104927 -0.43362638]
2025-12-14 01:10:27,280 - INFO - num_full_subsets = 2
2025-12-14 01:10:27,326 - INFO - phi = [-1.57352855  0.1023021  -0.0056147   0.20762004]
2025-12-14 01:10:27,364 - INFO - num_full_subsets = 2
2025-12-14 01:10:27,409 - INFO - phi = [1.93550063 0.16915381 0.28513163 0.43184614]
2025-12-14 01:10:27,446 - INFO - num_full_subsets = 2
2025-12-14 01:10:27,492 - INFO - phi = [ 0.33958638  0.5107978  -0.0477219  -0.32979098]
2025-12-14 01:10:27,530 - INFO - num_full_subsets = 2
2025-12-14 01:10:27,575 - INFO - phi = [-0.37727174 -0.77964673  0.05147328 -0.54607038]
2025-12-14 01:10:27,613 - INFO - num_full_subsets = 2
2025-12-14 01:10:27,658 - INFO - phi = [-0.93147304 -0.48133556  0.00112756 -0.26719942]
2025-12-14 01:10:27,696 - INFO - num_full_subsets = 2
2025-12-14 01:10:27,742 - INFO - phi = [ 0.28269896  0.06326103  0.25060624 -0.56322375]
2025-12-14 01:10:27,780 - INFO - num_full_subsets = 2
2025-12-14 01:10:27,825 - INFO - phi = [ 0.30626937  0.36402512 -0.09386795 -0.45798476]
2025-12-14 01:10:27,863 - INFO - num_full_subsets = 2
2025-12-14 01:10:27,909 - INFO - phi = [-0.27271272 -0.81794112  0.16448428  0.22157494]
2025-12-14 01:10:27,947 - INFO - num_full_subsets = 2
2025-12-14 01:10:27,992 - INFO - phi = [ 0.55158712  0.53764189 -0.14899809  0.39206795]
2025-12-14 01:10:28,031 - INFO - num_full_subsets = 2
2025-12-14 01:10:28,077 - INFO - phi = [-0.75144132  0.61836579  0.01799392  0.1974336 ]
2025-12-14 01:10:28,114 - INFO - num_full_subsets = 2
2025-12-14 01:10:28,161 - INFO - phi = [ 1.32409363  0.38005018 -0.08384657  0.50724886]
2025-12-14 01:10:28,198 - INFO - num_full_subsets = 2
2025-12-14 01:10:28,245 - INFO - phi = [-0.62431162  0.38164122  0.13163669  0.17843077]
2025-12-14 01:10:28,282 - INFO - num_full_subsets = 2
2025-12-14 01:10:28,329 - INFO - phi = [ 0.39204832  0.54535364  0.1876555  -0.50431024]
2025-12-14 01:10:28,366 - INFO - num_full_subsets = 2
2025-12-14 01:10:28,412 - INFO - phi = [-1.02137493  0.35559368  0.00966033  0.05204955]
2025-12-14 01:10:28,449 - INFO - num_full_subsets = 2
2025-12-14 01:10:28,494 - INFO - phi = [-0.83469252 -0.05498573 -0.09841634  0.19705419]
2025-12-14 01:10:28,532 - INFO - num_full_subsets = 2
2025-12-14 01:10:28,578 - INFO - phi = [ 1.51329807 -0.05167851  0.09556463 -0.83222711]
2025-12-14 01:10:28,615 - INFO - num_full_subsets = 2
2025-12-14 01:10:28,661 - INFO - phi = [ 1.59817858  0.05883942  0.04191178 -0.74909749]
2025-12-14 01:10:28,699 - INFO - num_full_subsets = 2
2025-12-14 01:10:28,745 - INFO - phi = [ 1.33511375  0.14444842 -0.13746924  0.5460634 ]
2025-12-14 01:10:28,783 - INFO - num_full_subsets = 2
2025-12-14 01:10:28,828 - INFO - phi = [-1.47117829  0.07148037 -0.13570014 -0.06786677]
2025-12-14 01:10:28,866 - INFO - num_full_subsets = 2
2025-12-14 01:10:28,912 - INFO - phi = [-0.67197454  1.35414426  0.08824814  0.21783582]
2025-12-14 01:10:28,950 - INFO - num_full_subsets = 2
2025-12-14 01:10:28,996 - INFO - phi = [-0.2548911  -0.8886777   0.04681167 -0.19512123]
2025-12-14 01:10:29,034 - INFO - num_full_subsets = 2
2025-12-14 01:10:29,080 - INFO - phi = [ 0.30691923 -0.75389631  0.22898218 -0.69271777]
2025-12-14 01:10:29,118 - INFO - num_full_subsets = 2
2025-12-14 01:10:29,164 - INFO - phi = [-0.71427263 -0.78937429 -0.10423197 -0.08310063]
2025-12-14 01:10:29,201 - INFO - num_full_subsets = 2
2025-12-14 01:10:29,247 - INFO - phi = [ 0.33958638  0.5107978  -0.0477219  -0.32979098]
2025-12-14 01:10:29,285 - INFO - num_full_subsets = 2
2025-12-14 01:10:29,330 - INFO - phi = [ 1.11298599  0.01873845 -0.03692859 -0.46737726]
2025-12-14 01:10:29,369 - INFO - num_full_subsets = 2
2025-12-14 01:10:29,415 - INFO - phi = [-0.73135184  1.42546137  0.11267578 -0.03658126]
2025-12-14 01:10:29,453 - INFO - num_full_subsets = 2
2025-12-14 01:10:29,499 - INFO - phi = [-0.81475668 -0.37471576  0.02289672 -0.07749591]
2025-12-14 01:10:29,536 - INFO - num_full_subsets = 2
2025-12-14 01:10:29,582 - INFO - phi = [ 0.57771262 -0.84403147 -0.06374074 -0.29742434]
2025-12-14 01:10:29,620 - INFO - num_full_subsets = 2
2025-12-14 01:10:29,665 - INFO - phi = [ 1.64683115  0.58997262 -0.01855812  0.27184469]
2025-12-14 01:10:29,703 - INFO - num_full_subsets = 2
2025-12-14 01:10:29,749 - INFO - phi = [-1.21025999 -0.57017146 -0.05164709  0.19147479]
2025-12-14 01:10:29,786 - INFO - num_full_subsets = 2
2025-12-14 01:10:29,833 - INFO - phi = [0.60445129 0.21524125 0.01276028 0.38807882]
2025-12-14 01:10:29,870 - INFO - num_full_subsets = 2
2025-12-14 01:10:29,916 - INFO - phi = [-0.13903887  0.05351427 -0.10150189  0.59219083]
2025-12-14 01:10:29,953 - INFO - num_full_subsets = 2
2025-12-14 01:10:29,999 - INFO - phi = [-0.96727427 -0.38839721 -0.11028228 -0.26790995]
2025-12-14 01:10:30,037 - INFO - num_full_subsets = 2
2025-12-14 01:10:30,083 - INFO - phi = [0.61269608 0.19554996 0.18310937 0.49998949]
2025-12-14 01:10:30,120 - INFO - num_full_subsets = 2
2025-12-14 01:10:30,167 - INFO - phi = [ 0.52542707 -0.07010281  0.22018367  0.48257268]
2025-12-14 01:10:30,205 - INFO - num_full_subsets = 2
2025-12-14 01:10:30,250 - INFO - phi = [1.55894747 0.66771081 0.33435262 0.5360798 ]
2025-12-14 01:10:30,288 - INFO - num_full_subsets = 2
2025-12-14 01:10:30,334 - INFO - phi = [0.97436544 0.22647134 0.05348465 0.26964865]
2025-12-14 01:10:30,372 - INFO - num_full_subsets = 2
2025-12-14 01:10:30,417 - INFO - phi = [ 0.48631799  0.46533717 -0.03735559  0.43650932]
2025-12-14 01:10:30,455 - INFO - num_full_subsets = 2
2025-12-14 01:10:30,500 - INFO - phi = [-1.4629499  -0.06302061 -0.01559044  0.19269226]
2025-12-14 01:10:31,009 - INFO - Computing feature importance...
2025-12-14 01:10:36,415 - INFO - Experiment completed for NGBoost
2025-12-14 01:10:36,415 - INFO - Total time: 277.52s (4.63 min)
2025-12-14 01:10:36,416 - INFO - Starting comprehensive experiment for NGBoost
2025-12-14 01:10:45,638 - INFO - Performing feature analysis...
2025-12-14 01:10:46,825 - INFO - Model justification: Probabilistic forecasting with natural gradient boosting, provides uncertainty quantification
2025-12-14 01:10:46,825 - INFO - Performing robust cross-validation...
2025-12-14 01:11:25,451 - INFO - CV Results - MSE: 0.7859 ± 0.0968
2025-12-14 01:11:25,451 - INFO - Starting hyperparameter optimization...
2025-12-14 01:13:44,365 - INFO - Best parameters for NGBoost: {'n_estimators': 70, 'learning_rate': 0.05203210116046284, 'minibatch_frac': 0.3065421093522525, 'natural_gradient': True}
2025-12-14 01:13:44,365 - INFO - ⏱️ HPO took 138.91 seconds
2025-12-14 01:13:44,365 - INFO - Training final model...
2025-12-14 01:13:44,699 - INFO - ⏱️ Training took 0.33 seconds
2025-12-14 01:13:44,699 - INFO - Performing residual analysis...
2025-12-14 01:13:45,773 - INFO - Generating XAI explanations...
2025-12-14 01:13:45,783 - WARNING - Using 168 background data samples could cause slower run times. Consider using shap.sample(data, K) or shap.kmeans(data, K) to summarize the background as K samples.
2025-12-14 01:13:45,808 - INFO - num_full_subsets = 2
2025-12-14 01:13:45,828 - INFO - phi = [-0.36648456 -1.02834956 -0.0165497   0.29815676]
2025-12-14 01:13:45,852 - INFO - num_full_subsets = 2
2025-12-14 01:13:45,873 - INFO - phi = [ 0.004013    0.68541977 -0.00400524 -0.59711624]
2025-12-14 01:13:45,898 - INFO - num_full_subsets = 2
2025-12-14 01:13:45,919 - INFO - phi = [-0.0810423   1.05069109 -0.04792603  0.42909905]
2025-12-14 01:13:45,943 - INFO - num_full_subsets = 2
2025-12-14 01:13:45,963 - INFO - phi = [0.41831278 0.50350509 0.06066943 0.06506938]
2025-12-14 01:13:45,987 - INFO - num_full_subsets = 2
2025-12-14 01:13:46,008 - INFO - phi = [-0.7816769  -0.84058434  0.07497871 -0.33842031]
2025-12-14 01:13:46,033 - INFO - num_full_subsets = 2
2025-12-14 01:13:46,053 - INFO - phi = [-0.6332577  -0.87155336 -0.06144258 -0.26867439]
2025-12-14 01:13:46,078 - INFO - num_full_subsets = 2
2025-12-14 01:13:46,098 - INFO - phi = [-0.9616467  -0.87905106  0.04663508  0.3242378 ]
2025-12-14 01:13:46,123 - INFO - num_full_subsets = 2
2025-12-14 01:13:46,146 - INFO - phi = [ 0.10676299  0.69472407  0.20903085 -0.48159217]
2025-12-14 01:13:46,173 - INFO - num_full_subsets = 2
2025-12-14 01:13:46,194 - INFO - phi = [-0.83798092 -0.3051515  -0.02365274 -0.33538102]
2025-12-14 01:13:46,218 - INFO - num_full_subsets = 2
2025-12-14 01:13:46,239 - INFO - phi = [-0.89461678 -0.244128   -0.04161809  0.16039763]
2025-12-14 01:13:46,263 - INFO - num_full_subsets = 2
2025-12-14 01:13:46,284 - INFO - phi = [-0.39852531 -0.93238124  0.05167405 -0.39719111]
2025-12-14 01:13:46,308 - INFO - num_full_subsets = 2
2025-12-14 01:13:46,329 - INFO - phi = [-1.50143147  0.23683261 -0.28191254  0.16178152]
2025-12-14 01:13:46,354 - INFO - num_full_subsets = 2
2025-12-14 01:13:46,374 - INFO - phi = [0.30953931 0.69607092 0.06519513 0.43574715]
2025-12-14 01:13:46,398 - INFO - num_full_subsets = 2
2025-12-14 01:13:46,418 - INFO - phi = [1.25150403 0.08020302 0.22945891 0.30844606]
2025-12-14 01:13:46,443 - INFO - num_full_subsets = 2
2025-12-14 01:13:46,463 - INFO - phi = [-0.63816703  0.47155911 -0.1022536   0.32288727]
2025-12-14 01:13:46,487 - INFO - num_full_subsets = 2
2025-12-14 01:13:46,508 - INFO - phi = [-0.68266817  0.52729133  0.09780065  0.13097737]
2025-12-14 01:13:46,532 - INFO - num_full_subsets = 2
2025-12-14 01:13:46,553 - INFO - phi = [-1.1662478  -0.44173429 -0.03954129 -0.26859639]
2025-12-14 01:13:46,577 - INFO - num_full_subsets = 2
2025-12-14 01:13:46,598 - INFO - phi = [-0.25687969  0.22147168  0.08351192  0.11286558]
2025-12-14 01:13:46,622 - INFO - num_full_subsets = 2
2025-12-14 01:13:46,643 - INFO - phi = [-0.0818942   0.68920881 -0.13184042 -0.42698303]
2025-12-14 01:13:46,667 - INFO - num_full_subsets = 2
2025-12-14 01:13:46,687 - INFO - phi = [ 0.95247146  0.75185594 -0.05565212  0.3482978 ]
2025-12-14 01:13:46,711 - INFO - num_full_subsets = 2
2025-12-14 01:13:46,732 - INFO - phi = [-1.07040964 -0.67464908 -0.74779986 -0.26490657]
2025-12-14 01:13:46,756 - INFO - num_full_subsets = 2
2025-12-14 01:13:46,777 - INFO - phi = [-1.06844031 -0.7426823  -0.05468481  0.15015646]
2025-12-14 01:13:46,801 - INFO - num_full_subsets = 2
2025-12-14 01:13:46,821 - INFO - phi = [-0.79337561  2.23322714  0.17368248 -0.22695577]
2025-12-14 01:13:46,845 - INFO - num_full_subsets = 2
2025-12-14 01:13:46,866 - INFO - phi = [-0.7430843  -0.82666421  0.01713144 -0.36117382]
2025-12-14 01:13:46,890 - INFO - num_full_subsets = 2
2025-12-14 01:13:46,911 - INFO - phi = [-0.63657003 -0.89550803 -0.02592428  0.18364519]
2025-12-14 01:13:46,935 - INFO - num_full_subsets = 2
2025-12-14 01:13:46,956 - INFO - phi = [ 0.23839794  0.52500534 -0.23057549  0.46334342]
2025-12-14 01:13:46,980 - INFO - num_full_subsets = 2
2025-12-14 01:13:47,000 - INFO - phi = [-0.45024042 -1.07160712  0.10776716 -0.70755947]
2025-12-14 01:13:47,025 - INFO - num_full_subsets = 2
2025-12-14 01:13:47,045 - INFO - phi = [-1.14217053 -0.62736098 -0.03629224 -0.34810714]
2025-12-14 01:13:47,069 - INFO - num_full_subsets = 2
2025-12-14 01:13:47,090 - INFO - phi = [1.59628179 0.70878238 0.10694037 0.44047552]
2025-12-14 01:13:47,114 - INFO - num_full_subsets = 2
2025-12-14 01:13:47,135 - INFO - phi = [-0.52369866  1.23906868  0.14419317  0.19915834]
2025-12-14 01:13:47,160 - INFO - num_full_subsets = 2
2025-12-14 01:13:47,181 - INFO - phi = [ 0.96738455  0.38988441  0.12612012 -0.04534867]
2025-12-14 01:13:47,205 - INFO - num_full_subsets = 2
2025-12-14 01:13:47,226 - INFO - phi = [-0.22922057 -1.01151423  0.05896717  0.20268998]
2025-12-14 01:13:47,250 - INFO - num_full_subsets = 2
2025-12-14 01:13:47,271 - INFO - phi = [0.49304755 0.82014145 0.06480523 0.49051952]
2025-12-14 01:13:47,296 - INFO - num_full_subsets = 2
2025-12-14 01:13:47,316 - INFO - phi = [-0.79241688 -0.81853368 -0.01297658 -0.35771716]
2025-12-14 01:13:47,340 - INFO - num_full_subsets = 2
2025-12-14 01:13:47,361 - INFO - phi = [-0.02733273  0.22733767  0.14985204 -0.53258453]
2025-12-14 01:13:47,385 - INFO - num_full_subsets = 2
2025-12-14 01:13:47,405 - INFO - phi = [-0.62498804 -0.90169312 -0.03747734 -0.31463126]
2025-12-14 01:13:47,430 - INFO - num_full_subsets = 2
2025-12-14 01:13:47,450 - INFO - phi = [-1.06195246 -0.04123784 -0.02737776  0.3334359 ]
2025-12-14 01:13:47,474 - INFO - num_full_subsets = 2
2025-12-14 01:13:47,495 - INFO - phi = [ 0.03603194 -0.76751085  0.02633686 -0.68652782]
2025-12-14 01:13:47,519 - INFO - num_full_subsets = 2
2025-12-14 01:13:47,540 - INFO - phi = [ 0.12988384 -0.1278977   0.23905201 -0.54557515]
2025-12-14 01:13:47,564 - INFO - num_full_subsets = 2
2025-12-14 01:13:47,585 - INFO - phi = [ 1.34697131  0.24395335 -0.004441    0.46343238]
2025-12-14 01:13:47,609 - INFO - num_full_subsets = 2
2025-12-14 01:13:47,629 - INFO - phi = [-1.10828329  0.38233895  0.00981833  0.01468263]
2025-12-14 01:13:47,653 - INFO - num_full_subsets = 2
2025-12-14 01:13:47,674 - INFO - phi = [-0.69353348 -0.90958782 -0.00315021 -0.30953246]
2025-12-14 01:13:47,698 - INFO - num_full_subsets = 2
2025-12-14 01:13:47,719 - INFO - phi = [ 0.02489939  0.45954981 -0.04827938 -0.44734082]
2025-12-14 01:13:47,743 - INFO - num_full_subsets = 2
2025-12-14 01:13:47,763 - INFO - phi = [-1.7376503   0.1900953  -0.10270309  0.24778356]
2025-12-14 01:13:47,787 - INFO - num_full_subsets = 2
2025-12-14 01:13:47,808 - INFO - phi = [1.34976292 0.32624723 0.02618395 0.47918616]
2025-12-14 01:13:47,832 - INFO - num_full_subsets = 2
2025-12-14 01:13:47,853 - INFO - phi = [ 0.01950425  0.07325171 -0.16164987 -0.33046368]
2025-12-14 01:13:47,877 - INFO - num_full_subsets = 2
2025-12-14 01:13:47,897 - INFO - phi = [ 0.43857587 -0.51900144  0.05174927  0.46314502]
2025-12-14 01:13:47,922 - INFO - num_full_subsets = 2
2025-12-14 01:13:47,942 - INFO - phi = [-0.77399238 -0.78356779 -0.02967245 -0.33986851]
2025-12-14 01:13:47,967 - INFO - num_full_subsets = 2
2025-12-14 01:13:47,987 - INFO - phi = [-0.12726214  0.58320699 -0.14904244 -0.47217046]
2025-12-14 01:13:48,012 - INFO - num_full_subsets = 2
2025-12-14 01:13:48,032 - INFO - phi = [ 1.0463285  -0.11973644 -0.00235206  0.44051428]
2025-12-14 01:13:48,056 - INFO - num_full_subsets = 2
2025-12-14 01:13:48,077 - INFO - phi = [-0.76174685 -0.80437536 -0.04932371 -0.28797562]
2025-12-14 01:13:48,101 - INFO - num_full_subsets = 2
2025-12-14 01:13:48,121 - INFO - phi = [-0.70965109 -0.8330147  -0.06073043  0.45929327]
2025-12-14 01:13:48,145 - INFO - num_full_subsets = 2
2025-12-14 01:13:48,166 - INFO - phi = [-0.8318096  -0.83289805 -0.09016069  0.14848062]
2025-12-14 01:13:48,190 - INFO - num_full_subsets = 2
2025-12-14 01:13:48,211 - INFO - phi = [-0.80447426 -0.07086935 -0.04911943  0.22802914]
2025-12-14 01:13:48,235 - INFO - num_full_subsets = 2
2025-12-14 01:13:48,255 - INFO - phi = [1.63385439 0.24487626 0.137248   0.41865101]
2025-12-14 01:13:48,279 - INFO - num_full_subsets = 2
2025-12-14 01:13:48,300 - INFO - phi = [ 0.80308582 -0.89524867  0.09434908 -1.02535806]
2025-12-14 01:13:48,324 - INFO - num_full_subsets = 2
2025-12-14 01:13:48,345 - INFO - phi = [-1.72350224  0.02371047 -0.08876084  0.12066493]
2025-12-14 01:13:48,369 - INFO - num_full_subsets = 2
2025-12-14 01:13:48,389 - INFO - phi = [ 1.48891626  0.77081943 -0.11513357  0.37036111]
2025-12-14 01:13:48,414 - INFO - num_full_subsets = 2
2025-12-14 01:13:48,434 - INFO - phi = [0.15410154 0.10225555 0.0640926  0.304026  ]
2025-12-14 01:13:48,459 - INFO - num_full_subsets = 2
2025-12-14 01:13:48,479 - INFO - phi = [1.38889501 0.43605406 0.12639252 0.40833517]
2025-12-14 01:13:48,503 - INFO - num_full_subsets = 2
2025-12-14 01:13:48,524 - INFO - phi = [-0.87267739 -0.8413489  -0.05665185  0.14346482]
2025-12-14 01:13:48,548 - INFO - num_full_subsets = 2
2025-12-14 01:13:48,568 - INFO - phi = [-0.61599427 -0.94692177  0.05074605  0.16343796]
2025-12-14 01:13:48,592 - INFO - num_full_subsets = 2
2025-12-14 01:13:48,613 - INFO - phi = [1.57864125 0.09225821 0.09760918 0.55456195]
2025-12-14 01:13:48,637 - INFO - num_full_subsets = 2
2025-12-14 01:13:48,657 - INFO - phi = [ 0.36123418  0.42313276 -0.21271724  0.3044333 ]
2025-12-14 01:13:48,681 - INFO - num_full_subsets = 2
2025-12-14 01:13:48,702 - INFO - phi = [0.35273142 0.35318277 0.04146772 0.40943103]
2025-12-14 01:13:48,726 - INFO - num_full_subsets = 2
2025-12-14 01:13:48,746 - INFO - phi = [ 0.49947375 -0.06089672 -0.14827415  0.35774209]
2025-12-14 01:13:48,771 - INFO - num_full_subsets = 2
2025-12-14 01:13:48,791 - INFO - phi = [ 1.39934836  0.10687398 -0.03381192 -0.73983198]
2025-12-14 01:13:48,815 - INFO - num_full_subsets = 2
2025-12-14 01:13:48,836 - INFO - phi = [ 0.93165106  0.66791277 -0.12005645  0.34875975]
2025-12-14 01:13:48,860 - INFO - num_full_subsets = 2
2025-12-14 01:13:48,880 - INFO - phi = [ 1.69827964 -0.22580261  0.18366751  0.63243129]
2025-12-14 01:13:48,905 - INFO - num_full_subsets = 2
2025-12-14 01:13:48,925 - INFO - phi = [-1.48376585 -0.60249681  0.05012867  0.02728105]
2025-12-14 01:13:48,949 - INFO - num_full_subsets = 2
2025-12-14 01:13:48,970 - INFO - phi = [ 1.13937221  0.14467978  0.10743329 -0.98063605]
2025-12-14 01:13:48,994 - INFO - num_full_subsets = 2
2025-12-14 01:13:49,015 - INFO - phi = [ 0.94183001 -0.87464308 -0.01240827  0.51105148]
2025-12-14 01:13:49,039 - INFO - num_full_subsets = 2
2025-12-14 01:13:49,060 - INFO - phi = [-0.94157891 -0.70682603 -0.13755208 -0.24975039]
2025-12-14 01:13:49,084 - INFO - num_full_subsets = 2
2025-12-14 01:13:49,105 - INFO - phi = [-1.45773907 -0.63280222 -0.00702838  0.18350726]
2025-12-14 01:13:49,129 - INFO - num_full_subsets = 2
2025-12-14 01:13:49,150 - INFO - phi = [1.65139441 0.10910836 0.06876418 0.5050747 ]
2025-12-14 01:13:49,174 - INFO - num_full_subsets = 2
2025-12-14 01:13:49,196 - INFO - phi = [-0.13276781  0.58904953 -0.14122413 -0.54869892]
2025-12-14 01:13:49,220 - INFO - num_full_subsets = 2
2025-12-14 01:13:49,241 - INFO - phi = [ 0.9451478   0.64663897 -0.21886079  0.32967265]
2025-12-14 01:13:49,265 - INFO - num_full_subsets = 2
2025-12-14 01:13:49,286 - INFO - phi = [-0.7329384  -0.82530004 -0.03157079 -0.36285543]
2025-12-14 01:13:49,311 - INFO - num_full_subsets = 2
2025-12-14 01:13:49,331 - INFO - phi = [-1.22779829 -0.03278772 -0.04374556  0.1663009 ]
2025-12-14 01:13:49,355 - INFO - num_full_subsets = 2
2025-12-14 01:13:49,376 - INFO - phi = [ 0.76868452  0.23011138 -0.24932808  0.33852506]
2025-12-14 01:13:49,400 - INFO - num_full_subsets = 2
2025-12-14 01:13:49,421 - INFO - phi = [1.37223638 0.40138128 0.04585646 0.50256989]
2025-12-14 01:13:49,445 - INFO - num_full_subsets = 2
2025-12-14 01:13:49,466 - INFO - phi = [1.03742549 0.34264578 0.10741645 0.31230895]
2025-12-14 01:13:49,490 - INFO - num_full_subsets = 2
2025-12-14 01:13:49,511 - INFO - phi = [-1.12732431 -0.63977088 -0.03184939 -0.33388644]
2025-12-14 01:13:49,535 - INFO - num_full_subsets = 2
2025-12-14 01:13:49,556 - INFO - phi = [-0.60717211 -0.93533481  0.0899494  -0.36257224]
2025-12-14 01:13:49,581 - INFO - num_full_subsets = 2
2025-12-14 01:13:49,601 - INFO - phi = [1.54036652 0.39117816 0.15281077 0.47773525]
2025-12-14 01:13:49,625 - INFO - num_full_subsets = 2
2025-12-14 01:13:49,646 - INFO - phi = [-0.0828072   0.70186522 -0.02180876 -0.60991649]
2025-12-14 01:13:49,671 - INFO - num_full_subsets = 2
2025-12-14 01:13:49,691 - INFO - phi = [ 0.06674935  0.05117626 -0.03805219 -0.49120137]
2025-12-14 01:13:49,716 - INFO - num_full_subsets = 2
2025-12-14 01:13:49,736 - INFO - phi = [-1.35170016  0.18051705  0.13502286 -0.24582462]
2025-12-14 01:13:49,760 - INFO - num_full_subsets = 2
2025-12-14 01:13:49,781 - INFO - phi = [0.38030171 0.4083362  0.0119005  0.42816866]
2025-12-14 01:13:49,805 - INFO - num_full_subsets = 2
2025-12-14 01:13:49,825 - INFO - phi = [-0.14689771 -0.92131269  0.09473529 -0.50459152]
2025-12-14 01:13:49,850 - INFO - num_full_subsets = 2
2025-12-14 01:13:49,870 - INFO - phi = [-0.58018041 -0.90160784 -0.00714087 -0.4087301 ]
2025-12-14 01:13:49,895 - INFO - num_full_subsets = 2
2025-12-14 01:13:49,916 - INFO - phi = [-0.0257796   0.35545763 -0.23873098  0.14906172]
2025-12-14 01:13:49,940 - INFO - num_full_subsets = 2
2025-12-14 01:13:49,960 - INFO - phi = [ 0.79686698 -0.23059752  0.61443329 -0.85403247]
2025-12-14 01:13:49,985 - INFO - num_full_subsets = 2
2025-12-14 01:13:50,005 - INFO - phi = [-0.04076397  0.59506313 -0.23126915 -0.45190149]
2025-12-14 01:13:50,030 - INFO - num_full_subsets = 2
2025-12-14 01:13:50,051 - INFO - phi = [-1.08933832 -0.3482629   0.09789945  0.40416245]
2025-12-14 01:13:50,075 - INFO - num_full_subsets = 2
2025-12-14 01:13:50,095 - INFO - phi = [-0.81620908 -0.85148257 -0.10153792  0.12718156]
2025-12-14 01:13:50,119 - INFO - num_full_subsets = 2
2025-12-14 01:13:50,140 - INFO - phi = [ 0.06925789  0.12062698  0.04924398 -0.33440502]
2025-12-14 01:13:50,165 - INFO - num_full_subsets = 2
2025-12-14 01:13:50,187 - INFO - phi = [-1.02091044 -0.6484689  -0.09484313 -0.28181254]
2025-12-14 01:13:50,213 - INFO - num_full_subsets = 2
2025-12-14 01:13:50,234 - INFO - phi = [ 0.15281842  0.05878633  0.02473484 -0.36519972]
2025-12-14 01:13:50,258 - INFO - num_full_subsets = 2
2025-12-14 01:13:50,279 - INFO - phi = [ 1.27826743  0.10299794 -0.10489801  0.31577933]
2025-12-14 01:13:50,303 - INFO - num_full_subsets = 2
2025-12-14 01:13:50,323 - INFO - phi = [0.43817622 0.61792524 0.05703845 0.40168955]
2025-12-14 01:13:50,347 - INFO - num_full_subsets = 2
2025-12-14 01:13:50,368 - INFO - phi = [-1.43117593 -0.59254358 -0.09980189  0.13553678]
2025-12-14 01:13:50,392 - INFO - num_full_subsets = 2
2025-12-14 01:13:50,412 - INFO - phi = [-1.06413369 -0.68834524 -0.03129846 -0.25849914]
2025-12-14 01:13:50,437 - INFO - num_full_subsets = 2
2025-12-14 01:13:50,457 - INFO - phi = [-1.1933614  -0.48482199  0.05082325 -0.27804955]
2025-12-14 01:13:50,481 - INFO - num_full_subsets = 2
2025-12-14 01:13:50,501 - INFO - phi = [-1.2831881   0.10369838  0.13502286 -0.24648548]
2025-12-14 01:13:50,527 - INFO - num_full_subsets = 2
2025-12-14 01:13:50,548 - INFO - phi = [ 1.45829026  0.17676594  0.14303088 -0.61388422]
2025-12-14 01:13:50,572 - INFO - num_full_subsets = 2
2025-12-14 01:13:50,593 - INFO - phi = [0.50942719 0.72507697 0.0793578  0.3931894 ]
2025-12-14 01:13:50,617 - INFO - num_full_subsets = 2
2025-12-14 01:13:50,638 - INFO - phi = [ 1.30942247  0.76963048 -0.20908424  0.06526596]
2025-12-14 01:13:50,662 - INFO - num_full_subsets = 2
2025-12-14 01:13:50,683 - INFO - phi = [-0.69372354  0.27455238 -0.06582513  0.097682  ]
2025-12-14 01:13:50,708 - INFO - num_full_subsets = 2
2025-12-14 01:13:50,728 - INFO - phi = [ 0.01879445  0.52115311  0.07373024 -0.51678941]
2025-12-14 01:13:50,752 - INFO - num_full_subsets = 2
2025-12-14 01:13:50,773 - INFO - phi = [-0.53785623  0.63211607 -0.0565927   0.46537136]
2025-12-14 01:13:50,797 - INFO - num_full_subsets = 2
2025-12-14 01:13:50,818 - INFO - phi = [ 0.49947375 -0.06089672 -0.14827415  0.35774209]
2025-12-14 01:13:50,842 - INFO - num_full_subsets = 2
2025-12-14 01:13:50,863 - INFO - phi = [ 0.07131672  0.19575724 -0.28151379  0.13333336]
2025-12-14 01:13:50,887 - INFO - num_full_subsets = 2
2025-12-14 01:13:50,908 - INFO - phi = [-0.63889038 -0.92218726  0.05602394  0.43021837]
2025-12-14 01:13:50,934 - INFO - num_full_subsets = 2
2025-12-14 01:13:50,956 - INFO - phi = [1.55807971 0.42821373 0.1187488  0.39998397]
2025-12-14 01:13:50,983 - INFO - num_full_subsets = 2
2025-12-14 01:13:51,005 - INFO - phi = [-0.02218426  0.08381573 -0.09935622 -0.43430593]
2025-12-14 01:13:51,031 - INFO - num_full_subsets = 2
2025-12-14 01:13:51,052 - INFO - phi = [-0.02609169  0.58294255  0.11110978 -0.38621136]
2025-12-14 01:13:51,077 - INFO - num_full_subsets = 2
2025-12-14 01:13:51,098 - INFO - phi = [1.11906935 0.76033602 0.26339558 0.39128139]
2025-12-14 01:13:51,122 - INFO - num_full_subsets = 2
2025-12-14 01:13:51,143 - INFO - phi = [-0.73250129 -0.90301636  0.08259431 -0.3058973 ]
2025-12-14 01:13:51,167 - INFO - num_full_subsets = 2
2025-12-14 01:13:51,188 - INFO - phi = [0.23337315 0.71573676 0.02567039 0.33113505]
2025-12-14 01:13:51,213 - INFO - num_full_subsets = 2
2025-12-14 01:13:51,234 - INFO - phi = [1.53550373 0.36301042 0.18010043 0.4497479 ]
2025-12-14 01:13:51,258 - INFO - num_full_subsets = 2
2025-12-14 01:13:51,278 - INFO - phi = [ 1.78568544  0.26854966 -0.14002646  0.46812108]
2025-12-14 01:13:51,302 - INFO - num_full_subsets = 2
2025-12-14 01:13:51,323 - INFO - phi = [-0.86211274 -0.92708113  0.06456056 -0.03579468]
2025-12-14 01:13:51,347 - INFO - num_full_subsets = 2
2025-12-14 01:13:51,368 - INFO - phi = [ 0.2802249   0.11205667 -0.17366499  0.49154408]
2025-12-14 01:13:51,392 - INFO - num_full_subsets = 2
2025-12-14 01:13:51,412 - INFO - phi = [ 1.48968455  0.3914516  -0.18333257  0.36789728]
2025-12-14 01:13:51,436 - INFO - num_full_subsets = 2
2025-12-14 01:13:51,457 - INFO - phi = [-1.80620857  0.5537296  -0.06948865  0.15172965]
2025-12-14 01:13:51,481 - INFO - num_full_subsets = 2
2025-12-14 01:13:51,502 - INFO - phi = [-0.82853807 -0.82998459 -0.00618645 -0.4037974 ]
2025-12-14 01:13:51,526 - INFO - num_full_subsets = 2
2025-12-14 01:13:51,546 - INFO - phi = [ 0.12221622  0.11730031 -0.12844548  0.35716217]
2025-12-14 01:13:51,570 - INFO - num_full_subsets = 2
2025-12-14 01:13:51,591 - INFO - phi = [-0.7558207   0.57329591  0.02777001 -0.22190983]
2025-12-14 01:13:51,615 - INFO - num_full_subsets = 2
2025-12-14 01:13:51,636 - INFO - phi = [ 0.09529954  0.66926196  0.01486666 -0.48705709]
2025-12-14 01:13:51,660 - INFO - num_full_subsets = 2
2025-12-14 01:13:51,680 - INFO - phi = [-1.4337314  -0.16409055  0.07250302 -0.24832408]
2025-12-14 01:13:51,704 - INFO - num_full_subsets = 2
2025-12-14 01:13:51,725 - INFO - phi = [ 0.60253848 -0.93538754  0.10894827 -0.7506209 ]
2025-12-14 01:13:51,749 - INFO - num_full_subsets = 2
2025-12-14 01:13:51,769 - INFO - phi = [ 1.22334177  0.82102709 -0.09410277 -0.24818184]
2025-12-14 01:13:51,793 - INFO - num_full_subsets = 2
2025-12-14 01:13:51,814 - INFO - phi = [ 0.05683784  0.50904716 -0.04615373 -0.44505173]
2025-12-14 01:13:51,838 - INFO - num_full_subsets = 2
2025-12-14 01:13:51,858 - INFO - phi = [-1.33465971  0.28589874 -0.29491608  0.27236212]
2025-12-14 01:13:51,883 - INFO - num_full_subsets = 2
2025-12-14 01:13:51,903 - INFO - phi = [ 1.49377052 -0.02167967 -0.01729382 -0.43340016]
2025-12-14 01:13:51,927 - INFO - num_full_subsets = 2
2025-12-14 01:13:51,948 - INFO - phi = [ 0.00812642 -0.28701747  0.5651392  -0.65968609]
2025-12-14 01:13:51,972 - INFO - num_full_subsets = 2
2025-12-14 01:13:51,993 - INFO - phi = [-1.00770197 -0.70826795 -0.00469274 -0.2876334 ]
2025-12-14 01:13:52,017 - INFO - num_full_subsets = 2
2025-12-14 01:13:52,038 - INFO - phi = [-0.91818694 -0.76950739 -0.0555646   0.19866983]
2025-12-14 01:13:52,062 - INFO - num_full_subsets = 2
2025-12-14 01:13:52,082 - INFO - phi = [-0.59114643 -0.87012436 -0.07035342 -0.4617021 ]
2025-12-14 01:13:52,106 - INFO - num_full_subsets = 2
2025-12-14 01:13:52,127 - INFO - phi = [-0.7758897  -0.68187472 -0.02645027 -0.25987395]
2025-12-14 01:13:52,151 - INFO - num_full_subsets = 2
2025-12-14 01:13:52,171 - INFO - phi = [ 0.1548494   0.07123888  0.21141105 -0.53339552]
2025-12-14 01:13:52,196 - INFO - num_full_subsets = 2
2025-12-14 01:13:52,216 - INFO - phi = [1.07878205 0.25591753 0.14123528 0.39392316]
2025-12-14 01:13:52,240 - INFO - num_full_subsets = 2
2025-12-14 01:13:52,261 - INFO - phi = [0.46113836 0.41257444 0.16018619 0.39400504]
2025-12-14 01:13:52,285 - INFO - num_full_subsets = 2
2025-12-14 01:13:52,306 - INFO - phi = [-0.79259106 -0.8010487  -0.02258209 -0.25788754]
2025-12-14 01:13:52,330 - INFO - num_full_subsets = 2
2025-12-14 01:13:52,351 - INFO - phi = [-0.79331685  0.06710635 -0.05526357  0.52004899]
2025-12-14 01:13:52,375 - INFO - num_full_subsets = 2
2025-12-14 01:13:52,395 - INFO - phi = [ 0.18064272  0.76864907 -0.22493148  0.3120156 ]
2025-12-14 01:13:52,419 - INFO - num_full_subsets = 2
2025-12-14 01:13:52,440 - INFO - phi = [ 0.00088631  0.37551781  0.19911127 -0.31001038]
2025-12-14 01:13:52,464 - INFO - num_full_subsets = 2
2025-12-14 01:13:52,484 - INFO - phi = [ 0.12309112  0.10575859 -0.00927524 -0.62052954]
2025-12-14 01:13:52,508 - INFO - num_full_subsets = 2
2025-12-14 01:13:52,529 - INFO - phi = [1.77074162 0.73344495 0.01826846 0.51318543]
2025-12-14 01:13:52,553 - INFO - num_full_subsets = 2
2025-12-14 01:13:52,574 - INFO - phi = [-1.132131   -0.65571793  0.07952744 -0.32856807]
2025-12-14 01:13:52,598 - INFO - num_full_subsets = 2
2025-12-14 01:13:52,618 - INFO - phi = [-0.60463093 -0.87977886 -0.02030642 -0.39644267]
2025-12-14 01:13:52,642 - INFO - num_full_subsets = 2
2025-12-14 01:13:52,663 - INFO - phi = [-0.38410681  0.50320128  0.20027542  0.36800304]
2025-12-14 01:13:52,687 - INFO - num_full_subsets = 2
2025-12-14 01:13:52,708 - INFO - phi = [ 1.74354403  0.31892485 -0.32355317  0.34828971]
2025-12-14 01:13:52,732 - INFO - num_full_subsets = 2
2025-12-14 01:13:52,752 - INFO - phi = [1.89789298 0.13007292 0.01205866 0.49096668]
2025-12-14 01:13:52,776 - INFO - num_full_subsets = 2
2025-12-14 01:13:52,797 - INFO - phi = [-1.13985397 -0.64745981  0.09009055 -0.30957362]
2025-12-14 01:13:52,822 - INFO - num_full_subsets = 2
2025-12-14 01:13:52,842 - INFO - phi = [1.19529128 0.73998571 0.00178406 0.41130098]
2025-12-14 01:13:52,866 - INFO - num_full_subsets = 2
2025-12-14 01:13:52,887 - INFO - phi = [0.18481896 0.64729336 0.06007647 0.28717302]
2025-12-14 01:13:52,911 - INFO - num_full_subsets = 2
2025-12-14 01:13:52,932 - INFO - phi = [-0.97754001  0.40181123  0.12426098  0.13184174]
2025-12-14 01:13:52,957 - INFO - num_full_subsets = 2
2025-12-14 01:13:52,978 - INFO - phi = [ 0.32412111  1.85562259 -0.03517234  0.36081403]
2025-12-14 01:13:53,002 - INFO - num_full_subsets = 2
2025-12-14 01:13:53,023 - INFO - phi = [ 1.27024139 -0.00250603 -0.21666718  0.35772273]
2025-12-14 01:13:53,047 - INFO - num_full_subsets = 2
2025-12-14 01:13:53,068 - INFO - phi = [-0.54890953 -0.81878534 -0.07772839  0.10097757]
2025-12-14 01:13:53,092 - INFO - num_full_subsets = 2
2025-12-14 01:13:53,113 - INFO - phi = [ 1.21395676  0.44276425  0.1634688  -0.93207616]
2025-12-14 01:13:53,139 - INFO - num_full_subsets = 2
2025-12-14 01:13:53,162 - INFO - phi = [0.47105577 0.20357612 0.12057106 0.28759714]
2025-12-14 01:13:53,189 - INFO - num_full_subsets = 2
2025-12-14 01:13:53,211 - INFO - phi = [0.41570014 0.35071218 0.02745277 0.54176608]
2025-12-14 01:13:53,235 - INFO - num_full_subsets = 2
2025-12-14 01:13:53,256 - INFO - phi = [1.63541023 0.5876675  0.00807775 0.52502203]
2025-12-14 01:13:53,280 - INFO - num_full_subsets = 2
2025-12-14 01:13:53,301 - INFO - phi = [ 1.21752111  0.22812736 -0.12157638  0.37651643]
2025-12-14 01:13:53,325 - INFO - num_full_subsets = 2
2025-12-14 01:13:53,345 - INFO - phi = [-0.02609169  0.58294255  0.11110978 -0.38621136]
2025-12-14 01:13:53,871 - INFO - Computing feature importance...
2025-12-14 01:13:56,268 - INFO - Experiment completed for NGBoost
2025-12-14 01:13:56,268 - INFO - Total time: 199.45s (3.32 min)
2025-12-14 01:13:56,268 - INFO - Starting comprehensive experiment for NGBoost
2025-12-14 01:14:04,641 - INFO - Performing feature analysis...
2025-12-14 01:14:05,822 - INFO - Model justification: Probabilistic forecasting with natural gradient boosting, provides uncertainty quantification
2025-12-14 01:14:05,822 - INFO - Performing robust cross-validation...
2025-12-14 01:14:44,456 - INFO - CV Results - MSE: 0.7208 ± 0.1185
2025-12-14 01:14:44,456 - INFO - Starting hyperparameter optimization...
2025-12-14 01:18:52,796 - INFO - Best parameters for NGBoost: {'n_estimators': 284, 'learning_rate': 0.024089380448225284, 'minibatch_frac': 0.33065689239618246, 'natural_gradient': True}
2025-12-14 01:18:52,796 - INFO - ⏱️ HPO took 248.34 seconds
2025-12-14 01:18:52,796 - INFO - Training final model...
2025-12-14 01:18:54,079 - INFO - ⏱️ Training took 1.28 seconds
2025-12-14 01:18:54,079 - INFO - Performing residual analysis...
2025-12-14 01:18:55,129 - INFO - Generating XAI explanations...
2025-12-14 01:18:55,166 - WARNING - Using 168 background data samples could cause slower run times. Consider using shap.sample(data, K) or shap.kmeans(data, K) to summarize the background as K samples.
2025-12-14 01:18:55,215 - INFO - num_full_subsets = 2
2025-12-14 01:18:55,279 - INFO - phi = [0.03348699 0.05123698 0.25424148 0.34404   ]
2025-12-14 01:18:55,328 - INFO - num_full_subsets = 2
2025-12-14 01:18:55,394 - INFO - phi = [ 0.08372932  0.59662422  0.17992848 -0.72739455]
2025-12-14 01:18:55,443 - INFO - num_full_subsets = 2
2025-12-14 01:18:55,508 - INFO - phi = [ 1.9537508   0.23747168 -0.09650213  0.48093425]
2025-12-14 01:18:55,556 - INFO - num_full_subsets = 2
2025-12-14 01:18:55,622 - INFO - phi = [ 1.81677895  0.07680024 -0.13619404  0.50767276]
2025-12-14 01:18:55,670 - INFO - num_full_subsets = 2
2025-12-14 01:18:55,736 - INFO - phi = [ 0.00325133  0.37688696  0.17126423 -0.54443205]
2025-12-14 01:18:55,784 - INFO - num_full_subsets = 2
2025-12-14 01:18:55,849 - INFO - phi = [ 1.97673345  0.98267888 -0.05223548  0.53775385]
2025-12-14 01:18:55,897 - INFO - num_full_subsets = 2
2025-12-14 01:18:55,963 - INFO - phi = [-1.17196847 -0.56591199 -0.02196299 -0.21501275]
2025-12-14 01:18:56,012 - INFO - num_full_subsets = 2
2025-12-14 01:18:56,078 - INFO - phi = [-0.02903882  0.41941515  0.07696025 -0.74725653]
2025-12-14 01:18:56,128 - INFO - num_full_subsets = 2
2025-12-14 01:18:56,194 - INFO - phi = [ 0.13803634  0.02085786 -0.36490587  0.24269343]
2025-12-14 01:18:56,243 - INFO - num_full_subsets = 2
2025-12-14 01:18:56,310 - INFO - phi = [-1.02526255 -0.58773713 -0.20205821 -0.36217752]
2025-12-14 01:18:56,358 - INFO - num_full_subsets = 2
2025-12-14 01:18:56,423 - INFO - phi = [-1.19031986 -0.68404237 -0.06327214 -0.23971168]
2025-12-14 01:18:56,472 - INFO - num_full_subsets = 2
2025-12-14 01:18:56,536 - INFO - phi = [ 0.04554618 -0.03049998 -0.12344678  0.320255  ]
2025-12-14 01:18:56,585 - INFO - num_full_subsets = 2
2025-12-14 01:18:56,651 - INFO - phi = [ 0.04216949  0.07520188  0.18232843 -0.67206966]
2025-12-14 01:18:56,699 - INFO - num_full_subsets = 2
2025-12-14 01:18:56,764 - INFO - phi = [1.12749039 0.94581407 0.08834209 0.27922734]
2025-12-14 01:18:56,812 - INFO - num_full_subsets = 2
2025-12-14 01:18:56,877 - INFO - phi = [-0.33705359 -0.85365596  0.01422374  0.50715637]
2025-12-14 01:18:56,927 - INFO - num_full_subsets = 2
2025-12-14 01:18:56,992 - INFO - phi = [-0.49810588 -0.82911245  0.08165537 -0.55282843]
2025-12-14 01:18:57,041 - INFO - num_full_subsets = 2
2025-12-14 01:18:57,106 - INFO - phi = [1.75974028 0.41801655 0.0312551  0.49495357]
2025-12-14 01:18:57,155 - INFO - num_full_subsets = 2
2025-12-14 01:18:57,221 - INFO - phi = [1.57013303 0.84607507 0.15978926 0.60993026]
2025-12-14 01:18:57,270 - INFO - num_full_subsets = 2
2025-12-14 01:18:57,335 - INFO - phi = [ 0.16638865  0.80835136 -0.11008551 -0.15298557]
2025-12-14 01:18:57,383 - INFO - num_full_subsets = 2
2025-12-14 01:18:57,448 - INFO - phi = [ 0.01544263  0.0664842  -0.01074209  0.5105659 ]
2025-12-14 01:18:57,497 - INFO - num_full_subsets = 2
2025-12-14 01:18:57,562 - INFO - phi = [-1.80351898  0.11328333 -0.18222012 -0.13817985]
2025-12-14 01:18:57,611 - INFO - num_full_subsets = 2
2025-12-14 01:18:57,676 - INFO - phi = [-1.24400288 -0.38758297 -0.06802993 -0.39560921]
2025-12-14 01:18:57,725 - INFO - num_full_subsets = 2
2025-12-14 01:18:57,790 - INFO - phi = [-1.34061838 -0.60471785  0.01858156 -0.34264988]
2025-12-14 01:18:57,839 - INFO - num_full_subsets = 2
2025-12-14 01:18:57,903 - INFO - phi = [ 0.5571211   0.12455129 -0.34578302  0.35947995]
2025-12-14 01:18:57,953 - INFO - num_full_subsets = 2
2025-12-14 01:18:58,018 - INFO - phi = [ 0.03525957 -0.03136821 -0.00408464 -0.70001659]
2025-12-14 01:18:58,067 - INFO - num_full_subsets = 2
2025-12-14 01:18:58,134 - INFO - phi = [-0.9580287  -0.73433696  0.01409561 -0.6574654 ]
2025-12-14 01:18:58,183 - INFO - num_full_subsets = 2
2025-12-14 01:18:58,248 - INFO - phi = [ 0.16401736 -0.02710463  0.23290224 -0.93767797]
2025-12-14 01:18:58,298 - INFO - num_full_subsets = 2
2025-12-14 01:18:58,363 - INFO - phi = [-0.79853644 -0.94040704  0.00348978 -0.47938998]
2025-12-14 01:18:58,412 - INFO - num_full_subsets = 2
2025-12-14 01:18:58,476 - INFO - phi = [1.71062955 0.42392001 0.10402486 0.35559746]
2025-12-14 01:18:58,525 - INFO - num_full_subsets = 2
2025-12-14 01:18:58,590 - INFO - phi = [ 1.52214815  0.40631452  0.13087538 -0.40757344]
2025-12-14 01:18:58,640 - INFO - num_full_subsets = 2
2025-12-14 01:18:58,705 - INFO - phi = [-0.14513607  0.3193335  -0.04936916  0.37255201]
2025-12-14 01:18:58,754 - INFO - num_full_subsets = 2
2025-12-14 01:18:58,820 - INFO - phi = [0.54248236 0.1642894  0.09110532 0.33404389]
2025-12-14 01:18:58,869 - INFO - num_full_subsets = 2
2025-12-14 01:18:58,934 - INFO - phi = [ 0.09682838  0.74854582  0.26195637 -0.59469518]
2025-12-14 01:18:58,983 - INFO - num_full_subsets = 2
2025-12-14 01:18:59,049 - INFO - phi = [-1.2598087   0.41660059  0.01465976 -0.06299809]
2025-12-14 01:18:59,098 - INFO - num_full_subsets = 2
2025-12-14 01:18:59,163 - INFO - phi = [-0.10575854  0.14406785 -0.14126704  0.45924903]
2025-12-14 01:18:59,212 - INFO - num_full_subsets = 2
2025-12-14 01:18:59,279 - INFO - phi = [-0.10575854  0.14406785 -0.14126704  0.45924903]
2025-12-14 01:18:59,329 - INFO - num_full_subsets = 2
2025-12-14 01:18:59,396 - INFO - phi = [-1.57706235e+00  1.48810942e-01  3.52280753e-04 -3.16354660e-01]
2025-12-14 01:18:59,449 - INFO - num_full_subsets = 2
2025-12-14 01:18:59,520 - INFO - phi = [-1.27566052 -0.61251322  0.00381703 -0.25524591]
2025-12-14 01:18:59,569 - INFO - num_full_subsets = 2
2025-12-14 01:18:59,635 - INFO - phi = [-0.58298811 -0.87212421  0.01929567 -0.67321337]
2025-12-14 01:18:59,683 - INFO - num_full_subsets = 2
2025-12-14 01:18:59,748 - INFO - phi = [-1.1316716  -0.78077076 -0.11280885  0.03905117]
2025-12-14 01:18:59,797 - INFO - num_full_subsets = 2
2025-12-14 01:18:59,863 - INFO - phi = [-1.38095332 -0.53756017  0.06405092 -0.28450731]
2025-12-14 01:18:59,911 - INFO - num_full_subsets = 2
2025-12-14 01:18:59,977 - INFO - phi = [-1.69008665 -0.52816131  0.01030359  0.09139519]
2025-12-14 01:19:00,026 - INFO - num_full_subsets = 2
2025-12-14 01:19:00,093 - INFO - phi = [0.54248236 0.1642894  0.09110532 0.33404389]
2025-12-14 01:19:00,142 - INFO - num_full_subsets = 2
2025-12-14 01:19:00,208 - INFO - phi = [-2.00750716  0.01820497 -0.06960819 -0.02340856]
2025-12-14 01:19:00,258 - INFO - num_full_subsets = 2
2025-12-14 01:19:00,323 - INFO - phi = [-0.07981599 -0.02480316 -0.12074472 -0.49294241]
2025-12-14 01:19:00,372 - INFO - num_full_subsets = 2
2025-12-14 01:19:00,438 - INFO - phi = [-0.9252355   1.28482134  0.16892317  0.04842838]
2025-12-14 01:19:00,487 - INFO - num_full_subsets = 2
2025-12-14 01:19:00,551 - INFO - phi = [ 0.08003787  0.40350995  0.00751059 -0.501785  ]
2025-12-14 01:19:00,600 - INFO - num_full_subsets = 2
2025-12-14 01:19:00,665 - INFO - phi = [ 1.70864986 -0.24531016  0.16044418  0.54320993]
2025-12-14 01:19:00,714 - INFO - num_full_subsets = 2
2025-12-14 01:19:00,778 - INFO - phi = [-1.29826926 -0.38149422 -0.01701684 -0.52113944]
2025-12-14 01:19:00,827 - INFO - num_full_subsets = 2
2025-12-14 01:19:00,892 - INFO - phi = [ 1.72785495  0.06273632  0.05407424 -0.14256577]
2025-12-14 01:19:00,941 - INFO - num_full_subsets = 2
2025-12-14 01:19:01,006 - INFO - phi = [-0.1296843   0.31945406 -0.00579655  0.04550785]
2025-12-14 01:19:01,055 - INFO - num_full_subsets = 2
2025-12-14 01:19:01,120 - INFO - phi = [-1.15986602 -0.70223849  0.01271494 -0.45129299]
2025-12-14 01:19:01,169 - INFO - num_full_subsets = 2
2025-12-14 01:19:01,235 - INFO - phi = [1.52585927 0.34986316 0.00471368 0.44035568]
2025-12-14 01:19:01,284 - INFO - num_full_subsets = 2
2025-12-14 01:19:01,349 - INFO - phi = [0.73796738 0.89478901 0.14724089 0.44748401]
2025-12-14 01:19:01,398 - INFO - num_full_subsets = 2
2025-12-14 01:19:01,462 - INFO - phi = [-0.00131796  0.31857973  0.09134272 -0.52806354]
2025-12-14 01:19:01,511 - INFO - num_full_subsets = 2
2025-12-14 01:19:01,575 - INFO - phi = [-0.98358361 -0.80734312 -0.00684145  0.15598959]
2025-12-14 01:19:01,624 - INFO - num_full_subsets = 2
2025-12-14 01:19:01,689 - INFO - phi = [-0.81820783 -0.0752542  -0.05059106  0.40683504]
2025-12-14 01:19:01,738 - INFO - num_full_subsets = 2
2025-12-14 01:19:01,803 - INFO - phi = [-1.30171994 -0.53605879 -0.02238328 -0.60728438]
2025-12-14 01:19:01,852 - INFO - num_full_subsets = 2
2025-12-14 01:19:01,917 - INFO - phi = [ 0.34615751  0.22654021 -0.01300201  0.15378017]
2025-12-14 01:19:01,966 - INFO - num_full_subsets = 2
2025-12-14 01:19:02,032 - INFO - phi = [ 1.99284703 -0.43628267 -0.04480328  0.45587124]
2025-12-14 01:19:02,081 - INFO - num_full_subsets = 2
2025-12-14 01:19:02,147 - INFO - phi = [ 1.69455975  0.38609958 -0.04363931  0.59441522]
2025-12-14 01:19:02,196 - INFO - num_full_subsets = 2
2025-12-14 01:19:02,262 - INFO - phi = [0.16871869 0.76748858 0.2242081  0.43508966]
2025-12-14 01:19:02,311 - INFO - num_full_subsets = 2
2025-12-14 01:19:02,376 - INFO - phi = [ 1.46566591 -0.15760509 -0.01425645  0.20293379]
2025-12-14 01:19:02,425 - INFO - num_full_subsets = 2
2025-12-14 01:19:02,489 - INFO - phi = [-1.04753398 -0.80640205 -0.03461882 -0.23702132]
2025-12-14 01:19:02,538 - INFO - num_full_subsets = 2
2025-12-14 01:19:02,603 - INFO - phi = [-1.2752557  -0.55151577 -0.13520524  0.24618442]
2025-12-14 01:19:02,651 - INFO - num_full_subsets = 2
2025-12-14 01:19:02,716 - INFO - phi = [-0.07693677  0.74681059  0.02385395 -0.13942587]
2025-12-14 01:19:02,765 - INFO - num_full_subsets = 2
2025-12-14 01:19:02,830 - INFO - phi = [ 0.82338439 -0.21571591  0.23303567  0.45515519]
2025-12-14 01:19:02,879 - INFO - num_full_subsets = 2
2025-12-14 01:19:02,945 - INFO - phi = [-1.70167019 -0.540413    0.02460803  0.37983332]
2025-12-14 01:19:02,994 - INFO - num_full_subsets = 2
2025-12-14 01:19:03,059 - INFO - phi = [1.68604898 0.81382799 0.05252612 0.10136132]
2025-12-14 01:19:03,108 - INFO - num_full_subsets = 2
2025-12-14 01:19:03,172 - INFO - phi = [ 1.86642889  0.81071659 -0.17234343  0.27139655]
2025-12-14 01:19:03,221 - INFO - num_full_subsets = 2
2025-12-14 01:19:03,286 - INFO - phi = [ 0.09323084  0.06907918  0.0755162  -0.37427269]
2025-12-14 01:19:03,335 - INFO - num_full_subsets = 2
2025-12-14 01:19:03,400 - INFO - phi = [ 9.33307354e-01  1.55116018e-04 -7.38098952e-02  4.59494610e-01]
2025-12-14 01:19:03,448 - INFO - num_full_subsets = 2
2025-12-14 01:19:03,513 - INFO - phi = [ 0.50276254  0.68739747 -0.31737679  0.32802169]
2025-12-14 01:19:03,562 - INFO - num_full_subsets = 2
2025-12-14 01:19:03,627 - INFO - phi = [ 0.45223233  0.32764663 -0.15811055  0.34274992]
2025-12-14 01:19:03,675 - INFO - num_full_subsets = 2
2025-12-14 01:19:03,740 - INFO - phi = [1.73372096 0.84975368 0.04535669 0.37168291]
2025-12-14 01:19:03,789 - INFO - num_full_subsets = 2
2025-12-14 01:19:03,853 - INFO - phi = [1.92438523 0.85192425 0.09852891 0.33704277]
2025-12-14 01:19:03,902 - INFO - num_full_subsets = 2
2025-12-14 01:19:03,968 - INFO - phi = [ 0.12622012 -0.10897741  0.15314888  0.46784476]
2025-12-14 01:19:04,017 - INFO - num_full_subsets = 2
2025-12-14 01:19:04,082 - INFO - phi = [-0.51822415  0.23098174 -0.32285562  0.07208516]
2025-12-14 01:19:04,131 - INFO - num_full_subsets = 2
2025-12-14 01:19:04,196 - INFO - phi = [ 1.6205999  -0.00873056  0.17065449  0.44031618]
2025-12-14 01:19:04,245 - INFO - num_full_subsets = 2
2025-12-14 01:19:04,310 - INFO - phi = [ 0.13260569  0.75280769 -0.02763069  0.65395348]
2025-12-14 01:19:04,359 - INFO - num_full_subsets = 2
2025-12-14 01:19:04,424 - INFO - phi = [ 1.40430087  0.12433282  0.06074022 -0.99436252]
2025-12-14 01:19:04,472 - INFO - num_full_subsets = 2
2025-12-14 01:19:04,537 - INFO - phi = [-1.0234125  -0.67341053  0.05092276 -0.53651992]
2025-12-14 01:19:04,586 - INFO - num_full_subsets = 2
2025-12-14 01:19:04,652 - INFO - phi = [-0.05113877  0.64410692  0.07520755 -0.55239742]
2025-12-14 01:19:04,700 - INFO - num_full_subsets = 2
2025-12-14 01:19:04,765 - INFO - phi = [ 0.96648466  0.37917696  0.10924669 -0.18530805]
2025-12-14 01:19:04,814 - INFO - num_full_subsets = 2
2025-12-14 01:19:04,878 - INFO - phi = [-1.68696501 -0.46419628 -0.12585684  0.08319921]
2025-12-14 01:19:04,928 - INFO - num_full_subsets = 2
2025-12-14 01:19:04,993 - INFO - phi = [0.12411731 1.01295365 0.02635314 0.36726351]
2025-12-14 01:19:05,042 - INFO - num_full_subsets = 2
2025-12-14 01:19:05,107 - INFO - phi = [ 0.04363435  0.26374562 -0.13439585 -0.50984889]
2025-12-14 01:19:05,156 - INFO - num_full_subsets = 2
2025-12-14 01:19:05,221 - INFO - phi = [-1.67525423e+00 -4.14252373e-01 -1.36788798e-01  1.05462022e-03]
2025-12-14 01:19:05,270 - INFO - num_full_subsets = 2
2025-12-14 01:19:05,335 - INFO - phi = [-1.30295029 -0.04155443  0.00701407  0.22159868]
2025-12-14 01:19:05,384 - INFO - num_full_subsets = 2
2025-12-14 01:19:05,448 - INFO - phi = [-1.35562482  0.12451064  0.00245918 -0.31860218]
2025-12-14 01:19:05,497 - INFO - num_full_subsets = 2
2025-12-14 01:19:05,562 - INFO - phi = [ 0.55975829 -0.00596061 -0.30039353  0.36005468]
2025-12-14 01:19:05,611 - INFO - num_full_subsets = 2
2025-12-14 01:19:05,676 - INFO - phi = [ 0.12276294  0.39438222 -0.06643413  0.47208028]
2025-12-14 01:19:05,725 - INFO - num_full_subsets = 2
2025-12-14 01:19:05,790 - INFO - phi = [-1.05191519 -0.01882127 -0.00344967  0.43878668]
2025-12-14 01:19:05,839 - INFO - num_full_subsets = 2
2025-12-14 01:19:05,904 - INFO - phi = [-1.2662981  -0.4184213  -0.11428992  0.3798502 ]
2025-12-14 01:19:05,953 - INFO - num_full_subsets = 2
2025-12-14 01:19:06,018 - INFO - phi = [ 0.45445914 -0.292355   -0.0711335   0.41852983]
2025-12-14 01:19:06,067 - INFO - num_full_subsets = 2
2025-12-14 01:19:06,133 - INFO - phi = [-0.70406327 -0.88145547 -0.01141976  0.07567777]
2025-12-14 01:19:06,183 - INFO - num_full_subsets = 2
2025-12-14 01:19:06,249 - INFO - phi = [ 0.27325063  0.14117904 -0.13271649  0.5177074 ]
2025-12-14 01:19:06,297 - INFO - num_full_subsets = 2
2025-12-14 01:19:06,362 - INFO - phi = [-0.92382679 -0.72172303  0.0708033  -0.55708446]
2025-12-14 01:19:06,411 - INFO - num_full_subsets = 2
2025-12-14 01:19:06,476 - INFO - phi = [ 1.59931269 -0.03156923  0.23687723  0.46476763]
2025-12-14 01:19:06,524 - INFO - num_full_subsets = 2
2025-12-14 01:19:06,589 - INFO - phi = [1.73366516 0.89351745 0.0910155  0.48555585]
2025-12-14 01:19:06,637 - INFO - num_full_subsets = 2
2025-12-14 01:19:06,702 - INFO - phi = [ 1.42020821  0.09642726  0.04295671 -0.63762853]
2025-12-14 01:19:06,750 - INFO - num_full_subsets = 2
2025-12-14 01:19:06,815 - INFO - phi = [ 7.66465753e-01  2.69488226e-01 -5.26974303e-04  5.49242679e-01]
2025-12-14 01:19:06,864 - INFO - num_full_subsets = 2
2025-12-14 01:19:06,929 - INFO - phi = [-1.36061     0.10085943 -0.05837237  0.39461792]
2025-12-14 01:19:06,978 - INFO - num_full_subsets = 2
2025-12-14 01:19:07,044 - INFO - phi = [1.34078807 0.21936281 0.03884707 0.15099414]
2025-12-14 01:19:07,093 - INFO - num_full_subsets = 2
2025-12-14 01:19:07,159 - INFO - phi = [-0.7916469  -0.94051991  0.00974195 -0.28707585]
2025-12-14 01:19:07,209 - INFO - num_full_subsets = 2
2025-12-14 01:19:07,274 - INFO - phi = [-1.38353930e+00 -5.30950859e-01 -1.02939390e-03 -3.26036729e-01]
2025-12-14 01:19:07,324 - INFO - num_full_subsets = 2
2025-12-14 01:19:07,390 - INFO - phi = [ 1.67538167 -0.47179465  0.08112293  0.47931485]
2025-12-14 01:19:07,439 - INFO - num_full_subsets = 2
2025-12-14 01:19:07,505 - INFO - phi = [-0.91291962 -0.74807628  0.00884847 -0.65867163]
2025-12-14 01:19:07,555 - INFO - num_full_subsets = 2
2025-12-14 01:19:07,621 - INFO - phi = [0.14922707 0.19196039 0.17873211 0.26278179]
2025-12-14 01:19:07,669 - INFO - num_full_subsets = 2
2025-12-14 01:19:07,734 - INFO - phi = [-2.15318764  0.70046944  0.07254063  0.41800134]
2025-12-14 01:19:07,783 - INFO - num_full_subsets = 2
2025-12-14 01:19:07,848 - INFO - phi = [ 0.12565393 -0.83343924  0.00475024 -0.88084131]
2025-12-14 01:19:07,897 - INFO - num_full_subsets = 2
2025-12-14 01:19:07,962 - INFO - phi = [1.82679827 0.28593054 0.01851627 0.45590198]
2025-12-14 01:19:08,012 - INFO - num_full_subsets = 2
2025-12-14 01:19:08,077 - INFO - phi = [-1.38444573 -0.5652548   0.01590789 -0.34205541]
2025-12-14 01:19:08,127 - INFO - num_full_subsets = 2
2025-12-14 01:19:08,193 - INFO - phi = [ 0.13404641 -0.00555408  0.09066135  0.43725997]
2025-12-14 01:19:08,242 - INFO - num_full_subsets = 2
2025-12-14 01:19:08,308 - INFO - phi = [-2.04275399  0.35143502 -0.09999804  0.08713351]
2025-12-14 01:19:08,357 - INFO - num_full_subsets = 2
2025-12-14 01:19:08,421 - INFO - phi = [-0.51786285 -0.90100043  0.00873759  0.06933771]
2025-12-14 01:19:08,470 - INFO - num_full_subsets = 2
2025-12-14 01:19:08,536 - INFO - phi = [-0.48461796 -0.91399387 -0.00793886  0.48437552]
2025-12-14 01:19:08,584 - INFO - num_full_subsets = 2
2025-12-14 01:19:08,650 - INFO - phi = [-1.47805392 -0.29577216 -0.06131006 -0.21750936]
2025-12-14 01:19:08,698 - INFO - num_full_subsets = 2
2025-12-14 01:19:08,763 - INFO - phi = [ 0.02189455  0.61869701  0.03561219 -1.015482  ]
2025-12-14 01:19:08,812 - INFO - num_full_subsets = 2
2025-12-14 01:19:08,877 - INFO - phi = [ 0.54841514 -0.81319841 -0.3725392   0.06234548]
2025-12-14 01:19:08,926 - INFO - num_full_subsets = 2
2025-12-14 01:19:08,991 - INFO - phi = [-0.97627718 -0.8580646  -0.02834437 -0.26469545]
2025-12-14 01:19:09,040 - INFO - num_full_subsets = 2
2025-12-14 01:19:09,106 - INFO - phi = [-0.74155169 -0.13420779  0.03306836 -0.1405872 ]
2025-12-14 01:19:09,156 - INFO - num_full_subsets = 2
2025-12-14 01:19:09,222 - INFO - phi = [-0.03729613 -0.00670165 -0.05404079  0.49121319]
2025-12-14 01:19:09,272 - INFO - num_full_subsets = 2
2025-12-14 01:19:09,338 - INFO - phi = [-0.51646965 -0.95655674 -0.02123718 -0.52108907]
2025-12-14 01:19:09,388 - INFO - num_full_subsets = 2
2025-12-14 01:19:09,454 - INFO - phi = [1.45315566 0.39754093 0.11908668 0.36698271]
2025-12-14 01:19:09,503 - INFO - num_full_subsets = 2
2025-12-14 01:19:09,568 - INFO - phi = [-1.11355238 -0.77596991  0.01509975 -0.38188464]
2025-12-14 01:19:09,617 - INFO - num_full_subsets = 2
2025-12-14 01:19:09,682 - INFO - phi = [ 1.4376933   0.08218346 -0.41722652 -0.61660502]
2025-12-14 01:19:09,731 - INFO - num_full_subsets = 2
2025-12-14 01:19:09,796 - INFO - phi = [-1.04638741 -0.72317061  0.06555044 -0.59398121]
2025-12-14 01:19:09,845 - INFO - num_full_subsets = 2
2025-12-14 01:19:09,910 - INFO - phi = [ 0.09323084  0.06907918  0.0755162  -0.37427269]
2025-12-14 01:19:09,960 - INFO - num_full_subsets = 2
2025-12-14 01:19:10,025 - INFO - phi = [0.69365977 0.59157185 0.05927026 0.26978627]
2025-12-14 01:19:10,075 - INFO - num_full_subsets = 2
2025-12-14 01:19:10,141 - INFO - phi = [ 0.13803634  0.02085786 -0.36490587  0.24269343]
2025-12-14 01:19:10,191 - INFO - num_full_subsets = 2
2025-12-14 01:19:10,256 - INFO - phi = [1.61687095 0.37545363 0.08810228 0.31673955]
2025-12-14 01:19:10,305 - INFO - num_full_subsets = 2
2025-12-14 01:19:10,370 - INFO - phi = [-1.74194329 -0.48589817  0.01368008  0.30423138]
2025-12-14 01:19:10,419 - INFO - num_full_subsets = 2
2025-12-14 01:19:10,484 - INFO - phi = [1.64383971 0.1901572  0.02142865 0.50821618]
2025-12-14 01:19:10,532 - INFO - num_full_subsets = 2
2025-12-14 01:19:10,597 - INFO - phi = [-1.43017433e+00 -5.45669780e-01 -1.33973192e-03 -1.84947430e-01]
2025-12-14 01:19:10,646 - INFO - num_full_subsets = 2
2025-12-14 01:19:10,711 - INFO - phi = [-0.82259206 -0.78276346  0.2517188  -0.47370591]
2025-12-14 01:19:10,760 - INFO - num_full_subsets = 2
2025-12-14 01:19:10,825 - INFO - phi = [ 0.07778472  0.73933422  0.15026573 -0.41001953]
2025-12-14 01:19:10,874 - INFO - num_full_subsets = 2
2025-12-14 01:19:10,939 - INFO - phi = [ 0.52889414  0.20533161  0.24642434 -0.17626678]
2025-12-14 01:19:10,988 - INFO - num_full_subsets = 2
2025-12-14 01:19:11,053 - INFO - phi = [-0.00477391  0.32051053  0.0089243   0.36924626]
2025-12-14 01:19:11,102 - INFO - num_full_subsets = 2
2025-12-14 01:19:11,167 - INFO - phi = [-0.95030355 -0.68973889 -0.25998244 -0.17935687]
2025-12-14 01:19:11,216 - INFO - num_full_subsets = 2
2025-12-14 01:19:11,281 - INFO - phi = [0.23397368 0.4341482  0.35988449 0.31183929]
2025-12-14 01:19:11,330 - INFO - num_full_subsets = 2
2025-12-14 01:19:11,395 - INFO - phi = [ 0.88313842  0.12037555 -0.02541647  0.29205865]
2025-12-14 01:19:11,444 - INFO - num_full_subsets = 2
2025-12-14 01:19:11,510 - INFO - phi = [ 1.42487839 -0.06642431  0.14267407  0.4914501 ]
2025-12-14 01:19:11,559 - INFO - num_full_subsets = 2
2025-12-14 01:19:11,625 - INFO - phi = [-1.1508049   0.10812782 -0.12213125  0.22253374]
2025-12-14 01:19:11,676 - INFO - num_full_subsets = 2
2025-12-14 01:19:11,742 - INFO - phi = [1.73645481 0.6146852  0.1267736  0.47937886]
2025-12-14 01:19:11,791 - INFO - num_full_subsets = 2
2025-12-14 01:19:11,855 - INFO - phi = [1.44385481 0.36009439 0.18158887 0.37712477]
2025-12-14 01:19:11,904 - INFO - num_full_subsets = 2
2025-12-14 01:19:11,969 - INFO - phi = [ 1.30918242  0.0111614   0.01710092 -1.03690744]
2025-12-14 01:19:12,019 - INFO - num_full_subsets = 2
2025-12-14 01:19:12,084 - INFO - phi = [-1.6284703  -0.06099017  0.07712613 -0.24133768]
2025-12-14 01:19:12,133 - INFO - num_full_subsets = 2
2025-12-14 01:19:12,199 - INFO - phi = [-0.07090119  0.68022914 -0.34156399 -0.58784094]
2025-12-14 01:19:12,247 - INFO - num_full_subsets = 2
2025-12-14 01:19:12,313 - INFO - phi = [-1.33471642 -0.5032111   0.0024469  -0.61092536]
2025-12-14 01:19:12,363 - INFO - num_full_subsets = 2
2025-12-14 01:19:12,428 - INFO - phi = [ 1.96702956  0.39756728 -0.07863836  0.47206826]
2025-12-14 01:19:12,477 - INFO - num_full_subsets = 2
2025-12-14 01:19:12,543 - INFO - phi = [-1.09611894 -0.57766601 -0.24871928 -0.25288171]
2025-12-14 01:19:12,591 - INFO - num_full_subsets = 2
2025-12-14 01:19:12,656 - INFO - phi = [1.68386147 0.97324688 0.09913395 0.56637435]
2025-12-14 01:19:12,705 - INFO - num_full_subsets = 2
2025-12-14 01:19:12,770 - INFO - phi = [-0.46337666 -0.66945605 -0.00752037 -0.76715491]
2025-12-14 01:19:12,819 - INFO - num_full_subsets = 2
2025-12-14 01:19:12,885 - INFO - phi = [ 0.78119546  0.1450839   0.68632349 -1.1012079 ]
2025-12-14 01:19:12,934 - INFO - num_full_subsets = 2
2025-12-14 01:19:12,999 - INFO - phi = [1.03400247 0.62423744 0.24307304 0.49861122]
2025-12-14 01:19:13,048 - INFO - num_full_subsets = 2
2025-12-14 01:19:13,113 - INFO - phi = [ 0.03332972 -0.05152583 -0.2115542  -0.90138359]
2025-12-14 01:19:13,162 - INFO - num_full_subsets = 2
2025-12-14 01:19:13,227 - INFO - phi = [-1.27566052 -0.61251322  0.00381703 -0.25524591]
2025-12-14 01:19:13,275 - INFO - num_full_subsets = 2
2025-12-14 01:19:13,340 - INFO - phi = [-0.09400499  0.1299346  -0.36800851 -0.1744681 ]
2025-12-14 01:19:13,390 - INFO - num_full_subsets = 2
2025-12-14 01:19:13,455 - INFO - phi = [ 1.57218181  0.03565877  0.04965037 -0.73649876]
2025-12-14 01:19:13,504 - INFO - num_full_subsets = 2
2025-12-14 01:19:13,568 - INFO - phi = [-1.10432986 -0.38611654 -0.02821272 -0.22938763]
2025-12-14 01:19:13,617 - INFO - num_full_subsets = 2
2025-12-14 01:19:13,682 - INFO - phi = [ 0.38796366 -0.3888444  -0.08948622  0.41627971]
2025-12-14 01:19:13,731 - INFO - num_full_subsets = 2
2025-12-14 01:19:13,797 - INFO - phi = [-1.49904642 -0.29941503 -0.22520461  0.13189487]
2025-12-14 01:19:13,846 - INFO - num_full_subsets = 2
2025-12-14 01:19:13,911 - INFO - phi = [-1.52953323  0.28116896 -0.34105136 -0.03828848]
2025-12-14 01:19:13,960 - INFO - num_full_subsets = 2
2025-12-14 01:19:14,026 - INFO - phi = [ 0.31294311 -0.02944919  0.09292226  0.48363816]
2025-12-14 01:19:14,075 - INFO - num_full_subsets = 2
2025-12-14 01:19:14,142 - INFO - phi = [ 0.15361505 -0.00192787  0.13702512  0.56370706]
2025-12-14 01:19:14,191 - INFO - num_full_subsets = 2
2025-12-14 01:19:14,256 - INFO - phi = [ 0.01251316 -0.0770537  -0.02341502  0.3780368 ]
2025-12-14 01:19:14,306 - INFO - num_full_subsets = 2
2025-12-14 01:19:14,370 - INFO - phi = [-0.03526146  0.73890819  0.07916511  0.5606068 ]
2025-12-14 01:19:14,869 - INFO - Computing feature importance...
2025-12-14 01:19:22,727 - INFO - Experiment completed for NGBoost
2025-12-14 01:19:22,727 - INFO - Total time: 326.07s (5.43 min)
2025-12-14 01:19:22,727 - INFO - Starting comprehensive experiment for NGBoost
2025-12-14 01:19:34,208 - INFO - Performing feature analysis...
2025-12-14 01:19:35,393 - INFO - Model justification: Probabilistic forecasting with natural gradient boosting, provides uncertainty quantification
2025-12-14 01:19:35,393 - INFO - Performing robust cross-validation...
2025-12-14 01:20:14,111 - INFO - CV Results - MSE: 0.8506 ± 0.1499
2025-12-14 01:20:14,111 - INFO - Starting hyperparameter optimization...
2025-12-14 01:22:44,892 - INFO - Best parameters for NGBoost: {'n_estimators': 119, 'learning_rate': 0.05528881885090484, 'minibatch_frac': 0.49817407158773275, 'natural_gradient': True}
2025-12-14 01:22:44,892 - INFO - ⏱️ HPO took 150.78 seconds
2025-12-14 01:22:44,892 - INFO - Training final model...
2025-12-14 01:22:45,471 - INFO - ⏱️ Training took 0.58 seconds
2025-12-14 01:22:45,471 - INFO - Performing residual analysis...
2025-12-14 01:22:46,647 - INFO - Generating XAI explanations...
2025-12-14 01:22:46,664 - WARNING - Using 168 background data samples could cause slower run times. Consider using shap.sample(data, K) or shap.kmeans(data, K) to summarize the background as K samples.
2025-12-14 01:22:46,693 - INFO - num_full_subsets = 2
2025-12-14 01:22:46,724 - INFO - phi = [ 1.24875512 -0.00289048  0.28746646  0.54377015]
2025-12-14 01:22:46,754 - INFO - num_full_subsets = 2
2025-12-14 01:22:46,785 - INFO - phi = [1.86978218 0.13494759 0.44033099 0.55034918]
2025-12-14 01:22:46,815 - INFO - num_full_subsets = 2
2025-12-14 01:22:46,846 - INFO - phi = [0.46844943 0.09774405 0.21970588 0.61913205]
2025-12-14 01:22:46,876 - INFO - num_full_subsets = 2
2025-12-14 01:22:46,907 - INFO - phi = [-1.64146016  0.32723758 -0.05590491  0.01204102]
2025-12-14 01:22:46,937 - INFO - num_full_subsets = 2
2025-12-14 01:22:46,968 - INFO - phi = [ 0.1515805  -0.61287444  0.02509563  0.53558886]
2025-12-14 01:22:46,998 - INFO - num_full_subsets = 2
2025-12-14 01:22:47,030 - INFO - phi = [ 0.30612787  0.59124502 -0.34787086 -0.39185851]
2025-12-14 01:22:47,060 - INFO - num_full_subsets = 2
2025-12-14 01:22:47,092 - INFO - phi = [ 0.32354788  0.26106234  0.1022132  -0.61558879]
2025-12-14 01:22:47,122 - INFO - num_full_subsets = 2
2025-12-14 01:22:47,153 - INFO - phi = [-0.43735347 -0.67431832  0.03398611  0.28157184]
2025-12-14 01:22:47,183 - INFO - num_full_subsets = 2
2025-12-14 01:22:47,214 - INFO - phi = [ 0.90155311  0.08035142 -0.14608245 -0.56792771]
2025-12-14 01:22:47,244 - INFO - num_full_subsets = 2
2025-12-14 01:22:47,276 - INFO - phi = [-0.67205248 -0.56976069  0.06736716 -0.30508701]
2025-12-14 01:22:47,306 - INFO - num_full_subsets = 2
2025-12-14 01:22:47,337 - INFO - phi = [ 0.6612225  -0.1598435   0.0131161   0.45548343]
2025-12-14 01:22:47,367 - INFO - num_full_subsets = 2
2025-12-14 01:22:47,398 - INFO - phi = [ 2.06861823  0.1492809  -0.10826246  0.40912645]
2025-12-14 01:22:47,429 - INFO - num_full_subsets = 2
2025-12-14 01:22:47,460 - INFO - phi = [ 0.31113376  0.09811896 -0.02848124 -0.42692029]
2025-12-14 01:22:47,490 - INFO - num_full_subsets = 2
2025-12-14 01:22:47,522 - INFO - phi = [-0.56866444 -0.52309721 -0.07692188 -0.23707235]
2025-12-14 01:22:47,552 - INFO - num_full_subsets = 2
2025-12-14 01:22:47,583 - INFO - phi = [-1.19974013 -0.24421718  0.020273   -0.2457684 ]
2025-12-14 01:22:47,613 - INFO - num_full_subsets = 2
2025-12-14 01:22:47,644 - INFO - phi = [-0.92305747 -0.60643137  0.10173481  0.28653426]
2025-12-14 01:22:47,674 - INFO - num_full_subsets = 2
2025-12-14 01:22:47,706 - INFO - phi = [ 1.45432293  0.16601104 -0.03554417 -0.58843146]
2025-12-14 01:22:47,736 - INFO - num_full_subsets = 2
2025-12-14 01:22:47,767 - INFO - phi = [-1.36638025 -0.32909534 -0.13548109  0.22410883]
2025-12-14 01:22:47,798 - INFO - num_full_subsets = 2
2025-12-14 01:22:47,829 - INFO - phi = [-0.33966722 -0.64887788 -0.01146086 -0.41285022]
2025-12-14 01:22:47,859 - INFO - num_full_subsets = 2
2025-12-14 01:22:47,890 - INFO - phi = [-0.37971673 -0.68717702  0.03108732 -0.65814826]
2025-12-14 01:22:47,920 - INFO - num_full_subsets = 2
2025-12-14 01:22:47,951 - INFO - phi = [-0.29509338  0.07058339 -0.30690507  0.16855232]
2025-12-14 01:22:47,981 - INFO - num_full_subsets = 2
2025-12-14 01:22:48,013 - INFO - phi = [ 0.31616981  0.3815086  -0.13379001  0.25015964]
2025-12-14 01:22:48,043 - INFO - num_full_subsets = 2
2025-12-14 01:22:48,074 - INFO - phi = [-0.97981075 -0.40114698 -0.07265891 -0.55161225]
2025-12-14 01:22:48,104 - INFO - num_full_subsets = 2
2025-12-14 01:22:48,135 - INFO - phi = [ 0.84325797  0.22844562 -0.02982559  0.91258547]
2025-12-14 01:22:48,165 - INFO - num_full_subsets = 2
2025-12-14 01:22:48,197 - INFO - phi = [ 0.87942683  0.0012231  -0.23243696  0.29597881]
2025-12-14 01:22:48,227 - INFO - num_full_subsets = 2
2025-12-14 01:22:48,258 - INFO - phi = [-0.667388   -0.61800497 -0.01234144 -0.3343083 ]
2025-12-14 01:22:48,289 - INFO - num_full_subsets = 2
2025-12-14 01:22:48,320 - INFO - phi = [ 0.36433918 -0.46306718 -0.0423842  -0.70020582]
2025-12-14 01:22:48,350 - INFO - num_full_subsets = 2
2025-12-14 01:22:48,381 - INFO - phi = [-0.96502928  0.50238857 -0.27096782 -0.28343355]
2025-12-14 01:22:48,411 - INFO - num_full_subsets = 2
2025-12-14 01:22:48,442 - INFO - phi = [ 0.46416406  0.68750882  0.14346627 -0.57402112]
2025-12-14 01:22:48,472 - INFO - num_full_subsets = 2
2025-12-14 01:22:48,503 - INFO - phi = [-0.81442065 -0.63513034  0.18100056  0.06344148]
2025-12-14 01:22:48,533 - INFO - num_full_subsets = 2
2025-12-14 01:22:48,564 - INFO - phi = [-0.97407927 -0.2653545  -0.05594123 -0.34721777]
2025-12-14 01:22:48,594 - INFO - num_full_subsets = 2
2025-12-14 01:22:48,625 - INFO - phi = [-0.71499586  2.38326622  0.08835205 -0.41987578]
2025-12-14 01:22:48,655 - INFO - num_full_subsets = 2
2025-12-14 01:22:48,687 - INFO - phi = [-1.26100923 -0.4388993   0.15726232 -0.06305934]
2025-12-14 01:22:48,716 - INFO - num_full_subsets = 2
2025-12-14 01:22:48,747 - INFO - phi = [0.90366463 0.12391699 0.47416544 0.68496935]
2025-12-14 01:22:48,778 - INFO - num_full_subsets = 2
2025-12-14 01:22:48,810 - INFO - phi = [ 2.2860188   0.3068393  -0.1188197   0.38960522]
2025-12-14 01:22:48,840 - INFO - num_full_subsets = 2
2025-12-14 01:22:48,872 - INFO - phi = [-1.24356993 -0.31011671 -0.21255392  0.30535795]
2025-12-14 01:22:48,903 - INFO - num_full_subsets = 2
2025-12-14 01:22:48,935 - INFO - phi = [-1.22141426  0.18368877 -0.30795774  0.20533019]
2025-12-14 01:22:48,965 - INFO - num_full_subsets = 2
2025-12-14 01:22:48,997 - INFO - phi = [ 0.90155311  0.08035142 -0.14608245 -0.56792771]
2025-12-14 01:22:49,027 - INFO - num_full_subsets = 2
2025-12-14 01:22:49,059 - INFO - phi = [-0.38966713 -0.67424429 -0.01344504 -0.64758679]
2025-12-14 01:22:49,089 - INFO - num_full_subsets = 2
2025-12-14 01:22:49,120 - INFO - phi = [ 0.56885993  0.35778548  0.12471932 -0.5211682 ]
2025-12-14 01:22:49,150 - INFO - num_full_subsets = 2
2025-12-14 01:22:49,182 - INFO - phi = [-0.92265042  0.26737955 -0.28063388  0.18617364]
2025-12-14 01:22:49,212 - INFO - num_full_subsets = 2
2025-12-14 01:22:49,244 - INFO - phi = [ 1.00680114  0.07699702 -0.37027663  0.36196823]
2025-12-14 01:22:49,274 - INFO - num_full_subsets = 2
2025-12-14 01:22:49,306 - INFO - phi = [ 0.81056175 -0.28567537 -0.04493209  0.68238865]
2025-12-14 01:22:49,336 - INFO - num_full_subsets = 2
2025-12-14 01:22:49,367 - INFO - phi = [0.87130816 0.37589008 0.24593151 0.34263509]
2025-12-14 01:22:49,398 - INFO - num_full_subsets = 2
2025-12-14 01:22:49,429 - INFO - phi = [ 0.11764162  0.65622417  0.36105561 -0.44598928]
2025-12-14 01:22:49,459 - INFO - num_full_subsets = 2
2025-12-14 01:22:49,490 - INFO - phi = [-0.66287496 -0.53394538  0.18609751 -0.28606011]
2025-12-14 01:22:49,521 - INFO - num_full_subsets = 2
2025-12-14 01:22:49,552 - INFO - phi = [-0.25819382 -0.36820872  0.55303173 -0.85159312]
2025-12-14 01:22:49,581 - INFO - num_full_subsets = 2
2025-12-14 01:22:49,612 - INFO - phi = [1.70951444 0.59733394 0.01962819 0.32850435]
2025-12-14 01:22:49,643 - INFO - num_full_subsets = 2
2025-12-14 01:22:49,674 - INFO - phi = [ 1.27896558  0.43118889 -0.01852306  0.54310064]
2025-12-14 01:22:49,705 - INFO - num_full_subsets = 2
2025-12-14 01:22:49,736 - INFO - phi = [-0.97429316 -0.33153561 -0.08571579 -0.32626574]
2025-12-14 01:22:49,767 - INFO - num_full_subsets = 2
2025-12-14 01:22:49,798 - INFO - phi = [-0.83750408 -0.49953998 -0.01815134 -0.39325744]
2025-12-14 01:22:49,828 - INFO - num_full_subsets = 2
2025-12-14 01:22:49,859 - INFO - phi = [ 2.2256779   0.38861143 -0.02185274  0.41964966]
2025-12-14 01:22:49,890 - INFO - num_full_subsets = 2
2025-12-14 01:22:49,921 - INFO - phi = [-1.08728601 -0.40874528  0.15879636 -0.25331255]
2025-12-14 01:22:49,951 - INFO - num_full_subsets = 2
2025-12-14 01:22:49,983 - INFO - phi = [-0.91670147 -0.27849743 -0.08728205 -0.36011181]
2025-12-14 01:22:50,013 - INFO - num_full_subsets = 2
2025-12-14 01:22:50,045 - INFO - phi = [-0.91464151 -0.59391615 -0.02810668  0.20869916]
2025-12-14 01:22:50,075 - INFO - num_full_subsets = 2
2025-12-14 01:22:50,107 - INFO - phi = [-0.69610684  0.09001371 -0.0684636   0.7634417 ]
2025-12-14 01:22:50,137 - INFO - num_full_subsets = 2
2025-12-14 01:22:50,169 - INFO - phi = [-0.1106942  -0.51430681  0.20328492 -0.39819939]
2025-12-14 01:22:50,199 - INFO - num_full_subsets = 2
2025-12-14 01:22:50,231 - INFO - phi = [0.58598762 0.25931748 0.02289011 0.39896822]
2025-12-14 01:22:50,261 - INFO - num_full_subsets = 2
2025-12-14 01:22:50,292 - INFO - phi = [-0.82656342  0.27294232 -0.02135342  0.34842977]
2025-12-14 01:22:50,322 - INFO - num_full_subsets = 2
2025-12-14 01:22:50,354 - INFO - phi = [ 0.54889228  0.70900882  0.1635014  -0.76676232]
2025-12-14 01:22:50,384 - INFO - num_full_subsets = 2
2025-12-14 01:22:50,416 - INFO - phi = [ 0.81274138 -0.60393394 -0.03962028  0.07596928]
2025-12-14 01:22:50,446 - INFO - num_full_subsets = 2
2025-12-14 01:22:50,477 - INFO - phi = [ 1.12028144 -0.21685868 -0.06955731  0.44723222]
2025-12-14 01:22:50,507 - INFO - num_full_subsets = 2
2025-12-14 01:22:50,538 - INFO - phi = [0.47661378 0.87961348 0.08670889 0.03324699]
2025-12-14 01:22:50,568 - INFO - num_full_subsets = 2
2025-12-14 01:22:50,600 - INFO - phi = [-0.41092037 -0.57470011  0.37542095 -0.78016051]
2025-12-14 01:22:50,630 - INFO - num_full_subsets = 2
2025-12-14 01:22:50,661 - INFO - phi = [ 0.26265499  0.63659326 -0.04938673 -0.56098077]
2025-12-14 01:22:50,692 - INFO - num_full_subsets = 2
2025-12-14 01:22:50,723 - INFO - phi = [-0.71436508 -0.61158596 -0.02684628  0.20781883]
2025-12-14 01:22:50,753 - INFO - num_full_subsets = 2
2025-12-14 01:22:50,785 - INFO - phi = [-1.35057974  0.02505589 -0.13004667  0.57833279]
2025-12-14 01:22:50,815 - INFO - num_full_subsets = 2
2025-12-14 01:22:50,846 - INFO - phi = [ 0.28096941  0.65655996 -0.35116122 -0.50682672]
2025-12-14 01:22:50,876 - INFO - num_full_subsets = 2
2025-12-14 01:22:50,907 - INFO - phi = [ 0.18183282 -0.40781279 -0.33579274  0.32283933]
2025-12-14 01:22:50,938 - INFO - num_full_subsets = 2
2025-12-14 01:22:50,969 - INFO - phi = [-0.33966722 -0.64887788 -0.01146086 -0.41285022]
2025-12-14 01:22:50,999 - INFO - num_full_subsets = 2
2025-12-14 01:22:51,031 - INFO - phi = [-1.55888963  0.1002387   0.00536299  0.31000612]
2025-12-14 01:22:51,062 - INFO - num_full_subsets = 2
2025-12-14 01:22:51,093 - INFO - phi = [0.47389139 0.56570772 0.09147854 0.26864997]
2025-12-14 01:22:51,124 - INFO - num_full_subsets = 2
2025-12-14 01:22:51,156 - INFO - phi = [ 0.47951523  0.06907018  0.17467318 -0.8016134 ]
2025-12-14 01:22:51,186 - INFO - num_full_subsets = 2
2025-12-14 01:22:51,218 - INFO - phi = [0.39605919 0.1368496  0.00230812 0.08557262]
2025-12-14 01:22:51,248 - INFO - num_full_subsets = 2
2025-12-14 01:22:51,280 - INFO - phi = [-1.25727235 -0.22935644 -0.61294764  0.57367949]
2025-12-14 01:22:51,310 - INFO - num_full_subsets = 2
2025-12-14 01:22:51,342 - INFO - phi = [-1.24384636 -0.45975602  0.16095618 -0.06305934]
2025-12-14 01:22:51,372 - INFO - num_full_subsets = 2
2025-12-14 01:22:51,404 - INFO - phi = [ 0.28488065  0.6704498  -0.33983588 -0.53402106]
2025-12-14 01:22:51,433 - INFO - num_full_subsets = 2
2025-12-14 01:22:51,464 - INFO - phi = [ 0.8179526   0.74902974 -0.09918787  0.28374418]
2025-12-14 01:22:51,495 - INFO - num_full_subsets = 2
2025-12-14 01:22:51,526 - INFO - phi = [-0.76219058  0.18894623 -0.30700968  0.24059539]
2025-12-14 01:22:51,556 - INFO - num_full_subsets = 2
2025-12-14 01:22:51,587 - INFO - phi = [ 1.11322728 -0.15075452 -0.0076706   0.11324237]
2025-12-14 01:22:51,617 - INFO - num_full_subsets = 2
2025-12-14 01:22:51,648 - INFO - phi = [ 1.20655469  0.20345284 -0.27877272  0.45543253]
2025-12-14 01:22:51,679 - INFO - num_full_subsets = 2
2025-12-14 01:22:51,710 - INFO - phi = [0.48573329 2.42602309 0.02115308 0.37586317]
2025-12-14 01:22:51,740 - INFO - num_full_subsets = 2
2025-12-14 01:22:51,772 - INFO - phi = [-1.46094449  0.56853445 -0.2418786   0.13893176]
2025-12-14 01:22:51,802 - INFO - num_full_subsets = 2
2025-12-14 01:22:51,833 - INFO - phi = [-1.38375791 -0.39492141 -0.03846616  0.06979892]
2025-12-14 01:22:51,863 - INFO - num_full_subsets = 2
2025-12-14 01:22:51,894 - INFO - phi = [-0.96014235 -0.46213719 -0.01260016 -0.36678405]
2025-12-14 01:22:51,924 - INFO - num_full_subsets = 2
2025-12-14 01:22:51,956 - INFO - phi = [ 0.57007069 -0.3779677   0.85640618 -0.68682214]
2025-12-14 01:22:51,986 - INFO - num_full_subsets = 2
2025-12-14 01:22:52,018 - INFO - phi = [-0.78769085 -0.5107079   0.13043933 -0.39609206]
2025-12-14 01:22:52,048 - INFO - num_full_subsets = 2
2025-12-14 01:22:52,079 - INFO - phi = [ 1.47098591 -0.04334224  0.1104646   0.54928156]
2025-12-14 01:22:52,109 - INFO - num_full_subsets = 2
2025-12-14 01:22:52,140 - INFO - phi = [ 0.39970168  0.03942659 -0.26764972  0.46118605]
2025-12-14 01:22:52,170 - INFO - num_full_subsets = 2
2025-12-14 01:22:52,201 - INFO - phi = [1.72132581 0.25623103 0.25576382 0.68786118]
2025-12-14 01:22:52,232 - INFO - num_full_subsets = 2
2025-12-14 01:22:52,263 - INFO - phi = [-0.75476123 -0.3728433  -0.01551756 -0.38402636]
2025-12-14 01:22:52,293 - INFO - num_full_subsets = 2
2025-12-14 01:22:52,324 - INFO - phi = [ 0.55804467 -0.53102818  0.01610872 -0.78939564]
2025-12-14 01:22:52,355 - INFO - num_full_subsets = 2
2025-12-14 01:22:52,386 - INFO - phi = [-1.4779683   0.02976022 -0.07618028  0.04061298]
2025-12-14 01:22:52,416 - INFO - num_full_subsets = 2
2025-12-14 01:22:52,448 - INFO - phi = [ 0.99694724  0.32860604  0.28169697 -0.98522957]
2025-12-14 01:22:52,478 - INFO - num_full_subsets = 2
2025-12-14 01:22:52,510 - INFO - phi = [0.45358057 0.06684854 0.01935212 0.53914192]
2025-12-14 01:22:52,540 - INFO - num_full_subsets = 2
2025-12-14 01:22:52,571 - INFO - phi = [-0.61490185 -0.50710758 -0.14731577  0.25546031]
2025-12-14 01:22:52,601 - INFO - num_full_subsets = 2
2025-12-14 01:22:52,632 - INFO - phi = [-0.8121253  -0.48353727 -0.18963206 -0.01963625]
2025-12-14 01:22:52,662 - INFO - num_full_subsets = 2
2025-12-14 01:22:52,694 - INFO - phi = [-1.4183908   0.42909654  0.08355767  0.11560964]
2025-12-14 01:22:52,724 - INFO - num_full_subsets = 2
2025-12-14 01:22:52,755 - INFO - phi = [-1.02646244 -0.26882516 -0.11375004 -0.24146641]
2025-12-14 01:22:52,785 - INFO - num_full_subsets = 2
2025-12-14 01:22:52,816 - INFO - phi = [ 1.35664687 -0.00480836 -0.2925323   0.47478646]
2025-12-14 01:22:52,847 - INFO - num_full_subsets = 2
2025-12-14 01:22:52,878 - INFO - phi = [-0.45762166 -0.61543828 -0.03845181  0.25944546]
2025-12-14 01:22:52,908 - INFO - num_full_subsets = 2
2025-12-14 01:22:52,940 - INFO - phi = [4.12687934e-01 9.13980698e-01 2.44372424e-04 6.48135217e-01]
2025-12-14 01:22:52,970 - INFO - num_full_subsets = 2
2025-12-14 01:22:53,002 - INFO - phi = [ 0.3346535   0.6885285   0.17246408 -0.79306938]
2025-12-14 01:22:53,033 - INFO - num_full_subsets = 2
2025-12-14 01:22:53,065 - INFO - phi = [-1.12434938 -0.2804627  -0.58050379 -0.01501527]
2025-12-14 01:22:53,095 - INFO - num_full_subsets = 2
2025-12-14 01:22:53,127 - INFO - phi = [-1.25743209 -0.42398241  0.10316007  0.07133563]
2025-12-14 01:22:53,156 - INFO - num_full_subsets = 2
2025-12-14 01:22:53,188 - INFO - phi = [ 0.37750189  0.134379   -0.2635606   0.57467772]
2025-12-14 01:22:53,218 - INFO - num_full_subsets = 2
2025-12-14 01:22:53,249 - INFO - phi = [-0.5526492  -0.50589028 -0.06181617 -0.2689746 ]
2025-12-14 01:22:53,280 - INFO - num_full_subsets = 2
2025-12-14 01:22:53,311 - INFO - phi = [-1.37365986 -0.38872257 -0.03708049  0.15726159]
2025-12-14 01:22:53,342 - INFO - num_full_subsets = 2
2025-12-14 01:22:53,373 - INFO - phi = [-1.35538478  0.1981559   0.019805   -0.26982322]
2025-12-14 01:22:53,403 - INFO - num_full_subsets = 2
2025-12-14 01:22:53,435 - INFO - phi = [0.55268864 0.302125   0.39454866 0.59188831]
2025-12-14 01:22:53,465 - INFO - num_full_subsets = 2
2025-12-14 01:22:53,496 - INFO - phi = [-1.50188543 -0.0394029  -0.04808098  0.11500973]
2025-12-14 01:22:53,526 - INFO - num_full_subsets = 2
2025-12-14 01:22:53,557 - INFO - phi = [ 0.46825566  0.54544668  0.29757375 -0.60632205]
2025-12-14 01:22:53,588 - INFO - num_full_subsets = 2
2025-12-14 01:22:53,620 - INFO - phi = [ 0.46826913  0.32464169 -0.04649687  0.59782632]
2025-12-14 01:22:53,649 - INFO - num_full_subsets = 2
2025-12-14 01:22:53,680 - INFO - phi = [ 0.47660132  0.23812259  0.21164474 -0.56293506]
2025-12-14 01:22:53,710 - INFO - num_full_subsets = 2
2025-12-14 01:22:53,742 - INFO - phi = [-0.94290589 -0.07824933 -0.01195277 -0.32790618]
2025-12-14 01:22:53,772 - INFO - num_full_subsets = 2
2025-12-14 01:22:53,803 - INFO - phi = [ 2.35158847  0.3589719  -0.0678241   0.43591396]
2025-12-14 01:22:53,833 - INFO - num_full_subsets = 2
2025-12-14 01:22:53,864 - INFO - phi = [ 0.53099465 -0.33831642  0.39365701 -0.78572924]
2025-12-14 01:22:53,894 - INFO - num_full_subsets = 2
2025-12-14 01:22:53,926 - INFO - phi = [-0.56808363 -0.68260565  0.05367348 -0.43101017]
2025-12-14 01:22:53,956 - INFO - num_full_subsets = 2
2025-12-14 01:22:53,987 - INFO - phi = [ 1.78472711  0.04507925 -0.15422587  0.6741654 ]
2025-12-14 01:22:54,018 - INFO - num_full_subsets = 2
2025-12-14 01:22:54,049 - INFO - phi = [ 1.64966069 -0.05864368 -0.01832001 -0.82038669]
2025-12-14 01:22:54,080 - INFO - num_full_subsets = 2
2025-12-14 01:22:54,112 - INFO - phi = [ 0.28777623  0.71816332 -0.31317948 -0.77832685]
2025-12-14 01:22:54,142 - INFO - num_full_subsets = 2
2025-12-14 01:22:54,174 - INFO - phi = [ 0.43778199  0.28781032 -0.02427582  0.57061244]
2025-12-14 01:22:54,204 - INFO - num_full_subsets = 2
2025-12-14 01:22:54,236 - INFO - phi = [-1.32580822 -0.44448613  0.02041883  0.16769941]
2025-12-14 01:22:54,266 - INFO - num_full_subsets = 2
2025-12-14 01:22:54,297 - INFO - phi = [-1.07503245 -0.3859353   0.00519038 -0.2051113 ]
2025-12-14 01:22:54,328 - INFO - num_full_subsets = 2
2025-12-14 01:22:54,359 - INFO - phi = [ 0.50831107 -0.14393142 -0.90551985  0.06923697]
2025-12-14 01:22:54,389 - INFO - num_full_subsets = 2
2025-12-14 01:22:54,420 - INFO - phi = [-0.67070091 -0.55429811 -0.01467738 -0.42332027]
2025-12-14 01:22:54,450 - INFO - num_full_subsets = 2
2025-12-14 01:22:54,481 - INFO - phi = [0.50466858 0.27641972 0.08627179 0.53396505]
2025-12-14 01:22:54,511 - INFO - num_full_subsets = 2
2025-12-14 01:22:54,543 - INFO - phi = [-0.61495192 -0.61202666 -0.01655176 -0.3366215 ]
2025-12-14 01:22:54,573 - INFO - num_full_subsets = 2
2025-12-14 01:22:54,604 - INFO - phi = [0.45358057 0.06684854 0.01935212 0.53914192]
2025-12-14 01:22:54,634 - INFO - num_full_subsets = 2
2025-12-14 01:22:54,666 - INFO - phi = [ 0.04610272  0.00657811 -0.18111379  0.37621901]
2025-12-14 01:22:54,696 - INFO - num_full_subsets = 2
2025-12-14 01:22:54,728 - INFO - phi = [0.51255401 0.24345581 0.60724514 0.66158122]
2025-12-14 01:22:54,758 - INFO - num_full_subsets = 2
2025-12-14 01:22:54,790 - INFO - phi = [0.49365644 0.46695419 0.26789454 0.52369865]
2025-12-14 01:22:54,820 - INFO - num_full_subsets = 2
2025-12-14 01:22:54,852 - INFO - phi = [ 1.01781421 -0.09165608 -0.01229695 -0.28404136]
2025-12-14 01:22:54,881 - INFO - num_full_subsets = 2
2025-12-14 01:22:54,913 - INFO - phi = [-0.55686579 -0.59691169  0.13309169 -0.46704574]
2025-12-14 01:22:54,943 - INFO - num_full_subsets = 2
2025-12-14 01:22:54,974 - INFO - phi = [-0.60932263 -0.53703733 -0.03914566 -0.50746187]
2025-12-14 01:22:55,005 - INFO - num_full_subsets = 2
2025-12-14 01:22:55,036 - INFO - phi = [ 0.57792356 -0.50433237 -0.02362766 -0.71432844]
2025-12-14 01:22:55,067 - INFO - num_full_subsets = 2
2025-12-14 01:22:55,098 - INFO - phi = [-0.02491307  0.13828267 -0.24798872  0.17947497]
2025-12-14 01:22:55,128 - INFO - num_full_subsets = 2
2025-12-14 01:22:55,160 - INFO - phi = [ 0.56829515 -0.01939663  0.34803796  1.06424686]
2025-12-14 01:22:55,191 - INFO - num_full_subsets = 2
2025-12-14 01:22:55,222 - INFO - phi = [ 0.27749412  0.09095656  0.21143181 -0.7298115 ]
2025-12-14 01:22:55,253 - INFO - num_full_subsets = 2
2025-12-14 01:22:55,284 - INFO - phi = [ 2.06861823  0.1492809  -0.10826246  0.40912645]
2025-12-14 01:22:55,315 - INFO - num_full_subsets = 2
2025-12-14 01:22:55,346 - INFO - phi = [-0.72143828 -0.45869522 -0.07293367 -0.39514738]
2025-12-14 01:22:55,377 - INFO - num_full_subsets = 2
2025-12-14 01:22:55,409 - INFO - phi = [0.50245945 0.2531126  0.35480755 0.4007855 ]
2025-12-14 01:22:55,439 - INFO - num_full_subsets = 2
2025-12-14 01:22:55,470 - INFO - phi = [-1.1044107  -0.36004152 -0.02567898 -0.22218174]
2025-12-14 01:22:55,500 - INFO - num_full_subsets = 2
2025-12-14 01:22:55,531 - INFO - phi = [ 0.59222221 -0.28219158 -0.05449248 -0.51651269]
2025-12-14 01:22:55,561 - INFO - num_full_subsets = 2
2025-12-14 01:22:55,592 - INFO - phi = [1.1074902  0.4647904  0.13783166 0.48518926]
2025-12-14 01:22:55,622 - INFO - num_full_subsets = 2
2025-12-14 01:22:55,654 - INFO - phi = [-0.80428319 -0.50135359  0.01497891 -0.38456322]
2025-12-14 01:22:55,684 - INFO - num_full_subsets = 2
2025-12-14 01:22:55,715 - INFO - phi = [ 0.34222953  0.08348651 -0.38437633  0.0987096 ]
2025-12-14 01:22:55,745 - INFO - num_full_subsets = 2
2025-12-14 01:22:55,776 - INFO - phi = [-0.61685007 -0.65528954 -0.00409751 -0.23376696]
2025-12-14 01:22:55,807 - INFO - num_full_subsets = 2
2025-12-14 01:22:55,838 - INFO - phi = [-1.2043447   0.46797636 -0.30353918  0.05014927]
2025-12-14 01:22:55,868 - INFO - num_full_subsets = 2
2025-12-14 01:22:55,899 - INFO - phi = [0.4954641  0.01761306 0.04898231 0.48266452]
2025-12-14 01:22:55,929 - INFO - num_full_subsets = 2
2025-12-14 01:22:55,961 - INFO - phi = [ 0.3910951   0.3444227   0.08689048 -0.02912575]
2025-12-14 01:22:55,991 - INFO - num_full_subsets = 2
2025-12-14 01:22:56,023 - INFO - phi = [ 1.20969025 -0.01419544 -0.04347024  0.64203599]
2025-12-14 01:22:56,053 - INFO - num_full_subsets = 2
2025-12-14 01:22:56,085 - INFO - phi = [-0.47062431  0.48238293  0.08790234  0.26397911]
2025-12-14 01:22:56,115 - INFO - num_full_subsets = 2
2025-12-14 01:22:56,147 - INFO - phi = [ 0.29166745  0.07688845 -0.20982465 -0.16851499]
2025-12-14 01:22:56,177 - INFO - num_full_subsets = 2
2025-12-14 01:22:56,209 - INFO - phi = [-1.59877567  0.11203814  0.00514533  0.12627824]
2025-12-14 01:22:56,239 - INFO - num_full_subsets = 2
2025-12-14 01:22:56,271 - INFO - phi = [0.49935549 0.89221994 0.44151701 0.6015615 ]
2025-12-14 01:22:56,301 - INFO - num_full_subsets = 2
2025-12-14 01:22:56,333 - INFO - phi = [-5.57017781e-01 -6.31236130e-01 -1.29754470e-05 -4.54350181e-01]
2025-12-14 01:22:56,362 - INFO - num_full_subsets = 2
2025-12-14 01:22:56,394 - INFO - phi = [-0.59121883 -0.56260081  0.03335151 -0.47632218]
2025-12-14 01:22:56,424 - INFO - num_full_subsets = 2
2025-12-14 01:22:56,455 - INFO - phi = [ 0.32586396  0.41694007  0.12927396 -0.68212067]
2025-12-14 01:22:56,485 - INFO - num_full_subsets = 2
2025-12-14 01:22:56,517 - INFO - phi = [-0.41533094  0.49111698 -0.04174375  0.40264176]
2025-12-14 01:22:56,547 - INFO - num_full_subsets = 2
2025-12-14 01:22:56,578 - INFO - phi = [-0.87329943  0.29712645 -0.04210469  0.24650752]
2025-12-14 01:22:56,608 - INFO - num_full_subsets = 2
2025-12-14 01:22:56,639 - INFO - phi = [-1.13420082e+00 -3.47905279e-01  1.83009258e-04 -2.46662011e-01]
2025-12-14 01:22:56,670 - INFO - num_full_subsets = 2
2025-12-14 01:22:56,701 - INFO - phi = [1.76524228 0.18022909 0.09523343 0.63300232]
2025-12-14 01:22:56,731 - INFO - num_full_subsets = 2
2025-12-14 01:22:56,762 - INFO - phi = [0.44326969 0.06776843 0.05646885 0.35548545]
2025-12-14 01:22:56,792 - INFO - num_full_subsets = 2
2025-12-14 01:22:56,824 - INFO - phi = [ 0.50003631  0.1333111  -0.0461334   0.47502834]
2025-12-14 01:22:56,854 - INFO - num_full_subsets = 2
2025-12-14 01:22:56,885 - INFO - phi = [-0.14294844  0.43535497  0.0098849   0.20791852]
2025-12-14 01:22:56,915 - INFO - num_full_subsets = 2
2025-12-14 01:22:56,946 - INFO - phi = [0.47992044 0.46995201 0.44842491 0.45207992]
2025-12-14 01:22:56,976 - INFO - num_full_subsets = 2
2025-12-14 01:22:57,008 - INFO - phi = [-0.63305534 -0.59040193  0.05159839 -0.42012636]
2025-12-14 01:22:57,543 - INFO - Computing feature importance...
2025-12-14 01:23:01,214 - INFO - Experiment completed for NGBoost
2025-12-14 01:23:01,215 - INFO - Total time: 218.10s (3.63 min)
2025-12-14 01:23:01,215 - INFO - Starting comprehensive experiment for NGBoost
2025-12-14 01:23:08,803 - INFO - Performing feature analysis...
2025-12-14 01:23:10,015 - INFO - Model justification: Probabilistic forecasting with natural gradient boosting, provides uncertainty quantification
2025-12-14 01:23:10,015 - INFO - Performing robust cross-validation...
2025-12-14 01:23:48,632 - INFO - CV Results - MSE: 0.8085 ± 0.1010
2025-12-14 01:23:48,632 - INFO - Starting hyperparameter optimization...
2025-12-14 01:26:45,967 - INFO - Best parameters for NGBoost: {'n_estimators': 62, 'learning_rate': 0.040788547588603216, 'minibatch_frac': 0.6260978292924275, 'natural_gradient': True}
2025-12-14 01:26:45,967 - INFO - ⏱️ HPO took 177.33 seconds
2025-12-14 01:26:45,967 - INFO - Training final model...
2025-12-14 01:26:46,283 - INFO - ⏱️ Training took 0.32 seconds
2025-12-14 01:26:46,283 - INFO - Performing residual analysis...
2025-12-14 01:26:47,298 - INFO - Generating XAI explanations...
2025-12-14 01:26:47,307 - WARNING - Using 168 background data samples could cause slower run times. Consider using shap.sample(data, K) or shap.kmeans(data, K) to summarize the background as K samples.
2025-12-14 01:26:47,330 - INFO - num_full_subsets = 2
2025-12-14 01:26:47,349 - INFO - phi = [-1.60377008  0.51203049 -0.16135304  0.12088138]
2025-12-14 01:26:47,372 - INFO - num_full_subsets = 2
2025-12-14 01:26:47,391 - INFO - phi = [ 1.42380791  0.42572172 -0.21356918  0.27219543]
2025-12-14 01:26:47,415 - INFO - num_full_subsets = 2
2025-12-14 01:26:47,434 - INFO - phi = [-1.53561924 -0.26348252 -0.27712171  0.25911828]
2025-12-14 01:26:47,459 - INFO - num_full_subsets = 2
2025-12-14 01:26:47,480 - INFO - phi = [1.21567969 0.36251329 0.11371544 0.41999465]
2025-12-14 01:26:47,506 - INFO - num_full_subsets = 2
2025-12-14 01:26:47,526 - INFO - phi = [1.33178918 0.25313176 0.15277664 0.31865797]
2025-12-14 01:26:47,549 - INFO - num_full_subsets = 2
2025-12-14 01:26:47,568 - INFO - phi = [-1.28371157 -0.47041987 -0.03709203 -0.32511116]
2025-12-14 01:26:47,591 - INFO - num_full_subsets = 2
2025-12-14 01:26:47,610 - INFO - phi = [-1.34558229 -0.4781786  -0.00949056 -0.33121072]
2025-12-14 01:26:47,634 - INFO - num_full_subsets = 2
2025-12-14 01:26:47,653 - INFO - phi = [-0.37575505 -0.79900246 -0.02231083 -0.48296517]
2025-12-14 01:26:47,676 - INFO - num_full_subsets = 2
2025-12-14 01:26:47,695 - INFO - phi = [-0.91550736 -0.70943323 -0.30454117 -0.02469914]
2025-12-14 01:26:47,718 - INFO - num_full_subsets = 2
2025-12-14 01:26:47,737 - INFO - phi = [ 1.44957095  0.65094393 -0.15334288  0.31379783]
2025-12-14 01:26:47,760 - INFO - num_full_subsets = 2
2025-12-14 01:26:47,779 - INFO - phi = [ 0.30038535 -0.16437155  0.21923948 -0.38600913]
2025-12-14 01:26:47,802 - INFO - num_full_subsets = 2
2025-12-14 01:26:47,821 - INFO - phi = [-0.37575505 -0.79900246 -0.02231083 -0.48296517]
2025-12-14 01:26:47,844 - INFO - num_full_subsets = 2
2025-12-14 01:26:47,863 - INFO - phi = [0.23853899 0.20902465 0.23393975 0.32633759]
2025-12-14 01:26:47,886 - INFO - num_full_subsets = 2
2025-12-14 01:26:47,905 - INFO - phi = [-1.34520543 -0.47820119  0.13102354 -0.29286898]
2025-12-14 01:26:47,929 - INFO - num_full_subsets = 2
2025-12-14 01:26:47,948 - INFO - phi = [1.4741922  0.52564678 0.0761117  0.28407806]
2025-12-14 01:26:47,971 - INFO - num_full_subsets = 2
2025-12-14 01:26:47,990 - INFO - phi = [0.05390611 0.46003367 0.08164049 0.20847412]
2025-12-14 01:26:48,013 - INFO - num_full_subsets = 2
2025-12-14 01:26:48,033 - INFO - phi = [0.14481026 0.1477305  0.08894916 0.33087998]
2025-12-14 01:26:48,056 - INFO - num_full_subsets = 2
2025-12-14 01:26:48,075 - INFO - phi = [-1.89081492  0.53153124  0.0133813   0.30648527]
2025-12-14 01:26:48,099 - INFO - num_full_subsets = 2
2025-12-14 01:26:48,118 - INFO - phi = [-1.22924358 -0.44627414 -0.01881033 -0.45077448]
2025-12-14 01:26:48,141 - INFO - num_full_subsets = 2
2025-12-14 01:26:48,160 - INFO - phi = [ 1.42380791  0.42572172 -0.21356918  0.27219543]
2025-12-14 01:26:48,183 - INFO - num_full_subsets = 2
2025-12-14 01:26:48,202 - INFO - phi = [ 0.56275287 -0.69609345  0.02607967  0.39122898]
2025-12-14 01:26:48,226 - INFO - num_full_subsets = 2
2025-12-14 01:26:48,245 - INFO - phi = [ 0.66801025 -0.17767096  0.03481671  0.3573829 ]
2025-12-14 01:26:48,268 - INFO - num_full_subsets = 2
2025-12-14 01:26:48,287 - INFO - phi = [ 0.84687922  0.25469631 -0.18523802  0.34651027]
2025-12-14 01:26:48,310 - INFO - num_full_subsets = 2
2025-12-14 01:26:48,329 - INFO - phi = [ 0.03617517  0.59163515  0.11887232 -0.49913741]
2025-12-14 01:26:48,352 - INFO - num_full_subsets = 2
2025-12-14 01:26:48,371 - INFO - phi = [1.29864564 0.10348354 0.37154655 0.36993375]
2025-12-14 01:26:48,395 - INFO - num_full_subsets = 2
2025-12-14 01:26:48,414 - INFO - phi = [1.52028587 0.01928386 0.29702196 0.39341193]
2025-12-14 01:26:48,437 - INFO - num_full_subsets = 2
2025-12-14 01:26:48,456 - INFO - phi = [0.01652343 0.1394831  0.02408304 0.38929334]
2025-12-14 01:26:48,479 - INFO - num_full_subsets = 2
2025-12-14 01:26:48,499 - INFO - phi = [-1.82875262  0.2513604  -0.17067691 -0.04312967]
2025-12-14 01:26:48,522 - INFO - num_full_subsets = 2
2025-12-14 01:26:48,541 - INFO - phi = [-1.24090991 -0.43942236 -0.02820081 -0.43656945]
2025-12-14 01:26:48,564 - INFO - num_full_subsets = 2
2025-12-14 01:26:48,583 - INFO - phi = [-1.20246533 -0.37286284 -0.03387627  0.21711846]
2025-12-14 01:26:48,606 - INFO - num_full_subsets = 2
2025-12-14 01:26:48,625 - INFO - phi = [0.19342164 0.24949145 0.26815071 0.23521944]
2025-12-14 01:26:48,648 - INFO - num_full_subsets = 2
2025-12-14 01:26:48,667 - INFO - phi = [ 0.46744218 -0.3090854   0.00742557  0.3496417 ]
2025-12-14 01:26:48,690 - INFO - num_full_subsets = 2
2025-12-14 01:26:48,709 - INFO - phi = [ 1.23276019  0.03670745 -0.4656327   0.32457087]
2025-12-14 01:26:48,733 - INFO - num_full_subsets = 2
2025-12-14 01:26:48,751 - INFO - phi = [-1.09759313 -0.81320465 -0.01594062 -0.03840923]
2025-12-14 01:26:48,775 - INFO - num_full_subsets = 2
2025-12-14 01:26:48,794 - INFO - phi = [0.00732144 0.49710467 0.11896398 0.41229677]
2025-12-14 01:26:48,817 - INFO - num_full_subsets = 2
2025-12-14 01:26:48,836 - INFO - phi = [-1.36834627 -0.02744756 -0.59551575  0.26833516]
2025-12-14 01:26:48,859 - INFO - num_full_subsets = 2
2025-12-14 01:26:48,878 - INFO - phi = [0.81541322 0.36773219 0.27761212 0.32501517]
2025-12-14 01:26:48,901 - INFO - num_full_subsets = 2
2025-12-14 01:26:48,920 - INFO - phi = [0.82243612 0.12033963 0.09423444 0.21842534]
2025-12-14 01:26:48,943 - INFO - num_full_subsets = 2
2025-12-14 01:26:48,962 - INFO - phi = [-0.40237162  1.11563114  0.19208881  0.04053422]
2025-12-14 01:26:48,985 - INFO - num_full_subsets = 2
2025-12-14 01:26:49,005 - INFO - phi = [-0.54433882 -0.81232001 -0.04287413  0.20267074]
2025-12-14 01:26:49,028 - INFO - num_full_subsets = 2
2025-12-14 01:26:49,047 - INFO - phi = [0.05756085 0.22290071 0.13265935 0.26883986]
2025-12-14 01:26:49,070 - INFO - num_full_subsets = 2
2025-12-14 01:26:49,089 - INFO - phi = [ 1.1690497  -0.00781856  0.22518667  0.31901979]
2025-12-14 01:26:49,113 - INFO - num_full_subsets = 2
2025-12-14 01:26:49,132 - INFO - phi = [-0.02103841  0.17789775 -0.39153787  0.04902488]
2025-12-14 01:26:49,156 - INFO - num_full_subsets = 2
2025-12-14 01:26:49,175 - INFO - phi = [ 0.55703224  0.09719453  0.7992484  -0.83755823]
2025-12-14 01:26:49,198 - INFO - num_full_subsets = 2
2025-12-14 01:26:49,217 - INFO - phi = [ 1.36280226  0.33534193 -0.64500686  0.36649322]
2025-12-14 01:26:49,240 - INFO - num_full_subsets = 2
2025-12-14 01:26:49,259 - INFO - phi = [0.42565935 0.34776465 0.09295687 0.15653254]
2025-12-14 01:26:49,282 - INFO - num_full_subsets = 2
2025-12-14 01:26:49,301 - INFO - phi = [ 1.11097784 -0.0156143  -0.1447679   0.46259994]
2025-12-14 01:26:49,325 - INFO - num_full_subsets = 2
2025-12-14 01:26:49,344 - INFO - phi = [-0.82738762 -0.75685893 -0.06589709 -0.48720748]
2025-12-14 01:26:49,367 - INFO - num_full_subsets = 2
2025-12-14 01:26:49,386 - INFO - phi = [-1.43718221  0.12260542 -0.17473825  0.2713336 ]
2025-12-14 01:26:49,410 - INFO - num_full_subsets = 2
2025-12-14 01:26:49,429 - INFO - phi = [-0.49950859  0.16985998 -0.61324711  0.2232384 ]
2025-12-14 01:26:49,452 - INFO - num_full_subsets = 2
2025-12-14 01:26:49,471 - INFO - phi = [-1.66695884 -0.45431394 -0.03408876  0.27225162]
2025-12-14 01:26:49,494 - INFO - num_full_subsets = 2
2025-12-14 01:26:49,513 - INFO - phi = [1.58385789 0.3977498  0.15562939 0.45115987]
2025-12-14 01:26:49,537 - INFO - num_full_subsets = 2
2025-12-14 01:26:49,556 - INFO - phi = [-0.68906471  0.33445348 -0.32841259  0.12914514]
2025-12-14 01:26:49,578 - INFO - num_full_subsets = 2
2025-12-14 01:26:49,598 - INFO - phi = [ 0.14161858  0.50765753  0.18141155 -0.47575953]
2025-12-14 01:26:49,621 - INFO - num_full_subsets = 2
2025-12-14 01:26:49,640 - INFO - phi = [ 0.56275287 -0.69609345  0.02607967  0.39122898]
2025-12-14 01:26:49,663 - INFO - num_full_subsets = 2
2025-12-14 01:26:49,682 - INFO - phi = [ 0.20329133 -0.02872039  0.11794771 -0.33232643]
2025-12-14 01:26:49,705 - INFO - num_full_subsets = 2
2025-12-14 01:26:49,724 - INFO - phi = [-0.16482225  0.12280274  0.1508382   0.65597457]
2025-12-14 01:26:49,748 - INFO - num_full_subsets = 2
2025-12-14 01:26:49,767 - INFO - phi = [1.20582826 0.16094304 0.02323496 0.44043354]
2025-12-14 01:26:49,790 - INFO - num_full_subsets = 2
2025-12-14 01:26:49,809 - INFO - phi = [-0.46434384 -0.43956098  0.35889104 -0.38492199]
2025-12-14 01:26:49,832 - INFO - num_full_subsets = 2
2025-12-14 01:26:49,851 - INFO - phi = [0.54991073 0.4208252  0.21507468 0.38772693]
2025-12-14 01:26:49,874 - INFO - num_full_subsets = 2
2025-12-14 01:26:49,894 - INFO - phi = [-0.79991075  0.31471011 -0.16571986  0.15216474]
2025-12-14 01:26:49,917 - INFO - num_full_subsets = 2
2025-12-14 01:26:49,936 - INFO - phi = [-1.26326973 -0.43141943 -0.01322606 -0.4371873 ]
2025-12-14 01:26:49,959 - INFO - num_full_subsets = 2
2025-12-14 01:26:49,978 - INFO - phi = [-1.22727346 -0.794106   -0.01531648  0.06913344]
2025-12-14 01:26:50,002 - INFO - num_full_subsets = 2
2025-12-14 01:26:50,021 - INFO - phi = [-0.38656475 -0.72008393 -0.00947887 -0.71806532]
2025-12-14 01:26:50,044 - INFO - num_full_subsets = 2
2025-12-14 01:26:50,064 - INFO - phi = [-0.81702115 -0.74335238 -0.01380012 -0.51984321]
2025-12-14 01:26:50,087 - INFO - num_full_subsets = 2
2025-12-14 01:26:50,106 - INFO - phi = [-1.77701093 -0.34935936 -0.02101552  0.1597476 ]
2025-12-14 01:26:50,130 - INFO - num_full_subsets = 2
2025-12-14 01:26:50,149 - INFO - phi = [ 0.83942966 -0.18018433 -0.00171984  0.58933147]
2025-12-14 01:26:50,172 - INFO - num_full_subsets = 2
2025-12-14 01:26:50,192 - INFO - phi = [-1.84205754  0.25007621 -0.12365911  0.02023709]
2025-12-14 01:26:50,215 - INFO - num_full_subsets = 2
2025-12-14 01:26:50,234 - INFO - phi = [-1.0932185   0.44552968 -0.08066425  0.0941749 ]
2025-12-14 01:26:50,258 - INFO - num_full_subsets = 2
2025-12-14 01:26:50,277 - INFO - phi = [-1.31985022  0.16859133 -0.28964113 -0.2226386 ]
2025-12-14 01:26:50,300 - INFO - num_full_subsets = 2
2025-12-14 01:26:50,319 - INFO - phi = [0.0331932  0.4815689  0.23564029 0.25494697]
2025-12-14 01:26:50,342 - INFO - num_full_subsets = 2
2025-12-14 01:26:50,361 - INFO - phi = [0.98322743 0.1927193  0.10646077 0.31079356]
2025-12-14 01:26:50,385 - INFO - num_full_subsets = 2
2025-12-14 01:26:50,404 - INFO - phi = [-1.14120592 -0.60521624 -0.17555737  0.0950272 ]
2025-12-14 01:26:50,427 - INFO - num_full_subsets = 2
2025-12-14 01:26:50,446 - INFO - phi = [ 0.8836571  -0.36728812  0.04096618 -0.6198164 ]
2025-12-14 01:26:50,469 - INFO - num_full_subsets = 2
2025-12-14 01:26:50,488 - INFO - phi = [-9.45537683e-01 -7.97472530e-01 -4.56470307e-04 -3.71552222e-01]
2025-12-14 01:26:50,511 - INFO - num_full_subsets = 2
2025-12-14 01:26:50,531 - INFO - phi = [ 0.084111    0.29532654  0.2357673  -0.45898937]
2025-12-14 01:26:50,554 - INFO - num_full_subsets = 2
2025-12-14 01:26:50,573 - INFO - phi = [ 1.49080985  0.1216025   0.14035204 -0.96859115]
2025-12-14 01:26:50,596 - INFO - num_full_subsets = 2
2025-12-14 01:26:50,615 - INFO - phi = [-0.52436601 -0.68817004  0.00872576  0.21276706]
2025-12-14 01:26:50,638 - INFO - num_full_subsets = 2
2025-12-14 01:26:50,657 - INFO - phi = [1.72335117 0.25705891 0.15349012 0.35394202]
2025-12-14 01:26:50,680 - INFO - num_full_subsets = 2
2025-12-14 01:26:50,700 - INFO - phi = [ 0.50649907  0.31585911  0.691024   -0.78367255]
2025-12-14 01:26:50,723 - INFO - num_full_subsets = 2
2025-12-14 01:26:50,742 - INFO - phi = [ 0.07800357  0.45295303  0.03408531 -0.30273917]
2025-12-14 01:26:50,765 - INFO - num_full_subsets = 2
2025-12-14 01:26:50,784 - INFO - phi = [ 0.2260648  -0.71482051 -0.01281676 -1.04441691]
2025-12-14 01:26:50,807 - INFO - num_full_subsets = 2
2025-12-14 01:26:50,826 - INFO - phi = [-1.39099902 -0.40455583 -0.12601088 -0.20075628]
2025-12-14 01:26:50,849 - INFO - num_full_subsets = 2
2025-12-14 01:26:50,868 - INFO - phi = [-0.91041744 -0.68129119 -0.02713363 -0.46971111]
2025-12-14 01:26:50,892 - INFO - num_full_subsets = 2
2025-12-14 01:26:50,911 - INFO - phi = [-0.85791181 -0.73357593 -0.16475131 -0.25811966]
2025-12-14 01:26:50,934 - INFO - num_full_subsets = 2
2025-12-14 01:26:50,953 - INFO - phi = [-0.68264345  0.60418145 -0.08347709  0.41349619]
2025-12-14 01:26:50,976 - INFO - num_full_subsets = 2
2025-12-14 01:26:50,995 - INFO - phi = [0.93860278 0.02443248 0.02099646 0.39164459]
2025-12-14 01:26:51,019 - INFO - num_full_subsets = 2
2025-12-14 01:26:51,038 - INFO - phi = [ 1.52603045 -0.1621364  -0.52461382  0.35498619]
2025-12-14 01:26:51,061 - INFO - num_full_subsets = 2
2025-12-14 01:26:51,080 - INFO - phi = [0.70291611 0.10476597 0.0051798  0.4997308 ]
2025-12-14 01:26:51,104 - INFO - num_full_subsets = 2
2025-12-14 01:26:51,124 - INFO - phi = [-0.02424269  0.5531715  -0.3269475  -0.28389012]
2025-12-14 01:26:51,147 - INFO - num_full_subsets = 2
2025-12-14 01:26:51,167 - INFO - phi = [-0.54433882 -0.81232001 -0.04287413  0.20267074]
2025-12-14 01:26:51,190 - INFO - num_full_subsets = 2
2025-12-14 01:26:51,209 - INFO - phi = [ 1.65482999 -0.23964803  0.03625494  0.41044697]
2025-12-14 01:26:51,233 - INFO - num_full_subsets = 2
2025-12-14 01:26:51,252 - INFO - phi = [-0.57694583  0.32017176 -0.18660583  0.33784624]
2025-12-14 01:26:51,276 - INFO - num_full_subsets = 2
2025-12-14 01:26:51,295 - INFO - phi = [-0.65463965 -0.73099185 -0.00612013  0.11398774]
2025-12-14 01:26:51,319 - INFO - num_full_subsets = 2
2025-12-14 01:26:51,338 - INFO - phi = [ 1.65586508  0.03590105  0.09865455 -0.71252115]
2025-12-14 01:26:51,362 - INFO - num_full_subsets = 2
2025-12-14 01:26:51,381 - INFO - phi = [-0.06684493  0.60392439 -0.29614935 -0.42126863]
2025-12-14 01:26:51,405 - INFO - num_full_subsets = 2
2025-12-14 01:26:51,424 - INFO - phi = [0.54170746 0.46755265 0.17234416 0.32632278]
2025-12-14 01:26:51,447 - INFO - num_full_subsets = 2
2025-12-14 01:26:51,466 - INFO - phi = [-1.5845578  -0.32949614 -0.17518474  0.07541381]
2025-12-14 01:26:51,489 - INFO - num_full_subsets = 2
2025-12-14 01:26:51,508 - INFO - phi = [-0.03161604  0.28578555  0.04115657 -0.78812825]
2025-12-14 01:26:51,533 - INFO - num_full_subsets = 2
2025-12-14 01:26:51,552 - INFO - phi = [1.50241924 0.0587416  0.17142429 0.45173729]
2025-12-14 01:26:51,576 - INFO - num_full_subsets = 2
2025-12-14 01:26:51,595 - INFO - phi = [-0.7758186   0.57575823  0.12844335  0.1358657 ]
2025-12-14 01:26:51,619 - INFO - num_full_subsets = 2
2025-12-14 01:26:51,638 - INFO - phi = [-0.90793453 -0.73077365  0.12639655 -0.39181633]
2025-12-14 01:26:51,661 - INFO - num_full_subsets = 2
2025-12-14 01:26:51,681 - INFO - phi = [0.22930792 0.57401711 0.03175259 0.47513592]
2025-12-14 01:26:51,706 - INFO - num_full_subsets = 2
2025-12-14 01:26:51,726 - INFO - phi = [0.86559507 0.36148741 0.18646498 0.37668037]
2025-12-14 01:26:51,749 - INFO - num_full_subsets = 2
2025-12-14 01:26:51,768 - INFO - phi = [ 1.72105783  0.30825374 -0.10123863  0.39585639]
2025-12-14 01:26:51,791 - INFO - num_full_subsets = 2
2025-12-14 01:26:51,811 - INFO - phi = [-1.02293218 -0.65183627 -0.07922143 -0.19012066]
2025-12-14 01:26:51,833 - INFO - num_full_subsets = 2
2025-12-14 01:26:51,853 - INFO - phi = [ 1.48335828  0.13537858 -0.12319639  0.29374931]
2025-12-14 01:26:51,876 - INFO - num_full_subsets = 2
2025-12-14 01:26:51,896 - INFO - phi = [-1.38423993 -0.3796642  -0.3031672  -0.03854574]
2025-12-14 01:26:51,919 - INFO - num_full_subsets = 2
2025-12-14 01:26:51,938 - INFO - phi = [-1.84205754  0.25007621 -0.12365911  0.02023709]
2025-12-14 01:26:51,961 - INFO - num_full_subsets = 2
2025-12-14 01:26:51,980 - INFO - phi = [ 1.74768889 -0.27472312  0.16054721  0.47199833]
2025-12-14 01:26:52,004 - INFO - num_full_subsets = 2
2025-12-14 01:26:52,024 - INFO - phi = [ 0.07635416  0.38144419 -0.91463955  0.27866291]
2025-12-14 01:26:52,047 - INFO - num_full_subsets = 2
2025-12-14 01:26:52,066 - INFO - phi = [-0.98354578 -0.78403713 -0.0221551  -0.24140242]
2025-12-14 01:26:52,090 - INFO - num_full_subsets = 2
2025-12-14 01:26:52,110 - INFO - phi = [ 0.06126199  0.3967483   0.10608275 -0.65661546]
2025-12-14 01:26:52,133 - INFO - num_full_subsets = 2
2025-12-14 01:26:52,153 - INFO - phi = [-0.77709278 -0.38533262 -0.18147136  0.15351013]
2025-12-14 01:26:52,176 - INFO - num_full_subsets = 2
2025-12-14 01:26:52,195 - INFO - phi = [ 0.1909275  -0.12317927  0.09552953 -0.62835572]
2025-12-14 01:26:52,218 - INFO - num_full_subsets = 2
2025-12-14 01:26:52,237 - INFO - phi = [-1.13227578 -0.36613476 -0.28624417 -0.33186241]
2025-12-14 01:26:52,260 - INFO - num_full_subsets = 2
2025-12-14 01:26:52,279 - INFO - phi = [-0.85776432 -0.78079661  0.00285234 -0.25161115]
2025-12-14 01:26:52,304 - INFO - num_full_subsets = 2
2025-12-14 01:26:52,323 - INFO - phi = [-0.83941841 -0.75552152 -0.01238741 -0.50414149]
2025-12-14 01:26:52,346 - INFO - num_full_subsets = 2
2025-12-14 01:26:52,366 - INFO - phi = [1.3783553  0.46381665 0.1418313  0.26012397]
2025-12-14 01:26:52,389 - INFO - num_full_subsets = 2
2025-12-14 01:26:52,409 - INFO - phi = [-1.59344758  0.12751381 -0.3060982   0.07167641]
2025-12-14 01:26:52,432 - INFO - num_full_subsets = 2
2025-12-14 01:26:52,452 - INFO - phi = [-0.16376814  0.51056094  0.06710297 -0.71878192]
2025-12-14 01:26:52,475 - INFO - num_full_subsets = 2
2025-12-14 01:26:52,494 - INFO - phi = [ 1.54362971  0.11516742 -0.26182726  0.45210946]
2025-12-14 01:26:52,518 - INFO - num_full_subsets = 2
2025-12-14 01:26:52,537 - INFO - phi = [-1.66663901 -0.36572108 -0.01050378 -0.02097429]
2025-12-14 01:26:52,560 - INFO - num_full_subsets = 2
2025-12-14 01:26:52,579 - INFO - phi = [-0.62358443  0.42038592 -0.0231569  -0.25712038]
2025-12-14 01:26:52,602 - INFO - num_full_subsets = 2
2025-12-14 01:26:52,621 - INFO - phi = [ 0.21052972  0.17769481 -0.31686185  0.36605974]
2025-12-14 01:26:52,644 - INFO - num_full_subsets = 2
2025-12-14 01:26:52,663 - INFO - phi = [ 1.30573449 -0.34179609  0.84622458 -0.89191077]
2025-12-14 01:26:52,686 - INFO - num_full_subsets = 2
2025-12-14 01:26:52,705 - INFO - phi = [-1.60061303 -0.49181723 -0.02487531  0.08274322]
2025-12-14 01:26:52,728 - INFO - num_full_subsets = 2
2025-12-14 01:26:52,747 - INFO - phi = [ 0.48470465 -0.2805622   0.93885545 -0.90621069]
2025-12-14 01:26:52,770 - INFO - num_full_subsets = 2
2025-12-14 01:26:52,790 - INFO - phi = [ 1.20160374  0.10879281 -0.36653019 -0.62354124]
2025-12-14 01:26:52,813 - INFO - num_full_subsets = 2
2025-12-14 01:26:52,832 - INFO - phi = [0.08520395 0.22591983 0.15329823 0.24938098]
2025-12-14 01:26:52,855 - INFO - num_full_subsets = 2
2025-12-14 01:26:52,874 - INFO - phi = [1.40174183 0.66223601 0.08509328 0.42661632]
2025-12-14 01:26:52,897 - INFO - num_full_subsets = 2
2025-12-14 01:26:52,916 - INFO - phi = [-0.52225185 -0.38081088 -0.00944646  0.22458207]
2025-12-14 01:26:52,940 - INFO - num_full_subsets = 2
2025-12-14 01:26:52,958 - INFO - phi = [-1.92031438  0.30800967  0.04342681  0.13418269]
2025-12-14 01:26:52,981 - INFO - num_full_subsets = 2
2025-12-14 01:26:53,001 - INFO - phi = [-0.55738958 -0.07328751 -0.29968759  0.13794309]
2025-12-14 01:26:53,024 - INFO - num_full_subsets = 2
2025-12-14 01:26:53,044 - INFO - phi = [ 0.10806813  0.57553391  0.16457503 -0.80536075]
2025-12-14 01:26:53,067 - INFO - num_full_subsets = 2
2025-12-14 01:26:53,087 - INFO - phi = [ 0.30513649  0.4467776  -0.29823026  0.20648983]
2025-12-14 01:26:53,110 - INFO - num_full_subsets = 2
2025-12-14 01:26:53,129 - INFO - phi = [ 1.5300251  -0.07145601 -0.24080589  0.40552718]
2025-12-14 01:26:53,152 - INFO - num_full_subsets = 2
2025-12-14 01:26:53,171 - INFO - phi = [ 0.4829113  -0.2805622   0.93885545 -0.92852007]
2025-12-14 01:26:53,194 - INFO - num_full_subsets = 2
2025-12-14 01:26:53,214 - INFO - phi = [-0.46023087  1.0388252   0.17183733  0.16638821]
2025-12-14 01:26:53,237 - INFO - num_full_subsets = 2
2025-12-14 01:26:53,256 - INFO - phi = [ 0.59179621  0.56003315 -0.15162155  0.15095376]
2025-12-14 01:26:53,279 - INFO - num_full_subsets = 2
2025-12-14 01:26:53,299 - INFO - phi = [-0.77573864 -0.60653415 -0.27715769 -0.41720984]
2025-12-14 01:26:53,322 - INFO - num_full_subsets = 2
2025-12-14 01:26:53,342 - INFO - phi = [ 0.62684696  0.09951876 -0.1613334   0.28526356]
2025-12-14 01:26:53,365 - INFO - num_full_subsets = 2
2025-12-14 01:26:53,384 - INFO - phi = [1.26302439 0.09732363 0.27401262 0.3980861 ]
2025-12-14 01:26:53,408 - INFO - num_full_subsets = 2
2025-12-14 01:26:53,427 - INFO - phi = [-1.09237247 -0.67813596 -0.04019859  0.36124332]
2025-12-14 01:26:53,450 - INFO - num_full_subsets = 2
2025-12-14 01:26:53,469 - INFO - phi = [0.72858562 0.02474582 0.24517128 0.38512027]
2025-12-14 01:26:53,492 - INFO - num_full_subsets = 2
2025-12-14 01:26:53,511 - INFO - phi = [ 1.33596925 -0.19876568 -0.62515182  0.27011036]
2025-12-14 01:26:53,534 - INFO - num_full_subsets = 2
2025-12-14 01:26:53,553 - INFO - phi = [-0.6820504   0.55047516  0.0230289  -0.29419424]
2025-12-14 01:26:53,577 - INFO - num_full_subsets = 2
2025-12-14 01:26:53,596 - INFO - phi = [ 1.59508808  0.13821803 -0.29110412  0.36236096]
2025-12-14 01:26:53,619 - INFO - num_full_subsets = 2
2025-12-14 01:26:53,638 - INFO - phi = [0.09240726 1.27193674 0.04629142 0.21909031]
2025-12-14 01:26:53,661 - INFO - num_full_subsets = 2
2025-12-14 01:26:53,680 - INFO - phi = [-1.08812054 -0.3535668  -0.112803    0.15714478]
2025-12-14 01:26:53,703 - INFO - num_full_subsets = 2
2025-12-14 01:26:53,722 - INFO - phi = [ 0.28115927  0.02084075 -0.20208525  0.20261432]
2025-12-14 01:26:53,746 - INFO - num_full_subsets = 2
2025-12-14 01:26:53,765 - INFO - phi = [ 0.84600187 -0.34395075  0.9685119  -0.91433224]
2025-12-14 01:26:53,788 - INFO - num_full_subsets = 2
2025-12-14 01:26:53,807 - INFO - phi = [-0.80747331  0.67859381 -0.0851113   0.24235423]
2025-12-14 01:26:53,832 - INFO - num_full_subsets = 2
2025-12-14 01:26:53,851 - INFO - phi = [ 1.23406556  0.26034397 -0.31517214  0.30851295]
2025-12-14 01:26:53,873 - INFO - num_full_subsets = 2
2025-12-14 01:26:53,893 - INFO - phi = [0.38115585 0.26747685 0.07074885 0.26677851]
2025-12-14 01:26:53,917 - INFO - num_full_subsets = 2
2025-12-14 01:26:53,937 - INFO - phi = [-0.79991075  0.31471011 -0.16571986  0.15216474]
2025-12-14 01:26:53,961 - INFO - num_full_subsets = 2
2025-12-14 01:26:53,980 - INFO - phi = [-0.94617306 -0.74222921  0.03545506 -0.38445632]
2025-12-14 01:26:54,003 - INFO - num_full_subsets = 2
2025-12-14 01:26:54,023 - INFO - phi = [ 0.02744736  0.26854148  0.0713813  -0.56844945]
2025-12-14 01:26:54,046 - INFO - num_full_subsets = 2
2025-12-14 01:26:54,065 - INFO - phi = [1.42427503 0.46220138 0.15189045 0.33115851]
2025-12-14 01:26:54,088 - INFO - num_full_subsets = 2
2025-12-14 01:26:54,107 - INFO - phi = [ 1.63856798  0.02668155  0.08219198 -1.00037797]
2025-12-14 01:26:54,130 - INFO - num_full_subsets = 2
2025-12-14 01:26:54,149 - INFO - phi = [0.08722862 0.16023859 0.00691378 0.36176718]
2025-12-14 01:26:54,173 - INFO - num_full_subsets = 2
2025-12-14 01:26:54,192 - INFO - phi = [ 0.88718869  0.22017346  0.19640961 -0.36108422]
2025-12-14 01:26:54,215 - INFO - num_full_subsets = 2
2025-12-14 01:26:54,234 - INFO - phi = [1.00526981 0.08622697 0.32660455 0.36042175]
2025-12-14 01:26:54,257 - INFO - num_full_subsets = 2
2025-12-14 01:26:54,276 - INFO - phi = [ 0.17460085 -0.02921822  0.05551927  0.38326456]
2025-12-14 01:26:54,299 - INFO - num_full_subsets = 2
2025-12-14 01:26:54,318 - INFO - phi = [ 0.1255515  -0.44652792  0.01913904 -0.89551897]
2025-12-14 01:26:54,341 - INFO - num_full_subsets = 2
2025-12-14 01:26:54,360 - INFO - phi = [-1.12196021 -0.42168896  0.00791567  0.03348103]
2025-12-14 01:26:54,383 - INFO - num_full_subsets = 2
2025-12-14 01:26:54,403 - INFO - phi = [ 0.06499499  0.49960623  0.1368812  -0.47867972]
2025-12-14 01:26:54,426 - INFO - num_full_subsets = 2
2025-12-14 01:26:54,445 - INFO - phi = [ 0.09357415  0.28368783  0.26437536 -0.4329226 ]
2025-12-14 01:26:54,953 - INFO - Computing feature importance...
2025-12-14 01:26:57,143 - INFO - Experiment completed for NGBoost
2025-12-14 01:26:57,143 - INFO - Total time: 235.54s (3.93 min)
2025-12-14 01:26:57,143 - INFO - Starting comprehensive experiment for NGBoost
2025-12-14 01:27:06,322 - INFO - Performing feature analysis...
2025-12-14 01:27:07,643 - INFO - Model justification: Probabilistic forecasting with natural gradient boosting, provides uncertainty quantification
2025-12-14 01:27:07,643 - INFO - Performing robust cross-validation...
2025-12-14 01:27:46,019 - INFO - CV Results - MSE: 0.7979 ± 0.1274
2025-12-14 01:27:46,019 - INFO - Starting hyperparameter optimization...
2025-12-14 01:31:24,849 - INFO - Best parameters for NGBoost: {'n_estimators': 243, 'learning_rate': 0.03516286816103465, 'minibatch_frac': 0.4646617835690765, 'natural_gradient': True}
2025-12-14 01:31:24,849 - INFO - ⏱️ HPO took 218.83 seconds
2025-12-14 01:31:24,849 - INFO - Training final model...
2025-12-14 01:31:25,969 - INFO - ⏱️ Training took 1.12 seconds
2025-12-14 01:31:25,969 - INFO - Performing residual analysis...
2025-12-14 01:31:27,115 - INFO - Generating XAI explanations...
2025-12-14 01:31:27,147 - WARNING - Using 168 background data samples could cause slower run times. Consider using shap.sample(data, K) or shap.kmeans(data, K) to summarize the background as K samples.
2025-12-14 01:31:27,191 - INFO - num_full_subsets = 2
2025-12-14 01:31:27,247 - INFO - phi = [-1.30250018 -0.38923435 -0.06658662 -0.1909229 ]
2025-12-14 01:31:27,291 - INFO - num_full_subsets = 2
2025-12-14 01:31:27,347 - INFO - phi = [-1.06555082 -0.65379141 -0.02346505 -0.2851806 ]
2025-12-14 01:31:27,391 - INFO - num_full_subsets = 2
2025-12-14 01:31:27,448 - INFO - phi = [-1.16905935  0.21944997 -0.6758444   0.41539397]
2025-12-14 01:31:27,492 - INFO - num_full_subsets = 2
2025-12-14 01:31:27,550 - INFO - phi = [1.40804455 0.49352095 0.41265079 0.50267874]
2025-12-14 01:31:27,594 - INFO - num_full_subsets = 2
2025-12-14 01:31:27,650 - INFO - phi = [ 1.43144206  0.17137297 -0.18835115  0.23047442]
2025-12-14 01:31:27,694 - INFO - num_full_subsets = 2
2025-12-14 01:31:27,751 - INFO - phi = [-1.42354328  0.40119619 -0.00496196 -0.161053  ]
2025-12-14 01:31:27,795 - INFO - num_full_subsets = 2
2025-12-14 01:31:27,852 - INFO - phi = [-0.81602646  0.35989934 -0.13148068  0.22456508]
2025-12-14 01:31:27,895 - INFO - num_full_subsets = 2
2025-12-14 01:31:27,952 - INFO - phi = [-0.63375608 -0.93237831 -0.06462322 -0.32019802]
2025-12-14 01:31:27,995 - INFO - num_full_subsets = 2
2025-12-14 01:31:28,052 - INFO - phi = [-0.01058834  1.1899815  -0.01312634  0.33970562]
2025-12-14 01:31:28,097 - INFO - num_full_subsets = 2
2025-12-14 01:31:28,153 - INFO - phi = [1.69639684 0.38171824 0.06925013 0.54608328]
2025-12-14 01:31:28,197 - INFO - num_full_subsets = 2
2025-12-14 01:31:28,253 - INFO - phi = [-0.5334172  -0.21496633 -0.00529569  0.27098305]
2025-12-14 01:31:28,297 - INFO - num_full_subsets = 2
2025-12-14 01:31:28,354 - INFO - phi = [ 0.08220925  0.3775023   0.01280996 -0.5298851 ]
2025-12-14 01:31:28,398 - INFO - num_full_subsets = 2
2025-12-14 01:31:28,455 - INFO - phi = [ 0.45174113 -0.74212305  0.47863007 -0.61659191]
2025-12-14 01:31:28,498 - INFO - num_full_subsets = 2
2025-12-14 01:31:28,555 - INFO - phi = [-1.81441263  0.02841176 -0.0419353   0.12740929]
2025-12-14 01:31:28,598 - INFO - num_full_subsets = 2
2025-12-14 01:31:28,655 - INFO - phi = [-0.68146122 -0.9777953   0.09011856 -0.06171626]
2025-12-14 01:31:28,699 - INFO - num_full_subsets = 2
2025-12-14 01:31:28,756 - INFO - phi = [-1.10485557 -0.49510452 -0.66410995 -0.01024565]
2025-12-14 01:31:28,800 - INFO - num_full_subsets = 2
2025-12-14 01:31:28,857 - INFO - phi = [1.03620655 0.4603371  0.3887817  0.48659758]
2025-12-14 01:31:28,900 - INFO - num_full_subsets = 2
2025-12-14 01:31:28,957 - INFO - phi = [-0.01090751  0.18433051 -0.32854343 -0.05933429]
2025-12-14 01:31:29,001 - INFO - num_full_subsets = 2
2025-12-14 01:31:29,059 - INFO - phi = [-1.28967731 -0.46438222  0.11864819 -0.34300244]
2025-12-14 01:31:29,103 - INFO - num_full_subsets = 2
2025-12-14 01:31:29,160 - INFO - phi = [1.56560409 0.0299671  0.24533207 0.56897406]
2025-12-14 01:31:29,205 - INFO - num_full_subsets = 2
2025-12-14 01:31:29,261 - INFO - phi = [ 0.03732336  0.52039663 -0.12407575 -0.66633623]
2025-12-14 01:31:29,305 - INFO - num_full_subsets = 2
2025-12-14 01:31:29,362 - INFO - phi = [ 0.11635384  0.15067699  0.26958384 -0.91758711]
2025-12-14 01:31:29,406 - INFO - num_full_subsets = 2
2025-12-14 01:31:29,463 - INFO - phi = [-1.15885848 -0.47537745 -0.02934969 -0.54906938]
2025-12-14 01:31:29,507 - INFO - num_full_subsets = 2
2025-12-14 01:31:29,564 - INFO - phi = [2.28177684 0.59894599 0.0458394  0.11479434]
2025-12-14 01:31:29,608 - INFO - num_full_subsets = 2
2025-12-14 01:31:29,664 - INFO - phi = [-0.91172409 -0.62481121  0.11937736 -0.39251139]
2025-12-14 01:31:29,708 - INFO - num_full_subsets = 2
2025-12-14 01:31:29,764 - INFO - phi = [-1.8271615   0.42910592 -0.06569722  0.11230146]
2025-12-14 01:31:29,808 - INFO - num_full_subsets = 2
2025-12-14 01:31:29,865 - INFO - phi = [-1.0544818  -0.6684212  -0.03300714 -0.34801458]
2025-12-14 01:31:29,909 - INFO - num_full_subsets = 2
2025-12-14 01:31:29,966 - INFO - phi = [ 0.08787934 -0.01402664 -0.0498811  -0.68334122]
2025-12-14 01:31:30,010 - INFO - num_full_subsets = 2
2025-12-14 01:31:30,067 - INFO - phi = [-1.87076917  0.60328334 -0.08756321  0.39312566]
2025-12-14 01:31:30,112 - INFO - num_full_subsets = 2
2025-12-14 01:31:30,170 - INFO - phi = [-0.66202641 -0.75504204  0.05165442  0.32882382]
2025-12-14 01:31:30,214 - INFO - num_full_subsets = 2
2025-12-14 01:31:30,271 - INFO - phi = [ 0.03971017  0.46736724  0.16779886 -0.1566391 ]
2025-12-14 01:31:30,315 - INFO - num_full_subsets = 2
2025-12-14 01:31:30,372 - INFO - phi = [ 1.00986875e-02  4.55391405e-04 -2.05506582e-01 -5.11028860e-01]
2025-12-14 01:31:30,416 - INFO - num_full_subsets = 2
2025-12-14 01:31:30,473 - INFO - phi = [ 2.01995532  0.4335404  -0.01402685  0.56231502]
2025-12-14 01:31:30,517 - INFO - num_full_subsets = 2
2025-12-14 01:31:30,574 - INFO - phi = [1.78313613 0.45294315 0.23102371 0.27323185]
2025-12-14 01:31:30,618 - INFO - num_full_subsets = 2
2025-12-14 01:31:30,674 - INFO - phi = [ 0.18206749  0.03918011 -0.06568241  0.3909762 ]
2025-12-14 01:31:30,718 - INFO - num_full_subsets = 2
2025-12-14 01:31:30,775 - INFO - phi = [ 1.18742632  0.02215545 -0.04089353  0.60091483]
2025-12-14 01:31:30,819 - INFO - num_full_subsets = 2
2025-12-14 01:31:30,875 - INFO - phi = [ 0.5946948  -0.74350713 -0.04457227 -0.33773928]
2025-12-14 01:31:30,919 - INFO - num_full_subsets = 2
2025-12-14 01:31:30,975 - INFO - phi = [-0.86707502 -0.10435084 -0.02607833  0.24448523]
2025-12-14 01:31:31,020 - INFO - num_full_subsets = 2
2025-12-14 01:31:31,077 - INFO - phi = [-1.46342248 -0.52909744  0.15405985 -0.07749239]
2025-12-14 01:31:31,121 - INFO - num_full_subsets = 2
2025-12-14 01:31:31,178 - INFO - phi = [2.06363281 0.16983599 0.07215501 0.60393789]
2025-12-14 01:31:31,222 - INFO - num_full_subsets = 2
2025-12-14 01:31:31,278 - INFO - phi = [-0.59795956 -0.86965942 -0.01334668 -0.17932122]
2025-12-14 01:31:31,323 - INFO - num_full_subsets = 2
2025-12-14 01:31:31,381 - INFO - phi = [-0.83812087  1.33913008  0.09513108  0.16521886]
2025-12-14 01:31:31,425 - INFO - num_full_subsets = 2
2025-12-14 01:31:31,482 - INFO - phi = [-0.80188909 -0.83257417 -0.03926736 -0.29578855]
2025-12-14 01:31:31,527 - INFO - num_full_subsets = 2
2025-12-14 01:31:31,584 - INFO - phi = [ 0.17373017  0.46263833  0.05978926 -0.20159864]
2025-12-14 01:31:31,628 - INFO - num_full_subsets = 2
2025-12-14 01:31:31,685 - INFO - phi = [0.21763163 0.18334026 0.12506511 0.47830514]
2025-12-14 01:31:31,729 - INFO - num_full_subsets = 2
2025-12-14 01:31:31,786 - INFO - phi = [ 0.86454407  0.57358094 -0.11109765  0.47972272]
2025-12-14 01:31:31,830 - INFO - num_full_subsets = 2
2025-12-14 01:31:31,887 - INFO - phi = [1.06445023 0.50175685 0.21792403 0.48128029]
2025-12-14 01:31:31,932 - INFO - num_full_subsets = 2
2025-12-14 01:31:31,988 - INFO - phi = [1.67568895 0.29026993 0.01147047 0.64176325]
2025-12-14 01:31:32,033 - INFO - num_full_subsets = 2
2025-12-14 01:31:32,090 - INFO - phi = [1.03021987 0.01837711 0.13013055 0.24342119]
2025-12-14 01:31:32,134 - INFO - num_full_subsets = 2
2025-12-14 01:31:32,192 - INFO - phi = [-1.60177941 -0.41486725 -0.0814395  -0.05716481]
2025-12-14 01:31:32,236 - INFO - num_full_subsets = 2
2025-12-14 01:31:32,293 - INFO - phi = [ 0.32040244 -0.03868952  0.01772547  0.52813553]
2025-12-14 01:31:32,337 - INFO - num_full_subsets = 2
2025-12-14 01:31:32,393 - INFO - phi = [ 0.146295   -0.04430253  0.00434618 -0.24078731]
2025-12-14 01:31:32,438 - INFO - num_full_subsets = 2
2025-12-14 01:31:32,496 - INFO - phi = [1.32472312 0.55301859 0.34903199 0.46698019]
2025-12-14 01:31:32,540 - INFO - num_full_subsets = 2
2025-12-14 01:31:32,598 - INFO - phi = [-1.52912786  0.39464652 -0.27445449  0.23484393]
2025-12-14 01:31:32,642 - INFO - num_full_subsets = 2
2025-12-14 01:31:32,699 - INFO - phi = [-1.28948941 -0.46406629 -0.08237899 -0.24481075]
2025-12-14 01:31:32,743 - INFO - num_full_subsets = 2
2025-12-14 01:31:32,799 - INFO - phi = [ 0.05383513  0.2517158   0.0315614  -0.85030844]
2025-12-14 01:31:32,843 - INFO - num_full_subsets = 2
2025-12-14 01:31:32,900 - INFO - phi = [ 0.16269576 -0.04783201  0.10529548 -0.92535619]
2025-12-14 01:31:32,944 - INFO - num_full_subsets = 2
2025-12-14 01:31:33,000 - INFO - phi = [-0.55732944 -0.84894694  0.12349972  0.25014253]
2025-12-14 01:31:33,045 - INFO - num_full_subsets = 2
2025-12-14 01:31:33,101 - INFO - phi = [-1.13508353 -0.6385224  -0.07357554 -0.15318602]
2025-12-14 01:31:33,146 - INFO - num_full_subsets = 2
2025-12-14 01:31:33,203 - INFO - phi = [-0.94916863  0.27641961  0.01603739 -0.13523778]
2025-12-14 01:31:33,248 - INFO - num_full_subsets = 2
2025-12-14 01:31:33,305 - INFO - phi = [0.94066685 0.25807581 0.11272337 0.41867924]
2025-12-14 01:31:33,349 - INFO - num_full_subsets = 2
2025-12-14 01:31:33,406 - INFO - phi = [ 0.12566921 -0.08296908  0.16600115 -0.46354052]
2025-12-14 01:31:33,451 - INFO - num_full_subsets = 2
2025-12-14 01:31:33,508 - INFO - phi = [ 0.146295   -0.04430253  0.00434618 -0.24078731]
2025-12-14 01:31:33,552 - INFO - num_full_subsets = 2
2025-12-14 01:31:33,608 - INFO - phi = [-0.97092212 -0.60618971 -0.07716163 -0.21612013]
2025-12-14 01:31:33,652 - INFO - num_full_subsets = 2
2025-12-14 01:31:33,708 - INFO - phi = [-1.36670824 -0.48123655  0.00698885 -0.15082429]
2025-12-14 01:31:33,752 - INFO - num_full_subsets = 2
2025-12-14 01:31:33,809 - INFO - phi = [ 0.14531534  0.62055934  0.09083394 -0.93789567]
2025-12-14 01:31:33,852 - INFO - num_full_subsets = 2
2025-12-14 01:31:33,909 - INFO - phi = [-1.60756325 -0.44719399 -0.01341227 -0.09700909]
2025-12-14 01:31:33,953 - INFO - num_full_subsets = 2
2025-12-14 01:31:34,009 - INFO - phi = [ 1.9653934   0.46874569 -0.03607709  0.54722814]
2025-12-14 01:31:34,054 - INFO - num_full_subsets = 2
2025-12-14 01:31:34,111 - INFO - phi = [0.19620363 0.10553775 0.2716233  0.50007589]
2025-12-14 01:31:34,156 - INFO - num_full_subsets = 2
2025-12-14 01:31:34,213 - INFO - phi = [ 0.3170898  -0.60264167  0.43149692 -0.95384733]
2025-12-14 01:31:34,258 - INFO - num_full_subsets = 2
2025-12-14 01:31:34,315 - INFO - phi = [0.33469839 0.26683902 0.23059814 0.44619874]
2025-12-14 01:31:34,360 - INFO - num_full_subsets = 2
2025-12-14 01:31:34,416 - INFO - phi = [-0.98794789 -0.84116816 -0.05599758  0.05884866]
2025-12-14 01:31:34,460 - INFO - num_full_subsets = 2
2025-12-14 01:31:34,516 - INFO - phi = [-0.88550732 -0.69511529 -0.00561512 -0.70192636]
2025-12-14 01:31:34,561 - INFO - num_full_subsets = 2
2025-12-14 01:31:34,617 - INFO - phi = [0.7279086  0.74222375 0.11841648 0.38852458]
2025-12-14 01:31:34,661 - INFO - num_full_subsets = 2
2025-12-14 01:31:34,718 - INFO - phi = [ 0.1782951  -0.00806422  0.22882657 -0.20847587]
2025-12-14 01:31:34,762 - INFO - num_full_subsets = 2
2025-12-14 01:31:34,818 - INFO - phi = [-1.29061534  0.02878639  0.05084507 -0.22377071]
2025-12-14 01:31:34,862 - INFO - num_full_subsets = 2
2025-12-14 01:31:34,919 - INFO - phi = [ 0.07775916  0.09155103 -0.11685797  0.4605831 ]
2025-12-14 01:31:34,963 - INFO - num_full_subsets = 2
2025-12-14 01:31:35,019 - INFO - phi = [ 0.01298568  0.08777777 -0.34737106 -0.2442567 ]
2025-12-14 01:31:35,064 - INFO - num_full_subsets = 2
2025-12-14 01:31:35,120 - INFO - phi = [ 1.22682497  0.40706395 -0.10949205  0.42609529]
2025-12-14 01:31:35,164 - INFO - num_full_subsets = 2
2025-12-14 01:31:35,221 - INFO - phi = [-1.15885848 -0.47537745 -0.02934969 -0.54906938]
2025-12-14 01:31:35,265 - INFO - num_full_subsets = 2
2025-12-14 01:31:35,321 - INFO - phi = [-0.41798416 -0.86074381  0.00619977 -0.41930098]
2025-12-14 01:31:35,365 - INFO - num_full_subsets = 2
2025-12-14 01:31:35,422 - INFO - phi = [-1.40493431  0.42646321 -0.3672434   0.11834352]
2025-12-14 01:31:35,465 - INFO - num_full_subsets = 2
2025-12-14 01:31:35,522 - INFO - phi = [ 0.6072213   0.20477081 -0.08439544  0.15114805]
2025-12-14 01:31:35,566 - INFO - num_full_subsets = 2
2025-12-14 01:31:35,623 - INFO - phi = [ 0.71468199 -0.04576715  0.66194005 -1.30789257]
2025-12-14 01:31:35,666 - INFO - num_full_subsets = 2
2025-12-14 01:31:35,723 - INFO - phi = [ 0.18311284  0.55679205 -0.04739259  0.52223716]
2025-12-14 01:31:35,768 - INFO - num_full_subsets = 2
2025-12-14 01:31:35,824 - INFO - phi = [ 1.16027076 -0.28679222 -0.06632949  0.4673196 ]
2025-12-14 01:31:35,867 - INFO - num_full_subsets = 2
2025-12-14 01:31:35,924 - INFO - phi = [ 0.99339401  0.15628199 -0.03409016  0.11837584]
2025-12-14 01:31:35,968 - INFO - num_full_subsets = 2
2025-12-14 01:31:36,024 - INFO - phi = [ 0.07188829  0.31339181  0.25584357 -0.59027013]
2025-12-14 01:31:36,069 - INFO - num_full_subsets = 2
2025-12-14 01:31:36,125 - INFO - phi = [1.31986332 0.05116046 0.37153838 0.33774715]
2025-12-14 01:31:36,169 - INFO - num_full_subsets = 2
2025-12-14 01:31:36,225 - INFO - phi = [ 0.03391886  0.08637159 -0.22467082  0.22921554]
2025-12-14 01:31:36,269 - INFO - num_full_subsets = 2
2025-12-14 01:31:36,326 - INFO - phi = [-0.80156522 -0.92800882  0.02856682 -0.27923072]
2025-12-14 01:31:36,370 - INFO - num_full_subsets = 2
2025-12-14 01:31:36,426 - INFO - phi = [ 0.81990979  0.30383501  0.71808568 -0.986949  ]
2025-12-14 01:31:36,471 - INFO - num_full_subsets = 2
2025-12-14 01:31:36,527 - INFO - phi = [ 0.18114806  0.00996657 -0.32843829  0.42193707]
2025-12-14 01:31:36,571 - INFO - num_full_subsets = 2
2025-12-14 01:31:36,627 - INFO - phi = [ 0.8409218  -0.78891482  0.01637206 -0.08209523]
2025-12-14 01:31:36,671 - INFO - num_full_subsets = 2
2025-12-14 01:31:36,727 - INFO - phi = [ 0.20395169 -0.00720045 -0.01554269  0.25989427]
2025-12-14 01:31:36,772 - INFO - num_full_subsets = 2
2025-12-14 01:31:36,828 - INFO - phi = [ 0.01725055  0.30856203 -0.0173974  -0.55197935]
2025-12-14 01:31:36,872 - INFO - num_full_subsets = 2
2025-12-14 01:31:36,929 - INFO - phi = [1.02676331 0.00709497 0.12919389 0.36198273]
2025-12-14 01:31:36,973 - INFO - num_full_subsets = 2
2025-12-14 01:31:37,029 - INFO - phi = [-1.36902443  0.42638357 -0.01546891  0.11735773]
2025-12-14 01:31:37,073 - INFO - num_full_subsets = 2
2025-12-14 01:31:37,129 - INFO - phi = [-0.78634035 -0.9222162   0.02362115 -0.22741209]
2025-12-14 01:31:37,173 - INFO - num_full_subsets = 2
2025-12-14 01:31:37,230 - INFO - phi = [-0.98717663 -0.27920534  0.01728775 -0.16500023]
2025-12-14 01:31:37,274 - INFO - num_full_subsets = 2
2025-12-14 01:31:37,332 - INFO - phi = [ 0.5159152   0.5259796  -0.00305208  0.47855389]
2025-12-14 01:31:37,376 - INFO - num_full_subsets = 2
2025-12-14 01:31:37,433 - INFO - phi = [0.14911325 0.30112586 0.11128271 0.45877892]
2025-12-14 01:31:37,477 - INFO - num_full_subsets = 2
2025-12-14 01:31:37,534 - INFO - phi = [ 1.19009039  0.28135947 -0.54947131  0.41387656]
2025-12-14 01:31:37,578 - INFO - num_full_subsets = 2
2025-12-14 01:31:37,634 - INFO - phi = [ 0.01298568  0.08777777 -0.34737106 -0.2442567 ]
2025-12-14 01:31:37,678 - INFO - num_full_subsets = 2
2025-12-14 01:31:37,734 - INFO - phi = [-0.98020609 -0.63447939 -0.01866506 -0.25246671]
2025-12-14 01:31:37,778 - INFO - num_full_subsets = 2
2025-12-14 01:31:37,834 - INFO - phi = [ 1.68380752  0.62888739 -0.05090474  0.50287467]
2025-12-14 01:31:37,878 - INFO - num_full_subsets = 2
2025-12-14 01:31:37,935 - INFO - phi = [ 0.7852714   0.08257868 -0.19646676  0.27589142]
2025-12-14 01:31:37,979 - INFO - num_full_subsets = 2
2025-12-14 01:31:38,036 - INFO - phi = [1.09392574 0.53468377 0.3454394  0.44862344]
2025-12-14 01:31:38,081 - INFO - num_full_subsets = 2
2025-12-14 01:31:38,138 - INFO - phi = [1.55295767 0.29715892 0.09737887 0.52767417]
2025-12-14 01:31:38,183 - INFO - num_full_subsets = 2
2025-12-14 01:31:38,240 - INFO - phi = [ 0.21071807 -0.35414108  0.26135729  0.53814622]
2025-12-14 01:31:38,284 - INFO - num_full_subsets = 2
2025-12-14 01:31:38,341 - INFO - phi = [ 0.05225274  0.32668509  0.03130891 -0.71365893]
2025-12-14 01:31:38,384 - INFO - num_full_subsets = 2
2025-12-14 01:31:38,441 - INFO - phi = [1.46411319 0.2283801  0.29574719 0.52470618]
2025-12-14 01:31:38,485 - INFO - num_full_subsets = 2
2025-12-14 01:31:38,541 - INFO - phi = [-1.13833834 -0.48944616 -0.13810619 -0.44305273]
2025-12-14 01:31:38,585 - INFO - num_full_subsets = 2
2025-12-14 01:31:38,641 - INFO - phi = [-0.74657889 -0.77117737  0.00455238 -0.51367457]
2025-12-14 01:31:38,685 - INFO - num_full_subsets = 2
2025-12-14 01:31:38,741 - INFO - phi = [-1.19010243 -0.41270041 -0.0294166  -0.43737292]
2025-12-14 01:31:38,785 - INFO - num_full_subsets = 2
2025-12-14 01:31:38,842 - INFO - phi = [1.38743076 0.05640425 0.01211835 0.33663431]
2025-12-14 01:31:38,886 - INFO - num_full_subsets = 2
2025-12-14 01:31:38,942 - INFO - phi = [ 1.62436607e+00  3.66820384e-01 -1.31430957e-03  4.82903164e-01]
2025-12-14 01:31:38,986 - INFO - num_full_subsets = 2
2025-12-14 01:31:39,043 - INFO - phi = [-1.24998187 -0.75378584  0.08776421  0.21242332]
2025-12-14 01:31:39,087 - INFO - num_full_subsets = 2
2025-12-14 01:31:39,144 - INFO - phi = [0.18952075 0.47616663 0.09963299 0.00178949]
2025-12-14 01:31:39,188 - INFO - num_full_subsets = 2
2025-12-14 01:31:39,245 - INFO - phi = [ 1.31861852  0.30913151 -0.19067035  0.47325874]
2025-12-14 01:31:39,289 - INFO - num_full_subsets = 2
2025-12-14 01:31:39,347 - INFO - phi = [-0.33400838 -0.72823102  0.01324339 -0.64448094]
2025-12-14 01:31:39,391 - INFO - num_full_subsets = 2
2025-12-14 01:31:39,448 - INFO - phi = [-0.83040902 -0.64752565  0.05331913 -0.59166428]
2025-12-14 01:31:39,492 - INFO - num_full_subsets = 2
2025-12-14 01:31:39,549 - INFO - phi = [ 0.10089068  0.7577681   0.21106996 -0.38753351]
2025-12-14 01:31:39,593 - INFO - num_full_subsets = 2
2025-12-14 01:31:39,650 - INFO - phi = [ 0.77744593 -0.18557768  0.2340597  -0.00483579]
2025-12-14 01:31:39,694 - INFO - num_full_subsets = 2
2025-12-14 01:31:39,750 - INFO - phi = [ 1.36778201  0.29922339 -0.29206551  0.34204874]
2025-12-14 01:31:39,794 - INFO - num_full_subsets = 2
2025-12-14 01:31:39,851 - INFO - phi = [-1.05389061 -0.69988612  0.03195903 -0.17336549]
2025-12-14 01:31:39,894 - INFO - num_full_subsets = 2
2025-12-14 01:31:39,951 - INFO - phi = [-1.18558584  0.52667755 -0.13693585  0.06325994]
2025-12-14 01:31:39,995 - INFO - num_full_subsets = 2
2025-12-14 01:31:40,053 - INFO - phi = [0.57390396 0.08695564 0.07157695 0.39870535]
2025-12-14 01:31:40,097 - INFO - num_full_subsets = 2
2025-12-14 01:31:40,154 - INFO - phi = [-1.11269459 -0.38489089 -0.66875481  0.53746955]
2025-12-14 01:31:40,199 - INFO - num_full_subsets = 2
2025-12-14 01:31:40,256 - INFO - phi = [1.27924909 0.36661696 0.0056004  0.27811602]
2025-12-14 01:31:40,300 - INFO - num_full_subsets = 2
2025-12-14 01:31:40,356 - INFO - phi = [ 0.1907964   0.08058554 -0.00260212  0.50397066]
2025-12-14 01:31:40,400 - INFO - num_full_subsets = 2
2025-12-14 01:31:40,457 - INFO - phi = [ 1.22682497  0.40706395 -0.10949205  0.42609529]
2025-12-14 01:31:40,501 - INFO - num_full_subsets = 2
2025-12-14 01:31:40,557 - INFO - phi = [-1.36050859 -0.4209843  -0.02015876 -0.16684839]
2025-12-14 01:31:40,602 - INFO - num_full_subsets = 2
2025-12-14 01:31:40,658 - INFO - phi = [-1.14911689 -0.52273148 -0.14561437  0.14766152]
2025-12-14 01:31:40,702 - INFO - num_full_subsets = 2
2025-12-14 01:31:40,759 - INFO - phi = [ 0.05307501  0.29726512 -0.51527507 -0.40068992]
2025-12-14 01:31:40,802 - INFO - num_full_subsets = 2
2025-12-14 01:31:40,858 - INFO - phi = [0.4369342  0.50475599 0.02013501 0.57093924]
2025-12-14 01:31:40,902 - INFO - num_full_subsets = 2
2025-12-14 01:31:40,958 - INFO - phi = [ 1.84894747  0.1535824  -0.28721719  0.58404549]
2025-12-14 01:31:41,002 - INFO - num_full_subsets = 2
2025-12-14 01:31:41,059 - INFO - phi = [ 1.42977245 -0.00354807  0.1531451  -1.0725457 ]
2025-12-14 01:31:41,103 - INFO - num_full_subsets = 2
2025-12-14 01:31:41,159 - INFO - phi = [1.85655268 0.18653922 0.12439308 0.58826593]
2025-12-14 01:31:41,204 - INFO - num_full_subsets = 2
2025-12-14 01:31:41,261 - INFO - phi = [-0.01132718  0.5055097  -0.28729602 -0.27782831]
2025-12-14 01:31:41,304 - INFO - num_full_subsets = 2
2025-12-14 01:31:41,361 - INFO - phi = [ 0.24406981 -0.01947403  0.24745207 -0.57070751]
2025-12-14 01:31:41,405 - INFO - num_full_subsets = 2
2025-12-14 01:31:41,462 - INFO - phi = [1.71169778 0.20227563 0.13596382 0.18471995]
2025-12-14 01:31:41,506 - INFO - num_full_subsets = 2
2025-12-14 01:31:41,562 - INFO - phi = [-0.76689562 -0.80297976  0.48119546 -0.35313876]
2025-12-14 01:31:41,606 - INFO - num_full_subsets = 2
2025-12-14 01:31:41,663 - INFO - phi = [ 0.15060744  0.37109311  0.01550141 -0.64714506]
2025-12-14 01:31:41,707 - INFO - num_full_subsets = 2
2025-12-14 01:31:41,764 - INFO - phi = [ 0.47430264 -0.44072273  1.03213592 -0.9156856 ]
2025-12-14 01:31:41,808 - INFO - num_full_subsets = 2
2025-12-14 01:31:41,864 - INFO - phi = [1.03907964 0.65248928 0.27976952 0.41340434]
2025-12-14 01:31:41,908 - INFO - num_full_subsets = 2
2025-12-14 01:31:41,965 - INFO - phi = [0.95316921 0.62049098 0.01359436 0.44654516]
2025-12-14 01:31:42,009 - INFO - num_full_subsets = 2
2025-12-14 01:31:42,066 - INFO - phi = [ 0.02980134  0.43726764 -0.45465236 -0.46474784]
2025-12-14 01:31:42,111 - INFO - num_full_subsets = 2
2025-12-14 01:31:42,169 - INFO - phi = [ 0.19650378  0.11690783  0.08013858 -0.26350134]
2025-12-14 01:31:42,213 - INFO - num_full_subsets = 2
2025-12-14 01:31:42,271 - INFO - phi = [1.11946369 0.09219366 0.0026156  0.33849027]
2025-12-14 01:31:42,315 - INFO - num_full_subsets = 2
2025-12-14 01:31:42,371 - INFO - phi = [ 0.22077613  0.5453475  -1.29562135  0.43042211]
2025-12-14 01:31:42,415 - INFO - num_full_subsets = 2
2025-12-14 01:31:42,472 - INFO - phi = [ 1.57238268  0.19847952 -0.18599095  0.07297065]
2025-12-14 01:31:42,516 - INFO - num_full_subsets = 2
2025-12-14 01:31:42,573 - INFO - phi = [-1.11150619 -0.18759023 -0.01765468  0.30176786]
2025-12-14 01:31:42,617 - INFO - num_full_subsets = 2
2025-12-14 01:31:42,673 - INFO - phi = [-1.01604499 -0.71312468  0.00338893 -0.27446629]
2025-12-14 01:31:42,718 - INFO - num_full_subsets = 2
2025-12-14 01:31:42,775 - INFO - phi = [-1.15887083 -0.38822632 -0.23956233  0.35783254]
2025-12-14 01:31:42,819 - INFO - num_full_subsets = 2
2025-12-14 01:31:42,875 - INFO - phi = [-1.74941495  0.28376687 -0.11739177 -0.18442465]
2025-12-14 01:31:42,920 - INFO - num_full_subsets = 2
2025-12-14 01:31:42,976 - INFO - phi = [-1.71809729  0.15128011 -0.07330211  0.09027432]
2025-12-14 01:31:43,020 - INFO - num_full_subsets = 2
2025-12-14 01:31:43,077 - INFO - phi = [ 0.06594325  0.61862917 -0.06893752  0.42536403]
2025-12-14 01:31:43,121 - INFO - num_full_subsets = 2
2025-12-14 01:31:43,178 - INFO - phi = [-1.0027521  -0.58723297 -0.28672754 -0.16308112]
2025-12-14 01:31:43,222 - INFO - num_full_subsets = 2
2025-12-14 01:31:43,279 - INFO - phi = [0.19521824 0.60382793 0.29308877 0.554084  ]
2025-12-14 01:31:43,323 - INFO - num_full_subsets = 2
2025-12-14 01:31:43,380 - INFO - phi = [ 0.05225274  0.32668509  0.03130891 -0.71365893]
2025-12-14 01:31:43,423 - INFO - num_full_subsets = 2
2025-12-14 01:31:43,480 - INFO - phi = [-1.53781148 -0.17988553  0.01051671 -0.17623786]
2025-12-14 01:31:43,524 - INFO - num_full_subsets = 2
2025-12-14 01:31:43,580 - INFO - phi = [-0.72337911 -0.81526083 -0.05098671 -0.50401399]
2025-12-14 01:31:43,623 - INFO - num_full_subsets = 2
2025-12-14 01:31:43,680 - INFO - phi = [-1.11760948 -0.49915403 -0.5505037  -0.17366513]
2025-12-14 01:31:43,724 - INFO - num_full_subsets = 2
2025-12-14 01:31:43,780 - INFO - phi = [ 0.3635134   0.32523367  0.0140995  -0.01665708]
2025-12-14 01:31:43,824 - INFO - num_full_subsets = 2
2025-12-14 01:31:43,881 - INFO - phi = [-0.83939686 -0.63393019 -0.25652204 -0.21932645]
2025-12-14 01:31:43,926 - INFO - num_full_subsets = 2
2025-12-14 01:31:43,982 - INFO - phi = [-0.4796329   0.63921232  0.20656498  0.44399401]
2025-12-14 01:31:44,027 - INFO - num_full_subsets = 2
2025-12-14 01:31:44,083 - INFO - phi = [-1.87083026 -0.15590227 -0.01726469  0.2278768 ]
2025-12-14 01:31:44,584 - INFO - Computing feature importance...
2025-12-14 01:31:51,387 - INFO - Experiment completed for NGBoost
2025-12-14 01:31:51,387 - INFO - Total time: 293.86s (4.90 min)
2025-12-14 01:31:51,388 - INFO - Starting comprehensive experiment for NGBoost
2025-12-14 01:31:59,290 - INFO - Performing feature analysis...
2025-12-14 01:32:00,463 - INFO - Model justification: Probabilistic forecasting with natural gradient boosting, provides uncertainty quantification
2025-12-14 01:32:00,463 - INFO - Performing robust cross-validation...
2025-12-14 01:32:38,998 - INFO - CV Results - MSE: 0.8257 ± 0.0874
2025-12-14 01:32:38,998 - INFO - Starting hyperparameter optimization...
2025-12-14 01:36:04,275 - INFO - Best parameters for NGBoost: {'n_estimators': 195, 'learning_rate': 0.01953006712628022, 'minibatch_frac': 0.2904580975165004, 'natural_gradient': True}
2025-12-14 01:36:04,275 - INFO - ⏱️ HPO took 205.28 seconds
2025-12-14 01:36:04,275 - INFO - Training final model...
2025-12-14 01:36:05,181 - INFO - ⏱️ Training took 0.91 seconds
2025-12-14 01:36:05,181 - INFO - Performing residual analysis...
2025-12-14 01:36:06,231 - INFO - Generating XAI explanations...
2025-12-14 01:36:06,257 - WARNING - Using 168 background data samples could cause slower run times. Consider using shap.sample(data, K) or shap.kmeans(data, K) to summarize the background as K samples.
2025-12-14 01:36:06,295 - INFO - num_full_subsets = 2
2025-12-14 01:36:06,343 - INFO - phi = [-1.48764797 -0.41829754 -0.08984069  0.19392823]
2025-12-14 01:36:06,381 - INFO - num_full_subsets = 2
2025-12-14 01:36:06,428 - INFO - phi = [ 0.94843727  0.13713772 -0.67758375  0.23812716]
2025-12-14 01:36:06,466 - INFO - num_full_subsets = 2
2025-12-14 01:36:06,514 - INFO - phi = [0.47718471 0.06556705 0.04734094 0.336533  ]
2025-12-14 01:36:06,552 - INFO - num_full_subsets = 2
2025-12-14 01:36:06,599 - INFO - phi = [-0.06226385  0.3364696  -0.12627092 -0.07287127]
2025-12-14 01:36:06,638 - INFO - num_full_subsets = 2
2025-12-14 01:36:06,685 - INFO - phi = [-1.1709138  -0.55366186 -0.01389713 -0.20570777]
2025-12-14 01:36:06,724 - INFO - num_full_subsets = 2
2025-12-14 01:36:06,771 - INFO - phi = [-0.20084138 -0.38258686  0.40638976 -0.79217412]
2025-12-14 01:36:06,810 - INFO - num_full_subsets = 2
2025-12-14 01:36:06,857 - INFO - phi = [-0.2993627  -0.1271647  -0.06275847  0.37546789]
2025-12-14 01:36:06,896 - INFO - num_full_subsets = 2
2025-12-14 01:36:06,943 - INFO - phi = [1.52280125 0.40494017 0.05780224 0.45401866]
2025-12-14 01:36:06,982 - INFO - num_full_subsets = 2
2025-12-14 01:36:07,029 - INFO - phi = [1.47602027 0.6448489  0.2594709  0.1846963 ]
2025-12-14 01:36:07,067 - INFO - num_full_subsets = 2
2025-12-14 01:36:07,115 - INFO - phi = [ 0.17962388  0.22776991 -0.02410583 -0.50559097]
2025-12-14 01:36:07,153 - INFO - num_full_subsets = 2
2025-12-14 01:36:07,200 - INFO - phi = [-0.8050159  -0.56896919 -0.25893243 -0.2651318 ]
2025-12-14 01:36:07,239 - INFO - num_full_subsets = 2
2025-12-14 01:36:07,286 - INFO - phi = [ 0.77844245  0.62017658 -0.06183318  0.33472824]
2025-12-14 01:36:07,325 - INFO - num_full_subsets = 2
2025-12-14 01:36:07,372 - INFO - phi = [-0.88107384 -0.55170184 -0.0140822  -0.42328528]
2025-12-14 01:36:07,411 - INFO - num_full_subsets = 2
2025-12-14 01:36:07,458 - INFO - phi = [ 1.61723101  0.5801562  -0.02202064  0.26904209]
2025-12-14 01:36:07,497 - INFO - num_full_subsets = 2
2025-12-14 01:36:07,545 - INFO - phi = [-1.18927829 -0.40985121 -0.0257999  -0.38817214]
2025-12-14 01:36:07,584 - INFO - num_full_subsets = 2
2025-12-14 01:36:07,631 - INFO - phi = [-1.27104965 -0.43864638 -0.02921671 -0.18229374]
2025-12-14 01:36:07,670 - INFO - num_full_subsets = 2
2025-12-14 01:36:07,718 - INFO - phi = [ 1.27459585  0.394967    0.16528225 -0.96303111]
2025-12-14 01:36:07,756 - INFO - num_full_subsets = 2
2025-12-14 01:36:07,802 - INFO - phi = [-0.71930178  0.21389409  0.07418266  0.34432727]
2025-12-14 01:36:07,840 - INFO - num_full_subsets = 2
2025-12-14 01:36:07,888 - INFO - phi = [ 1.47011895  0.54124212 -0.08850478  0.58713349]
2025-12-14 01:36:07,926 - INFO - num_full_subsets = 2
2025-12-14 01:36:07,973 - INFO - phi = [ 0.83891231  0.10034186 -0.12783816  0.49399954]
2025-12-14 01:36:08,011 - INFO - num_full_subsets = 2
2025-12-14 01:36:08,058 - INFO - phi = [ 2.00129445  0.56689415 -0.00363557  0.2715922 ]
2025-12-14 01:36:08,097 - INFO - num_full_subsets = 2
2025-12-14 01:36:08,144 - INFO - phi = [-1.77134314  0.48114785 -0.04457419  0.35858239]
2025-12-14 01:36:08,183 - INFO - num_full_subsets = 2
2025-12-14 01:36:08,231 - INFO - phi = [-1.11476532 -0.54701634 -0.12108849 -0.20755865]
2025-12-14 01:36:08,270 - INFO - num_full_subsets = 2
2025-12-14 01:36:08,317 - INFO - phi = [-0.66223672  0.37206304  0.00225921  0.44467381]
2025-12-14 01:36:08,356 - INFO - num_full_subsets = 2
2025-12-14 01:36:08,403 - INFO - phi = [ 1.99340032  0.12412731 -0.1018031   0.46190812]
2025-12-14 01:36:08,442 - INFO - num_full_subsets = 2
2025-12-14 01:36:08,489 - INFO - phi = [1.56623757 0.81598035 0.10028052 0.56503441]
2025-12-14 01:36:08,527 - INFO - num_full_subsets = 2
2025-12-14 01:36:08,574 - INFO - phi = [2.03555142 0.59094526 0.06181151 0.44785846]
2025-12-14 01:36:08,613 - INFO - num_full_subsets = 2
2025-12-14 01:36:08,659 - INFO - phi = [ 0.44102227  0.32179744 -0.14590251  0.24004211]
2025-12-14 01:36:08,698 - INFO - num_full_subsets = 2
2025-12-14 01:36:08,745 - INFO - phi = [-1.76212635  0.54928105 -0.0580101   0.12660996]
2025-12-14 01:36:08,784 - INFO - num_full_subsets = 2
2025-12-14 01:36:08,830 - INFO - phi = [2.0253869  0.13417993 0.08851344 0.4588192 ]
2025-12-14 01:36:08,869 - INFO - num_full_subsets = 2
2025-12-14 01:36:08,915 - INFO - phi = [-1.63183063 -0.07233243 -0.03044969  0.04558171]
2025-12-14 01:36:08,953 - INFO - num_full_subsets = 2
2025-12-14 01:36:09,000 - INFO - phi = [1.8876993  0.21261007 0.01934524 0.39391395]
2025-12-14 01:36:09,039 - INFO - num_full_subsets = 2
2025-12-14 01:36:09,087 - INFO - phi = [ 1.36757126  0.071493   -0.03341743 -0.54326801]
2025-12-14 01:36:09,126 - INFO - num_full_subsets = 2
2025-12-14 01:36:09,173 - INFO - phi = [-0.91140428 -0.22885324  0.01006031 -0.32884145]
2025-12-14 01:36:09,212 - INFO - num_full_subsets = 2
2025-12-14 01:36:09,260 - INFO - phi = [-0.9604864  -0.61232021 -0.03200801 -0.30792454]
2025-12-14 01:36:09,298 - INFO - num_full_subsets = 2
2025-12-14 01:36:09,346 - INFO - phi = [-0.91890619 -0.65621706 -0.01427352 -0.28131948]
2025-12-14 01:36:09,385 - INFO - num_full_subsets = 2
2025-12-14 01:36:09,433 - INFO - phi = [ 0.14920161  0.28981327  0.12874014 -0.6417424 ]
2025-12-14 01:36:09,472 - INFO - num_full_subsets = 2
2025-12-14 01:36:09,520 - INFO - phi = [-1.13882089 -0.44177352 -0.01637889 -0.41156861]
2025-12-14 01:36:09,559 - INFO - num_full_subsets = 2
2025-12-14 01:36:09,607 - INFO - phi = [-0.87740863 -0.68608423 -0.00951484 -0.33719159]
2025-12-14 01:36:09,646 - INFO - num_full_subsets = 2
2025-12-14 01:36:09,694 - INFO - phi = [ 0.95230266 -0.67833593 -0.09469244 -0.14367213]
2025-12-14 01:36:09,733 - INFO - num_full_subsets = 2
2025-12-14 01:36:09,781 - INFO - phi = [ 0.16020396  0.1610349  -0.08156491 -0.45735963]
2025-12-14 01:36:09,819 - INFO - num_full_subsets = 2
2025-12-14 01:36:09,867 - INFO - phi = [-0.58008063 -0.72969247 -0.049318    0.28856084]
2025-12-14 01:36:09,905 - INFO - num_full_subsets = 2
2025-12-14 01:36:09,953 - INFO - phi = [0.84590728 0.2781402  0.15759365 0.26542096]
2025-12-14 01:36:09,992 - INFO - num_full_subsets = 2
2025-12-14 01:36:10,039 - INFO - phi = [-1.36708259 -0.6091279  -0.01439733  0.12410748]
2025-12-14 01:36:10,077 - INFO - num_full_subsets = 2
2025-12-14 01:36:10,125 - INFO - phi = [ 0.53983763 -0.02737165  0.08992112  0.51972446]
2025-12-14 01:36:10,163 - INFO - num_full_subsets = 2
2025-12-14 01:36:10,210 - INFO - phi = [1.05507251 0.53233769 0.16696502 0.45609022]
2025-12-14 01:36:10,249 - INFO - num_full_subsets = 2
2025-12-14 01:36:10,296 - INFO - phi = [ 1.22093858 -0.47002127  0.49930624 -0.92334411]
2025-12-14 01:36:10,335 - INFO - num_full_subsets = 2
2025-12-14 01:36:10,383 - INFO - phi = [ 0.25210093 -0.43869427  0.02050234 -0.80491384]
2025-12-14 01:36:10,422 - INFO - num_full_subsets = 2
2025-12-14 01:36:10,469 - INFO - phi = [-1.2066678  -0.495594   -0.00164083 -0.2747221 ]
2025-12-14 01:36:10,508 - INFO - num_full_subsets = 2
2025-12-14 01:36:10,555 - INFO - phi = [-1.02175626 -0.63397079  0.02494386 -0.23585651]
2025-12-14 01:36:10,594 - INFO - num_full_subsets = 2
2025-12-14 01:36:10,641 - INFO - phi = [-0.93779674 -0.58827677 -0.02819291 -0.35217712]
2025-12-14 01:36:10,680 - INFO - num_full_subsets = 2
2025-12-14 01:36:10,726 - INFO - phi = [ 0.4587433   0.42538642 -0.00124149 -0.26535554]
2025-12-14 01:36:10,765 - INFO - num_full_subsets = 2
2025-12-14 01:36:10,812 - INFO - phi = [-0.57530038 -0.77899755  0.00515394  0.20048947]
2025-12-14 01:36:10,850 - INFO - num_full_subsets = 2
2025-12-14 01:36:10,897 - INFO - phi = [ 0.19207921  0.30195929  0.03513121 -0.50327077]
2025-12-14 01:36:10,935 - INFO - num_full_subsets = 2
2025-12-14 01:36:10,982 - INFO - phi = [0.48765859 0.18811365 0.01488485 0.430269  ]
2025-12-14 01:36:11,021 - INFO - num_full_subsets = 2
2025-12-14 01:36:11,068 - INFO - phi = [1.59338454 0.08483875 0.22323935 0.35243174]
2025-12-14 01:36:11,106 - INFO - num_full_subsets = 2
2025-12-14 01:36:11,153 - INFO - phi = [1.30297905 0.1332421  0.14790103 0.09797258]
2025-12-14 01:36:11,191 - INFO - num_full_subsets = 2
2025-12-14 01:36:11,238 - INFO - phi = [ 0.57401704  0.52634514 -0.07804174  0.09666233]
2025-12-14 01:36:11,276 - INFO - num_full_subsets = 2
2025-12-14 01:36:11,323 - INFO - phi = [ 1.28211697  0.07854012 -0.02736893  0.30945327]
2025-12-14 01:36:11,362 - INFO - num_full_subsets = 2
2025-12-14 01:36:11,408 - INFO - phi = [0.78666789 0.02454703 0.0337291  0.29320636]
2025-12-14 01:36:11,447 - INFO - num_full_subsets = 2
2025-12-14 01:36:11,494 - INFO - phi = [ 0.50567147 -0.00766719 -0.00291787  0.43489496]
2025-12-14 01:36:11,533 - INFO - num_full_subsets = 2
2025-12-14 01:36:11,580 - INFO - phi = [-1.01812333 -0.56377585  0.01119779 -0.42282952]
2025-12-14 01:36:11,618 - INFO - num_full_subsets = 2
2025-12-14 01:36:11,665 - INFO - phi = [-1.0778223  -0.66003811 -0.01963001  0.06624014]
2025-12-14 01:36:11,703 - INFO - num_full_subsets = 2
2025-12-14 01:36:11,750 - INFO - phi = [ 0.48266952  0.64362642 -0.01460594  0.515234  ]
2025-12-14 01:36:11,788 - INFO - num_full_subsets = 2
2025-12-14 01:36:11,836 - INFO - phi = [-0.09392801  1.18509059  0.00937354  0.35145542]
2025-12-14 01:36:11,875 - INFO - num_full_subsets = 2
2025-12-14 01:36:11,923 - INFO - phi = [0.9430173  0.01549909 0.01190102 0.35667659]
2025-12-14 01:36:11,963 - INFO - num_full_subsets = 2
2025-12-14 01:36:12,011 - INFO - phi = [-1.34371511 -0.49333488 -0.07153546 -0.10225864]
2025-12-14 01:36:12,050 - INFO - num_full_subsets = 2
2025-12-14 01:36:12,097 - INFO - phi = [ 1.85376909  0.7701283   0.0806409  -0.14648945]
2025-12-14 01:36:12,136 - INFO - num_full_subsets = 2
2025-12-14 01:36:12,183 - INFO - phi = [0.51089861 0.23645454 0.30515394 0.54951607]
2025-12-14 01:36:12,221 - INFO - num_full_subsets = 2
2025-12-14 01:36:12,269 - INFO - phi = [-0.85960416 -0.58657423 -0.21363983  0.00421754]
2025-12-14 01:36:12,307 - INFO - num_full_subsets = 2
2025-12-14 01:36:12,354 - INFO - phi = [ 1.34562838  0.04932981  0.01026684 -0.83496573]
2025-12-14 01:36:12,392 - INFO - num_full_subsets = 2
2025-12-14 01:36:12,439 - INFO - phi = [ 0.44193518  0.08737885 -0.10249267  0.50803363]
2025-12-14 01:36:12,477 - INFO - num_full_subsets = 2
2025-12-14 01:36:12,525 - INFO - phi = [ 0.13798966  0.22242014  0.21725816 -0.79587302]
2025-12-14 01:36:12,563 - INFO - num_full_subsets = 2
2025-12-14 01:36:12,610 - INFO - phi = [ 1.46945479  0.44333567 -0.07487836  0.27261138]
2025-12-14 01:36:12,649 - INFO - num_full_subsets = 2
2025-12-14 01:36:12,696 - INFO - phi = [ 1.98871674e-01  3.10320658e-01  3.75414493e-05 -3.19518482e-01]
2025-12-14 01:36:12,735 - INFO - num_full_subsets = 2
2025-12-14 01:36:12,782 - INFO - phi = [ 1.82767285  0.1684356  -0.69023535  0.39406337]
2025-12-14 01:36:12,821 - INFO - num_full_subsets = 2
2025-12-14 01:36:12,868 - INFO - phi = [1.31566773 0.4584354  0.07125636 0.34804258]
2025-12-14 01:36:12,906 - INFO - num_full_subsets = 2
2025-12-14 01:36:12,953 - INFO - phi = [-0.93952723 -0.57063633 -0.00692709 -0.34446853]
2025-12-14 01:36:12,992 - INFO - num_full_subsets = 2
2025-12-14 01:36:13,039 - INFO - phi = [2.00459809 0.27976861 0.16711367 0.38920215]
2025-12-14 01:36:13,078 - INFO - num_full_subsets = 2
2025-12-14 01:36:13,126 - INFO - phi = [-0.76678198  0.50374855 -0.02228041  0.19380664]
2025-12-14 01:36:13,165 - INFO - num_full_subsets = 2
2025-12-14 01:36:13,212 - INFO - phi = [-0.47338055 -0.66788944  0.38243764 -0.74187085]
2025-12-14 01:36:13,251 - INFO - num_full_subsets = 2
2025-12-14 01:36:13,297 - INFO - phi = [-0.30553568  0.62237776 -0.0460474   0.38626626]
2025-12-14 01:36:13,336 - INFO - num_full_subsets = 2
2025-12-14 01:36:13,383 - INFO - phi = [-1.57566132  0.18911069 -0.02791039  0.04165976]
2025-12-14 01:36:13,421 - INFO - num_full_subsets = 2
2025-12-14 01:36:13,468 - INFO - phi = [-0.8050159  -0.56896919 -0.25893243 -0.2651318 ]
2025-12-14 01:36:13,506 - INFO - num_full_subsets = 2
2025-12-14 01:36:13,553 - INFO - phi = [-0.85545999 -0.61069002  0.00666452 -0.49490211]
2025-12-14 01:36:13,591 - INFO - num_full_subsets = 2
2025-12-14 01:36:13,638 - INFO - phi = [-1.24995034 -0.62461389 -0.03648391  0.20045303]
2025-12-14 01:36:13,676 - INFO - num_full_subsets = 2
2025-12-14 01:36:13,723 - INFO - phi = [-1.5151799   0.02741888 -0.05143462  0.3535139 ]
2025-12-14 01:36:13,761 - INFO - num_full_subsets = 2
2025-12-14 01:36:13,808 - INFO - phi = [-1.64784343  0.65289786 -0.04770156  0.14266851]
2025-12-14 01:36:13,846 - INFO - num_full_subsets = 2
2025-12-14 01:36:13,893 - INFO - phi = [0.55675705 0.48609003 0.35474892 0.5718498 ]
2025-12-14 01:36:13,931 - INFO - num_full_subsets = 2
2025-12-14 01:36:13,978 - INFO - phi = [ 0.87823743  0.26974809 -0.02897148 -0.13514421]
2025-12-14 01:36:14,017 - INFO - num_full_subsets = 2
2025-12-14 01:36:14,064 - INFO - phi = [-0.89924831 -0.60343693 -0.21001999 -0.09320031]
2025-12-14 01:36:14,103 - INFO - num_full_subsets = 2
2025-12-14 01:36:14,150 - INFO - phi = [ 1.12299065 -0.02065558 -0.18333898 -0.48639876]
2025-12-14 01:36:14,189 - INFO - num_full_subsets = 2
2025-12-14 01:36:14,236 - INFO - phi = [ 0.39625209 -0.40518144 -0.91399841 -0.14575398]
2025-12-14 01:36:14,274 - INFO - num_full_subsets = 2
2025-12-14 01:36:14,322 - INFO - phi = [ 0.13635425 -0.58962546  0.35682513 -0.56639833]
2025-12-14 01:36:14,360 - INFO - num_full_subsets = 2
2025-12-14 01:36:14,408 - INFO - phi = [-0.51183834 -0.74449886 -0.00383918 -0.42042666]
2025-12-14 01:36:14,446 - INFO - num_full_subsets = 2
2025-12-14 01:36:14,494 - INFO - phi = [ 0.5153102   0.09837081 -0.17762299  0.50374576]
2025-12-14 01:36:14,532 - INFO - num_full_subsets = 2
2025-12-14 01:36:14,579 - INFO - phi = [-0.60880545  0.59573426 -0.10486336  0.23194526]
2025-12-14 01:36:14,617 - INFO - num_full_subsets = 2
2025-12-14 01:36:14,665 - INFO - phi = [-1.1041449  -0.15663432 -0.01891065  0.175146  ]
2025-12-14 01:36:14,704 - INFO - num_full_subsets = 2
2025-12-14 01:36:14,752 - INFO - phi = [ 0.59814946  0.05759254 -0.10165277  0.45202797]
2025-12-14 01:36:14,790 - INFO - num_full_subsets = 2
2025-12-14 01:36:14,837 - INFO - phi = [-0.82726247  0.25701144 -0.00890584  0.46592301]
2025-12-14 01:36:14,875 - INFO - num_full_subsets = 2
2025-12-14 01:36:14,921 - INFO - phi = [ 0.20858957  0.06259081 -0.02880482 -0.51647275]
2025-12-14 01:36:14,960 - INFO - num_full_subsets = 2
2025-12-14 01:36:15,007 - INFO - phi = [2.00243838 0.08158632 0.01858691 0.45284408]
2025-12-14 01:36:15,046 - INFO - num_full_subsets = 2
2025-12-14 01:36:15,095 - INFO - phi = [0.55255008 0.16082477 0.30310813 0.54850376]
2025-12-14 01:36:15,133 - INFO - num_full_subsets = 2
2025-12-14 01:36:15,180 - INFO - phi = [ 1.21581341  0.13585376 -0.13394541  0.30759326]
2025-12-14 01:36:15,219 - INFO - num_full_subsets = 2
2025-12-14 01:36:15,265 - INFO - phi = [ 1.73394667 -0.41420064 -0.05362616  0.44525643]
2025-12-14 01:36:15,303 - INFO - num_full_subsets = 2
2025-12-14 01:36:15,350 - INFO - phi = [-1.1038627  -0.54949233 -0.05686612 -0.2714101 ]
2025-12-14 01:36:15,389 - INFO - num_full_subsets = 2
2025-12-14 01:36:15,435 - INFO - phi = [ 0.51408085  0.02939685 -0.05055036  0.49166324]
2025-12-14 01:36:15,473 - INFO - num_full_subsets = 2
2025-12-14 01:36:15,521 - INFO - phi = [ 0.23620973  0.23395341 -0.2009165   0.02788984]
2025-12-14 01:36:15,559 - INFO - num_full_subsets = 2
2025-12-14 01:36:15,606 - INFO - phi = [ 0.93242679  0.46062251 -0.00838354  0.43526035]
2025-12-14 01:36:15,645 - INFO - num_full_subsets = 2
2025-12-14 01:36:15,692 - INFO - phi = [ 1.27592595 -0.06385164  0.04755698 -0.97191047]
2025-12-14 01:36:15,731 - INFO - num_full_subsets = 2
2025-12-14 01:36:15,778 - INFO - phi = [-0.72493783 -0.62366009 -0.0091036   0.50492876]
2025-12-14 01:36:15,816 - INFO - num_full_subsets = 2
2025-12-14 01:36:15,862 - INFO - phi = [-0.36092224 -0.60308675 -0.01646066 -0.58821914]
2025-12-14 01:36:15,901 - INFO - num_full_subsets = 2
2025-12-14 01:36:15,948 - INFO - phi = [-0.90437689 -0.65918122  0.03196405 -0.31003223]
2025-12-14 01:36:15,986 - INFO - num_full_subsets = 2
2025-12-14 01:36:16,033 - INFO - phi = [-0.97263849 -0.61675656  0.01418837 -0.2833158 ]
2025-12-14 01:36:16,072 - INFO - num_full_subsets = 2
2025-12-14 01:36:16,119 - INFO - phi = [1.44797516 0.14374279 0.08461824 0.32617607]
2025-12-14 01:36:16,157 - INFO - num_full_subsets = 2
2025-12-14 01:36:16,203 - INFO - phi = [ 0.45854168  0.06263854  0.14997591 -0.22519016]
2025-12-14 01:36:16,242 - INFO - num_full_subsets = 2
2025-12-14 01:36:16,288 - INFO - phi = [-0.48254585 -0.75125688  0.10208474 -0.51281507]
2025-12-14 01:36:16,326 - INFO - num_full_subsets = 2
2025-12-14 01:36:16,373 - INFO - phi = [1.70003112 0.58362152 0.25180857 0.31824096]
2025-12-14 01:36:16,411 - INFO - num_full_subsets = 2
2025-12-14 01:36:16,458 - INFO - phi = [0.46702344 0.32391174 0.14649326 0.35355946]
2025-12-14 01:36:16,496 - INFO - num_full_subsets = 2
2025-12-14 01:36:16,543 - INFO - phi = [-0.91862561 -0.63362998 -0.04644947 -0.26492098]
2025-12-14 01:36:16,581 - INFO - num_full_subsets = 2
2025-12-14 01:36:16,628 - INFO - phi = [1.95035761 0.62442921 0.06196665 0.53032482]
2025-12-14 01:36:16,666 - INFO - num_full_subsets = 2
2025-12-14 01:36:16,712 - INFO - phi = [ 0.27776055 -0.01362292  0.20949908 -0.58250511]
2025-12-14 01:36:16,751 - INFO - num_full_subsets = 2
2025-12-14 01:36:16,798 - INFO - phi = [1.72652293 0.10052706 0.07158342 0.47454123]
2025-12-14 01:36:16,836 - INFO - num_full_subsets = 2
2025-12-14 01:36:16,883 - INFO - phi = [ 0.22057124  0.47735716  0.00400326 -0.49938579]
2025-12-14 01:36:16,921 - INFO - num_full_subsets = 2
2025-12-14 01:36:16,968 - INFO - phi = [-1.00514665  0.46743652 -0.13133983  0.19516208]
2025-12-14 01:36:17,007 - INFO - num_full_subsets = 2
2025-12-14 01:36:17,054 - INFO - phi = [-1.02359727 -0.34685103 -0.00814567  0.52149371]
2025-12-14 01:36:17,093 - INFO - num_full_subsets = 2
2025-12-14 01:36:17,141 - INFO - phi = [ 0.2216896   0.62489758  0.15370322 -0.52531287]
2025-12-14 01:36:17,179 - INFO - num_full_subsets = 2
2025-12-14 01:36:17,227 - INFO - phi = [ 0.18875443  0.45076783  0.12584619 -0.85726782]
2025-12-14 01:36:17,266 - INFO - num_full_subsets = 2
2025-12-14 01:36:17,313 - INFO - phi = [-1.33454066  0.2460313   0.01105168 -0.25356943]
2025-12-14 01:36:17,351 - INFO - num_full_subsets = 2
2025-12-14 01:36:17,398 - INFO - phi = [ 0.96838241 -0.64865866  0.03570506 -0.9600299 ]
2025-12-14 01:36:17,436 - INFO - num_full_subsets = 2
2025-12-14 01:36:17,483 - INFO - phi = [-1.63386219  0.15259336 -0.0930586  -0.02078985]
2025-12-14 01:36:17,521 - INFO - num_full_subsets = 2
2025-12-14 01:36:17,568 - INFO - phi = [-1.01570677 -0.66133247 -0.00239759  0.31553937]
2025-12-14 01:36:17,606 - INFO - num_full_subsets = 2
2025-12-14 01:36:17,653 - INFO - phi = [-1.08710269 -0.57771759 -0.01340259 -0.32131261]
2025-12-14 01:36:17,691 - INFO - num_full_subsets = 2
2025-12-14 01:36:17,738 - INFO - phi = [-0.41280027  1.37466348  0.18021956  0.27407302]
2025-12-14 01:36:17,776 - INFO - num_full_subsets = 2
2025-12-14 01:36:17,823 - INFO - phi = [0.73793019 0.15545004 0.22116681 0.37478452]
2025-12-14 01:36:17,861 - INFO - num_full_subsets = 2
2025-12-14 01:36:17,908 - INFO - phi = [-1.2680389   0.43681163  0.00207214  0.05770637]
2025-12-14 01:36:17,946 - INFO - num_full_subsets = 2
2025-12-14 01:36:17,993 - INFO - phi = [-1.36248261 -0.45049273 -0.01783496 -0.14462164]
2025-12-14 01:36:18,031 - INFO - num_full_subsets = 2
2025-12-14 01:36:18,078 - INFO - phi = [ 0.28005041  0.27922752 -0.01914326 -0.51490206]
2025-12-14 01:36:18,117 - INFO - num_full_subsets = 2
2025-12-14 01:36:18,163 - INFO - phi = [-1.13586424 -0.59271055 -0.03402814  0.21862247]
2025-12-14 01:36:18,202 - INFO - num_full_subsets = 2
2025-12-14 01:36:18,249 - INFO - phi = [ 0.16892391  0.49480562 -0.05852824 -0.40656201]
2025-12-14 01:36:18,288 - INFO - num_full_subsets = 2
2025-12-14 01:36:18,334 - INFO - phi = [-1.1709138  -0.55366186 -0.01389713 -0.20570777]
2025-12-14 01:36:18,373 - INFO - num_full_subsets = 2
2025-12-14 01:36:18,419 - INFO - phi = [-0.39115194 -0.18229235  0.45884738 -0.25117872]
2025-12-14 01:36:18,458 - INFO - num_full_subsets = 2
2025-12-14 01:36:18,505 - INFO - phi = [-0.53647392  0.45399431 -0.1504415   0.24858803]
2025-12-14 01:36:18,544 - INFO - num_full_subsets = 2
2025-12-14 01:36:18,591 - INFO - phi = [0.9430173  0.01549909 0.01190102 0.35667659]
2025-12-14 01:36:18,629 - INFO - num_full_subsets = 2
2025-12-14 01:36:18,676 - INFO - phi = [-1.47410606  0.40902968 -0.22627087  0.01363732]
2025-12-14 01:36:18,715 - INFO - num_full_subsets = 2
2025-12-14 01:36:18,761 - INFO - phi = [-0.97551029  0.70782049  0.05750355  0.26481185]
2025-12-14 01:36:18,800 - INFO - num_full_subsets = 2
2025-12-14 01:36:18,847 - INFO - phi = [-0.9379347  -0.20375628 -0.04996298 -0.21439816]
2025-12-14 01:36:18,885 - INFO - num_full_subsets = 2
2025-12-14 01:36:18,933 - INFO - phi = [-1.73566199  0.35528523 -0.04871037  0.25096143]
2025-12-14 01:36:18,972 - INFO - num_full_subsets = 2
2025-12-14 01:36:19,019 - INFO - phi = [-1.72338456 -0.01220453 -0.04457     0.08276382]
2025-12-14 01:36:19,058 - INFO - num_full_subsets = 2
2025-12-14 01:36:19,105 - INFO - phi = [ 0.95394638 -0.64936291 -0.01295386  0.39412384]
2025-12-14 01:36:19,144 - INFO - num_full_subsets = 2
2025-12-14 01:36:19,191 - INFO - phi = [ 0.23274227  0.28861429  0.07844853 -0.32407484]
2025-12-14 01:36:19,229 - INFO - num_full_subsets = 2
2025-12-14 01:36:19,276 - INFO - phi = [ 1.1960663  -0.00382705 -0.08703181  0.4568029 ]
2025-12-14 01:36:19,314 - INFO - num_full_subsets = 2
2025-12-14 01:36:19,361 - INFO - phi = [-0.75095476  0.44872539 -0.02439874 -0.2707558 ]
2025-12-14 01:36:19,400 - INFO - num_full_subsets = 2
2025-12-14 01:36:19,447 - INFO - phi = [-0.06404023  0.3210982   0.03323552  0.1441823 ]
2025-12-14 01:36:19,486 - INFO - num_full_subsets = 2
2025-12-14 01:36:19,533 - INFO - phi = [0.99860633 0.30272954 0.10231883 0.25627968]
2025-12-14 01:36:19,571 - INFO - num_full_subsets = 2
2025-12-14 01:36:19,618 - INFO - phi = [-0.68179257 -0.6713082  -0.06557713  0.13361755]
2025-12-14 01:36:19,656 - INFO - num_full_subsets = 2
2025-12-14 01:36:19,703 - INFO - phi = [0.73376732 0.59383057 0.05741524 0.42028723]
2025-12-14 01:36:19,741 - INFO - num_full_subsets = 2
2025-12-14 01:36:19,788 - INFO - phi = [-1.23077852 -0.53578393  0.02013864 -0.2762602 ]
2025-12-14 01:36:19,827 - INFO - num_full_subsets = 2
2025-12-14 01:36:19,873 - INFO - phi = [-1.56637593 -0.44109137 -0.03079963  0.05609103]
2025-12-14 01:36:19,912 - INFO - num_full_subsets = 2
2025-12-14 01:36:19,959 - INFO - phi = [1.87780541 0.18104773 0.08802404 0.50750465]
2025-12-14 01:36:19,998 - INFO - num_full_subsets = 2
2025-12-14 01:36:20,044 - INFO - phi = [-0.92972893 -0.53789727 -0.15750029 -0.26304047]
2025-12-14 01:36:20,083 - INFO - num_full_subsets = 2
2025-12-14 01:36:20,130 - INFO - phi = [-1.02241143  0.06201574  0.00311665  0.32900607]
2025-12-14 01:36:20,169 - INFO - num_full_subsets = 2
2025-12-14 01:36:20,216 - INFO - phi = [ 0.14473719  0.47374227  0.09017959 -0.76692268]
2025-12-14 01:36:20,254 - INFO - num_full_subsets = 2
2025-12-14 01:36:20,301 - INFO - phi = [-1.44812836  0.47953505 -0.16976732  0.07693051]
2025-12-14 01:36:20,340 - INFO - num_full_subsets = 2
2025-12-14 01:36:20,387 - INFO - phi = [-0.97389901 -0.60541554 -0.05977818 -0.31450751]
2025-12-14 01:36:20,426 - INFO - num_full_subsets = 2
2025-12-14 01:36:20,473 - INFO - phi = [-0.22019443 -0.62329942  0.0988007  -0.13156903]
2025-12-14 01:36:20,512 - INFO - num_full_subsets = 2
2025-12-14 01:36:20,559 - INFO - phi = [-1.17181839 -0.47513833 -0.01326793 -0.45042244]
2025-12-14 01:36:20,598 - INFO - num_full_subsets = 2
2025-12-14 01:36:20,645 - INFO - phi = [ 0.19207921  0.30195929  0.03513121 -0.50327077]
2025-12-14 01:36:21,153 - INFO - Computing feature importance...
2025-12-14 01:36:26,718 - INFO - Experiment completed for NGBoost
2025-12-14 01:36:26,718 - INFO - Total time: 274.94s (4.58 min)
2025-12-14 01:36:26,719 - INFO - Starting comprehensive experiment for NGBoost
2025-12-14 01:36:34,415 - INFO - Performing feature analysis...
2025-12-14 01:36:35,605 - INFO - Model justification: Probabilistic forecasting with natural gradient boosting, provides uncertainty quantification
2025-12-14 01:36:35,605 - INFO - Performing robust cross-validation...
2025-12-14 01:37:14,183 - INFO - CV Results - MSE: 0.8621 ± 0.1506
2025-12-14 01:37:14,183 - INFO - Starting hyperparameter optimization...
2025-12-14 01:40:10,392 - INFO - Best parameters for NGBoost: {'n_estimators': 107, 'learning_rate': 0.04002759496070801, 'minibatch_frac': 0.2403220113493302, 'natural_gradient': True}
2025-12-14 01:40:10,392 - INFO - ⏱️ HPO took 176.21 seconds
2025-12-14 01:40:10,392 - INFO - Training final model...
2025-12-14 01:40:10,878 - INFO - ⏱️ Training took 0.49 seconds
2025-12-14 01:40:10,879 - INFO - Performing residual analysis...
2025-12-14 01:40:11,902 - INFO - Generating XAI explanations...
2025-12-14 01:40:11,918 - WARNING - Using 168 background data samples could cause slower run times. Consider using shap.sample(data, K) or shap.kmeans(data, K) to summarize the background as K samples.
2025-12-14 01:40:11,948 - INFO - num_full_subsets = 2
2025-12-14 01:40:11,977 - INFO - phi = [1.86117203 0.14029076 0.17385486 0.56405945]
2025-12-14 01:40:12,007 - INFO - num_full_subsets = 2
2025-12-14 01:40:12,037 - INFO - phi = [ 0.28258015 -0.27223895  0.02901451 -0.54163352]
2025-12-14 01:40:12,066 - INFO - num_full_subsets = 2
2025-12-14 01:40:12,094 - INFO - phi = [-1.25632665  0.27564331 -0.19926656  0.35500904]
2025-12-14 01:40:12,123 - INFO - num_full_subsets = 2
2025-12-14 01:40:12,152 - INFO - phi = [-1.01472413 -0.41225804 -0.09781313  0.03210741]
2025-12-14 01:40:12,181 - INFO - num_full_subsets = 2
2025-12-14 01:40:12,210 - INFO - phi = [-0.87044283 -0.58584277 -0.20626321 -0.13008668]
2025-12-14 01:40:12,239 - INFO - num_full_subsets = 2
2025-12-14 01:40:12,268 - INFO - phi = [1.86173851 0.6326913  0.04008301 0.33241004]
2025-12-14 01:40:12,296 - INFO - num_full_subsets = 2
2025-12-14 01:40:12,325 - INFO - phi = [ 0.31123063  0.07243765  0.12655551 -0.19438937]
2025-12-14 01:40:12,354 - INFO - num_full_subsets = 2
2025-12-14 01:40:12,383 - INFO - phi = [0.98100763 0.88619125 0.11398681 0.44672905]
2025-12-14 01:40:12,412 - INFO - num_full_subsets = 2
2025-12-14 01:40:12,441 - INFO - phi = [-1.10636933  0.37599993  0.03250197 -0.21649431]
2025-12-14 01:40:12,469 - INFO - num_full_subsets = 2
2025-12-14 01:40:12,498 - INFO - phi = [1.72756339 0.46486657 0.17619616 0.39682346]
2025-12-14 01:40:12,526 - INFO - num_full_subsets = 2
2025-12-14 01:40:12,555 - INFO - phi = [ 0.17799423  0.4578345  -0.15310814 -0.26080391]
2025-12-14 01:40:12,583 - INFO - num_full_subsets = 2
2025-12-14 01:40:12,612 - INFO - phi = [ 1.88199083  0.45774297 -0.13679889  0.34850587]
2025-12-14 01:40:12,640 - INFO - num_full_subsets = 2
2025-12-14 01:40:12,669 - INFO - phi = [1.1470732  0.17431402 0.20644339 0.02714442]
2025-12-14 01:40:12,697 - INFO - num_full_subsets = 2
2025-12-14 01:40:12,726 - INFO - phi = [-0.58004469 -0.84080751 -0.10615468  0.12943105]
2025-12-14 01:40:12,755 - INFO - num_full_subsets = 2
2025-12-14 01:40:12,784 - INFO - phi = [-0.91624786 -0.36714057  0.06564894 -0.24886164]
2025-12-14 01:40:12,813 - INFO - num_full_subsets = 2
2025-12-14 01:40:12,841 - INFO - phi = [-1.40155381 -0.50492969 -0.03094725  0.15178324]
2025-12-14 01:40:12,871 - INFO - num_full_subsets = 2
2025-12-14 01:40:12,899 - INFO - phi = [-0.92198729  0.66783263  0.16431816  0.27478999]
2025-12-14 01:40:12,928 - INFO - num_full_subsets = 2
2025-12-14 01:40:12,957 - INFO - phi = [-1.12360724 -0.43467099 -0.00184666 -0.2779101 ]
2025-12-14 01:40:12,986 - INFO - num_full_subsets = 2
2025-12-14 01:40:13,015 - INFO - phi = [0.75399562 0.22767134 0.02014143 0.34479781]
2025-12-14 01:40:13,043 - INFO - num_full_subsets = 2
2025-12-14 01:40:13,072 - INFO - phi = [ 1.45591801  0.40427574 -0.04075388 -0.18049887]
2025-12-14 01:40:13,101 - INFO - num_full_subsets = 2
2025-12-14 01:40:13,129 - INFO - phi = [ 0.10707317  0.22692795  0.20314231 -0.56847905]
2025-12-14 01:40:13,158 - INFO - num_full_subsets = 2
2025-12-14 01:40:13,187 - INFO - phi = [ 0.61768791 -0.32833747  0.46263763  0.47241714]
2025-12-14 01:40:13,215 - INFO - num_full_subsets = 2
2025-12-14 01:40:13,244 - INFO - phi = [-0.69631552 -0.88276915 -0.00446644  0.32299219]
2025-12-14 01:40:13,272 - INFO - num_full_subsets = 2
2025-12-14 01:40:13,301 - INFO - phi = [ 0.27336202  0.24253605  0.017635   -0.44039874]
2025-12-14 01:40:13,330 - INFO - num_full_subsets = 2
2025-12-14 01:40:13,358 - INFO - phi = [0.33814872 0.15970102 0.0560702  0.26583482]
2025-12-14 01:40:13,387 - INFO - num_full_subsets = 2
2025-12-14 01:40:13,416 - INFO - phi = [-1.01494611 -0.54230985 -0.9159466  -0.16554979]
2025-12-14 01:40:13,444 - INFO - num_full_subsets = 2
2025-12-14 01:40:13,473 - INFO - phi = [ 1.84576962 -0.08146807 -0.0555283   0.46177192]
2025-12-14 01:40:13,501 - INFO - num_full_subsets = 2
2025-12-14 01:40:13,530 - INFO - phi = [-1.33777108 -0.15264199  0.07755538 -0.18923261]
2025-12-14 01:40:13,558 - INFO - num_full_subsets = 2
2025-12-14 01:40:13,587 - INFO - phi = [1.13144606 0.54951117 0.05972703 0.4150208 ]
2025-12-14 01:40:13,616 - INFO - num_full_subsets = 2
2025-12-14 01:40:13,644 - INFO - phi = [-1.39263097 -0.19911738 -0.03383172 -0.24444174]
2025-12-14 01:40:13,673 - INFO - num_full_subsets = 2
2025-12-14 01:40:13,702 - INFO - phi = [ 0.2461057   0.90466366  0.14559415 -0.23515767]
2025-12-14 01:40:13,730 - INFO - num_full_subsets = 2
2025-12-14 01:40:13,759 - INFO - phi = [-0.89911068 -0.19069148 -0.73487175  0.71325426]
2025-12-14 01:40:13,787 - INFO - num_full_subsets = 2
2025-12-14 01:40:13,816 - INFO - phi = [-0.69523501 -0.79132682 -0.04098837 -0.28969551]
2025-12-14 01:40:13,845 - INFO - num_full_subsets = 2
2025-12-14 01:40:13,873 - INFO - phi = [-0.92214657 -0.65111471 -0.02596124 -0.1528693 ]
2025-12-14 01:40:13,902 - INFO - num_full_subsets = 2
2025-12-14 01:40:13,930 - INFO - phi = [-0.69096682 -0.67483331 -0.06908927 -0.31790968]
2025-12-14 01:40:13,959 - INFO - num_full_subsets = 2
2025-12-14 01:40:13,988 - INFO - phi = [-0.8473273  -0.58980856 -0.04749383 -0.28147518]
2025-12-14 01:40:14,017 - INFO - num_full_subsets = 2
2025-12-14 01:40:14,046 - INFO - phi = [ 0.22863269  0.2603293   0.07482642 -0.13803036]
2025-12-14 01:40:14,074 - INFO - num_full_subsets = 2
2025-12-14 01:40:14,103 - INFO - phi = [ 0.72516953  0.30886262 -0.17040102  0.24739856]
2025-12-14 01:40:14,132 - INFO - num_full_subsets = 2
2025-12-14 01:40:14,161 - INFO - phi = [ 0.41573663  0.33924832 -1.28682553  0.2310103 ]
2025-12-14 01:40:14,190 - INFO - num_full_subsets = 2
2025-12-14 01:40:14,218 - INFO - phi = [ 1.68413448 -0.06587858  0.07816078  0.51374506]
2025-12-14 01:40:14,247 - INFO - num_full_subsets = 2
2025-12-14 01:40:14,276 - INFO - phi = [ 0.28979037  0.03751331  0.02051136 -0.55167141]
2025-12-14 01:40:14,304 - INFO - num_full_subsets = 2
2025-12-14 01:40:14,333 - INFO - phi = [-0.59134054  0.44343514  0.21125869  0.34928917]
2025-12-14 01:40:14,362 - INFO - num_full_subsets = 2
2025-12-14 01:40:14,391 - INFO - phi = [1.5907229  0.8743529  0.17542709 0.73170976]
2025-12-14 01:40:14,419 - INFO - num_full_subsets = 2
2025-12-14 01:40:14,448 - INFO - phi = [-1.05548764 -0.58800096 -0.00263236 -0.83902647]
2025-12-14 01:40:14,476 - INFO - num_full_subsets = 2
2025-12-14 01:40:14,505 - INFO - phi = [-1.25969333 -0.51348996 -0.03138741 -0.1375934 ]
2025-12-14 01:40:14,533 - INFO - num_full_subsets = 2
2025-12-14 01:40:14,562 - INFO - phi = [1.25904635 0.30841154 0.05773013 0.57506411]
2025-12-14 01:40:14,590 - INFO - num_full_subsets = 2
2025-12-14 01:40:14,620 - INFO - phi = [ 0.68094476 -0.96231315  0.10285084 -0.64046436]
2025-12-14 01:40:14,649 - INFO - num_full_subsets = 2
2025-12-14 01:40:14,678 - INFO - phi = [1.1209367  0.64286809 0.06115694 0.592125  ]
2025-12-14 01:40:14,707 - INFO - num_full_subsets = 2
2025-12-14 01:40:14,736 - INFO - phi = [-1.02706777 -0.62600976 -0.06487187  0.14961295]
2025-12-14 01:40:14,765 - INFO - num_full_subsets = 2
2025-12-14 01:40:14,794 - INFO - phi = [-0.92358773 -0.4241901  -0.0739225  -0.10841002]
2025-12-14 01:40:14,823 - INFO - num_full_subsets = 2
2025-12-14 01:40:14,852 - INFO - phi = [-0.5033831  -0.85840255 -0.03449258  0.21484192]
2025-12-14 01:40:14,880 - INFO - num_full_subsets = 2
2025-12-14 01:40:14,909 - INFO - phi = [-1.07195743 -0.72012882  0.25936529  0.47614846]
2025-12-14 01:40:14,937 - INFO - num_full_subsets = 2
2025-12-14 01:40:14,966 - INFO - phi = [ 0.23487581  0.40457034  0.02942747 -0.54514931]
2025-12-14 01:40:14,995 - INFO - num_full_subsets = 2
2025-12-14 01:40:15,024 - INFO - phi = [-0.7030729  -0.60588992  0.02504932 -0.83036368]
2025-12-14 01:40:15,053 - INFO - num_full_subsets = 2
2025-12-14 01:40:15,082 - INFO - phi = [-0.8910171  -0.54018431  0.02184894 -0.11197203]
2025-12-14 01:40:15,111 - INFO - num_full_subsets = 2
2025-12-14 01:40:15,140 - INFO - phi = [-1.32313797 -0.51049027 -0.06532835 -0.13457347]
2025-12-14 01:40:15,169 - INFO - num_full_subsets = 2
2025-12-14 01:40:15,198 - INFO - phi = [-1.00797486  0.41848332 -0.10186854  0.24513367]
2025-12-14 01:40:15,227 - INFO - num_full_subsets = 2
2025-12-14 01:40:15,256 - INFO - phi = [ 0.23105741  0.38427193  0.12349573 -0.46333744]
2025-12-14 01:40:15,284 - INFO - num_full_subsets = 2
2025-12-14 01:40:15,313 - INFO - phi = [-1.32394477 -0.44213847 -0.04063853 -0.02828358]
2025-12-14 01:40:15,342 - INFO - num_full_subsets = 2
2025-12-14 01:40:15,370 - INFO - phi = [ 0.28436861  0.30689278 -0.16328862 -0.28292271]
2025-12-14 01:40:15,399 - INFO - num_full_subsets = 2
2025-12-14 01:40:15,428 - INFO - phi = [-1.09327062 -0.54391393 -0.07896875 -0.29628229]
2025-12-14 01:40:15,456 - INFO - num_full_subsets = 2
2025-12-14 01:40:15,485 - INFO - phi = [-0.79453989  0.47354384  0.02513581 -0.16185892]
2025-12-14 01:40:15,513 - INFO - num_full_subsets = 2
2025-12-14 01:40:15,542 - INFO - phi = [2.08049338 0.8144762  0.09056311 0.52215347]
2025-12-14 01:40:15,570 - INFO - num_full_subsets = 2
2025-12-14 01:40:15,599 - INFO - phi = [ 1.01345256  0.3652231   0.83217069 -1.39738278]
2025-12-14 01:40:15,628 - INFO - num_full_subsets = 2
2025-12-14 01:40:15,657 - INFO - phi = [ 1.79709787  0.71914188  0.00376841 -0.18078944]
2025-12-14 01:40:15,685 - INFO - num_full_subsets = 2
2025-12-14 01:40:15,714 - INFO - phi = [-0.88701671 -0.38107033 -0.40987041  0.16620434]
2025-12-14 01:40:15,742 - INFO - num_full_subsets = 2
2025-12-14 01:40:15,771 - INFO - phi = [-1.60947367 -0.09086683 -0.03479769  0.14950358]
2025-12-14 01:40:15,799 - INFO - num_full_subsets = 2
2025-12-14 01:40:15,827 - INFO - phi = [-0.73252707 -0.72219359 -0.05241238 -0.31756299]
2025-12-14 01:40:15,856 - INFO - num_full_subsets = 2
2025-12-14 01:40:15,885 - INFO - phi = [-0.61297336 -0.77206626 -0.03344224 -0.41284552]
2025-12-14 01:40:15,913 - INFO - num_full_subsets = 2
2025-12-14 01:40:15,942 - INFO - phi = [ 0.48195799 -0.11353466 -0.1928197   0.39077615]
2025-12-14 01:40:15,970 - INFO - num_full_subsets = 2
2025-12-14 01:40:15,999 - INFO - phi = [-1.06691434 -0.34543611 -0.04792073  0.15121002]
2025-12-14 01:40:16,028 - INFO - num_full_subsets = 2
2025-12-14 01:40:16,057 - INFO - phi = [-0.84282382 -0.69564744 -0.04216626 -0.10901849]
2025-12-14 01:40:16,086 - INFO - num_full_subsets = 2
2025-12-14 01:40:16,115 - INFO - phi = [ 0.48195799 -0.11353466 -0.1928197   0.39077615]
2025-12-14 01:40:16,144 - INFO - num_full_subsets = 2
2025-12-14 01:40:16,173 - INFO - phi = [ 0.27409245 -0.13048828 -0.08206893 -0.55988449]
2025-12-14 01:40:16,202 - INFO - num_full_subsets = 2
2025-12-14 01:40:16,230 - INFO - phi = [-0.85274552  0.33519063 -0.08052714  0.39769227]
2025-12-14 01:40:16,259 - INFO - num_full_subsets = 2
2025-12-14 01:40:16,288 - INFO - phi = [-1.06064341 -0.60698527 -0.69746914  0.05356884]
2025-12-14 01:40:16,316 - INFO - num_full_subsets = 2
2025-12-14 01:40:16,345 - INFO - phi = [-0.2399663  -0.86679575 -0.021338    0.23764405]
2025-12-14 01:40:16,374 - INFO - num_full_subsets = 2
2025-12-14 01:40:16,402 - INFO - phi = [-1.23946165 -0.20983228 -0.01943241 -0.35133823]
2025-12-14 01:40:16,431 - INFO - num_full_subsets = 2
2025-12-14 01:40:16,460 - INFO - phi = [-0.80728399 -0.56787587 -0.34836434 -0.24166253]
2025-12-14 01:40:16,488 - INFO - num_full_subsets = 2
2025-12-14 01:40:16,517 - INFO - phi = [-0.81378548  0.63440059  0.02867604 -0.09583021]
2025-12-14 01:40:16,545 - INFO - num_full_subsets = 2
2025-12-14 01:40:16,574 - INFO - phi = [-1.32313797 -0.51049027 -0.06532835 -0.13457347]
2025-12-14 01:40:16,602 - INFO - num_full_subsets = 2
2025-12-14 01:40:16,631 - INFO - phi = [-1.1265518  -0.54032085 -0.00433283 -0.18777803]
2025-12-14 01:40:16,660 - INFO - num_full_subsets = 2
2025-12-14 01:40:16,689 - INFO - phi = [-1.05774841 -0.5140839  -0.07415867 -0.23232961]
2025-12-14 01:40:16,717 - INFO - num_full_subsets = 2
2025-12-14 01:40:16,746 - INFO - phi = [-1.07139876 -0.61782543 -0.00362733 -0.16025604]
2025-12-14 01:40:16,775 - INFO - num_full_subsets = 2
2025-12-14 01:40:16,803 - INFO - phi = [ 0.20029409  0.41758193  0.06162474 -0.66421556]
2025-12-14 01:40:16,832 - INFO - num_full_subsets = 2
2025-12-14 01:40:16,861 - INFO - phi = [0.11296176 1.91799619 0.21220013 0.32863502]
2025-12-14 01:40:16,889 - INFO - num_full_subsets = 2
2025-12-14 01:40:16,918 - INFO - phi = [ 1.0772404   0.53237286 -0.09529111  0.3949859 ]
2025-12-14 01:40:16,946 - INFO - num_full_subsets = 2
2025-12-14 01:40:16,975 - INFO - phi = [ 1.60500542 -0.00722943  0.00479094 -0.39752614]
2025-12-14 01:40:17,003 - INFO - num_full_subsets = 2
2025-12-14 01:40:17,032 - INFO - phi = [-0.87571528  0.33377787 -0.48392643  0.16409986]
2025-12-14 01:40:17,061 - INFO - num_full_subsets = 2
2025-12-14 01:40:17,090 - INFO - phi = [-1.2112765  -0.71432083 -0.06385442  0.14003299]
2025-12-14 01:40:17,119 - INFO - num_full_subsets = 2
2025-12-14 01:40:17,148 - INFO - phi = [ 1.79806939  0.6004647   0.09705876 -0.05958162]
2025-12-14 01:40:17,177 - INFO - num_full_subsets = 2
2025-12-14 01:40:17,206 - INFO - phi = [ 1.18858457  0.49037597 -0.07012446  0.34624229]
2025-12-14 01:40:17,236 - INFO - num_full_subsets = 2
2025-12-14 01:40:17,264 - INFO - phi = [-1.06361032 -0.61071212  0.09513786 -0.11002109]
2025-12-14 01:40:17,293 - INFO - num_full_subsets = 2
2025-12-14 01:40:17,322 - INFO - phi = [-0.27831233 -0.94584434  0.00100436 -0.27291042]
2025-12-14 01:40:17,351 - INFO - num_full_subsets = 2
2025-12-14 01:40:17,380 - INFO - phi = [-1.022396   -0.63958066 -0.048873   -0.25008218]
2025-12-14 01:40:17,409 - INFO - num_full_subsets = 2
2025-12-14 01:40:17,438 - INFO - phi = [-1.08770109 -0.48054903  0.02322136 -0.22262576]
2025-12-14 01:40:17,467 - INFO - num_full_subsets = 2
2025-12-14 01:40:17,496 - INFO - phi = [ 0.14299543  0.29618915  0.03307481 -0.46378722]
2025-12-14 01:40:17,524 - INFO - num_full_subsets = 2
2025-12-14 01:40:17,553 - INFO - phi = [-0.27200919  1.23099382  0.15996751  0.26925243]
2025-12-14 01:40:17,581 - INFO - num_full_subsets = 2
2025-12-14 01:40:17,609 - INFO - phi = [ 1.31976346  0.11252337 -0.02038208  0.19842872]
2025-12-14 01:40:17,638 - INFO - num_full_subsets = 2
2025-12-14 01:40:17,666 - INFO - phi = [ 1.49909208  0.38945521 -0.10921142  0.29285925]
2025-12-14 01:40:17,695 - INFO - num_full_subsets = 2
2025-12-14 01:40:17,724 - INFO - phi = [ 0.40580941 -0.09072969  0.27465682 -0.47917316]
2025-12-14 01:40:17,753 - INFO - num_full_subsets = 2
2025-12-14 01:40:17,782 - INFO - phi = [ 0.08799439  0.38786866 -0.39314921 -0.42154225]
2025-12-14 01:40:17,811 - INFO - num_full_subsets = 2
2025-12-14 01:40:17,840 - INFO - phi = [ 0.17048934  0.44145048  0.26432316 -0.52818198]
2025-12-14 01:40:17,869 - INFO - num_full_subsets = 2
2025-12-14 01:40:17,897 - INFO - phi = [-0.68879726 -0.80389962 -0.02319268 -0.36005936]
2025-12-14 01:40:17,926 - INFO - num_full_subsets = 2
2025-12-14 01:40:17,955 - INFO - phi = [ 0.31702594  0.01438874  0.25310816 -0.60031351]
2025-12-14 01:40:17,983 - INFO - num_full_subsets = 2
2025-12-14 01:40:18,012 - INFO - phi = [ 1.91016388  0.42463788 -0.58804299  0.39537469]
2025-12-14 01:40:18,042 - INFO - num_full_subsets = 2
2025-12-14 01:40:18,070 - INFO - phi = [ 0.2319529   0.42598884 -0.12168609 -0.26379662]
2025-12-14 01:40:18,099 - INFO - num_full_subsets = 2
2025-12-14 01:40:18,128 - INFO - phi = [1.63954224 0.92971823 0.0627538  0.60395908]
2025-12-14 01:40:18,157 - INFO - num_full_subsets = 2
2025-12-14 01:40:18,186 - INFO - phi = [ 0.86448021  0.18498773 -0.05494392  0.59073401]
2025-12-14 01:40:18,215 - INFO - num_full_subsets = 2
2025-12-14 01:40:18,244 - INFO - phi = [0.29249344 0.3007522  0.44482915 0.46380637]
2025-12-14 01:40:18,272 - INFO - num_full_subsets = 2
2025-12-14 01:40:18,301 - INFO - phi = [ 0.2311898   0.40202899  0.12133621 -0.39334442]
2025-12-14 01:40:18,330 - INFO - num_full_subsets = 2
2025-12-14 01:40:18,360 - INFO - phi = [ 1.17936833 -0.03278636 -0.07842385  0.65932071]
2025-12-14 01:40:18,389 - INFO - num_full_subsets = 2
2025-12-14 01:40:18,417 - INFO - phi = [-0.86573341 -0.78960208  0.03670706 -0.15454649]
2025-12-14 01:40:18,446 - INFO - num_full_subsets = 2
2025-12-14 01:40:18,475 - INFO - phi = [0.36279126 0.36446918 0.4255495  0.51767915]
2025-12-14 01:40:18,504 - INFO - num_full_subsets = 2
2025-12-14 01:40:18,533 - INFO - phi = [ 1.61750179  0.79565271  0.04338842 -0.20251604]
2025-12-14 01:40:18,562 - INFO - num_full_subsets = 2
2025-12-14 01:40:18,590 - INFO - phi = [ 0.47926856  0.08260871 -0.19756701  0.45789811]
2025-12-14 01:40:18,619 - INFO - num_full_subsets = 2
2025-12-14 01:40:18,648 - INFO - phi = [ 0.26035062  0.38552338  0.01395029 -0.57934459]
2025-12-14 01:40:18,676 - INFO - num_full_subsets = 2
2025-12-14 01:40:18,705 - INFO - phi = [-0.33614685 -0.84872355 -0.01374799  0.23327525]
2025-12-14 01:40:18,734 - INFO - num_full_subsets = 2
2025-12-14 01:40:18,763 - INFO - phi = [-0.97967697  0.34080035 -0.05762327  0.00661125]
2025-12-14 01:40:18,791 - INFO - num_full_subsets = 2
2025-12-14 01:40:18,820 - INFO - phi = [1.91660328 0.57433043 0.01479335 0.37707573]
2025-12-14 01:40:18,848 - INFO - num_full_subsets = 2
2025-12-14 01:40:18,877 - INFO - phi = [ 1.80781652 -0.45539841 -0.10033101  0.41286467]
2025-12-14 01:40:18,905 - INFO - num_full_subsets = 2
2025-12-14 01:40:18,934 - INFO - phi = [ 0.31184382  0.34479184 -0.06890601 -0.11675931]
2025-12-14 01:40:18,963 - INFO - num_full_subsets = 2
2025-12-14 01:40:18,992 - INFO - phi = [-0.80321938 -0.58905513  0.12559462 -0.23366952]
2025-12-14 01:40:19,020 - INFO - num_full_subsets = 2
2025-12-14 01:40:19,049 - INFO - phi = [-0.59661346 -0.85693429  0.06075944 -1.06865   ]
2025-12-14 01:40:19,078 - INFO - num_full_subsets = 2
2025-12-14 01:40:19,106 - INFO - phi = [1.40440177 0.65300657 0.20060177 0.46160792]
2025-12-14 01:40:19,135 - INFO - num_full_subsets = 2
2025-12-14 01:40:19,164 - INFO - phi = [-0.73779184  2.22809528  0.19718598 -0.07431311]
2025-12-14 01:40:19,192 - INFO - num_full_subsets = 2
2025-12-14 01:40:19,221 - INFO - phi = [0.59570588 0.27841428 0.21130258 0.37680051]
2025-12-14 01:40:19,251 - INFO - num_full_subsets = 2
2025-12-14 01:40:19,279 - INFO - phi = [ 0.15581577  0.46642638  0.14656832 -0.11642733]
2025-12-14 01:40:19,308 - INFO - num_full_subsets = 2
2025-12-14 01:40:19,337 - INFO - phi = [ 0.83636582 -0.31219512  0.82495982 -0.75839936]
2025-12-14 01:40:19,366 - INFO - num_full_subsets = 2
2025-12-14 01:40:19,394 - INFO - phi = [ 0.9474023  -0.04595053 -0.08998537  0.27972557]
2025-12-14 01:40:19,423 - INFO - num_full_subsets = 2
2025-12-14 01:40:19,451 - INFO - phi = [1.59524637 0.32103082 0.15400209 0.57366114]
2025-12-14 01:40:19,480 - INFO - num_full_subsets = 2
2025-12-14 01:40:19,508 - INFO - phi = [-0.54361897 -0.19675034  0.00140943  0.26000499]
2025-12-14 01:40:19,537 - INFO - num_full_subsets = 2
2025-12-14 01:40:19,565 - INFO - phi = [ 0.83167372 -0.96135586 -0.00724596 -0.20358852]
2025-12-14 01:40:19,594 - INFO - num_full_subsets = 2
2025-12-14 01:40:19,623 - INFO - phi = [ 0.18903333  0.39642935 -0.11882077 -0.47547446]
2025-12-14 01:40:19,651 - INFO - num_full_subsets = 2
2025-12-14 01:40:19,680 - INFO - phi = [ 0.41995969  0.01636648  0.14485792 -0.21102187]
2025-12-14 01:40:19,708 - INFO - num_full_subsets = 2
2025-12-14 01:40:19,737 - INFO - phi = [1.65082622 0.26631063 0.06497954 0.48214981]
2025-12-14 01:40:19,766 - INFO - num_full_subsets = 2
2025-12-14 01:40:19,794 - INFO - phi = [-0.62280571 -0.72914339  0.17689546 -0.27237827]
2025-12-14 01:40:19,823 - INFO - num_full_subsets = 2
2025-12-14 01:40:19,851 - INFO - phi = [-1.02926949 -0.45946266 -0.06542801  0.0204456 ]
2025-12-14 01:40:19,880 - INFO - num_full_subsets = 2
2025-12-14 01:40:19,909 - INFO - phi = [ 0.14299543  0.29618915  0.03307481 -0.46378722]
2025-12-14 01:40:19,937 - INFO - num_full_subsets = 2
2025-12-14 01:40:19,966 - INFO - phi = [ 1.13399174 -0.06532484 -0.093404    0.33422992]
2025-12-14 01:40:19,995 - INFO - num_full_subsets = 2
2025-12-14 01:40:20,024 - INFO - phi = [-0.88900966 -0.80218001 -0.0097149   0.11912737]
2025-12-14 01:40:20,053 - INFO - num_full_subsets = 2
2025-12-14 01:40:20,082 - INFO - phi = [0.94589548 0.0709014  0.26950074 0.42587761]
2025-12-14 01:40:20,110 - INFO - num_full_subsets = 2
2025-12-14 01:40:20,139 - INFO - phi = [-1.09803504 -0.58560744 -0.02451335 -0.05561032]
2025-12-14 01:40:20,168 - INFO - num_full_subsets = 2
2025-12-14 01:40:20,197 - INFO - phi = [ 0.32482141  0.41562007 -0.01015958  0.20289462]
2025-12-14 01:40:20,226 - INFO - num_full_subsets = 2
2025-12-14 01:40:20,254 - INFO - phi = [-1.01472413 -0.41225804 -0.09781313  0.03210741]
2025-12-14 01:40:20,283 - INFO - num_full_subsets = 2
2025-12-14 01:40:20,311 - INFO - phi = [ 0.63035562 -0.01330916  0.22534836  0.58610162]
2025-12-14 01:40:20,340 - INFO - num_full_subsets = 2
2025-12-14 01:40:20,369 - INFO - phi = [0.24851621 0.28628239 0.00079741 0.36410047]
2025-12-14 01:40:20,398 - INFO - num_full_subsets = 2
2025-12-14 01:40:20,426 - INFO - phi = [-1.19095779 -0.54865176 -0.03206605 -0.16947489]
2025-12-14 01:40:20,455 - INFO - num_full_subsets = 2
2025-12-14 01:40:20,484 - INFO - phi = [1.56567062 0.67556505 0.34285195 0.37075916]
2025-12-14 01:40:20,513 - INFO - num_full_subsets = 2
2025-12-14 01:40:20,542 - INFO - phi = [-1.61484077  0.18935384 -0.19220181 -0.24407084]
2025-12-14 01:40:20,570 - INFO - num_full_subsets = 2
2025-12-14 01:40:20,599 - INFO - phi = [0.39185592 0.61162381 0.40836525 0.66065074]
2025-12-14 01:40:20,627 - INFO - num_full_subsets = 2
2025-12-14 01:40:20,656 - INFO - phi = [-1.25612557 -0.63635531  0.03190458  0.13999031]
2025-12-14 01:40:20,685 - INFO - num_full_subsets = 2
2025-12-14 01:40:20,713 - INFO - phi = [ 0.18331478  0.31801068  0.17275762 -0.33560554]
2025-12-14 01:40:20,741 - INFO - num_full_subsets = 2
2025-12-14 01:40:20,770 - INFO - phi = [-1.61484077  0.18935384 -0.19220181 -0.24407084]
2025-12-14 01:40:20,799 - INFO - num_full_subsets = 2
2025-12-14 01:40:20,827 - INFO - phi = [ 1.01887561  0.4928147  -0.00259011 -0.06485636]
2025-12-14 01:40:20,856 - INFO - num_full_subsets = 2
2025-12-14 01:40:20,885 - INFO - phi = [0.98559694 0.88856118 0.24570794 0.70712425]
2025-12-14 01:40:20,914 - INFO - num_full_subsets = 2
2025-12-14 01:40:20,943 - INFO - phi = [ 0.24058912  0.36170675  0.0823927  -0.30509389]
2025-12-14 01:40:20,971 - INFO - num_full_subsets = 2
2025-12-14 01:40:20,999 - INFO - phi = [ 0.26506193  0.18140029  0.09502066 -0.5016651 ]
2025-12-14 01:40:21,028 - INFO - num_full_subsets = 2
2025-12-14 01:40:21,057 - INFO - phi = [-1.02992214 -0.66070887 -0.22238398  0.26158242]
2025-12-14 01:40:21,085 - INFO - num_full_subsets = 2
2025-12-14 01:40:21,114 - INFO - phi = [ 0.35986662  0.12329183 -0.0918157  -0.16916961]
2025-12-14 01:40:21,143 - INFO - num_full_subsets = 2
2025-12-14 01:40:21,172 - INFO - phi = [ 0.27391849  0.35986496  0.09790102 -0.20373058]
2025-12-14 01:40:21,200 - INFO - num_full_subsets = 2
2025-12-14 01:40:21,229 - INFO - phi = [0.43013386 0.19998723 0.36371773 0.2405313 ]
2025-12-14 01:40:21,259 - INFO - num_full_subsets = 2
2025-12-14 01:40:21,288 - INFO - phi = [1.58203395 0.71929626 0.08323162 0.57259333]
2025-12-14 01:40:21,316 - INFO - num_full_subsets = 2
2025-12-14 01:40:21,345 - INFO - phi = [-1.04091214  0.59568951 -0.05978562  0.20068885]
2025-12-14 01:40:21,373 - INFO - num_full_subsets = 2
2025-12-14 01:40:21,402 - INFO - phi = [-1.03934301 -0.41358289 -0.29071423 -0.16646975]
2025-12-14 01:40:21,431 - INFO - num_full_subsets = 2
2025-12-14 01:40:21,459 - INFO - phi = [-1.03483813 -0.53743039 -0.18414742 -0.15017242]
2025-12-14 01:40:21,488 - INFO - num_full_subsets = 2
2025-12-14 01:40:21,516 - INFO - phi = [-0.93367873 -0.05077862  0.00639169  0.55650138]
2025-12-14 01:40:21,545 - INFO - num_full_subsets = 2
2025-12-14 01:40:21,574 - INFO - phi = [-0.88333909 -0.71687318 -0.011166   -0.30777509]
2025-12-14 01:40:22,082 - INFO - Computing feature importance...
2025-12-14 01:40:25,450 - INFO - Experiment completed for NGBoost
2025-12-14 01:40:25,450 - INFO - Total time: 238.33s (3.97 min)
2025-12-14 01:40:25,450 - INFO - Starting comprehensive experiment for NGBoost
2025-12-14 01:40:35,143 - INFO - Performing feature analysis...
2025-12-14 01:40:36,313 - INFO - Model justification: Probabilistic forecasting with natural gradient boosting, provides uncertainty quantification
2025-12-14 01:40:36,313 - INFO - Performing robust cross-validation...
2025-12-14 01:41:15,217 - INFO - CV Results - MSE: 0.7351 ± 0.1402
2025-12-14 01:41:15,217 - INFO - Starting hyperparameter optimization...
2025-12-14 01:44:48,677 - INFO - Best parameters for NGBoost: {'n_estimators': 210, 'learning_rate': 0.04162799379777623, 'minibatch_frac': 0.5434060985266965, 'natural_gradient': True}
2025-12-14 01:44:48,677 - INFO - ⏱️ HPO took 213.46 seconds
2025-12-14 01:44:48,677 - INFO - Training final model...
2025-12-14 01:44:49,650 - INFO - ⏱️ Training took 0.97 seconds
2025-12-14 01:44:49,650 - INFO - Performing residual analysis...
2025-12-14 01:44:50,679 - INFO - Generating XAI explanations...
2025-12-14 01:44:50,707 - WARNING - Using 168 background data samples could cause slower run times. Consider using shap.sample(data, K) or shap.kmeans(data, K) to summarize the background as K samples.
2025-12-14 01:44:50,746 - INFO - num_full_subsets = 2
2025-12-14 01:44:50,794 - INFO - phi = [0.71466681 0.59583301 0.16078586 0.25618696]
2025-12-14 01:44:50,834 - INFO - num_full_subsets = 2
2025-12-14 01:44:50,882 - INFO - phi = [ 0.15835832  0.30929436  0.03222149 -0.85782919]
2025-12-14 01:44:50,922 - INFO - num_full_subsets = 2
2025-12-14 01:44:50,971 - INFO - phi = [0.27447102 0.47760644 0.18372567 0.16088499]
2025-12-14 01:44:51,010 - INFO - num_full_subsets = 2
2025-12-14 01:44:51,058 - INFO - phi = [1.31650343 0.0628641  0.16880652 0.2192915 ]
2025-12-14 01:44:51,098 - INFO - num_full_subsets = 2
2025-12-14 01:44:51,147 - INFO - phi = [ 0.20942959  0.30769723 -0.1294079  -0.20551423]
2025-12-14 01:44:51,186 - INFO - num_full_subsets = 2
2025-12-14 01:44:51,234 - INFO - phi = [-0.75506634 -0.8857247  -0.02732059 -0.11800552]
2025-12-14 01:44:51,274 - INFO - num_full_subsets = 2
2025-12-14 01:44:51,323 - INFO - phi = [-1.32483168  0.41656445 -0.01810482 -0.03191075]
2025-12-14 01:44:51,362 - INFO - num_full_subsets = 2
2025-12-14 01:44:51,410 - INFO - phi = [-1.17872403 -0.36668695 -0.3117582   0.56372264]
2025-12-14 01:44:51,450 - INFO - num_full_subsets = 2
2025-12-14 01:44:51,499 - INFO - phi = [-0.25241206 -0.92117237  0.06245538 -0.53135446]
2025-12-14 01:44:51,538 - INFO - num_full_subsets = 2
2025-12-14 01:44:51,587 - INFO - phi = [ 0.23385878  0.15376568 -0.19571509 -0.30751987]
2025-12-14 01:44:51,626 - INFO - num_full_subsets = 2
2025-12-14 01:44:51,674 - INFO - phi = [ 0.17286777  0.28645212 -0.02641933  0.09157144]
2025-12-14 01:44:51,713 - INFO - num_full_subsets = 2
2025-12-14 01:44:51,762 - INFO - phi = [-1.12404773 -0.32149624 -0.22841108 -0.18504073]
2025-12-14 01:44:51,801 - INFO - num_full_subsets = 2
2025-12-14 01:44:51,850 - INFO - phi = [ 0.31586333  0.01926011  0.09192146 -0.60296933]
2025-12-14 01:44:51,888 - INFO - num_full_subsets = 2
2025-12-14 01:44:51,937 - INFO - phi = [-0.68781084 -0.89884411 -0.10165663 -0.31120006]
2025-12-14 01:44:51,976 - INFO - num_full_subsets = 2
2025-12-14 01:44:52,025 - INFO - phi = [ 1.81179908  0.5534093  -0.06743321  0.57628672]
2025-12-14 01:44:52,064 - INFO - num_full_subsets = 2
2025-12-14 01:44:52,113 - INFO - phi = [ 0.38590352  0.6989103   0.16311226 -0.83491258]
2025-12-14 01:44:52,153 - INFO - num_full_subsets = 2
2025-12-14 01:44:52,201 - INFO - phi = [-1.06585427 -0.48892158 -0.11657854 -0.4066918 ]
2025-12-14 01:44:52,241 - INFO - num_full_subsets = 2
2025-12-14 01:44:52,290 - INFO - phi = [ 0.20316509  0.49751154  0.10111408 -0.61018377]
2025-12-14 01:44:52,330 - INFO - num_full_subsets = 2
2025-12-14 01:44:52,379 - INFO - phi = [-7.18071259e-01  2.29536255e+00  2.06100665e-01  2.18006222e-03]
2025-12-14 01:44:52,419 - INFO - num_full_subsets = 2
2025-12-14 01:44:52,468 - INFO - phi = [-1.59169535 -0.48801798  0.01245938  0.15149346]
2025-12-14 01:44:52,508 - INFO - num_full_subsets = 2
2025-12-14 01:44:52,557 - INFO - phi = [-1.6581921  -0.11812407 -0.0103777  -0.12150284]
2025-12-14 01:44:52,596 - INFO - num_full_subsets = 2
2025-12-14 01:44:52,645 - INFO - phi = [ 0.1782954   0.36721912  0.14280656 -0.60149144]
2025-12-14 01:44:52,684 - INFO - num_full_subsets = 2
2025-12-14 01:44:52,732 - INFO - phi = [-1.31053674 -0.45173352 -0.01938466 -0.11252779]
2025-12-14 01:44:52,771 - INFO - num_full_subsets = 2
2025-12-14 01:44:52,820 - INFO - phi = [ 0.71431779 -0.14310417 -0.1958641   0.05390074]
2025-12-14 01:44:52,859 - INFO - num_full_subsets = 2
2025-12-14 01:44:52,908 - INFO - phi = [ 1.21122651 -0.30550653  1.27395879 -0.91472234]
2025-12-14 01:44:52,947 - INFO - num_full_subsets = 2
2025-12-14 01:44:52,996 - INFO - phi = [ 0.16959097  0.33093989 -0.06277085 -0.47249287]
2025-12-14 01:44:53,035 - INFO - num_full_subsets = 2
2025-12-14 01:44:53,084 - INFO - phi = [ 0.35955584 -0.00449169  0.19612217  0.35969956]
2025-12-14 01:44:53,123 - INFO - num_full_subsets = 2
2025-12-14 01:44:53,172 - INFO - phi = [0.24230519 0.02699373 0.05274575 0.70818526]
2025-12-14 01:44:53,211 - INFO - num_full_subsets = 2
2025-12-14 01:44:53,259 - INFO - phi = [-0.35515594 -0.79765732  0.05822247 -0.31256098]
2025-12-14 01:44:53,298 - INFO - num_full_subsets = 2
2025-12-14 01:44:53,347 - INFO - phi = [-0.65806542 -0.69970639  0.03005148 -0.51032738]
2025-12-14 01:44:53,386 - INFO - num_full_subsets = 2
2025-12-14 01:44:53,435 - INFO - phi = [ 0.31378598 -0.09089696 -0.10005483 -0.54417608]
2025-12-14 01:44:53,474 - INFO - num_full_subsets = 2
2025-12-14 01:44:53,523 - INFO - phi = [-0.90526851 -0.81079802 -0.04540056  0.20432285]
2025-12-14 01:44:53,563 - INFO - num_full_subsets = 2
2025-12-14 01:44:53,612 - INFO - phi = [-1.33147803  0.13811375  0.03017195 -0.15827325]
2025-12-14 01:44:53,652 - INFO - num_full_subsets = 2
2025-12-14 01:44:53,700 - INFO - phi = [ 1.10959471 -0.17012598  0.03497439  0.11276685]
2025-12-14 01:44:53,741 - INFO - num_full_subsets = 2
2025-12-14 01:44:53,790 - INFO - phi = [0.93389131 0.13431933 0.18536426 0.31811991]
2025-12-14 01:44:53,830 - INFO - num_full_subsets = 2
2025-12-14 01:44:53,878 - INFO - phi = [-1.17673802 -0.63150307 -0.03191141 -0.21795824]
2025-12-14 01:44:53,917 - INFO - num_full_subsets = 2
2025-12-14 01:44:53,967 - INFO - phi = [1.59850111 0.47021127 0.29389139 0.4353686 ]
2025-12-14 01:44:54,006 - INFO - num_full_subsets = 2
2025-12-14 01:44:54,056 - INFO - phi = [0.88493983 0.40480381 0.19843462 0.62965114]
2025-12-14 01:44:54,095 - INFO - num_full_subsets = 2
2025-12-14 01:44:54,144 - INFO - phi = [ 0.34959904  0.16289619 -0.31111817  0.49518178]
2025-12-14 01:44:54,184 - INFO - num_full_subsets = 2
2025-12-14 01:44:54,233 - INFO - phi = [-1.02063394 -0.57550173  0.04290827 -0.48019814]
2025-12-14 01:44:54,273 - INFO - num_full_subsets = 2
2025-12-14 01:44:54,323 - INFO - phi = [ 0.05976505  1.36741517 -0.15130396  0.36580897]
2025-12-14 01:44:54,362 - INFO - num_full_subsets = 2
2025-12-14 01:44:54,411 - INFO - phi = [0.19336865 0.09518359 0.07477002 0.27991365]
2025-12-14 01:44:54,451 - INFO - num_full_subsets = 2
2025-12-14 01:44:54,499 - INFO - phi = [ 1.67723165  0.44670719 -0.02584611  0.42423928]
2025-12-14 01:44:54,539 - INFO - num_full_subsets = 2
2025-12-14 01:44:54,588 - INFO - phi = [-0.83087795 -0.62301805 -0.22862778  0.14235775]
2025-12-14 01:44:54,627 - INFO - num_full_subsets = 2
2025-12-14 01:44:54,677 - INFO - phi = [-0.65783601 -0.87184106 -0.03390323 -0.50081725]
2025-12-14 01:44:54,716 - INFO - num_full_subsets = 2
2025-12-14 01:44:54,764 - INFO - phi = [0.24788062 0.3174294  0.10873327 0.43674732]
2025-12-14 01:44:54,804 - INFO - num_full_subsets = 2
2025-12-14 01:44:54,852 - INFO - phi = [-0.91783692 -0.61966214 -0.02892067 -0.11559811]
2025-12-14 01:44:54,892 - INFO - num_full_subsets = 2
2025-12-14 01:44:54,941 - INFO - phi = [ 1.86988801  0.08516394 -0.02514919  0.25352135]
2025-12-14 01:44:54,981 - INFO - num_full_subsets = 2
2025-12-14 01:44:55,030 - INFO - phi = [-1.06887985 -0.59062831 -0.08499779 -0.19918223]
2025-12-14 01:44:55,069 - INFO - num_full_subsets = 2
2025-12-14 01:44:55,118 - INFO - phi = [ 0.90411561  0.28702891 -0.00329017  0.07526193]
2025-12-14 01:44:55,158 - INFO - num_full_subsets = 2
2025-12-14 01:44:55,207 - INFO - phi = [-1.09537518 -0.6249655  -0.02650458 -0.11285288]
2025-12-14 01:44:55,247 - INFO - num_full_subsets = 2
2025-12-14 01:44:55,296 - INFO - phi = [0.83076863 0.34841212 0.19444717 0.54519108]
2025-12-14 01:44:55,335 - INFO - num_full_subsets = 2
2025-12-14 01:44:55,383 - INFO - phi = [1.22060751 0.50801774 0.27745855 0.40204274]
2025-12-14 01:44:55,423 - INFO - num_full_subsets = 2
2025-12-14 01:44:55,472 - INFO - phi = [-0.23174555 -0.76599654  0.42460168 -0.72987084]
2025-12-14 01:44:55,511 - INFO - num_full_subsets = 2
2025-12-14 01:44:55,560 - INFO - phi = [ 0.82684793  0.48896658 -0.14852787  0.26571999]
2025-12-14 01:44:55,599 - INFO - num_full_subsets = 2
2025-12-14 01:44:55,648 - INFO - phi = [ 1.38349191  0.12877399 -0.04846509  0.50606588]
2025-12-14 01:44:55,687 - INFO - num_full_subsets = 2
2025-12-14 01:44:55,736 - INFO - phi = [-0.66140506 -0.83554505  0.03915254 -0.49107134]
2025-12-14 01:44:55,775 - INFO - num_full_subsets = 2
2025-12-14 01:44:55,824 - INFO - phi = [-1.73645061  0.3257213  -0.09096119  0.07689976]
2025-12-14 01:44:55,863 - INFO - num_full_subsets = 2
2025-12-14 01:44:55,912 - INFO - phi = [-1.77255508  0.18278766 -0.04898822  0.13609979]
2025-12-14 01:44:55,951 - INFO - num_full_subsets = 2
2025-12-14 01:44:55,999 - INFO - phi = [-0.34784515 -0.91825339 -0.03080624 -0.13141097]
2025-12-14 01:44:56,039 - INFO - num_full_subsets = 2
2025-12-14 01:44:56,088 - INFO - phi = [0.99136955 0.3976759  0.26030863 0.43127324]
2025-12-14 01:44:56,128 - INFO - num_full_subsets = 2
2025-12-14 01:44:56,177 - INFO - phi = [ 0.22343901  0.03734635  0.02867283 -0.58794121]
2025-12-14 01:44:56,217 - INFO - num_full_subsets = 2
2025-12-14 01:44:56,266 - INFO - phi = [-0.74052728 -0.85245351 -0.04837341 -0.14127617]
2025-12-14 01:44:56,305 - INFO - num_full_subsets = 2
2025-12-14 01:44:56,353 - INFO - phi = [0.19336865 0.09518359 0.07477002 0.27991365]
2025-12-14 01:44:56,392 - INFO - num_full_subsets = 2
2025-12-14 01:44:56,441 - INFO - phi = [ 0.91210991  0.28757921  0.33751775 -1.0784421 ]
2025-12-14 01:44:56,480 - INFO - num_full_subsets = 2
2025-12-14 01:44:56,529 - INFO - phi = [1.84546061 0.47888418 0.11467624 0.31941126]
2025-12-14 01:44:56,568 - INFO - num_full_subsets = 2
2025-12-14 01:44:56,617 - INFO - phi = [0.44148644 0.45207541 0.09485479 0.60963487]
2025-12-14 01:44:56,657 - INFO - num_full_subsets = 2
2025-12-14 01:44:56,705 - INFO - phi = [ 0.7945879   0.64957738 -0.14550285  0.22196948]
2025-12-14 01:44:56,744 - INFO - num_full_subsets = 2
2025-12-14 01:44:56,793 - INFO - phi = [1.7200838  0.31243173 0.10061775 0.64853463]
2025-12-14 01:44:56,832 - INFO - num_full_subsets = 2
2025-12-14 01:44:56,880 - INFO - phi = [-0.89776976 -0.28176355 -0.12570328  0.370217  ]
2025-12-14 01:44:56,920 - INFO - num_full_subsets = 2
2025-12-14 01:44:56,968 - INFO - phi = [ 0.20039855  0.19120376 -0.19048015 -0.39940611]
2025-12-14 01:44:57,007 - INFO - num_full_subsets = 2
2025-12-14 01:44:57,057 - INFO - phi = [1.2611818  0.22136272 0.04427118 0.54336695]
2025-12-14 01:44:57,096 - INFO - num_full_subsets = 2
2025-12-14 01:44:57,145 - INFO - phi = [-0.06451222 -0.73359909  0.01413124 -0.12837469]
2025-12-14 01:44:57,185 - INFO - num_full_subsets = 2
2025-12-14 01:44:57,233 - INFO - phi = [1.01062948 0.21771868 0.05951306 0.56742328]
2025-12-14 01:44:57,273 - INFO - num_full_subsets = 2
2025-12-14 01:44:57,322 - INFO - phi = [-1.30122994 -0.11982814  0.00837207 -0.44898816]
2025-12-14 01:44:57,362 - INFO - num_full_subsets = 2
2025-12-14 01:44:57,411 - INFO - phi = [-0.79175309 -0.73714098  0.03966552 -0.4504398 ]
2025-12-14 01:44:57,451 - INFO - num_full_subsets = 2
2025-12-14 01:44:57,500 - INFO - phi = [-0.05342707 -0.43726593  0.28458286 -1.07068281]
2025-12-14 01:44:57,540 - INFO - num_full_subsets = 2
2025-12-14 01:44:57,588 - INFO - phi = [-0.23961988 -0.9493113   0.01313483  0.20023573]
2025-12-14 01:44:57,627 - INFO - num_full_subsets = 2
2025-12-14 01:44:57,676 - INFO - phi = [-0.69678219 -0.76598677 -0.02062059  0.48816731]
2025-12-14 01:44:57,715 - INFO - num_full_subsets = 2
2025-12-14 01:44:57,764 - INFO - phi = [ 1.47521962  0.02588913 -0.2124603   0.57913853]
2025-12-14 01:44:57,804 - INFO - num_full_subsets = 2
2025-12-14 01:44:57,854 - INFO - phi = [-1.39672662  0.54501811 -0.15501212  0.25366816]
2025-12-14 01:44:57,893 - INFO - num_full_subsets = 2
2025-12-14 01:44:57,942 - INFO - phi = [-0.61691702 -0.01741707 -0.02425861 -0.40725585]
2025-12-14 01:44:57,983 - INFO - num_full_subsets = 2
2025-12-14 01:44:58,032 - INFO - phi = [1.04904168 0.13142846 0.13181323 0.22758644]
2025-12-14 01:44:58,071 - INFO - num_full_subsets = 2
2025-12-14 01:44:58,120 - INFO - phi = [ 0.13456927  0.12439369  0.03702336 -0.84852552]
2025-12-14 01:44:58,160 - INFO - num_full_subsets = 2
2025-12-14 01:44:58,208 - INFO - phi = [-0.60630969  0.31117174  0.06358537  0.58314409]
2025-12-14 01:44:58,247 - INFO - num_full_subsets = 2
2025-12-14 01:44:58,296 - INFO - phi = [-0.731815   -0.70975001 -0.00918085  0.17513828]
2025-12-14 01:44:58,335 - INFO - num_full_subsets = 2
2025-12-14 01:44:58,384 - INFO - phi = [-1.80421702  0.08689831 -0.12052776 -0.19556935]
2025-12-14 01:44:58,423 - INFO - num_full_subsets = 2
2025-12-14 01:44:58,472 - INFO - phi = [ 0.03900604  0.41361019 -0.44877934 -0.54993184]
2025-12-14 01:44:58,512 - INFO - num_full_subsets = 2
2025-12-14 01:44:58,561 - INFO - phi = [ 0.30379478  0.06787741  0.1152923  -0.49493139]
2025-12-14 01:44:58,600 - INFO - num_full_subsets = 2
2025-12-14 01:44:58,650 - INFO - phi = [0.28952517 0.50482224 0.3788776  0.6657905 ]
2025-12-14 01:44:58,690 - INFO - num_full_subsets = 2
2025-12-14 01:44:58,740 - INFO - phi = [ 0.25853138  0.45724007  0.10793976 -0.36600337]
2025-12-14 01:44:58,779 - INFO - num_full_subsets = 2
2025-12-14 01:44:58,829 - INFO - phi = [ 1.71233332 -0.02118014 -0.48861228  0.58154574]
2025-12-14 01:44:58,869 - INFO - num_full_subsets = 2
2025-12-14 01:44:58,918 - INFO - phi = [-0.13435086 -0.6075152   0.44623672 -0.52578287]
2025-12-14 01:44:58,958 - INFO - num_full_subsets = 2
2025-12-14 01:44:59,007 - INFO - phi = [-0.86423789 -0.75285659 -0.17552769  0.51406568]
2025-12-14 01:44:59,047 - INFO - num_full_subsets = 2
2025-12-14 01:44:59,096 - INFO - phi = [-0.63404331 -0.82153072 -0.19845029 -0.13751716]
2025-12-14 01:44:59,136 - INFO - num_full_subsets = 2
2025-12-14 01:44:59,185 - INFO - phi = [ 0.50978918 -0.82433853  0.04621734 -0.29693941]
2025-12-14 01:44:59,224 - INFO - num_full_subsets = 2
2025-12-14 01:44:59,273 - INFO - phi = [-0.8588827  -0.59281242 -0.00967815 -0.36382522]
2025-12-14 01:44:59,314 - INFO - num_full_subsets = 2
2025-12-14 01:44:59,364 - INFO - phi = [ 0.88911877  0.03361587  0.07711592 -1.04020048]
2025-12-14 01:44:59,403 - INFO - num_full_subsets = 2
2025-12-14 01:44:59,452 - INFO - phi = [1.51615747 0.2019878  0.09928291 0.5527568 ]
2025-12-14 01:44:59,492 - INFO - num_full_subsets = 2
2025-12-14 01:44:59,541 - INFO - phi = [ 0.85561415  0.58924632 -0.71583258 -0.10534206]
2025-12-14 01:44:59,581 - INFO - num_full_subsets = 2
2025-12-14 01:44:59,630 - INFO - phi = [ 0.23914926 -0.0399363   0.05327553  0.27876716]
2025-12-14 01:44:59,670 - INFO - num_full_subsets = 2
2025-12-14 01:44:59,718 - INFO - phi = [-1.09898573 -0.44821518 -0.04489802 -0.4155293 ]
2025-12-14 01:44:59,758 - INFO - num_full_subsets = 2
2025-12-14 01:44:59,806 - INFO - phi = [-0.78440922 -0.37347587 -0.09492029 -0.14001695]
2025-12-14 01:44:59,845 - INFO - num_full_subsets = 2
2025-12-14 01:44:59,894 - INFO - phi = [-1.05210789 -0.61826163 -0.16439046  0.22877704]
2025-12-14 01:44:59,933 - INFO - num_full_subsets = 2
2025-12-14 01:44:59,982 - INFO - phi = [ 0.86502337 -0.32456451  1.23805037 -0.92344879]
2025-12-14 01:45:00,022 - INFO - num_full_subsets = 2
2025-12-14 01:45:00,071 - INFO - phi = [1.74429491 0.15124368 0.04180751 0.54580338]
2025-12-14 01:45:00,110 - INFO - num_full_subsets = 2
2025-12-14 01:45:00,160 - INFO - phi = [-1.44462229 -0.4925077  -0.09103932  0.05554028]
2025-12-14 01:45:00,199 - INFO - num_full_subsets = 2
2025-12-14 01:45:00,248 - INFO - phi = [-1.03545243 -0.33845459  0.05819619  0.13050461]
2025-12-14 01:45:00,288 - INFO - num_full_subsets = 2
2025-12-14 01:45:00,337 - INFO - phi = [-1.10161341 -0.56217977 -0.6094158  -0.13796932]
2025-12-14 01:45:00,377 - INFO - num_full_subsets = 2
2025-12-14 01:45:00,426 - INFO - phi = [ 0.05940183  0.33597222 -0.06874475 -0.51228576]
2025-12-14 01:45:00,465 - INFO - num_full_subsets = 2
2025-12-14 01:45:00,514 - INFO - phi = [ 0.08163581  0.32285326 -0.31551933  0.2743876 ]
2025-12-14 01:45:00,553 - INFO - num_full_subsets = 2
2025-12-14 01:45:00,602 - INFO - phi = [0.83618665 0.16052291 0.17353875 0.49226905]
2025-12-14 01:45:00,641 - INFO - num_full_subsets = 2
2025-12-14 01:45:00,690 - INFO - phi = [-0.93305407 -0.68902893 -0.17382992 -0.29618348]
2025-12-14 01:45:00,729 - INFO - num_full_subsets = 2
2025-12-14 01:45:00,778 - INFO - phi = [ 1.82891836  0.15035747 -0.35949899  0.37491373]
2025-12-14 01:45:00,817 - INFO - num_full_subsets = 2
2025-12-14 01:45:00,865 - INFO - phi = [0.94871383 0.04514243 0.06567904 0.3209654 ]
2025-12-14 01:45:00,904 - INFO - num_full_subsets = 2
2025-12-14 01:45:00,953 - INFO - phi = [ 0.97507803  0.06217344 -0.23300487  0.26298608]
2025-12-14 01:45:00,992 - INFO - num_full_subsets = 2
2025-12-14 01:45:01,041 - INFO - phi = [ 0.51367992  0.47746814  0.03262696 -0.14421471]
2025-12-14 01:45:01,080 - INFO - num_full_subsets = 2
2025-12-14 01:45:01,129 - INFO - phi = [-0.69848501  0.27325917  0.04786399  0.41472563]
2025-12-14 01:45:01,168 - INFO - num_full_subsets = 2
2025-12-14 01:45:01,217 - INFO - phi = [ 0.13238884  0.37908387 -0.0281754   0.72922921]
2025-12-14 01:45:01,256 - INFO - num_full_subsets = 2
2025-12-14 01:45:01,304 - INFO - phi = [ 0.24413216  0.7641146   0.10177854 -0.09870892]
2025-12-14 01:45:01,344 - INFO - num_full_subsets = 2
2025-12-14 01:45:01,393 - INFO - phi = [-0.71315524 -0.92831348 -0.02910227 -0.33306997]
2025-12-14 01:45:01,432 - INFO - num_full_subsets = 2
2025-12-14 01:45:01,481 - INFO - phi = [-1.13198426 -0.50602945 -0.16362829  0.40871918]
2025-12-14 01:45:01,521 - INFO - num_full_subsets = 2
2025-12-14 01:45:01,570 - INFO - phi = [2.34035461 0.1436135  0.05744083 0.70763047]
2025-12-14 01:45:01,609 - INFO - num_full_subsets = 2
2025-12-14 01:45:01,659 - INFO - phi = [-1.29741684 -0.55485801  0.04342713 -0.11194244]
2025-12-14 01:45:01,699 - INFO - num_full_subsets = 2
2025-12-14 01:45:01,748 - INFO - phi = [ 0.44035896  0.23603378  0.89712641 -0.95752588]
2025-12-14 01:45:01,788 - INFO - num_full_subsets = 2
2025-12-14 01:45:01,836 - INFO - phi = [ 1.24176991 -0.09805299 -0.08891614  0.59252263]
2025-12-14 01:45:01,876 - INFO - num_full_subsets = 2
2025-12-14 01:45:01,925 - INFO - phi = [ 0.24385413  0.13960212 -0.17135954  0.32740276]
2025-12-14 01:45:01,964 - INFO - num_full_subsets = 2
2025-12-14 01:45:02,013 - INFO - phi = [ 0.25782571 -0.06363022  0.25607498 -0.82765897]
2025-12-14 01:45:02,053 - INFO - num_full_subsets = 2
2025-12-14 01:45:02,102 - INFO - phi = [ 0.20108953  0.35822892 -0.03238305  0.56060122]
2025-12-14 01:45:02,141 - INFO - num_full_subsets = 2
2025-12-14 01:45:02,191 - INFO - phi = [ 0.06323716  0.10549032 -0.26737241 -0.22786133]
2025-12-14 01:45:02,230 - INFO - num_full_subsets = 2
2025-12-14 01:45:02,279 - INFO - phi = [-0.9814116   0.60711178 -0.10519634 -0.05699585]
2025-12-14 01:45:02,318 - INFO - num_full_subsets = 2
2025-12-14 01:45:02,367 - INFO - phi = [-1.13570104 -0.71465493 -0.19137601  0.23462889]
2025-12-14 01:45:02,407 - INFO - num_full_subsets = 2
2025-12-14 01:45:02,456 - INFO - phi = [ 1.03814029  0.09644911 -0.0613256   0.50786944]
2025-12-14 01:45:02,495 - INFO - num_full_subsets = 2
2025-12-14 01:45:02,544 - INFO - phi = [ 0.22388463  0.45108694  0.19635462 -0.37187747]
2025-12-14 01:45:02,583 - INFO - num_full_subsets = 2
2025-12-14 01:45:02,632 - INFO - phi = [ 0.90556515  0.65346648 -0.03428469  0.76925327]
2025-12-14 01:45:02,671 - INFO - num_full_subsets = 2
2025-12-14 01:45:02,719 - INFO - phi = [ 1.58894436  0.71423243  0.10905567 -0.25100828]
2025-12-14 01:45:02,758 - INFO - num_full_subsets = 2
2025-12-14 01:45:02,807 - INFO - phi = [0.40372935 0.04104457 0.2507187  0.65355061]
2025-12-14 01:45:02,847 - INFO - num_full_subsets = 2
2025-12-14 01:45:02,896 - INFO - phi = [ 0.81520381  0.08078445 -0.01678706 -0.38061606]
2025-12-14 01:45:02,935 - INFO - num_full_subsets = 2
2025-12-14 01:45:02,984 - INFO - phi = [ 0.90606525  0.18195495 -0.14901642  0.59540494]
2025-12-14 01:45:03,023 - INFO - num_full_subsets = 2
2025-12-14 01:45:03,073 - INFO - phi = [-1.11174115 -0.50919994 -0.18815903 -0.25128629]
2025-12-14 01:45:03,111 - INFO - num_full_subsets = 2
2025-12-14 01:45:03,160 - INFO - phi = [-1.44143815 -0.60917021 -0.00842482  0.12483359]
2025-12-14 01:45:03,199 - INFO - num_full_subsets = 2
2025-12-14 01:45:03,248 - INFO - phi = [ 0.32955954  0.08524251 -0.09801167  0.72610881]
2025-12-14 01:45:03,287 - INFO - num_full_subsets = 2
2025-12-14 01:45:03,335 - INFO - phi = [-0.53625267  0.48159825 -0.16776504  0.19711241]
2025-12-14 01:45:03,375 - INFO - num_full_subsets = 2
2025-12-14 01:45:03,423 - INFO - phi = [-0.42729168  0.00570979 -0.22376586  0.03694143]
2025-12-14 01:45:03,462 - INFO - num_full_subsets = 2
2025-12-14 01:45:03,511 - INFO - phi = [ 0.06327122  0.75862822  0.26003927 -0.24584901]
2025-12-14 01:45:03,550 - INFO - num_full_subsets = 2
2025-12-14 01:45:03,598 - INFO - phi = [-1.30330225 -0.53150473 -0.09476972 -0.0906567 ]
2025-12-14 01:45:03,638 - INFO - num_full_subsets = 2
2025-12-14 01:45:03,686 - INFO - phi = [-0.66624181  0.43989892 -0.05046107  0.16496971]
2025-12-14 01:45:03,726 - INFO - num_full_subsets = 2
2025-12-14 01:45:03,774 - INFO - phi = [ 0.18830594  0.27617698  0.03883253 -0.58480916]
2025-12-14 01:45:03,815 - INFO - num_full_subsets = 2
2025-12-14 01:45:03,863 - INFO - phi = [-1.54408599  0.41637373  0.05261552 -0.19575612]
2025-12-14 01:45:03,902 - INFO - num_full_subsets = 2
2025-12-14 01:45:03,951 - INFO - phi = [-0.65924603  0.22837725 -0.40702671  0.0979584 ]
2025-12-14 01:45:03,990 - INFO - num_full_subsets = 2
2025-12-14 01:45:04,039 - INFO - phi = [-0.97717064 -0.94492234  0.04711541  0.29679985]
2025-12-14 01:45:04,079 - INFO - num_full_subsets = 2
2025-12-14 01:45:04,128 - INFO - phi = [-0.69977908  0.39819125  0.09821167  0.13961924]
2025-12-14 01:45:04,168 - INFO - num_full_subsets = 2
2025-12-14 01:45:04,217 - INFO - phi = [ 0.36685712  0.43332983  0.03886665 -0.81548924]
2025-12-14 01:45:04,257 - INFO - num_full_subsets = 2
2025-12-14 01:45:04,305 - INFO - phi = [ 0.38217768 -0.71784785 -0.03617537 -0.36877302]
2025-12-14 01:45:04,344 - INFO - num_full_subsets = 2
2025-12-14 01:45:04,393 - INFO - phi = [0.54083695 0.17422755 0.14375437 0.3641281 ]
2025-12-14 01:45:04,432 - INFO - num_full_subsets = 2
2025-12-14 01:45:04,481 - INFO - phi = [-0.94764413 -0.56809008  0.04176431 -0.40939095]
2025-12-14 01:45:04,520 - INFO - num_full_subsets = 2
2025-12-14 01:45:04,569 - INFO - phi = [ 0.12215401  0.28646443 -0.1383616  -0.58999475]
2025-12-14 01:45:04,608 - INFO - num_full_subsets = 2
2025-12-14 01:45:04,657 - INFO - phi = [0.14262121 0.6870756  0.18337712 0.25504307]
2025-12-14 01:45:04,696 - INFO - num_full_subsets = 2
2025-12-14 01:45:04,745 - INFO - phi = [ 0.40850127  0.52706864 -0.00372299  0.57285654]
2025-12-14 01:45:04,784 - INFO - num_full_subsets = 2
2025-12-14 01:45:04,834 - INFO - phi = [1.97889302 0.57702452 0.09337521 0.83087893]
2025-12-14 01:45:04,873 - INFO - num_full_subsets = 2
2025-12-14 01:45:04,922 - INFO - phi = [-1.05882443 -0.521346   -0.11830475 -0.25841688]
2025-12-14 01:45:04,962 - INFO - num_full_subsets = 2
2025-12-14 01:45:05,010 - INFO - phi = [ 0.03455976  0.49791631 -0.48228108 -0.33845957]
2025-12-14 01:45:05,050 - INFO - num_full_subsets = 2
2025-12-14 01:45:05,099 - INFO - phi = [ 0.72337204  0.6144778  -0.11292149  0.62197283]
2025-12-14 01:45:05,138 - INFO - num_full_subsets = 2
2025-12-14 01:45:05,187 - INFO - phi = [-1.50505109  0.71765262 -0.33992436  0.22519418]
2025-12-14 01:45:05,227 - INFO - num_full_subsets = 2
2025-12-14 01:45:05,276 - INFO - phi = [ 1.58894436  0.71423243  0.10905567 -0.25100828]
2025-12-14 01:45:05,315 - INFO - num_full_subsets = 2
2025-12-14 01:45:05,364 - INFO - phi = [-1.08273976 -0.53495774 -0.02904864 -0.42581503]
2025-12-14 01:45:05,403 - INFO - num_full_subsets = 2
2025-12-14 01:45:05,452 - INFO - phi = [-1.3866642   0.10348965 -0.32170627  0.44137564]
2025-12-14 01:45:05,491 - INFO - num_full_subsets = 2
2025-12-14 01:45:05,539 - INFO - phi = [-0.0875692   0.45355493 -0.17001887 -0.24374954]
2025-12-14 01:45:06,042 - INFO - Computing feature importance...
2025-12-14 01:45:11,901 - INFO - Experiment completed for NGBoost
2025-12-14 01:45:11,901 - INFO - Total time: 286.06s (4.77 min)
2025-12-14 01:45:11,901 - INFO - Starting comprehensive experiment for NGBoost
2025-12-14 01:45:19,204 - INFO - Performing feature analysis...
2025-12-14 01:45:20,369 - INFO - Model justification: Probabilistic forecasting with natural gradient boosting, provides uncertainty quantification
2025-12-14 01:45:20,370 - INFO - Performing robust cross-validation...
2025-12-14 01:45:58,520 - INFO - CV Results - MSE: 0.8750 ± 0.1197
2025-12-14 01:45:58,520 - INFO - Starting hyperparameter optimization...
2025-12-14 01:48:52,837 - INFO - Best parameters for NGBoost: {'n_estimators': 148, 'learning_rate': 0.031137926169601874, 'minibatch_frac': 0.2559051150821733, 'natural_gradient': True}
2025-12-14 01:48:52,837 - INFO - ⏱️ HPO took 174.32 seconds
2025-12-14 01:48:52,837 - INFO - Training final model...
2025-12-14 01:48:53,505 - INFO - ⏱️ Training took 0.67 seconds
2025-12-14 01:48:53,505 - INFO - Performing residual analysis...
2025-12-14 01:48:54,497 - INFO - Generating XAI explanations...
2025-12-14 01:48:54,517 - WARNING - Using 168 background data samples could cause slower run times. Consider using shap.sample(data, K) or shap.kmeans(data, K) to summarize the background as K samples.
2025-12-14 01:48:54,549 - INFO - num_full_subsets = 2
2025-12-14 01:48:54,585 - INFO - phi = [-1.04450882  0.55807139  0.08704584  0.02066363]
2025-12-14 01:48:54,617 - INFO - num_full_subsets = 2
2025-12-14 01:48:54,654 - INFO - phi = [-0.04064849  0.53178654  0.17894903  0.32516941]
2025-12-14 01:48:54,687 - INFO - num_full_subsets = 2
2025-12-14 01:48:54,723 - INFO - phi = [-0.84651875  1.18654544  0.05240616  0.20762654]
2025-12-14 01:48:54,755 - INFO - num_full_subsets = 2
2025-12-14 01:48:54,791 - INFO - phi = [-0.82247814 -0.65229632  0.03633119 -0.15088736]
2025-12-14 01:48:54,823 - INFO - num_full_subsets = 2
2025-12-14 01:48:54,860 - INFO - phi = [ 1.07301019  0.1249819  -0.35579872  0.25823861]
2025-12-14 01:48:54,892 - INFO - num_full_subsets = 2
2025-12-14 01:48:54,928 - INFO - phi = [ 0.20440907  0.17262816  0.14337663 -0.70126243]
2025-12-14 01:48:54,961 - INFO - num_full_subsets = 2
2025-12-14 01:48:54,997 - INFO - phi = [ 1.87086322  0.70600675 -0.04710822  0.17586887]
2025-12-14 01:48:55,029 - INFO - num_full_subsets = 2
2025-12-14 01:48:55,066 - INFO - phi = [2.25311026 0.03979484 0.10164403 0.29042457]
2025-12-14 01:48:55,098 - INFO - num_full_subsets = 2
2025-12-14 01:48:55,134 - INFO - phi = [-1.22325741 -0.34347549  0.10688217 -0.10652537]
2025-12-14 01:48:55,167 - INFO - num_full_subsets = 2
2025-12-14 01:48:55,204 - INFO - phi = [ 2.06282696  0.75807099 -0.25406301  0.45983804]
2025-12-14 01:48:55,237 - INFO - num_full_subsets = 2
2025-12-14 01:48:55,273 - INFO - phi = [0.65963148 0.96676935 0.24341881 0.48198964]
2025-12-14 01:48:55,305 - INFO - num_full_subsets = 2
2025-12-14 01:48:55,342 - INFO - phi = [0.50791964 0.64897933 0.02218848 0.45704394]
2025-12-14 01:48:55,375 - INFO - num_full_subsets = 2
2025-12-14 01:48:55,412 - INFO - phi = [0.65078519 0.31771543 0.14082529 0.00130234]
2025-12-14 01:48:55,443 - INFO - num_full_subsets = 2
2025-12-14 01:48:55,480 - INFO - phi = [ 0.2636407   0.20740572  0.11199614 -0.68073293]
2025-12-14 01:48:55,511 - INFO - num_full_subsets = 2
2025-12-14 01:48:55,548 - INFO - phi = [-0.91241107 -0.48976159 -0.16855254  0.0390401 ]
2025-12-14 01:48:55,580 - INFO - num_full_subsets = 2
2025-12-14 01:48:55,617 - INFO - phi = [ 0.68254828  0.10558936  0.79839565 -1.21482558]
2025-12-14 01:48:55,649 - INFO - num_full_subsets = 2
2025-12-14 01:48:55,685 - INFO - phi = [ 0.44729326  0.28550154 -0.22226532  0.33736545]
2025-12-14 01:48:55,718 - INFO - num_full_subsets = 2
2025-12-14 01:48:55,754 - INFO - phi = [-1.08425909 -0.50114602  0.05878321 -0.22005065]
2025-12-14 01:48:55,786 - INFO - num_full_subsets = 2
2025-12-14 01:48:55,823 - INFO - phi = [-0.64187573 -0.63709417  0.00099143 -0.33505509]
2025-12-14 01:48:55,855 - INFO - num_full_subsets = 2
2025-12-14 01:48:55,891 - INFO - phi = [ 1.43278887 -0.04010218  0.46265944  0.27640528]
2025-12-14 01:48:55,923 - INFO - num_full_subsets = 2
2025-12-14 01:48:55,960 - INFO - phi = [-1.24968998 -0.39812571 -0.10748512 -0.11678114]
2025-12-14 01:48:55,993 - INFO - num_full_subsets = 2
2025-12-14 01:48:56,030 - INFO - phi = [0.63444807 0.19397658 0.14598409 0.27252771]
2025-12-14 01:48:56,063 - INFO - num_full_subsets = 2
2025-12-14 01:48:56,099 - INFO - phi = [-0.48665314 -0.6097541   0.09097145  0.34904758]
2025-12-14 01:48:56,132 - INFO - num_full_subsets = 2
2025-12-14 01:48:56,169 - INFO - phi = [0.59419284 0.24897953 0.1758476  0.28354767]
2025-12-14 01:48:56,203 - INFO - num_full_subsets = 2
2025-12-14 01:48:56,240 - INFO - phi = [-0.65161978 -0.62701732 -0.16249725 -0.09793513]
2025-12-14 01:48:56,272 - INFO - num_full_subsets = 2
2025-12-14 01:48:56,308 - INFO - phi = [ 0.37970535  0.42643806  0.04217118 -0.31082528]
2025-12-14 01:48:56,340 - INFO - num_full_subsets = 2
2025-12-14 01:48:56,377 - INFO - phi = [-0.89414069 -0.51772934 -0.65249479 -0.12064302]
2025-12-14 01:48:56,409 - INFO - num_full_subsets = 2
2025-12-14 01:48:56,446 - INFO - phi = [ 0.39960342  0.21995614  0.17539581 -0.58990798]
2025-12-14 01:48:56,478 - INFO - num_full_subsets = 2
2025-12-14 01:48:56,515 - INFO - phi = [1.04250929 0.40379059 0.2118474  0.42172806]
2025-12-14 01:48:56,547 - INFO - num_full_subsets = 2
2025-12-14 01:48:56,584 - INFO - phi = [-0.88415175  0.08633674 -0.06263899  0.12977579]
2025-12-14 01:48:56,616 - INFO - num_full_subsets = 2
2025-12-14 01:48:56,653 - INFO - phi = [ 0.28214191  0.20299248 -0.31921429 -0.43998807]
2025-12-14 01:48:56,685 - INFO - num_full_subsets = 2
2025-12-14 01:48:56,721 - INFO - phi = [-0.98674463 -0.49632824 -0.00660958 -0.0632314 ]
2025-12-14 01:48:56,753 - INFO - num_full_subsets = 2
2025-12-14 01:48:56,790 - INFO - phi = [-1.088661   -0.34360968  0.01422475 -0.20402796]
2025-12-14 01:48:56,823 - INFO - num_full_subsets = 2
2025-12-14 01:48:56,859 - INFO - phi = [-1.4213006   0.18507262  0.01208706  0.02528085]
2025-12-14 01:48:56,892 - INFO - num_full_subsets = 2
2025-12-14 01:48:56,929 - INFO - phi = [-1.24231074 -0.38463497 -0.13257911  0.21720798]
2025-12-14 01:48:56,961 - INFO - num_full_subsets = 2
2025-12-14 01:48:56,998 - INFO - phi = [-0.66043578 -0.59018421  0.06688935 -0.79453061]
2025-12-14 01:48:57,031 - INFO - num_full_subsets = 2
2025-12-14 01:48:57,067 - INFO - phi = [ 0.94983021 -0.28937786 -0.11735358  0.39455698]
2025-12-14 01:48:57,100 - INFO - num_full_subsets = 2
2025-12-14 01:48:57,136 - INFO - phi = [-0.73457039  0.53439895  0.07881504 -0.24630928]
2025-12-14 01:48:57,169 - INFO - num_full_subsets = 2
2025-12-14 01:48:57,205 - INFO - phi = [-1.29189768 -0.42168728 -0.00137018  0.07265011]
2025-12-14 01:48:57,237 - INFO - num_full_subsets = 2
2025-12-14 01:48:57,274 - INFO - phi = [ 0.38173439  0.38890375  0.06376055 -0.45163734]
2025-12-14 01:48:57,306 - INFO - num_full_subsets = 2
2025-12-14 01:48:57,343 - INFO - phi = [-1.10313426  0.53105952  0.08435177  0.1175721 ]
2025-12-14 01:48:57,375 - INFO - num_full_subsets = 2
2025-12-14 01:48:57,411 - INFO - phi = [-1.02076491 -0.4805526  -0.17916768 -0.09916723]
2025-12-14 01:48:57,444 - INFO - num_full_subsets = 2
2025-12-14 01:48:57,481 - INFO - phi = [-0.92401455 -0.31350476 -0.14010949  0.42273022]
2025-12-14 01:48:57,513 - INFO - num_full_subsets = 2
2025-12-14 01:48:57,550 - INFO - phi = [-1.1555357  -0.45736252  0.01162645 -0.12946812]
2025-12-14 01:48:57,583 - INFO - num_full_subsets = 2
2025-12-14 01:48:57,620 - INFO - phi = [-0.94852747  0.58285223  0.14826264  0.20518245]
2025-12-14 01:48:57,652 - INFO - num_full_subsets = 2
2025-12-14 01:48:57,689 - INFO - phi = [ 1.10482789  0.31376166 -0.47322541  0.2538282 ]
2025-12-14 01:48:57,721 - INFO - num_full_subsets = 2
2025-12-14 01:48:57,758 - INFO - phi = [ 1.27594695 -0.11221109 -0.06068991  0.4031359 ]
2025-12-14 01:48:57,790 - INFO - num_full_subsets = 2
2025-12-14 01:48:57,827 - INFO - phi = [ 1.9685679   0.12052021 -0.17570659  0.35745042]
2025-12-14 01:48:57,859 - INFO - num_full_subsets = 2
2025-12-14 01:48:57,895 - INFO - phi = [ 0.57581947  0.61741784 -0.13600874  0.07428542]
2025-12-14 01:48:57,928 - INFO - num_full_subsets = 2
2025-12-14 01:48:57,965 - INFO - phi = [-1.15761682 -0.51558272  0.00331653  0.04281291]
2025-12-14 01:48:57,997 - INFO - num_full_subsets = 2
2025-12-14 01:48:58,035 - INFO - phi = [0.480764   0.63628668 0.11733128 0.14209202]
2025-12-14 01:48:58,067 - INFO - num_full_subsets = 2
2025-12-14 01:48:58,104 - INFO - phi = [ 1.34704495  0.33292591 -0.01861395 -0.13162357]
2025-12-14 01:48:58,137 - INFO - num_full_subsets = 2
2025-12-14 01:48:58,174 - INFO - phi = [0.58725162 0.10992907 0.10165211 0.44411053]
2025-12-14 01:48:58,206 - INFO - num_full_subsets = 2
2025-12-14 01:48:58,243 - INFO - phi = [-0.32351193 -0.26852436 -0.11779251  0.18607189]
2025-12-14 01:48:58,276 - INFO - num_full_subsets = 2
2025-12-14 01:48:58,313 - INFO - phi = [-0.17267703  0.23581585 -0.27067063 -0.01109357]
2025-12-14 01:48:58,345 - INFO - num_full_subsets = 2
2025-12-14 01:48:58,381 - INFO - phi = [-1.25614551  0.1529702  -0.14589734  0.05054652]
2025-12-14 01:48:58,413 - INFO - num_full_subsets = 2
2025-12-14 01:48:58,450 - INFO - phi = [-1.31402152  0.18286788 -0.01516074  0.08226848]
2025-12-14 01:48:58,482 - INFO - num_full_subsets = 2
2025-12-14 01:48:58,519 - INFO - phi = [-1.04152081 -0.49447731  0.05569029 -0.3839155 ]
2025-12-14 01:48:58,551 - INFO - num_full_subsets = 2
2025-12-14 01:48:58,587 - INFO - phi = [-1.02731176 -0.51953492 -0.04749164 -0.23455576]
2025-12-14 01:48:58,620 - INFO - num_full_subsets = 2
2025-12-14 01:48:58,656 - INFO - phi = [0.4469966  0.06191442 0.01191607 0.30500535]
2025-12-14 01:48:58,689 - INFO - num_full_subsets = 2
2025-12-14 01:48:58,725 - INFO - phi = [-1.02731176 -0.51953492 -0.04749164 -0.23455576]
2025-12-14 01:48:58,757 - INFO - num_full_subsets = 2
2025-12-14 01:48:58,794 - INFO - phi = [0.69446501 0.67915119 0.10289353 0.43221056]
2025-12-14 01:48:58,826 - INFO - num_full_subsets = 2
2025-12-14 01:48:58,862 - INFO - phi = [ 0.99923659  0.17465211  0.29000373 -0.01640761]
2025-12-14 01:48:58,894 - INFO - num_full_subsets = 2
2025-12-14 01:48:58,931 - INFO - phi = [ 0.29217169  0.55536903 -0.28840653 -0.38794753]
2025-12-14 01:48:58,964 - INFO - num_full_subsets = 2
2025-12-14 01:48:59,001 - INFO - phi = [-1.33364007 -0.45665744 -0.02158268  0.16856029]
2025-12-14 01:48:59,034 - INFO - num_full_subsets = 2
2025-12-14 01:48:59,071 - INFO - phi = [-0.9859637  -0.47174433 -0.1114362  -0.10153919]
2025-12-14 01:48:59,103 - INFO - num_full_subsets = 2
2025-12-14 01:48:59,141 - INFO - phi = [0.64237648 0.31471803 0.38466073 0.21194857]
2025-12-14 01:48:59,173 - INFO - num_full_subsets = 2
2025-12-14 01:48:59,210 - INFO - phi = [ 1.03688223  0.56047939 -0.63518472  0.02687505]
2025-12-14 01:48:59,243 - INFO - num_full_subsets = 2
2025-12-14 01:48:59,279 - INFO - phi = [-0.77875981 -0.45642942 -0.0132668  -0.20898741]
2025-12-14 01:48:59,311 - INFO - num_full_subsets = 2
2025-12-14 01:48:59,348 - INFO - phi = [-0.34121259 -0.68348116  0.0458265  -0.7681602 ]
2025-12-14 01:48:59,380 - INFO - num_full_subsets = 2
2025-12-14 01:48:59,417 - INFO - phi = [0.95922446 0.5580608  0.3400053  0.38154373]
2025-12-14 01:48:59,450 - INFO - num_full_subsets = 2
2025-12-14 01:48:59,487 - INFO - phi = [ 1.65493898 -0.09109667  0.29891587  0.28059966]
2025-12-14 01:48:59,520 - INFO - num_full_subsets = 2
2025-12-14 01:48:59,557 - INFO - phi = [ 0.36880052  0.37387554  0.28250027 -0.49620187]
2025-12-14 01:48:59,590 - INFO - num_full_subsets = 2
2025-12-14 01:48:59,626 - INFO - phi = [0.58242259 0.64371812 0.07407868 0.45695483]
2025-12-14 01:48:59,659 - INFO - num_full_subsets = 2
2025-12-14 01:48:59,696 - INFO - phi = [-0.88415175  0.08633674 -0.06263899  0.12977579]
2025-12-14 01:48:59,728 - INFO - num_full_subsets = 2
2025-12-14 01:48:59,764 - INFO - phi = [ 1.12096282 -0.04114244 -0.16944213  0.24209779]
2025-12-14 01:48:59,796 - INFO - num_full_subsets = 2
2025-12-14 01:48:59,833 - INFO - phi = [0.52561309 0.13989206 0.30125988 0.39228694]
2025-12-14 01:48:59,865 - INFO - num_full_subsets = 2
2025-12-14 01:48:59,901 - INFO - phi = [1.8736375  0.59525642 0.00352688 0.23107874]
2025-12-14 01:48:59,934 - INFO - num_full_subsets = 2
2025-12-14 01:48:59,971 - INFO - phi = [-1.45802201  0.39074634 -0.05444906 -0.19303449]
2025-12-14 01:49:00,003 - INFO - num_full_subsets = 2
2025-12-14 01:49:00,040 - INFO - phi = [-0.72232004 -0.57586885 -0.01881455  0.39291853]
2025-12-14 01:49:00,073 - INFO - num_full_subsets = 2
2025-12-14 01:49:00,110 - INFO - phi = [ 0.2100052   0.51670089 -0.25722567 -0.53232508]
2025-12-14 01:49:00,143 - INFO - num_full_subsets = 2
2025-12-14 01:49:00,179 - INFO - phi = [-0.67886268 -0.6489392   0.01291243 -0.2510928 ]
2025-12-14 01:49:00,213 - INFO - num_full_subsets = 2
2025-12-14 01:49:00,250 - INFO - phi = [0.75470487 0.13139111 0.27950876 0.44978921]
2025-12-14 01:49:00,282 - INFO - num_full_subsets = 2
2025-12-14 01:49:00,319 - INFO - phi = [ 0.20756246  0.60506004 -0.50231739 -0.41530454]
2025-12-14 01:49:00,352 - INFO - num_full_subsets = 2
2025-12-14 01:49:00,389 - INFO - phi = [-0.30340808 -0.68723598  0.0035995   0.32372481]
2025-12-14 01:49:00,422 - INFO - num_full_subsets = 2
2025-12-14 01:49:00,460 - INFO - phi = [0.81171213 0.45999872 0.01349036 0.28701299]
2025-12-14 01:49:00,492 - INFO - num_full_subsets = 2
2025-12-14 01:49:00,529 - INFO - phi = [ 0.51772167  0.57273012 -0.41015152  0.26901127]
2025-12-14 01:49:00,561 - INFO - num_full_subsets = 2
2025-12-14 01:49:00,598 - INFO - phi = [-0.4985567  -0.69017195  0.05864885 -0.43217206]
2025-12-14 01:49:00,630 - INFO - num_full_subsets = 2
2025-12-14 01:49:00,667 - INFO - phi = [-0.33444164 -0.7442036   0.06750777 -0.2041203 ]
2025-12-14 01:49:00,699 - INFO - num_full_subsets = 2
2025-12-14 01:49:00,735 - INFO - phi = [ 0.42382177  0.13853504 -0.03904626 -0.16808989]
2025-12-14 01:49:00,767 - INFO - num_full_subsets = 2
2025-12-14 01:49:00,803 - INFO - phi = [-0.77098915 -0.08712474 -0.02528338  0.21468866]
2025-12-14 01:49:00,835 - INFO - num_full_subsets = 2
2025-12-14 01:49:00,871 - INFO - phi = [-0.36643937 -0.65248453  0.13018386 -0.47203117]
2025-12-14 01:49:00,904 - INFO - num_full_subsets = 2
2025-12-14 01:49:00,940 - INFO - phi = [-0.91241107 -0.48976159 -0.16855254  0.0390401 ]
2025-12-14 01:49:00,973 - INFO - num_full_subsets = 2
2025-12-14 01:49:01,009 - INFO - phi = [1.76271987 0.37083321 0.09547613 0.4326767 ]
2025-12-14 01:49:01,041 - INFO - num_full_subsets = 2
2025-12-14 01:49:01,078 - INFO - phi = [-1.08964779 -0.42980325  0.00559358 -0.43323881]
2025-12-14 01:49:01,109 - INFO - num_full_subsets = 2
2025-12-14 01:49:01,146 - INFO - phi = [ 0.40074993 -0.37469155 -1.07679026 -0.17134663]
2025-12-14 01:49:01,179 - INFO - num_full_subsets = 2
2025-12-14 01:49:01,215 - INFO - phi = [-0.31690704 -0.70878185  0.07658622 -0.45835843]
2025-12-14 01:49:01,247 - INFO - num_full_subsets = 2
2025-12-14 01:49:01,284 - INFO - phi = [0.45261472 0.11042419 0.04791724 0.31602641]
2025-12-14 01:49:01,316 - INFO - num_full_subsets = 2
2025-12-14 01:49:01,352 - INFO - phi = [-0.19601618 -0.1189798  -0.00274889  0.20571695]
2025-12-14 01:49:01,385 - INFO - num_full_subsets = 2
2025-12-14 01:49:01,421 - INFO - phi = [ 1.80805335 -0.01234212  0.05351016 -0.86643904]
2025-12-14 01:49:01,454 - INFO - num_full_subsets = 2
2025-12-14 01:49:01,490 - INFO - phi = [-1.36325257e+00 -4.80433189e-01  6.62084562e-04  5.71569966e-02]
2025-12-14 01:49:01,523 - INFO - num_full_subsets = 2
2025-12-14 01:49:01,559 - INFO - phi = [0.64831493 0.68080145 0.18317945 0.45160365]
2025-12-14 01:49:01,591 - INFO - num_full_subsets = 2
2025-12-14 01:49:01,628 - INFO - phi = [-0.44762491  0.36301442  0.2173189   0.29662652]
2025-12-14 01:49:01,660 - INFO - num_full_subsets = 2
2025-12-14 01:49:01,697 - INFO - phi = [ 0.30176118  0.21768341 -0.04759413 -0.46582108]
2025-12-14 01:49:01,729 - INFO - num_full_subsets = 2
2025-12-14 01:49:01,765 - INFO - phi = [-0.89657485 -0.42260364 -0.10293791 -0.05726197]
2025-12-14 01:49:01,797 - INFO - num_full_subsets = 2
2025-12-14 01:49:01,834 - INFO - phi = [0.56823189 0.12222556 0.17973606 0.3379649 ]
2025-12-14 01:49:01,866 - INFO - num_full_subsets = 2
2025-12-14 01:49:01,902 - INFO - phi = [-1.48830629 -0.3516793   0.02727049  0.21446154]
2025-12-14 01:49:01,934 - INFO - num_full_subsets = 2
2025-12-14 01:49:01,971 - INFO - phi = [0.55146583 0.12165415 0.01802098 0.1380166 ]
2025-12-14 01:49:02,003 - INFO - num_full_subsets = 2
2025-12-14 01:49:02,040 - INFO - phi = [-1.2237042  -0.49246602  0.0491287   0.08717457]
2025-12-14 01:49:02,072 - INFO - num_full_subsets = 2
2025-12-14 01:49:02,108 - INFO - phi = [-0.60918183 -0.10832295  0.02195549  0.04154936]
2025-12-14 01:49:02,141 - INFO - num_full_subsets = 2
2025-12-14 01:49:02,178 - INFO - phi = [-0.87230657 -0.48754539 -0.18949056 -0.18129399]
2025-12-14 01:49:02,210 - INFO - num_full_subsets = 2
2025-12-14 01:49:02,247 - INFO - phi = [ 1.76972901 -0.031064    0.14799383  0.26106806]
2025-12-14 01:49:02,280 - INFO - num_full_subsets = 2
2025-12-14 01:49:02,317 - INFO - phi = [1.05063208 0.0937716  0.03854511 0.11531003]
2025-12-14 01:49:02,349 - INFO - num_full_subsets = 2
2025-12-14 01:49:02,386 - INFO - phi = [-0.69875001  0.32106568 -0.01899134  0.205972  ]
2025-12-14 01:49:02,418 - INFO - num_full_subsets = 2
2025-12-14 01:49:02,454 - INFO - phi = [-1.31076093  0.18001967 -0.16409565 -0.07133613]
2025-12-14 01:49:02,486 - INFO - num_full_subsets = 2
2025-12-14 01:49:02,523 - INFO - phi = [-0.66043578 -0.59018421  0.06688935 -0.79453061]
2025-12-14 01:49:02,555 - INFO - num_full_subsets = 2
2025-12-14 01:49:02,592 - INFO - phi = [-0.71257597 -0.58406259 -0.0188979   0.12698154]
2025-12-14 01:49:02,623 - INFO - num_full_subsets = 2
2025-12-14 01:49:02,660 - INFO - phi = [ 0.40848097 -0.05302126  0.08668801 -0.7594753 ]
2025-12-14 01:49:02,692 - INFO - num_full_subsets = 2
2025-12-14 01:49:02,729 - INFO - phi = [ 3.31904984e-01 -6.84272027e-01  3.17909736e-04 -7.64698863e-01]
2025-12-14 01:49:02,761 - INFO - num_full_subsets = 2
2025-12-14 01:49:02,798 - INFO - phi = [ 1.06214446 -0.04845646  0.10530544 -0.13907022]
2025-12-14 01:49:02,830 - INFO - num_full_subsets = 2
2025-12-14 01:49:02,866 - INFO - phi = [-1.23947029 -0.11638161 -0.00535596 -0.23621077]
2025-12-14 01:49:02,898 - INFO - num_full_subsets = 2
2025-12-14 01:49:02,935 - INFO - phi = [ 0.49558761  0.10369549 -0.1933307   0.31094793]
2025-12-14 01:49:02,968 - INFO - num_full_subsets = 2
2025-12-14 01:49:03,004 - INFO - phi = [-0.24786869 -0.64009844  0.07900846  0.2365479 ]
2025-12-14 01:49:03,037 - INFO - num_full_subsets = 2
2025-12-14 01:49:03,073 - INFO - phi = [ 0.39830103  0.58107599  0.20486139 -0.82910442]
2025-12-14 01:49:03,106 - INFO - num_full_subsets = 2
2025-12-14 01:49:03,142 - INFO - phi = [-1.35792126  0.35560456  0.02219998  0.27521731]
2025-12-14 01:49:03,175 - INFO - num_full_subsets = 2
2025-12-14 01:49:03,211 - INFO - phi = [-1.45428513  0.38349099 -0.06912653  0.09915995]
2025-12-14 01:49:03,244 - INFO - num_full_subsets = 2
2025-12-14 01:49:03,281 - INFO - phi = [-0.6952292  -0.6376701  -0.0162383  -0.15911733]
2025-12-14 01:49:03,313 - INFO - num_full_subsets = 2
2025-12-14 01:49:03,349 - INFO - phi = [ 0.33088279 -0.58784729  0.233507    0.28869761]
2025-12-14 01:49:03,382 - INFO - num_full_subsets = 2
2025-12-14 01:49:03,418 - INFO - phi = [ 0.95669755 -0.63025261  0.10573644  0.39546735]
2025-12-14 01:49:03,450 - INFO - num_full_subsets = 2
2025-12-14 01:49:03,486 - INFO - phi = [-0.89423784 -0.50863576 -0.37043133 -0.09802249]
2025-12-14 01:49:03,518 - INFO - num_full_subsets = 2
2025-12-14 01:49:03,555 - INFO - phi = [-0.99890151  0.485779   -0.30982131  0.13834701]
2025-12-14 01:49:03,587 - INFO - num_full_subsets = 2
2025-12-14 01:49:03,623 - INFO - phi = [0.59406585 0.67533623 0.25728453 0.40469407]
2025-12-14 01:49:03,656 - INFO - num_full_subsets = 2
2025-12-14 01:49:03,692 - INFO - phi = [ 1.59438879  0.12522509  0.05075096 -0.87263832]
2025-12-14 01:49:03,724 - INFO - num_full_subsets = 2
2025-12-14 01:49:03,761 - INFO - phi = [0.61215096 0.32673534 0.14761115 0.35228426]
2025-12-14 01:49:03,793 - INFO - num_full_subsets = 2
2025-12-14 01:49:03,829 - INFO - phi = [-0.72945662 -0.63252719  0.06174285 -0.47860614]
2025-12-14 01:49:03,861 - INFO - num_full_subsets = 2
2025-12-14 01:49:03,897 - INFO - phi = [ 2.14518813  0.27904028 -0.07214859  0.15907192]
2025-12-14 01:49:03,930 - INFO - num_full_subsets = 2
2025-12-14 01:49:03,966 - INFO - phi = [-0.28603311 -0.18234895  0.38031836 -0.34779584]
2025-12-14 01:49:03,998 - INFO - num_full_subsets = 2
2025-12-14 01:49:04,035 - INFO - phi = [-0.6595671  -0.60275813 -0.12014346 -0.22981403]
2025-12-14 01:49:04,067 - INFO - num_full_subsets = 2
2025-12-14 01:49:04,104 - INFO - phi = [ 0.31271016  0.26162747 -0.18441982  0.05353301]
2025-12-14 01:49:04,136 - INFO - num_full_subsets = 2
2025-12-14 01:49:04,173 - INFO - phi = [0.24466922 0.32359748 0.11319141 0.10456712]
2025-12-14 01:49:04,206 - INFO - num_full_subsets = 2
2025-12-14 01:49:04,243 - INFO - phi = [-1.07218692 -0.55173729  0.05692436 -0.13579585]
2025-12-14 01:49:04,275 - INFO - num_full_subsets = 2
2025-12-14 01:49:04,312 - INFO - phi = [2.35103978 0.70448756 0.0186397  0.43720787]
2025-12-14 01:49:04,345 - INFO - num_full_subsets = 2
2025-12-14 01:49:04,381 - INFO - phi = [ 0.20675671  0.07507265  0.08900658 -0.78787984]
2025-12-14 01:49:04,413 - INFO - num_full_subsets = 2
2025-12-14 01:49:04,450 - INFO - phi = [-1.01096508 -0.46804969  0.00434272 -0.70089414]
2025-12-14 01:49:04,482 - INFO - num_full_subsets = 2
2025-12-14 01:49:04,519 - INFO - phi = [-0.05151068  0.3995476  -0.04419744 -0.01781222]
2025-12-14 01:49:04,551 - INFO - num_full_subsets = 2
2025-12-14 01:49:04,587 - INFO - phi = [-0.90864891 -0.60673929  0.05681557 -0.23383426]
2025-12-14 01:49:04,619 - INFO - num_full_subsets = 2
2025-12-14 01:49:04,656 - INFO - phi = [0.00847822 0.71231544 0.03658788 0.36915503]
2025-12-14 01:49:04,688 - INFO - num_full_subsets = 2
2025-12-14 01:49:04,724 - INFO - phi = [-1.34737851  0.18696105 -0.02701349 -0.12175331]
2025-12-14 01:49:04,756 - INFO - num_full_subsets = 2
2025-12-14 01:49:04,793 - INFO - phi = [ 2.08418357  0.19959732 -0.27835206  0.35491156]
2025-12-14 01:49:04,825 - INFO - num_full_subsets = 2
2025-12-14 01:49:04,861 - INFO - phi = [-0.63366069 -0.68082775 -0.02168026 -0.15477975]
2025-12-14 01:49:04,893 - INFO - num_full_subsets = 2
2025-12-14 01:49:04,930 - INFO - phi = [-1.32469978 -0.46511206 -0.0263181   0.04890747]
2025-12-14 01:49:04,962 - INFO - num_full_subsets = 2
2025-12-14 01:49:04,998 - INFO - phi = [2.2196776  0.18564707 0.0392741  0.45831471]
2025-12-14 01:49:05,030 - INFO - num_full_subsets = 2
2025-12-14 01:49:05,067 - INFO - phi = [-1.15916656 -0.50738154  0.05552638 -0.13603775]
2025-12-14 01:49:05,099 - INFO - num_full_subsets = 2
2025-12-14 01:49:05,136 - INFO - phi = [-0.65583785 -0.64856101 -0.00216747 -0.36824455]
2025-12-14 01:49:05,168 - INFO - num_full_subsets = 2
2025-12-14 01:49:05,205 - INFO - phi = [2.02256951 0.31817864 0.24711767 0.20943375]
2025-12-14 01:49:05,238 - INFO - num_full_subsets = 2
2025-12-14 01:49:05,274 - INFO - phi = [-0.41905611 -0.61826759  0.01033622  0.1363619 ]
2025-12-14 01:49:05,306 - INFO - num_full_subsets = 2
2025-12-14 01:49:05,343 - INFO - phi = [ 1.7098506   0.65261486 -0.06572434  0.12909243]
2025-12-14 01:49:05,375 - INFO - num_full_subsets = 2
2025-12-14 01:49:05,412 - INFO - phi = [-0.9695742   0.27583985 -0.28359045  0.2489562 ]
2025-12-14 01:49:05,445 - INFO - num_full_subsets = 2
2025-12-14 01:49:05,481 - INFO - phi = [-0.65319952  0.20314348  0.01402523  0.36312638]
2025-12-14 01:49:05,514 - INFO - num_full_subsets = 2
2025-12-14 01:49:05,550 - INFO - phi = [-1.02014359 -0.50156138 -0.01028113 -0.39011083]
2025-12-14 01:49:05,582 - INFO - num_full_subsets = 2
2025-12-14 01:49:05,618 - INFO - phi = [ 0.68670895 -0.29846338  0.09199128  0.36641061]
2025-12-14 01:49:05,651 - INFO - num_full_subsets = 2
2025-12-14 01:49:05,687 - INFO - phi = [0.46269753 0.31236357 0.09142752 0.34854227]
2025-12-14 01:49:05,719 - INFO - num_full_subsets = 2
2025-12-14 01:49:05,756 - INFO - phi = [0.69446501 0.67915119 0.10289353 0.43221056]
2025-12-14 01:49:05,788 - INFO - num_full_subsets = 2
2025-12-14 01:49:05,825 - INFO - phi = [ 0.51508699  0.61445521 -0.27597008  0.17728706]
2025-12-14 01:49:05,857 - INFO - num_full_subsets = 2
2025-12-14 01:49:05,893 - INFO - phi = [ 0.30712469 -0.4549985  -0.03105676 -0.74992492]
2025-12-14 01:49:05,926 - INFO - num_full_subsets = 2
2025-12-14 01:49:05,963 - INFO - phi = [2.03421052 0.59238473 0.07954391 0.37279322]
2025-12-14 01:49:05,995 - INFO - num_full_subsets = 2
2025-12-14 01:49:06,032 - INFO - phi = [0.98828915 0.42098807 0.22530023 0.4143776 ]
2025-12-14 01:49:06,065 - INFO - num_full_subsets = 2
2025-12-14 01:49:06,101 - INFO - phi = [-0.60460575  0.22774582  0.09915123  0.43975914]
2025-12-14 01:49:06,610 - INFO - Computing feature importance...
2025-12-14 01:49:10,904 - INFO - Experiment completed for NGBoost
2025-12-14 01:49:10,904 - INFO - Total time: 238.62s (3.98 min)
2025-12-14 01:49:10,905 - INFO - Starting comprehensive experiment for NGBoost
2025-12-14 01:49:26,160 - INFO - Performing feature analysis...
2025-12-14 01:49:27,336 - INFO - Model justification: Probabilistic forecasting with natural gradient boosting, provides uncertainty quantification
2025-12-14 01:49:27,336 - INFO - Performing robust cross-validation...
2025-12-14 01:50:05,843 - INFO - CV Results - MSE: 0.8028 ± 0.1524
2025-12-14 01:50:05,844 - INFO - Starting hyperparameter optimization...
2025-12-14 01:52:23,371 - INFO - Best parameters for NGBoost: {'n_estimators': 64, 'learning_rate': 0.04117055183567363, 'minibatch_frac': 0.6163205207550329, 'natural_gradient': True}
2025-12-14 01:52:23,371 - INFO - ⏱️ HPO took 137.53 seconds
2025-12-14 01:52:23,371 - INFO - Training final model...
2025-12-14 01:52:23,697 - INFO - ⏱️ Training took 0.33 seconds
2025-12-14 01:52:23,697 - INFO - Performing residual analysis...
2025-12-14 01:52:24,727 - INFO - Generating XAI explanations...
2025-12-14 01:52:24,736 - WARNING - Using 168 background data samples could cause slower run times. Consider using shap.sample(data, K) or shap.kmeans(data, K) to summarize the background as K samples.
2025-12-14 01:52:24,759 - INFO - num_full_subsets = 2
2025-12-14 01:52:24,778 - INFO - phi = [-1.13862615 -0.54425587 -0.01008973 -0.0826772 ]
2025-12-14 01:52:24,801 - INFO - num_full_subsets = 2
2025-12-14 01:52:24,820 - INFO - phi = [-1.40214216  0.327302   -0.22579411  0.06372224]
2025-12-14 01:52:24,843 - INFO - num_full_subsets = 2
2025-12-14 01:52:24,863 - INFO - phi = [-0.9224076  -0.55370277 -0.00241939 -0.38157279]
2025-12-14 01:52:24,887 - INFO - num_full_subsets = 2
2025-12-14 01:52:24,906 - INFO - phi = [-1.60527369 -0.088361   -0.01865257  0.10991884]
2025-12-14 01:52:24,929 - INFO - num_full_subsets = 2
2025-12-14 01:52:24,948 - INFO - phi = [ 0.15254201 -0.04134364  0.13089594 -0.80791526]
2025-12-14 01:52:24,972 - INFO - num_full_subsets = 2
2025-12-14 01:52:24,991 - INFO - phi = [-0.87425574 -0.79670516  0.03288449  0.13814061]
2025-12-14 01:52:25,014 - INFO - num_full_subsets = 2
2025-12-14 01:52:25,034 - INFO - phi = [-0.74378976 -0.59685543 -0.2624967  -0.30895586]
2025-12-14 01:52:25,057 - INFO - num_full_subsets = 2
2025-12-14 01:52:25,077 - INFO - phi = [ 0.97693502  0.00570449 -0.02842262  0.54590218]
2025-12-14 01:52:25,100 - INFO - num_full_subsets = 2
2025-12-14 01:52:25,119 - INFO - phi = [-0.60638574 -0.70170469 -0.04956087  0.11070747]
2025-12-14 01:52:25,143 - INFO - num_full_subsets = 2
2025-12-14 01:52:25,162 - INFO - phi = [-0.68599826 -0.85835908 -0.01218151 -0.08700773]
2025-12-14 01:52:25,185 - INFO - num_full_subsets = 2
2025-12-14 01:52:25,205 - INFO - phi = [-1.71899685  0.35766468 -0.10921897  0.11714359]
2025-12-14 01:52:25,227 - INFO - num_full_subsets = 2
2025-12-14 01:52:25,247 - INFO - phi = [0.33616372 0.26907704 0.18064747 0.16452955]
2025-12-14 01:52:25,270 - INFO - num_full_subsets = 2
2025-12-14 01:52:25,289 - INFO - phi = [ 0.12636554  0.40255193  0.14068241 -0.17431209]
2025-12-14 01:52:25,313 - INFO - num_full_subsets = 2
2025-12-14 01:52:25,332 - INFO - phi = [ 1.66478501  0.15291775 -0.30679921 -0.50630928]
2025-12-14 01:52:25,355 - INFO - num_full_subsets = 2
2025-12-14 01:52:25,374 - INFO - phi = [ 0.32287821  0.35906203  0.0391943  -0.37016643]
2025-12-14 01:52:25,397 - INFO - num_full_subsets = 2
2025-12-14 01:52:25,417 - INFO - phi = [ 1.41019741  0.42813934 -0.09547258  0.31976231]
2025-12-14 01:52:25,439 - INFO - num_full_subsets = 2
2025-12-14 01:52:25,459 - INFO - phi = [-1.42669304 -0.46271513  0.03972436  0.24603346]
2025-12-14 01:52:25,481 - INFO - num_full_subsets = 2
2025-12-14 01:52:25,501 - INFO - phi = [ 1.38286586  0.05122887 -0.08353627  0.06010482]
2025-12-14 01:52:25,524 - INFO - num_full_subsets = 2
2025-12-14 01:52:25,543 - INFO - phi = [-1.16289616  0.23253432 -0.01622517 -0.24317603]
2025-12-14 01:52:25,566 - INFO - num_full_subsets = 2
2025-12-14 01:52:25,586 - INFO - phi = [-0.99580781  0.46649292 -0.10873566  0.23117119]
2025-12-14 01:52:25,609 - INFO - num_full_subsets = 2
2025-12-14 01:52:25,628 - INFO - phi = [-0.3877339  -0.8740941   0.08812929 -0.5184796 ]
2025-12-14 01:52:25,651 - INFO - num_full_subsets = 2
2025-12-14 01:52:25,671 - INFO - phi = [ 0.88076068 -0.05321189 -0.12753066  0.36982947]
2025-12-14 01:52:25,694 - INFO - num_full_subsets = 2
2025-12-14 01:52:25,713 - INFO - phi = [0.37341012 0.20646583 0.04776969 0.33160599]
2025-12-14 01:52:25,736 - INFO - num_full_subsets = 2
2025-12-14 01:52:25,756 - INFO - phi = [ 0.89809021 -0.56639068  0.44258177 -0.7698217 ]
2025-12-14 01:52:25,779 - INFO - num_full_subsets = 2
2025-12-14 01:52:25,798 - INFO - phi = [-1.38229923  0.25147799 -0.04485039  0.28035546]
2025-12-14 01:52:25,821 - INFO - num_full_subsets = 2
2025-12-14 01:52:25,841 - INFO - phi = [ 1.66478501  0.15291775 -0.30679921 -0.50630928]
2025-12-14 01:52:25,864 - INFO - num_full_subsets = 2
2025-12-14 01:52:25,883 - INFO - phi = [-0.80777504 -0.65831501 -0.24487968 -0.12010112]
2025-12-14 01:52:25,906 - INFO - num_full_subsets = 2
2025-12-14 01:52:25,925 - INFO - phi = [ 0.48283074 -0.24909164  0.21350959  0.48500804]
2025-12-14 01:52:25,949 - INFO - num_full_subsets = 2
2025-12-14 01:52:25,968 - INFO - phi = [-1.61717452 -0.0479831  -0.01541877  0.12469374]
2025-12-14 01:52:25,991 - INFO - num_full_subsets = 2
2025-12-14 01:52:26,010 - INFO - phi = [ 1.15206661 -0.22365495  0.00925204  0.3540947 ]
2025-12-14 01:52:26,034 - INFO - num_full_subsets = 2
2025-12-14 01:52:26,053 - INFO - phi = [-0.77013716  0.35081294 -0.04899438  0.42026553]
2025-12-14 01:52:26,076 - INFO - num_full_subsets = 2
2025-12-14 01:52:26,095 - INFO - phi = [ 0.01046533  0.58702544 -0.06568463 -0.03461193]
2025-12-14 01:52:26,118 - INFO - num_full_subsets = 2
2025-12-14 01:52:26,138 - INFO - phi = [1.17183623 0.26810768 0.15500657 0.23075198]
2025-12-14 01:52:26,161 - INFO - num_full_subsets = 2
2025-12-14 01:52:26,180 - INFO - phi = [0.40584122 0.39391727 0.27534013 0.41371307]
2025-12-14 01:52:26,203 - INFO - num_full_subsets = 2
2025-12-14 01:52:26,223 - INFO - phi = [0.38464441 0.29595447 0.1470719  0.29958747]
2025-12-14 01:52:26,246 - INFO - num_full_subsets = 2
2025-12-14 01:52:26,265 - INFO - phi = [ 0.19192092  0.47292681 -0.00899409 -0.74465365]
2025-12-14 01:52:26,289 - INFO - num_full_subsets = 2
2025-12-14 01:52:26,308 - INFO - phi = [-1.25522401  0.36509011 -0.04545966 -0.22737666]
2025-12-14 01:52:26,331 - INFO - num_full_subsets = 2
2025-12-14 01:52:26,350 - INFO - phi = [ 1.96425041  0.56001318 -0.040965    0.35970683]
2025-12-14 01:52:26,373 - INFO - num_full_subsets = 2
2025-12-14 01:52:26,392 - INFO - phi = [-0.14666614  0.33581881 -0.01673371  0.28048839]
2025-12-14 01:52:26,416 - INFO - num_full_subsets = 2
2025-12-14 01:52:26,435 - INFO - phi = [-1.16603712 -0.60388379 -0.0435728   0.08371293]
2025-12-14 01:52:26,458 - INFO - num_full_subsets = 2
2025-12-14 01:52:26,477 - INFO - phi = [ 1.20580618  0.11709172 -0.06911843  0.18501888]
2025-12-14 01:52:26,500 - INFO - num_full_subsets = 2
2025-12-14 01:52:26,520 - INFO - phi = [0.37507628 0.09886755 0.03574946 0.31384073]
2025-12-14 01:52:26,543 - INFO - num_full_subsets = 2
2025-12-14 01:52:26,562 - INFO - phi = [ 0.5421228   0.55894131 -0.05950922  0.04108307]
2025-12-14 01:52:26,585 - INFO - num_full_subsets = 2
2025-12-14 01:52:26,604 - INFO - phi = [-1.41288914 -0.43747382 -0.0603419   0.07943392]
2025-12-14 01:52:26,627 - INFO - num_full_subsets = 2
2025-12-14 01:52:26,647 - INFO - phi = [ 0.33036534  0.61318152  0.2588857  -0.40754812]
2025-12-14 01:52:26,670 - INFO - num_full_subsets = 2
2025-12-14 01:52:26,689 - INFO - phi = [-0.9289645   0.61914182  0.16366046  0.13820654]
2025-12-14 01:52:26,712 - INFO - num_full_subsets = 2
2025-12-14 01:52:26,731 - INFO - phi = [0.89506804 0.19959702 0.03481674 0.25695638]
2025-12-14 01:52:26,754 - INFO - num_full_subsets = 2
2025-12-14 01:52:26,774 - INFO - phi = [ 0.68713594  0.2072594  -0.04724341  0.41821636]
2025-12-14 01:52:26,796 - INFO - num_full_subsets = 2
2025-12-14 01:52:26,816 - INFO - phi = [-1.07639286 -0.40090333 -0.37682621  0.40815327]
2025-12-14 01:52:26,839 - INFO - num_full_subsets = 2
2025-12-14 01:52:26,858 - INFO - phi = [-0.62143748 -0.85261297 -0.0358094  -0.20713244]
2025-12-14 01:52:26,881 - INFO - num_full_subsets = 2
2025-12-14 01:52:26,901 - INFO - phi = [ 0.23717938  0.14775092  0.04990726 -0.61658787]
2025-12-14 01:52:26,924 - INFO - num_full_subsets = 2
2025-12-14 01:52:26,943 - INFO - phi = [1.96620232 0.12054372 0.18843822 0.47074749]
2025-12-14 01:52:26,966 - INFO - num_full_subsets = 2
2025-12-14 01:52:26,985 - INFO - phi = [1.40272547 0.61097925 0.01317572 0.29873767]
2025-12-14 01:52:27,008 - INFO - num_full_subsets = 2
2025-12-14 01:52:27,028 - INFO - phi = [-0.44731416 -0.7799673   0.01837405  0.14617004]
2025-12-14 01:52:27,051 - INFO - num_full_subsets = 2
2025-12-14 01:52:27,071 - INFO - phi = [1.83802112 0.29575959 0.04817266 0.34766897]
2025-12-14 01:52:27,094 - INFO - num_full_subsets = 2
2025-12-14 01:52:27,113 - INFO - phi = [1.24110662 0.32405911 0.18212556 0.29769594]
2025-12-14 01:52:27,136 - INFO - num_full_subsets = 2
2025-12-14 01:52:27,156 - INFO - phi = [-0.88280587 -0.79449321  0.05746588 -0.20016279]
2025-12-14 01:52:27,179 - INFO - num_full_subsets = 2
2025-12-14 01:52:27,198 - INFO - phi = [-0.74982804 -0.69214823 -0.01197865 -0.41965944]
2025-12-14 01:52:27,221 - INFO - num_full_subsets = 2
2025-12-14 01:52:27,240 - INFO - phi = [0.96400144 0.64634389 0.11176522 0.3153146 ]
2025-12-14 01:52:27,264 - INFO - num_full_subsets = 2
2025-12-14 01:52:27,283 - INFO - phi = [-1.18343794 -0.51173162  0.02725603 -0.21808784]
2025-12-14 01:52:27,306 - INFO - num_full_subsets = 2
2025-12-14 01:52:27,326 - INFO - phi = [ 0.46681577 -0.66165509  0.32421295 -0.76952974]
2025-12-14 01:52:27,349 - INFO - num_full_subsets = 2
2025-12-14 01:52:27,368 - INFO - phi = [ 2.07573841  0.31341306 -0.04011156  0.38024732]
2025-12-14 01:52:27,391 - INFO - num_full_subsets = 2
2025-12-14 01:52:27,410 - INFO - phi = [0.81547031 0.62134096 0.03617776 0.34322927]
2025-12-14 01:52:27,433 - INFO - num_full_subsets = 2
2025-12-14 01:52:27,453 - INFO - phi = [ 0.32530103 -0.38418796  0.209958    0.2743158 ]
2025-12-14 01:52:27,476 - INFO - num_full_subsets = 2
2025-12-14 01:52:27,495 - INFO - phi = [ 1.42201206  0.03989989 -0.0289905   0.36861571]
2025-12-14 01:52:27,518 - INFO - num_full_subsets = 2
2025-12-14 01:52:27,537 - INFO - phi = [ 0.29951846  0.17979201 -0.08015473  0.28781303]
2025-12-14 01:52:27,560 - INFO - num_full_subsets = 2
2025-12-14 01:52:27,579 - INFO - phi = [-0.67622303 -0.72682448 -0.07168202 -0.16826027]
2025-12-14 01:52:27,602 - INFO - num_full_subsets = 2
2025-12-14 01:52:27,622 - INFO - phi = [0.17781315 0.1846023  0.26011155 0.44831565]
2025-12-14 01:52:27,645 - INFO - num_full_subsets = 2
2025-12-14 01:52:27,664 - INFO - phi = [-1.17743084  0.50791404 -0.06069968 -0.04873261]
2025-12-14 01:52:27,687 - INFO - num_full_subsets = 2
2025-12-14 01:52:27,706 - INFO - phi = [ 1.83562629  0.36577149 -0.01274056  0.38852129]
2025-12-14 01:52:27,729 - INFO - num_full_subsets = 2
2025-12-14 01:52:27,748 - INFO - phi = [-0.16896079  0.33691706  0.08184886  0.06738818]
2025-12-14 01:52:27,771 - INFO - num_full_subsets = 2
2025-12-14 01:52:27,790 - INFO - phi = [-0.63950819  1.78273465 -0.0336097  -0.33386034]
2025-12-14 01:52:27,813 - INFO - num_full_subsets = 2
2025-12-14 01:52:27,833 - INFO - phi = [-0.62143748 -0.85261297 -0.0358094  -0.20713244]
2025-12-14 01:52:27,855 - INFO - num_full_subsets = 2
2025-12-14 01:52:27,875 - INFO - phi = [-0.89637501 -0.72791903 -0.00110559 -0.21492745]
2025-12-14 01:52:27,898 - INFO - num_full_subsets = 2
2025-12-14 01:52:27,917 - INFO - phi = [-1.06500649 -0.47967122 -0.16075911 -0.22009266]
2025-12-14 01:52:27,941 - INFO - num_full_subsets = 2
2025-12-14 01:52:27,961 - INFO - phi = [0.25504741 0.53100097 0.12857174 0.32035847]
2025-12-14 01:52:27,984 - INFO - num_full_subsets = 2
2025-12-14 01:52:28,003 - INFO - phi = [-0.99163827 -0.63026195  0.04187452 -0.30893056]
2025-12-14 01:52:28,026 - INFO - num_full_subsets = 2
2025-12-14 01:52:28,046 - INFO - phi = [ 0.02422749  0.42231662  0.11736198 -0.68103691]
2025-12-14 01:52:28,069 - INFO - num_full_subsets = 2
2025-12-14 01:52:28,089 - INFO - phi = [ 0.3174774   0.41911426 -0.1517459   0.31080574]
2025-12-14 01:52:28,112 - INFO - num_full_subsets = 2
2025-12-14 01:52:28,131 - INFO - phi = [ 0.13883164  0.3074693   0.03100575 -0.54513731]
2025-12-14 01:52:28,155 - INFO - num_full_subsets = 2
2025-12-14 01:52:28,174 - INFO - phi = [-1.10947615 -0.55230378 -0.01425762 -0.28190806]
2025-12-14 01:52:28,198 - INFO - num_full_subsets = 2
2025-12-14 01:52:28,217 - INFO - phi = [0.32384994 0.21041446 0.27416907 0.29945688]
2025-12-14 01:52:28,240 - INFO - num_full_subsets = 2
2025-12-14 01:52:28,260 - INFO - phi = [ 0.30596411 -0.72754157  0.00138954 -0.78948577]
2025-12-14 01:52:28,283 - INFO - num_full_subsets = 2
2025-12-14 01:52:28,302 - INFO - phi = [-0.69503657 -0.32472016 -0.39624548  0.74001707]
2025-12-14 01:52:28,325 - INFO - num_full_subsets = 2
2025-12-14 01:52:28,345 - INFO - phi = [ 0.32008348  0.40284258  0.04924705 -0.39307303]
2025-12-14 01:52:28,368 - INFO - num_full_subsets = 2
2025-12-14 01:52:28,387 - INFO - phi = [0.34992252 0.52119735 0.32068768 0.33656597]
2025-12-14 01:52:28,410 - INFO - num_full_subsets = 2
2025-12-14 01:52:28,430 - INFO - phi = [-1.16615389 -0.63171776 -0.02628738  0.19062525]
2025-12-14 01:52:28,453 - INFO - num_full_subsets = 2
2025-12-14 01:52:28,473 - INFO - phi = [-1.0816674  -0.38917948 -0.15713051 -0.25734548]
2025-12-14 01:52:28,495 - INFO - num_full_subsets = 2
2025-12-14 01:52:28,515 - INFO - phi = [ 0.74933493 -0.50096317  0.03751499 -0.53711383]
2025-12-14 01:52:28,538 - INFO - num_full_subsets = 2
2025-12-14 01:52:28,557 - INFO - phi = [-1.04266049  0.34614665 -0.03213646 -0.05711594]
2025-12-14 01:52:28,580 - INFO - num_full_subsets = 2
2025-12-14 01:52:28,600 - INFO - phi = [ 0.12075727  0.54010856  0.01323039 -0.73536797]
2025-12-14 01:52:28,623 - INFO - num_full_subsets = 2
2025-12-14 01:52:28,642 - INFO - phi = [ 0.36898219 -0.05636054  0.18160308 -0.66776411]
2025-12-14 01:52:28,665 - INFO - num_full_subsets = 2
2025-12-14 01:52:28,684 - INFO - phi = [1.25258472 0.42654825 0.01835124 0.33051716]
2025-12-14 01:52:28,708 - INFO - num_full_subsets = 2
2025-12-14 01:52:28,727 - INFO - phi = [ 0.5052243  -0.7310367   0.06365919 -0.86293529]
2025-12-14 01:52:28,750 - INFO - num_full_subsets = 2
2025-12-14 01:52:28,770 - INFO - phi = [-0.33159691 -0.78987877  0.07779433 -0.55727494]
2025-12-14 01:52:28,793 - INFO - num_full_subsets = 2
2025-12-14 01:52:28,812 - INFO - phi = [-1.01255369 -0.70138363  0.02331921 -0.08350038]
2025-12-14 01:52:28,835 - INFO - num_full_subsets = 2
2025-12-14 01:52:28,855 - INFO - phi = [-0.84858502 -0.60446782 -0.06373191 -0.39285041]
2025-12-14 01:52:28,878 - INFO - num_full_subsets = 2
2025-12-14 01:52:28,898 - INFO - phi = [-0.8227901  -0.73293346  0.04169464 -0.22482927]
2025-12-14 01:52:28,921 - INFO - num_full_subsets = 2
2025-12-14 01:52:28,940 - INFO - phi = [-0.7942619  -0.70293645 -0.37308249 -0.0863091 ]
2025-12-14 01:52:28,963 - INFO - num_full_subsets = 2
2025-12-14 01:52:28,983 - INFO - phi = [ 0.38736669 -0.2690798   0.21907513 -0.42158959]
2025-12-14 01:52:29,005 - INFO - num_full_subsets = 2
2025-12-14 01:52:29,025 - INFO - phi = [-0.38038635 -0.81706988  0.09711703 -0.37754093]
2025-12-14 01:52:29,048 - INFO - num_full_subsets = 2
2025-12-14 01:52:29,068 - INFO - phi = [ 0.32523947  0.47504611  0.07246198 -0.23040008]
2025-12-14 01:52:29,091 - INFO - num_full_subsets = 2
2025-12-14 01:52:29,110 - INFO - phi = [ 0.27530375  0.32494005 -0.03164004 -0.42027776]
2025-12-14 01:52:29,133 - INFO - num_full_subsets = 2
2025-12-14 01:52:29,153 - INFO - phi = [1.72903468 0.31839001 0.12771274 0.34908059]
2025-12-14 01:52:29,176 - INFO - num_full_subsets = 2
2025-12-14 01:52:29,196 - INFO - phi = [-1.5220211  -0.29652181 -0.01014168  0.25570236]
2025-12-14 01:52:29,220 - INFO - num_full_subsets = 2
2025-12-14 01:52:29,239 - INFO - phi = [1.49757782 0.63515315 0.0067323  0.3131812 ]
2025-12-14 01:52:29,262 - INFO - num_full_subsets = 2
2025-12-14 01:52:29,282 - INFO - phi = [-0.94794352 -0.65713912 -0.00147305 -0.27294281]
2025-12-14 01:52:29,305 - INFO - num_full_subsets = 2
2025-12-14 01:52:29,325 - INFO - phi = [1.80747527 0.12705986 0.1089851  0.40921583]
2025-12-14 01:52:29,348 - INFO - num_full_subsets = 2
2025-12-14 01:52:29,367 - INFO - phi = [ 0.46975406  0.23183497 -0.04138017  0.39874193]
2025-12-14 01:52:29,390 - INFO - num_full_subsets = 2
2025-12-14 01:52:29,409 - INFO - phi = [-1.32261037 -0.12214339 -0.04814336  0.03716913]
2025-12-14 01:52:29,432 - INFO - num_full_subsets = 2
2025-12-14 01:52:29,451 - INFO - phi = [1.76152887 0.17060893 0.05169826 0.3490438 ]
2025-12-14 01:52:29,475 - INFO - num_full_subsets = 2
2025-12-14 01:52:29,494 - INFO - phi = [-1.27654008 -0.59622016 -0.01187073  0.07749525]
2025-12-14 01:52:29,517 - INFO - num_full_subsets = 2
2025-12-14 01:52:29,536 - INFO - phi = [ 0.27049265  0.25282527  0.08632026 -0.59061973]
2025-12-14 01:52:29,559 - INFO - num_full_subsets = 2
2025-12-14 01:52:29,578 - INFO - phi = [1.09351895 0.71841649 0.06172127 0.47569962]
2025-12-14 01:52:29,602 - INFO - num_full_subsets = 2
2025-12-14 01:52:29,621 - INFO - phi = [1.53559998 0.34803095 0.17420265 0.40344818]
2025-12-14 01:52:29,644 - INFO - num_full_subsets = 2
2025-12-14 01:52:29,663 - INFO - phi = [ 1.46214799  0.08791247 -0.03725824  0.27333443]
2025-12-14 01:52:29,686 - INFO - num_full_subsets = 2
2025-12-14 01:52:29,706 - INFO - phi = [ 1.3749094   0.51032554 -0.01522501  0.30204883]
2025-12-14 01:52:29,729 - INFO - num_full_subsets = 2
2025-12-14 01:52:29,748 - INFO - phi = [-0.86613432  0.19382498 -0.39848947  0.07005438]
2025-12-14 01:52:29,771 - INFO - num_full_subsets = 2
2025-12-14 01:52:29,790 - INFO - phi = [ 0.25532499  0.47224026 -0.10826675 -0.38828654]
2025-12-14 01:52:29,813 - INFO - num_full_subsets = 2
2025-12-14 01:52:29,833 - INFO - phi = [ 0.29780953 -0.02854805  0.19675638 -0.65302322]
2025-12-14 01:52:29,856 - INFO - num_full_subsets = 2
2025-12-14 01:52:29,875 - INFO - phi = [1.54979875 0.25116397 0.1845245  0.31838708]
2025-12-14 01:52:29,898 - INFO - num_full_subsets = 2
2025-12-14 01:52:29,917 - INFO - phi = [-0.3855241  -0.90445529  0.04234372 -0.19112842]
2025-12-14 01:52:29,940 - INFO - num_full_subsets = 2
2025-12-14 01:52:29,960 - INFO - phi = [1.89251938 0.6368698  0.03381144 0.34451346]
2025-12-14 01:52:29,983 - INFO - num_full_subsets = 2
2025-12-14 01:52:30,002 - INFO - phi = [-1.50311003  0.06495408  0.002089   -0.19163641]
2025-12-14 01:52:30,025 - INFO - num_full_subsets = 2
2025-12-14 01:52:30,045 - INFO - phi = [1.19811982 0.62782142 0.08194126 0.51888074]
2025-12-14 01:52:30,068 - INFO - num_full_subsets = 2
2025-12-14 01:52:30,087 - INFO - phi = [-0.04438461  1.10880277 -0.04332576  0.22205161]
2025-12-14 01:52:30,111 - INFO - num_full_subsets = 2
2025-12-14 01:52:30,130 - INFO - phi = [0.29244248 0.29548504 0.04063549 0.31311249]
2025-12-14 01:52:30,153 - INFO - num_full_subsets = 2
2025-12-14 01:52:30,172 - INFO - phi = [-1.2065612   0.4956249  -0.07845872  0.01426937]
2025-12-14 01:52:30,195 - INFO - num_full_subsets = 2
2025-12-14 01:52:30,215 - INFO - phi = [1.34632953 0.39457424 0.01286835 0.33692426]
2025-12-14 01:52:30,238 - INFO - num_full_subsets = 2
2025-12-14 01:52:30,257 - INFO - phi = [1.71561535 0.51290365 0.12666144 0.44845509]
2025-12-14 01:52:30,280 - INFO - num_full_subsets = 2
2025-12-14 01:52:30,300 - INFO - phi = [-1.08350802 -0.58764812 -0.04685269  0.14007548]
2025-12-14 01:52:30,323 - INFO - num_full_subsets = 2
2025-12-14 01:52:30,342 - INFO - phi = [0.3744949  0.53802956 0.01129185 0.31446728]
2025-12-14 01:52:30,365 - INFO - num_full_subsets = 2
2025-12-14 01:52:30,385 - INFO - phi = [ 1.08575543e-01  5.45981329e-01  5.45411639e-04 -7.43902295e-01]
2025-12-14 01:52:30,407 - INFO - num_full_subsets = 2
2025-12-14 01:52:30,427 - INFO - phi = [0.38994137 0.51353061 0.01190218 0.16810217]
2025-12-14 01:52:30,450 - INFO - num_full_subsets = 2
2025-12-14 01:52:30,469 - INFO - phi = [-1.16312605 -0.44468379 -0.0016327  -0.27482581]
2025-12-14 01:52:30,492 - INFO - num_full_subsets = 2
2025-12-14 01:52:30,511 - INFO - phi = [-1.15143929 -0.49130606 -0.00174338 -0.27133296]
2025-12-14 01:52:30,535 - INFO - num_full_subsets = 2
2025-12-14 01:52:30,554 - INFO - phi = [-1.07659932 -0.50006453 -0.0784499  -0.26176246]
2025-12-14 01:52:30,577 - INFO - num_full_subsets = 2
2025-12-14 01:52:30,596 - INFO - phi = [-0.69347211 -0.71620562  0.00306329 -0.43218347]
2025-12-14 01:52:30,619 - INFO - num_full_subsets = 2
2025-12-14 01:52:30,639 - INFO - phi = [-1.26296963 -0.52567646  0.02241855 -0.08666078]
2025-12-14 01:52:30,662 - INFO - num_full_subsets = 2
2025-12-14 01:52:30,681 - INFO - phi = [0.76278318 0.69447117 0.11080902 0.42784999]
2025-12-14 01:52:30,704 - INFO - num_full_subsets = 2
2025-12-14 01:52:30,723 - INFO - phi = [ 0.18975832  0.20762531 -0.40699705  0.47018557]
2025-12-14 01:52:30,746 - INFO - num_full_subsets = 2
2025-12-14 01:52:30,766 - INFO - phi = [ 0.63452385 -0.00068983 -0.04611673  0.4256658 ]
2025-12-14 01:52:30,789 - INFO - num_full_subsets = 2
2025-12-14 01:52:30,808 - INFO - phi = [ 1.66710203 -0.35739467  0.04256758  0.43921347]
2025-12-14 01:52:30,831 - INFO - num_full_subsets = 2
2025-12-14 01:52:30,851 - INFO - phi = [-1.10723584 -0.53578567 -0.00146722 -0.27133296]
2025-12-14 01:52:30,874 - INFO - num_full_subsets = 2
2025-12-14 01:52:30,893 - INFO - phi = [ 0.27260724  0.42912645  0.13683963 -0.65874577]
2025-12-14 01:52:30,916 - INFO - num_full_subsets = 2
2025-12-14 01:52:30,935 - INFO - phi = [-1.0922866  -0.44746012 -0.01952808 -0.41121092]
2025-12-14 01:52:30,958 - INFO - num_full_subsets = 2
2025-12-14 01:52:30,978 - INFO - phi = [-1.06201376 -0.41937896 -0.09763231 -0.34659363]
2025-12-14 01:52:31,000 - INFO - num_full_subsets = 2
2025-12-14 01:52:31,020 - INFO - phi = [ 1.11896962  0.09107458 -0.67553236  0.25977492]
2025-12-14 01:52:31,043 - INFO - num_full_subsets = 2
2025-12-14 01:52:31,062 - INFO - phi = [ 0.313557    0.24388527  0.06039093 -0.26063629]
2025-12-14 01:52:31,086 - INFO - num_full_subsets = 2
2025-12-14 01:52:31,105 - INFO - phi = [ 0.14468161  0.54759344  0.01310263 -0.07000806]
2025-12-14 01:52:31,128 - INFO - num_full_subsets = 2
2025-12-14 01:52:31,147 - INFO - phi = [ 0.03338678  1.53974477 -0.06621766  0.18897587]
2025-12-14 01:52:31,170 - INFO - num_full_subsets = 2
2025-12-14 01:52:31,189 - INFO - phi = [-0.81481107 -0.7540749  -0.01213378  0.14937277]
2025-12-14 01:52:31,212 - INFO - num_full_subsets = 2
2025-12-14 01:52:31,232 - INFO - phi = [-1.10947615 -0.55230378 -0.01425762 -0.28190806]
2025-12-14 01:52:31,255 - INFO - num_full_subsets = 2
2025-12-14 01:52:31,274 - INFO - phi = [0.16659231 0.26944982 0.11010203 0.28899286]
2025-12-14 01:52:31,297 - INFO - num_full_subsets = 2
2025-12-14 01:52:31,317 - INFO - phi = [-1.20305221 -0.18905192  0.05613458  0.06190674]
2025-12-14 01:52:31,340 - INFO - num_full_subsets = 2
2025-12-14 01:52:31,359 - INFO - phi = [-1.14223725 -0.45038341 -0.0836925  -0.11229271]
2025-12-14 01:52:31,382 - INFO - num_full_subsets = 2
2025-12-14 01:52:31,402 - INFO - phi = [ 1.58593446  0.13691459  0.05495479 -0.51325949]
2025-12-14 01:52:31,425 - INFO - num_full_subsets = 2
2025-12-14 01:52:31,444 - INFO - phi = [-1.4224045  -0.45653214 -0.05046284  0.10532124]
2025-12-14 01:52:31,467 - INFO - num_full_subsets = 2
2025-12-14 01:52:31,486 - INFO - phi = [1.18145261 0.29722693 0.04719913 0.08256033]
2025-12-14 01:52:31,509 - INFO - num_full_subsets = 2
2025-12-14 01:52:31,529 - INFO - phi = [-0.58449927 -0.86809247  0.04178269 -0.43621663]
2025-12-14 01:52:31,552 - INFO - num_full_subsets = 2
2025-12-14 01:52:31,571 - INFO - phi = [ 1.90629426  0.33283845 -0.02880662  0.32902593]
2025-12-14 01:52:31,594 - INFO - num_full_subsets = 2
2025-12-14 01:52:31,613 - INFO - phi = [-0.31509216  0.53131798 -0.28389638  0.14783792]
2025-12-14 01:52:31,636 - INFO - num_full_subsets = 2
2025-12-14 01:52:31,656 - INFO - phi = [-1.38032435 -0.41284936 -0.09214339  0.10854716]
2025-12-14 01:52:31,679 - INFO - num_full_subsets = 2
2025-12-14 01:52:31,698 - INFO - phi = [-1.16615389 -0.63171776 -0.02628738  0.19062525]
2025-12-14 01:52:31,721 - INFO - num_full_subsets = 2
2025-12-14 01:52:31,740 - INFO - phi = [0.22409294 0.35167814 0.04073936 0.2897853 ]
2025-12-14 01:52:31,764 - INFO - num_full_subsets = 2
2025-12-14 01:52:31,783 - INFO - phi = [-1.58285776  0.19042098 -0.07681701  0.13278749]
2025-12-14 01:52:31,806 - INFO - num_full_subsets = 2
2025-12-14 01:52:31,825 - INFO - phi = [-1.14128832  0.29402948 -0.40326268  0.30825218]
2025-12-14 01:52:31,848 - INFO - num_full_subsets = 2
2025-12-14 01:52:31,868 - INFO - phi = [0.56912958 0.00897874 0.12243108 0.34233488]
2025-12-14 01:52:32,376 - INFO - Computing feature importance...
2025-12-14 01:52:34,719 - INFO - Experiment completed for NGBoost
2025-12-14 01:52:34,720 - INFO - Total time: 203.29s (3.39 min)
2025-12-14 01:52:34,720 - INFO - Starting comprehensive experiment for NGBoost
2025-12-14 01:52:46,807 - INFO - Performing feature analysis...
2025-12-14 01:52:47,964 - INFO - Model justification: Probabilistic forecasting with natural gradient boosting, provides uncertainty quantification
2025-12-14 01:52:47,964 - INFO - Performing robust cross-validation...
2025-12-14 01:53:25,894 - INFO - CV Results - MSE: 0.7955 ± 0.1690
2025-12-14 01:53:25,895 - INFO - Starting hyperparameter optimization...
2025-12-14 01:56:02,094 - INFO - Best parameters for NGBoost: {'n_estimators': 72, 'learning_rate': 0.06017336962785028, 'minibatch_frac': 0.4614792712566149, 'natural_gradient': True}
2025-12-14 01:56:02,094 - INFO - ⏱️ HPO took 156.20 seconds
2025-12-14 01:56:02,094 - INFO - Training final model...
2025-12-14 01:56:02,437 - INFO - ⏱️ Training took 0.34 seconds
2025-12-14 01:56:02,437 - INFO - Performing residual analysis...
2025-12-14 01:56:03,427 - INFO - Generating XAI explanations...
2025-12-14 01:56:03,437 - WARNING - Using 168 background data samples could cause slower run times. Consider using shap.sample(data, K) or shap.kmeans(data, K) to summarize the background as K samples.
2025-12-14 01:56:03,461 - INFO - num_full_subsets = 2
2025-12-14 01:56:03,481 - INFO - phi = [-0.931564   -0.5178567  -0.11004136 -0.12514183]
2025-12-14 01:56:03,505 - INFO - num_full_subsets = 2
2025-12-14 01:56:03,525 - INFO - phi = [-0.72867129  0.31623941 -0.08049548  0.79025271]
2025-12-14 01:56:03,549 - INFO - num_full_subsets = 2
2025-12-14 01:56:03,569 - INFO - phi = [1.38949894 0.20532614 0.15333752 0.51466006]
2025-12-14 01:56:03,593 - INFO - num_full_subsets = 2
2025-12-14 01:56:03,614 - INFO - phi = [-1.17638567 -0.3910232  -0.00801759 -0.30750686]
2025-12-14 01:56:03,638 - INFO - num_full_subsets = 2
2025-12-14 01:56:03,658 - INFO - phi = [-0.3483223  -0.82782623  0.03866888 -0.49771467]
2025-12-14 01:56:03,682 - INFO - num_full_subsets = 2
2025-12-14 01:56:03,702 - INFO - phi = [ 0.23293732  0.34037557  0.05272034 -0.45689138]
2025-12-14 01:56:03,726 - INFO - num_full_subsets = 2
2025-12-14 01:56:03,747 - INFO - phi = [ 0.28905177  0.43053244  0.18048716 -0.55161208]
2025-12-14 01:56:03,770 - INFO - num_full_subsets = 2
2025-12-14 01:56:03,791 - INFO - phi = [ 0.55923612 -0.69655369  0.06845094 -1.08837466]
2025-12-14 01:56:03,815 - INFO - num_full_subsets = 2
2025-12-14 01:56:03,835 - INFO - phi = [ 0.49021394  0.42424859 -0.18897574  0.45999702]
2025-12-14 01:56:03,859 - INFO - num_full_subsets = 2
2025-12-14 01:56:03,880 - INFO - phi = [ 1.83715416  0.0077085  -0.45598237  0.27013691]
2025-12-14 01:56:03,903 - INFO - num_full_subsets = 2
2025-12-14 01:56:03,924 - INFO - phi = [ 1.635598    0.0527446  -0.29741969  0.32833947]
2025-12-14 01:56:03,947 - INFO - num_full_subsets = 2
2025-12-14 01:56:03,968 - INFO - phi = [-0.37441911  0.20218318 -0.25241177  0.02560219]
2025-12-14 01:56:03,992 - INFO - num_full_subsets = 2
2025-12-14 01:56:04,012 - INFO - phi = [-1.19474542 -0.48751875  0.03425549 -0.2442649 ]
2025-12-14 01:56:04,036 - INFO - num_full_subsets = 2
2025-12-14 01:56:04,057 - INFO - phi = [1.63770148 0.22397763 0.332557   0.79018944]
2025-12-14 01:56:04,080 - INFO - num_full_subsets = 2
2025-12-14 01:56:04,101 - INFO - phi = [ 0.1266134   0.50911474 -0.24113652 -0.44116534]
2025-12-14 01:56:04,125 - INFO - num_full_subsets = 2
2025-12-14 01:56:04,145 - INFO - phi = [ 1.90774722  0.38775244 -0.11975138  0.73842372]
2025-12-14 01:56:04,169 - INFO - num_full_subsets = 2
2025-12-14 01:56:04,189 - INFO - phi = [-1.1331423  -0.70277982 -0.09426675  0.44160111]
2025-12-14 01:56:04,213 - INFO - num_full_subsets = 2
2025-12-14 01:56:04,234 - INFO - phi = [ 1.32843635  0.05684113  0.07980777 -0.41229277]
2025-12-14 01:56:04,258 - INFO - num_full_subsets = 2
2025-12-14 01:56:04,280 - INFO - phi = [-0.88191875  0.25867288 -0.14751348  0.1744582 ]
2025-12-14 01:56:04,304 - INFO - num_full_subsets = 2
2025-12-14 01:56:04,325 - INFO - phi = [ 0.11576734  0.5327117  -0.31693975 -0.36472437]
2025-12-14 01:56:04,349 - INFO - num_full_subsets = 2
2025-12-14 01:56:04,370 - INFO - phi = [-1.12946732 -0.4581495   0.02087003 -0.29542798]
2025-12-14 01:56:04,394 - INFO - num_full_subsets = 2
2025-12-14 01:56:04,414 - INFO - phi = [ 0.41082368 -0.7556829   0.13239908 -0.84934203]
2025-12-14 01:56:04,438 - INFO - num_full_subsets = 2
2025-12-14 01:56:04,459 - INFO - phi = [-0.91136332  0.56900599  0.13949636  0.30989202]
2025-12-14 01:56:04,483 - INFO - num_full_subsets = 2
2025-12-14 01:56:04,503 - INFO - phi = [-1.2884507  -0.53561557  0.21729238  0.4893838 ]
2025-12-14 01:56:04,527 - INFO - num_full_subsets = 2
2025-12-14 01:56:04,548 - INFO - phi = [ 0.26099669  0.35704892  0.1294627  -0.51032817]
2025-12-14 01:56:04,571 - INFO - num_full_subsets = 2
2025-12-14 01:56:04,592 - INFO - phi = [-0.74622305 -0.65695535 -0.05855122 -0.39822634]
2025-12-14 01:56:04,615 - INFO - num_full_subsets = 2
2025-12-14 01:56:04,636 - INFO - phi = [ 0.14808511  0.12805938 -0.02411643  0.39435194]
2025-12-14 01:56:04,660 - INFO - num_full_subsets = 2
2025-12-14 01:56:04,681 - INFO - phi = [ 0.21283887  0.45417588  0.14243279 -0.4956808 ]
2025-12-14 01:56:04,705 - INFO - num_full_subsets = 2
2025-12-14 01:56:04,725 - INFO - phi = [0.2191706  0.39660405 0.04393439 0.09556465]
2025-12-14 01:56:04,749 - INFO - num_full_subsets = 2
2025-12-14 01:56:04,769 - INFO - phi = [ 0.29650772  0.47618483  0.2504027  -0.45864375]
2025-12-14 01:56:04,793 - INFO - num_full_subsets = 2
2025-12-14 01:56:04,813 - INFO - phi = [-0.91369693 -0.63898509 -0.19309545 -0.30228294]
2025-12-14 01:56:04,837 - INFO - num_full_subsets = 2
2025-12-14 01:56:04,857 - INFO - phi = [ 0.14076057  0.20007107 -0.21567056 -0.43401758]
2025-12-14 01:56:04,881 - INFO - num_full_subsets = 2
2025-12-14 01:56:04,902 - INFO - phi = [-1.70482674 -0.08679323  0.01138047  0.11730847]
2025-12-14 01:56:04,925 - INFO - num_full_subsets = 2
2025-12-14 01:56:04,946 - INFO - phi = [0.91987252 0.24758513 0.16943208 0.42428745]
2025-12-14 01:56:04,970 - INFO - num_full_subsets = 2
2025-12-14 01:56:04,990 - INFO - phi = [-1.24442299 -0.41196832 -0.01133245 -0.36041085]
2025-12-14 01:56:05,014 - INFO - num_full_subsets = 2
2025-12-14 01:56:05,035 - INFO - phi = [-1.14243345 -0.15599903  0.02346559  0.11932043]
2025-12-14 01:56:05,059 - INFO - num_full_subsets = 2
2025-12-14 01:56:05,079 - INFO - phi = [-0.80320355 -0.7151995   0.05130149 -0.23869064]
2025-12-14 01:56:05,103 - INFO - num_full_subsets = 2
2025-12-14 01:56:05,124 - INFO - phi = [1.44869472 0.09181288 0.38720048 0.51917865]
2025-12-14 01:56:05,147 - INFO - num_full_subsets = 2
2025-12-14 01:56:05,168 - INFO - phi = [ 0.86922508 -0.08503411  0.19061595 -0.07953921]
2025-12-14 01:56:05,192 - INFO - num_full_subsets = 2
2025-12-14 01:56:05,213 - INFO - phi = [1.34965796 0.4727577  0.21188251 0.74822457]
2025-12-14 01:56:05,237 - INFO - num_full_subsets = 2
2025-12-14 01:56:05,258 - INFO - phi = [ 0.19245197  0.09034005 -0.28185598 -0.16633911]
2025-12-14 01:56:05,281 - INFO - num_full_subsets = 2
2025-12-14 01:56:05,302 - INFO - phi = [-1.01689571 -0.71335228  0.1334426   0.23225039]
2025-12-14 01:56:05,326 - INFO - num_full_subsets = 2
2025-12-14 01:56:05,347 - INFO - phi = [ 0.18385049  0.35770038 -0.07731156 -0.46850651]
2025-12-14 01:56:05,370 - INFO - num_full_subsets = 2
2025-12-14 01:56:05,391 - INFO - phi = [ 0.92069208 -0.17663703 -0.04134187  0.16061647]
2025-12-14 01:56:05,415 - INFO - num_full_subsets = 2
2025-12-14 01:56:05,436 - INFO - phi = [0.14204667 0.52166923 0.04237422 0.17513397]
2025-12-14 01:56:05,460 - INFO - num_full_subsets = 2
2025-12-14 01:56:05,481 - INFO - phi = [1.35746003 0.61160475 0.19445027 0.69986447]
2025-12-14 01:56:05,504 - INFO - num_full_subsets = 2
2025-12-14 01:56:05,525 - INFO - phi = [0.50284158 0.65831422 0.11617399 0.73795349]
2025-12-14 01:56:05,549 - INFO - num_full_subsets = 2
2025-12-14 01:56:05,569 - INFO - phi = [-0.97474104 -0.59058371 -0.12196564 -0.23305395]
2025-12-14 01:56:05,593 - INFO - num_full_subsets = 2
2025-12-14 01:56:05,614 - INFO - phi = [-0.26709042 -0.71234716  0.1430216  -0.49729221]
2025-12-14 01:56:05,637 - INFO - num_full_subsets = 2
2025-12-14 01:56:05,658 - INFO - phi = [ 0.9420859   0.37660644 -0.16263013  0.46487307]
2025-12-14 01:56:05,681 - INFO - num_full_subsets = 2
2025-12-14 01:56:05,702 - INFO - phi = [-0.53547794 -0.78738487  0.07586789 -0.6541547 ]
2025-12-14 01:56:05,726 - INFO - num_full_subsets = 2
2025-12-14 01:56:05,746 - INFO - phi = [-0.79283902 -0.70349553  0.03120961  0.46156449]
2025-12-14 01:56:05,770 - INFO - num_full_subsets = 2
2025-12-14 01:56:05,791 - INFO - phi = [ 0.19210881  0.11641842  0.12243592 -0.59059468]
2025-12-14 01:56:05,814 - INFO - num_full_subsets = 2
2025-12-14 01:56:05,835 - INFO - phi = [-1.65180006  0.0715691  -0.11704223  0.23641218]
2025-12-14 01:56:05,859 - INFO - num_full_subsets = 2
2025-12-14 01:56:05,879 - INFO - phi = [0.27524183 0.43129989 0.04530136 0.32144591]
2025-12-14 01:56:05,903 - INFO - num_full_subsets = 2
2025-12-14 01:56:05,923 - INFO - phi = [ 0.90537535  0.05442024 -0.22098209  0.48512274]
2025-12-14 01:56:05,947 - INFO - num_full_subsets = 2
2025-12-14 01:56:05,968 - INFO - phi = [-1.45813341 -0.53320721  0.09279517  0.39524237]
2025-12-14 01:56:05,991 - INFO - num_full_subsets = 2
2025-12-14 01:56:06,012 - INFO - phi = [-1.07194758 -0.49540601 -0.05950752 -0.29758048]
2025-12-14 01:56:06,035 - INFO - num_full_subsets = 2
2025-12-14 01:56:06,056 - INFO - phi = [ 0.02998068  1.44938129 -0.04314326  0.36160716]
2025-12-14 01:56:06,080 - INFO - num_full_subsets = 2
2025-12-14 01:56:06,100 - INFO - phi = [ 0.10356517  0.40272585  0.04787368 -0.73154688]
2025-12-14 01:56:06,124 - INFO - num_full_subsets = 2
2025-12-14 01:56:06,145 - INFO - phi = [1.62969252 0.16002518 0.29520174 0.85479818]
2025-12-14 01:56:06,168 - INFO - num_full_subsets = 2
2025-12-14 01:56:06,189 - INFO - phi = [1.14606529 0.15627268 0.28485159 0.50413596]
2025-12-14 01:56:06,213 - INFO - num_full_subsets = 2
2025-12-14 01:56:06,233 - INFO - phi = [-1.12946732 -0.4581495   0.02087003 -0.29542798]
2025-12-14 01:56:06,257 - INFO - num_full_subsets = 2
2025-12-14 01:56:06,278 - INFO - phi = [1.53607264 0.14806699 0.34896109 0.78759904]
2025-12-14 01:56:06,301 - INFO - num_full_subsets = 2
2025-12-14 01:56:06,322 - INFO - phi = [ 1.06686988  0.05539102  0.02964827 -0.65853524]
2025-12-14 01:56:06,346 - INFO - num_full_subsets = 2
2025-12-14 01:56:06,367 - INFO - phi = [-0.64137293 -0.74496141  0.00917176 -0.310251  ]
2025-12-14 01:56:06,390 - INFO - num_full_subsets = 2
2025-12-14 01:56:06,411 - INFO - phi = [-1.08697131 -0.69305704  0.01311632  0.13057385]
2025-12-14 01:56:06,434 - INFO - num_full_subsets = 2
2025-12-14 01:56:06,455 - INFO - phi = [0.4854055  0.33308575 0.20914258 0.40190397]
2025-12-14 01:56:06,478 - INFO - num_full_subsets = 2
2025-12-14 01:56:06,499 - INFO - phi = [ 0.88668865  0.37564443  0.18099565 -1.06973719]
2025-12-14 01:56:06,523 - INFO - num_full_subsets = 2
2025-12-14 01:56:06,544 - INFO - phi = [-0.48103737  0.81528394  0.10636722 -0.04022238]
2025-12-14 01:56:06,567 - INFO - num_full_subsets = 2
2025-12-14 01:56:06,588 - INFO - phi = [ 0.03081505  0.55767341  0.03357392 -0.04753062]
2025-12-14 01:56:06,612 - INFO - num_full_subsets = 2
2025-12-14 01:56:06,633 - INFO - phi = [-0.24012184  0.40648321 -0.08006903  0.57686016]
2025-12-14 01:56:06,656 - INFO - num_full_subsets = 2
2025-12-14 01:56:06,677 - INFO - phi = [ 0.06123765  0.51414696 -0.2583824  -0.46569722]
2025-12-14 01:56:06,701 - INFO - num_full_subsets = 2
2025-12-14 01:56:06,721 - INFO - phi = [ 0.48230694  0.07848303 -0.18946169  0.52049392]
2025-12-14 01:56:06,745 - INFO - num_full_subsets = 2
2025-12-14 01:56:06,765 - INFO - phi = [ 0.93351898 -0.21881445 -0.18610352  0.47170701]
2025-12-14 01:56:06,789 - INFO - num_full_subsets = 2
2025-12-14 01:56:06,810 - INFO - phi = [-0.75953219 -0.82402017 -0.00346422 -0.16741247]
2025-12-14 01:56:06,833 - INFO - num_full_subsets = 2
2025-12-14 01:56:06,854 - INFO - phi = [1.41348122 0.48347232 0.1131463  0.8682514 ]
2025-12-14 01:56:06,877 - INFO - num_full_subsets = 2
2025-12-14 01:56:06,898 - INFO - phi = [-0.91672304 -0.3238521   0.09248799  0.64859478]
2025-12-14 01:56:06,921 - INFO - num_full_subsets = 2
2025-12-14 01:56:06,942 - INFO - phi = [ 1.79491186 -0.19451977  0.14727874  0.60652184]
2025-12-14 01:56:06,966 - INFO - num_full_subsets = 2
2025-12-14 01:56:06,986 - INFO - phi = [-1.30570581 -0.16337953  0.00547573 -0.43592123]
2025-12-14 01:56:07,010 - INFO - num_full_subsets = 2
2025-12-14 01:56:07,031 - INFO - phi = [-0.44400326 -0.07536356  0.0256374  -0.11199724]
2025-12-14 01:56:07,054 - INFO - num_full_subsets = 2
2025-12-14 01:56:07,075 - INFO - phi = [ 0.34878058 -0.73779812  0.14385543 -0.98739418]
2025-12-14 01:56:07,098 - INFO - num_full_subsets = 2
2025-12-14 01:56:07,119 - INFO - phi = [ 0.26099669  0.35704892  0.1294627  -0.51032817]
2025-12-14 01:56:07,143 - INFO - num_full_subsets = 2
2025-12-14 01:56:07,164 - INFO - phi = [ 0.22080595  0.45232661  0.04035209 -0.42469308]
2025-12-14 01:56:07,187 - INFO - num_full_subsets = 2
2025-12-14 01:56:07,208 - INFO - phi = [1.88991786 0.59975604 0.02932563 0.46384287]
2025-12-14 01:56:07,232 - INFO - num_full_subsets = 2
2025-12-14 01:56:07,252 - INFO - phi = [0.76291595 0.17596447 0.05344504 0.67783935]
2025-12-14 01:56:07,276 - INFO - num_full_subsets = 2
2025-12-14 01:56:07,296 - INFO - phi = [-0.3483223  -0.82782623  0.03866888 -0.49771467]
2025-12-14 01:56:07,320 - INFO - num_full_subsets = 2
2025-12-14 01:56:07,341 - INFO - phi = [-1.47677855  0.05878391 -0.03729452  0.02258626]
2025-12-14 01:56:07,364 - INFO - num_full_subsets = 2
2025-12-14 01:56:07,385 - INFO - phi = [-1.08859064 -0.49540601 -0.0622201  -0.3095202 ]
2025-12-14 01:56:07,408 - INFO - num_full_subsets = 2
2025-12-14 01:56:07,429 - INFO - phi = [-1.28399912  0.36858754 -0.20981129 -0.01711905]
2025-12-14 01:56:07,452 - INFO - num_full_subsets = 2
2025-12-14 01:56:07,473 - INFO - phi = [-1.29421781 -0.33980192 -0.17350179  0.12235075]
2025-12-14 01:56:07,496 - INFO - num_full_subsets = 2
2025-12-14 01:56:07,517 - INFO - phi = [ 0.8435464  -0.16759098  0.06769757  0.22907293]
2025-12-14 01:56:07,541 - INFO - num_full_subsets = 2
2025-12-14 01:56:07,561 - INFO - phi = [ 0.22081882  0.45061259  0.09312246 -0.72019548]
2025-12-14 01:56:07,585 - INFO - num_full_subsets = 2
2025-12-14 01:56:07,605 - INFO - phi = [-0.73635859  0.46983555  0.10600144  0.12815106]
2025-12-14 01:56:07,629 - INFO - num_full_subsets = 2
2025-12-14 01:56:07,650 - INFO - phi = [ 0.5768982   0.01450244 -0.20047195  0.40369217]
2025-12-14 01:56:07,674 - INFO - num_full_subsets = 2
2025-12-14 01:56:07,694 - INFO - phi = [ 0.17561737  0.41173282  0.03322062 -0.92325488]
2025-12-14 01:56:07,718 - INFO - num_full_subsets = 2
2025-12-14 01:56:07,739 - INFO - phi = [ 0.48365685 -0.61621582  0.61013525 -0.82900736]
2025-12-14 01:56:07,763 - INFO - num_full_subsets = 2
2025-12-14 01:56:07,784 - INFO - phi = [-1.42023716  0.06212706 -0.17107484  0.09320693]
2025-12-14 01:56:07,807 - INFO - num_full_subsets = 2
2025-12-14 01:56:07,827 - INFO - phi = [-1.1409438  -0.5141053  -0.01866489 -0.38749208]
2025-12-14 01:56:07,851 - INFO - num_full_subsets = 2
2025-12-14 01:56:07,872 - INFO - phi = [-0.51290164 -0.85276218  0.02295844 -0.77643788]
2025-12-14 01:56:07,896 - INFO - num_full_subsets = 2
2025-12-14 01:56:07,917 - INFO - phi = [ 0.19245197  0.09034005 -0.28185598 -0.16633911]
2025-12-14 01:56:07,940 - INFO - num_full_subsets = 2
2025-12-14 01:56:07,961 - INFO - phi = [ 1.34310649  0.3015867  -0.00757097 -0.42193527]
2025-12-14 01:56:07,985 - INFO - num_full_subsets = 2
2025-12-14 01:56:08,006 - INFO - phi = [ 0.26973494 -0.06175784  0.02838845 -0.54464829]
2025-12-14 01:56:08,030 - INFO - num_full_subsets = 2
2025-12-14 01:56:08,051 - INFO - phi = [0.03454519 1.43310433 0.19521832 0.36679871]
2025-12-14 01:56:08,074 - INFO - num_full_subsets = 2
2025-12-14 01:56:08,095 - INFO - phi = [ 0.29990072  0.01635896 -0.3335088   0.46705357]
2025-12-14 01:56:08,119 - INFO - num_full_subsets = 2
2025-12-14 01:56:08,139 - INFO - phi = [-1.07928345 -0.54415922  0.03269507 -0.60371607]
2025-12-14 01:56:08,163 - INFO - num_full_subsets = 2
2025-12-14 01:56:08,184 - INFO - phi = [0.35346111 0.46220301 0.22598916 0.77209257]
2025-12-14 01:56:08,208 - INFO - num_full_subsets = 2
2025-12-14 01:56:08,229 - INFO - phi = [ 1.6148137   0.13002489 -0.27901536  0.60928645]
2025-12-14 01:56:08,252 - INFO - num_full_subsets = 2
2025-12-14 01:56:08,273 - INFO - phi = [-0.67789065  2.17243773  0.06438742 -0.23908066]
2025-12-14 01:56:08,296 - INFO - num_full_subsets = 2
2025-12-14 01:56:08,317 - INFO - phi = [1.90894307 0.3197805  0.04967628 0.52891694]
2025-12-14 01:56:08,341 - INFO - num_full_subsets = 2
2025-12-14 01:56:08,362 - INFO - phi = [-0.58354284 -0.85619097  0.02922327 -0.47347808]
2025-12-14 01:56:08,386 - INFO - num_full_subsets = 2
2025-12-14 01:56:08,407 - INFO - phi = [-1.1409438  -0.52300743  0.00635025 -0.38675953]
2025-12-14 01:56:08,431 - INFO - num_full_subsets = 2
2025-12-14 01:56:08,451 - INFO - phi = [ 0.15759371 -0.05803453  0.04918261 -0.69576934]
2025-12-14 01:56:08,475 - INFO - num_full_subsets = 2
2025-12-14 01:56:08,496 - INFO - phi = [-1.59554844 -0.05622848 -0.04787356  0.12640525]
2025-12-14 01:56:08,520 - INFO - num_full_subsets = 2
2025-12-14 01:56:08,541 - INFO - phi = [ 1.91622971 -0.50023309 -0.04226791  0.60536245]
2025-12-14 01:56:08,565 - INFO - num_full_subsets = 2
2025-12-14 01:56:08,585 - INFO - phi = [ 0.39677807  0.57063356 -0.06017134 -0.05450505]
2025-12-14 01:56:08,609 - INFO - num_full_subsets = 2
2025-12-14 01:56:08,631 - INFO - phi = [0.2769745  0.13545322 0.16853673 0.45376218]
2025-12-14 01:56:08,656 - INFO - num_full_subsets = 2
2025-12-14 01:56:08,679 - INFO - phi = [1.23868764 0.42109871 0.05179088 0.05671797]
2025-12-14 01:56:08,704 - INFO - num_full_subsets = 2
2025-12-14 01:56:08,724 - INFO - phi = [ 0.10862746  0.31243788  0.10490737 -0.70732106]
2025-12-14 01:56:08,748 - INFO - num_full_subsets = 2
2025-12-14 01:56:08,769 - INFO - phi = [-1.33689183 -0.52206347  0.1082654  -0.08987803]
2025-12-14 01:56:08,793 - INFO - num_full_subsets = 2
2025-12-14 01:56:08,813 - INFO - phi = [-0.89661473 -0.11862879  0.02939167  0.11449496]
2025-12-14 01:56:08,837 - INFO - num_full_subsets = 2
2025-12-14 01:56:08,857 - INFO - phi = [-0.68285865 -0.77107971  0.01192734 -0.25444092]
2025-12-14 01:56:08,881 - INFO - num_full_subsets = 2
2025-12-14 01:56:08,902 - INFO - phi = [-1.42023716  0.06212706 -0.17107484  0.09320693]
2025-12-14 01:56:08,926 - INFO - num_full_subsets = 2
2025-12-14 01:56:08,946 - INFO - phi = [-1.10275975 -0.76261957 -0.88232663 -0.22158819]
2025-12-14 01:56:08,970 - INFO - num_full_subsets = 2
2025-12-14 01:56:08,990 - INFO - phi = [-0.9678502  -0.71597328 -0.0847527  -0.06374708]
2025-12-14 01:56:09,014 - INFO - num_full_subsets = 2
2025-12-14 01:56:09,035 - INFO - phi = [-0.57016129 -0.86926079  0.01440621 -0.896943  ]
2025-12-14 01:56:09,059 - INFO - num_full_subsets = 2
2025-12-14 01:56:09,080 - INFO - phi = [ 0.28711908 -0.03660327 -0.35314642  0.25478787]
2025-12-14 01:56:09,103 - INFO - num_full_subsets = 2
2025-12-14 01:56:09,124 - INFO - phi = [-0.70248425 -0.74443394  0.01763236 -0.43502494]
2025-12-14 01:56:09,148 - INFO - num_full_subsets = 2
2025-12-14 01:56:09,168 - INFO - phi = [-0.71378407 -0.67681361  0.03334737 -0.45972718]
2025-12-14 01:56:09,192 - INFO - num_full_subsets = 2
2025-12-14 01:56:09,213 - INFO - phi = [ 1.10511345  0.27062403 -0.20458519  0.68156999]
2025-12-14 01:56:09,237 - INFO - num_full_subsets = 2
2025-12-14 01:56:09,257 - INFO - phi = [1.32219948 0.54946762 0.14101169 0.51008953]
2025-12-14 01:56:09,281 - INFO - num_full_subsets = 2
2025-12-14 01:56:09,301 - INFO - phi = [-1.4266391  -0.46641788 -0.10748317 -0.03464095]
2025-12-14 01:56:09,325 - INFO - num_full_subsets = 2
2025-12-14 01:56:09,346 - INFO - phi = [-0.73977892  2.2536908   0.14510536 -0.09242194]
2025-12-14 01:56:09,370 - INFO - num_full_subsets = 2
2025-12-14 01:56:09,392 - INFO - phi = [0.24249721 0.46680011 0.34840522 0.5030846 ]
2025-12-14 01:56:09,416 - INFO - num_full_subsets = 2
2025-12-14 01:56:09,437 - INFO - phi = [-1.61051972  0.42406785  0.0360788   0.38886592]
2025-12-14 01:56:09,461 - INFO - num_full_subsets = 2
2025-12-14 01:56:09,483 - INFO - phi = [-0.85157533 -0.6796431  -0.0158926  -0.63628654]
2025-12-14 01:56:09,507 - INFO - num_full_subsets = 2
2025-12-14 01:56:09,528 - INFO - phi = [-1.46711318 -0.45948471 -0.04698231 -0.01723376]
2025-12-14 01:56:09,552 - INFO - num_full_subsets = 2
2025-12-14 01:56:09,573 - INFO - phi = [-1.50561337  0.21121589  0.06151959  0.65136005]
2025-12-14 01:56:09,598 - INFO - num_full_subsets = 2
2025-12-14 01:56:09,619 - INFO - phi = [-1.49739146 -0.18096941  0.00629619 -0.29867959]
2025-12-14 01:56:09,643 - INFO - num_full_subsets = 2
2025-12-14 01:56:09,664 - INFO - phi = [-0.1010804   0.04719724 -0.2776834   0.39488064]
2025-12-14 01:56:09,688 - INFO - num_full_subsets = 2
2025-12-14 01:56:09,710 - INFO - phi = [ 1.71053208  0.59478235  0.102259   -0.44405278]
2025-12-14 01:56:09,734 - INFO - num_full_subsets = 2
2025-12-14 01:56:09,755 - INFO - phi = [0.42320171 0.50094162 0.00475176 0.72508844]
2025-12-14 01:56:09,780 - INFO - num_full_subsets = 2
2025-12-14 01:56:09,800 - INFO - phi = [-0.45017925 -0.77819014  0.01633587 -0.86709184]
2025-12-14 01:56:09,824 - INFO - num_full_subsets = 2
2025-12-14 01:56:09,845 - INFO - phi = [ 1.86536572  0.6553591  -0.06104489  0.52366608]
2025-12-14 01:56:09,869 - INFO - num_full_subsets = 2
2025-12-14 01:56:09,891 - INFO - phi = [ 0.07338416  0.20383539 -0.27279841  0.00898549]
2025-12-14 01:56:09,914 - INFO - num_full_subsets = 2
2025-12-14 01:56:09,935 - INFO - phi = [-1.046502   -0.73650128 -0.88024045 -0.30605041]
2025-12-14 01:56:09,959 - INFO - num_full_subsets = 2
2025-12-14 01:56:09,980 - INFO - phi = [ 1.86088209 -0.02633911 -0.08334122  0.79612751]
2025-12-14 01:56:10,004 - INFO - num_full_subsets = 2
2025-12-14 01:56:10,025 - INFO - phi = [8.89449166e-01 8.77608385e-04 1.71526263e-02 6.29051958e-01]
2025-12-14 01:56:10,049 - INFO - num_full_subsets = 2
2025-12-14 01:56:10,070 - INFO - phi = [-1.69583907  0.42693398  0.01232849  0.58268872]
2025-12-14 01:56:10,094 - INFO - num_full_subsets = 2
2025-12-14 01:56:10,115 - INFO - phi = [ 0.25761834 -0.74640118  0.20016233  0.67316156]
2025-12-14 01:56:10,139 - INFO - num_full_subsets = 2
2025-12-14 01:56:10,159 - INFO - phi = [-0.3492211  -0.86247512  0.05478193 -0.38987928]
2025-12-14 01:56:10,183 - INFO - num_full_subsets = 2
2025-12-14 01:56:10,203 - INFO - phi = [-1.62327911  0.3634285  -0.12892101  0.36220687]
2025-12-14 01:56:10,227 - INFO - num_full_subsets = 2
2025-12-14 01:56:10,248 - INFO - phi = [ 1.01844863  0.08679607  0.04641582 -0.88751707]
2025-12-14 01:56:10,271 - INFO - num_full_subsets = 2
2025-12-14 01:56:10,292 - INFO - phi = [-0.55554596 -0.87842593  0.04738603 -0.25951367]
2025-12-14 01:56:10,315 - INFO - num_full_subsets = 2
2025-12-14 01:56:10,336 - INFO - phi = [0.85419663 0.10309695 0.10192338 0.48217087]
2025-12-14 01:56:10,360 - INFO - num_full_subsets = 2
2025-12-14 01:56:10,380 - INFO - phi = [ 1.00960118 -0.02700014 -0.05323969  0.16919484]
2025-12-14 01:56:10,404 - INFO - num_full_subsets = 2
2025-12-14 01:56:10,425 - INFO - phi = [-0.91369693 -0.63898509 -0.19309545 -0.30228294]
2025-12-14 01:56:10,448 - INFO - num_full_subsets = 2
2025-12-14 01:56:10,469 - INFO - phi = [ 0.41082368 -0.76336704  0.14995276 -0.85921157]
2025-12-14 01:56:10,492 - INFO - num_full_subsets = 2
2025-12-14 01:56:10,513 - INFO - phi = [1.35899537 0.24878398 0.12276808 0.63125099]
2025-12-14 01:56:10,536 - INFO - num_full_subsets = 2
2025-12-14 01:56:10,557 - INFO - phi = [0.7847867  0.48280124 0.16661412 0.66817023]
2025-12-14 01:56:10,580 - INFO - num_full_subsets = 2
2025-12-14 01:56:10,601 - INFO - phi = [ 0.62279446  0.39548049  0.06526828 -0.12312891]
2025-12-14 01:56:10,625 - INFO - num_full_subsets = 2
2025-12-14 01:56:10,645 - INFO - phi = [ 0.13370475  0.52807847 -0.10008873 -0.42646825]
2025-12-14 01:56:10,669 - INFO - num_full_subsets = 2
2025-12-14 01:56:10,690 - INFO - phi = [1.97560745 0.42500346 0.30802933 0.88383908]
2025-12-14 01:56:10,713 - INFO - num_full_subsets = 2
2025-12-14 01:56:10,734 - INFO - phi = [-1.08538353 -0.45728938  0.02794893 -0.45934598]
2025-12-14 01:56:10,758 - INFO - num_full_subsets = 2
2025-12-14 01:56:10,778 - INFO - phi = [ 1.51037303  0.64229504 -0.05280287  0.12220414]
2025-12-14 01:56:10,802 - INFO - num_full_subsets = 2
2025-12-14 01:56:10,823 - INFO - phi = [ 0.24683688  0.20603454 -0.2742066   0.12899893]
2025-12-14 01:56:10,846 - INFO - num_full_subsets = 2
2025-12-14 01:56:10,867 - INFO - phi = [-1.49154629 -0.49649642 -0.06905399  0.1390131 ]
2025-12-14 01:56:10,891 - INFO - num_full_subsets = 2
2025-12-14 01:56:10,911 - INFO - phi = [ 1.71053208  0.59478235  0.102259   -0.44405278]
2025-12-14 01:56:11,418 - INFO - Computing feature importance...
2025-12-14 01:56:13,794 - INFO - Experiment completed for NGBoost
2025-12-14 01:56:13,794 - INFO - Total time: 218.69s (3.64 min)
2025-12-14 01:56:13,794 - INFO - Starting comprehensive experiment for NGBoost
2025-12-14 01:56:21,701 - INFO - Performing feature analysis...
2025-12-14 01:56:22,882 - INFO - Model justification: Probabilistic forecasting with natural gradient boosting, provides uncertainty quantification
2025-12-14 01:56:22,882 - INFO - Performing robust cross-validation...
2025-12-14 01:57:01,255 - INFO - CV Results - MSE: 0.8195 ± 0.1284
2025-12-14 01:57:01,256 - INFO - Starting hyperparameter optimization...
2025-12-14 01:59:40,810 - INFO - Best parameters for NGBoost: {'n_estimators': 96, 'learning_rate': 0.06780602616231217, 'minibatch_frac': 0.5722807884690141, 'natural_gradient': True}
2025-12-14 01:59:40,810 - INFO - ⏱️ HPO took 159.55 seconds
2025-12-14 01:59:40,810 - INFO - Training final model...
2025-12-14 01:59:41,275 - INFO - ⏱️ Training took 0.46 seconds
2025-12-14 01:59:41,275 - INFO - Performing residual analysis...
2025-12-14 01:59:42,442 - INFO - Generating XAI explanations...
2025-12-14 01:59:42,456 - WARNING - Using 168 background data samples could cause slower run times. Consider using shap.sample(data, K) or shap.kmeans(data, K) to summarize the background as K samples.
2025-12-14 01:59:42,483 - INFO - num_full_subsets = 2
2025-12-14 01:59:42,510 - INFO - phi = [-0.44762155 -0.48175026  0.28716994 -1.32019726]
2025-12-14 01:59:42,537 - INFO - num_full_subsets = 2
2025-12-14 01:59:42,563 - INFO - phi = [ 0.09608478 -0.13702799 -0.05123048 -0.80495823]
2025-12-14 01:59:42,591 - INFO - num_full_subsets = 2
2025-12-14 01:59:42,617 - INFO - phi = [0.14644586 0.15023714 0.05127994 0.41006892]
2025-12-14 01:59:42,644 - INFO - num_full_subsets = 2
2025-12-14 01:59:42,671 - INFO - phi = [ 2.36244255  0.15680887 -0.10434274  0.32538831]
2025-12-14 01:59:42,699 - INFO - num_full_subsets = 2
2025-12-14 01:59:42,727 - INFO - phi = [ 0.12943622  0.55349589 -0.10827665 -0.5994721 ]
2025-12-14 01:59:42,757 - INFO - num_full_subsets = 2
2025-12-14 01:59:42,786 - INFO - phi = [-1.15226728 -0.50610631 -0.04703302 -0.84093453]
2025-12-14 01:59:42,816 - INFO - num_full_subsets = 2
2025-12-14 01:59:42,845 - INFO - phi = [ 0.70616086  0.58891427 -0.17286137  0.27841005]
2025-12-14 01:59:42,875 - INFO - num_full_subsets = 2
2025-12-14 01:59:42,903 - INFO - phi = [-0.48136945 -0.85197505  0.22943053 -0.79103951]
2025-12-14 01:59:42,933 - INFO - num_full_subsets = 2
2025-12-14 01:59:42,961 - INFO - phi = [ 0.65370071  0.0939489  -0.74391189  0.20370312]
2025-12-14 01:59:42,991 - INFO - num_full_subsets = 2
2025-12-14 01:59:43,020 - INFO - phi = [ 0.3796368   0.37632056  0.14227566 -0.06429234]
2025-12-14 01:59:43,050 - INFO - num_full_subsets = 2
2025-12-14 01:59:43,079 - INFO - phi = [-1.66014543  0.19713092 -0.30361495  0.05636633]
2025-12-14 01:59:43,109 - INFO - num_full_subsets = 2
2025-12-14 01:59:43,137 - INFO - phi = [-0.59105019  0.48713998  0.03471768  0.51598427]
2025-12-14 01:59:43,167 - INFO - num_full_subsets = 2
2025-12-14 01:59:43,195 - INFO - phi = [-0.39741499 -0.75827246 -0.0432267   0.2018657 ]
2025-12-14 01:59:43,226 - INFO - num_full_subsets = 2
2025-12-14 01:59:43,254 - INFO - phi = [ 0.61889954 -0.18523284  1.13507351 -1.31498089]
2025-12-14 01:59:43,284 - INFO - num_full_subsets = 2
2025-12-14 01:59:43,313 - INFO - phi = [-1.47484089 -0.64879102  0.20896944  0.55636196]
2025-12-14 01:59:43,343 - INFO - num_full_subsets = 2
2025-12-14 01:59:43,369 - INFO - phi = [-1.21854237 -0.57608007 -0.0427464  -0.21929918]
2025-12-14 01:59:43,396 - INFO - num_full_subsets = 2
2025-12-14 01:59:43,423 - INFO - phi = [2.25560468 0.67635141 0.03376401 0.23896776]
2025-12-14 01:59:43,450 - INFO - num_full_subsets = 2
2025-12-14 01:59:43,476 - INFO - phi = [0.5574716  0.2180044  0.09160913 0.5231834 ]
2025-12-14 01:59:43,503 - INFO - num_full_subsets = 2
2025-12-14 01:59:43,529 - INFO - phi = [-1.3531237  -0.43972662 -0.07547841 -0.22604534]
2025-12-14 01:59:43,557 - INFO - num_full_subsets = 2
2025-12-14 01:59:43,583 - INFO - phi = [ 1.76689074  0.60820308 -0.09305806  0.333013  ]
2025-12-14 01:59:43,611 - INFO - num_full_subsets = 2
2025-12-14 01:59:43,637 - INFO - phi = [-0.44359312 -0.65548402 -0.02676248 -0.70516204]
2025-12-14 01:59:43,665 - INFO - num_full_subsets = 2
2025-12-14 01:59:43,691 - INFO - phi = [ 0.90880521  0.00703352 -0.17368262  0.51386155]
2025-12-14 01:59:43,719 - INFO - num_full_subsets = 2
2025-12-14 01:59:43,745 - INFO - phi = [-1.20693867 -0.53965218 -0.06792391 -0.0937616 ]
2025-12-14 01:59:43,773 - INFO - num_full_subsets = 2
2025-12-14 01:59:43,799 - INFO - phi = [-1.83784755 -0.30137732 -0.01355053  0.44667127]
2025-12-14 01:59:43,827 - INFO - num_full_subsets = 2
2025-12-14 01:59:43,853 - INFO - phi = [-1.644442   -0.45245107 -0.0476885   0.50400753]
2025-12-14 01:59:43,881 - INFO - num_full_subsets = 2
2025-12-14 01:59:43,907 - INFO - phi = [ 0.54188754 -0.60476064  0.05130682 -0.92580823]
2025-12-14 01:59:43,935 - INFO - num_full_subsets = 2
2025-12-14 01:59:43,961 - INFO - phi = [ 0.86026165 -0.07493808 -0.09483641  0.25872893]
2025-12-14 01:59:43,989 - INFO - num_full_subsets = 2
2025-12-14 01:59:44,015 - INFO - phi = [-0.82252311 -0.66694991 -0.3087022  -0.18262153]
2025-12-14 01:59:44,044 - INFO - num_full_subsets = 2
2025-12-14 01:59:44,070 - INFO - phi = [0.3346053  0.64618007 0.41903113 0.50078928]
2025-12-14 01:59:44,098 - INFO - num_full_subsets = 2
2025-12-14 01:59:44,125 - INFO - phi = [-1.61694193  0.50594237 -0.14729512  0.15750213]
2025-12-14 01:59:44,153 - INFO - num_full_subsets = 2
2025-12-14 01:59:44,179 - INFO - phi = [ 1.73923375  0.08966434  0.01667286 -0.8462336 ]
2025-12-14 01:59:44,206 - INFO - num_full_subsets = 2
2025-12-14 01:59:44,233 - INFO - phi = [-0.63687777 -0.03532366 -0.33698957  0.12799598]
2025-12-14 01:59:44,260 - INFO - num_full_subsets = 2
2025-12-14 01:59:44,287 - INFO - phi = [0.07975222 0.01719936 0.2356076  0.31922579]
2025-12-14 01:59:44,314 - INFO - num_full_subsets = 2
2025-12-14 01:59:44,341 - INFO - phi = [ 0.23003621  0.08090412 -0.18154997  0.46128212]
2025-12-14 01:59:44,369 - INFO - num_full_subsets = 2
2025-12-14 01:59:44,395 - INFO - phi = [0.24533923 0.53787469 0.44266198 0.49337684]
2025-12-14 01:59:44,423 - INFO - num_full_subsets = 2
2025-12-14 01:59:44,449 - INFO - phi = [-0.74313005  0.2342324  -0.14714733  0.24063816]
2025-12-14 01:59:44,477 - INFO - num_full_subsets = 2
2025-12-14 01:59:44,503 - INFO - phi = [0.97124909 0.80897617 0.21291106 0.29967238]
2025-12-14 01:59:44,531 - INFO - num_full_subsets = 2
2025-12-14 01:59:44,557 - INFO - phi = [-0.09239705  0.20575214 -0.37163817  0.02451944]
2025-12-14 01:59:44,585 - INFO - num_full_subsets = 2
2025-12-14 01:59:44,612 - INFO - phi = [ 1.36213737 -0.1734984  -0.08958195  0.50508939]
2025-12-14 01:59:44,641 - INFO - num_full_subsets = 2
2025-12-14 01:59:44,669 - INFO - phi = [-1.7272898  -0.3369567  -0.04691614  0.39667718]
2025-12-14 01:59:44,697 - INFO - num_full_subsets = 2
2025-12-14 01:59:44,723 - INFO - phi = [-0.9122045  -0.69368644 -0.04791863  0.66345289]
2025-12-14 01:59:44,751 - INFO - num_full_subsets = 2
2025-12-14 01:59:44,777 - INFO - phi = [ 3.64683426e-04 -7.90308433e-01 -2.09675128e-02 -2.14049910e-01]
2025-12-14 01:59:44,805 - INFO - num_full_subsets = 2
2025-12-14 01:59:44,832 - INFO - phi = [-0.70259805  0.6115185  -0.10582614  0.64048892]
2025-12-14 01:59:44,860 - INFO - num_full_subsets = 2
2025-12-14 01:59:44,887 - INFO - phi = [-0.98594084 -0.76860049 -0.0615831  -0.16734962]
2025-12-14 01:59:44,915 - INFO - num_full_subsets = 2
2025-12-14 01:59:44,941 - INFO - phi = [-0.32724246 -0.76353831 -0.10001888  0.23972963]
2025-12-14 01:59:44,969 - INFO - num_full_subsets = 2
2025-12-14 01:59:44,996 - INFO - phi = [ 1.15475998  0.08246933 -0.0730304   0.89060148]
2025-12-14 01:59:45,024 - INFO - num_full_subsets = 2
2025-12-14 01:59:45,051 - INFO - phi = [1.81532533 0.89935792 0.09013431 0.49087502]
2025-12-14 01:59:45,079 - INFO - num_full_subsets = 2
2025-12-14 01:59:45,106 - INFO - phi = [ 0.14614545  0.53879629  0.09580753 -0.85031079]
2025-12-14 01:59:45,134 - INFO - num_full_subsets = 2
2025-12-14 01:59:45,160 - INFO - phi = [ 1.84544892  0.11441517 -0.00487724 -0.04204905]
2025-12-14 01:59:45,188 - INFO - num_full_subsets = 2
2025-12-14 01:59:45,215 - INFO - phi = [ 0.86976794  0.37447446 -0.08249654  0.36427104]
2025-12-14 01:59:45,242 - INFO - num_full_subsets = 2
2025-12-14 01:59:45,269 - INFO - phi = [-1.44097562 -0.53309361 -0.07069729  0.09467576]
2025-12-14 01:59:45,296 - INFO - num_full_subsets = 2
2025-12-14 01:59:45,323 - INFO - phi = [ 0.14829542  0.62332806  0.12936306 -0.7690555 ]
2025-12-14 01:59:45,351 - INFO - num_full_subsets = 2
2025-12-14 01:59:45,377 - INFO - phi = [-0.79342871  0.55371972 -0.0273626  -0.18793057]
2025-12-14 01:59:45,405 - INFO - num_full_subsets = 2
2025-12-14 01:59:45,432 - INFO - phi = [-1.26504736 -0.39974594 -0.23741478 -0.24421398]
2025-12-14 01:59:45,460 - INFO - num_full_subsets = 2
2025-12-14 01:59:45,487 - INFO - phi = [-0.09565548  0.20234235 -0.00324502  0.69118977]
2025-12-14 01:59:45,515 - INFO - num_full_subsets = 2
2025-12-14 01:59:45,541 - INFO - phi = [ 1.58207655  0.52926774 -0.10919814  0.28430814]
2025-12-14 01:59:45,570 - INFO - num_full_subsets = 2
2025-12-14 01:59:45,597 - INFO - phi = [ 0.69752491 -0.05481575  0.10789177  0.38642962]
2025-12-14 01:59:45,624 - INFO - num_full_subsets = 2
2025-12-14 01:59:45,651 - INFO - phi = [-0.87588966  0.35772595 -0.00689554  0.05860668]
2025-12-14 01:59:45,679 - INFO - num_full_subsets = 2
2025-12-14 01:59:45,706 - INFO - phi = [-0.71268087 -0.7473399  -0.09198612  0.69943403]
2025-12-14 01:59:45,734 - INFO - num_full_subsets = 2
2025-12-14 01:59:45,760 - INFO - phi = [-1.15299216 -0.51157238 -0.02997426 -0.85675233]
2025-12-14 01:59:45,788 - INFO - num_full_subsets = 2
2025-12-14 01:59:45,815 - INFO - phi = [0.92646342 0.41598494 0.03167866 0.34079658]
2025-12-14 01:59:45,843 - INFO - num_full_subsets = 2
2025-12-14 01:59:45,870 - INFO - phi = [-1.28010041 -0.4970674  -0.02434261 -0.390837  ]
2025-12-14 01:59:45,898 - INFO - num_full_subsets = 2
2025-12-14 01:59:45,925 - INFO - phi = [1.08467263 0.65755621 0.17967868 0.34109366]
2025-12-14 01:59:45,953 - INFO - num_full_subsets = 2
2025-12-14 01:59:45,980 - INFO - phi = [ 0.19144235  0.13326148  0.00431006 -0.24841172]
2025-12-14 01:59:46,008 - INFO - num_full_subsets = 2
2025-12-14 01:59:46,035 - INFO - phi = [ 0.32005306  0.40904761  0.20736122 -0.34504044]
2025-12-14 01:59:46,063 - INFO - num_full_subsets = 2
2025-12-14 01:59:46,089 - INFO - phi = [ 0.14513101 -0.19281622 -0.05739224 -0.68607753]
2025-12-14 01:59:46,117 - INFO - num_full_subsets = 2
2025-12-14 01:59:46,144 - INFO - phi = [-1.78269591  0.45119217 -0.01663837 -0.19765133]
2025-12-14 01:59:46,177 - INFO - num_full_subsets = 2
2025-12-14 01:59:46,203 - INFO - phi = [ 0.1372723   0.22694777  0.13626897 -0.78498093]
2025-12-14 01:59:46,230 - INFO - num_full_subsets = 2
2025-12-14 01:59:46,256 - INFO - phi = [ 0.98407795  0.03199591 -0.23736594  0.34089644]
2025-12-14 01:59:46,283 - INFO - num_full_subsets = 2
2025-12-14 01:59:46,309 - INFO - phi = [ 0.14886989  0.52865976  0.09327775 -0.86854725]
2025-12-14 01:59:46,336 - INFO - num_full_subsets = 2
2025-12-14 01:59:46,362 - INFO - phi = [-1.03850015 -0.70619812 -0.04106812 -0.14316196]
2025-12-14 01:59:46,388 - INFO - num_full_subsets = 2
2025-12-14 01:59:46,414 - INFO - phi = [ 0.69612498  0.31913426  0.99436578 -0.82923013]
2025-12-14 01:59:46,441 - INFO - num_full_subsets = 2
2025-12-14 01:59:46,467 - INFO - phi = [-0.96356645 -0.67679488 -0.16544203 -0.20878042]
2025-12-14 01:59:46,496 - INFO - num_full_subsets = 2
2025-12-14 01:59:46,524 - INFO - phi = [ 0.60036927 -0.31106676  1.37803901 -0.78812372]
2025-12-14 01:59:46,554 - INFO - num_full_subsets = 2
2025-12-14 01:59:46,580 - INFO - phi = [ 0.19476898 -0.04567868  0.08370171  0.53446437]
2025-12-14 01:59:46,607 - INFO - num_full_subsets = 2
2025-12-14 01:59:46,633 - INFO - phi = [-1.0421213  -0.2970056  -0.05681448 -0.27174911]
2025-12-14 01:59:46,660 - INFO - num_full_subsets = 2
2025-12-14 01:59:46,686 - INFO - phi = [1.42042963 0.73992763 0.05269649 0.6759014 ]
2025-12-14 01:59:46,713 - INFO - num_full_subsets = 2
2025-12-14 01:59:46,738 - INFO - phi = [ 0.29382204 -0.03857802  0.10782635 -0.19182386]
2025-12-14 01:59:46,765 - INFO - num_full_subsets = 2
2025-12-14 01:59:46,791 - INFO - phi = [ 0.14759892  0.24341017 -0.08894642 -0.54605385]
2025-12-14 01:59:46,819 - INFO - num_full_subsets = 2
2025-12-14 01:59:46,847 - INFO - phi = [-0.90026308 -0.79159917 -0.06514822 -0.29381736]
2025-12-14 01:59:46,877 - INFO - num_full_subsets = 2
2025-12-14 01:59:46,905 - INFO - phi = [-0.69879205  0.43546081 -0.06354413  0.65326005]
2025-12-14 01:59:46,932 - INFO - num_full_subsets = 2
2025-12-14 01:59:46,958 - INFO - phi = [0.96767767 0.01542557 0.18601248 0.28370663]
2025-12-14 01:59:46,985 - INFO - num_full_subsets = 2
2025-12-14 01:59:47,011 - INFO - phi = [-1.44034855  0.03169453 -0.09952486  0.63913062]
2025-12-14 01:59:47,038 - INFO - num_full_subsets = 2
2025-12-14 01:59:47,064 - INFO - phi = [ 0.94331177 -0.0727073   0.11026684  0.42151004]
2025-12-14 01:59:47,091 - INFO - num_full_subsets = 2
2025-12-14 01:59:47,117 - INFO - phi = [ 1.04778398 -0.0859711  -0.24356152  0.36821787]
2025-12-14 01:59:47,144 - INFO - num_full_subsets = 2
2025-12-14 01:59:47,170 - INFO - phi = [ 0.45390486 -0.57928877 -0.06146853 -0.54691509]
2025-12-14 01:59:47,197 - INFO - num_full_subsets = 2
2025-12-14 01:59:47,223 - INFO - phi = [ 1.31696691  0.1834117  -0.13551982  0.28581809]
2025-12-14 01:59:47,249 - INFO - num_full_subsets = 2
2025-12-14 01:59:47,275 - INFO - phi = [ 0.28070338  0.15340185 -0.06187624  0.43695424]
2025-12-14 01:59:47,302 - INFO - num_full_subsets = 2
2025-12-14 01:59:47,328 - INFO - phi = [ 1.79151766  0.09873125 -0.13211695  0.45877497]
2025-12-14 01:59:47,355 - INFO - num_full_subsets = 2
2025-12-14 01:59:47,381 - INFO - phi = [-0.40520996 -0.827913   -0.07855225 -0.23010722]
2025-12-14 01:59:47,408 - INFO - num_full_subsets = 2
2025-12-14 01:59:47,434 - INFO - phi = [-1.17810549 -0.37738656 -0.24431575 -0.33416713]
2025-12-14 01:59:47,480 - INFO - num_full_subsets = 2
2025-12-14 01:59:47,506 - INFO - phi = [-0.99496535  0.24198663 -0.06135348  0.24510764]
2025-12-14 01:59:47,533 - INFO - num_full_subsets = 2
2025-12-14 01:59:47,558 - INFO - phi = [-1.89628815e+00  1.60909900e-03 -6.52626687e-02  2.42055886e-02]
2025-12-14 01:59:47,585 - INFO - num_full_subsets = 2
2025-12-14 01:59:47,611 - INFO - phi = [1.19964473 0.14790817 0.21894367 0.41826152]
2025-12-14 01:59:47,638 - INFO - num_full_subsets = 2
2025-12-14 01:59:47,664 - INFO - phi = [ 0.06655704 -0.0046627  -0.17222448 -0.41222003]
2025-12-14 01:59:47,691 - INFO - num_full_subsets = 2
2025-12-14 01:59:47,716 - INFO - phi = [ 1.80773042  0.6427742  -0.07784892  0.63247256]
2025-12-14 01:59:47,873 - INFO - num_full_subsets = 2
2025-12-14 01:59:47,899 - INFO - phi = [ 0.23003621  0.08090412 -0.18154997  0.46128212]
2025-12-14 01:59:47,926 - INFO - num_full_subsets = 2
2025-12-14 01:59:47,952 - INFO - phi = [-1.50533056 -0.00960213 -0.00955061 -0.24050902]
2025-12-14 01:59:47,979 - INFO - num_full_subsets = 2
2025-12-14 01:59:48,005 - INFO - phi = [0.22338525 0.06794127 0.0909635  0.23021896]
2025-12-14 01:59:48,032 - INFO - num_full_subsets = 2
2025-12-14 01:59:48,058 - INFO - phi = [1.70528736 0.79266075 0.33666011 0.32812292]
2025-12-14 01:59:48,085 - INFO - num_full_subsets = 2
2025-12-14 01:59:48,111 - INFO - phi = [ 0.18437589 -0.42329198  0.42726514  0.46959752]
2025-12-14 01:59:48,137 - INFO - num_full_subsets = 2
2025-12-14 01:59:48,163 - INFO - phi = [1.50822192 0.28323738 0.21566343 0.33950813]
2025-12-14 01:59:48,190 - INFO - num_full_subsets = 2
2025-12-14 01:59:48,216 - INFO - phi = [-0.89243714 -0.61779076 -0.28279106 -0.20540737]
2025-12-14 01:59:48,243 - INFO - num_full_subsets = 2
2025-12-14 01:59:48,269 - INFO - phi = [-0.78747207 -0.38779386 -0.49310981  0.7733105 ]
2025-12-14 01:59:48,348 - INFO - num_full_subsets = 2
2025-12-14 01:59:48,374 - INFO - phi = [ 1.82885098  0.37199256 -0.1109594   0.44435035]
2025-12-14 01:59:48,400 - INFO - num_full_subsets = 2
2025-12-14 01:59:48,426 - INFO - phi = [ 0.17532977 -0.49120691 -0.15093566 -0.81434125]
2025-12-14 01:59:48,453 - INFO - num_full_subsets = 2
2025-12-14 01:59:48,479 - INFO - phi = [ 0.30173175 -0.89559614  0.20739426 -0.92554637]
2025-12-14 01:59:48,506 - INFO - num_full_subsets = 2
2025-12-14 01:59:48,532 - INFO - phi = [ 0.18716176  0.74180668  0.36454665 -0.61117289]
2025-12-14 01:59:48,559 - INFO - num_full_subsets = 2
2025-12-14 01:59:48,585 - INFO - phi = [-0.79664581 -0.79737143 -0.06527069 -0.53690357]
2025-12-14 01:59:48,611 - INFO - num_full_subsets = 2
2025-12-14 01:59:48,637 - INFO - phi = [1.93016174 0.40869688 0.00630281 0.51150614]
2025-12-14 01:59:48,664 - INFO - num_full_subsets = 2
2025-12-14 01:59:48,690 - INFO - phi = [1.83825289 0.45726229 0.05035158 0.31551367]
2025-12-14 01:59:48,716 - INFO - num_full_subsets = 2
2025-12-14 01:59:48,742 - INFO - phi = [-1.07825477 -0.18909678 -0.02712276  0.31383026]
2025-12-14 01:59:48,769 - INFO - num_full_subsets = 2
2025-12-14 01:59:48,795 - INFO - phi = [ 1.49418907  0.5036443  -0.14148486  0.25308037]
2025-12-14 01:59:48,821 - INFO - num_full_subsets = 2
2025-12-14 01:59:48,847 - INFO - phi = [-1.01811841 -0.73131526 -0.03067853 -0.36024232]
2025-12-14 01:59:48,874 - INFO - num_full_subsets = 2
2025-12-14 01:59:48,900 - INFO - phi = [-0.86116903 -0.76972877 -0.02982368 -0.34352119]
2025-12-14 01:59:48,926 - INFO - num_full_subsets = 2
2025-12-14 01:59:48,952 - INFO - phi = [0.35783202 0.05860922 0.26086263 0.61832047]
2025-12-14 01:59:48,979 - INFO - num_full_subsets = 2
2025-12-14 01:59:49,005 - INFO - phi = [-1.46116857 -0.45539938 -0.13875834 -0.15446111]
2025-12-14 01:59:49,032 - INFO - num_full_subsets = 2
2025-12-14 01:59:49,058 - INFO - phi = [ 1.60348344  0.22392527 -0.35123515  0.42086655]
2025-12-14 01:59:49,084 - INFO - num_full_subsets = 2
2025-12-14 01:59:49,110 - INFO - phi = [ 0.65723128 -0.17588065  1.23418811 -0.79000264]
2025-12-14 01:59:49,137 - INFO - num_full_subsets = 2
2025-12-14 01:59:49,163 - INFO - phi = [0.99338995 0.32837907 0.12066378 0.51275825]
2025-12-14 01:59:49,190 - INFO - num_full_subsets = 2
2025-12-14 01:59:49,216 - INFO - phi = [ 0.43290008 -0.1419473   0.97389053 -1.32003257]
2025-12-14 01:59:49,243 - INFO - num_full_subsets = 2
2025-12-14 01:59:49,269 - INFO - phi = [ 0.04704932  0.5844835  -0.40318408 -0.54685251]
2025-12-14 01:59:49,296 - INFO - num_full_subsets = 2
2025-12-14 01:59:49,322 - INFO - phi = [0.5574716  0.2180044  0.09160913 0.5231834 ]
2025-12-14 01:59:49,348 - INFO - num_full_subsets = 2
2025-12-14 01:59:49,374 - INFO - phi = [-1.15801436 -0.68306018 -0.17099885  0.39365498]
2025-12-14 01:59:49,401 - INFO - num_full_subsets = 2
2025-12-14 01:59:49,427 - INFO - phi = [ 0.08624035  0.05366209 -0.30111469 -0.31579901]
2025-12-14 01:59:49,454 - INFO - num_full_subsets = 2
2025-12-14 01:59:49,480 - INFO - phi = [ 0.8369711   0.46601462 -0.12630498  0.39754747]
2025-12-14 01:59:49,507 - INFO - num_full_subsets = 2
2025-12-14 01:59:49,533 - INFO - phi = [ 0.49398759  0.41746318 -0.08278505  0.80041864]
2025-12-14 01:59:49,559 - INFO - num_full_subsets = 2
2025-12-14 01:59:49,585 - INFO - phi = [ 0.12290603 -0.12269438 -0.17812533  0.27652211]
2025-12-14 01:59:49,613 - INFO - num_full_subsets = 2
2025-12-14 01:59:49,639 - INFO - phi = [-0.10590455  0.31230241 -0.36463959  0.13115416]
2025-12-14 01:59:49,666 - INFO - num_full_subsets = 2
2025-12-14 01:59:49,691 - INFO - phi = [ 1.34572092  0.16279725 -0.1389223   0.40774316]
2025-12-14 01:59:49,720 - INFO - num_full_subsets = 2
2025-12-14 01:59:49,748 - INFO - phi = [ 0.14203309  0.1167381  -0.05542089 -0.75517492]
2025-12-14 01:59:49,776 - INFO - num_full_subsets = 2
2025-12-14 01:59:49,802 - INFO - phi = [-0.83421979 -0.70061905 -0.06950478 -0.5172902 ]
2025-12-14 01:59:49,829 - INFO - num_full_subsets = 2
2025-12-14 01:59:49,855 - INFO - phi = [-0.81064193 -0.78194807 -0.00556479 -0.56571237]
2025-12-14 01:59:49,882 - INFO - num_full_subsets = 2
2025-12-14 01:59:49,908 - INFO - phi = [-0.4942793  -0.92488783  0.08663689 -0.51306174]
2025-12-14 01:59:49,935 - INFO - num_full_subsets = 2
2025-12-14 01:59:49,960 - INFO - phi = [-0.80786298 -0.79136765 -0.02845164 -0.5312349 ]
2025-12-14 01:59:49,990 - INFO - num_full_subsets = 2
2025-12-14 01:59:50,018 - INFO - phi = [ 0.43968024 -0.83885878 -0.03815414 -0.9807596 ]
2025-12-14 01:59:50,045 - INFO - num_full_subsets = 2
2025-12-14 01:59:50,071 - INFO - phi = [ 0.16769945  0.63219957 -0.09481335  0.49116123]
2025-12-14 01:59:50,098 - INFO - num_full_subsets = 2
2025-12-14 01:59:50,124 - INFO - phi = [0.44058781 0.30568506 0.53139779 0.33180598]
2025-12-14 01:59:50,151 - INFO - num_full_subsets = 2
2025-12-14 01:59:50,177 - INFO - phi = [-0.98441914 -0.65445553 -0.0239225  -0.37614888]
2025-12-14 01:59:50,204 - INFO - num_full_subsets = 2
2025-12-14 01:59:50,230 - INFO - phi = [0.59838986 0.74406861 0.10270501 0.54789691]
2025-12-14 01:59:50,257 - INFO - num_full_subsets = 2
2025-12-14 01:59:50,283 - INFO - phi = [-1.43285349 -0.3971255  -0.02882562 -0.27896767]
2025-12-14 01:59:50,309 - INFO - num_full_subsets = 2
2025-12-14 01:59:50,335 - INFO - phi = [-1.09322448  0.58613659  0.10513874  0.15947975]
2025-12-14 01:59:50,362 - INFO - num_full_subsets = 2
2025-12-14 01:59:50,388 - INFO - phi = [ 0.15631377  0.37900769  0.10491129 -0.62618425]
2025-12-14 01:59:50,415 - INFO - num_full_subsets = 2
2025-12-14 01:59:50,441 - INFO - phi = [ 0.05912176  0.61392552 -0.16195198 -0.36044385]
2025-12-14 01:59:50,468 - INFO - num_full_subsets = 2
2025-12-14 01:59:50,494 - INFO - phi = [-1.01703751 -0.13163532 -0.00773677 -0.1170726 ]
2025-12-14 01:59:50,521 - INFO - num_full_subsets = 2
2025-12-14 01:59:50,547 - INFO - phi = [-1.64431216  0.14004539 -0.15448486  0.30150667]
2025-12-14 01:59:50,576 - INFO - num_full_subsets = 2
2025-12-14 01:59:50,603 - INFO - phi = [ 0.23558965  0.59253197 -0.12491206  0.24253174]
2025-12-14 01:59:50,630 - INFO - num_full_subsets = 2
2025-12-14 01:59:50,656 - INFO - phi = [-1.02642146 -0.68998477 -0.05964695 -0.27342078]
2025-12-14 01:59:50,684 - INFO - num_full_subsets = 2
2025-12-14 01:59:50,710 - INFO - phi = [1.45216616 0.71410886 0.15026348 0.49081472]
2025-12-14 01:59:50,736 - INFO - num_full_subsets = 2
2025-12-14 01:59:50,762 - INFO - phi = [1.86006302 0.63326518 0.00745688 0.24553592]
2025-12-14 01:59:50,789 - INFO - num_full_subsets = 2
2025-12-14 01:59:50,815 - INFO - phi = [ 0.12844747  0.66415683 -0.15102303  0.48649626]
2025-12-14 01:59:50,842 - INFO - num_full_subsets = 2
2025-12-14 01:59:50,868 - INFO - phi = [-0.54248597  1.26346131  0.19355682  0.07235163]
2025-12-14 01:59:50,895 - INFO - num_full_subsets = 2
2025-12-14 01:59:50,920 - INFO - phi = [ 2.30082819  0.48438786 -0.04423215  0.30339277]
2025-12-14 01:59:50,947 - INFO - num_full_subsets = 2
2025-12-14 01:59:50,973 - INFO - phi = [-0.50043697  1.11227417  0.18087311 -0.05104772]
2025-12-14 01:59:51,000 - INFO - num_full_subsets = 2
2025-12-14 01:59:51,026 - INFO - phi = [ 1.45991985 -0.11498417 -0.23626118  0.50724213]
2025-12-14 01:59:51,053 - INFO - num_full_subsets = 2
2025-12-14 01:59:51,078 - INFO - phi = [ 0.8920803   0.3049745  -0.08528339  0.82535584]
2025-12-14 01:59:51,105 - INFO - num_full_subsets = 2
2025-12-14 01:59:51,131 - INFO - phi = [0.01569068 0.29681603 0.04389936 0.36369776]
2025-12-14 01:59:51,158 - INFO - num_full_subsets = 2
2025-12-14 01:59:51,184 - INFO - phi = [-0.90902729 -0.65178106 -0.06836879 -0.41917322]
2025-12-14 01:59:51,211 - INFO - num_full_subsets = 2
2025-12-14 01:59:51,237 - INFO - phi = [-1.32075877  0.16624676 -0.05580013 -0.27795   ]
2025-12-14 01:59:51,263 - INFO - num_full_subsets = 2
2025-12-14 01:59:51,289 - INFO - phi = [ 0.0793443   0.10297937 -0.02922078 -0.66797641]
2025-12-14 01:59:51,316 - INFO - num_full_subsets = 2
2025-12-14 01:59:51,342 - INFO - phi = [ 4.53158316e-05  1.74082297e-01 -9.94474659e-02  5.87745650e-01]
2025-12-14 01:59:51,369 - INFO - num_full_subsets = 2
2025-12-14 01:59:51,395 - INFO - phi = [ 0.1403639   0.57539844 -0.20333951  0.25044339]
2025-12-14 01:59:51,422 - INFO - num_full_subsets = 2
2025-12-14 01:59:51,448 - INFO - phi = [-1.35499347 -0.67402258 -0.19611639  0.16841598]
2025-12-14 01:59:51,475 - INFO - num_full_subsets = 2
2025-12-14 01:59:51,500 - INFO - phi = [-0.8610233  -0.71790942 -0.02681152 -0.51588959]
2025-12-14 01:59:51,527 - INFO - num_full_subsets = 2
2025-12-14 01:59:51,553 - INFO - phi = [-1.75198879 -0.40374038 -0.08546453  0.07877684]
2025-12-14 01:59:51,580 - INFO - num_full_subsets = 2
2025-12-14 01:59:51,605 - INFO - phi = [-1.41826604 -0.37627153 -0.07394961 -0.26045567]
2025-12-14 01:59:51,632 - INFO - num_full_subsets = 2
2025-12-14 01:59:51,658 - INFO - phi = [ 0.01525186  0.06326634 -0.49178281 -0.20038239]
2025-12-14 01:59:51,685 - INFO - num_full_subsets = 2
2025-12-14 01:59:51,711 - INFO - phi = [-1.19573328 -0.50163775 -0.04360383 -0.83777456]
2025-12-14 01:59:52,209 - INFO - Computing feature importance...
2025-12-14 01:59:55,273 - INFO - Experiment completed for NGBoost
2025-12-14 01:59:55,273 - INFO - Total time: 221.10s (3.68 min)
2025-12-14 01:59:55,273 - INFO - Starting comprehensive experiment for NGBoost
2025-12-14 02:00:02,539 - INFO - Performing feature analysis...
2025-12-14 02:00:03,728 - INFO - Model justification: Probabilistic forecasting with natural gradient boosting, provides uncertainty quantification
2025-12-14 02:00:03,728 - INFO - Performing robust cross-validation...
2025-12-14 02:00:42,922 - INFO - CV Results - MSE: 0.7587 ± 0.1254
2025-12-14 02:00:42,922 - INFO - Starting hyperparameter optimization...
2025-12-14 02:04:46,626 - INFO - Best parameters for NGBoost: {'n_estimators': 188, 'learning_rate': 0.03270482220312199, 'minibatch_frac': 0.39669069441202737, 'natural_gradient': True}
2025-12-14 02:04:46,626 - INFO - ⏱️ HPO took 243.70 seconds
2025-12-14 02:04:46,626 - INFO - Training final model...
2025-12-14 02:04:47,512 - INFO - ⏱️ Training took 0.89 seconds
2025-12-14 02:04:47,512 - INFO - Performing residual analysis...
2025-12-14 02:04:48,572 - INFO - Generating XAI explanations...
2025-12-14 02:04:48,597 - WARNING - Using 168 background data samples could cause slower run times. Consider using shap.sample(data, K) or shap.kmeans(data, K) to summarize the background as K samples.
2025-12-14 02:04:48,635 - INFO - num_full_subsets = 2
2025-12-14 02:04:48,680 - INFO - phi = [1.53777899 0.14620216 0.13872407 0.57880815]
2025-12-14 02:04:48,718 - INFO - num_full_subsets = 2
2025-12-14 02:04:48,763 - INFO - phi = [ 1.08563917  0.06661699 -0.02070708  0.40834203]
2025-12-14 02:04:48,802 - INFO - num_full_subsets = 2
2025-12-14 02:04:48,847 - INFO - phi = [-0.98814682  0.61869954  0.14673158  0.29808502]
2025-12-14 02:04:48,885 - INFO - num_full_subsets = 2
2025-12-14 02:04:48,930 - INFO - phi = [-1.07357021 -0.44902063 -0.07707724 -0.31793147]
2025-12-14 02:04:48,968 - INFO - num_full_subsets = 2
2025-12-14 02:04:49,014 - INFO - phi = [-0.43971393 -0.5573873  -0.08438602  0.2452602 ]
2025-12-14 02:04:49,052 - INFO - num_full_subsets = 2
2025-12-14 02:04:49,098 - INFO - phi = [-1.2826125  -0.10077402 -0.87691635  0.19509675]
2025-12-14 02:04:49,137 - INFO - num_full_subsets = 2
2025-12-14 02:04:49,183 - INFO - phi = [ 0.84619558  0.2438724   0.2219615  -0.11278821]
2025-12-14 02:04:49,221 - INFO - num_full_subsets = 2
2025-12-14 02:04:49,267 - INFO - phi = [-0.52950363 -0.64377816 -0.04131204 -0.59073289]
2025-12-14 02:04:49,305 - INFO - num_full_subsets = 2
2025-12-14 02:04:49,350 - INFO - phi = [-0.79696633  0.23433544 -0.00208437  0.19273725]
2025-12-14 02:04:49,388 - INFO - num_full_subsets = 2
2025-12-14 02:04:49,433 - INFO - phi = [-1.02767421 -0.50657944 -0.0635481  -0.33002204]
2025-12-14 02:04:49,471 - INFO - num_full_subsets = 2
2025-12-14 02:04:49,516 - INFO - phi = [-1.44244661 -0.14995427 -0.04668426 -0.13502443]
2025-12-14 02:04:49,554 - INFO - num_full_subsets = 2
2025-12-14 02:04:49,600 - INFO - phi = [-1.5963493   0.62414178 -0.09703894 -0.04204989]
2025-12-14 02:04:49,637 - INFO - num_full_subsets = 2
2025-12-14 02:04:49,683 - INFO - phi = [ 1.10905384 -0.0235988   0.05505041 -0.58117459]
2025-12-14 02:04:49,720 - INFO - num_full_subsets = 2
2025-12-14 02:04:49,766 - INFO - phi = [-1.05755962 -0.45018947 -0.0873234  -0.40204725]
2025-12-14 02:04:49,804 - INFO - num_full_subsets = 2
2025-12-14 02:04:49,849 - INFO - phi = [-1.43232698 -0.40354323 -0.03095822  0.03283517]
2025-12-14 02:04:49,888 - INFO - num_full_subsets = 2
2025-12-14 02:04:49,934 - INFO - phi = [ 0.06552424  0.12487808 -0.26440717 -0.03237313]
2025-12-14 02:04:49,972 - INFO - num_full_subsets = 2
2025-12-14 02:04:50,017 - INFO - phi = [0.5811391  0.73931894 0.08010008 0.56372398]
2025-12-14 02:04:50,055 - INFO - num_full_subsets = 2
2025-12-14 02:04:50,101 - INFO - phi = [-0.26733663 -0.73219256 -0.10136874  0.39655082]
2025-12-14 02:04:50,139 - INFO - num_full_subsets = 2
2025-12-14 02:04:50,185 - INFO - phi = [-1.37689206  0.47758719 -0.05661703 -0.221159  ]
2025-12-14 02:04:50,223 - INFO - num_full_subsets = 2
2025-12-14 02:04:50,268 - INFO - phi = [1.1100961  0.11997727 0.31144828 0.47608829]
2025-12-14 02:04:50,307 - INFO - num_full_subsets = 2
2025-12-14 02:04:50,352 - INFO - phi = [-1.03562782 -0.4214894  -0.12224943 -0.20832054]
2025-12-14 02:04:50,389 - INFO - num_full_subsets = 2
2025-12-14 02:04:50,434 - INFO - phi = [-0.56766031  0.80005521  0.02340344  0.23319051]
2025-12-14 02:04:50,472 - INFO - num_full_subsets = 2
2025-12-14 02:04:50,517 - INFO - phi = [ 0.32313065 -0.01007417 -0.08620538 -0.37792308]
2025-12-14 02:04:50,555 - INFO - num_full_subsets = 2
2025-12-14 02:04:50,601 - INFO - phi = [ 2.06632067  0.85043948 -0.01890725  0.21742086]
2025-12-14 02:04:50,639 - INFO - num_full_subsets = 2
2025-12-14 02:04:50,684 - INFO - phi = [-0.95624539 -0.15358013 -0.10283362  0.23043625]
2025-12-14 02:04:50,722 - INFO - num_full_subsets = 2
2025-12-14 02:04:50,767 - INFO - phi = [ 1.26416081  0.36004347 -0.07304141 -0.18445135]
2025-12-14 02:04:50,805 - INFO - num_full_subsets = 2
2025-12-14 02:04:50,850 - INFO - phi = [-0.46504249 -0.79097698 -0.04940709 -0.4162767 ]
2025-12-14 02:04:50,888 - INFO - num_full_subsets = 2
2025-12-14 02:04:50,934 - INFO - phi = [1.8238766  0.12529261 0.28587445 0.26952038]
2025-12-14 02:04:50,972 - INFO - num_full_subsets = 2
2025-12-14 02:04:51,017 - INFO - phi = [-1.39082756 -0.51313853 -0.08666852  0.1303647 ]
2025-12-14 02:04:51,055 - INFO - num_full_subsets = 2
2025-12-14 02:04:51,101 - INFO - phi = [-0.44180144 -0.64966546  0.24231413 -0.43420967]
2025-12-14 02:04:51,139 - INFO - num_full_subsets = 2
2025-12-14 02:04:51,184 - INFO - phi = [-0.70569838 -0.55681424 -0.0288856  -0.24391318]
2025-12-14 02:04:51,222 - INFO - num_full_subsets = 2
2025-12-14 02:04:51,268 - INFO - phi = [ 0.47594952 -0.46119735 -0.12763185 -0.51463278]
2025-12-14 02:04:51,306 - INFO - num_full_subsets = 2
2025-12-14 02:04:51,351 - INFO - phi = [-0.82918083 -0.39762171  0.05211848 -0.35055003]
2025-12-14 02:04:51,389 - INFO - num_full_subsets = 2
2025-12-14 02:04:51,434 - INFO - phi = [-0.22646351 -0.72987176  0.033726    0.27087234]
2025-12-14 02:04:51,472 - INFO - num_full_subsets = 2
2025-12-14 02:04:51,517 - INFO - phi = [1.10878202 0.15077323 0.18336894 0.3424506 ]
2025-12-14 02:04:51,555 - INFO - num_full_subsets = 2
2025-12-14 02:04:51,600 - INFO - phi = [-0.98625655 -0.36980954 -0.15717919 -0.24948084]
2025-12-14 02:04:51,638 - INFO - num_full_subsets = 2
2025-12-14 02:04:51,684 - INFO - phi = [-1.04548022 -0.46091117 -0.0583901  -0.57221093]
2025-12-14 02:04:51,721 - INFO - num_full_subsets = 2
2025-12-14 02:04:51,767 - INFO - phi = [-0.69600948 -0.55192056 -0.00779965 -0.35197392]
2025-12-14 02:04:51,804 - INFO - num_full_subsets = 2
2025-12-14 02:04:51,850 - INFO - phi = [-0.71447828 -0.60300876 -0.02725624 -0.49051622]
2025-12-14 02:04:51,887 - INFO - num_full_subsets = 2
2025-12-14 02:04:51,932 - INFO - phi = [ 0.86356568 -0.44274753 -0.14316186  0.40486814]
2025-12-14 02:04:51,970 - INFO - num_full_subsets = 2
2025-12-14 02:04:52,015 - INFO - phi = [-1.37291792 -0.06482664 -0.03217281  0.10741193]
2025-12-14 02:04:52,053 - INFO - num_full_subsets = 2
2025-12-14 02:04:52,098 - INFO - phi = [-0.8999483  -0.6352127   0.13186671 -0.01564791]
2025-12-14 02:04:52,135 - INFO - num_full_subsets = 2
2025-12-14 02:04:52,180 - INFO - phi = [-0.14603526  0.46336577 -0.15158191  0.30030263]
2025-12-14 02:04:52,218 - INFO - num_full_subsets = 2
2025-12-14 02:04:52,263 - INFO - phi = [-0.89360116  0.44456877 -0.10684103  0.3443078 ]
2025-12-14 02:04:52,302 - INFO - num_full_subsets = 2
2025-12-14 02:04:52,348 - INFO - phi = [ 0.12856594  0.03497253 -0.25426198 -0.11192345]
2025-12-14 02:04:52,385 - INFO - num_full_subsets = 2
2025-12-14 02:04:52,430 - INFO - phi = [ 2.16645472  0.70927005 -0.06376595  0.3518728 ]
2025-12-14 02:04:52,468 - INFO - num_full_subsets = 2
2025-12-14 02:04:52,514 - INFO - phi = [-1.58413769 -0.06237115  0.01649229  0.04964337]
2025-12-14 02:04:52,552 - INFO - num_full_subsets = 2
2025-12-14 02:04:52,597 - INFO - phi = [ 0.38623115  0.02519233  0.15196051 -0.29501296]
2025-12-14 02:04:52,635 - INFO - num_full_subsets = 2
2025-12-14 02:04:52,680 - INFO - phi = [-0.1960559  -0.62421135  0.17110624 -0.45874124]
2025-12-14 02:04:52,718 - INFO - num_full_subsets = 2
2025-12-14 02:04:52,763 - INFO - phi = [1.51636228 0.71766084 0.14715538 0.66574344]
2025-12-14 02:04:52,801 - INFO - num_full_subsets = 2
2025-12-14 02:04:52,846 - INFO - phi = [-0.19152604 -0.65909647  0.01482206 -0.14544787]
2025-12-14 02:04:52,884 - INFO - num_full_subsets = 2
2025-12-14 02:04:52,930 - INFO - phi = [-1.75045693  0.46915808 -0.05075161  0.18420244]
2025-12-14 02:04:52,968 - INFO - num_full_subsets = 2
2025-12-14 02:04:53,014 - INFO - phi = [0.47308653 0.24349723 0.48690437 0.36323471]
2025-12-14 02:04:53,052 - INFO - num_full_subsets = 2
2025-12-14 02:04:53,097 - INFO - phi = [ 0.60189704 -0.09141358 -0.18777153 -0.17090039]
2025-12-14 02:04:53,136 - INFO - num_full_subsets = 2
2025-12-14 02:04:53,182 - INFO - phi = [-0.70733656 -0.59694255 -0.08882513 -0.38385171]
2025-12-14 02:04:53,220 - INFO - num_full_subsets = 2
2025-12-14 02:04:53,266 - INFO - phi = [-1.07871641 -0.47136394 -0.07078847 -0.32362215]
2025-12-14 02:04:53,304 - INFO - num_full_subsets = 2
2025-12-14 02:04:53,349 - INFO - phi = [ 0.21263832  0.40876456  0.17431965 -0.70938802]
2025-12-14 02:04:53,387 - INFO - num_full_subsets = 2
2025-12-14 02:04:53,432 - INFO - phi = [ 1.82063063  0.04273441 -0.3685458  -0.57848885]
2025-12-14 02:04:53,470 - INFO - num_full_subsets = 2
2025-12-14 02:04:53,515 - INFO - phi = [ 1.84697097 -0.10016103  0.10006539  0.50495525]
2025-12-14 02:04:53,553 - INFO - num_full_subsets = 2
2025-12-14 02:04:53,599 - INFO - phi = [ 0.00117655 -0.12408455 -0.06710209  0.53067305]
2025-12-14 02:04:53,637 - INFO - num_full_subsets = 2
2025-12-14 02:04:53,682 - INFO - phi = [ 1.73410311 -0.0156617   0.09884237  0.48166308]
2025-12-14 02:04:53,720 - INFO - num_full_subsets = 2
2025-12-14 02:04:53,765 - INFO - phi = [-0.47800021 -0.29182933 -0.10076137  0.3342949 ]
2025-12-14 02:04:53,803 - INFO - num_full_subsets = 2
2025-12-14 02:04:53,849 - INFO - phi = [-1.02361152  0.61552957 -0.02524258  0.22794897]
2025-12-14 02:04:53,887 - INFO - num_full_subsets = 2
2025-12-14 02:04:53,932 - INFO - phi = [ 2.17816644  0.84310285 -0.03879225  0.62076311]
2025-12-14 02:04:53,970 - INFO - num_full_subsets = 2
2025-12-14 02:04:54,016 - INFO - phi = [-0.51482976 -0.71519278  0.16577399 -0.48128963]
2025-12-14 02:04:54,054 - INFO - num_full_subsets = 2
2025-12-14 02:04:54,099 - INFO - phi = [-0.35732889 -0.77016181  0.3022068  -0.68211544]
2025-12-14 02:04:54,138 - INFO - num_full_subsets = 2
2025-12-14 02:04:54,184 - INFO - phi = [ 0.18625635  0.08177704 -0.17674388 -0.37407587]
2025-12-14 02:04:54,222 - INFO - num_full_subsets = 2
2025-12-14 02:04:54,268 - INFO - phi = [0.42110087 0.39747639 0.34886753 0.50873701]
2025-12-14 02:04:54,306 - INFO - num_full_subsets = 2
2025-12-14 02:04:54,352 - INFO - phi = [ 2.28691232  0.1161652  -0.01297441  0.68517958]
2025-12-14 02:04:54,390 - INFO - num_full_subsets = 2
2025-12-14 02:04:54,436 - INFO - phi = [0.42946447 0.71143565 0.08286422 0.5155597 ]
2025-12-14 02:04:54,474 - INFO - num_full_subsets = 2
2025-12-14 02:04:54,520 - INFO - phi = [-1.02887545 -0.45408978 -0.06746268 -0.57950508]
2025-12-14 02:04:54,558 - INFO - num_full_subsets = 2
2025-12-14 02:04:54,603 - INFO - phi = [-1.12245017 -0.38117545 -0.11482991  0.30786734]
2025-12-14 02:04:54,642 - INFO - num_full_subsets = 2
2025-12-14 02:04:54,687 - INFO - phi = [-1.47852018 -0.05854193 -0.04948816  0.32622346]
2025-12-14 02:04:54,725 - INFO - num_full_subsets = 2
2025-12-14 02:04:54,770 - INFO - phi = [-0.8376497  -0.55072564 -0.10274533 -0.1772773 ]
2025-12-14 02:04:54,809 - INFO - num_full_subsets = 2
2025-12-14 02:04:54,854 - INFO - phi = [ 0.03588599 -0.11117043 -0.20305431  0.32117642]
2025-12-14 02:04:54,892 - INFO - num_full_subsets = 2
2025-12-14 02:04:54,937 - INFO - phi = [-0.65578838  0.04085873 -0.9403675   0.18895044]
2025-12-14 02:04:54,975 - INFO - num_full_subsets = 2
2025-12-14 02:04:55,021 - INFO - phi = [-1.05672755 -0.65068109  0.11337414  0.32873194]
2025-12-14 02:04:55,059 - INFO - num_full_subsets = 2
2025-12-14 02:04:55,104 - INFO - phi = [ 1.81448536 -0.2717086   0.13830749  0.4026581 ]
2025-12-14 02:04:55,143 - INFO - num_full_subsets = 2
2025-12-14 02:04:55,188 - INFO - phi = [-1.19102613 -0.31170093 -0.02693954 -0.2221955 ]
2025-12-14 02:04:55,226 - INFO - num_full_subsets = 2
2025-12-14 02:04:55,272 - INFO - phi = [ 0.29380329  0.35605523 -0.09804783 -0.36748467]
2025-12-14 02:04:55,310 - INFO - num_full_subsets = 2
2025-12-14 02:04:55,355 - INFO - phi = [0.43706293 0.17963028 0.00222359 0.40531742]
2025-12-14 02:04:55,393 - INFO - num_full_subsets = 2
2025-12-14 02:04:55,438 - INFO - phi = [-1.01090989 -0.4897505  -0.04460862 -0.64960334]
2025-12-14 02:04:55,476 - INFO - num_full_subsets = 2
2025-12-14 02:04:55,522 - INFO - phi = [-1.08617589 -0.30187409 -0.24629418 -0.23044758]
2025-12-14 02:04:55,560 - INFO - num_full_subsets = 2
2025-12-14 02:04:55,606 - INFO - phi = [0.42870314 0.72190412 0.05937014 0.29805895]
2025-12-14 02:04:55,644 - INFO - num_full_subsets = 2
2025-12-14 02:04:55,690 - INFO - phi = [-1.11513707 -0.50573906 -0.0655466  -0.25801838]
2025-12-14 02:04:55,728 - INFO - num_full_subsets = 2
2025-12-14 02:04:55,773 - INFO - phi = [0.39905298 0.06411434 0.2669178  0.55042001]
2025-12-14 02:04:55,811 - INFO - num_full_subsets = 2
2025-12-14 02:04:55,857 - INFO - phi = [ 1.95783301 -0.09826438 -0.20537151  0.28126977]
2025-12-14 02:04:55,894 - INFO - num_full_subsets = 2
2025-12-14 02:04:55,939 - INFO - phi = [1.73101187 0.84861514 0.10712379 0.44200598]
2025-12-14 02:04:55,977 - INFO - num_full_subsets = 2
2025-12-14 02:04:56,023 - INFO - phi = [ 0.32513895  0.5624313   0.03778915 -0.29129999]
2025-12-14 02:04:56,062 - INFO - num_full_subsets = 2
2025-12-14 02:04:56,108 - INFO - phi = [-0.06495657 -0.62318466  0.0569475   0.45902938]
2025-12-14 02:04:56,146 - INFO - num_full_subsets = 2
2025-12-14 02:04:56,193 - INFO - phi = [ 0.37513379 -0.08384706 -0.02802075 -0.5145162 ]
2025-12-14 02:04:56,231 - INFO - num_full_subsets = 2
2025-12-14 02:04:56,277 - INFO - phi = [-0.45501635 -0.55937025  0.02326639  0.3056969 ]
2025-12-14 02:04:56,315 - INFO - num_full_subsets = 2
2025-12-14 02:04:56,361 - INFO - phi = [-1.44485975  0.19611717 -0.07355746 -0.03900342]
2025-12-14 02:04:56,400 - INFO - num_full_subsets = 2
2025-12-14 02:04:56,446 - INFO - phi = [1.26687042 0.58131456 0.16892654 0.55510597]
2025-12-14 02:04:56,484 - INFO - num_full_subsets = 2
2025-12-14 02:04:56,530 - INFO - phi = [ 0.37130621  0.76751213  0.16048768 -0.34726256]
2025-12-14 02:04:56,568 - INFO - num_full_subsets = 2
2025-12-14 02:04:56,613 - INFO - phi = [ 0.07132964  0.08402776 -0.33532315  0.26215249]
2025-12-14 02:04:56,651 - INFO - num_full_subsets = 2
2025-12-14 02:04:56,697 - INFO - phi = [ 0.44991364 -0.19896669  0.14685839 -0.33500634]
2025-12-14 02:04:56,735 - INFO - num_full_subsets = 2
2025-12-14 02:04:56,780 - INFO - phi = [ 1.40717696  0.13144718 -0.06228074  0.5169954 ]
2025-12-14 02:04:56,818 - INFO - num_full_subsets = 2
2025-12-14 02:04:56,863 - INFO - phi = [0.36576264 0.89644146 0.01200534 0.28824237]
2025-12-14 02:04:56,901 - INFO - num_full_subsets = 2
2025-12-14 02:04:56,947 - INFO - phi = [ 0.99840364 -0.24201881  0.04742806 -0.51055193]
2025-12-14 02:04:56,986 - INFO - num_full_subsets = 2
2025-12-14 02:04:57,032 - INFO - phi = [-1.44485975  0.19611717 -0.07355746 -0.03900342]
2025-12-14 02:04:57,070 - INFO - num_full_subsets = 2
2025-12-14 02:04:57,116 - INFO - phi = [ 1.25314242 -0.28676197  0.89314461 -1.09481059]
2025-12-14 02:04:57,154 - INFO - num_full_subsets = 2
2025-12-14 02:04:57,199 - INFO - phi = [-1.22889802 -0.43707952 -0.04558702 -0.15453372]
2025-12-14 02:04:57,237 - INFO - num_full_subsets = 2
2025-12-14 02:04:57,282 - INFO - phi = [0.31440934 1.90999114 0.25984428 0.31612648]
2025-12-14 02:04:57,321 - INFO - num_full_subsets = 2
2025-12-14 02:04:57,366 - INFO - phi = [0.42502222 0.28072779 0.22286548 0.46693   ]
2025-12-14 02:04:57,404 - INFO - num_full_subsets = 2
2025-12-14 02:04:57,449 - INFO - phi = [ 0.26256193 -0.05127289 -0.08914085 -0.53062901]
2025-12-14 02:04:57,487 - INFO - num_full_subsets = 2
2025-12-14 02:04:57,533 - INFO - phi = [ 0.62036574 -0.34397124  0.14238537  0.62031305]
2025-12-14 02:04:57,571 - INFO - num_full_subsets = 2
2025-12-14 02:04:57,617 - INFO - phi = [ 0.38480669 -0.14060433  0.0443448  -0.62555077]
2025-12-14 02:04:57,656 - INFO - num_full_subsets = 2
2025-12-14 02:04:57,702 - INFO - phi = [ 1.70938855e+00  7.71753755e-02 -6.77217307e-04  5.98403532e-01]
2025-12-14 02:04:57,739 - INFO - num_full_subsets = 2
2025-12-14 02:04:57,785 - INFO - phi = [-1.18080025 -0.48545258 -0.00975638 -0.08625642]
2025-12-14 02:04:57,823 - INFO - num_full_subsets = 2
2025-12-14 02:04:57,869 - INFO - phi = [-1.2609569   0.40342394 -0.16553233  0.10050543]
2025-12-14 02:04:57,907 - INFO - num_full_subsets = 2
2025-12-14 02:04:57,953 - INFO - phi = [ 0.36180619  0.54788681  0.07386856 -0.68219629]
2025-12-14 02:04:57,991 - INFO - num_full_subsets = 2
2025-12-14 02:04:58,036 - INFO - phi = [-7.47063713e-01 -4.67945124e-01 -1.72185898e-04 -3.16892821e-01]
2025-12-14 02:04:58,074 - INFO - num_full_subsets = 2
2025-12-14 02:04:58,120 - INFO - phi = [2.10402507 0.9602709  0.0157725  0.58204088]
2025-12-14 02:04:58,157 - INFO - num_full_subsets = 2
2025-12-14 02:04:58,203 - INFO - phi = [ 0.80530895 -0.69529471 -0.1017665   0.61229393]
2025-12-14 02:04:58,240 - INFO - num_full_subsets = 2
2025-12-14 02:04:58,286 - INFO - phi = [1.71908832 0.31228509 0.1983607  0.61827573]
2025-12-14 02:04:58,324 - INFO - num_full_subsets = 2
2025-12-14 02:04:58,369 - INFO - phi = [ 1.37871707 -0.10526185  0.18356809  0.55499216]
2025-12-14 02:04:58,407 - INFO - num_full_subsets = 2
2025-12-14 02:04:58,453 - INFO - phi = [-0.01192186  0.32982078  0.24131939 -0.9671643 ]
2025-12-14 02:04:58,491 - INFO - num_full_subsets = 2
2025-12-14 02:04:58,536 - INFO - phi = [ 0.5264807   0.50072837  0.10652325 -0.27600246]
2025-12-14 02:04:58,573 - INFO - num_full_subsets = 2
2025-12-14 02:04:58,619 - INFO - phi = [ 2.24025153  0.34668596 -0.00671111  0.39805169]
2025-12-14 02:04:58,658 - INFO - num_full_subsets = 2
2025-12-14 02:04:58,704 - INFO - phi = [1.09426599 0.70778702 0.07535283 0.34443395]
2025-12-14 02:04:58,742 - INFO - num_full_subsets = 2
2025-12-14 02:04:58,788 - INFO - phi = [0.67530901 0.98032317 0.11260796 0.50054507]
2025-12-14 02:04:58,827 - INFO - num_full_subsets = 2
2025-12-14 02:04:58,872 - INFO - phi = [-0.77206871 -0.56115765 -0.05528254 -0.28411149]
2025-12-14 02:04:58,911 - INFO - num_full_subsets = 2
2025-12-14 02:04:58,957 - INFO - phi = [ 0.33724182  0.3223336   0.03368929 -0.47984726]
2025-12-14 02:04:58,996 - INFO - num_full_subsets = 2
2025-12-14 02:04:59,042 - INFO - phi = [-0.51027287 -0.68683468 -0.0909972  -0.01437194]
2025-12-14 02:04:59,080 - INFO - num_full_subsets = 2
2025-12-14 02:04:59,126 - INFO - phi = [-1.43998334 -0.42226778 -0.05849346  0.19936349]
2025-12-14 02:04:59,168 - INFO - num_full_subsets = 2
2025-12-14 02:04:59,214 - INFO - phi = [-0.26682132 -0.7270343  -0.03435394  0.470188  ]
2025-12-14 02:04:59,253 - INFO - num_full_subsets = 2
2025-12-14 02:04:59,299 - INFO - phi = [2.15406276 0.137817   0.21660244 0.36617047]
2025-12-14 02:04:59,338 - INFO - num_full_subsets = 2
2025-12-14 02:04:59,384 - INFO - phi = [-0.81933102  0.38437609  0.01690722  0.20790543]
2025-12-14 02:04:59,422 - INFO - num_full_subsets = 2
2025-12-14 02:04:59,469 - INFO - phi = [ 0.74005313 -0.12683397  0.77281765 -1.14307044]
2025-12-14 02:04:59,507 - INFO - num_full_subsets = 2
2025-12-14 02:04:59,554 - INFO - phi = [1.1989113  0.00838147 0.18366096 0.47243548]
2025-12-14 02:04:59,592 - INFO - num_full_subsets = 2
2025-12-14 02:04:59,638 - INFO - phi = [-1.79437292e-01 -7.79946849e-01 -7.27702594e-04 -6.57877226e-01]
2025-12-14 02:04:59,676 - INFO - num_full_subsets = 2
2025-12-14 02:04:59,722 - INFO - phi = [ 0.37220428  0.62195967 -0.2072629   0.53022004]
2025-12-14 02:04:59,760 - INFO - num_full_subsets = 2
2025-12-14 02:04:59,806 - INFO - phi = [0.44114819 0.04240254 0.0331523  0.42621356]
2025-12-14 02:04:59,845 - INFO - num_full_subsets = 2
2025-12-14 02:04:59,891 - INFO - phi = [ 0.48625124 -0.12727612  0.1359346   0.55316676]
2025-12-14 02:04:59,930 - INFO - num_full_subsets = 2
2025-12-14 02:04:59,975 - INFO - phi = [-0.95598713 -0.3858767  -0.03851141 -0.04022453]
2025-12-14 02:05:00,014 - INFO - num_full_subsets = 2
2025-12-14 02:05:00,061 - INFO - phi = [-0.13408057  1.7081059   0.24811306  0.31442089]
2025-12-14 02:05:00,099 - INFO - num_full_subsets = 2
2025-12-14 02:05:00,145 - INFO - phi = [-1.0681992  -0.44601615 -0.07118442 -0.26869975]
2025-12-14 02:05:00,183 - INFO - num_full_subsets = 2
2025-12-14 02:05:00,229 - INFO - phi = [-0.82923178  0.62989685  0.00307619 -0.23318022]
2025-12-14 02:05:00,266 - INFO - num_full_subsets = 2
2025-12-14 02:05:00,312 - INFO - phi = [-1.03940769 -0.38029967 -0.07855205 -0.31232109]
2025-12-14 02:05:00,350 - INFO - num_full_subsets = 2
2025-12-14 02:05:00,396 - INFO - phi = [-0.61694282 -0.50544031 -0.27800141  0.23594303]
2025-12-14 02:05:00,434 - INFO - num_full_subsets = 2
2025-12-14 02:05:00,479 - INFO - phi = [ 0.38395246 -0.10762267 -0.02695178 -0.55966494]
2025-12-14 02:05:00,517 - INFO - num_full_subsets = 2
2025-12-14 02:05:00,563 - INFO - phi = [-1.05932237e+00 -4.20151641e-01  5.36180821e-04  1.19194596e-03]
2025-12-14 02:05:00,601 - INFO - num_full_subsets = 2
2025-12-14 02:05:00,647 - INFO - phi = [ 1.46703264 -0.00191267  0.06968455  0.47062792]
2025-12-14 02:05:00,685 - INFO - num_full_subsets = 2
2025-12-14 02:05:00,731 - INFO - phi = [-1.20941590e+00 -2.93115393e-01  1.13012634e-04 -3.49791776e-01]
2025-12-14 02:05:00,768 - INFO - num_full_subsets = 2
2025-12-14 02:05:00,814 - INFO - phi = [-1.1564723  -0.36108389 -0.06046565 -0.36357914]
2025-12-14 02:05:00,853 - INFO - num_full_subsets = 2
2025-12-14 02:05:00,899 - INFO - phi = [0.57758073 0.26657682 0.20113607 0.51456574]
2025-12-14 02:05:00,936 - INFO - num_full_subsets = 2
2025-12-14 02:05:00,982 - INFO - phi = [-0.58800698 -0.10784343 -0.04138028  0.26753362]
2025-12-14 02:05:01,020 - INFO - num_full_subsets = 2
2025-12-14 02:05:01,066 - INFO - phi = [-0.68837659 -0.54960174  0.03907234 -0.62447199]
2025-12-14 02:05:01,104 - INFO - num_full_subsets = 2
2025-12-14 02:05:01,150 - INFO - phi = [ 0.25983436  0.03560393 -0.17467096 -0.30191474]
2025-12-14 02:05:01,189 - INFO - num_full_subsets = 2
2025-12-14 02:05:01,234 - INFO - phi = [ 0.26974472 -0.0346005  -0.08218326 -0.25458089]
2025-12-14 02:05:01,272 - INFO - num_full_subsets = 2
2025-12-14 02:05:01,318 - INFO - phi = [-0.95624539 -0.15358013 -0.10283362  0.23043625]
2025-12-14 02:05:01,356 - INFO - num_full_subsets = 2
2025-12-14 02:05:01,402 - INFO - phi = [ 0.49914555 -0.00215982  0.02555335  0.50089675]
2025-12-14 02:05:01,440 - INFO - num_full_subsets = 2
2025-12-14 02:05:01,486 - INFO - phi = [-0.20786095 -0.55522746 -0.06259412 -0.57169296]
2025-12-14 02:05:01,524 - INFO - num_full_subsets = 2
2025-12-14 02:05:01,570 - INFO - phi = [-1.11152272 -0.49013683 -0.06819704 -0.25806689]
2025-12-14 02:05:01,608 - INFO - num_full_subsets = 2
2025-12-14 02:05:01,654 - INFO - phi = [-1.00005037 -0.11784163 -0.06752638  0.30376974]
2025-12-14 02:05:01,693 - INFO - num_full_subsets = 2
2025-12-14 02:05:01,739 - INFO - phi = [ 0.38701331 -0.70061221  0.2113075  -0.65415688]
2025-12-14 02:05:01,777 - INFO - num_full_subsets = 2
2025-12-14 02:05:01,823 - INFO - phi = [-1.19343052 -0.42579397 -0.06305936 -0.17616244]
2025-12-14 02:05:01,862 - INFO - num_full_subsets = 2
2025-12-14 02:05:01,908 - INFO - phi = [ 0.27248705  0.58735835 -0.09494297 -0.34340554]
2025-12-14 02:05:01,946 - INFO - num_full_subsets = 2
2025-12-14 02:05:01,992 - INFO - phi = [ 0.24699615  0.76438108 -0.08978317 -0.50730167]
2025-12-14 02:05:02,030 - INFO - num_full_subsets = 2
2025-12-14 02:05:02,076 - INFO - phi = [ 0.29719471  0.65942887  0.02835594 -0.02235272]
2025-12-14 02:05:02,115 - INFO - num_full_subsets = 2
2025-12-14 02:05:02,161 - INFO - phi = [ 2.19455311  0.38020989 -0.43499199  0.46702312]
2025-12-14 02:05:02,199 - INFO - num_full_subsets = 2
2025-12-14 02:05:02,245 - INFO - phi = [-0.2951799  -0.0643454  -0.17113379  0.15376178]
2025-12-14 02:05:02,283 - INFO - num_full_subsets = 2
2025-12-14 02:05:02,329 - INFO - phi = [ 0.10776321  0.43377112 -0.04749835  0.19230185]
2025-12-14 02:05:02,368 - INFO - num_full_subsets = 2
2025-12-14 02:05:02,414 - INFO - phi = [-0.62419963  2.3003963   0.23160119 -0.17272681]
2025-12-14 02:05:02,452 - INFO - num_full_subsets = 2
2025-12-14 02:05:02,497 - INFO - phi = [ 0.24766326  0.55216281  0.15010721 -0.7279057 ]
2025-12-14 02:05:02,535 - INFO - num_full_subsets = 2
2025-12-14 02:05:02,581 - INFO - phi = [ 0.41360042 -0.63682348 -0.05191195 -0.76868168]
2025-12-14 02:05:02,619 - INFO - num_full_subsets = 2
2025-12-14 02:05:02,664 - INFO - phi = [-0.89867468  0.6045051  -0.23317382  0.18154507]
2025-12-14 02:05:03,176 - INFO - Computing feature importance...
2025-12-14 02:05:08,797 - INFO - Experiment completed for NGBoost
2025-12-14 02:05:08,797 - INFO - Total time: 312.99s (5.22 min)
2025-12-14 02:05:08,798 - INFO - Starting comprehensive experiment for NGBoost
2025-12-14 02:05:20,252 - INFO - Performing feature analysis...
2025-12-14 02:05:21,436 - INFO - Model justification: Probabilistic forecasting with natural gradient boosting, provides uncertainty quantification
2025-12-14 02:05:21,436 - INFO - Performing robust cross-validation...
2025-12-14 02:06:00,113 - INFO - CV Results - MSE: 0.7055 ± 0.0530
2025-12-14 02:06:00,113 - INFO - Starting hyperparameter optimization...
2025-12-14 02:09:50,595 - INFO - Best parameters for NGBoost: {'n_estimators': 234, 'learning_rate': 0.023688215993870776, 'minibatch_frac': 0.5349495402136046, 'natural_gradient': True}
2025-12-14 02:09:50,595 - INFO - ⏱️ HPO took 230.48 seconds
2025-12-14 02:09:50,595 - INFO - Training final model...
2025-12-14 02:09:51,717 - INFO - ⏱️ Training took 1.12 seconds
2025-12-14 02:09:51,717 - INFO - Performing residual analysis...
2025-12-14 02:09:52,753 - INFO - Generating XAI explanations...
2025-12-14 02:09:52,784 - WARNING - Using 168 background data samples could cause slower run times. Consider using shap.sample(data, K) or shap.kmeans(data, K) to summarize the background as K samples.
2025-12-14 02:09:52,827 - INFO - num_full_subsets = 2
2025-12-14 02:09:52,881 - INFO - phi = [ 1.50388883  0.25230285 -0.0117476  -0.4987677 ]
2025-12-14 02:09:52,924 - INFO - num_full_subsets = 2
2025-12-14 02:09:52,978 - INFO - phi = [ 0.24107652  0.54752239 -0.06160671  0.26351398]
2025-12-14 02:09:53,021 - INFO - num_full_subsets = 2
2025-12-14 02:09:53,076 - INFO - phi = [0.64589492 0.01330921 0.23895529 0.24297491]
2025-12-14 02:09:53,119 - INFO - num_full_subsets = 2
2025-12-14 02:09:53,173 - INFO - phi = [-0.84441456 -0.62836706 -0.02686038 -0.48006568]
2025-12-14 02:09:53,216 - INFO - num_full_subsets = 2
2025-12-14 02:09:53,271 - INFO - phi = [ 0.88508984  0.64897619 -0.08096573  0.2193908 ]
2025-12-14 02:09:53,314 - INFO - num_full_subsets = 2
2025-12-14 02:09:53,370 - INFO - phi = [-0.90368515 -0.62972198 -0.10345281 -0.32231063]
2025-12-14 02:09:53,413 - INFO - num_full_subsets = 2
2025-12-14 02:09:53,467 - INFO - phi = [1.78387389 0.12134317 0.05528218 0.49822065]
2025-12-14 02:09:53,510 - INFO - num_full_subsets = 2
2025-12-14 02:09:53,564 - INFO - phi = [-1.68510403  0.13521138 -0.09713143  0.25201868]
2025-12-14 02:09:53,608 - INFO - num_full_subsets = 2
2025-12-14 02:09:53,662 - INFO - phi = [ 0.23400554 -0.4921231   0.40683729 -0.89191179]
2025-12-14 02:09:53,705 - INFO - num_full_subsets = 2
2025-12-14 02:09:53,759 - INFO - phi = [ 0.46882698  0.04291121 -0.24100863  0.45852859]
2025-12-14 02:09:53,802 - INFO - num_full_subsets = 2
2025-12-14 02:09:53,856 - INFO - phi = [-0.25961341  0.75577617 -0.0950996   0.39428993]
2025-12-14 02:09:53,898 - INFO - num_full_subsets = 2
2025-12-14 02:09:53,952 - INFO - phi = [-0.84321691 -0.71058628 -0.05399608 -0.2789222 ]
2025-12-14 02:09:53,996 - INFO - num_full_subsets = 2
2025-12-14 02:09:54,050 - INFO - phi = [-0.79194114  0.36707206 -0.15878317  0.08943223]
2025-12-14 02:09:54,093 - INFO - num_full_subsets = 2
2025-12-14 02:09:54,148 - INFO - phi = [1.75428488 0.34809579 0.02247069 0.24050437]
2025-12-14 02:09:54,190 - INFO - num_full_subsets = 2
2025-12-14 02:09:54,245 - INFO - phi = [ 1.49006042  0.04092613 -0.07068145  0.30897368]
2025-12-14 02:09:54,287 - INFO - num_full_subsets = 2
2025-12-14 02:09:54,342 - INFO - phi = [ 0.88452979 -0.32600949 -0.06518176  0.29354505]
2025-12-14 02:09:54,384 - INFO - num_full_subsets = 2
2025-12-14 02:09:54,438 - INFO - phi = [ 0.03815675  0.28774783  0.02732284 -0.7367713 ]
2025-12-14 02:09:54,481 - INFO - num_full_subsets = 2
2025-12-14 02:09:54,535 - INFO - phi = [1.96941639 0.17316813 0.07554953 0.50397268]
2025-12-14 02:09:54,577 - INFO - num_full_subsets = 2
2025-12-14 02:09:54,631 - INFO - phi = [ 2.06864877  0.87762596  0.03833069 -0.430052  ]
2025-12-14 02:09:54,674 - INFO - num_full_subsets = 2
2025-12-14 02:09:54,728 - INFO - phi = [-1.41602297 -0.27121388  0.01570949 -0.23009599]
2025-12-14 02:09:54,770 - INFO - num_full_subsets = 2
2025-12-14 02:09:54,825 - INFO - phi = [ 0.22262543  0.170216    0.01823917 -0.39622043]
2025-12-14 02:09:54,867 - INFO - num_full_subsets = 2
2025-12-14 02:09:54,921 - INFO - phi = [1.63462669 0.43790448 0.08960897 0.49576024]
2025-12-14 02:09:54,964 - INFO - num_full_subsets = 2
2025-12-14 02:09:55,019 - INFO - phi = [-0.00154403 -0.1348622   0.00834579 -0.65976125]
2025-12-14 02:09:55,062 - INFO - num_full_subsets = 2
2025-12-14 02:09:55,116 - INFO - phi = [ 2.24224591  0.66797872 -0.07287386  0.44861301]
2025-12-14 02:09:55,159 - INFO - num_full_subsets = 2
2025-12-14 02:09:55,214 - INFO - phi = [0.34257309 0.21132085 0.1492371  0.15204711]
2025-12-14 02:09:55,257 - INFO - num_full_subsets = 2
2025-12-14 02:09:55,311 - INFO - phi = [ 0.22619919  0.11947797 -0.16239157  0.45449375]
2025-12-14 02:09:55,355 - INFO - num_full_subsets = 2
2025-12-14 02:09:55,410 - INFO - phi = [-1.28767497 -0.3623314  -0.36780161 -0.30380727]
2025-12-14 02:09:55,453 - INFO - num_full_subsets = 2
2025-12-14 02:09:55,508 - INFO - phi = [0.73861634 0.61609369 0.1082021  0.4789355 ]
2025-12-14 02:09:55,550 - INFO - num_full_subsets = 2
2025-12-14 02:09:55,605 - INFO - phi = [ 0.67340173  0.22145789 -0.01303744  0.41123174]
2025-12-14 02:09:55,648 - INFO - num_full_subsets = 2
2025-12-14 02:09:55,703 - INFO - phi = [1.09152097 0.05342697 0.19910569 0.15865572]
2025-12-14 02:09:55,745 - INFO - num_full_subsets = 2
2025-12-14 02:09:55,800 - INFO - phi = [-0.45272207  0.07177471 -0.14409338  0.00293994]
2025-12-14 02:09:55,843 - INFO - num_full_subsets = 2
2025-12-14 02:09:55,897 - INFO - phi = [-1.64134377 -0.33897686 -0.06245936  0.05149232]
2025-12-14 02:09:55,940 - INFO - num_full_subsets = 2
2025-12-14 02:09:55,994 - INFO - phi = [ 1.42411004e-01  2.74924532e-01  1.72609227e-04 -4.35312416e-01]
2025-12-14 02:09:56,038 - INFO - num_full_subsets = 2
2025-12-14 02:09:56,093 - INFO - phi = [1.47013441 0.28308205 0.02974342 0.43704857]
2025-12-14 02:09:56,136 - INFO - num_full_subsets = 2
2025-12-14 02:09:56,192 - INFO - phi = [-1.30403609 -0.39107468  0.01951113 -0.32240468]
2025-12-14 02:09:56,235 - INFO - num_full_subsets = 2
2025-12-14 02:09:56,290 - INFO - phi = [ 1.92319899  0.20505786 -0.06117061  0.45047901]
2025-12-14 02:09:56,333 - INFO - num_full_subsets = 2
2025-12-14 02:09:56,389 - INFO - phi = [ 0.95877022  0.77129546 -0.15600204  0.44597011]
2025-12-14 02:09:56,432 - INFO - num_full_subsets = 2
2025-12-14 02:09:56,487 - INFO - phi = [ 2.21765287  0.16997394 -0.06716836  0.45656044]
2025-12-14 02:09:56,529 - INFO - num_full_subsets = 2
2025-12-14 02:09:56,584 - INFO - phi = [-1.33269996 -0.42660581 -0.05810648 -0.30531299]
2025-12-14 02:09:56,626 - INFO - num_full_subsets = 2
2025-12-14 02:09:56,681 - INFO - phi = [-1.03951565 -0.58463472 -0.01389823  0.3379559 ]
2025-12-14 02:09:56,723 - INFO - num_full_subsets = 2
2025-12-14 02:09:56,778 - INFO - phi = [-0.90267409 -0.66767502  0.02493398 -0.48530355]
2025-12-14 02:09:56,821 - INFO - num_full_subsets = 2
2025-12-14 02:09:56,875 - INFO - phi = [-1.232368   -0.17765002  0.06907017  0.08856928]
2025-12-14 02:09:56,918 - INFO - num_full_subsets = 2
2025-12-14 02:09:56,972 - INFO - phi = [ 1.79643729  0.72701866 -0.08105169  0.26339946]
2025-12-14 02:09:57,015 - INFO - num_full_subsets = 2
2025-12-14 02:09:57,069 - INFO - phi = [ 1.42411004e-01  2.74924532e-01  1.72609227e-04 -4.35312416e-01]
2025-12-14 02:09:57,112 - INFO - num_full_subsets = 2
2025-12-14 02:09:57,167 - INFO - phi = [ 1.74914077 -0.02897897  0.00478953 -0.67741755]
2025-12-14 02:09:57,209 - INFO - num_full_subsets = 2
2025-12-14 02:09:57,264 - INFO - phi = [-0.84780364 -0.65328669  0.02922791 -0.4978839 ]
2025-12-14 02:09:57,307 - INFO - num_full_subsets = 2
2025-12-14 02:09:57,361 - INFO - phi = [ 0.13096324 -0.01360028 -0.04186902 -0.50540451]
2025-12-14 02:09:57,404 - INFO - num_full_subsets = 2
2025-12-14 02:09:57,458 - INFO - phi = [-1.2717327  -0.37176243 -0.13465998 -0.28241176]
2025-12-14 02:09:57,501 - INFO - num_full_subsets = 2
2025-12-14 02:09:57,556 - INFO - phi = [ 0.20345507  0.0730047  -0.27073321 -0.37358058]
2025-12-14 02:09:57,599 - INFO - num_full_subsets = 2
2025-12-14 02:09:57,653 - INFO - phi = [ 1.37319735 -0.13610897  0.11248414 -0.34415278]
2025-12-14 02:09:57,696 - INFO - num_full_subsets = 2
2025-12-14 02:09:57,750 - INFO - phi = [-0.98964866  0.2723383  -0.07645384  0.21511167]
2025-12-14 02:09:57,793 - INFO - num_full_subsets = 2
2025-12-14 02:09:57,848 - INFO - phi = [1.53306422 0.13320189 0.04456214 0.47608733]
2025-12-14 02:09:57,891 - INFO - num_full_subsets = 2
2025-12-14 02:09:57,946 - INFO - phi = [-1.38309296  0.36842756  0.01180855 -0.05364366]
2025-12-14 02:09:57,989 - INFO - num_full_subsets = 2
2025-12-14 02:09:58,043 - INFO - phi = [ 0.61161136 -0.21224034 -0.11647095  0.10067236]
2025-12-14 02:09:58,087 - INFO - num_full_subsets = 2
2025-12-14 02:09:58,141 - INFO - phi = [-0.63680298 -0.70381255 -0.00777893  0.12556361]
2025-12-14 02:09:58,184 - INFO - num_full_subsets = 2
2025-12-14 02:09:58,239 - INFO - phi = [-1.30820575 -0.42043906  0.0367782  -0.33235362]
2025-12-14 02:09:58,282 - INFO - num_full_subsets = 2
2025-12-14 02:09:58,338 - INFO - phi = [-1.33269996 -0.42660581 -0.05810648 -0.30531299]
2025-12-14 02:09:58,381 - INFO - num_full_subsets = 2
2025-12-14 02:09:58,436 - INFO - phi = [ 0.17181929  0.31595778 -0.00598068 -0.500145  ]
2025-12-14 02:09:58,480 - INFO - num_full_subsets = 2
2025-12-14 02:09:58,534 - INFO - phi = [ 0.07196475  0.17890773 -0.22459979  0.62557551]
2025-12-14 02:09:58,577 - INFO - num_full_subsets = 2
2025-12-14 02:09:58,632 - INFO - phi = [1.15967962 0.19157155 0.02460251 0.44055805]
2025-12-14 02:09:58,677 - INFO - num_full_subsets = 2
2025-12-14 02:09:58,732 - INFO - phi = [-0.99224105 -0.53967569 -0.01495782 -0.30813748]
2025-12-14 02:09:58,776 - INFO - num_full_subsets = 2
2025-12-14 02:09:58,831 - INFO - phi = [-0.78526406  0.35044689 -0.27814993  0.24661863]
2025-12-14 02:09:58,875 - INFO - num_full_subsets = 2
2025-12-14 02:09:58,931 - INFO - phi = [-1.18877729 -0.44987387 -0.12530555  0.45013036]
2025-12-14 02:09:58,973 - INFO - num_full_subsets = 2
2025-12-14 02:09:59,028 - INFO - phi = [-1.37744803 -0.3287597   0.08624815 -0.29917224]
2025-12-14 02:09:59,072 - INFO - num_full_subsets = 2
2025-12-14 02:09:59,127 - INFO - phi = [-0.95887926 -0.65291605 -0.16889519 -0.20695096]
2025-12-14 02:09:59,170 - INFO - num_full_subsets = 2
2025-12-14 02:09:59,226 - INFO - phi = [-0.94808369 -0.30865529 -0.1207574   0.89744713]
2025-12-14 02:09:59,269 - INFO - num_full_subsets = 2
2025-12-14 02:09:59,324 - INFO - phi = [ 0.79546905  0.05792566 -0.11829383  0.45968593]
2025-12-14 02:09:59,368 - INFO - num_full_subsets = 2
2025-12-14 02:09:59,423 - INFO - phi = [-0.77778987 -0.63949318 -0.01032834 -0.50197659]
2025-12-14 02:09:59,466 - INFO - num_full_subsets = 2
2025-12-14 02:09:59,521 - INFO - phi = [ 0.19387883  0.38229389  0.18151107 -0.46912744]
2025-12-14 02:09:59,563 - INFO - num_full_subsets = 2
2025-12-14 02:09:59,618 - INFO - phi = [ 0.06576549  0.11237454  0.0314234  -0.66103398]
2025-12-14 02:09:59,661 - INFO - num_full_subsets = 2
2025-12-14 02:09:59,717 - INFO - phi = [ 0.51065892  0.47357273 -0.10260822  0.51019725]
2025-12-14 02:09:59,761 - INFO - num_full_subsets = 2
2025-12-14 02:09:59,815 - INFO - phi = [1.75406469 0.75679557 0.14862838 0.25915038]
2025-12-14 02:09:59,859 - INFO - num_full_subsets = 2
2025-12-14 02:09:59,914 - INFO - phi = [-0.65500744  0.2563281   0.12375355  0.29625993]
2025-12-14 02:09:59,957 - INFO - num_full_subsets = 2
2025-12-14 02:10:00,012 - INFO - phi = [0.31170526 0.51748444 0.27244069 0.55945148]
2025-12-14 02:10:00,055 - INFO - num_full_subsets = 2
2025-12-14 02:10:00,111 - INFO - phi = [-1.22218384 -0.36546642 -0.02807108 -0.42825354]
2025-12-14 02:10:00,154 - INFO - num_full_subsets = 2
2025-12-14 02:10:00,208 - INFO - phi = [-0.08163185 -0.57202859  0.40729901 -0.71975572]
2025-12-14 02:10:00,251 - INFO - num_full_subsets = 2
2025-12-14 02:10:00,307 - INFO - phi = [-1.16080108 -0.64496667 -0.0026912   0.26091247]
2025-12-14 02:10:00,350 - INFO - num_full_subsets = 2
2025-12-14 02:10:00,404 - INFO - phi = [-1.1587459  -0.4267     -0.04019469 -0.22095148]
2025-12-14 02:10:00,447 - INFO - num_full_subsets = 2
2025-12-14 02:10:00,501 - INFO - phi = [ 0.03997043  0.52916035 -0.17981769 -0.52947104]
2025-12-14 02:10:00,544 - INFO - num_full_subsets = 2
2025-12-14 02:10:00,598 - INFO - phi = [ 1.34136472 -0.00484932 -0.06359911  0.18882144]
2025-12-14 02:10:00,641 - INFO - num_full_subsets = 2
2025-12-14 02:10:00,696 - INFO - phi = [ 0.19749749 -0.33936226  0.05143522 -0.85687695]
2025-12-14 02:10:00,739 - INFO - num_full_subsets = 2
2025-12-14 02:10:00,794 - INFO - phi = [-0.62734456  0.44481791 -0.07404523  0.30917218]
2025-12-14 02:10:00,838 - INFO - num_full_subsets = 2
2025-12-14 02:10:00,892 - INFO - phi = [-0.8705379  -0.64313832  0.01526173 -0.3615672 ]
2025-12-14 02:10:00,936 - INFO - num_full_subsets = 2
2025-12-14 02:10:00,991 - INFO - phi = [-0.78504652 -0.67650944  0.00914793 -0.53514659]
2025-12-14 02:10:01,035 - INFO - num_full_subsets = 2
2025-12-14 02:10:01,090 - INFO - phi = [ 0.75621526 -0.25970002 -0.03661322  0.40697209]
2025-12-14 02:10:01,133 - INFO - num_full_subsets = 2
2025-12-14 02:10:01,188 - INFO - phi = [-1.74935451 -0.0631466  -0.02122571  0.01323853]
2025-12-14 02:10:01,232 - INFO - num_full_subsets = 2
2025-12-14 02:10:01,287 - INFO - phi = [-1.31919253 -0.36103421 -0.0197143  -0.30844167]
2025-12-14 02:10:01,330 - INFO - num_full_subsets = 2
2025-12-14 02:10:01,384 - INFO - phi = [-1.20880566 -0.48456476 -0.10385082  0.07734787]
2025-12-14 02:10:01,427 - INFO - num_full_subsets = 2
2025-12-14 02:10:01,482 - INFO - phi = [-1.13424707 -0.54279375  0.15111567 -0.36191211]
2025-12-14 02:10:01,524 - INFO - num_full_subsets = 2
2025-12-14 02:10:01,579 - INFO - phi = [ 2.10875755e+00  1.64831362e-01 -3.99310087e-04  3.27683411e-01]
2025-12-14 02:10:01,622 - INFO - num_full_subsets = 2
2025-12-14 02:10:01,678 - INFO - phi = [ 0.16258684  0.45985736  0.14990421 -0.50615511]
2025-12-14 02:10:01,721 - INFO - num_full_subsets = 2
2025-12-14 02:10:01,776 - INFO - phi = [-0.7910503   0.09336749  0.05181507  0.70931194]
2025-12-14 02:10:01,819 - INFO - num_full_subsets = 2
2025-12-14 02:10:01,874 - INFO - phi = [ 2.35266545  0.16153158 -0.03299342  0.28488487]
2025-12-14 02:10:01,917 - INFO - num_full_subsets = 2
2025-12-14 02:10:01,972 - INFO - phi = [-0.18027003  0.16396892  0.30418185 -0.77313537]
2025-12-14 02:10:02,016 - INFO - num_full_subsets = 2
2025-12-14 02:10:02,070 - INFO - phi = [-0.54990349 -0.16730705 -0.04590763  0.26520515]
2025-12-14 02:10:02,113 - INFO - num_full_subsets = 2
2025-12-14 02:10:02,168 - INFO - phi = [ 0.14457435  0.52078066  0.10050591 -0.87622414]
2025-12-14 02:10:02,211 - INFO - num_full_subsets = 2
2025-12-14 02:10:02,265 - INFO - phi = [2.18379816 0.76780003 0.15887263 0.17790173]
2025-12-14 02:10:02,308 - INFO - num_full_subsets = 2
2025-12-14 02:10:02,363 - INFO - phi = [-1.47258048  0.45008041 -0.19616051  0.24047184]
2025-12-14 02:10:02,406 - INFO - num_full_subsets = 2
2025-12-14 02:10:02,460 - INFO - phi = [1.90711772 0.22443152 0.00752103 0.4549026 ]
2025-12-14 02:10:02,503 - INFO - num_full_subsets = 2
2025-12-14 02:10:02,557 - INFO - phi = [0.88691053 0.3892765  0.2789557  0.44735627]
2025-12-14 02:10:02,599 - INFO - num_full_subsets = 2
2025-12-14 02:10:02,654 - INFO - phi = [ 1.34136472 -0.00484932 -0.06359911  0.18882144]
2025-12-14 02:10:02,697 - INFO - num_full_subsets = 2
2025-12-14 02:10:02,751 - INFO - phi = [ 1.66302113  0.70735917 -0.07360126 -0.46992051]
2025-12-14 02:10:02,794 - INFO - num_full_subsets = 2
2025-12-14 02:10:02,848 - INFO - phi = [-0.92480719  0.37707383 -0.07503761  0.26261556]
2025-12-14 02:10:02,891 - INFO - num_full_subsets = 2
2025-12-14 02:10:02,945 - INFO - phi = [ 1.54854065 -0.03411705  0.12049941  0.3897447 ]
2025-12-14 02:10:02,988 - INFO - num_full_subsets = 2
2025-12-14 02:10:03,043 - INFO - phi = [-1.00673605 -0.52523797  0.00220637 -0.36510573]
2025-12-14 02:10:03,086 - INFO - num_full_subsets = 2
2025-12-14 02:10:03,140 - INFO - phi = [-1.5875481   0.35403208  0.17252862 -0.30752076]
2025-12-14 02:10:03,182 - INFO - num_full_subsets = 2
2025-12-14 02:10:03,237 - INFO - phi = [-0.5803319  -0.78827478  0.02746412 -0.48126259]
2025-12-14 02:10:03,280 - INFO - num_full_subsets = 2
2025-12-14 02:10:03,334 - INFO - phi = [-0.7132145  -0.58019285 -0.04053814  0.05766082]
2025-12-14 02:10:03,377 - INFO - num_full_subsets = 2
2025-12-14 02:10:03,431 - INFO - phi = [-1.2551551   0.15781655  0.00900685 -0.31117775]
2025-12-14 02:10:03,474 - INFO - num_full_subsets = 2
2025-12-14 02:10:03,528 - INFO - phi = [-1.22755727 -0.53662912 -0.11342613  0.2561982 ]
2025-12-14 02:10:03,571 - INFO - num_full_subsets = 2
2025-12-14 02:10:03,626 - INFO - phi = [-0.60633334 -0.70752589  0.17178131  0.01106129]
2025-12-14 02:10:03,668 - INFO - num_full_subsets = 2
2025-12-14 02:10:03,723 - INFO - phi = [ 0.6523556   0.55204796 -0.09780829 -0.06993091]
2025-12-14 02:10:03,766 - INFO - num_full_subsets = 2
2025-12-14 02:10:03,820 - INFO - phi = [ 0.44880403 -0.54740108  0.01004272 -0.97877797]
2025-12-14 02:10:03,863 - INFO - num_full_subsets = 2
2025-12-14 02:10:03,917 - INFO - phi = [ 2.23997388  0.2560633  -0.07091727  0.3534372 ]
2025-12-14 02:10:03,960 - INFO - num_full_subsets = 2
2025-12-14 02:10:04,015 - INFO - phi = [0.15203954 0.27186164 0.01631715 0.24647199]
2025-12-14 02:10:04,058 - INFO - num_full_subsets = 2
2025-12-14 02:10:04,113 - INFO - phi = [-1.03943242 -0.56709432 -0.02347374 -0.35591096]
2025-12-14 02:10:04,155 - INFO - num_full_subsets = 2
2025-12-14 02:10:04,210 - INFO - phi = [ 0.4561154   0.79843517 -0.08666566  0.32043326]
2025-12-14 02:10:04,253 - INFO - num_full_subsets = 2
2025-12-14 02:10:04,307 - INFO - phi = [ 2.32806062  0.12088889 -0.00839305  0.52417997]
2025-12-14 02:10:04,350 - INFO - num_full_subsets = 2
2025-12-14 02:10:04,405 - INFO - phi = [ 0.22532599  0.43862067 -0.01259078  0.14141299]
2025-12-14 02:10:04,447 - INFO - num_full_subsets = 2
2025-12-14 02:10:04,501 - INFO - phi = [ 2.33727422 -0.26650701 -0.02488693  0.41121945]
2025-12-14 02:10:04,544 - INFO - num_full_subsets = 2
2025-12-14 02:10:04,598 - INFO - phi = [-0.86947368 -0.66419738 -0.01439746 -0.28072867]
2025-12-14 02:10:04,640 - INFO - num_full_subsets = 2
2025-12-14 02:10:04,695 - INFO - phi = [-0.97132511  1.14779008 -0.09464933  0.05444127]
2025-12-14 02:10:04,738 - INFO - num_full_subsets = 2
2025-12-14 02:10:04,792 - INFO - phi = [-1.48074414 -0.12664019  0.07406987 -0.32482258]
2025-12-14 02:10:04,834 - INFO - num_full_subsets = 2
2025-12-14 02:10:04,889 - INFO - phi = [-0.91854164 -0.5694004  -0.1600575   0.09996719]
2025-12-14 02:10:04,932 - INFO - num_full_subsets = 2
2025-12-14 02:10:04,987 - INFO - phi = [-1.3712617  -0.06486162 -0.05763642  0.05864518]
2025-12-14 02:10:05,030 - INFO - num_full_subsets = 2
2025-12-14 02:10:05,084 - INFO - phi = [0.50499038 0.43887622 0.07854042 0.36675676]
2025-12-14 02:10:05,127 - INFO - num_full_subsets = 2
2025-12-14 02:10:05,182 - INFO - phi = [-1.16080108 -0.64496667 -0.0026912   0.26091247]
2025-12-14 02:10:05,225 - INFO - num_full_subsets = 2
2025-12-14 02:10:05,280 - INFO - phi = [-1.41587649 -0.5414576   0.15703388  0.08101806]
2025-12-14 02:10:05,322 - INFO - num_full_subsets = 2
2025-12-14 02:10:05,377 - INFO - phi = [-0.98026215 -0.34159656  0.06097835  0.83800192]
2025-12-14 02:10:05,419 - INFO - num_full_subsets = 2
2025-12-14 02:10:05,474 - INFO - phi = [ 0.76738058 -0.00600545  0.14989037  0.52071918]
2025-12-14 02:10:05,517 - INFO - num_full_subsets = 2
2025-12-14 02:10:05,571 - INFO - phi = [-1.1771483  -0.50034925 -0.00784535 -0.15404191]
2025-12-14 02:10:05,613 - INFO - num_full_subsets = 2
2025-12-14 02:10:05,668 - INFO - phi = [0.88562932 0.25827848 0.18215896 0.22729448]
2025-12-14 02:10:05,711 - INFO - num_full_subsets = 2
2025-12-14 02:10:05,766 - INFO - phi = [-1.38737665  0.09525078 -0.04284336  0.53610244]
2025-12-14 02:10:05,808 - INFO - num_full_subsets = 2
2025-12-14 02:10:05,863 - INFO - phi = [ 1.54409875 -0.25051512 -0.22817889  0.06172606]
2025-12-14 02:10:05,906 - INFO - num_full_subsets = 2
2025-12-14 02:10:05,960 - INFO - phi = [ 0.80073862 -0.02093639  0.16285808  0.52478485]
2025-12-14 02:10:06,003 - INFO - num_full_subsets = 2
2025-12-14 02:10:06,058 - INFO - phi = [0.47650224 0.26627853 0.33628062 0.52859313]
2025-12-14 02:10:06,101 - INFO - num_full_subsets = 2
2025-12-14 02:10:06,155 - INFO - phi = [-1.2860658  -0.28206287 -0.1016982  -0.33279117]
2025-12-14 02:10:06,197 - INFO - num_full_subsets = 2
2025-12-14 02:10:06,252 - INFO - phi = [ 1.4733403   0.27846927 -0.04876417  0.3213962 ]
2025-12-14 02:10:06,295 - INFO - num_full_subsets = 2
2025-12-14 02:10:06,350 - INFO - phi = [-0.92480719  0.37707383 -0.07503761  0.26261556]
2025-12-14 02:10:06,392 - INFO - num_full_subsets = 2
2025-12-14 02:10:06,446 - INFO - phi = [ 0.4678667   0.05289618 -0.06437308  0.15942419]
2025-12-14 02:10:06,489 - INFO - num_full_subsets = 2
2025-12-14 02:10:06,543 - INFO - phi = [ 0.31364991  0.63661015 -0.01162504  0.47357533]
2025-12-14 02:10:06,585 - INFO - num_full_subsets = 2
2025-12-14 02:10:06,640 - INFO - phi = [-1.87208177  0.56353681 -0.08859596  0.0854504 ]
2025-12-14 02:10:06,683 - INFO - num_full_subsets = 2
2025-12-14 02:10:06,737 - INFO - phi = [2.0173977  0.23753723 0.01299692 0.40473012]
2025-12-14 02:10:06,779 - INFO - num_full_subsets = 2
2025-12-14 02:10:06,834 - INFO - phi = [-1.60962033  0.11119329 -0.06009352 -0.21435036]
2025-12-14 02:10:06,877 - INFO - num_full_subsets = 2
2025-12-14 02:10:06,931 - INFO - phi = [-0.83733151 -0.13039473  0.11225493 -0.43351392]
2025-12-14 02:10:06,974 - INFO - num_full_subsets = 2
2025-12-14 02:10:07,029 - INFO - phi = [0.39303613 0.285523   0.29038825 0.27012489]
2025-12-14 02:10:07,072 - INFO - num_full_subsets = 2
2025-12-14 02:10:07,127 - INFO - phi = [ 0.62776028  0.22795059  0.68189428 -0.94374084]
2025-12-14 02:10:07,170 - INFO - num_full_subsets = 2
2025-12-14 02:10:07,224 - INFO - phi = [ 0.12584459  0.48453072  0.19770522 -0.28377628]
2025-12-14 02:10:07,267 - INFO - num_full_subsets = 2
2025-12-14 02:10:07,322 - INFO - phi = [ 0.85289601  0.77219123 -0.30467553 -0.05056074]
2025-12-14 02:10:07,365 - INFO - num_full_subsets = 2
2025-12-14 02:10:07,419 - INFO - phi = [-1.70562    -0.01816535 -0.04014304  0.44564138]
2025-12-14 02:10:07,462 - INFO - num_full_subsets = 2
2025-12-14 02:10:07,517 - INFO - phi = [-1.23276339 -0.44562583 -0.07626662 -0.54143461]
2025-12-14 02:10:07,560 - INFO - num_full_subsets = 2
2025-12-14 02:10:07,614 - INFO - phi = [0.28661984 0.19280361 0.20895097 0.40126127]
2025-12-14 02:10:07,657 - INFO - num_full_subsets = 2
2025-12-14 02:10:07,711 - INFO - phi = [-1.15779447 -0.60389074 -0.07043509  0.12979952]
2025-12-14 02:10:07,753 - INFO - num_full_subsets = 2
2025-12-14 02:10:07,808 - INFO - phi = [ 1.36339378  0.25661615 -0.12720754  0.47176511]
2025-12-14 02:10:07,851 - INFO - num_full_subsets = 2
2025-12-14 02:10:07,905 - INFO - phi = [-1.28282464 -0.38755899  0.00356468 -0.34907095]
2025-12-14 02:10:07,949 - INFO - num_full_subsets = 2
2025-12-14 02:10:08,004 - INFO - phi = [-0.79353533 -0.72264129 -0.0096791  -0.53599311]
2025-12-14 02:10:08,047 - INFO - num_full_subsets = 2
2025-12-14 02:10:08,102 - INFO - phi = [-0.7654475  -0.68565595  0.0107663  -0.42679326]
2025-12-14 02:10:08,145 - INFO - num_full_subsets = 2
2025-12-14 02:10:08,200 - INFO - phi = [-0.66090561 -0.69352289 -0.04540996  0.18486023]
2025-12-14 02:10:08,243 - INFO - num_full_subsets = 2
2025-12-14 02:10:08,299 - INFO - phi = [ 0.35705627 -0.00057948  0.18367562  0.32272001]
2025-12-14 02:10:08,342 - INFO - num_full_subsets = 2
2025-12-14 02:10:08,397 - INFO - phi = [-1.61518189 -0.36438081 -0.04919263  0.07938854]
2025-12-14 02:10:08,441 - INFO - num_full_subsets = 2
2025-12-14 02:10:08,496 - INFO - phi = [ 1.96553456 -0.19924327 -0.28450332  0.49549841]
2025-12-14 02:10:08,539 - INFO - num_full_subsets = 2
2025-12-14 02:10:08,594 - INFO - phi = [ 0.01099375  0.56002102  0.01354223 -0.80984685]
2025-12-14 02:10:08,636 - INFO - num_full_subsets = 2
2025-12-14 02:10:08,691 - INFO - phi = [ 1.86865662  0.58557453 -0.03951406  0.53599973]
2025-12-14 02:10:08,733 - INFO - num_full_subsets = 2
2025-12-14 02:10:08,788 - INFO - phi = [-0.96397762 -0.60603321  0.01913698 -0.34774295]
2025-12-14 02:10:08,831 - INFO - num_full_subsets = 2
2025-12-14 02:10:08,885 - INFO - phi = [-1.07214768 -0.53904559 -0.04090947 -0.27179527]
2025-12-14 02:10:08,928 - INFO - num_full_subsets = 2
2025-12-14 02:10:08,983 - INFO - phi = [ 0.13776118  0.59113984  0.15389166 -0.90133285]
2025-12-14 02:10:09,026 - INFO - num_full_subsets = 2
2025-12-14 02:10:09,081 - INFO - phi = [ 0.95480722  0.1780544  -0.23249937  0.25620866]
2025-12-14 02:10:09,124 - INFO - num_full_subsets = 2
2025-12-14 02:10:09,179 - INFO - phi = [ 0.06047577  0.21631838  0.10616381 -0.79801729]
2025-12-14 02:10:09,681 - INFO - Computing feature importance...
2025-12-14 02:10:16,268 - INFO - Experiment completed for NGBoost
2025-12-14 02:10:16,269 - INFO - Total time: 307.08s (5.12 min)
2025-12-14 02:10:16,269 - INFO - Starting comprehensive experiment for NGBoost
2025-12-14 02:10:29,990 - INFO - Performing feature analysis...
2025-12-14 02:10:31,155 - INFO - Model justification: Probabilistic forecasting with natural gradient boosting, provides uncertainty quantification
2025-12-14 02:10:31,155 - INFO - Performing robust cross-validation...
2025-12-14 02:11:09,088 - INFO - CV Results - MSE: 0.8234 ± 0.1171
2025-12-14 02:11:09,089 - INFO - Starting hyperparameter optimization...
2025-12-14 02:14:18,138 - INFO - Best parameters for NGBoost: {'n_estimators': 233, 'learning_rate': 0.02051187701467891, 'minibatch_frac': 0.616735840924692, 'natural_gradient': True}
2025-12-14 02:14:18,138 - INFO - ⏱️ HPO took 189.05 seconds
2025-12-14 02:14:18,138 - INFO - Training final model...
2025-12-14 02:14:19,262 - INFO - ⏱️ Training took 1.12 seconds
2025-12-14 02:14:19,262 - INFO - Performing residual analysis...
2025-12-14 02:14:20,282 - INFO - Generating XAI explanations...
2025-12-14 02:14:20,313 - WARNING - Using 168 background data samples could cause slower run times. Consider using shap.sample(data, K) or shap.kmeans(data, K) to summarize the background as K samples.
2025-12-14 02:14:20,355 - INFO - num_full_subsets = 2
2025-12-14 02:14:20,408 - INFO - phi = [ 0.23685649  0.45862064  0.24186906 -0.44934819]
2025-12-14 02:14:20,450 - INFO - num_full_subsets = 2
2025-12-14 02:14:20,503 - INFO - phi = [0.36153286 0.41689237 0.34732463 0.31285626]
2025-12-14 02:14:20,546 - INFO - num_full_subsets = 2
2025-12-14 02:14:20,600 - INFO - phi = [ 0.51402341 -0.33394229 -1.01147279 -0.21946488]
2025-12-14 02:14:20,641 - INFO - num_full_subsets = 2
2025-12-14 02:14:20,695 - INFO - phi = [ 0.2537837   0.69731774  0.15742365 -0.18721011]
2025-12-14 02:14:20,737 - INFO - num_full_subsets = 2
2025-12-14 02:14:20,791 - INFO - phi = [-1.12494283 -0.61724828 -0.02966981  0.13991506]
2025-12-14 02:14:20,833 - INFO - num_full_subsets = 2
2025-12-14 02:14:20,886 - INFO - phi = [-1.09379033 -0.40761849 -0.66405569 -0.17268994]
2025-12-14 02:14:20,928 - INFO - num_full_subsets = 2
2025-12-14 02:14:20,981 - INFO - phi = [-0.97062249 -0.62458043  0.03060103 -0.29628158]
2025-12-14 02:14:21,023 - INFO - num_full_subsets = 2
2025-12-14 02:14:21,076 - INFO - phi = [-0.38362018 -0.79077939  0.0719696   0.22610702]
2025-12-14 02:14:21,118 - INFO - num_full_subsets = 2
2025-12-14 02:14:21,172 - INFO - phi = [0.33427541 0.52120909 0.0577833  0.4859769 ]
2025-12-14 02:14:21,213 - INFO - num_full_subsets = 2
2025-12-14 02:14:21,267 - INFO - phi = [ 0.32744724  0.11819518  0.13242849 -0.20691971]
2025-12-14 02:14:21,309 - INFO - num_full_subsets = 2
2025-12-14 02:14:21,363 - INFO - phi = [-0.54127958 -0.09516976 -0.11269791  0.18736823]
2025-12-14 02:14:21,405 - INFO - num_full_subsets = 2
2025-12-14 02:14:21,459 - INFO - phi = [ 0.19998067  0.43711446 -0.10724663 -0.26793528]
2025-12-14 02:14:21,501 - INFO - num_full_subsets = 2
2025-12-14 02:14:21,555 - INFO - phi = [-1.33667856 -0.42320823  0.04670009 -0.21557206]
2025-12-14 02:14:21,596 - INFO - num_full_subsets = 2
2025-12-14 02:14:21,649 - INFO - phi = [-1.37016139  0.16525657 -0.04696097  0.28868755]
2025-12-14 02:14:21,692 - INFO - num_full_subsets = 2
2025-12-14 02:14:21,745 - INFO - phi = [-0.66960479 -0.76574934 -0.03046088 -0.13557591]
2025-12-14 02:14:21,786 - INFO - num_full_subsets = 2
2025-12-14 02:14:21,839 - INFO - phi = [1.87278634 0.0891505  0.01291098 0.60169259]
2025-12-14 02:14:21,881 - INFO - num_full_subsets = 2
2025-12-14 02:14:21,935 - INFO - phi = [-1.03964417 -0.70936115  0.02050296  0.19981768]
2025-12-14 02:14:21,976 - INFO - num_full_subsets = 2
2025-12-14 02:14:22,030 - INFO - phi = [ 1.24611465  0.29855777 -0.08500841 -0.18965595]
2025-12-14 02:14:22,072 - INFO - num_full_subsets = 2
2025-12-14 02:14:22,126 - INFO - phi = [1.64874492 0.11949767 0.04480598 0.31280908]
2025-12-14 02:14:22,168 - INFO - num_full_subsets = 2
2025-12-14 02:14:22,221 - INFO - phi = [ 1.4167329   0.11265251  0.0772264  -0.5195963 ]
2025-12-14 02:14:22,264 - INFO - num_full_subsets = 2
2025-12-14 02:14:22,318 - INFO - phi = [-0.74037864  0.61139105  0.01892118 -0.17393417]
2025-12-14 02:14:22,360 - INFO - num_full_subsets = 2
2025-12-14 02:14:22,414 - INFO - phi = [-1.15467147  0.56690534 -0.19018728 -0.18038608]
2025-12-14 02:14:22,456 - INFO - num_full_subsets = 2
2025-12-14 02:14:22,509 - INFO - phi = [ 0.78598895 -0.09931281  0.79121195 -0.74430239]
2025-12-14 02:14:22,550 - INFO - num_full_subsets = 2
2025-12-14 02:14:22,603 - INFO - phi = [0.44107987 0.1578944  0.05620571 0.43453349]
2025-12-14 02:14:22,645 - INFO - num_full_subsets = 2
2025-12-14 02:14:22,699 - INFO - phi = [-0.82408885 -0.67056385  0.06639378 -0.27577558]
2025-12-14 02:14:22,740 - INFO - num_full_subsets = 2
2025-12-14 02:14:22,793 - INFO - phi = [ 0.35514501 -0.07362309  0.10753841 -0.73381935]
2025-12-14 02:14:22,835 - INFO - num_full_subsets = 2
2025-12-14 02:14:22,888 - INFO - phi = [ 1.19737427  0.09970732  0.11563849 -0.76481211]
2025-12-14 02:14:22,930 - INFO - num_full_subsets = 2
2025-12-14 02:14:22,983 - INFO - phi = [ 1.17065746  0.04535439  0.09115879 -0.29251798]
2025-12-14 02:14:23,026 - INFO - num_full_subsets = 2
2025-12-14 02:14:23,080 - INFO - phi = [-1.4791959  -0.4289979  -0.04229977  0.11643427]
2025-12-14 02:14:23,122 - INFO - num_full_subsets = 2
2025-12-14 02:14:23,176 - INFO - phi = [ 0.16687777  0.36885288 -0.08277584 -0.44976466]
2025-12-14 02:14:23,218 - INFO - num_full_subsets = 2
2025-12-14 02:14:23,272 - INFO - phi = [-0.32914246 -0.85721073  0.0592998  -0.54916564]
2025-12-14 02:14:23,314 - INFO - num_full_subsets = 2
2025-12-14 02:14:23,368 - INFO - phi = [ 0.34023516 -0.01956415  0.18342715 -0.23652357]
2025-12-14 02:14:23,411 - INFO - num_full_subsets = 2
2025-12-14 02:14:23,465 - INFO - phi = [-1.08915308 -0.48717024  0.00398512 -0.34881627]
2025-12-14 02:14:23,507 - INFO - num_full_subsets = 2
2025-12-14 02:14:23,561 - INFO - phi = [1.57003062 0.30985886 0.26762936 0.56669774]
2025-12-14 02:14:23,603 - INFO - num_full_subsets = 2
2025-12-14 02:14:23,656 - INFO - phi = [-0.85400631 -0.1335262   0.04587287 -0.22604447]
2025-12-14 02:14:23,698 - INFO - num_full_subsets = 2
2025-12-14 02:14:23,752 - INFO - phi = [ 0.22309306  0.4655695   0.02137097 -0.47549002]
2025-12-14 02:14:23,793 - INFO - num_full_subsets = 2
2025-12-14 02:14:23,847 - INFO - phi = [0.46074283 0.00656278 0.18388462 0.45980261]
2025-12-14 02:14:23,888 - INFO - num_full_subsets = 2
2025-12-14 02:14:23,942 - INFO - phi = [ 0.48307913  0.02931055 -0.27787334  0.39708348]
2025-12-14 02:14:23,983 - INFO - num_full_subsets = 2
2025-12-14 02:14:24,037 - INFO - phi = [ 0.18715292  0.38349713  0.03787859 -0.52752066]
2025-12-14 02:14:24,079 - INFO - num_full_subsets = 2
2025-12-14 02:14:24,133 - INFO - phi = [-0.66960479 -0.76574934 -0.03046088 -0.13557591]
2025-12-14 02:14:24,175 - INFO - num_full_subsets = 2
2025-12-14 02:14:24,228 - INFO - phi = [-0.37355277 -0.81379354  0.02925412 -0.41937092]
2025-12-14 02:14:24,270 - INFO - num_full_subsets = 2
2025-12-14 02:14:24,323 - INFO - phi = [-0.87832704  0.51558274 -0.00491049 -0.10294199]
2025-12-14 02:14:24,365 - INFO - num_full_subsets = 2
2025-12-14 02:14:24,419 - INFO - phi = [ 0.30684055  0.55326707  0.29650398 -0.30992109]
2025-12-14 02:14:24,460 - INFO - num_full_subsets = 2
2025-12-14 02:14:24,514 - INFO - phi = [-0.96091289 -0.04525977  0.05993592 -0.27451653]
2025-12-14 02:14:24,555 - INFO - num_full_subsets = 2
2025-12-14 02:14:24,609 - INFO - phi = [ 0.21937733 -0.01339458 -0.05981655 -0.42426606]
2025-12-14 02:14:24,651 - INFO - num_full_subsets = 2
2025-12-14 02:14:24,704 - INFO - phi = [-1.66866947  0.39487748  0.00698752  0.23282417]
2025-12-14 02:14:24,746 - INFO - num_full_subsets = 2
2025-12-14 02:14:24,800 - INFO - phi = [-1.19722962 -0.50060785  0.0359502  -0.25891543]
2025-12-14 02:14:24,841 - INFO - num_full_subsets = 2
2025-12-14 02:14:24,895 - INFO - phi = [-1.26129121 -0.02344796 -0.05150805  0.08957959]
2025-12-14 02:14:24,936 - INFO - num_full_subsets = 2
2025-12-14 02:14:24,990 - INFO - phi = [-0.83691314 -0.10297887 -0.00946565 -0.14635467]
2025-12-14 02:14:25,032 - INFO - num_full_subsets = 2
2025-12-14 02:14:25,085 - INFO - phi = [1.79468579 0.6250855  0.31672101 0.4055385 ]
2025-12-14 02:14:25,127 - INFO - num_full_subsets = 2
2025-12-14 02:14:25,181 - INFO - phi = [1.34543191 0.36045799 0.33010693 0.51436297]
2025-12-14 02:14:25,222 - INFO - num_full_subsets = 2
2025-12-14 02:14:25,276 - INFO - phi = [-0.93427378  0.46171542  0.04515686 -0.13193367]
2025-12-14 02:14:25,318 - INFO - num_full_subsets = 2
2025-12-14 02:14:25,372 - INFO - phi = [0.40409481 0.72503313 0.11227833 0.44866007]
2025-12-14 02:14:25,414 - INFO - num_full_subsets = 2
2025-12-14 02:14:25,469 - INFO - phi = [-1.33682664  0.5450029  -0.24075302 -0.0715379 ]
2025-12-14 02:14:25,510 - INFO - num_full_subsets = 2
2025-12-14 02:14:25,564 - INFO - phi = [-1.53644902  0.34821903  0.05821034  0.14533221]
2025-12-14 02:14:25,606 - INFO - num_full_subsets = 2
2025-12-14 02:14:25,660 - INFO - phi = [ 0.7860615  -0.36003697  0.04773651  0.42660861]
2025-12-14 02:14:25,701 - INFO - num_full_subsets = 2
2025-12-14 02:14:25,754 - INFO - phi = [ 0.26053521  0.44932934  0.14672207 -0.44564548]
2025-12-14 02:14:25,797 - INFO - num_full_subsets = 2
2025-12-14 02:14:25,851 - INFO - phi = [-0.38376986 -0.77629066  0.02172034 -0.461829  ]
2025-12-14 02:14:25,893 - INFO - num_full_subsets = 2
2025-12-14 02:14:25,947 - INFO - phi = [-1.06181601 -0.4512053  -0.63203783 -0.20202362]
2025-12-14 02:14:25,989 - INFO - num_full_subsets = 2
2025-12-14 02:14:26,043 - INFO - phi = [-0.72914339  0.11728247  0.0296791   0.58035061]
2025-12-14 02:14:26,085 - INFO - num_full_subsets = 2
2025-12-14 02:14:26,139 - INFO - phi = [-1.40214489 -0.54548004  0.02551733  0.13242571]
2025-12-14 02:14:26,181 - INFO - num_full_subsets = 2
2025-12-14 02:14:26,235 - INFO - phi = [ 0.9087206   0.1705872  -0.23993065  0.37533661]
2025-12-14 02:14:26,276 - INFO - num_full_subsets = 2
2025-12-14 02:14:26,330 - INFO - phi = [-0.933074   -0.65519545  0.03681015 -0.21191167]
2025-12-14 02:14:26,371 - INFO - num_full_subsets = 2
2025-12-14 02:14:26,425 - INFO - phi = [1.09677615 0.54310217 0.25697698 0.41918718]
2025-12-14 02:14:26,466 - INFO - num_full_subsets = 2
2025-12-14 02:14:26,520 - INFO - phi = [-0.75950077 -0.65229658 -0.19766183  0.16990993]
2025-12-14 02:14:26,562 - INFO - num_full_subsets = 2
2025-12-14 02:14:26,615 - INFO - phi = [ 0.30443992  0.1316752  -0.25307717  0.36844164]
2025-12-14 02:14:26,656 - INFO - num_full_subsets = 2
2025-12-14 02:14:26,710 - INFO - phi = [0.34393679 0.33711661 0.3326214  0.48134492]
2025-12-14 02:14:26,751 - INFO - num_full_subsets = 2
2025-12-14 02:14:26,804 - INFO - phi = [ 2.10684271  0.63101668 -0.07602752  0.47046416]
2025-12-14 02:14:26,846 - INFO - num_full_subsets = 2
2025-12-14 02:14:26,900 - INFO - phi = [1.04645508 0.00712557 0.33672207 0.46884283]
2025-12-14 02:14:26,941 - INFO - num_full_subsets = 2
2025-12-14 02:14:26,995 - INFO - phi = [ 0.81061464  0.40965723  0.17284279 -0.05481561]
2025-12-14 02:14:27,038 - INFO - num_full_subsets = 2
2025-12-14 02:14:27,091 - INFO - phi = [ 2.05712655  0.56489673 -0.08635553  0.41610113]
2025-12-14 02:14:27,134 - INFO - num_full_subsets = 2
2025-12-14 02:14:27,188 - INFO - phi = [0.9174073  0.648293   0.11839248 0.40551897]
2025-12-14 02:14:27,230 - INFO - num_full_subsets = 2
2025-12-14 02:14:27,283 - INFO - phi = [-1.49978814  0.1550768  -0.11923212 -0.13069746]
2025-12-14 02:14:27,325 - INFO - num_full_subsets = 2
2025-12-14 02:14:27,378 - INFO - phi = [-1.10253721 -0.39686005 -0.38442654  0.19996589]
2025-12-14 02:14:27,421 - INFO - num_full_subsets = 2
2025-12-14 02:14:27,474 - INFO - phi = [ 0.32118739  0.48887672 -1.21912039  0.34787415]
2025-12-14 02:14:27,516 - INFO - num_full_subsets = 2
2025-12-14 02:14:27,569 - INFO - phi = [ 0.08826107  0.64306727 -0.23185404 -0.45631058]
2025-12-14 02:14:27,611 - INFO - num_full_subsets = 2
2025-12-14 02:14:27,664 - INFO - phi = [ 1.26427333  0.14733241 -0.39720661 -0.51668399]
2025-12-14 02:14:27,705 - INFO - num_full_subsets = 2
2025-12-14 02:14:27,759 - INFO - phi = [-1.13009104 -0.49968586  0.03668467 -0.35601476]
2025-12-14 02:14:27,802 - INFO - num_full_subsets = 2
2025-12-14 02:14:27,856 - INFO - phi = [-1.24545968  0.13348344  0.06166291 -0.27128847]
2025-12-14 02:14:27,897 - INFO - num_full_subsets = 2
2025-12-14 02:14:27,951 - INFO - phi = [ 0.48827918  0.0433264  -0.29606859  0.3691728 ]
2025-12-14 02:14:27,992 - INFO - num_full_subsets = 2
2025-12-14 02:14:28,046 - INFO - phi = [ 0.30680088 -0.01704533  0.1393129  -0.50403866]
2025-12-14 02:14:28,088 - INFO - num_full_subsets = 2
2025-12-14 02:14:28,141 - INFO - phi = [ 0.20073898  0.693873    0.18152421 -0.50517068]
2025-12-14 02:14:28,183 - INFO - num_full_subsets = 2
2025-12-14 02:14:28,237 - INFO - phi = [0.28652132 0.35109182 0.0602174  0.33911703]
2025-12-14 02:14:28,278 - INFO - num_full_subsets = 2
2025-12-14 02:14:28,332 - INFO - phi = [-1.03036899 -0.51158046 -0.05977828 -0.24520841]
2025-12-14 02:14:28,374 - INFO - num_full_subsets = 2
2025-12-14 02:14:28,428 - INFO - phi = [ 1.86042446  0.71362548  0.10297907 -0.17896292]
2025-12-14 02:14:28,470 - INFO - num_full_subsets = 2
2025-12-14 02:14:28,524 - INFO - phi = [0.37128757 0.55558382 0.02605558 0.52070131]
2025-12-14 02:14:28,566 - INFO - num_full_subsets = 2
2025-12-14 02:14:28,619 - INFO - phi = [-0.7247708  -0.01704232  0.04080755 -0.36481279]
2025-12-14 02:14:28,661 - INFO - num_full_subsets = 2
2025-12-14 02:14:28,714 - INFO - phi = [1.65308177 0.22220067 0.05692376 0.4944774 ]
2025-12-14 02:14:28,756 - INFO - num_full_subsets = 2
2025-12-14 02:14:28,809 - INFO - phi = [-0.40489303 -0.79989492  0.05839196 -0.59365348]
2025-12-14 02:14:28,851 - INFO - num_full_subsets = 2
2025-12-14 02:14:28,904 - INFO - phi = [ 0.71489359  0.03142863 -0.14331793  0.44120624]
2025-12-14 02:14:28,946 - INFO - num_full_subsets = 2
2025-12-14 02:14:28,999 - INFO - phi = [-1.28755735 -0.43685779  0.03982883 -0.21235552]
2025-12-14 02:14:29,041 - INFO - num_full_subsets = 2
2025-12-14 02:14:29,095 - INFO - phi = [-0.43496785 -0.6912271  -0.02665994  0.32461482]
2025-12-14 02:14:29,137 - INFO - num_full_subsets = 2
2025-12-14 02:14:29,191 - INFO - phi = [-0.57856344  0.64423071  0.16846     0.19861171]
2025-12-14 02:14:29,232 - INFO - num_full_subsets = 2
2025-12-14 02:14:29,286 - INFO - phi = [1.90286146 0.64535246 0.20545598 0.5087043 ]
2025-12-14 02:14:29,327 - INFO - num_full_subsets = 2
2025-12-14 02:14:29,381 - INFO - phi = [-0.07990165  0.1908321  -0.25095474  0.20580308]
2025-12-14 02:14:29,423 - INFO - num_full_subsets = 2
2025-12-14 02:14:29,476 - INFO - phi = [-1.2642805  -0.45221129 -0.0179228  -0.1479345 ]
2025-12-14 02:14:29,518 - INFO - num_full_subsets = 2
2025-12-14 02:14:29,571 - INFO - phi = [ 1.28348524  0.0773822   0.08470733 -0.22842949]
2025-12-14 02:14:29,612 - INFO - num_full_subsets = 2
2025-12-14 02:14:29,665 - INFO - phi = [-0.04616778 -0.7983346   0.02542033 -0.19585297]
2025-12-14 02:14:29,707 - INFO - num_full_subsets = 2
2025-12-14 02:14:29,760 - INFO - phi = [-1.46315812 -0.47718329  0.02106996  0.11153452]
2025-12-14 02:14:29,802 - INFO - num_full_subsets = 2
2025-12-14 02:14:29,855 - INFO - phi = [-0.36489413  0.80427686  0.26385348  0.33820038]
2025-12-14 02:14:29,897 - INFO - num_full_subsets = 2
2025-12-14 02:14:29,950 - INFO - phi = [1.99031324 0.08725143 0.27372044 0.4966222 ]
2025-12-14 02:14:29,992 - INFO - num_full_subsets = 2
2025-12-14 02:14:30,045 - INFO - phi = [ 2.10929035  0.6022906  -0.10549784  0.47074706]
2025-12-14 02:14:30,087 - INFO - num_full_subsets = 2
2025-12-14 02:14:30,141 - INFO - phi = [0.57207513 0.33754718 0.3764296  0.0844104 ]
2025-12-14 02:14:30,183 - INFO - num_full_subsets = 2
2025-12-14 02:14:30,236 - INFO - phi = [-1.0384621  -0.55678404  0.02180366 -0.15228727]
2025-12-14 02:14:30,278 - INFO - num_full_subsets = 2
2025-12-14 02:14:30,331 - INFO - phi = [ 0.16687777  0.36885288 -0.08277584 -0.44976466]
2025-12-14 02:14:30,373 - INFO - num_full_subsets = 2
2025-12-14 02:14:30,427 - INFO - phi = [0.43886626 0.35199997 0.4975508  0.39198086]
2025-12-14 02:14:30,469 - INFO - num_full_subsets = 2
2025-12-14 02:14:30,522 - INFO - phi = [0.72989864 0.01713019 0.23543586 0.51163934]
2025-12-14 02:14:30,563 - INFO - num_full_subsets = 2
2025-12-14 02:14:30,617 - INFO - phi = [-0.77687923 -0.65235071  0.02830024 -0.39534847]
2025-12-14 02:14:30,658 - INFO - num_full_subsets = 2
2025-12-14 02:14:30,712 - INFO - phi = [1.58667641 0.62732433 0.17944728 0.44223303]
2025-12-14 02:14:30,753 - INFO - num_full_subsets = 2
2025-12-14 02:14:30,808 - INFO - phi = [-0.82662057 -0.58552151 -0.23547927 -0.14850002]
2025-12-14 02:14:30,849 - INFO - num_full_subsets = 2
2025-12-14 02:14:30,903 - INFO - phi = [-1.22084953 -0.45780887 -0.08182429 -0.1246414 ]
2025-12-14 02:14:30,945 - INFO - num_full_subsets = 2
2025-12-14 02:14:30,998 - INFO - phi = [ 0.67308316  0.47263165 -0.18857325  0.36125186]
2025-12-14 02:14:31,041 - INFO - num_full_subsets = 2
2025-12-14 02:14:31,095 - INFO - phi = [-0.57978431 -0.82644581  0.08735142 -0.37674616]
2025-12-14 02:14:31,137 - INFO - num_full_subsets = 2
2025-12-14 02:14:31,191 - INFO - phi = [-1.37412572 -0.60950883  0.03707883  0.12108299]
2025-12-14 02:14:31,234 - INFO - num_full_subsets = 2
2025-12-14 02:14:31,288 - INFO - phi = [-0.65915382 -0.60361057 -0.30922888 -0.15609463]
2025-12-14 02:14:31,329 - INFO - num_full_subsets = 2
2025-12-14 02:14:31,383 - INFO - phi = [ 1.40594112  0.12777207 -0.07301654  0.45367884]
2025-12-14 02:14:31,425 - INFO - num_full_subsets = 2
2025-12-14 02:14:31,478 - INFO - phi = [-0.26074252 -0.74601859  0.06164723 -0.1213053 ]
2025-12-14 02:14:31,520 - INFO - num_full_subsets = 2
2025-12-14 02:14:31,573 - INFO - phi = [ 0.13293012  0.51824806  0.034267   -0.70308945]
2025-12-14 02:14:31,615 - INFO - num_full_subsets = 2
2025-12-14 02:14:31,669 - INFO - phi = [-0.71461142  0.3655925  -0.0509834   0.18208004]
2025-12-14 02:14:31,710 - INFO - num_full_subsets = 2
2025-12-14 02:14:31,764 - INFO - phi = [0.93758462 0.30177322 0.07974154 0.41289374]
2025-12-14 02:14:31,806 - INFO - num_full_subsets = 2
2025-12-14 02:14:31,859 - INFO - phi = [ 0.28171872  0.10236482  0.13077968 -0.5394812 ]
2025-12-14 02:14:31,900 - INFO - num_full_subsets = 2
2025-12-14 02:14:31,953 - INFO - phi = [0.89994561 0.14801172 0.05682846 0.37063694]
2025-12-14 02:14:31,995 - INFO - num_full_subsets = 2
2025-12-14 02:14:32,049 - INFO - phi = [-0.7172275  -0.74481005  0.0303196  -0.41128871]
2025-12-14 02:14:32,091 - INFO - num_full_subsets = 2
2025-12-14 02:14:32,146 - INFO - phi = [0.69922708 0.25325583 0.29171253 0.2837841 ]
2025-12-14 02:14:32,188 - INFO - num_full_subsets = 2
2025-12-14 02:14:32,243 - INFO - phi = [-1.70536994  0.41012221 -0.1309758  -0.02993863]
2025-12-14 02:14:32,285 - INFO - num_full_subsets = 2
2025-12-14 02:14:32,338 - INFO - phi = [1.24463119 0.44467894 0.23881984 0.47614719]
2025-12-14 02:14:32,380 - INFO - num_full_subsets = 2
2025-12-14 02:14:32,434 - INFO - phi = [ 0.19525141 -0.45314029 -0.05714527 -0.68013556]
2025-12-14 02:14:32,476 - INFO - num_full_subsets = 2
2025-12-14 02:14:32,530 - INFO - phi = [-0.98911287 -0.60098425 -0.02337517 -0.15729835]
2025-12-14 02:14:32,572 - INFO - num_full_subsets = 2
2025-12-14 02:14:32,626 - INFO - phi = [-0.89636601 -0.64532693  0.00384771 -0.29547964]
2025-12-14 02:14:32,668 - INFO - num_full_subsets = 2
2025-12-14 02:14:32,722 - INFO - phi = [ 1.63583906  0.28573542  0.08580343 -0.20507135]
2025-12-14 02:14:32,764 - INFO - num_full_subsets = 2
2025-12-14 02:14:32,818 - INFO - phi = [ 0.19245252  0.04199733 -0.36471703 -0.1673843 ]
2025-12-14 02:14:32,860 - INFO - num_full_subsets = 2
2025-12-14 02:14:32,914 - INFO - phi = [-1.08915308 -0.48717024  0.00398512 -0.34881627]
2025-12-14 02:14:32,956 - INFO - num_full_subsets = 2
2025-12-14 02:14:33,009 - INFO - phi = [ 0.17900601  0.40593398  0.03682129 -0.51027659]
2025-12-14 02:14:33,051 - INFO - num_full_subsets = 2
2025-12-14 02:14:33,105 - INFO - phi = [0.6579466  0.00875093 0.1998009  0.42722357]
2025-12-14 02:14:33,147 - INFO - num_full_subsets = 2
2025-12-14 02:14:33,201 - INFO - phi = [ 0.67104836  0.43973644 -0.16656955  0.1556921 ]
2025-12-14 02:14:33,242 - INFO - num_full_subsets = 2
2025-12-14 02:14:33,296 - INFO - phi = [-1.35727262 -0.35512068 -0.01332833 -0.14974555]
2025-12-14 02:14:33,338 - INFO - num_full_subsets = 2
2025-12-14 02:14:33,392 - INFO - phi = [-0.70680163  0.01459569 -0.01149017  0.20202092]
2025-12-14 02:14:33,434 - INFO - num_full_subsets = 2
2025-12-14 02:14:33,488 - INFO - phi = [-0.62077296  0.03380428 -0.03575542  0.22036984]
2025-12-14 02:14:33,530 - INFO - num_full_subsets = 2
2025-12-14 02:14:33,583 - INFO - phi = [ 1.07561714  0.15000823 -0.00343824  0.27988806]
2025-12-14 02:14:33,624 - INFO - num_full_subsets = 2
2025-12-14 02:14:33,678 - INFO - phi = [-1.32245644  0.01207086 -0.09303578  0.31691724]
2025-12-14 02:14:33,720 - INFO - num_full_subsets = 2
2025-12-14 02:14:33,773 - INFO - phi = [0.65334855 0.32552844 0.06113132 0.45835069]
2025-12-14 02:14:33,815 - INFO - num_full_subsets = 2
2025-12-14 02:14:33,869 - INFO - phi = [0.97234379 0.70063208 0.00203325 0.56911238]
2025-12-14 02:14:33,910 - INFO - num_full_subsets = 2
2025-12-14 02:14:33,964 - INFO - phi = [-1.18143868 -0.3615042  -0.60661788  0.44616572]
2025-12-14 02:14:34,006 - INFO - num_full_subsets = 2
2025-12-14 02:14:34,060 - INFO - phi = [ 0.7062502  -0.74780361  0.05018277  0.5210789 ]
2025-12-14 02:14:34,103 - INFO - num_full_subsets = 2
2025-12-14 02:14:34,157 - INFO - phi = [ 0.41351807 -0.37073276  0.30305943  0.17005529]
2025-12-14 02:14:34,199 - INFO - num_full_subsets = 2
2025-12-14 02:14:34,253 - INFO - phi = [-1.13288554 -0.41728742  0.01686389 -0.3566256 ]
2025-12-14 02:14:34,295 - INFO - num_full_subsets = 2
2025-12-14 02:14:34,348 - INFO - phi = [-0.87145621 -0.73984349  0.00475208  0.17664971]
2025-12-14 02:14:34,390 - INFO - num_full_subsets = 2
2025-12-14 02:14:34,444 - INFO - phi = [0.38587312 0.01568242 0.03912664 0.42901859]
2025-12-14 02:14:34,486 - INFO - num_full_subsets = 2
2025-12-14 02:14:34,539 - INFO - phi = [-1.27416248 -0.48713719  0.07366593 -0.14800075]
2025-12-14 02:14:34,581 - INFO - num_full_subsets = 2
2025-12-14 02:14:34,635 - INFO - phi = [ 0.17313661 -0.00407854  0.00674688 -0.7059518 ]
2025-12-14 02:14:34,677 - INFO - num_full_subsets = 2
2025-12-14 02:14:34,730 - INFO - phi = [-1.09278165 -0.46808195 -0.66038593 -0.16164435]
2025-12-14 02:14:34,772 - INFO - num_full_subsets = 2
2025-12-14 02:14:34,825 - INFO - phi = [ 1.45014104  0.4577468   0.09284327 -0.30589159]
2025-12-14 02:14:34,867 - INFO - num_full_subsets = 2
2025-12-14 02:14:34,921 - INFO - phi = [ 0.22577036  0.6979099   0.0324596  -0.14660923]
2025-12-14 02:14:34,962 - INFO - num_full_subsets = 2
2025-12-14 02:14:35,015 - INFO - phi = [1.95882006 0.71899309 0.01416073 0.47326071]
2025-12-14 02:14:35,057 - INFO - num_full_subsets = 2
2025-12-14 02:14:35,110 - INFO - phi = [ 0.14595     0.03001217 -0.09391692 -0.67676466]
2025-12-14 02:14:35,152 - INFO - num_full_subsets = 2
2025-12-14 02:14:35,205 - INFO - phi = [1.47026834 0.27413729 0.00347747 0.36556769]
2025-12-14 02:14:35,247 - INFO - num_full_subsets = 2
2025-12-14 02:14:35,301 - INFO - phi = [ 2.14626696  0.27369055 -0.07451896  0.41077332]
2025-12-14 02:14:35,343 - INFO - num_full_subsets = 2
2025-12-14 02:14:35,397 - INFO - phi = [-0.63862911 -0.82431175  0.03876008 -0.14856143]
2025-12-14 02:14:35,438 - INFO - num_full_subsets = 2
2025-12-14 02:14:35,492 - INFO - phi = [-0.93417954 -0.76159561  0.01514606  0.21618625]
2025-12-14 02:14:35,533 - INFO - num_full_subsets = 2
2025-12-14 02:14:35,587 - INFO - phi = [ 2.17041082  0.24304535 -0.1257407   0.56419182]
2025-12-14 02:14:35,629 - INFO - num_full_subsets = 2
2025-12-14 02:14:35,682 - INFO - phi = [ 0.21728027  0.5441082   0.16516661 -0.75299392]
2025-12-14 02:14:35,724 - INFO - num_full_subsets = 2
2025-12-14 02:14:35,777 - INFO - phi = [-0.96003659  0.63269759  0.06823887  0.22745168]
2025-12-14 02:14:35,820 - INFO - num_full_subsets = 2
2025-12-14 02:14:35,873 - INFO - phi = [-1.07253311 -0.49989589 -0.16162776 -0.16515758]
2025-12-14 02:14:35,915 - INFO - num_full_subsets = 2
2025-12-14 02:14:35,968 - INFO - phi = [ 0.89742726  0.10572686 -0.2220128   0.31306843]
2025-12-14 02:14:36,010 - INFO - num_full_subsets = 2
2025-12-14 02:14:36,064 - INFO - phi = [ 0.21018637 -0.01712869  0.01710031 -0.53914059]
2025-12-14 02:14:36,105 - INFO - num_full_subsets = 2
2025-12-14 02:14:36,159 - INFO - phi = [-1.52927846 -0.45559231  0.06398803  0.18540018]
2025-12-14 02:14:36,200 - INFO - num_full_subsets = 2
2025-12-14 02:14:36,253 - INFO - phi = [-0.29357927 -0.84332018  0.0579586  -0.10939756]
2025-12-14 02:14:36,295 - INFO - num_full_subsets = 2
2025-12-14 02:14:36,349 - INFO - phi = [-1.49978814  0.1550768  -0.11923212 -0.13069746]
2025-12-14 02:14:36,847 - INFO - Computing feature importance...
2025-12-14 02:14:43,242 - INFO - Experiment completed for NGBoost
2025-12-14 02:14:43,242 - INFO - Total time: 266.59s (4.44 min)
2025-12-14 02:14:43,243 - INFO - Starting comprehensive experiment for NGBoost
2025-12-14 02:14:53,044 - INFO - Performing feature analysis...
2025-12-14 02:14:54,217 - INFO - Model justification: Probabilistic forecasting with natural gradient boosting, provides uncertainty quantification
2025-12-14 02:14:54,217 - INFO - Performing robust cross-validation...
2025-12-14 02:15:32,330 - INFO - CV Results - MSE: 0.7493 ± 0.1725
2025-12-14 02:15:32,330 - INFO - Starting hyperparameter optimization...
2025-12-14 02:19:24,590 - INFO - Best parameters for NGBoost: {'n_estimators': 213, 'learning_rate': 0.024205234318945286, 'minibatch_frac': 0.41601170045947605, 'natural_gradient': True}
2025-12-14 02:19:24,590 - INFO - ⏱️ HPO took 232.26 seconds
2025-12-14 02:19:24,590 - INFO - Training final model...
2025-12-14 02:19:25,579 - INFO - ⏱️ Training took 0.99 seconds
2025-12-14 02:19:25,580 - INFO - Performing residual analysis...
2025-12-14 02:19:26,588 - INFO - Generating XAI explanations...
2025-12-14 02:19:26,616 - WARNING - Using 168 background data samples could cause slower run times. Consider using shap.sample(data, K) or shap.kmeans(data, K) to summarize the background as K samples.
2025-12-14 02:19:26,655 - INFO - num_full_subsets = 2
2025-12-14 02:19:26,704 - INFO - phi = [-1.15492076 -0.48649797 -0.00283856 -0.34878843]
2025-12-14 02:19:26,743 - INFO - num_full_subsets = 2
2025-12-14 02:19:26,793 - INFO - phi = [1.89321709 0.45754226 0.11973081 0.52335964]
2025-12-14 02:19:26,832 - INFO - num_full_subsets = 2
2025-12-14 02:19:26,882 - INFO - phi = [-0.56758448 -0.71110015  0.11002693 -0.63716713]
2025-12-14 02:19:26,922 - INFO - num_full_subsets = 2
2025-12-14 02:19:26,971 - INFO - phi = [0.35726566 0.09436036 0.03240187 0.54375117]
2025-12-14 02:19:27,011 - INFO - num_full_subsets = 2
2025-12-14 02:19:27,060 - INFO - phi = [ 0.42929905  0.52465561 -0.05941701  0.58322744]
2025-12-14 02:19:27,100 - INFO - num_full_subsets = 2
2025-12-14 02:19:27,150 - INFO - phi = [ 1.99026924  0.7561214  -0.12361447  0.22026708]
2025-12-14 02:19:27,190 - INFO - num_full_subsets = 2
2025-12-14 02:19:27,240 - INFO - phi = [1.07159928 0.60336849 0.07585059 0.08351165]
2025-12-14 02:19:27,279 - INFO - num_full_subsets = 2
2025-12-14 02:19:27,328 - INFO - phi = [ 0.22443142  0.10381712  0.00328859 -0.26615563]
2025-12-14 02:19:27,368 - INFO - num_full_subsets = 2
2025-12-14 02:19:27,418 - INFO - phi = [-0.46208973 -0.63611612  0.07080933 -0.65761303]
2025-12-14 02:19:27,457 - INFO - num_full_subsets = 2
2025-12-14 02:19:27,506 - INFO - phi = [-0.91240835 -0.32139485 -0.09205021 -0.19317991]
2025-12-14 02:19:27,545 - INFO - num_full_subsets = 2
2025-12-14 02:19:27,594 - INFO - phi = [ 0.5203847  -0.38132794  1.07556959 -0.81404919]
2025-12-14 02:19:27,634 - INFO - num_full_subsets = 2
2025-12-14 02:19:27,683 - INFO - phi = [1.09586702 0.42318291 0.09161961 0.3266454 ]
2025-12-14 02:19:27,723 - INFO - num_full_subsets = 2
2025-12-14 02:19:27,772 - INFO - phi = [0.38445102 0.47876501 0.45873437 0.52468418]
2025-12-14 02:19:27,811 - INFO - num_full_subsets = 2
2025-12-14 02:19:27,860 - INFO - phi = [ 0.12941048  0.39905485 -0.11627455 -0.45771024]
2025-12-14 02:19:27,900 - INFO - num_full_subsets = 2
2025-12-14 02:19:27,950 - INFO - phi = [ 2.113809    0.46867324 -0.03241121  0.25726756]
2025-12-14 02:19:27,989 - INFO - num_full_subsets = 2
2025-12-14 02:19:28,039 - INFO - phi = [ 0.17782871  0.60169132  0.25582946 -0.59874755]
2025-12-14 02:19:28,078 - INFO - num_full_subsets = 2
2025-12-14 02:19:28,127 - INFO - phi = [1.8503081  0.2233839  0.18557161 0.49464352]
2025-12-14 02:19:28,167 - INFO - num_full_subsets = 2
2025-12-14 02:19:28,216 - INFO - phi = [ 1.75673614  0.17299708 -0.00254674  0.40929895]
2025-12-14 02:19:28,255 - INFO - num_full_subsets = 2
2025-12-14 02:19:28,304 - INFO - phi = [ 0.11322096  0.67229025  0.16963427 -0.5311835 ]
2025-12-14 02:19:28,344 - INFO - num_full_subsets = 2
2025-12-14 02:19:28,393 - INFO - phi = [-1.1489638  -0.50309116 -0.00543873 -0.29298454]
2025-12-14 02:19:28,432 - INFO - num_full_subsets = 2
2025-12-14 02:19:28,482 - INFO - phi = [-1.78441606  0.53905851 -0.12201393  0.26157165]
2025-12-14 02:19:28,521 - INFO - num_full_subsets = 2
2025-12-14 02:19:28,571 - INFO - phi = [-0.92393376 -0.43254292 -0.19572126  0.40296497]
2025-12-14 02:19:28,610 - INFO - num_full_subsets = 2
2025-12-14 02:19:28,659 - INFO - phi = [ 0.34444067  0.54246819 -0.06925401  0.52993559]
2025-12-14 02:19:28,698 - INFO - num_full_subsets = 2
2025-12-14 02:19:28,747 - INFO - phi = [0.32672513 0.08958563 0.04859693 0.40746646]
2025-12-14 02:19:28,787 - INFO - num_full_subsets = 2
2025-12-14 02:19:28,836 - INFO - phi = [-0.60814718 -0.64996782  0.05717705 -0.35409097]
2025-12-14 02:19:28,875 - INFO - num_full_subsets = 2
2025-12-14 02:19:28,924 - INFO - phi = [ 0.64658673  0.5750998  -0.2138128   0.34702073]
2025-12-14 02:19:28,964 - INFO - num_full_subsets = 2
2025-12-14 02:19:29,013 - INFO - phi = [ 0.6988846  -0.07507439 -0.29529251  0.31091562]
2025-12-14 02:19:29,052 - INFO - num_full_subsets = 2
2025-12-14 02:19:29,101 - INFO - phi = [ 2.07804682  0.31585458 -0.08836511  0.51405905]
2025-12-14 02:19:29,141 - INFO - num_full_subsets = 2
2025-12-14 02:19:29,190 - INFO - phi = [-0.87597778  0.2338173  -0.64779994  0.1343123 ]
2025-12-14 02:19:29,229 - INFO - num_full_subsets = 2
2025-12-14 02:19:29,279 - INFO - phi = [-1.12384536 -0.4321586  -0.13015773 -0.26210789]
2025-12-14 02:19:29,318 - INFO - num_full_subsets = 2
2025-12-14 02:19:29,368 - INFO - phi = [-1.42111417 -0.46320956 -0.06842332  0.18473002]
2025-12-14 02:19:29,407 - INFO - num_full_subsets = 2
2025-12-14 02:19:29,457 - INFO - phi = [ 0.66769493 -0.36086867 -0.14067818  0.37369481]
2025-12-14 02:19:29,496 - INFO - num_full_subsets = 2
2025-12-14 02:19:29,545 - INFO - phi = [-0.87293811 -0.54608033  0.04118194 -0.27752762]
2025-12-14 02:19:29,584 - INFO - num_full_subsets = 2
2025-12-14 02:19:29,634 - INFO - phi = [-1.47045487 -0.3911081  -0.09596342  0.17554442]
2025-12-14 02:19:29,674 - INFO - num_full_subsets = 2
2025-12-14 02:19:29,723 - INFO - phi = [-1.31310317  0.44224196  0.02303088 -0.21834056]
2025-12-14 02:19:29,763 - INFO - num_full_subsets = 2
2025-12-14 02:19:29,812 - INFO - phi = [ 0.44064769  0.06243549 -0.31359174  0.44546031]
2025-12-14 02:19:29,852 - INFO - num_full_subsets = 2
2025-12-14 02:19:29,901 - INFO - phi = [ 0.16610683  0.44622477 -0.00805704 -0.4674256 ]
2025-12-14 02:19:29,940 - INFO - num_full_subsets = 2
2025-12-14 02:19:29,989 - INFO - phi = [ 0.54591025  0.66248946 -0.05819476  0.45914847]
2025-12-14 02:19:30,029 - INFO - num_full_subsets = 2
2025-12-14 02:19:30,079 - INFO - phi = [-1.39239211  0.19726828 -0.14919783  0.38242514]
2025-12-14 02:19:30,118 - INFO - num_full_subsets = 2
2025-12-14 02:19:30,167 - INFO - phi = [ 1.75673614  0.17299708 -0.00254674  0.40929895]
2025-12-14 02:19:30,207 - INFO - num_full_subsets = 2
2025-12-14 02:19:30,256 - INFO - phi = [-0.11856906  1.17166121 -0.05100572  0.31812636]
2025-12-14 02:19:30,296 - INFO - num_full_subsets = 2
2025-12-14 02:19:30,345 - INFO - phi = [-0.74936993 -0.64243253  0.0008664  -0.43780713]
2025-12-14 02:19:30,385 - INFO - num_full_subsets = 2
2025-12-14 02:19:30,435 - INFO - phi = [-0.86698323  0.0257179   0.07210493 -0.34357394]
2025-12-14 02:19:30,475 - INFO - num_full_subsets = 2
2025-12-14 02:19:30,524 - INFO - phi = [-0.99596108 -0.63279991 -0.01048796 -0.1236783 ]
2025-12-14 02:19:30,563 - INFO - num_full_subsets = 2
2025-12-14 02:19:30,613 - INFO - phi = [0.25841354 0.7682112  0.26974983 0.43257523]
2025-12-14 02:19:30,652 - INFO - num_full_subsets = 2
2025-12-14 02:19:30,701 - INFO - phi = [ 0.77559608  0.21984082 -0.2136064   0.3922939 ]
2025-12-14 02:19:30,740 - INFO - num_full_subsets = 2
2025-12-14 02:19:30,789 - INFO - phi = [-0.41509012 -0.37870495 -0.14796799  0.27625472]
2025-12-14 02:19:30,829 - INFO - num_full_subsets = 2
2025-12-14 02:19:30,878 - INFO - phi = [ 0.09173236  0.42635053  0.03882108 -0.68485743]
2025-12-14 02:19:30,919 - INFO - num_full_subsets = 2
2025-12-14 02:19:30,968 - INFO - phi = [ 0.19499716  0.0120424  -0.08758278 -0.5323542 ]
2025-12-14 02:19:31,007 - INFO - num_full_subsets = 2
2025-12-14 02:19:31,056 - INFO - phi = [ 0.17054899  0.45699405  0.02545294 -0.31618925]
2025-12-14 02:19:31,096 - INFO - num_full_subsets = 2
2025-12-14 02:19:31,145 - INFO - phi = [ 0.43144075 -0.11837521  0.21969569 -0.59696779]
2025-12-14 02:19:31,185 - INFO - num_full_subsets = 2
2025-12-14 02:19:31,234 - INFO - phi = [ 0.14893478  0.00666883 -0.00230821 -0.62553333]
2025-12-14 02:19:31,273 - INFO - num_full_subsets = 2
2025-12-14 02:19:31,322 - INFO - phi = [0.24280383 0.25302319 0.10201343 0.40890826]
2025-12-14 02:19:31,362 - INFO - num_full_subsets = 2
2025-12-14 02:19:31,411 - INFO - phi = [0.30885822 0.52345173 0.42719389 0.57317763]
2025-12-14 02:19:31,451 - INFO - num_full_subsets = 2
2025-12-14 02:19:31,500 - INFO - phi = [1.92545005 0.5778684  0.04910822 0.42514518]
2025-12-14 02:19:31,540 - INFO - num_full_subsets = 2
2025-12-14 02:19:31,589 - INFO - phi = [ 0.22782724  0.6238846   0.12742665 -0.41878191]
2025-12-14 02:19:31,629 - INFO - num_full_subsets = 2
2025-12-14 02:19:31,678 - INFO - phi = [-1.31431485 -0.36286003 -0.24595852  0.34151655]
2025-12-14 02:19:31,717 - INFO - num_full_subsets = 2
2025-12-14 02:19:31,766 - INFO - phi = [ 2.23831011 -0.1110626  -0.04741024  0.44124224]
2025-12-14 02:19:31,806 - INFO - num_full_subsets = 2
2025-12-14 02:19:31,855 - INFO - phi = [0.3008665  0.35952469 0.45575709 0.47130366]
2025-12-14 02:19:31,894 - INFO - num_full_subsets = 2
2025-12-14 02:19:31,944 - INFO - phi = [ 0.19510613  0.57880714  0.00836374 -0.5296962 ]
2025-12-14 02:19:31,983 - INFO - num_full_subsets = 2
2025-12-14 02:19:32,032 - INFO - phi = [ 2.15463739  0.24417864 -0.06136447  0.48684386]
2025-12-14 02:19:32,072 - INFO - num_full_subsets = 2
2025-12-14 02:19:32,122 - INFO - phi = [-1.38257584 -0.34788122 -0.29250402  0.1837887 ]
2025-12-14 02:19:32,162 - INFO - num_full_subsets = 2
2025-12-14 02:19:32,212 - INFO - phi = [0.55070563 0.35527315 0.01204149 0.43534732]
2025-12-14 02:19:32,252 - INFO - num_full_subsets = 2
2025-12-14 02:19:32,301 - INFO - phi = [ 0.55797226  0.45901413 -0.15081704  0.4536655 ]
2025-12-14 02:19:32,340 - INFO - num_full_subsets = 2
2025-12-14 02:19:32,390 - INFO - phi = [-1.08960019 -0.48217535 -0.06135741 -0.17423775]
2025-12-14 02:19:32,429 - INFO - num_full_subsets = 2
2025-12-14 02:19:32,478 - INFO - phi = [2.06760169 0.8097439  0.18125145 0.61194498]
2025-12-14 02:19:32,518 - INFO - num_full_subsets = 2
2025-12-14 02:19:32,567 - INFO - phi = [0.82286539 0.66073486 0.1350109  0.26391182]
2025-12-14 02:19:32,607 - INFO - num_full_subsets = 2
2025-12-14 02:19:32,656 - INFO - phi = [ 0.13199131  0.4648877   0.05938175 -0.50945633]
2025-12-14 02:19:32,696 - INFO - num_full_subsets = 2
2025-12-14 02:19:32,745 - INFO - phi = [ 2.15463739  0.24417864 -0.06136447  0.48684386]
2025-12-14 02:19:32,784 - INFO - num_full_subsets = 2
2025-12-14 02:19:32,833 - INFO - phi = [-0.90887893 -0.62215399 -0.10029838 -0.00636543]
2025-12-14 02:19:32,872 - INFO - num_full_subsets = 2
2025-12-14 02:19:32,921 - INFO - phi = [2.07640644 0.09690766 0.3134552  0.48337399]
2025-12-14 02:19:32,961 - INFO - num_full_subsets = 2
2025-12-14 02:19:33,010 - INFO - phi = [-0.68944419 -0.59484508 -0.07433639 -0.84826483]
2025-12-14 02:19:33,050 - INFO - num_full_subsets = 2
2025-12-14 02:19:33,100 - INFO - phi = [ 0.12050109  0.57569012 -0.17469614 -0.38434905]
2025-12-14 02:19:33,140 - INFO - num_full_subsets = 2
2025-12-14 02:19:33,190 - INFO - phi = [-1.44968891 -0.48973865 -0.05262671  0.35374142]
2025-12-14 02:19:33,230 - INFO - num_full_subsets = 2
2025-12-14 02:19:33,279 - INFO - phi = [ 0.68780012  0.74999821 -0.05322798  0.53959283]
2025-12-14 02:19:33,318 - INFO - num_full_subsets = 2
2025-12-14 02:19:33,368 - INFO - phi = [-0.90502251  1.40384927  0.16521425  0.15866409]
2025-12-14 02:19:33,408 - INFO - num_full_subsets = 2
2025-12-14 02:19:33,458 - INFO - phi = [-0.78654033 -0.49707848 -0.0217656  -0.63960236]
2025-12-14 02:19:33,498 - INFO - num_full_subsets = 2
2025-12-14 02:19:33,548 - INFO - phi = [ 0.06470297  1.19019408 -0.12775007  0.21329137]
2025-12-14 02:19:33,588 - INFO - num_full_subsets = 2
2025-12-14 02:19:33,637 - INFO - phi = [ 1.26938498  0.70129493 -0.14034825  0.37105539]
2025-12-14 02:19:33,676 - INFO - num_full_subsets = 2
2025-12-14 02:19:33,725 - INFO - phi = [ 1.04923241  0.75267219 -0.17789984  0.35898385]
2025-12-14 02:19:33,765 - INFO - num_full_subsets = 2
2025-12-14 02:19:33,814 - INFO - phi = [0.68832548 0.1255075  0.03212486 0.24471627]
2025-12-14 02:19:33,853 - INFO - num_full_subsets = 2
2025-12-14 02:19:33,903 - INFO - phi = [ 0.25306816 -0.59373383  0.03350938 -0.77040024]
2025-12-14 02:19:33,942 - INFO - num_full_subsets = 2
2025-12-14 02:19:33,992 - INFO - phi = [-1.30753839 -0.40907878  0.07195941 -0.12042067]
2025-12-14 02:19:34,031 - INFO - num_full_subsets = 2
2025-12-14 02:19:34,081 - INFO - phi = [-1.13529195 -0.41553418 -0.21881496 -0.18303407]
2025-12-14 02:19:34,121 - INFO - num_full_subsets = 2
2025-12-14 02:19:34,170 - INFO - phi = [-0.88827823 -0.52194784 -0.18710452 -0.03520027]
2025-12-14 02:19:34,209 - INFO - num_full_subsets = 2
2025-12-14 02:19:34,259 - INFO - phi = [-1.1525778  -0.41288369 -0.03272368 -0.27579693]
2025-12-14 02:19:34,298 - INFO - num_full_subsets = 2
2025-12-14 02:19:34,348 - INFO - phi = [ 0.47868461  0.12557817 -0.15231509  0.46238037]
2025-12-14 02:19:34,387 - INFO - num_full_subsets = 2
2025-12-14 02:19:34,437 - INFO - phi = [-0.60691894 -0.60099771 -0.11289911  0.28472965]
2025-12-14 02:19:34,476 - INFO - num_full_subsets = 2
2025-12-14 02:19:34,525 - INFO - phi = [ 0.34116337  0.3197152  -0.24115442  0.05151305]
2025-12-14 02:19:34,564 - INFO - num_full_subsets = 2
2025-12-14 02:19:34,614 - INFO - phi = [-1.14037371 -0.56987221 -0.06561496  0.19216924]
2025-12-14 02:19:34,653 - INFO - num_full_subsets = 2
2025-12-14 02:19:34,702 - INFO - phi = [-0.91367871  0.42347053 -0.14553289  0.220911  ]
2025-12-14 02:19:34,741 - INFO - num_full_subsets = 2
2025-12-14 02:19:34,790 - INFO - phi = [ 0.22443142  0.10381712  0.00328859 -0.26615563]
2025-12-14 02:19:34,830 - INFO - num_full_subsets = 2
2025-12-14 02:19:34,879 - INFO - phi = [-1.20459112 -0.53425053 -0.02864116 -0.19836019]
2025-12-14 02:19:34,918 - INFO - num_full_subsets = 2
2025-12-14 02:19:34,967 - INFO - phi = [ 2.10263444  0.06804553 -0.40385613  0.42697624]
2025-12-14 02:19:35,007 - INFO - num_full_subsets = 2
2025-12-14 02:19:35,057 - INFO - phi = [1.41279782 0.4346678  0.01693419 0.39029276]
2025-12-14 02:19:35,097 - INFO - num_full_subsets = 2
2025-12-14 02:19:35,147 - INFO - phi = [ 1.67016188 -0.4298505  -0.37342569  0.08427244]
2025-12-14 02:19:35,187 - INFO - num_full_subsets = 2
2025-12-14 02:19:35,237 - INFO - phi = [1.64463173 0.28593167 0.00644518 0.36063265]
2025-12-14 02:19:35,276 - INFO - num_full_subsets = 2
2025-12-14 02:19:35,326 - INFO - phi = [-0.68542055 -0.69490578 -0.02430178 -0.41475577]
2025-12-14 02:19:35,367 - INFO - num_full_subsets = 2
2025-12-14 02:19:35,418 - INFO - phi = [ 0.54366756  0.52680223  0.95652189 -0.81976125]
2025-12-14 02:19:35,458 - INFO - num_full_subsets = 2
2025-12-14 02:19:35,507 - INFO - phi = [ 0.73760787  0.67280629 -0.13943123  0.02156708]
2025-12-14 02:19:35,547 - INFO - num_full_subsets = 2
2025-12-14 02:19:35,597 - INFO - phi = [-1.18096509 -0.45838528 -0.06450496 -0.27735769]
2025-12-14 02:19:35,636 - INFO - num_full_subsets = 2
2025-12-14 02:19:35,685 - INFO - phi = [ 1.54160629 -0.38923009  1.0856103  -1.18758424]
2025-12-14 02:19:35,725 - INFO - num_full_subsets = 2
2025-12-14 02:19:35,774 - INFO - phi = [ 2.02317938  0.45599869 -0.08429911  0.56761166]
2025-12-14 02:19:35,813 - INFO - num_full_subsets = 2
2025-12-14 02:19:35,862 - INFO - phi = [-1.20951086 -0.43571499 -0.03670774 -0.18781314]
2025-12-14 02:19:35,902 - INFO - num_full_subsets = 2
2025-12-14 02:19:35,952 - INFO - phi = [-1.17411736 -0.4317013  -0.10032623 -0.28008407]
2025-12-14 02:19:35,991 - INFO - num_full_subsets = 2
2025-12-14 02:19:36,041 - INFO - phi = [-0.66832187 -0.70465665  0.02368451 -0.21699945]
2025-12-14 02:19:36,081 - INFO - num_full_subsets = 2
2025-12-14 02:19:36,130 - INFO - phi = [-0.74025378 -0.56204395 -0.26365359  0.21333003]
2025-12-14 02:19:36,169 - INFO - num_full_subsets = 2
2025-12-14 02:19:36,218 - INFO - phi = [1.75965459 0.26213854 0.42612804 0.4984346 ]
2025-12-14 02:19:36,258 - INFO - num_full_subsets = 2
2025-12-14 02:19:36,307 - INFO - phi = [ 0.16632431  0.48006259  0.04163397 -0.46830432]
2025-12-14 02:19:36,347 - INFO - num_full_subsets = 2
2025-12-14 02:19:36,397 - INFO - phi = [-0.85432901 -0.61871597  0.08655227 -0.34479383]
2025-12-14 02:19:36,437 - INFO - num_full_subsets = 2
2025-12-14 02:19:36,487 - INFO - phi = [ 0.71480965 -0.21362783 -0.34630522  0.13721667]
2025-12-14 02:19:36,526 - INFO - num_full_subsets = 2
2025-12-14 02:19:36,576 - INFO - phi = [-1.17251783  0.51430599 -0.11753114 -0.01197959]
2025-12-14 02:19:36,615 - INFO - num_full_subsets = 2
2025-12-14 02:19:36,665 - INFO - phi = [-0.21977728 -0.54325194  0.57015567 -0.6677131 ]
2025-12-14 02:19:36,704 - INFO - num_full_subsets = 2
2025-12-14 02:19:36,753 - INFO - phi = [ 0.12766353  0.10284275 -0.10759318 -0.44689578]
2025-12-14 02:19:36,792 - INFO - num_full_subsets = 2
2025-12-14 02:19:36,842 - INFO - phi = [ 0.52083865 -0.41875565 -0.31665803 -0.14107214]
2025-12-14 02:19:36,881 - INFO - num_full_subsets = 2
2025-12-14 02:19:36,930 - INFO - phi = [1.24106659 0.37057662 0.23249377 0.44109863]
2025-12-14 02:19:36,970 - INFO - num_full_subsets = 2
2025-12-14 02:19:37,019 - INFO - phi = [-0.54719388  0.41662315  0.12467757  0.35441308]
2025-12-14 02:19:37,058 - INFO - num_full_subsets = 2
2025-12-14 02:19:37,107 - INFO - phi = [-1.03369176 -0.47807688 -0.08815047  0.27927489]
2025-12-14 02:19:37,147 - INFO - num_full_subsets = 2
2025-12-14 02:19:37,197 - INFO - phi = [-1.37647952 -0.50146883  0.25700304  0.47538449]
2025-12-14 02:19:37,236 - INFO - num_full_subsets = 2
2025-12-14 02:19:37,286 - INFO - phi = [ 0.43992715 -0.58606111  0.04748194 -0.90251619]
2025-12-14 02:19:37,325 - INFO - num_full_subsets = 2
2025-12-14 02:19:37,374 - INFO - phi = [ 2.05815126 -0.44715111 -0.04347725  0.44878305]
2025-12-14 02:19:37,414 - INFO - num_full_subsets = 2
2025-12-14 02:19:37,463 - INFO - phi = [-1.19650301 -0.50401424  0.00159655 -0.29115122]
2025-12-14 02:19:37,503 - INFO - num_full_subsets = 2
2025-12-14 02:19:37,552 - INFO - phi = [-0.63679898 -0.76002282  0.01074574 -0.38496235]
2025-12-14 02:19:37,591 - INFO - num_full_subsets = 2
2025-12-14 02:19:37,640 - INFO - phi = [ 0.35500655  0.13450283 -0.16409397  0.46961454]
2025-12-14 02:19:37,681 - INFO - num_full_subsets = 2
2025-12-14 02:19:37,730 - INFO - phi = [-1.41181449 -0.47017403 -0.06497856  0.17415462]
2025-12-14 02:19:37,769 - INFO - num_full_subsets = 2
2025-12-14 02:19:37,818 - INFO - phi = [ 0.77559608  0.21984082 -0.2136064   0.3922939 ]
2025-12-14 02:19:37,858 - INFO - num_full_subsets = 2
2025-12-14 02:19:37,907 - INFO - phi = [-0.43924392 -0.73087724 -0.01390823 -0.07817785]
2025-12-14 02:19:37,947 - INFO - num_full_subsets = 2
2025-12-14 02:19:37,996 - INFO - phi = [ 0.28784882  0.08494439  0.14841537 -0.30601875]
2025-12-14 02:19:38,036 - INFO - num_full_subsets = 2
2025-12-14 02:19:38,086 - INFO - phi = [-1.23704474 -0.43479609 -0.12064834 -0.07842488]
2025-12-14 02:19:38,125 - INFO - num_full_subsets = 2
2025-12-14 02:19:38,175 - INFO - phi = [ 0.29301151 -0.48640582  0.53522614 -0.75511956]
2025-12-14 02:19:38,215 - INFO - num_full_subsets = 2
2025-12-14 02:19:38,264 - INFO - phi = [2.05523114 0.20169086 0.04621987 0.54731577]
2025-12-14 02:19:38,303 - INFO - num_full_subsets = 2
2025-12-14 02:19:38,353 - INFO - phi = [-1.77329747  0.50821234 -0.16254725  0.18768045]
2025-12-14 02:19:38,393 - INFO - num_full_subsets = 2
2025-12-14 02:19:38,443 - INFO - phi = [-0.70507872 -0.24471697  0.01347309 -0.08838504]
2025-12-14 02:19:38,483 - INFO - num_full_subsets = 2
2025-12-14 02:19:38,533 - INFO - phi = [-0.46730117 -0.55297326  0.52562535 -0.78782646]
2025-12-14 02:19:38,572 - INFO - num_full_subsets = 2
2025-12-14 02:19:38,622 - INFO - phi = [-1.03506564 -0.52898876  0.02709098 -0.19307925]
2025-12-14 02:19:38,661 - INFO - num_full_subsets = 2
2025-12-14 02:19:38,710 - INFO - phi = [-0.85188906 -0.52976025 -0.11000271 -0.20134172]
2025-12-14 02:19:38,750 - INFO - num_full_subsets = 2
2025-12-14 02:19:38,799 - INFO - phi = [-0.99111247  0.46705168 -0.55835559  0.19563895]
2025-12-14 02:19:38,838 - INFO - num_full_subsets = 2
2025-12-14 02:19:38,887 - INFO - phi = [-0.16693315  0.11889872 -0.15953021  0.30953968]
2025-12-14 02:19:38,926 - INFO - num_full_subsets = 2
2025-12-14 02:19:38,976 - INFO - phi = [-0.65286405 -0.70825521 -0.07102676 -0.43555381]
2025-12-14 02:19:39,014 - INFO - num_full_subsets = 2
2025-12-14 02:19:39,064 - INFO - phi = [-0.98208682 -0.49783151 -0.01885207 -0.30033322]
2025-12-14 02:19:39,104 - INFO - num_full_subsets = 2
2025-12-14 02:19:39,153 - INFO - phi = [ 1.80769296 -0.20352493  0.1115677  -0.71991643]
2025-12-14 02:19:39,193 - INFO - num_full_subsets = 2
2025-12-14 02:19:39,243 - INFO - phi = [-1.09385908 -0.22462344 -0.13408772  0.27728692]
2025-12-14 02:19:39,283 - INFO - num_full_subsets = 2
2025-12-14 02:19:39,333 - INFO - phi = [0.59421982 0.04252917 0.15770492 0.48394629]
2025-12-14 02:19:39,372 - INFO - num_full_subsets = 2
2025-12-14 02:19:39,422 - INFO - phi = [-0.75492898 -0.71586111 -0.00918055  0.3327064 ]
2025-12-14 02:19:39,461 - INFO - num_full_subsets = 2
2025-12-14 02:19:39,510 - INFO - phi = [ 0.71480965 -0.21362783 -0.34630522  0.13721667]
2025-12-14 02:19:39,549 - INFO - num_full_subsets = 2
2025-12-14 02:19:39,598 - INFO - phi = [-1.2559919  -0.50971329 -0.08915051  0.14983917]
2025-12-14 02:19:39,638 - INFO - num_full_subsets = 2
2025-12-14 02:19:39,687 - INFO - phi = [-1.53721776  0.07307283 -0.08026296  0.11386103]
2025-12-14 02:19:39,727 - INFO - num_full_subsets = 2
2025-12-14 02:19:39,776 - INFO - phi = [ 0.58561595  0.28987899  0.94909873 -1.30797663]
2025-12-14 02:19:39,816 - INFO - num_full_subsets = 2
2025-12-14 02:19:39,865 - INFO - phi = [-1.05962694 -0.48655391 -0.10292853 -0.28690207]
2025-12-14 02:19:39,905 - INFO - num_full_subsets = 2
2025-12-14 02:19:39,954 - INFO - phi = [ 0.4693639  -0.37911969  0.20921154  0.59219144]
2025-12-14 02:19:39,994 - INFO - num_full_subsets = 2
2025-12-14 02:19:40,044 - INFO - phi = [-0.98750258 -0.53910123 -0.02496792 -0.36431816]
2025-12-14 02:19:40,083 - INFO - num_full_subsets = 2
2025-12-14 02:19:40,134 - INFO - phi = [-1.69593903  0.36343939 -0.12111317  0.17435641]
2025-12-14 02:19:40,174 - INFO - num_full_subsets = 2
2025-12-14 02:19:40,224 - INFO - phi = [-1.21868944  0.66693633 -0.25959334 -0.18071508]
2025-12-14 02:19:40,264 - INFO - num_full_subsets = 2
2025-12-14 02:19:40,313 - INFO - phi = [-0.93232132 -0.68901456 -0.02835305  0.20016932]
2025-12-14 02:19:40,353 - INFO - num_full_subsets = 2
2025-12-14 02:19:40,403 - INFO - phi = [-0.39698609  0.17636088 -0.26973778  0.007511  ]
2025-12-14 02:19:40,442 - INFO - num_full_subsets = 2
2025-12-14 02:19:40,491 - INFO - phi = [-1.16574854 -0.55832516 -0.04398962 -0.00899834]
2025-12-14 02:19:40,531 - INFO - num_full_subsets = 2
2025-12-14 02:19:40,579 - INFO - phi = [ 2.19815033  0.01712474 -0.16763612  0.44553661]
2025-12-14 02:19:40,619 - INFO - num_full_subsets = 2
2025-12-14 02:19:40,668 - INFO - phi = [-0.9589462   0.10035595 -0.02983633  0.55961629]
2025-12-14 02:19:40,707 - INFO - num_full_subsets = 2
2025-12-14 02:19:40,757 - INFO - phi = [0.36898335 0.37888933 0.45785777 0.4165938 ]
2025-12-14 02:19:40,796 - INFO - num_full_subsets = 2
2025-12-14 02:19:40,845 - INFO - phi = [ 0.15692608  0.53480103 -0.02879796 -0.48091285]
2025-12-14 02:19:40,885 - INFO - num_full_subsets = 2
2025-12-14 02:19:40,935 - INFO - phi = [ 1.65799838  0.16863252  0.12151417 -0.71384757]
2025-12-14 02:19:40,974 - INFO - num_full_subsets = 2
2025-12-14 02:19:41,023 - INFO - phi = [-1.07334644 -0.4909389  -0.05432139 -0.10914174]
2025-12-14 02:19:41,062 - INFO - num_full_subsets = 2
2025-12-14 02:19:41,112 - INFO - phi = [-1.33495246 -0.34978641 -0.38889422  0.14806923]
2025-12-14 02:19:41,151 - INFO - num_full_subsets = 2
2025-12-14 02:19:41,200 - INFO - phi = [-1.09385908 -0.22462344 -0.13408772  0.27728692]
2025-12-14 02:19:41,240 - INFO - num_full_subsets = 2
2025-12-14 02:19:41,289 - INFO - phi = [-0.41961374 -0.77718801  0.10203883 -0.11252777]
2025-12-14 02:19:41,329 - INFO - num_full_subsets = 2
2025-12-14 02:19:41,379 - INFO - phi = [ 0.15305364  0.11054603 -0.26382669 -0.25335393]
2025-12-14 02:19:41,418 - INFO - num_full_subsets = 2
2025-12-14 02:19:41,467 - INFO - phi = [ 0.17888955  0.57372758  0.25872828 -0.61267977]
2025-12-14 02:19:41,506 - INFO - num_full_subsets = 2
2025-12-14 02:19:41,556 - INFO - phi = [ 0.10072383  0.56092553  0.1457074  -0.71748105]
2025-12-14 02:19:42,056 - INFO - Computing feature importance...
2025-12-14 02:19:47,959 - INFO - Experiment completed for NGBoost
2025-12-14 02:19:47,959 - INFO - Total time: 304.34s (5.07 min)
2025-12-14 02:19:47,960 - INFO - Starting comprehensive experiment for NGBoost
2025-12-14 02:19:57,609 - INFO - Performing feature analysis...
2025-12-14 02:19:58,779 - INFO - Model justification: Probabilistic forecasting with natural gradient boosting, provides uncertainty quantification
2025-12-14 02:19:58,779 - INFO - Performing robust cross-validation...
2025-12-14 02:20:36,853 - INFO - CV Results - MSE: 0.8067 ± 0.1529
2025-12-14 02:20:36,854 - INFO - Starting hyperparameter optimization...
2025-12-14 02:24:10,758 - INFO - Best parameters for NGBoost: {'n_estimators': 237, 'learning_rate': 0.017110107165930255, 'minibatch_frac': 0.5783254276541914, 'natural_gradient': True}
2025-12-14 02:24:10,758 - INFO - ⏱️ HPO took 213.90 seconds
2025-12-14 02:24:10,758 - INFO - Training final model...
2025-12-14 02:24:11,914 - INFO - ⏱️ Training took 1.16 seconds
2025-12-14 02:24:11,914 - INFO - Performing residual analysis...
2025-12-14 02:24:12,926 - INFO - Generating XAI explanations...
2025-12-14 02:24:12,957 - WARNING - Using 168 background data samples could cause slower run times. Consider using shap.sample(data, K) or shap.kmeans(data, K) to summarize the background as K samples.
2025-12-14 02:24:12,999 - INFO - num_full_subsets = 2
2025-12-14 02:24:13,053 - INFO - phi = [ 0.5358048  -0.05334636  0.06548864  0.44420132]
2025-12-14 02:24:13,095 - INFO - num_full_subsets = 2
2025-12-14 02:24:13,149 - INFO - phi = [1.92101032 0.04965433 0.10809361 0.52000723]
2025-12-14 02:24:13,191 - INFO - num_full_subsets = 2
2025-12-14 02:24:13,245 - INFO - phi = [-0.01765432  0.39399186  0.18822669 -0.81212542]
2025-12-14 02:24:13,287 - INFO - num_full_subsets = 2
2025-12-14 02:24:13,341 - INFO - phi = [ 0.29359519  0.46782194  0.15815214 -0.66446324]
2025-12-14 02:24:13,384 - INFO - num_full_subsets = 2
2025-12-14 02:24:13,438 - INFO - phi = [ 0.30176797  0.33132233  0.03882827 -0.52618164]
2025-12-14 02:24:13,480 - INFO - num_full_subsets = 2
2025-12-14 02:24:13,535 - INFO - phi = [1.67656652 0.04231973 0.15668847 0.46354992]
2025-12-14 02:24:13,577 - INFO - num_full_subsets = 2
2025-12-14 02:24:13,632 - INFO - phi = [-0.6554558   2.34851265  0.187352   -0.07436316]
2025-12-14 02:24:13,674 - INFO - num_full_subsets = 2
2025-12-14 02:24:13,728 - INFO - phi = [ 0.53269568  0.00509919 -0.04893542  0.57239912]
2025-12-14 02:24:13,770 - INFO - num_full_subsets = 2
2025-12-14 02:24:13,824 - INFO - phi = [-1.36874668e+00  4.55132758e-01 -1.34190237e-03 -2.44805855e-01]
2025-12-14 02:24:13,865 - INFO - num_full_subsets = 2
2025-12-14 02:24:13,920 - INFO - phi = [ 1.15036685  0.53050594 -0.015091   -0.22542078]
2025-12-14 02:24:13,962 - INFO - num_full_subsets = 2
2025-12-14 02:24:14,016 - INFO - phi = [-1.0686898  -0.54553582  0.00399522 -0.2228274 ]
2025-12-14 02:24:14,059 - INFO - num_full_subsets = 2
2025-12-14 02:24:14,113 - INFO - phi = [-0.66005385 -0.69367801 -0.05648892 -0.21942461]
2025-12-14 02:24:14,156 - INFO - num_full_subsets = 2
2025-12-14 02:24:14,210 - INFO - phi = [-0.65501026 -0.65566008 -0.0436256  -0.49591802]
2025-12-14 02:24:14,252 - INFO - num_full_subsets = 2
2025-12-14 02:24:14,306 - INFO - phi = [ 0.56660572 -0.04615598  0.15258495 -0.26694193]
2025-12-14 02:24:14,349 - INFO - num_full_subsets = 2
2025-12-14 02:24:14,403 - INFO - phi = [ 0.25250406  0.62612084  0.20091325 -0.83977606]
2025-12-14 02:24:14,445 - INFO - num_full_subsets = 2
2025-12-14 02:24:14,499 - INFO - phi = [-1.00632528 -0.43553318 -0.60870316 -0.23735278]
2025-12-14 02:24:14,542 - INFO - num_full_subsets = 2
2025-12-14 02:24:14,595 - INFO - phi = [-1.44335511  0.27392634 -0.12295662 -0.14783728]
2025-12-14 02:24:14,637 - INFO - num_full_subsets = 2
2025-12-14 02:24:14,692 - INFO - phi = [ 1.13272383 -0.12159519  0.03281635 -0.20783796]
2025-12-14 02:24:14,735 - INFO - num_full_subsets = 2
2025-12-14 02:24:14,790 - INFO - phi = [-0.79275862 -0.66455587  0.02129681 -0.22526453]
2025-12-14 02:24:14,832 - INFO - num_full_subsets = 2
2025-12-14 02:24:14,887 - INFO - phi = [-0.36937075 -0.63543162 -0.0095544  -0.59584874]
2025-12-14 02:24:14,929 - INFO - num_full_subsets = 2
2025-12-14 02:24:14,983 - INFO - phi = [-1.02754727 -0.4127     -0.11726467 -0.32168015]
2025-12-14 02:24:15,025 - INFO - num_full_subsets = 2
2025-12-14 02:24:15,080 - INFO - phi = [-0.83148769 -0.4926161  -0.1876983  -0.3162083 ]
2025-12-14 02:24:15,123 - INFO - num_full_subsets = 2
2025-12-14 02:24:15,178 - INFO - phi = [-0.55285846 -0.78558238  0.00377086 -0.51539015]
2025-12-14 02:24:15,221 - INFO - num_full_subsets = 2
2025-12-14 02:24:15,275 - INFO - phi = [-0.81135839 -0.43712383  0.02221551 -0.32366294]
2025-12-14 02:24:15,317 - INFO - num_full_subsets = 2
2025-12-14 02:24:15,372 - INFO - phi = [-0.32707358 -0.81878321  0.03089953 -0.37865233]
2025-12-14 02:24:15,414 - INFO - num_full_subsets = 2
2025-12-14 02:24:15,469 - INFO - phi = [-0.68647599 -0.73899451 -0.0385251   0.40550919]
2025-12-14 02:24:15,511 - INFO - num_full_subsets = 2
2025-12-14 02:24:15,566 - INFO - phi = [-1.27320932 -0.30015807 -0.19490759  0.34145119]
2025-12-14 02:24:15,609 - INFO - num_full_subsets = 2
2025-12-14 02:24:15,664 - INFO - phi = [ 1.23456362  0.57093606 -0.0312502   0.46610661]
2025-12-14 02:24:15,706 - INFO - num_full_subsets = 2
2025-12-14 02:24:15,761 - INFO - phi = [ 0.15192286  0.75223332 -0.00555464  0.33834433]
2025-12-14 02:24:15,803 - INFO - num_full_subsets = 2
2025-12-14 02:24:15,858 - INFO - phi = [ 1.68278261e+00  5.66584191e-02 -2.06362801e-04  3.24454451e-01]
2025-12-14 02:24:15,901 - INFO - num_full_subsets = 2
2025-12-14 02:24:15,954 - INFO - phi = [-1.1738123  -0.43232037 -0.01973569 -0.2589769 ]
2025-12-14 02:24:15,997 - INFO - num_full_subsets = 2
2025-12-14 02:24:16,052 - INFO - phi = [ 0.19841967  0.39039548 -0.4717696  -0.56483638]
2025-12-14 02:24:16,095 - INFO - num_full_subsets = 2
2025-12-14 02:24:16,149 - INFO - phi = [ 1.01856502 -0.01944132 -0.02371432  0.33114787]
2025-12-14 02:24:16,191 - INFO - num_full_subsets = 2
2025-12-14 02:24:16,245 - INFO - phi = [-0.78195112 -0.63087014 -0.03705683 -0.25774995]
2025-12-14 02:24:16,288 - INFO - num_full_subsets = 2
2025-12-14 02:24:16,342 - INFO - phi = [-0.21159474  0.55290342  0.1848855   0.3979724 ]
2025-12-14 02:24:16,384 - INFO - num_full_subsets = 2
2025-12-14 02:24:16,438 - INFO - phi = [0.79661958 0.06464895 0.18034268 0.42400575]
2025-12-14 02:24:16,481 - INFO - num_full_subsets = 2
2025-12-14 02:24:16,536 - INFO - phi = [ 0.79313037 -0.05277286  0.25835634  0.32295972]
2025-12-14 02:24:16,578 - INFO - num_full_subsets = 2
2025-12-14 02:24:16,632 - INFO - phi = [-0.3211518  -0.75376911 -0.01544834 -0.2679904 ]
2025-12-14 02:24:16,674 - INFO - num_full_subsets = 2
2025-12-14 02:24:16,728 - INFO - phi = [-0.83693558 -0.57278853 -0.01468381 -0.42597101]
2025-12-14 02:24:16,770 - INFO - num_full_subsets = 2
2025-12-14 02:24:16,824 - INFO - phi = [ 0.28796853  0.4836329  -0.04068503 -0.37640255]
2025-12-14 02:24:16,866 - INFO - num_full_subsets = 2
2025-12-14 02:24:16,920 - INFO - phi = [-1.11499813 -0.36480655 -0.03200165 -0.3770405 ]
2025-12-14 02:24:16,962 - INFO - num_full_subsets = 2
2025-12-14 02:24:17,016 - INFO - phi = [ 0.81304311 -0.13562065  0.49090761 -0.99874234]
2025-12-14 02:24:17,059 - INFO - num_full_subsets = 2
2025-12-14 02:24:17,113 - INFO - phi = [-0.68788591 -0.73042449 -0.03836316 -0.23225421]
2025-12-14 02:24:17,155 - INFO - num_full_subsets = 2
2025-12-14 02:24:17,209 - INFO - phi = [-0.51851745 -0.29474443 -0.05517397  0.20572874]
2025-12-14 02:24:17,251 - INFO - num_full_subsets = 2
2025-12-14 02:24:17,304 - INFO - phi = [ 0.50452816 -0.5091704  -0.02243994 -0.5541317 ]
2025-12-14 02:24:17,346 - INFO - num_full_subsets = 2
2025-12-14 02:24:17,400 - INFO - phi = [2.32710773 0.70059215 0.02107251 0.40864211]
2025-12-14 02:24:17,443 - INFO - num_full_subsets = 2
2025-12-14 02:24:17,498 - INFO - phi = [-0.31564814  0.10208034 -0.24568575  0.08956746]
2025-12-14 02:24:17,541 - INFO - num_full_subsets = 2
2025-12-14 02:24:17,595 - INFO - phi = [0.83120559 0.12279275 0.06367964 0.33880512]
2025-12-14 02:24:17,638 - INFO - num_full_subsets = 2
2025-12-14 02:24:17,692 - INFO - phi = [-1.45930422  0.40629549 -0.15060005  0.07988209]
2025-12-14 02:24:17,734 - INFO - num_full_subsets = 2
2025-12-14 02:24:17,788 - INFO - phi = [-1.29845348  0.51015384 -0.05795233  0.04965174]
2025-12-14 02:24:17,830 - INFO - num_full_subsets = 2
2025-12-14 02:24:17,884 - INFO - phi = [ 0.23287247  0.50555758 -0.57695926 -0.40911493]
2025-12-14 02:24:17,926 - INFO - num_full_subsets = 2
2025-12-14 02:24:17,980 - INFO - phi = [ 0.33064903  0.34069763  0.01167489 -0.49815578]
2025-12-14 02:24:18,022 - INFO - num_full_subsets = 2
2025-12-14 02:24:18,077 - INFO - phi = [ 0.41775286  0.30532577 -0.08322801  0.14836297]
2025-12-14 02:24:18,119 - INFO - num_full_subsets = 2
2025-12-14 02:24:18,172 - INFO - phi = [-0.33779846  0.38696356 -0.24378822  0.16063589]
2025-12-14 02:24:18,215 - INFO - num_full_subsets = 2
2025-12-14 02:24:18,269 - INFO - phi = [-1.45351509  0.03878788 -0.03093902 -0.17175972]
2025-12-14 02:24:18,311 - INFO - num_full_subsets = 2
2025-12-14 02:24:18,365 - INFO - phi = [ 0.37548523  0.03517446  0.02129715 -0.25231607]
2025-12-14 02:24:18,407 - INFO - num_full_subsets = 2
2025-12-14 02:24:18,462 - INFO - phi = [1.61193269 0.84198893 0.06884378 0.53764965]
2025-12-14 02:24:18,504 - INFO - num_full_subsets = 2
2025-12-14 02:24:18,558 - INFO - phi = [1.71354262e+00 4.48655370e-02 5.52685076e-02 7.41740171e-04]
2025-12-14 02:24:18,600 - INFO - num_full_subsets = 2
2025-12-14 02:24:18,654 - INFO - phi = [-1.31590693e+00  3.11585164e-01  3.72336242e-05 -3.10079827e-02]
2025-12-14 02:24:18,696 - INFO - num_full_subsets = 2
2025-12-14 02:24:18,750 - INFO - phi = [-1.04746846 -0.31358727  0.0298422  -0.29028726]
2025-12-14 02:24:18,792 - INFO - num_full_subsets = 2
2025-12-14 02:24:18,846 - INFO - phi = [-1.05868355 -0.45569005 -0.0144435  -0.39788437]
2025-12-14 02:24:18,889 - INFO - num_full_subsets = 2
2025-12-14 02:24:18,943 - INFO - phi = [ 1.3933851  -0.05423423  0.23255961  0.37971305]
2025-12-14 02:24:18,985 - INFO - num_full_subsets = 2
2025-12-14 02:24:19,039 - INFO - phi = [-0.76192236 -0.75414898 -0.00432528 -0.22249372]
2025-12-14 02:24:19,081 - INFO - num_full_subsets = 2
2025-12-14 02:24:19,135 - INFO - phi = [-0.27823772  0.69662158  0.00763621  0.50497274]
2025-12-14 02:24:19,178 - INFO - num_full_subsets = 2
2025-12-14 02:24:19,232 - INFO - phi = [2.37408695 0.20592874 0.02823394 0.46052161]
2025-12-14 02:24:19,274 - INFO - num_full_subsets = 2
2025-12-14 02:24:19,328 - INFO - phi = [-1.14540312 -0.42515304 -0.0624787  -0.20205262]
2025-12-14 02:24:19,370 - INFO - num_full_subsets = 2
2025-12-14 02:24:19,424 - INFO - phi = [-1.56817516  0.31080597 -0.018429    0.3844848 ]
2025-12-14 02:24:19,466 - INFO - num_full_subsets = 2
2025-12-14 02:24:19,520 - INFO - phi = [ 0.62617947 -0.08117402  0.03624084 -0.56930418]
2025-12-14 02:24:19,562 - INFO - num_full_subsets = 2
2025-12-14 02:24:19,616 - INFO - phi = [ 1.9040427   0.55634844 -0.04837468  0.5380002 ]
2025-12-14 02:24:19,658 - INFO - num_full_subsets = 2
2025-12-14 02:24:19,712 - INFO - phi = [ 0.47081502  0.45926134  0.14447646 -0.05580583]
2025-12-14 02:24:19,755 - INFO - num_full_subsets = 2
2025-12-14 02:24:19,809 - INFO - phi = [-0.88914913 -0.57948931 -0.01462462 -0.4114383 ]
2025-12-14 02:24:19,851 - INFO - num_full_subsets = 2
2025-12-14 02:24:19,905 - INFO - phi = [0.46642495 0.05744435 0.01671287 0.38814617]
2025-12-14 02:24:19,947 - INFO - num_full_subsets = 2
2025-12-14 02:24:20,001 - INFO - phi = [ 1.44467738  0.19042788 -0.27717386 -0.49247324]
2025-12-14 02:24:20,043 - INFO - num_full_subsets = 2
2025-12-14 02:24:20,097 - INFO - phi = [ 0.57939155 -0.06357226  0.15924649 -0.19366024]
2025-12-14 02:24:20,140 - INFO - num_full_subsets = 2
2025-12-14 02:24:20,194 - INFO - phi = [0.39144924 0.07954184 0.10093402 0.3320299 ]
2025-12-14 02:24:20,237 - INFO - num_full_subsets = 2
2025-12-14 02:24:20,292 - INFO - phi = [-1.60022164  0.54273636 -0.03306352  0.43611309]
2025-12-14 02:24:20,335 - INFO - num_full_subsets = 2
2025-12-14 02:24:20,389 - INFO - phi = [0.3876402  0.48376652 0.00432372 0.09851445]
2025-12-14 02:24:20,431 - INFO - num_full_subsets = 2
2025-12-14 02:24:20,485 - INFO - phi = [-0.83619708  0.4379758  -0.04168872 -0.12723982]
2025-12-14 02:24:20,527 - INFO - num_full_subsets = 2
2025-12-14 02:24:20,582 - INFO - phi = [ 0.4831739  -0.34819275  0.21584549  0.48210179]
2025-12-14 02:24:20,624 - INFO - num_full_subsets = 2
2025-12-14 02:24:20,678 - INFO - phi = [1.97812421 0.83634873 0.15704265 0.52791203]
2025-12-14 02:24:20,720 - INFO - num_full_subsets = 2
2025-12-14 02:24:20,774 - INFO - phi = [-0.67838958 -0.59030383 -0.19340608 -0.20097905]
2025-12-14 02:24:20,816 - INFO - num_full_subsets = 2
2025-12-14 02:24:20,870 - INFO - phi = [-0.48743666 -0.70634132 -0.02713422  0.17425561]
2025-12-14 02:24:20,912 - INFO - num_full_subsets = 2
2025-12-14 02:24:20,966 - INFO - phi = [-0.83275719  0.59795139  0.0431496   0.16104251]
2025-12-14 02:24:21,008 - INFO - num_full_subsets = 2
2025-12-14 02:24:21,063 - INFO - phi = [-1.31756325 -0.47505691 -0.01946122  0.09673939]
2025-12-14 02:24:21,106 - INFO - num_full_subsets = 2
2025-12-14 02:24:21,160 - INFO - phi = [-0.99193323 -0.57580134 -0.01334041 -0.18100861]
2025-12-14 02:24:21,202 - INFO - num_full_subsets = 2
2025-12-14 02:24:21,257 - INFO - phi = [-0.42548422  0.17868765 -0.53427783  0.41991765]
2025-12-14 02:24:21,299 - INFO - num_full_subsets = 2
2025-12-14 02:24:21,352 - INFO - phi = [ 0.80983704 -0.73707153 -0.02577688 -0.32365924]
2025-12-14 02:24:21,394 - INFO - num_full_subsets = 2
2025-12-14 02:24:21,448 - INFO - phi = [-1.18975388 -0.35181362 -0.18103151  0.36286791]
2025-12-14 02:24:21,491 - INFO - num_full_subsets = 2
2025-12-14 02:24:21,545 - INFO - phi = [0.46642495 0.05744435 0.01671287 0.38814617]
2025-12-14 02:24:21,586 - INFO - num_full_subsets = 2
2025-12-14 02:24:21,640 - INFO - phi = [-1.36782485 -0.37079005 -0.05172758  0.02066642]
2025-12-14 02:24:21,682 - INFO - num_full_subsets = 2
2025-12-14 02:24:21,737 - INFO - phi = [ 1.25375927 -0.09050817 -0.03523771  0.32393186]
2025-12-14 02:24:21,778 - INFO - num_full_subsets = 2
2025-12-14 02:24:21,832 - INFO - phi = [ 1.90102062  0.64713277  0.09662273 -0.21879681]
2025-12-14 02:24:21,875 - INFO - num_full_subsets = 2
2025-12-14 02:24:21,929 - INFO - phi = [-0.90875884 -0.63269841 -0.00158047  0.42334911]
2025-12-14 02:24:21,971 - INFO - num_full_subsets = 2
2025-12-14 02:24:22,025 - INFO - phi = [ 1.30978012  0.12210272 -0.06378577  0.46041733]
2025-12-14 02:24:22,068 - INFO - num_full_subsets = 2
2025-12-14 02:24:22,122 - INFO - phi = [-1.41181432 -0.45736824  0.00143643  0.18338808]
2025-12-14 02:24:22,165 - INFO - num_full_subsets = 2
2025-12-14 02:24:22,219 - INFO - phi = [ 0.32272787  0.5760873   0.14635213 -0.49152403]
2025-12-14 02:24:22,261 - INFO - num_full_subsets = 2
2025-12-14 02:24:22,315 - INFO - phi = [-4.25788526e-01 -7.44297784e-01  6.91530507e-04  1.70187505e-01]
2025-12-14 02:24:22,357 - INFO - num_full_subsets = 2
2025-12-14 02:24:22,411 - INFO - phi = [-0.66842934  0.12133272 -0.02429837  0.33667528]
2025-12-14 02:24:22,454 - INFO - num_full_subsets = 2
2025-12-14 02:24:22,508 - INFO - phi = [ 0.32479754  0.66398016  0.23107328 -0.52716158]
2025-12-14 02:24:22,550 - INFO - num_full_subsets = 2
2025-12-14 02:24:22,604 - INFO - phi = [-0.32983144 -0.42759485  0.45157792 -0.2642195 ]
2025-12-14 02:24:22,646 - INFO - num_full_subsets = 2
2025-12-14 02:24:22,700 - INFO - phi = [ 0.37700699  0.05462628 -0.0318129  -0.18394419]
2025-12-14 02:24:22,742 - INFO - num_full_subsets = 2
2025-12-14 02:24:22,796 - INFO - phi = [-0.57681233 -0.67473554  0.00944678 -0.55497877]
2025-12-14 02:24:22,838 - INFO - num_full_subsets = 2
2025-12-14 02:24:22,893 - INFO - phi = [-1.36349016 -0.44281452 -0.02211286  0.11286499]
2025-12-14 02:24:22,935 - INFO - num_full_subsets = 2
2025-12-14 02:24:22,989 - INFO - phi = [ 0.33010437  0.43141363  0.02544651 -0.39289484]
2025-12-14 02:24:23,031 - INFO - num_full_subsets = 2
2025-12-14 02:24:23,085 - INFO - phi = [ 0.4938205   0.1728084  -0.00610333  0.45757934]
2025-12-14 02:24:23,127 - INFO - num_full_subsets = 2
2025-12-14 02:24:23,181 - INFO - phi = [ 0.34058361  0.53307197  0.17751079 -0.40550101]
2025-12-14 02:24:23,224 - INFO - num_full_subsets = 2
2025-12-14 02:24:23,278 - INFO - phi = [ 1.00308293 -0.16836117 -0.09576975  0.14566538]
2025-12-14 02:24:23,320 - INFO - num_full_subsets = 2
2025-12-14 02:24:23,374 - INFO - phi = [ 1.28163766 -0.0338193   0.19705718  0.49622709]
2025-12-14 02:24:23,416 - INFO - num_full_subsets = 2
2025-12-14 02:24:23,471 - INFO - phi = [-1.17356463 -0.3215995  -0.31329711  0.44287744]
2025-12-14 02:24:23,513 - INFO - num_full_subsets = 2
2025-12-14 02:24:23,567 - INFO - phi = [ 0.25081671  0.42578649  0.21560131 -0.15325753]
2025-12-14 02:24:23,610 - INFO - num_full_subsets = 2
2025-12-14 02:24:23,665 - INFO - phi = [ 0.36850206  0.68394429  0.19572277 -0.3927507 ]
2025-12-14 02:24:23,707 - INFO - num_full_subsets = 2
2025-12-14 02:24:23,761 - INFO - phi = [-0.89988392 -0.37354694 -0.12148391  0.47975144]
2025-12-14 02:24:23,803 - INFO - num_full_subsets = 2
2025-12-14 02:24:23,857 - INFO - phi = [-1.16538143 -0.48519907 -0.02877992 -0.18040113]
2025-12-14 02:24:23,899 - INFO - num_full_subsets = 2
2025-12-14 02:24:23,953 - INFO - phi = [-1.61791096  0.44321541 -0.01557986  0.08201808]
2025-12-14 02:24:23,996 - INFO - num_full_subsets = 2
2025-12-14 02:24:24,050 - INFO - phi = [-1.53850044  0.03036811 -0.00341593  0.03669969]
2025-12-14 02:24:24,093 - INFO - num_full_subsets = 2
2025-12-14 02:24:24,147 - INFO - phi = [ 1.28176366  0.07839911 -0.03994875 -0.09570204]
2025-12-14 02:24:24,190 - INFO - num_full_subsets = 2
2025-12-14 02:24:24,245 - INFO - phi = [ 0.26160829  0.35341591  0.14976099 -0.788237  ]
2025-12-14 02:24:24,288 - INFO - num_full_subsets = 2
2025-12-14 02:24:24,342 - INFO - phi = [ 0.50063033  0.0431491  -0.00260353  0.34396508]
2025-12-14 02:24:24,383 - INFO - num_full_subsets = 2
2025-12-14 02:24:24,437 - INFO - phi = [ 2.07229571  0.57950036 -0.03242693  0.29269323]
2025-12-14 02:24:24,479 - INFO - num_full_subsets = 2
2025-12-14 02:24:24,533 - INFO - phi = [-1.00985407 -0.58321111 -0.01380466  0.13178747]
2025-12-14 02:24:24,576 - INFO - num_full_subsets = 2
2025-12-14 02:24:24,629 - INFO - phi = [ 0.59498852  0.04967819 -0.11037319  0.51447   ]
2025-12-14 02:24:24,671 - INFO - num_full_subsets = 2
2025-12-14 02:24:24,725 - INFO - phi = [0.04336788 0.55294283 0.0834502  0.06322247]
2025-12-14 02:24:24,767 - INFO - num_full_subsets = 2
2025-12-14 02:24:24,821 - INFO - phi = [-1.13018121 -0.48192024  0.04833732 -0.26269844]
2025-12-14 02:24:24,863 - INFO - num_full_subsets = 2
2025-12-14 02:24:24,917 - INFO - phi = [-0.86111584 -0.41796371 -0.06415575 -0.16891068]
2025-12-14 02:24:24,959 - INFO - num_full_subsets = 2
2025-12-14 02:24:25,014 - INFO - phi = [-0.79396712 -0.65409964  0.00231549 -0.27414125]
2025-12-14 02:24:25,056 - INFO - num_full_subsets = 2
2025-12-14 02:24:25,110 - INFO - phi = [1.64440473 0.60198003 0.06064858 0.5740487 ]
2025-12-14 02:24:25,152 - INFO - num_full_subsets = 2
2025-12-14 02:24:25,206 - INFO - phi = [-0.46415521  0.37419492 -0.00791528  0.40555456]
2025-12-14 02:24:25,248 - INFO - num_full_subsets = 2
2025-12-14 02:24:25,302 - INFO - phi = [ 0.34809131  0.65816749 -0.05643659 -0.08178326]
2025-12-14 02:24:25,345 - INFO - num_full_subsets = 2
2025-12-14 02:24:25,399 - INFO - phi = [ 1.16948758  0.48686133 -0.58982717 -0.087809  ]
2025-12-14 02:24:25,441 - INFO - num_full_subsets = 2
2025-12-14 02:24:25,495 - INFO - phi = [1.34918247 0.11348862 0.07809454 0.36228897]
2025-12-14 02:24:25,538 - INFO - num_full_subsets = 2
2025-12-14 02:24:25,592 - INFO - phi = [-0.31660535 -0.28350635 -0.030221    0.30050212]
2025-12-14 02:24:25,633 - INFO - num_full_subsets = 2
2025-12-14 02:24:25,687 - INFO - phi = [-0.76996254 -0.68253861  0.01817206 -0.37267362]
2025-12-14 02:24:25,729 - INFO - num_full_subsets = 2
2025-12-14 02:24:25,783 - INFO - phi = [ 0.52308349  0.15065055 -0.0085981   0.33545028]
2025-12-14 02:24:25,825 - INFO - num_full_subsets = 2
2025-12-14 02:24:25,879 - INFO - phi = [ 0.38173717 -0.0457782   0.13974296 -0.80695716]
2025-12-14 02:24:25,922 - INFO - num_full_subsets = 2
2025-12-14 02:24:25,976 - INFO - phi = [-1.11401279 -0.49181187 -0.03017879 -0.27769964]
2025-12-14 02:24:26,019 - INFO - num_full_subsets = 2
2025-12-14 02:24:26,073 - INFO - phi = [ 0.56821744 -0.48558102  0.29494538 -0.86199506]
2025-12-14 02:24:26,116 - INFO - num_full_subsets = 2
2025-12-14 02:24:26,170 - INFO - phi = [-0.95738743 -0.49067885 -0.12813526  0.3800883 ]
2025-12-14 02:24:26,212 - INFO - num_full_subsets = 2
2025-12-14 02:24:26,266 - INFO - phi = [1.64047577 0.53303273 0.19210998 0.2463952 ]
2025-12-14 02:24:26,308 - INFO - num_full_subsets = 2
2025-12-14 02:24:26,362 - INFO - phi = [0.89732934 0.90497412 0.10363541 0.68701698]
2025-12-14 02:24:26,404 - INFO - num_full_subsets = 2
2025-12-14 02:24:26,458 - INFO - phi = [-0.72814979 -0.55856921  0.0027968  -0.38026716]
2025-12-14 02:24:26,501 - INFO - num_full_subsets = 2
2025-12-14 02:24:26,555 - INFO - phi = [0.43680408 0.45816074 0.26105197 0.38716952]
2025-12-14 02:24:26,597 - INFO - num_full_subsets = 2
2025-12-14 02:24:26,651 - INFO - phi = [-1.29022296  0.38752418 -0.21928122 -0.06394995]
2025-12-14 02:24:26,693 - INFO - num_full_subsets = 2
2025-12-14 02:24:26,747 - INFO - phi = [-0.92002452 -0.30872671 -0.00330261  0.05353283]
2025-12-14 02:24:26,788 - INFO - num_full_subsets = 2
2025-12-14 02:24:26,843 - INFO - phi = [-0.90875884 -0.63269841 -0.00158047  0.42334911]
2025-12-14 02:24:26,885 - INFO - num_full_subsets = 2
2025-12-14 02:24:26,939 - INFO - phi = [ 1.62297665e+00 -7.70451948e-04  6.13902647e-02  3.97387849e-01]
2025-12-14 02:24:26,981 - INFO - num_full_subsets = 2
2025-12-14 02:24:27,036 - INFO - phi = [ 0.74314163 -0.45743931  0.04155416 -0.82301801]
2025-12-14 02:24:27,078 - INFO - num_full_subsets = 2
2025-12-14 02:24:27,132 - INFO - phi = [1.62586031 0.53034856 0.00508287 0.41016322]
2025-12-14 02:24:27,173 - INFO - num_full_subsets = 2
2025-12-14 02:24:27,227 - INFO - phi = [ 0.47094082  0.48427417 -0.03013263  0.14549941]
2025-12-14 02:24:27,270 - INFO - num_full_subsets = 2
2025-12-14 02:24:27,323 - INFO - phi = [ 1.30978012  0.12210272 -0.06378577  0.46041733]
2025-12-14 02:24:27,365 - INFO - num_full_subsets = 2
2025-12-14 02:24:27,419 - INFO - phi = [ 0.53269568  0.00509919 -0.04893542  0.57239912]
2025-12-14 02:24:27,461 - INFO - num_full_subsets = 2
2025-12-14 02:24:27,515 - INFO - phi = [ 0.13098857  1.6926253  -0.02164646  0.14500648]
2025-12-14 02:24:27,558 - INFO - num_full_subsets = 2
2025-12-14 02:24:27,612 - INFO - phi = [-0.83478002 -0.68999652  0.01212585  0.4036521 ]
2025-12-14 02:24:27,654 - INFO - num_full_subsets = 2
2025-12-14 02:24:27,708 - INFO - phi = [1.77426374 0.62748727 0.16450923 0.61995319]
2025-12-14 02:24:27,751 - INFO - num_full_subsets = 2
2025-12-14 02:24:27,805 - INFO - phi = [1.79737798 0.14389398 0.07753665 0.33165968]
2025-12-14 02:24:27,847 - INFO - num_full_subsets = 2
2025-12-14 02:24:27,901 - INFO - phi = [-1.05264983 -0.42600164 -0.02260348 -0.40519766]
2025-12-14 02:24:27,943 - INFO - num_full_subsets = 2
2025-12-14 02:24:27,998 - INFO - phi = [ 1.76417778 -0.23506329  0.14997182  0.46991618]
2025-12-14 02:24:28,040 - INFO - num_full_subsets = 2
2025-12-14 02:24:28,095 - INFO - phi = [-0.71109597 -0.60224016  0.01644744 -0.49075144]
2025-12-14 02:24:28,138 - INFO - num_full_subsets = 2
2025-12-14 02:24:28,192 - INFO - phi = [0.43435049 0.58598094 0.0064345  0.12319134]
2025-12-14 02:24:28,234 - INFO - num_full_subsets = 2
2025-12-14 02:24:28,288 - INFO - phi = [-1.25045438  0.25802969  0.01764484 -0.26492506]
2025-12-14 02:24:28,330 - INFO - num_full_subsets = 2
2025-12-14 02:24:28,384 - INFO - phi = [-0.75159818 -0.71818691  0.01560812 -0.1170463 ]
2025-12-14 02:24:28,427 - INFO - num_full_subsets = 2
2025-12-14 02:24:28,481 - INFO - phi = [-1.24560912e+00 -4.22867629e-01 -1.80945959e-05 -9.11631611e-02]
2025-12-14 02:24:28,524 - INFO - num_full_subsets = 2
2025-12-14 02:24:28,578 - INFO - phi = [-0.66842934  0.12133272 -0.02429837  0.33667528]
2025-12-14 02:24:28,621 - INFO - num_full_subsets = 2
2025-12-14 02:24:28,676 - INFO - phi = [-1.27652404  0.56367162 -0.21020329  0.27755711]
2025-12-14 02:24:28,718 - INFO - num_full_subsets = 2
2025-12-14 02:24:28,772 - INFO - phi = [1.62586031 0.53034856 0.00508287 0.41016322]
2025-12-14 02:24:28,814 - INFO - num_full_subsets = 2
2025-12-14 02:24:28,868 - INFO - phi = [-0.88140427 -0.54442125  0.00107673 -0.21494169]
2025-12-14 02:24:28,910 - INFO - num_full_subsets = 2
2025-12-14 02:24:28,964 - INFO - phi = [-0.57962291 -0.8018253   0.00255112 -0.26378005]
2025-12-14 02:24:29,007 - INFO - num_full_subsets = 2
2025-12-14 02:24:29,061 - INFO - phi = [0.43618866 0.23346816 0.04172371 0.39645696]
2025-12-14 02:24:29,104 - INFO - num_full_subsets = 2
2025-12-14 02:24:29,158 - INFO - phi = [-0.55285846 -0.78558238  0.00377086 -0.51539015]
2025-12-14 02:24:29,661 - INFO - Computing feature importance...
2025-12-14 02:24:36,281 - INFO - Experiment completed for NGBoost
2025-12-14 02:24:36,282 - INFO - Total time: 287.80s (4.80 min)
2025-12-14 02:24:36,282 - INFO - Starting comprehensive experiment for NGBoost
2025-12-14 02:24:45,300 - INFO - Performing feature analysis...
2025-12-14 02:24:46,492 - INFO - Model justification: Probabilistic forecasting with natural gradient boosting, provides uncertainty quantification
2025-12-14 02:24:46,492 - INFO - Performing robust cross-validation...
2025-12-14 02:25:25,041 - INFO - CV Results - MSE: 0.7441 ± 0.1612
2025-12-14 02:25:25,041 - INFO - Starting hyperparameter optimization...
2025-12-14 02:28:57,168 - INFO - Best parameters for NGBoost: {'n_estimators': 182, 'learning_rate': 0.04269431020185704, 'minibatch_frac': 0.3836043146299206, 'natural_gradient': True}
2025-12-14 02:28:57,168 - INFO - ⏱️ HPO took 212.13 seconds
2025-12-14 02:28:57,168 - INFO - Training final model...
2025-12-14 02:28:57,985 - INFO - ⏱️ Training took 0.82 seconds
2025-12-14 02:28:57,985 - INFO - Performing residual analysis...
2025-12-14 02:28:59,024 - INFO - Generating XAI explanations...
2025-12-14 02:28:59,048 - WARNING - Using 168 background data samples could cause slower run times. Consider using shap.sample(data, K) or shap.kmeans(data, K) to summarize the background as K samples.
2025-12-14 02:28:59,085 - INFO - num_full_subsets = 2
2025-12-14 02:28:59,129 - INFO - phi = [ 0.11838462  0.69080469  0.12294557 -0.7962778 ]
2025-12-14 02:28:59,167 - INFO - num_full_subsets = 2
2025-12-14 02:28:59,211 - INFO - phi = [-0.998971   -0.66390716 -0.05077289 -0.21391893]
2025-12-14 02:28:59,249 - INFO - num_full_subsets = 2
2025-12-14 02:28:59,293 - INFO - phi = [-1.51272692 -0.43904801 -0.05161214 -0.15721801]
2025-12-14 02:28:59,330 - INFO - num_full_subsets = 2
2025-12-14 02:28:59,374 - INFO - phi = [-1.35193398 -0.52266212  0.0747461  -0.03373737]
2025-12-14 02:28:59,411 - INFO - num_full_subsets = 2
2025-12-14 02:28:59,456 - INFO - phi = [ 0.31859885  0.08365258  0.17300151 -0.65480798]
2025-12-14 02:28:59,492 - INFO - num_full_subsets = 2
2025-12-14 02:28:59,537 - INFO - phi = [-1.50861162 -0.44614603 -0.0420108   0.22552967]
2025-12-14 02:28:59,574 - INFO - num_full_subsets = 2
2025-12-14 02:28:59,618 - INFO - phi = [0.55567365 0.1090943  0.22106572 0.39040517]
2025-12-14 02:28:59,654 - INFO - num_full_subsets = 2
2025-12-14 02:28:59,699 - INFO - phi = [-1.39345862 -0.52853794 -0.10074035  0.19316478]
2025-12-14 02:28:59,736 - INFO - num_full_subsets = 2
2025-12-14 02:28:59,780 - INFO - phi = [ 0.75680368  0.17179417 -0.21688922  0.30594496]
2025-12-14 02:28:59,816 - INFO - num_full_subsets = 2
2025-12-14 02:28:59,861 - INFO - phi = [-0.94812257  0.80577461  0.13239595  0.31722955]
2025-12-14 02:28:59,897 - INFO - num_full_subsets = 2
2025-12-14 02:28:59,941 - INFO - phi = [ 0.37361003 -0.42254935  0.05480982 -0.88813215]
2025-12-14 02:28:59,978 - INFO - num_full_subsets = 2
2025-12-14 02:29:00,023 - INFO - phi = [ 1.59736049 -0.58613211 -0.20438371  0.2705816 ]
2025-12-14 02:29:00,060 - INFO - num_full_subsets = 2
2025-12-14 02:29:00,104 - INFO - phi = [ 0.44384429  0.16812472  0.19725481 -0.69905275]
2025-12-14 02:29:00,142 - INFO - num_full_subsets = 2
2025-12-14 02:29:00,186 - INFO - phi = [1.81101081 0.16790811 0.09238469 0.38415956]
2025-12-14 02:29:00,223 - INFO - num_full_subsets = 2
2025-12-14 02:29:00,266 - INFO - phi = [-1.38015948 -0.0929537  -0.06765878 -0.29969222]
2025-12-14 02:29:00,303 - INFO - num_full_subsets = 2
2025-12-14 02:29:00,347 - INFO - phi = [ 0.39993648  0.04011374 -0.18917381  0.41169213]
2025-12-14 02:29:00,384 - INFO - num_full_subsets = 2
2025-12-14 02:29:00,428 - INFO - phi = [-0.69688421 -0.72906813 -0.04908789 -0.49390012]
2025-12-14 02:29:00,465 - INFO - num_full_subsets = 2
2025-12-14 02:29:00,509 - INFO - phi = [ 1.7747208   0.48990896 -0.00748713 -0.28324848]
2025-12-14 02:29:00,546 - INFO - num_full_subsets = 2
2025-12-14 02:29:00,590 - INFO - phi = [-1.27842077 -0.48821598  0.17526795 -0.13894583]
2025-12-14 02:29:00,627 - INFO - num_full_subsets = 2
2025-12-14 02:29:00,671 - INFO - phi = [ 2.03542827  0.81886965 -0.08932437  0.52748335]
2025-12-14 02:29:00,708 - INFO - num_full_subsets = 2
2025-12-14 02:29:00,752 - INFO - phi = [1.91942649 0.87294283 0.15623015 0.57991383]
2025-12-14 02:29:00,788 - INFO - num_full_subsets = 2
2025-12-14 02:29:00,833 - INFO - phi = [-1.10197286 -0.47614181 -0.07652055 -0.35244989]
2025-12-14 02:29:00,870 - INFO - num_full_subsets = 2
2025-12-14 02:29:00,914 - INFO - phi = [ 0.60728566 -0.49371859 -0.30185733  0.02953894]
2025-12-14 02:29:00,950 - INFO - num_full_subsets = 2
2025-12-14 02:29:00,995 - INFO - phi = [ 1.51404005  0.14247936 -0.02327389 -0.69664772]
2025-12-14 02:29:01,032 - INFO - num_full_subsets = 2
2025-12-14 02:29:01,077 - INFO - phi = [-0.75240069 -0.69524583  0.09657105 -0.39435603]
2025-12-14 02:29:01,114 - INFO - num_full_subsets = 2
2025-12-14 02:29:01,159 - INFO - phi = [ 0.33109101  0.47839844  0.04985507 -0.45796543]
2025-12-14 02:29:01,196 - INFO - num_full_subsets = 2
2025-12-14 02:29:01,241 - INFO - phi = [0.28349218 2.06427375 0.13055497 0.17269372]
2025-12-14 02:29:01,278 - INFO - num_full_subsets = 2
2025-12-14 02:29:01,322 - INFO - phi = [-0.73420834  1.84283692 -0.13777034 -0.33492804]
2025-12-14 02:29:01,359 - INFO - num_full_subsets = 2
2025-12-14 02:29:01,403 - INFO - phi = [0.67118998 0.02198009 0.2350409  0.28081671]
2025-12-14 02:29:01,440 - INFO - num_full_subsets = 2
2025-12-14 02:29:01,484 - INFO - phi = [-0.62007376 -0.730308    0.01511535 -0.50298983]
2025-12-14 02:29:01,521 - INFO - num_full_subsets = 2
2025-12-14 02:29:01,565 - INFO - phi = [-0.69005685 -0.79752674  0.01951819 -0.44607308]
2025-12-14 02:29:01,601 - INFO - num_full_subsets = 2
2025-12-14 02:29:01,645 - INFO - phi = [-0.3415649   0.08068907 -0.05206613  0.37489235]
2025-12-14 02:29:01,681 - INFO - num_full_subsets = 2
2025-12-14 02:29:01,726 - INFO - phi = [ 0.44765713  0.15122809 -0.05303816  0.39792713]
2025-12-14 02:29:01,763 - INFO - num_full_subsets = 2
2025-12-14 02:29:01,807 - INFO - phi = [-0.66028854 -0.65454318  0.01274535  0.76821196]
2025-12-14 02:29:01,845 - INFO - num_full_subsets = 2
2025-12-14 02:29:01,889 - INFO - phi = [-1.71105562  0.47174309 -0.13270747  0.09323761]
2025-12-14 02:29:01,927 - INFO - num_full_subsets = 2
2025-12-14 02:29:01,971 - INFO - phi = [ 0.48803069  0.62092837 -0.22762151  0.15978054]
2025-12-14 02:29:02,009 - INFO - num_full_subsets = 2
2025-12-14 02:29:02,053 - INFO - phi = [-1.59775419 -0.3150201  -0.11441788  0.16814428]
2025-12-14 02:29:02,090 - INFO - num_full_subsets = 2
2025-12-14 02:29:02,134 - INFO - phi = [-1.0252077  -0.7526828  -0.02863315  0.28557888]
2025-12-14 02:29:02,171 - INFO - num_full_subsets = 2
2025-12-14 02:29:02,215 - INFO - phi = [-0.87007942 -0.68193888 -0.19081728  0.15354263]
2025-12-14 02:29:02,252 - INFO - num_full_subsets = 2
2025-12-14 02:29:02,296 - INFO - phi = [ 0.35025734  0.52206554  0.14301021 -0.19670264]
2025-12-14 02:29:02,333 - INFO - num_full_subsets = 2
2025-12-14 02:29:02,377 - INFO - phi = [ 0.52892162 -0.03644108  0.09963991  0.4475387 ]
2025-12-14 02:29:02,414 - INFO - num_full_subsets = 2
2025-12-14 02:29:02,457 - INFO - phi = [-0.36488844 -0.28503436 -0.21071097  0.21062079]
2025-12-14 02:29:02,494 - INFO - num_full_subsets = 2
2025-12-14 02:29:02,538 - INFO - phi = [ 1.85394744  0.5104777  -0.06698844  0.40666194]
2025-12-14 02:29:02,575 - INFO - num_full_subsets = 2
2025-12-14 02:29:02,619 - INFO - phi = [-0.9808109  -0.57149728  0.00236587 -0.13846671]
2025-12-14 02:29:02,655 - INFO - num_full_subsets = 2
2025-12-14 02:29:02,699 - INFO - phi = [-1.11781378 -0.53398594 -0.02146704 -0.38572083]
2025-12-14 02:29:02,735 - INFO - num_full_subsets = 2
2025-12-14 02:29:02,779 - INFO - phi = [-1.46423181  0.1250418  -0.21125012  0.27786284]
2025-12-14 02:29:02,816 - INFO - num_full_subsets = 2
2025-12-14 02:29:02,860 - INFO - phi = [-1.48151294 -0.58959583 -0.04286108  0.12651541]
2025-12-14 02:29:02,897 - INFO - num_full_subsets = 2
2025-12-14 02:29:02,941 - INFO - phi = [ 1.91861681 -0.22579556  0.1452915   0.40571425]
2025-12-14 02:29:02,979 - INFO - num_full_subsets = 2
2025-12-14 02:29:03,023 - INFO - phi = [1.92328633 0.08108412 0.13849973 0.527211  ]
2025-12-14 02:29:03,060 - INFO - num_full_subsets = 2
2025-12-14 02:29:03,104 - INFO - phi = [ 1.52871684  0.52092321 -0.13941727  0.57890654]
2025-12-14 02:29:03,142 - INFO - num_full_subsets = 2
2025-12-14 02:29:03,186 - INFO - phi = [ 0.97587019 -0.68760668  0.28461433 -0.98013726]
2025-12-14 02:29:03,223 - INFO - num_full_subsets = 2
2025-12-14 02:29:03,266 - INFO - phi = [ 0.43695019  0.46310063 -0.11684287  0.29108286]
2025-12-14 02:29:03,304 - INFO - num_full_subsets = 2
2025-12-14 02:29:03,348 - INFO - phi = [0.55955673 0.41847864 0.19871822 0.43568028]
2025-12-14 02:29:03,384 - INFO - num_full_subsets = 2
2025-12-14 02:29:03,428 - INFO - phi = [-1.45927181 -0.48596998 -0.06802829  0.12786329]
2025-12-14 02:29:03,465 - INFO - num_full_subsets = 2
2025-12-14 02:29:03,509 - INFO - phi = [0.91892203 0.01980295 0.18048823 0.41260498]
2025-12-14 02:29:03,546 - INFO - num_full_subsets = 2
2025-12-14 02:29:03,590 - INFO - phi = [-0.76842403 -0.1213447   0.00888074 -0.25999224]
2025-12-14 02:29:03,627 - INFO - num_full_subsets = 2
2025-12-14 02:29:03,671 - INFO - phi = [ 0.21380318  0.32409558 -0.32211387  0.0634551 ]
2025-12-14 02:29:03,708 - INFO - num_full_subsets = 2
2025-12-14 02:29:03,751 - INFO - phi = [-1.67033874  0.45926672 -0.10325055  0.17110852]
2025-12-14 02:29:03,788 - INFO - num_full_subsets = 2
2025-12-14 02:29:03,833 - INFO - phi = [ 0.5912847  -0.04663926  0.13214453  0.40878394]
2025-12-14 02:29:03,870 - INFO - num_full_subsets = 2
2025-12-14 02:29:03,915 - INFO - phi = [ 1.49846727 -0.17355386 -0.24323773  0.10133178]
2025-12-14 02:29:03,952 - INFO - num_full_subsets = 2
2025-12-14 02:29:03,996 - INFO - phi = [-0.83457145 -0.69636384 -0.09106108 -0.13397766]
2025-12-14 02:29:04,033 - INFO - num_full_subsets = 2
2025-12-14 02:29:04,077 - INFO - phi = [ 2.13181185  0.16019079 -0.10104192  0.44343922]
2025-12-14 02:29:04,115 - INFO - num_full_subsets = 2
2025-12-14 02:29:04,159 - INFO - phi = [-1.19157412 -0.55767052  0.02340364 -0.30717723]
2025-12-14 02:29:04,196 - INFO - num_full_subsets = 2
2025-12-14 02:29:04,241 - INFO - phi = [ 0.44417577 -0.73414892  0.34059573 -0.81412248]
2025-12-14 02:29:04,278 - INFO - num_full_subsets = 2
2025-12-14 02:29:04,321 - INFO - phi = [ 2.10992616  0.90608522 -0.04114969  0.13594873]
2025-12-14 02:29:04,358 - INFO - num_full_subsets = 2
2025-12-14 02:29:04,402 - INFO - phi = [2.25316738 0.41592349 0.04128412 0.34038277]
2025-12-14 02:29:04,439 - INFO - num_full_subsets = 2
2025-12-14 02:29:04,484 - INFO - phi = [ 1.16004     0.66061686  0.20737805 -0.87023947]
2025-12-14 02:29:04,521 - INFO - num_full_subsets = 2
2025-12-14 02:29:04,565 - INFO - phi = [1.68830492 0.22317274 0.09770695 0.35254013]
2025-12-14 02:29:04,602 - INFO - num_full_subsets = 2
2025-12-14 02:29:04,646 - INFO - phi = [-1.05422317 -0.54372053  0.00799429 -0.31267358]
2025-12-14 02:29:04,683 - INFO - num_full_subsets = 2
2025-12-14 02:29:04,727 - INFO - phi = [-0.91218808 -0.70314372  0.02141632 -0.14868699]
2025-12-14 02:29:04,764 - INFO - num_full_subsets = 2
2025-12-14 02:29:04,808 - INFO - phi = [ 0.39113205  0.01906711 -0.18842706  0.36170828]
2025-12-14 02:29:04,845 - INFO - num_full_subsets = 2
2025-12-14 02:29:04,888 - INFO - phi = [ 0.86250657 -0.00311335  0.15217143  0.06523577]
2025-12-14 02:29:04,925 - INFO - num_full_subsets = 2
2025-12-14 02:29:04,969 - INFO - phi = [-1.06897109 -0.46530532 -0.06972378 -0.3568011 ]
2025-12-14 02:29:05,006 - INFO - num_full_subsets = 2
2025-12-14 02:29:05,050 - INFO - phi = [-0.05466317  0.19250579  0.1454514  -0.74286113]
2025-12-14 02:29:05,087 - INFO - num_full_subsets = 2
2025-12-14 02:29:05,131 - INFO - phi = [0.40899892 0.13064685 0.09689651 0.46154196]
2025-12-14 02:29:05,167 - INFO - num_full_subsets = 2
2025-12-14 02:29:05,211 - INFO - phi = [-0.87796858 -0.64129873  0.10772283 -0.39583833]
2025-12-14 02:29:05,248 - INFO - num_full_subsets = 2
2025-12-14 02:29:05,292 - INFO - phi = [1.63696445 0.42748152 0.16775048 0.43519248]
2025-12-14 02:29:05,329 - INFO - num_full_subsets = 2
2025-12-14 02:29:05,373 - INFO - phi = [-0.90720128 -0.7282248   0.00174871 -0.35542471]
2025-12-14 02:29:05,410 - INFO - num_full_subsets = 2
2025-12-14 02:29:05,454 - INFO - phi = [ 0.44529009  0.57726615  0.18718148 -0.83064384]
2025-12-14 02:29:05,491 - INFO - num_full_subsets = 2
2025-12-14 02:29:05,535 - INFO - phi = [ 0.21175377 -0.02618227  0.10633546 -0.6816298 ]
2025-12-14 02:29:05,572 - INFO - num_full_subsets = 2
2025-12-14 02:29:05,616 - INFO - phi = [-1.37997918  0.51143893 -0.26615013  0.07955663]
2025-12-14 02:29:05,653 - INFO - num_full_subsets = 2
2025-12-14 02:29:05,697 - INFO - phi = [ 0.52431185 -0.72538647  0.33422131 -0.84029281]
2025-12-14 02:29:05,734 - INFO - num_full_subsets = 2
2025-12-14 02:29:05,778 - INFO - phi = [-0.02816497  0.53751705 -0.17188738  0.19999134]
2025-12-14 02:29:05,815 - INFO - num_full_subsets = 2
2025-12-14 02:29:05,859 - INFO - phi = [-0.35376586 -0.75311443  0.02994003 -0.63454894]
2025-12-14 02:29:05,895 - INFO - num_full_subsets = 2
2025-12-14 02:29:05,939 - INFO - phi = [ 0.3398641   0.07940753  0.06769829 -0.19390497]
2025-12-14 02:29:05,976 - INFO - num_full_subsets = 2
2025-12-14 02:29:06,020 - INFO - phi = [-1.01399879 -0.75875966 -0.07410722 -0.17776923]
2025-12-14 02:29:06,057 - INFO - num_full_subsets = 2
2025-12-14 02:29:06,101 - INFO - phi = [-1.08984204 -0.49754112 -0.05495864 -0.02030866]
2025-12-14 02:29:06,138 - INFO - num_full_subsets = 2
2025-12-14 02:29:06,182 - INFO - phi = [1.94480632 0.02965921 0.09687855 0.41652315]
2025-12-14 02:29:06,220 - INFO - num_full_subsets = 2
2025-12-14 02:29:06,264 - INFO - phi = [-1.11804738 -0.49901495 -0.08231984 -0.30791595]
2025-12-14 02:29:06,301 - INFO - num_full_subsets = 2
2025-12-14 02:29:06,344 - INFO - phi = [-1.6747061   0.50908834 -0.10429952  0.16549716]
2025-12-14 02:29:06,382 - INFO - num_full_subsets = 2
2025-12-14 02:29:06,426 - INFO - phi = [ 0.86458749  0.21084025 -0.15548876  0.39626709]
2025-12-14 02:29:06,462 - INFO - num_full_subsets = 2
2025-12-14 02:29:06,507 - INFO - phi = [ 0.49421872 -0.03539504 -0.0951965   0.43154076]
2025-12-14 02:29:06,544 - INFO - num_full_subsets = 2
2025-12-14 02:29:06,588 - INFO - phi = [ 0.19852133  0.68623221  0.17804614 -0.83923682]
2025-12-14 02:29:06,624 - INFO - num_full_subsets = 2
2025-12-14 02:29:06,668 - INFO - phi = [-1.20266696 -0.47377288 -0.03956294 -0.2245287 ]
2025-12-14 02:29:06,705 - INFO - num_full_subsets = 2
2025-12-14 02:29:06,749 - INFO - phi = [-1.38342838  0.55667131 -0.31859791  0.31411944]
2025-12-14 02:29:06,786 - INFO - num_full_subsets = 2
2025-12-14 02:29:06,830 - INFO - phi = [-1.51795103 -0.05247652 -0.03724355 -0.14453086]
2025-12-14 02:29:06,867 - INFO - num_full_subsets = 2
2025-12-14 02:29:06,911 - INFO - phi = [ 1.15200162  0.71521393 -0.08753866  0.37082554]
2025-12-14 02:29:06,947 - INFO - num_full_subsets = 2
2025-12-14 02:29:06,991 - INFO - phi = [0.51553753 0.52602704 0.22492539 0.36677805]
2025-12-14 02:29:07,028 - INFO - num_full_subsets = 2
2025-12-14 02:29:07,072 - INFO - phi = [1.59591874 0.65676959 0.11068902 0.44304364]
2025-12-14 02:29:07,108 - INFO - num_full_subsets = 2
2025-12-14 02:29:07,152 - INFO - phi = [0.56329814 0.42023805 0.23886066 0.1459653 ]
2025-12-14 02:29:07,189 - INFO - num_full_subsets = 2
2025-12-14 02:29:07,233 - INFO - phi = [ 0.57960551 -0.11424506 -0.27463949  0.44833002]
2025-12-14 02:29:07,270 - INFO - num_full_subsets = 2
2025-12-14 02:29:07,314 - INFO - phi = [-0.62875842  0.10115987 -0.13421212  0.68263532]
2025-12-14 02:29:07,350 - INFO - num_full_subsets = 2
2025-12-14 02:29:07,394 - INFO - phi = [ 0.3703554   0.58135376  0.22456987 -0.36997657]
2025-12-14 02:29:07,431 - INFO - num_full_subsets = 2
2025-12-14 02:29:07,475 - INFO - phi = [ 0.18292081 -0.03896579 -0.03118452 -0.78841195]
2025-12-14 02:29:07,512 - INFO - num_full_subsets = 2
2025-12-14 02:29:07,556 - INFO - phi = [ 0.59114928  0.56289588 -0.1027732   0.40490283]
2025-12-14 02:29:07,593 - INFO - num_full_subsets = 2
2025-12-14 02:29:07,637 - INFO - phi = [-0.69846831 -0.78009286  0.02521664 -0.4816807 ]
2025-12-14 02:29:07,673 - INFO - num_full_subsets = 2
2025-12-14 02:29:07,718 - INFO - phi = [-0.47485131 -0.82512106 -0.11035957  0.19898889]
2025-12-14 02:29:07,754 - INFO - num_full_subsets = 2
2025-12-14 02:29:07,798 - INFO - phi = [-1.19889471 -0.50598029 -0.12238174 -0.14736182]
2025-12-14 02:29:07,835 - INFO - num_full_subsets = 2
2025-12-14 02:29:07,879 - INFO - phi = [-0.56468016  0.12593864 -0.05206653 -0.11888479]
2025-12-14 02:29:07,915 - INFO - num_full_subsets = 2
2025-12-14 02:29:07,960 - INFO - phi = [ 0.71263352  0.06215599 -0.08588747  0.47463734]
2025-12-14 02:29:07,997 - INFO - num_full_subsets = 2
2025-12-14 02:29:08,041 - INFO - phi = [ 0.32484695  0.0639211  -0.16786812  0.34122177]
2025-12-14 02:29:08,078 - INFO - num_full_subsets = 2
2025-12-14 02:29:08,123 - INFO - phi = [-1.17539187 -0.63908564 -0.01925963  0.14477966]
2025-12-14 02:29:08,160 - INFO - num_full_subsets = 2
2025-12-14 02:29:08,204 - INFO - phi = [ 0.33544563  0.68275832  0.14158471 -0.52579298]
2025-12-14 02:29:08,241 - INFO - num_full_subsets = 2
2025-12-14 02:29:08,286 - INFO - phi = [-1.73040188  0.56221319 -0.0702145   0.27700143]
2025-12-14 02:29:08,323 - INFO - num_full_subsets = 2
2025-12-14 02:29:08,368 - INFO - phi = [ 0.44008711  0.67238918  0.1706571  -0.86694328]
2025-12-14 02:29:08,405 - INFO - num_full_subsets = 2
2025-12-14 02:29:08,450 - INFO - phi = [-1.10809395 -0.49971934 -0.02469851 -0.15114784]
2025-12-14 02:29:08,487 - INFO - num_full_subsets = 2
2025-12-14 02:29:08,532 - INFO - phi = [-1.57010473 -0.11124472 -0.06209844  0.24114146]
2025-12-14 02:29:08,569 - INFO - num_full_subsets = 2
2025-12-14 02:29:08,613 - INFO - phi = [-0.77899376 -0.70286127 -0.03895158 -0.39672126]
2025-12-14 02:29:08,650 - INFO - num_full_subsets = 2
2025-12-14 02:29:08,695 - INFO - phi = [0.93166505 0.69390852 0.19238145 0.51446931]
2025-12-14 02:29:08,732 - INFO - num_full_subsets = 2
2025-12-14 02:29:08,776 - INFO - phi = [ 0.70003713 -0.76910652  0.01661859  0.55935481]
2025-12-14 02:29:08,813 - INFO - num_full_subsets = 2
2025-12-14 02:29:08,857 - INFO - phi = [-1.65034469  0.04838036 -0.05314623  0.16265704]
2025-12-14 02:29:08,893 - INFO - num_full_subsets = 2
2025-12-14 02:29:08,937 - INFO - phi = [-0.73278654 -0.63261157 -0.02495602  0.3017573 ]
2025-12-14 02:29:08,974 - INFO - num_full_subsets = 2
2025-12-14 02:29:09,018 - INFO - phi = [-0.32779411  0.89238447  0.2782896   0.01598596]
2025-12-14 02:29:09,055 - INFO - num_full_subsets = 2
2025-12-14 02:29:09,100 - INFO - phi = [0.45205507 0.66959515 0.18270399 0.45422436]
2025-12-14 02:29:09,138 - INFO - num_full_subsets = 2
2025-12-14 02:29:09,183 - INFO - phi = [-1.24426039 -0.49068187 -0.04813343 -0.15416762]
2025-12-14 02:29:09,220 - INFO - num_full_subsets = 2
2025-12-14 02:29:09,265 - INFO - phi = [ 0.596278   -0.05125483  0.32124492 -0.96157521]
2025-12-14 02:29:09,303 - INFO - num_full_subsets = 2
2025-12-14 02:29:09,347 - INFO - phi = [-1.06912992 -0.73053726  0.10009675  0.22298014]
2025-12-14 02:29:09,385 - INFO - num_full_subsets = 2
2025-12-14 02:29:09,430 - INFO - phi = [-0.37436609 -0.70170117 -0.00344247 -0.48736529]
2025-12-14 02:29:09,467 - INFO - num_full_subsets = 2
2025-12-14 02:29:09,511 - INFO - phi = [-0.06616725  0.15354445 -0.02449303  0.40223861]
2025-12-14 02:29:09,548 - INFO - num_full_subsets = 2
2025-12-14 02:29:09,593 - INFO - phi = [ 1.50969507 -0.01350521 -0.0416895   0.49534727]
2025-12-14 02:29:09,629 - INFO - num_full_subsets = 2
2025-12-14 02:29:09,673 - INFO - phi = [-0.69688421 -0.72906813 -0.04908789 -0.49390012]
2025-12-14 02:29:09,710 - INFO - num_full_subsets = 2
2025-12-14 02:29:09,754 - INFO - phi = [ 0.86270152  0.78136884 -0.00580231  0.2481902 ]
2025-12-14 02:29:09,791 - INFO - num_full_subsets = 2
2025-12-14 02:29:09,835 - INFO - phi = [-0.59859296  0.38878166  0.214828    0.1857379 ]
2025-12-14 02:29:09,872 - INFO - num_full_subsets = 2
2025-12-14 02:29:09,915 - INFO - phi = [-1.08983476 -0.50214358 -0.06103681  0.25928374]
2025-12-14 02:29:09,952 - INFO - num_full_subsets = 2
2025-12-14 02:29:09,997 - INFO - phi = [ 0.45666486 -0.2162122   0.16349816 -0.7398725 ]
2025-12-14 02:29:10,034 - INFO - num_full_subsets = 2
2025-12-14 02:29:10,078 - INFO - phi = [ 0.4735096   0.61355785 -0.17586527  0.47065434]
2025-12-14 02:29:10,115 - INFO - num_full_subsets = 2
2025-12-14 02:29:10,159 - INFO - phi = [-0.93449035  0.53640493 -0.07504724 -0.23594648]
2025-12-14 02:29:10,196 - INFO - num_full_subsets = 2
2025-12-14 02:29:10,240 - INFO - phi = [ 0.86288459  0.05814406 -0.09511671  0.14934684]
2025-12-14 02:29:10,277 - INFO - num_full_subsets = 2
2025-12-14 02:29:10,321 - INFO - phi = [ 0.28934499  0.41156601  0.17466659 -0.66701911]
2025-12-14 02:29:10,357 - INFO - num_full_subsets = 2
2025-12-14 02:29:10,402 - INFO - phi = [-1.11603261 -0.42885298 -0.1253222  -0.29377232]
2025-12-14 02:29:10,438 - INFO - num_full_subsets = 2
2025-12-14 02:29:10,482 - INFO - phi = [ 0.97146244  0.51641213 -0.19572253  0.09391882]
2025-12-14 02:29:10,519 - INFO - num_full_subsets = 2
2025-12-14 02:29:10,563 - INFO - phi = [ 0.75593534 -0.31596984  0.18853553 -0.24581892]
2025-12-14 02:29:10,599 - INFO - num_full_subsets = 2
2025-12-14 02:29:10,643 - INFO - phi = [ 1.87549447  0.87493786 -0.03818199  0.58287573]
2025-12-14 02:29:10,680 - INFO - num_full_subsets = 2
2025-12-14 02:29:10,725 - INFO - phi = [0.5492188  0.43574674 0.21623484 0.44149528]
2025-12-14 02:29:10,761 - INFO - num_full_subsets = 2
2025-12-14 02:29:10,805 - INFO - phi = [ 0.81246986  0.47641354 -0.00177607  0.37360918]
2025-12-14 02:29:10,842 - INFO - num_full_subsets = 2
2025-12-14 02:29:10,886 - INFO - phi = [ 0.22120736  0.16119507 -0.23574577 -0.66761644]
2025-12-14 02:29:10,923 - INFO - num_full_subsets = 2
2025-12-14 02:29:10,967 - INFO - phi = [-0.1364962   0.08211072 -0.11221016  0.23193965]
2025-12-14 02:29:11,004 - INFO - num_full_subsets = 2
2025-12-14 02:29:11,048 - INFO - phi = [ 0.33619522 -0.04479515 -0.05444466 -0.62054986]
2025-12-14 02:29:11,085 - INFO - num_full_subsets = 2
2025-12-14 02:29:11,129 - INFO - phi = [-1.27304019 -0.51135943  0.07412862 -0.1430547 ]
2025-12-14 02:29:11,166 - INFO - num_full_subsets = 2
2025-12-14 02:29:11,210 - INFO - phi = [ 0.24356013 -0.08559626 -0.20671204 -0.28374553]
2025-12-14 02:29:11,247 - INFO - num_full_subsets = 2
2025-12-14 02:29:11,291 - INFO - phi = [1.48453326 0.83070969 0.2517653  0.35877477]
2025-12-14 02:29:11,328 - INFO - num_full_subsets = 2
2025-12-14 02:29:11,372 - INFO - phi = [-1.03089009 -0.58005854 -0.04249213 -0.33771883]
2025-12-14 02:29:11,408 - INFO - num_full_subsets = 2
2025-12-14 02:29:11,453 - INFO - phi = [ 0.32006641  0.4775153  -0.13390992 -0.62809182]
2025-12-14 02:29:11,490 - INFO - num_full_subsets = 2
2025-12-14 02:29:11,535 - INFO - phi = [ 1.95606919  0.09206887 -0.13527201  0.40061139]
2025-12-14 02:29:11,573 - INFO - num_full_subsets = 2
2025-12-14 02:29:11,618 - INFO - phi = [-1.13622474 -0.49111082 -0.17974727 -0.30133054]
2025-12-14 02:29:11,656 - INFO - num_full_subsets = 2
2025-12-14 02:29:11,701 - INFO - phi = [0.55697477 0.58301935 0.24224554 0.49659515]
2025-12-14 02:29:11,738 - INFO - num_full_subsets = 2
2025-12-14 02:29:11,783 - INFO - phi = [ 1.55906414  0.44048145 -0.21625092  0.30125349]
2025-12-14 02:29:11,820 - INFO - num_full_subsets = 2
2025-12-14 02:29:11,864 - INFO - phi = [-1.09743565 -0.4875967  -0.06959542 -0.36202184]
2025-12-14 02:29:11,901 - INFO - num_full_subsets = 2
2025-12-14 02:29:11,944 - INFO - phi = [ 1.10990438  0.64730355 -0.0732938   0.3907105 ]
2025-12-14 02:29:11,981 - INFO - num_full_subsets = 2
2025-12-14 02:29:12,026 - INFO - phi = [-1.33544439  0.19340604 -0.0905737   0.6373112 ]
2025-12-14 02:29:12,062 - INFO - num_full_subsets = 2
2025-12-14 02:29:12,107 - INFO - phi = [-0.89638746 -0.7762733  -0.0729173  -0.04742621]
2025-12-14 02:29:12,144 - INFO - num_full_subsets = 2
2025-12-14 02:29:12,187 - INFO - phi = [-1.29356306  0.07024842 -0.03224201  0.30864442]
2025-12-14 02:29:12,224 - INFO - num_full_subsets = 2
2025-12-14 02:29:12,269 - INFO - phi = [ 1.45907324 -0.03633934 -0.07437488  0.47768653]
2025-12-14 02:29:12,305 - INFO - num_full_subsets = 2
2025-12-14 02:29:12,350 - INFO - phi = [0.51034096 0.25130906 0.2869981  0.18403648]
2025-12-14 02:29:12,386 - INFO - num_full_subsets = 2
2025-12-14 02:29:12,430 - INFO - phi = [-1.51409489 -0.45558255  0.02836081  0.23635326]
2025-12-14 02:29:12,467 - INFO - num_full_subsets = 2
2025-12-14 02:29:12,512 - INFO - phi = [ 1.80817836 -0.10854758  0.22060157  0.59967912]
2025-12-14 02:29:12,549 - INFO - num_full_subsets = 2
2025-12-14 02:29:12,593 - INFO - phi = [-0.07026776 -0.7390719   0.04426802 -0.1489104 ]
2025-12-14 02:29:12,630 - INFO - num_full_subsets = 2
2025-12-14 02:29:12,675 - INFO - phi = [-1.12662842 -0.40150562 -0.06096321 -0.37557099]
2025-12-14 02:29:13,192 - INFO - Computing feature importance...
2025-12-14 02:29:18,415 - INFO - Experiment completed for NGBoost
2025-12-14 02:29:18,415 - INFO - Total time: 281.75s (4.70 min)
