2025-12-14 10:11:05,384 - INFO - Starting comprehensive experiment for CNN
2025-12-14 10:11:13,730 - INFO - Performing feature analysis...
2025-12-14 10:11:36,988 - INFO - Model justification: Fast 1D Convolutional Neural Network - perfect for tabular features with local patterns
2025-12-14 10:11:36,989 - INFO - Performing robust cross-validation...
2025-12-14 10:11:55,104 - INFO - CV Results - MSE: 2.3807 ± 0.4285
2025-12-14 10:11:55,105 - INFO - Starting hyperparameter optimization...
2025-12-14 15:20:55,831 - INFO - Starting comprehensive experiment for CNN
2025-12-14 15:21:12,106 - INFO - Performing feature analysis...
2025-12-14 15:21:34,510 - INFO - Model justification: Fast 1D Convolutional Neural Network - perfect for tabular features with local patterns
2025-12-14 15:21:34,510 - INFO - Performing robust cross-validation...
2025-12-14 15:21:52,945 - INFO - CV Results - MSE: 2.3716 ± 0.5956
2025-12-14 15:21:52,945 - INFO - Starting hyperparameter optimization...
2025-12-14 15:25:14,267 - INFO - Best parameters for CNN: {'filters': 55, 'kernel_size': 3, 'dense_units': 30, 'lr': 0.0017944920874765956, 'epochs': 79}
2025-12-14 15:25:14,267 - INFO - ⏱️ HPO took 201.32 seconds
2025-12-14 15:25:14,267 - INFO - Training final model...
2025-12-14 15:25:16,972 - INFO - ⏱️ Training took 2.70 seconds
2025-12-14 15:25:16,972 - INFO - Performing residual analysis...
2025-12-14 15:25:18,213 - INFO - Generating XAI explanations...
2025-12-14 15:25:18,249 - WARNING - Using 168 background data samples could cause slower run times. Consider using shap.sample(data, K) or shap.kmeans(data, K) to summarize the background as K samples.
2025-12-14 15:25:18,316 - INFO - num_full_subsets = 2
2025-12-14 15:25:18,418 - INFO - phi = [ 0.24250931  0.5200159  -0.14345394  0.10723296]
2025-12-14 15:25:18,464 - INFO - num_full_subsets = 2
2025-12-14 15:25:18,552 - INFO - phi = [-0.17436608 -1.06764489 -0.02754577 -0.25323649]
2025-12-14 15:25:18,598 - INFO - num_full_subsets = 2
2025-12-14 15:25:18,686 - INFO - phi = [-0.10252271  0.51896526 -0.38734635  0.42032276]
2025-12-14 15:25:18,731 - INFO - num_full_subsets = 2
2025-12-14 15:25:18,821 - INFO - phi = [-0.20282545 -0.48110236 -0.00829526 -0.74591118]
2025-12-14 15:25:18,871 - INFO - num_full_subsets = 2
2025-12-14 15:25:18,960 - INFO - phi = [-0.17436608 -1.06764489 -0.02754577 -0.25323649]
2025-12-14 15:25:19,005 - INFO - num_full_subsets = 2
2025-12-14 15:25:19,094 - INFO - phi = [-0.23254866 -0.68282659  0.12116575  0.4153082 ]
2025-12-14 15:25:19,140 - INFO - num_full_subsets = 2
2025-12-14 15:25:19,225 - INFO - phi = [-0.11647009  0.5901344  -0.40591835  0.40232577]
2025-12-14 15:25:19,270 - INFO - num_full_subsets = 2
2025-12-14 15:25:19,359 - INFO - phi = [-0.21378594  0.67304264 -0.34836301  0.47638794]
2025-12-14 15:25:19,408 - INFO - num_full_subsets = 2
2025-12-14 15:25:19,504 - INFO - phi = [-0.17444647 -0.60117474  0.39403628 -0.60010924]
2025-12-14 15:25:19,551 - INFO - num_full_subsets = 2
2025-12-14 15:25:19,639 - INFO - phi = [-0.19186147 -0.95666014 -0.22653221  0.14159596]
2025-12-14 15:25:19,685 - INFO - num_full_subsets = 2
2025-12-14 15:25:19,774 - INFO - phi = [-0.2131598  -0.26945251  0.04265422  0.70875662]
2025-12-14 15:25:19,819 - INFO - num_full_subsets = 2
2025-12-14 15:25:19,910 - INFO - phi = [0.54783906 0.65487379 0.20507211 0.40413323]
2025-12-14 15:25:19,956 - INFO - num_full_subsets = 2
2025-12-14 15:25:20,044 - INFO - phi = [-0.19882444 -0.05424614  0.08976077  0.51373523]
2025-12-14 15:25:20,091 - INFO - num_full_subsets = 2
2025-12-14 15:25:20,188 - INFO - phi = [-0.14837424  0.58580689  0.20335835  1.09920919]
2025-12-14 15:25:20,234 - INFO - num_full_subsets = 2
2025-12-14 15:25:20,325 - INFO - phi = [ 0.07253948  0.10916857 -0.15027497  0.08259674]
2025-12-14 15:25:20,371 - INFO - num_full_subsets = 2
2025-12-14 15:25:20,461 - INFO - phi = [-0.09654635  0.4286743  -0.2201179   0.11970175]
2025-12-14 15:25:20,507 - INFO - num_full_subsets = 2
2025-12-14 15:25:20,596 - INFO - phi = [-0.20105466 -0.85194008 -0.29150369  0.27002213]
2025-12-14 15:25:20,645 - INFO - num_full_subsets = 2
2025-12-14 15:25:20,735 - INFO - phi = [-0.14606583  0.68679461 -0.19099979 -0.26275586]
2025-12-14 15:25:20,785 - INFO - num_full_subsets = 2
2025-12-14 15:25:20,872 - INFO - phi = [ 0.2695834  -0.23036975 -0.35761103  0.76473407]
2025-12-14 15:25:20,919 - INFO - num_full_subsets = 2
2025-12-14 15:25:21,010 - INFO - phi = [0.10578653 0.3470506  0.27922112 0.71604654]
2025-12-14 15:25:21,056 - INFO - num_full_subsets = 2
2025-12-14 15:25:21,144 - INFO - phi = [-0.21590687 -0.84480567 -0.21573212 -0.38156816]
2025-12-14 15:25:21,191 - INFO - num_full_subsets = 2
2025-12-14 15:25:21,280 - INFO - phi = [-0.16462622  0.62226793 -0.40157896  0.32126726]
2025-12-14 15:25:21,326 - INFO - num_full_subsets = 2
2025-12-14 15:25:21,420 - INFO - phi = [-0.16784888 -0.58322218 -0.21450114 -0.50991247]
2025-12-14 15:25:21,470 - INFO - num_full_subsets = 2
2025-12-14 15:25:21,564 - INFO - phi = [-0.16014403 -0.9079067  -0.00927924 -0.53207453]
2025-12-14 15:25:21,614 - INFO - num_full_subsets = 2
2025-12-14 15:25:21,704 - INFO - phi = [-0.17195309  0.72212622 -0.26924746  0.01693131]
2025-12-14 15:25:21,749 - INFO - num_full_subsets = 2
2025-12-14 15:25:21,837 - INFO - phi = [-0.22043844 -0.78610457  0.11533469 -0.44003025]
2025-12-14 15:25:21,882 - INFO - num_full_subsets = 2
2025-12-14 15:25:21,971 - INFO - phi = [-0.19921888 -0.75346857  0.31630242 -0.69021213]
2025-12-14 15:25:22,016 - INFO - num_full_subsets = 2
2025-12-14 15:25:22,108 - INFO - phi = [-0.10835157  0.70985967  0.30682628  0.60835723]
2025-12-14 15:25:22,154 - INFO - num_full_subsets = 2
2025-12-14 15:25:22,246 - INFO - phi = [-0.21997246 -0.73227898 -0.06595252 -0.75347526]
2025-12-14 15:25:22,291 - INFO - num_full_subsets = 2
2025-12-14 15:25:22,380 - INFO - phi = [ 0.307279    0.28358499  0.28984808 -0.39423762]
2025-12-14 15:25:22,425 - INFO - num_full_subsets = 2
2025-12-14 15:25:22,513 - INFO - phi = [ 0.57927468 -0.31189487  0.45272008  0.78619812]
2025-12-14 15:25:22,558 - INFO - num_full_subsets = 2
2025-12-14 15:25:22,646 - INFO - phi = [-0.22774893 -0.9011156  -0.14435201 -0.41108966]
2025-12-14 15:25:22,692 - INFO - num_full_subsets = 2
2025-12-14 15:25:22,788 - INFO - phi = [-0.17482206  0.63706483 -0.22290582  0.11352105]
2025-12-14 15:25:22,834 - INFO - num_full_subsets = 2
2025-12-14 15:25:22,923 - INFO - phi = [ 0.45224513  0.65541648  0.29671959 -0.85341977]
2025-12-14 15:25:22,968 - INFO - num_full_subsets = 2
2025-12-14 15:25:23,058 - INFO - phi = [-0.22559355 -0.95090043 -0.18317729 -0.34382919]
2025-12-14 15:25:23,104 - INFO - num_full_subsets = 2
2025-12-14 15:25:23,193 - INFO - phi = [-0.07894117  0.4326629  -0.15792043  0.148456  ]
2025-12-14 15:25:23,239 - INFO - num_full_subsets = 2
2025-12-14 15:25:23,330 - INFO - phi = [-0.10715677 -0.13527147  0.04146067  0.52751012]
2025-12-14 15:25:23,376 - INFO - num_full_subsets = 2
2025-12-14 15:25:23,468 - INFO - phi = [-0.21381805 -0.75588579  0.06962901 -0.7901897 ]
2025-12-14 15:25:23,515 - INFO - num_full_subsets = 2
2025-12-14 15:25:23,603 - INFO - phi = [-0.20842978  0.7194234  -0.34194926  0.23255618]
2025-12-14 15:25:23,649 - INFO - num_full_subsets = 2
2025-12-14 15:25:23,738 - INFO - phi = [-0.16981984 -0.25070797  0.21903071  0.13223048]
2025-12-14 15:25:23,784 - INFO - num_full_subsets = 2
2025-12-14 15:25:23,872 - INFO - phi = [ 0.58183221  0.5401563  -0.07183111  0.41104708]
2025-12-14 15:25:23,917 - INFO - num_full_subsets = 2
2025-12-14 15:25:24,003 - INFO - phi = [-0.23736605 -0.74929685  0.05951182 -0.48850722]
2025-12-14 15:25:24,052 - INFO - num_full_subsets = 2
2025-12-14 15:25:24,139 - INFO - phi = [0.07868928 0.44886152 0.12319623 0.09600923]
2025-12-14 15:25:24,185 - INFO - num_full_subsets = 2
2025-12-14 15:25:24,276 - INFO - phi = [ 0.4513973  -0.09712411  0.40570161 -0.65849676]
2025-12-14 15:25:24,321 - INFO - num_full_subsets = 2
2025-12-14 15:25:24,412 - INFO - phi = [-0.02260883  0.56639862 -0.25438722  0.168094  ]
2025-12-14 15:25:24,458 - INFO - num_full_subsets = 2
2025-12-14 15:25:24,549 - INFO - phi = [-0.14135669 -0.7120147  -0.00960695 -0.32915086]
2025-12-14 15:25:24,594 - INFO - num_full_subsets = 2
2025-12-14 15:25:24,684 - INFO - phi = [0.36579074 0.309652   0.14359684 0.03628224]
2025-12-14 15:25:24,735 - INFO - num_full_subsets = 2
2025-12-14 15:25:24,828 - INFO - phi = [0.41455495 0.72436302 0.42816868 0.44036959]
2025-12-14 15:25:24,874 - INFO - num_full_subsets = 2
2025-12-14 15:25:24,962 - INFO - phi = [-0.14935352  0.65642144 -0.04765789 -0.3062569 ]
2025-12-14 15:25:25,008 - INFO - num_full_subsets = 2
2025-12-14 15:25:25,096 - INFO - phi = [ 0.3939752   0.43152359 -0.04726949 -0.85395707]
2025-12-14 15:25:25,142 - INFO - num_full_subsets = 2
2025-12-14 15:25:25,235 - INFO - phi = [0.38093542 0.2800303  0.42261397 0.70864227]
2025-12-14 15:25:25,279 - INFO - num_full_subsets = 2
2025-12-14 15:25:25,375 - INFO - phi = [-0.21739448 -0.71105083  0.02275459 -0.20782937]
2025-12-14 15:25:25,420 - INFO - num_full_subsets = 2
2025-12-14 15:25:25,508 - INFO - phi = [-0.154163    0.66604336 -0.24282653  0.22162632]
2025-12-14 15:25:25,554 - INFO - num_full_subsets = 2
2025-12-14 15:25:25,642 - INFO - phi = [ 0.02813676  0.09033684 -0.23468979  0.24052614]
2025-12-14 15:25:25,688 - INFO - num_full_subsets = 2
2025-12-14 15:25:25,779 - INFO - phi = [0.41427853 0.04804385 0.31858958 0.83869018]
2025-12-14 15:25:25,825 - INFO - num_full_subsets = 2
2025-12-14 15:25:25,913 - INFO - phi = [-0.16912769 -0.85172243 -0.09753777 -0.53719151]
2025-12-14 15:25:25,957 - INFO - num_full_subsets = 2
2025-12-14 15:25:26,049 - INFO - phi = [-0.15447203  0.08240968  0.20475956  0.34028442]
2025-12-14 15:25:26,095 - INFO - num_full_subsets = 2
2025-12-14 15:25:26,183 - INFO - phi = [-0.04799711  0.60797442 -0.32102117  0.302665  ]
2025-12-14 15:25:26,229 - INFO - num_full_subsets = 2
2025-12-14 15:25:26,316 - INFO - phi = [ 0.34707959 -0.31552753 -0.26585184 -0.58999842]
2025-12-14 15:25:26,361 - INFO - num_full_subsets = 2
2025-12-14 15:25:26,452 - INFO - phi = [-0.10709605  0.84383446  0.40915729  0.23291893]
2025-12-14 15:25:26,497 - INFO - num_full_subsets = 2
2025-12-14 15:25:26,591 - INFO - phi = [ 0.41245247 -0.00247836 -0.38230749  0.44446313]
2025-12-14 15:25:26,638 - INFO - num_full_subsets = 2
2025-12-14 15:25:26,734 - INFO - phi = [-0.17305826 -0.76392889 -0.20613406 -0.43143139]
2025-12-14 15:25:26,780 - INFO - num_full_subsets = 2
2025-12-14 15:25:26,868 - INFO - phi = [ 0.41245247 -0.00247836 -0.38230749  0.44446313]
2025-12-14 15:25:26,914 - INFO - num_full_subsets = 2
2025-12-14 15:25:27,002 - INFO - phi = [-0.22794012 -0.74563069 -0.04373413 -0.8228779 ]
2025-12-14 15:25:27,048 - INFO - num_full_subsets = 2
2025-12-14 15:25:27,139 - INFO - phi = [-0.16914707 -1.01975691 -0.02189144 -0.20191746]
2025-12-14 15:25:27,184 - INFO - num_full_subsets = 2
2025-12-14 15:25:27,271 - INFO - phi = [-0.08877308  0.6496672   0.38251885 -1.17480017]
2025-12-14 15:25:27,321 - INFO - num_full_subsets = 2
2025-12-14 15:25:27,414 - INFO - phi = [-0.07763224  0.09545344 -0.13700271  0.35452228]
2025-12-14 15:25:27,460 - INFO - num_full_subsets = 2
2025-12-14 15:25:27,551 - INFO - phi = [ 0.33586656  0.18013893  0.03065956 -0.62196795]
2025-12-14 15:25:27,597 - INFO - num_full_subsets = 2
2025-12-14 15:25:27,689 - INFO - phi = [-0.21301661 -0.77627104  0.00135053 -0.83659677]
2025-12-14 15:25:27,734 - INFO - num_full_subsets = 2
2025-12-14 15:25:27,823 - INFO - phi = [-0.21298997 -0.86463601 -0.19289334 -0.54673588]
2025-12-14 15:25:27,868 - INFO - num_full_subsets = 2
2025-12-14 15:25:27,958 - INFO - phi = [-0.16880003  1.05743232  0.1247809   0.37749737]
2025-12-14 15:25:28,008 - INFO - num_full_subsets = 2
2025-12-14 15:25:28,100 - INFO - phi = [ 0.32823754  0.30662738  0.33314214 -0.8716183 ]
2025-12-14 15:25:28,145 - INFO - num_full_subsets = 2
2025-12-14 15:25:28,233 - INFO - phi = [-0.11216505  0.21182707  0.26165719  0.15629438]
2025-12-14 15:25:28,278 - INFO - num_full_subsets = 2
2025-12-14 15:25:28,367 - INFO - phi = [-0.18746005  0.78559617  0.04449762  0.5651294 ]
2025-12-14 15:25:28,415 - INFO - num_full_subsets = 2
2025-12-14 15:25:28,507 - INFO - phi = [0.10578653 0.3470506  0.27922112 0.71604654]
2025-12-14 15:25:28,552 - INFO - num_full_subsets = 2
2025-12-14 15:25:28,642 - INFO - phi = [ 0.33797338  0.19846411  0.25019872 -0.59856717]
2025-12-14 15:25:28,688 - INFO - num_full_subsets = 2
2025-12-14 15:25:28,775 - INFO - phi = [ 0.38786356  0.02520135  0.01306354 -0.82945049]
2025-12-14 15:25:28,819 - INFO - num_full_subsets = 2
2025-12-14 15:25:28,910 - INFO - phi = [-0.13213736  0.7454107  -0.0129013  -0.26151087]
2025-12-14 15:25:28,955 - INFO - num_full_subsets = 2
2025-12-14 15:25:29,041 - INFO - phi = [-0.25667552 -0.96060765  0.10439971  0.11781795]
2025-12-14 15:25:29,087 - INFO - num_full_subsets = 2
2025-12-14 15:25:29,175 - INFO - phi = [-0.20546801 -0.70768905  0.41956719  0.79495923]
2025-12-14 15:25:29,221 - INFO - num_full_subsets = 2
2025-12-14 15:25:29,312 - INFO - phi = [-0.18872969 -0.47302923  0.18088832 -0.42195672]
2025-12-14 15:25:29,359 - INFO - num_full_subsets = 2
2025-12-14 15:25:29,450 - INFO - phi = [-0.01011518  0.57922126 -0.3408765   0.30910527]
2025-12-14 15:25:29,495 - INFO - num_full_subsets = 2
2025-12-14 15:25:29,581 - INFO - phi = [-0.23651005 -0.95787934 -0.0737832  -0.5430033 ]
2025-12-14 15:25:29,626 - INFO - num_full_subsets = 2
2025-12-14 15:25:29,718 - INFO - phi = [-0.16691697  0.69722354 -0.19546179  0.22585748]
2025-12-14 15:25:29,764 - INFO - num_full_subsets = 2
2025-12-14 15:25:29,852 - INFO - phi = [-0.23711631 -0.85726688 -0.03594195 -0.56791664]
2025-12-14 15:25:29,896 - INFO - num_full_subsets = 2
2025-12-14 15:25:29,987 - INFO - phi = [-0.1791432   0.81108368 -0.06919705 -0.35834796]
2025-12-14 15:25:30,032 - INFO - num_full_subsets = 2
2025-12-14 15:25:30,120 - INFO - phi = [0.29038126 0.66952756 0.31915242 0.46109059]
2025-12-14 15:25:30,165 - INFO - num_full_subsets = 2
2025-12-14 15:25:30,255 - INFO - phi = [ 0.48206343 -0.18027229  0.29254889  1.08348392]
2025-12-14 15:25:30,299 - INFO - num_full_subsets = 2
2025-12-14 15:25:30,392 - INFO - phi = [-0.21975989 -0.93887274 -0.20706551 -0.21323408]
2025-12-14 15:25:30,437 - INFO - num_full_subsets = 2
2025-12-14 15:25:30,527 - INFO - phi = [-0.18591799 -0.19009785  0.00751757 -0.7634002 ]
2025-12-14 15:25:30,577 - INFO - num_full_subsets = 2
2025-12-14 15:25:30,672 - INFO - phi = [-0.23305394 -0.66516685  0.1231232   0.37963764]
2025-12-14 15:25:30,722 - INFO - num_full_subsets = 2
2025-12-14 15:25:30,816 - INFO - phi = [-0.16191891 -0.67428895 -0.1777553   0.51471841]
2025-12-14 15:25:30,862 - INFO - num_full_subsets = 2
2025-12-14 15:25:30,949 - INFO - phi = [-0.1953998  -0.56476431  0.15909864 -0.27221035]
2025-12-14 15:25:30,995 - INFO - num_full_subsets = 2
2025-12-14 15:25:31,089 - INFO - phi = [-0.15200976  0.66252612  0.00593023  0.03057951]
2025-12-14 15:25:31,139 - INFO - num_full_subsets = 2
2025-12-14 15:25:31,232 - INFO - phi = [-0.05994715  0.3116244  -0.36709575  0.42261648]
2025-12-14 15:25:31,283 - INFO - num_full_subsets = 2
2025-12-14 15:25:31,376 - INFO - phi = [-0.16820428 -0.62280691  0.34347321 -0.79091559]
2025-12-14 15:25:31,427 - INFO - num_full_subsets = 2
2025-12-14 15:25:31,524 - INFO - phi = [-0.13738211 -0.42006624 -0.15162403 -0.13359431]
2025-12-14 15:25:31,570 - INFO - num_full_subsets = 2
2025-12-14 15:25:31,661 - INFO - phi = [-0.10129674  0.02142358  0.36886982 -0.89428023]
2025-12-14 15:25:31,706 - INFO - num_full_subsets = 2
2025-12-14 15:25:31,791 - INFO - phi = [-0.21007238 -1.00467719 -0.24837972  0.2644679 ]
2025-12-14 15:25:31,836 - INFO - num_full_subsets = 2
2025-12-14 15:25:31,930 - INFO - phi = [-0.15203273 -0.98869373  0.16036322 -0.38236531]
2025-12-14 15:25:31,976 - INFO - num_full_subsets = 2
2025-12-14 15:25:32,065 - INFO - phi = [0.57783073 0.0314234  0.3773236  0.89051791]
2025-12-14 15:25:32,110 - INFO - num_full_subsets = 2
2025-12-14 15:25:32,202 - INFO - phi = [-0.13996634  0.49269389 -0.12511461  0.76261899]
2025-12-14 15:25:32,248 - INFO - num_full_subsets = 2
2025-12-14 15:25:32,338 - INFO - phi = [-0.1673308   0.5572748  -0.4545786   0.45728395]
2025-12-14 15:25:32,386 - INFO - num_full_subsets = 2
2025-12-14 15:25:32,474 - INFO - phi = [-0.00192767  0.39183248 -0.31942566  0.35737151]
2025-12-14 15:25:32,519 - INFO - num_full_subsets = 2
2025-12-14 15:25:32,611 - INFO - phi = [ 0.14273469  0.26406789 -0.06924482 -0.54116181]
2025-12-14 15:25:32,656 - INFO - num_full_subsets = 2
2025-12-14 15:25:32,745 - INFO - phi = [ 0.59782016 -0.27959303  0.19098306 -0.77285829]
2025-12-14 15:25:32,790 - INFO - num_full_subsets = 2
2025-12-14 15:25:32,875 - INFO - phi = [ 0.01472485  0.63735528 -0.35678492  0.30497213]
2025-12-14 15:25:32,919 - INFO - num_full_subsets = 2
2025-12-14 15:25:33,007 - INFO - phi = [-0.23588162 -0.756995    0.0706057  -0.23538855]
2025-12-14 15:25:33,051 - INFO - num_full_subsets = 2
2025-12-14 15:25:33,136 - INFO - phi = [ 0.39004677  0.19012092  0.20161867 -0.60252688]
2025-12-14 15:25:33,180 - INFO - num_full_subsets = 2
2025-12-14 15:25:33,274 - INFO - phi = [ 0.19975181  0.36263767 -0.16022249 -0.64143201]
2025-12-14 15:25:33,320 - INFO - num_full_subsets = 2
2025-12-14 15:25:33,411 - INFO - phi = [0.54400514 0.45115797 0.19438473 0.70202076]
2025-12-14 15:25:33,456 - INFO - num_full_subsets = 2
2025-12-14 15:25:33,544 - INFO - phi = [-0.19707183 -0.43025471  0.30968613  0.7631493 ]
2025-12-14 15:25:33,588 - INFO - num_full_subsets = 2
2025-12-14 15:25:33,675 - INFO - phi = [ 0.37309869  0.25234913  0.14793655 -0.77555619]
2025-12-14 15:25:33,725 - INFO - num_full_subsets = 2
2025-12-14 15:25:33,812 - INFO - phi = [-0.15581502 -0.82905645 -0.02624032 -0.47630919]
2025-12-14 15:25:33,860 - INFO - num_full_subsets = 2
2025-12-14 15:25:33,947 - INFO - phi = [-0.21126999 -0.67654997  0.16399583 -0.52838273]
2025-12-14 15:25:33,992 - INFO - num_full_subsets = 2
2025-12-14 15:25:34,083 - INFO - phi = [-0.11008086  0.26913202 -0.42850712  0.73124193]
2025-12-14 15:25:34,129 - INFO - num_full_subsets = 2
2025-12-14 15:25:34,220 - INFO - phi = [0.5441302  0.40556151 0.11470924 0.59179606]
2025-12-14 15:25:34,264 - INFO - num_full_subsets = 2
2025-12-14 15:25:34,353 - INFO - phi = [-0.15203273 -0.98869373  0.16036322 -0.38236531]
2025-12-14 15:25:34,397 - INFO - num_full_subsets = 2
2025-12-14 15:25:34,490 - INFO - phi = [-0.08898386  0.54303862 -0.30193109  0.57290313]
2025-12-14 15:25:34,542 - INFO - num_full_subsets = 2
2025-12-14 15:25:34,634 - INFO - phi = [-0.21065993 -0.91223913 -0.3007111   0.32855893]
2025-12-14 15:25:34,679 - INFO - num_full_subsets = 2
2025-12-14 15:25:34,772 - INFO - phi = [ 0.22672     0.34952846 -0.2137293  -0.56300684]
2025-12-14 15:25:34,817 - INFO - num_full_subsets = 2
2025-12-14 15:25:34,906 - INFO - phi = [-0.14778921  0.9241637   0.31764844  0.02090859]
2025-12-14 15:25:34,951 - INFO - num_full_subsets = 2
2025-12-14 15:25:35,042 - INFO - phi = [ 0.42331427  0.02804645 -0.41100401  0.40510783]
2025-12-14 15:25:35,086 - INFO - num_full_subsets = 2
2025-12-14 15:25:35,181 - INFO - phi = [ 0.13071636  0.28925411 -0.13114916 -0.3725802 ]
2025-12-14 15:25:35,226 - INFO - num_full_subsets = 2
2025-12-14 15:25:35,319 - INFO - phi = [-0.13576563 -0.32749153 -0.27873204  0.56899524]
2025-12-14 15:25:35,364 - INFO - num_full_subsets = 2
2025-12-14 15:25:35,453 - INFO - phi = [ 0.42247748  0.36200042 -0.31893442  0.35628005]
2025-12-14 15:25:35,498 - INFO - num_full_subsets = 2
2025-12-14 15:25:35,588 - INFO - phi = [ 0.39369366  0.01278487 -0.45161395  0.58464727]
2025-12-14 15:25:35,633 - INFO - num_full_subsets = 2
2025-12-14 15:25:35,723 - INFO - phi = [-0.10159302  0.38699023 -0.3150769   0.31635984]
2025-12-14 15:25:35,767 - INFO - num_full_subsets = 2
2025-12-14 15:25:35,860 - INFO - phi = [ 0.42198778  0.69911224  0.25093719 -0.4131125 ]
2025-12-14 15:25:35,905 - INFO - num_full_subsets = 2
2025-12-14 15:25:35,996 - INFO - phi = [-0.12148627  0.23573221 -0.38020028  0.45342281]
2025-12-14 15:25:36,041 - INFO - num_full_subsets = 2
2025-12-14 15:25:36,129 - INFO - phi = [-0.09441432  0.00790648  0.4171343   0.73147318]
2025-12-14 15:25:36,174 - INFO - num_full_subsets = 2
2025-12-14 15:25:36,265 - INFO - phi = [ 0.24648479  0.4172584  -0.24680159 -0.18875576]
2025-12-14 15:25:36,310 - INFO - num_full_subsets = 2
2025-12-14 15:25:36,401 - INFO - phi = [-0.1924171  -0.80043852  0.31725744 -0.76255873]
2025-12-14 15:25:36,447 - INFO - num_full_subsets = 2
2025-12-14 15:25:36,543 - INFO - phi = [-0.16209019 -0.72365227 -0.16667284 -0.46101047]
2025-12-14 15:25:36,590 - INFO - num_full_subsets = 2
2025-12-14 15:25:36,678 - INFO - phi = [ 0.30704196 -0.02176458 -0.19154521 -0.70542347]
2025-12-14 15:25:36,724 - INFO - num_full_subsets = 2
2025-12-14 15:25:36,810 - INFO - phi = [ 0.20105926  0.15070804 -0.24349068 -0.45103439]
2025-12-14 15:25:36,854 - INFO - num_full_subsets = 2
2025-12-14 15:25:36,943 - INFO - phi = [-0.22054487 -0.95499341 -0.15767606  0.10648047]
2025-12-14 15:25:36,988 - INFO - num_full_subsets = 2
2025-12-14 15:25:37,074 - INFO - phi = [ 0.37183004  0.34874947 -0.3353958   0.346324  ]
2025-12-14 15:25:37,125 - INFO - num_full_subsets = 2
2025-12-14 15:25:37,213 - INFO - phi = [-0.11621645  0.58833901  0.33640561  0.58843298]
2025-12-14 15:25:37,258 - INFO - num_full_subsets = 2
2025-12-14 15:25:37,349 - INFO - phi = [0.02337162 0.56681974 0.0963677  0.52148016]
2025-12-14 15:25:37,393 - INFO - num_full_subsets = 2
2025-12-14 15:25:37,483 - INFO - phi = [-0.12887258  0.63301443 -0.31936223  0.21926614]
2025-12-14 15:25:37,528 - INFO - num_full_subsets = 2
2025-12-14 15:25:37,619 - INFO - phi = [ 0.32291994  0.33995334  0.28584623 -0.61300904]
2025-12-14 15:25:37,665 - INFO - num_full_subsets = 2
2025-12-14 15:25:37,757 - INFO - phi = [-0.18105051  0.63464458 -0.10268388  0.01084297]
2025-12-14 15:25:37,809 - INFO - num_full_subsets = 2
2025-12-14 15:25:37,903 - INFO - phi = [-0.1947967  -0.14880647  0.10848949  0.24768996]
2025-12-14 15:25:37,951 - INFO - num_full_subsets = 2
2025-12-14 15:25:38,044 - INFO - phi = [-0.12595046 -0.21011742  0.28504342 -0.89086764]
2025-12-14 15:25:38,090 - INFO - num_full_subsets = 2
2025-12-14 15:25:38,182 - INFO - phi = [-0.12347572 -0.0446924   0.17378259 -0.82397224]
2025-12-14 15:25:38,230 - INFO - num_full_subsets = 2
2025-12-14 15:25:38,321 - INFO - phi = [-0.17106516  0.0567888   0.16028873  0.94149968]
2025-12-14 15:25:38,369 - INFO - num_full_subsets = 2
2025-12-14 15:25:38,465 - INFO - phi = [-0.07722303  0.40462578 -0.09207992  0.01739628]
2025-12-14 15:25:38,512 - INFO - num_full_subsets = 2
2025-12-14 15:25:38,600 - INFO - phi = [-0.15797207  1.65370881  0.11581658  0.10774784]
2025-12-14 15:25:38,646 - INFO - num_full_subsets = 2
2025-12-14 15:25:38,736 - INFO - phi = [-0.21003126 -0.88679658  0.22178234 -0.22430108]
2025-12-14 15:25:38,781 - INFO - num_full_subsets = 2
2025-12-14 15:25:38,871 - INFO - phi = [-0.17009272 -0.5695508   0.45636754 -0.59445994]
2025-12-14 15:25:38,916 - INFO - num_full_subsets = 2
2025-12-14 15:25:39,009 - INFO - phi = [-0.25023047 -0.98273518  0.09297999 -0.1069127 ]
2025-12-14 15:25:39,057 - INFO - num_full_subsets = 2
2025-12-14 15:25:39,150 - INFO - phi = [ 0.24648479  0.4172584  -0.24680159 -0.18875576]
2025-12-14 15:25:39,196 - INFO - num_full_subsets = 2
2025-12-14 15:25:39,287 - INFO - phi = [-0.00595701 -0.25339306 -0.06150769 -0.6127618 ]
2025-12-14 15:25:39,331 - INFO - num_full_subsets = 2
2025-12-14 15:25:39,422 - INFO - phi = [-0.13437296  3.44411329  0.08487696 -0.17874077]
2025-12-14 15:25:39,466 - INFO - num_full_subsets = 2
2025-12-14 15:25:39,556 - INFO - phi = [-0.11494919 -0.3551255  -0.08325068 -0.00710547]
2025-12-14 15:25:39,601 - INFO - num_full_subsets = 2
2025-12-14 15:25:39,689 - INFO - phi = [-0.21233592 -0.82641656  0.142465   -0.28638282]
2025-12-14 15:25:39,734 - INFO - num_full_subsets = 2
2025-12-14 15:25:39,830 - INFO - phi = [-0.03423418  0.58288251 -0.32110869  0.33129604]
2025-12-14 15:25:39,875 - INFO - num_full_subsets = 2
2025-12-14 15:25:39,964 - INFO - phi = [-0.2403656  -0.83392568  0.03517058  0.08266171]
2025-12-14 15:25:40,008 - INFO - num_full_subsets = 2
2025-12-14 15:25:40,098 - INFO - phi = [0.41807399 0.51077072 0.21395856 0.71412358]
2025-12-14 15:25:40,143 - INFO - num_full_subsets = 2
2025-12-14 15:25:40,230 - INFO - phi = [-0.17385415  0.11732379  0.20532356  0.77996059]
2025-12-14 15:25:40,275 - INFO - num_full_subsets = 2
2025-12-14 15:25:40,362 - INFO - phi = [-0.14505564 -0.8000779   0.08680438 -0.48838933]
2025-12-14 15:25:40,411 - INFO - num_full_subsets = 2
2025-12-14 15:25:40,504 - INFO - phi = [ 0.46274469  0.05995755 -0.25987717  0.45498145]
2025-12-14 15:25:40,549 - INFO - num_full_subsets = 2
2025-12-14 15:25:40,637 - INFO - phi = [0.38987913 0.1923945  0.36607477 0.41986138]
2025-12-14 15:25:40,681 - INFO - num_full_subsets = 2
2025-12-14 15:25:40,770 - INFO - phi = [0.00892611 0.67178993 0.50547791 0.62508815]
2025-12-14 15:25:40,814 - INFO - num_full_subsets = 2
2025-12-14 15:25:40,903 - INFO - phi = [0.21478119 0.65807399 0.22922318 0.44105006]
2025-12-14 15:25:40,947 - INFO - num_full_subsets = 2
2025-12-14 15:25:41,035 - INFO - phi = [0.43117098 0.40900198 0.31298131 0.38048605]
2025-12-14 15:25:41,085 - INFO - num_full_subsets = 2
2025-12-14 15:25:41,175 - INFO - phi = [-0.11566641  0.05725743 -0.21473111  0.14915592]
2025-12-14 15:25:41,724 - INFO - Computing feature importance...
2025-12-14 15:25:49,658 - INFO - Experiment completed for CNN
2025-12-14 15:25:49,658 - INFO - Total time: 293.06s (4.88 min)
2025-12-14 15:25:49,659 - INFO - Starting comprehensive experiment for CNN
2025-12-14 15:25:58,716 - INFO - Performing feature analysis...
2025-12-14 15:26:00,161 - INFO - Model justification: Fast 1D Convolutional Neural Network - perfect for tabular features with local patterns
2025-12-14 15:26:00,161 - INFO - Performing robust cross-validation...
2025-12-14 15:26:18,760 - INFO - CV Results - MSE: 2.1802 ± 0.3793
2025-12-14 15:26:18,760 - INFO - Starting hyperparameter optimization...
2025-12-14 15:29:11,545 - INFO - Best parameters for CNN: {'filters': 52, 'kernel_size': 4, 'dense_units': 35, 'lr': 0.012350324705078058, 'epochs': 66}
2025-12-14 15:29:11,545 - INFO - ⏱️ HPO took 172.78 seconds
2025-12-14 15:29:11,545 - INFO - Training final model...
2025-12-14 15:29:13,942 - INFO - ⏱️ Training took 2.40 seconds
2025-12-14 15:29:13,942 - INFO - Performing residual analysis...
2025-12-14 15:29:14,981 - INFO - Generating XAI explanations...
2025-12-14 15:29:15,018 - WARNING - Using 168 background data samples could cause slower run times. Consider using shap.sample(data, K) or shap.kmeans(data, K) to summarize the background as K samples.
2025-12-14 15:29:15,065 - INFO - num_full_subsets = 2
2025-12-14 15:29:15,158 - INFO - phi = [-0.18862952 -1.02432658  0.16224774  0.22449473]
2025-12-14 15:29:15,205 - INFO - num_full_subsets = 2
2025-12-14 15:29:15,297 - INFO - phi = [ 0.19929202  0.28538683  0.29200757 -0.95548823]
2025-12-14 15:29:15,344 - INFO - num_full_subsets = 2
2025-12-14 15:29:15,436 - INFO - phi = [-0.15452689  0.89590193  0.09491033  0.5548858 ]
2025-12-14 15:29:15,487 - INFO - num_full_subsets = 2
2025-12-14 15:29:15,587 - INFO - phi = [0.29470974 0.3878455  0.22015031 0.02432831]
2025-12-14 15:29:15,634 - INFO - num_full_subsets = 2
2025-12-14 15:29:15,724 - INFO - phi = [-0.1114146  -0.66298932 -0.17064155 -0.69071763]
2025-12-14 15:29:15,771 - INFO - num_full_subsets = 2
2025-12-14 15:29:15,862 - INFO - phi = [-0.14783387 -0.91228022 -0.1996273  -0.26499219]
2025-12-14 15:29:15,909 - INFO - num_full_subsets = 2
2025-12-14 15:29:16,001 - INFO - phi = [-0.15927689 -0.98136203 -0.15301922  0.51731785]
2025-12-14 15:29:16,047 - INFO - num_full_subsets = 2
2025-12-14 15:29:16,139 - INFO - phi = [ 0.199982    0.38460439  0.22058816 -0.40169787]
2025-12-14 15:29:16,191 - INFO - num_full_subsets = 2
2025-12-14 15:29:16,282 - INFO - phi = [-0.16558572 -0.46892735  0.14357818 -0.48377155]
2025-12-14 15:29:16,329 - INFO - num_full_subsets = 2
2025-12-14 15:29:16,417 - INFO - phi = [-0.16995989 -0.09752982  0.29211171  0.34426229]
2025-12-14 15:29:16,464 - INFO - num_full_subsets = 2
2025-12-14 15:29:16,552 - INFO - phi = [-0.14468657 -0.94164521 -0.01164029 -0.52124989]
2025-12-14 15:29:16,599 - INFO - num_full_subsets = 2
2025-12-14 15:29:16,689 - INFO - phi = [-0.14759659  0.66926086 -0.48050241  0.15454018]
2025-12-14 15:29:16,736 - INFO - num_full_subsets = 2
2025-12-14 15:29:16,832 - INFO - phi = [0.38180046 0.51334245 0.18362777 0.63943449]
2025-12-14 15:29:16,880 - INFO - num_full_subsets = 2
2025-12-14 15:29:16,975 - INFO - phi = [-0.11967776 -0.09004617  0.18242784 -0.14110066]
2025-12-14 15:29:17,023 - INFO - num_full_subsets = 2
2025-12-14 15:29:17,120 - INFO - phi = [-0.11231962  0.68508482 -0.32547275  0.56910232]
2025-12-14 15:29:17,172 - INFO - num_full_subsets = 2
2025-12-14 15:29:17,274 - INFO - phi = [-0.11774018  0.66061166 -0.22337991  0.25325467]
2025-12-14 15:29:17,324 - INFO - num_full_subsets = 2
2025-12-14 15:29:17,426 - INFO - phi = [-0.1605532  -0.54869726 -0.22815157 -0.48793354]
2025-12-14 15:29:17,484 - INFO - num_full_subsets = 2
2025-12-14 15:29:17,579 - INFO - phi = [-0.09754928  0.26547038 -0.04752837  0.98007658]
2025-12-14 15:29:17,626 - INFO - num_full_subsets = 2
2025-12-14 15:29:17,718 - INFO - phi = [ 0.24372073  0.4075467  -0.31656457 -0.32185237]
2025-12-14 15:29:17,765 - INFO - num_full_subsets = 2
2025-12-14 15:29:17,859 - INFO - phi = [0.07578786 0.6829956  0.2861168  0.62503564]
2025-12-14 15:29:17,907 - INFO - num_full_subsets = 2
2025-12-14 15:29:17,996 - INFO - phi = [-0.13754212 -0.6597005  -0.23835153 -0.28070402]
2025-12-14 15:29:18,048 - INFO - num_full_subsets = 2
2025-12-14 15:29:18,138 - INFO - phi = [-0.15595163 -0.67639739 -0.28102886 -0.01522943]
2025-12-14 15:29:18,191 - INFO - num_full_subsets = 2
2025-12-14 15:29:18,284 - INFO - phi = [-0.13658899  3.34186731  0.20478989 -0.26344392]
2025-12-14 15:29:18,331 - INFO - num_full_subsets = 2
2025-12-14 15:29:18,420 - INFO - phi = [-0.11148992 -0.66022923 -0.03211721 -0.84711292]
2025-12-14 15:29:18,467 - INFO - num_full_subsets = 2
2025-12-14 15:29:18,555 - INFO - phi = [-0.18922452 -0.81636243  0.23004356  0.40422978]
2025-12-14 15:29:18,602 - INFO - num_full_subsets = 2
2025-12-14 15:29:18,691 - INFO - phi = [ 0.27519398  0.35037685 -0.22808028  0.86879983]
2025-12-14 15:29:18,738 - INFO - num_full_subsets = 2
2025-12-14 15:29:18,833 - INFO - phi = [-0.10217403 -0.6209489   0.47380003 -0.68843439]
2025-12-14 15:29:18,881 - INFO - num_full_subsets = 2
2025-12-14 15:29:18,974 - INFO - phi = [-0.14963716 -0.61793856  0.06730199 -0.80325334]
2025-12-14 15:29:19,021 - INFO - num_full_subsets = 2
2025-12-14 15:29:19,111 - INFO - phi = [0.01694677 0.64010427 0.28746553 0.43636351]
2025-12-14 15:29:19,157 - INFO - num_full_subsets = 2
2025-12-14 15:29:19,247 - INFO - phi = [-0.1332081   1.02817543  0.27971178  0.24564398]
2025-12-14 15:29:19,293 - INFO - num_full_subsets = 2
2025-12-14 15:29:19,386 - INFO - phi = [ 0.17233429  0.83139563  0.28461331 -0.11923225]
2025-12-14 15:29:19,432 - INFO - num_full_subsets = 2
2025-12-14 15:29:19,532 - INFO - phi = [-0.16892219 -1.0831099  -0.09132811  0.05992338]
2025-12-14 15:29:19,580 - INFO - num_full_subsets = 2
2025-12-14 15:29:19,673 - INFO - phi = [-0.07005654  0.78311629  0.3650377   0.73588811]
2025-12-14 15:29:19,721 - INFO - num_full_subsets = 2
2025-12-14 15:29:19,814 - INFO - phi = [-0.12993631 -0.63857431  0.10308935 -0.8198619 ]
2025-12-14 15:29:19,860 - INFO - num_full_subsets = 2
2025-12-14 15:29:19,945 - INFO - phi = [ 0.26951601 -0.00198774 -0.16668064 -0.94657583]
2025-12-14 15:29:19,992 - INFO - num_full_subsets = 2
2025-12-14 15:29:20,081 - INFO - phi = [-0.15742632 -0.76186105  0.11036401 -0.60098652]
2025-12-14 15:29:20,128 - INFO - num_full_subsets = 2
2025-12-14 15:29:20,224 - INFO - phi = [-0.17418899 -0.27567893  0.25117934  0.64286975]
2025-12-14 15:29:20,271 - INFO - num_full_subsets = 2
2025-12-14 15:29:20,363 - INFO - phi = [ 0.42259126 -0.53108754  0.16640692 -0.86337756]
2025-12-14 15:29:20,410 - INFO - num_full_subsets = 2
2025-12-14 15:29:20,498 - INFO - phi = [ 0.42459371 -0.37275139  0.20671665 -0.34892752]
2025-12-14 15:29:20,544 - INFO - num_full_subsets = 2
2025-12-14 15:29:20,631 - INFO - phi = [-0.1507218   0.66393695  0.14742718  0.37689616]
2025-12-14 15:29:20,678 - INFO - num_full_subsets = 2
2025-12-14 15:29:20,767 - INFO - phi = [-0.15759662  0.65061217  0.142229   -0.01134846]
2025-12-14 15:29:20,819 - INFO - num_full_subsets = 2
2025-12-14 15:29:20,909 - INFO - phi = [-0.1840829  -0.97431361  0.05117017 -0.38020642]
2025-12-14 15:29:20,960 - INFO - num_full_subsets = 2
2025-12-14 15:29:21,053 - INFO - phi = [ 0.36598256  0.50898952  0.17286282 -0.93129641]
2025-12-14 15:29:21,099 - INFO - num_full_subsets = 2
2025-12-14 15:29:21,187 - INFO - phi = [-0.11039567  0.67209806 -0.27791648  0.5525726 ]
2025-12-14 15:29:21,233 - INFO - num_full_subsets = 2
2025-12-14 15:29:21,323 - INFO - phi = [0.1344544  0.4260335  0.30020525 0.74145081]
2025-12-14 15:29:21,369 - INFO - num_full_subsets = 2
2025-12-14 15:29:21,462 - INFO - phi = [ 0.33119305 -0.12535431 -0.4374921  -0.22679104]
2025-12-14 15:29:21,521 - INFO - num_full_subsets = 2
2025-12-14 15:29:21,613 - INFO - phi = [ 0.48092426 -0.36664046  0.21195183  0.6546539 ]
2025-12-14 15:29:21,660 - INFO - num_full_subsets = 2
2025-12-14 15:29:21,751 - INFO - phi = [-0.09095453 -0.57575936 -0.22333186 -0.74070828]
2025-12-14 15:29:21,798 - INFO - num_full_subsets = 2
2025-12-14 15:29:21,887 - INFO - phi = [ 0.30069872  0.34607049 -0.42975786 -0.63255804]
2025-12-14 15:29:21,933 - INFO - num_full_subsets = 2
2025-12-14 15:29:22,019 - INFO - phi = [-0.1641173  -0.4681447   0.12745685  0.38607599]
2025-12-14 15:29:22,065 - INFO - num_full_subsets = 2
2025-12-14 15:29:22,161 - INFO - phi = [-0.11458333 -0.71194745 -0.22041269 -0.59033239]
2025-12-14 15:29:22,209 - INFO - num_full_subsets = 2
2025-12-14 15:29:22,301 - INFO - phi = [-0.18416298 -0.68284973  0.19023614  0.66661799]
2025-12-14 15:29:22,347 - INFO - num_full_subsets = 2
2025-12-14 15:29:22,441 - INFO - phi = [-0.14555602 -0.69170757 -0.31658548  0.10714796]
2025-12-14 15:29:22,487 - INFO - num_full_subsets = 2
2025-12-14 15:29:22,578 - INFO - phi = [-0.13281835 -0.32315667 -0.23728814  0.4453388 ]
2025-12-14 15:29:22,624 - INFO - num_full_subsets = 2
2025-12-14 15:29:22,714 - INFO - phi = [-0.08397717  0.28831939  0.11826063  0.59183202]
2025-12-14 15:29:22,760 - INFO - num_full_subsets = 2
2025-12-14 15:29:22,853 - INFO - phi = [-0.10183191 -0.57614108  0.42683671 -0.71986823]
2025-12-14 15:29:22,900 - INFO - num_full_subsets = 2
2025-12-14 15:29:22,989 - INFO - phi = [-0.12496888  0.19873781 -0.32852543  0.11814525]
2025-12-14 15:29:23,035 - INFO - num_full_subsets = 2
2025-12-14 15:29:23,122 - INFO - phi = [-0.04102179  0.53076548 -0.34656969  0.11335435]
2025-12-14 15:29:23,167 - INFO - num_full_subsets = 2
2025-12-14 15:29:23,252 - INFO - phi = [0.36060878 0.06653512 0.20362857 0.14675578]
2025-12-14 15:29:23,297 - INFO - num_full_subsets = 2
2025-12-14 15:29:23,382 - INFO - phi = [-0.10545247  0.87440535  0.35022966  0.21657157]
2025-12-14 15:29:23,427 - INFO - num_full_subsets = 2
2025-12-14 15:29:23,520 - INFO - phi = [-0.19487264 -0.78870492  0.22161726  0.35670065]
2025-12-14 15:29:23,567 - INFO - num_full_subsets = 2
2025-12-14 15:29:23,655 - INFO - phi = [-0.17826979 -0.92535175  0.07751506  0.11899885]
2025-12-14 15:29:23,701 - INFO - num_full_subsets = 2
2025-12-14 15:29:23,792 - INFO - phi = [-0.07834934  0.87829532  0.44932329  0.84677214]
2025-12-14 15:29:23,837 - INFO - num_full_subsets = 2
2025-12-14 15:29:23,929 - INFO - phi = [ 0.27368876  0.54228211 -0.66375101  0.40999519]
2025-12-14 15:29:23,975 - INFO - num_full_subsets = 2
2025-12-14 15:29:24,063 - INFO - phi = [0.42808348 0.60088176 0.10682747 0.59108612]
2025-12-14 15:29:24,113 - INFO - num_full_subsets = 2
2025-12-14 15:29:24,204 - INFO - phi = [ 0.29390177 -0.29515947 -0.48140206  0.36824813]
2025-12-14 15:29:24,250 - INFO - num_full_subsets = 2
2025-12-14 15:29:24,343 - INFO - phi = [-0.10400319 -0.13678728  0.30266575 -0.94005035]
2025-12-14 15:29:24,389 - INFO - num_full_subsets = 2
2025-12-14 15:29:24,481 - INFO - phi = [ 0.09673928  0.52948514 -0.30356555  0.54584061]
2025-12-14 15:29:24,526 - INFO - num_full_subsets = 2
2025-12-14 15:29:24,613 - INFO - phi = [-0.12453248 -0.50796134  0.18510925  0.66450733]
2025-12-14 15:29:24,660 - INFO - num_full_subsets = 2
2025-12-14 15:29:24,747 - INFO - phi = [-0.18882466 -0.75841059  0.03378391 -0.05748941]
2025-12-14 15:29:24,799 - INFO - num_full_subsets = 2
2025-12-14 15:29:24,887 - INFO - phi = [-0.09435265 -0.24012057  0.46126029 -0.91494028]
2025-12-14 15:29:24,933 - INFO - num_full_subsets = 2
2025-12-14 15:29:25,021 - INFO - phi = [-0.17304231 -1.18406415  0.12846504  0.17053913]
2025-12-14 15:29:25,066 - INFO - num_full_subsets = 2
2025-12-14 15:29:25,153 - INFO - phi = [-0.1409699  -0.80377611 -0.24015531 -0.24722189]
2025-12-14 15:29:25,200 - INFO - num_full_subsets = 2
2025-12-14 15:29:25,287 - INFO - phi = [-0.20102182 -0.93070504  0.13527852  0.38363626]
2025-12-14 15:29:25,332 - INFO - num_full_subsets = 2
2025-12-14 15:29:25,422 - INFO - phi = [-0.03586799  0.03000133  0.20951437  0.69481097]
2025-12-14 15:29:25,469 - INFO - num_full_subsets = 2
2025-12-14 15:29:25,557 - INFO - phi = [ 0.281468    0.30904462 -0.35128125 -0.9947849 ]
2025-12-14 15:29:25,603 - INFO - num_full_subsets = 2
2025-12-14 15:29:25,694 - INFO - phi = [ 0.06527137  0.60746673 -0.42639565  0.47914688]
2025-12-14 15:29:25,739 - INFO - num_full_subsets = 2
2025-12-14 15:29:25,829 - INFO - phi = [-0.13487905 -0.64421177  0.06876836 -0.81199904]
2025-12-14 15:29:25,875 - INFO - num_full_subsets = 2
2025-12-14 15:29:25,966 - INFO - phi = [-0.17157267 -0.41595536  0.10901014  0.04923996]
2025-12-14 15:29:26,010 - INFO - num_full_subsets = 2
2025-12-14 15:29:26,105 - INFO - phi = [ 0.02041876  0.65805695 -0.33269917  0.46304294]
2025-12-14 15:29:26,151 - INFO - num_full_subsets = 2
2025-12-14 15:29:26,240 - INFO - phi = [-0.08969221  0.78337469  0.30090648  0.67505703]
2025-12-14 15:29:26,285 - INFO - num_full_subsets = 2
2025-12-14 15:29:26,374 - INFO - phi = [-0.10677595  0.58498761 -0.07120244  0.66066014]
2025-12-14 15:29:26,419 - INFO - num_full_subsets = 2
2025-12-14 15:29:26,508 - INFO - phi = [-0.15208437 -0.74444781  0.10098274 -0.65582215]
2025-12-14 15:29:26,553 - INFO - num_full_subsets = 2
2025-12-14 15:29:26,644 - INFO - phi = [-0.13552969 -0.79231145  0.30828404 -0.44345291]
2025-12-14 15:29:26,690 - INFO - num_full_subsets = 2
2025-12-14 15:29:26,785 - INFO - phi = [-0.11825242  0.62799331 -0.05405486  0.82668809]
2025-12-14 15:29:26,830 - INFO - num_full_subsets = 2
2025-12-14 15:29:26,920 - INFO - phi = [ 0.22079637  0.23289955 -0.25832491 -1.0253488 ]
2025-12-14 15:29:26,965 - INFO - num_full_subsets = 2
2025-12-14 15:29:27,055 - INFO - phi = [ 0.41341883 -0.22565307  0.18796151 -0.83008517]
2025-12-14 15:29:27,100 - INFO - num_full_subsets = 2
2025-12-14 15:29:27,190 - INFO - phi = [-0.13480922  0.29602246 -0.11053721 -0.63236162]
2025-12-14 15:29:27,235 - INFO - num_full_subsets = 2
2025-12-14 15:29:27,326 - INFO - phi = [0.35167422 0.66068938 0.2064028  0.7208028 ]
2025-12-14 15:29:27,377 - INFO - num_full_subsets = 2
2025-12-14 15:29:27,466 - INFO - phi = [-0.14164057 -0.74050167  0.26803857 -0.42768637]
2025-12-14 15:29:27,512 - INFO - num_full_subsets = 2
2025-12-14 15:29:27,600 - INFO - phi = [-0.11969144 -0.70357993  0.08530017 -0.80400147]
2025-12-14 15:29:27,645 - INFO - num_full_subsets = 2
2025-12-14 15:29:27,736 - INFO - phi = [ 0.25187724  0.53302135 -0.41073034 -0.07189024]
2025-12-14 15:29:27,781 - INFO - num_full_subsets = 2
2025-12-14 15:29:27,874 - INFO - phi = [-0.09244406 -0.29367491  0.52931808 -0.85906786]
2025-12-14 15:29:27,920 - INFO - num_full_subsets = 2
2025-12-14 15:29:28,009 - INFO - phi = [ 0.25837997  0.28577325 -0.26055844 -0.37776991]
2025-12-14 15:29:28,059 - INFO - num_full_subsets = 2
2025-12-14 15:29:28,146 - INFO - phi = [-0.13552494 -0.44171115 -0.40252488  0.66086441]
2025-12-14 15:29:28,190 - INFO - num_full_subsets = 2
2025-12-14 15:29:28,281 - INFO - phi = [-0.15627747 -0.92417534 -0.23217831  0.29008873]
2025-12-14 15:29:28,326 - INFO - num_full_subsets = 2
2025-12-14 15:29:28,416 - INFO - phi = [ 0.39655997  0.11929864  0.26330183 -0.24922368]
2025-12-14 15:29:28,460 - INFO - num_full_subsets = 2
2025-12-14 15:29:28,546 - INFO - phi = [-0.13789215 -0.82586676 -0.23660457 -0.29857583]
2025-12-14 15:29:28,591 - INFO - num_full_subsets = 2
2025-12-14 15:29:28,684 - INFO - phi = [ 0.38342888 -0.14021655  0.18012383 -0.28574055]
2025-12-14 15:29:28,731 - INFO - num_full_subsets = 2
2025-12-14 15:29:28,822 - INFO - phi = [ 0.02459972 -0.08796561 -0.27380199  0.17074261]
2025-12-14 15:29:28,867 - INFO - num_full_subsets = 2
2025-12-14 15:29:28,954 - INFO - phi = [0.32188309 0.69640991 0.28767138 0.37275582]
2025-12-14 15:29:28,999 - INFO - num_full_subsets = 2
2025-12-14 15:29:29,086 - INFO - phi = [-0.16250533 -0.95700238 -0.23120829  0.30607267]
2025-12-14 15:29:29,132 - INFO - num_full_subsets = 2
2025-12-14 15:29:29,220 - INFO - phi = [-0.17342947 -0.77283947  0.11581822 -0.53188966]
2025-12-14 15:29:29,265 - INFO - num_full_subsets = 2
2025-12-14 15:29:29,363 - INFO - phi = [-0.19854875 -0.63378638  0.07658847 -0.4399824 ]
2025-12-14 15:29:29,415 - INFO - num_full_subsets = 2
2025-12-14 15:29:29,510 - INFO - phi = [-0.14197022  0.18643456 -0.04590265 -0.69248114]
2025-12-14 15:29:29,555 - INFO - num_full_subsets = 2
2025-12-14 15:29:29,643 - INFO - phi = [-0.10991928 -0.32795801  0.36215884 -0.63464903]
2025-12-14 15:29:29,688 - INFO - num_full_subsets = 2
2025-12-14 15:29:29,773 - INFO - phi = [-0.13922791  0.73290404  0.20303035  0.60522501]
2025-12-14 15:29:29,819 - INFO - num_full_subsets = 2
2025-12-14 15:29:29,908 - INFO - phi = [ 0.11670656  0.3944222  -0.62344071  0.0426546 ]
2025-12-14 15:29:29,953 - INFO - num_full_subsets = 2
2025-12-14 15:29:30,047 - INFO - phi = [-0.0814465   0.34478549 -0.2247487   1.05250297]
2025-12-14 15:29:30,094 - INFO - num_full_subsets = 2
2025-12-14 15:29:30,182 - INFO - phi = [ 0.2424522   0.20024983  0.25018968 -0.84164588]
2025-12-14 15:29:30,227 - INFO - num_full_subsets = 2
2025-12-14 15:29:30,316 - INFO - phi = [-0.07537931  0.48890316 -0.25178959  0.80193738]
2025-12-14 15:29:30,362 - INFO - num_full_subsets = 2
2025-12-14 15:29:30,451 - INFO - phi = [ 0.29390177 -0.29515947 -0.48140206  0.36824813]
2025-12-14 15:29:30,497 - INFO - num_full_subsets = 2
2025-12-14 15:29:30,586 - INFO - phi = [ 0.46646238  0.74496172 -0.26508507 -0.00796383]
2025-12-14 15:29:30,636 - INFO - num_full_subsets = 2
2025-12-14 15:29:30,729 - INFO - phi = [-0.18231497 -0.9401259   0.12075621  0.4092545 ]
2025-12-14 15:29:30,774 - INFO - num_full_subsets = 2
2025-12-14 15:29:30,863 - INFO - phi = [-0.07595628  0.6711113  -0.23951008  0.62809893]
2025-12-14 15:29:30,908 - INFO - num_full_subsets = 2
2025-12-14 15:29:30,993 - INFO - phi = [ 0.31064496 -0.06238762 -0.27079507 -0.46865059]
2025-12-14 15:29:31,038 - INFO - num_full_subsets = 2
2025-12-14 15:29:31,125 - INFO - phi = [ 0.21976286  0.30580144 -0.21973493 -0.25223148]
2025-12-14 15:29:31,169 - INFO - num_full_subsets = 2
2025-12-14 15:29:31,257 - INFO - phi = [-0.10381982  1.1442032   0.40717859  0.42157552]
2025-12-14 15:29:31,307 - INFO - num_full_subsets = 2
2025-12-14 15:29:31,400 - INFO - phi = [-0.16546892 -0.75979524 -0.14254143 -0.49605963]
2025-12-14 15:29:31,445 - INFO - num_full_subsets = 2
2025-12-14 15:29:31,537 - INFO - phi = [0.29317407 0.53411875 0.33744956 0.56192284]
2025-12-14 15:29:31,582 - INFO - num_full_subsets = 2
2025-12-14 15:29:31,671 - INFO - phi = [-0.0392164   0.64827069  0.05681423  0.44083496]
2025-12-14 15:29:31,716 - INFO - num_full_subsets = 2
2025-12-14 15:29:31,799 - INFO - phi = [-0.07912134  0.15865527 -0.3574806   0.32658499]
2025-12-14 15:29:31,844 - INFO - num_full_subsets = 2
2025-12-14 15:29:31,942 - INFO - phi = [-0.17934593 -1.01650909 -0.03553861 -0.11321781]
2025-12-14 15:29:31,988 - INFO - num_full_subsets = 2
2025-12-14 15:29:32,079 - INFO - phi = [ 0.31344198 -0.00836575 -0.54573709  0.71493141]
2025-12-14 15:29:32,125 - INFO - num_full_subsets = 2
2025-12-14 15:29:32,216 - INFO - phi = [-0.07869235  0.69253429 -0.40860805  0.67882217]
2025-12-14 15:29:32,262 - INFO - num_full_subsets = 2
2025-12-14 15:29:32,352 - INFO - phi = [-0.09816086  0.56966437 -0.31508295  0.39434731]
2025-12-14 15:29:32,397 - INFO - num_full_subsets = 2
2025-12-14 15:29:32,486 - INFO - phi = [-0.11962384 -0.7313369   0.32478066 -0.62659668]
2025-12-14 15:29:32,531 - INFO - num_full_subsets = 2
2025-12-14 15:29:32,631 - INFO - phi = [-0.10912046 -0.0245015  -0.41454793  0.45394468]
2025-12-14 15:29:32,678 - INFO - num_full_subsets = 2
2025-12-14 15:29:32,765 - INFO - phi = [-0.17610933  0.6644707   0.09638393 -0.41178983]
2025-12-14 15:29:32,816 - INFO - num_full_subsets = 2
2025-12-14 15:29:32,905 - INFO - phi = [ 0.2184949   0.30421992  0.24601005 -0.64622186]
2025-12-14 15:29:32,949 - INFO - num_full_subsets = 2
2025-12-14 15:29:33,039 - INFO - phi = [-0.16184104 -0.25137197 -0.11367729 -0.44569899]
2025-12-14 15:29:33,085 - INFO - num_full_subsets = 2
2025-12-14 15:29:33,177 - INFO - phi = [-0.11978994 -0.67746033  0.354704   -0.56328692]
2025-12-14 15:29:33,222 - INFO - num_full_subsets = 2
2025-12-14 15:29:33,319 - INFO - phi = [-0.06276172  0.51860325 -0.31548559 -0.24352303]
2025-12-14 15:29:33,365 - INFO - num_full_subsets = 2
2025-12-14 15:29:33,452 - INFO - phi = [ 0.38279666  0.56693705  0.18714478 -0.83438543]
2025-12-14 15:29:33,498 - INFO - num_full_subsets = 2
2025-12-14 15:29:33,586 - INFO - phi = [-0.15546801  0.71868168 -0.40550316  0.81391693]
2025-12-14 15:29:33,631 - INFO - num_full_subsets = 2
2025-12-14 15:29:33,720 - INFO - phi = [-0.14989121 -0.27588444  0.1214526  -0.38090438]
2025-12-14 15:29:33,766 - INFO - num_full_subsets = 2
2025-12-14 15:29:33,856 - INFO - phi = [-0.08781216 -0.29645224  0.45416097 -0.86136738]
2025-12-14 15:29:33,905 - INFO - num_full_subsets = 2
2025-12-14 15:29:33,997 - INFO - phi = [-0.14463547 -0.79287415  0.09156396 -0.64160857]
2025-12-14 15:29:34,043 - INFO - num_full_subsets = 2
2025-12-14 15:29:34,133 - INFO - phi = [-0.15183501 -0.70252862 -0.22419351  0.38744721]
2025-12-14 15:29:34,178 - INFO - num_full_subsets = 2
2025-12-14 15:29:34,267 - INFO - phi = [-0.12615745 -0.67541968  0.28238595 -0.62564135]
2025-12-14 15:29:34,312 - INFO - num_full_subsets = 2
2025-12-14 15:29:34,401 - INFO - phi = [-0.2018968  -0.60590168  0.13178123 -0.39845105]
2025-12-14 15:29:34,446 - INFO - num_full_subsets = 2
2025-12-14 15:29:34,534 - INFO - phi = [ 0.30480937 -0.13197775  0.29569867 -0.69888559]
2025-12-14 15:29:34,584 - INFO - num_full_subsets = 2
2025-12-14 15:29:34,676 - INFO - phi = [-0.1002324   0.72007518  0.19429755  0.80963773]
2025-12-14 15:29:34,722 - INFO - num_full_subsets = 2
2025-12-14 15:29:34,814 - INFO - phi = [0.28885875 0.80080661 0.32315779 0.47111441]
2025-12-14 15:29:34,860 - INFO - num_full_subsets = 2
2025-12-14 15:29:34,949 - INFO - phi = [-0.14544917 -0.67065239 -0.20942454 -0.54804873]
2025-12-14 15:29:34,994 - INFO - num_full_subsets = 2
2025-12-14 15:29:35,083 - INFO - phi = [-0.14945214  0.03251556  0.14105332  0.82165287]
2025-12-14 15:29:35,128 - INFO - num_full_subsets = 2
2025-12-14 15:29:35,222 - INFO - phi = [ 0.27751759  0.3487785  -0.57300694  0.40462087]
2025-12-14 15:29:35,268 - INFO - num_full_subsets = 2
2025-12-14 15:29:35,358 - INFO - phi = [ 0.4149802   0.7959159   0.23628963 -0.18103648]
2025-12-14 15:29:35,403 - INFO - num_full_subsets = 2
2025-12-14 15:29:35,490 - INFO - phi = [ 0.36510196 -0.26834598  0.23913445 -0.78567046]
2025-12-14 15:29:35,535 - INFO - num_full_subsets = 2
2025-12-14 15:29:35,621 - INFO - phi = [-0.05467612  0.74839543  0.3651575   0.75049963]
2025-12-14 15:29:35,665 - INFO - num_full_subsets = 2
2025-12-14 15:29:35,750 - INFO - phi = [-0.13163175 -0.74037918 -0.15063199 -0.62118706]
2025-12-14 15:29:35,795 - INFO - num_full_subsets = 2
2025-12-14 15:29:35,890 - INFO - phi = [-0.12933161 -0.68425353  0.17515445 -0.71177608]
2025-12-14 15:29:35,936 - INFO - num_full_subsets = 2
2025-12-14 15:29:36,025 - INFO - phi = [-0.1239794   0.84448709  0.36853774  0.58221417]
2025-12-14 15:29:36,070 - INFO - num_full_subsets = 2
2025-12-14 15:29:36,155 - INFO - phi = [-0.04682898  0.16012056 -0.62004482  0.45202684]
2025-12-14 15:29:36,200 - INFO - num_full_subsets = 2
2025-12-14 15:29:36,289 - INFO - phi = [-0.06779649 -0.18619109 -0.4192977   0.24815893]
2025-12-14 15:29:36,334 - INFO - num_full_subsets = 2
2025-12-14 15:29:36,422 - INFO - phi = [-0.13862424 -0.72496143 -0.0616271  -0.72384823]
2025-12-14 15:29:36,466 - INFO - num_full_subsets = 2
2025-12-14 15:29:36,556 - INFO - phi = [-0.03929824  0.6784325   0.32079524  0.69206588]
2025-12-14 15:29:36,601 - INFO - num_full_subsets = 2
2025-12-14 15:29:36,693 - INFO - phi = [0.35812303 0.58300941 0.25976785 0.25295591]
2025-12-14 15:29:36,738 - INFO - num_full_subsets = 2
2025-12-14 15:29:36,830 - INFO - phi = [-0.10962535  0.54797209 -0.60213213  0.20014347]
2025-12-14 15:29:36,875 - INFO - num_full_subsets = 2
2025-12-14 15:29:36,963 - INFO - phi = [-0.14621538  1.81284224  0.08050217  0.3869468 ]
2025-12-14 15:29:37,008 - INFO - num_full_subsets = 2
2025-12-14 15:29:37,097 - INFO - phi = [ 0.16475223 -0.31757556 -0.22815999  0.47737901]
2025-12-14 15:29:37,146 - INFO - num_full_subsets = 2
2025-12-14 15:29:37,237 - INFO - phi = [-0.1435509  -0.80523829 -0.17939719  0.94668566]
2025-12-14 15:29:37,282 - INFO - num_full_subsets = 2
2025-12-14 15:29:37,370 - INFO - phi = [-0.06789992  0.42186318  0.62022278 -1.31328024]
2025-12-14 15:29:37,415 - INFO - num_full_subsets = 2
2025-12-14 15:29:37,505 - INFO - phi = [ 0.32134764  0.23969446 -0.00936165  0.27431973]
2025-12-14 15:29:37,550 - INFO - num_full_subsets = 2
2025-12-14 15:29:37,642 - INFO - phi = [-0.10879649  0.38145683  0.08363363  0.72462597]
2025-12-14 15:29:37,687 - INFO - num_full_subsets = 2
2025-12-14 15:29:37,777 - INFO - phi = [-0.05602544  0.6244483   0.3272651   0.71542436]
2025-12-14 15:29:37,827 - INFO - num_full_subsets = 2
2025-12-14 15:29:37,917 - INFO - phi = [ 0.0523796   0.17687191 -0.48263737  0.48389248]
2025-12-14 15:29:37,964 - INFO - num_full_subsets = 2
2025-12-14 15:29:38,051 - INFO - phi = [ 0.21976286  0.30580144 -0.21973493 -0.25223148]
2025-12-14 15:29:38,551 - INFO - Computing feature importance...
2025-12-14 15:29:46,235 - INFO - Experiment completed for CNN
2025-12-14 15:29:46,235 - INFO - Total time: 236.16s (3.94 min)
2025-12-14 15:29:46,235 - INFO - Starting comprehensive experiment for CNN
2025-12-14 15:29:55,066 - INFO - Performing feature analysis...
2025-12-14 15:29:56,257 - INFO - Model justification: Fast 1D Convolutional Neural Network - perfect for tabular features with local patterns
2025-12-14 15:29:56,257 - INFO - Performing robust cross-validation...
2025-12-14 15:30:15,068 - INFO - CV Results - MSE: 2.2302 ± 0.3824
2025-12-14 15:30:15,068 - INFO - Starting hyperparameter optimization...
2025-12-14 15:33:19,806 - INFO - Best parameters for CNN: {'filters': 62, 'kernel_size': 3, 'dense_units': 49, 'lr': 0.027296882254143954, 'epochs': 83}
2025-12-14 15:33:19,806 - INFO - ⏱️ HPO took 184.74 seconds
2025-12-14 15:33:19,806 - INFO - Training final model...
2025-12-14 15:33:23,411 - INFO - ⏱️ Training took 3.61 seconds
2025-12-14 15:33:23,411 - INFO - Performing residual analysis...
2025-12-14 15:33:24,460 - INFO - Generating XAI explanations...
2025-12-14 15:33:24,495 - WARNING - Using 168 background data samples could cause slower run times. Consider using shap.sample(data, K) or shap.kmeans(data, K) to summarize the background as K samples.
2025-12-14 15:33:24,543 - INFO - num_full_subsets = 2
2025-12-14 15:33:24,634 - INFO - phi = [-0.02109271  0.55585997  0.100463    0.23072752]
2025-12-14 15:33:24,678 - INFO - num_full_subsets = 2
2025-12-14 15:33:24,763 - INFO - phi = [-0.50514934  0.52172491  0.16086196 -0.38040703]
2025-12-14 15:33:24,809 - INFO - num_full_subsets = 2
2025-12-14 15:33:24,900 - INFO - phi = [ 0.11683734  0.65251481 -0.23464692  0.09079216]
2025-12-14 15:33:24,946 - INFO - num_full_subsets = 2
2025-12-14 15:33:25,030 - INFO - phi = [ 0.19882764 -0.11186074 -0.12925126  0.17543261]
2025-12-14 15:33:25,075 - INFO - num_full_subsets = 2
2025-12-14 15:33:25,164 - INFO - phi = [-0.27537327  0.46334413  0.04466735 -0.38389996]
2025-12-14 15:33:25,210 - INFO - num_full_subsets = 2
2025-12-14 15:33:25,299 - INFO - phi = [ 0.20380741  1.2244429  -0.28854717  0.20733041]
2025-12-14 15:33:25,344 - INFO - num_full_subsets = 2
2025-12-14 15:33:25,437 - INFO - phi = [-0.26391748 -1.11815569 -0.03081665 -0.1197017 ]
2025-12-14 15:33:25,483 - INFO - num_full_subsets = 2
2025-12-14 15:33:25,576 - INFO - phi = [-0.21743537  0.41587039 -0.0521023  -0.32136672]
2025-12-14 15:33:25,621 - INFO - num_full_subsets = 2
2025-12-14 15:33:25,710 - INFO - phi = [ 0.38519871 -0.1211334  -0.29711662  0.13782011]
2025-12-14 15:33:25,755 - INFO - num_full_subsets = 2
2025-12-14 15:33:25,839 - INFO - phi = [-0.29171281 -1.38109581 -0.15837736 -0.13301959]
2025-12-14 15:33:25,884 - INFO - num_full_subsets = 2
2025-12-14 15:33:25,970 - INFO - phi = [-0.2100497  -1.53472272 -0.10248005 -0.1169531 ]
2025-12-14 15:33:26,018 - INFO - num_full_subsets = 2
2025-12-14 15:33:26,101 - INFO - phi = [-0.01538927  0.1389298  -0.25417596  0.02192327]
2025-12-14 15:33:26,146 - INFO - num_full_subsets = 2
2025-12-14 15:33:26,234 - INFO - phi = [-0.2337845   0.39195356  0.02899408 -0.35522244]
2025-12-14 15:33:26,279 - INFO - num_full_subsets = 2
2025-12-14 15:33:26,370 - INFO - phi = [0.59733905 1.28136258 0.22856    0.43374307]
2025-12-14 15:33:26,417 - INFO - num_full_subsets = 2
2025-12-14 15:33:26,510 - INFO - phi = [-0.14380431 -1.17584678  0.45076765  0.45234335]
2025-12-14 15:33:26,555 - INFO - num_full_subsets = 2
2025-12-14 15:33:26,650 - INFO - phi = [-0.2931057  -1.25822388  0.16180914 -0.48256103]
2025-12-14 15:33:26,697 - INFO - num_full_subsets = 2
2025-12-14 15:33:26,785 - INFO - phi = [ 0.05250527  0.87599818 -0.134506    0.32298887]
2025-12-14 15:33:26,830 - INFO - num_full_subsets = 2
2025-12-14 15:33:26,920 - INFO - phi = [0.46686214 1.08890673 0.1833188  0.35273882]
2025-12-14 15:33:26,965 - INFO - num_full_subsets = 2
2025-12-14 15:33:27,050 - INFO - phi = [ 0.63093477  1.00159752 -0.06628773 -0.04692832]
2025-12-14 15:33:27,094 - INFO - num_full_subsets = 2
2025-12-14 15:33:27,181 - INFO - phi = [-0.07148328  0.22039263 -0.25613855  0.14942601]
2025-12-14 15:33:27,226 - INFO - num_full_subsets = 2
2025-12-14 15:33:27,323 - INFO - phi = [-0.07420189  0.86724782 -0.22854958 -0.06748416]
2025-12-14 15:33:27,369 - INFO - num_full_subsets = 2
2025-12-14 15:33:27,461 - INFO - phi = [-0.32555731 -1.30380205 -0.09174931 -0.13942356]
2025-12-14 15:33:27,506 - INFO - num_full_subsets = 2
2025-12-14 15:33:27,593 - INFO - phi = [-0.33337208 -1.21693434  0.01992686 -0.43382601]
2025-12-14 15:33:27,637 - INFO - num_full_subsets = 2
2025-12-14 15:33:27,725 - INFO - phi = [ 0.88754085  0.00511933 -0.24972164  0.08972276]
2025-12-14 15:33:27,771 - INFO - num_full_subsets = 2
2025-12-14 15:33:27,861 - INFO - phi = [ 0.02676256  0.12159605 -0.00533715 -0.37415678]
2025-12-14 15:33:27,906 - INFO - num_full_subsets = 2
2025-12-14 15:33:28,001 - INFO - phi = [-0.2650316  -1.40573504 -0.08993619 -0.20350273]
2025-12-14 15:33:28,047 - INFO - num_full_subsets = 2
2025-12-14 15:33:28,133 - INFO - phi = [-0.20363429  0.19459611  0.2222656  -0.33942899]
2025-12-14 15:33:28,178 - INFO - num_full_subsets = 2
2025-12-14 15:33:28,270 - INFO - phi = [-0.29534049 -1.31677515  0.12772835 -0.47981828]
2025-12-14 15:33:28,316 - INFO - num_full_subsets = 2
2025-12-14 15:33:28,401 - INFO - phi = [0.29210992 1.03235673 0.23517588 0.40646441]
2025-12-14 15:33:28,447 - INFO - num_full_subsets = 2
2025-12-14 15:33:28,537 - INFO - phi = [ 0.16430267  0.73340564  0.02246173 -0.29735819]
2025-12-14 15:33:28,586 - INFO - num_full_subsets = 2
2025-12-14 15:33:28,675 - INFO - phi = [-0.00610479  1.10751432 -0.06613492  0.29448791]
2025-12-14 15:33:28,719 - INFO - num_full_subsets = 2
2025-12-14 15:33:28,807 - INFO - phi = [ 0.75981304  0.8286882  -0.05012994 -0.09006947]
2025-12-14 15:33:28,852 - INFO - num_full_subsets = 2
2025-12-14 15:33:28,934 - INFO - phi = [-0.49054867  0.52805165  0.13512876 -0.4129228 ]
2025-12-14 15:33:28,978 - INFO - num_full_subsets = 2
2025-12-14 15:33:29,061 - INFO - phi = [-0.09382269  0.80768145 -0.07760803 -0.07660311]
2025-12-14 15:33:29,105 - INFO - num_full_subsets = 2
2025-12-14 15:33:29,196 - INFO - phi = [-0.03248315  0.37685512 -0.22251925  0.14594767]
2025-12-14 15:33:29,246 - INFO - num_full_subsets = 2
2025-12-14 15:33:29,336 - INFO - phi = [-0.03248315  0.37685512 -0.22251925  0.14594767]
2025-12-14 15:33:29,385 - INFO - num_full_subsets = 2
2025-12-14 15:33:29,477 - INFO - phi = [-0.06521641  1.05076582 -0.02597312 -0.25629674]
2025-12-14 15:33:29,521 - INFO - num_full_subsets = 2
2025-12-14 15:33:29,607 - INFO - phi = [-0.34188573 -1.13199876 -0.0170879  -0.47323319]
2025-12-14 15:33:29,651 - INFO - num_full_subsets = 2
2025-12-14 15:33:29,737 - INFO - phi = [-0.29622666 -1.39121222  0.19078067 -0.46754736]
2025-12-14 15:33:29,781 - INFO - num_full_subsets = 2
2025-12-14 15:33:29,869 - INFO - phi = [-0.21042219 -1.52417324 -0.36346956  0.13385942]
2025-12-14 15:33:30,275 - INFO - num_full_subsets = 2
2025-12-14 15:33:30,371 - INFO - phi = [-0.26031807 -1.44098484 -0.10797611 -0.15492656]
2025-12-14 15:33:30,422 - INFO - num_full_subsets = 2
2025-12-14 15:33:30,521 - INFO - phi = [-0.23828872 -1.1952063   0.28054801  0.07477116]
2025-12-14 15:33:30,571 - INFO - num_full_subsets = 2
2025-12-14 15:33:30,667 - INFO - phi = [ 0.75981304  0.8286882  -0.05012994 -0.09006947]
2025-12-14 15:33:30,718 - INFO - num_full_subsets = 2
2025-12-14 15:33:30,813 - INFO - phi = [-0.08482774  0.70523015 -0.14250582 -0.0049928 ]
2025-12-14 15:33:30,870 - INFO - num_full_subsets = 2
2025-12-14 15:33:30,965 - INFO - phi = [-0.26432079  0.2312118  -0.12952936 -0.17385032]
2025-12-14 15:33:31,015 - INFO - num_full_subsets = 2
2025-12-14 15:33:31,112 - INFO - phi = [-0.1077301  -0.23490093  0.06362394 -0.00609046]
2025-12-14 15:33:31,163 - INFO - num_full_subsets = 2
2025-12-14 15:33:31,261 - INFO - phi = [-0.43246626  0.49542866 -0.02993009 -0.37935527]
2025-12-14 15:33:31,313 - INFO - num_full_subsets = 2
2025-12-14 15:33:31,407 - INFO - phi = [-0.08839842 -0.65455817  0.2597506   0.45069767]
2025-12-14 15:33:31,463 - INFO - num_full_subsets = 2
2025-12-14 15:33:31,562 - INFO - phi = [-0.36385679 -1.17470781 -0.03101753 -0.39462344]
2025-12-14 15:33:31,612 - INFO - num_full_subsets = 2
2025-12-14 15:33:31,704 - INFO - phi = [ 0.2268763   0.7120625  -0.1048644   0.00586381]
2025-12-14 15:33:31,754 - INFO - num_full_subsets = 2
2025-12-14 15:33:31,851 - INFO - phi = [ 0.02886579  0.98384988  0.11245461 -0.09271622]
2025-12-14 15:33:31,903 - INFO - num_full_subsets = 2
2025-12-14 15:33:31,995 - INFO - phi = [-0.31320743 -1.29875461  0.00978015 -0.36202367]
2025-12-14 15:33:32,051 - INFO - num_full_subsets = 2
2025-12-14 15:33:32,143 - INFO - phi = [ 0.37129221  1.01397745 -0.12289254  0.20660087]
2025-12-14 15:33:32,193 - INFO - num_full_subsets = 2
2025-12-14 15:33:32,286 - INFO - phi = [0.00710045 0.50292987 0.36229782 0.05946083]
2025-12-14 15:33:32,337 - INFO - num_full_subsets = 2
2025-12-14 15:33:32,432 - INFO - phi = [-0.36558537  0.47102673  0.01035843 -0.44623549]
2025-12-14 15:33:32,483 - INFO - num_full_subsets = 2
2025-12-14 15:33:32,581 - INFO - phi = [-0.27971049 -1.23040986  0.08728853  0.31118176]
2025-12-14 15:33:32,632 - INFO - num_full_subsets = 2
2025-12-14 15:33:32,738 - INFO - phi = [-0.11596649 -0.24580216 -0.1244902   0.16249743]
2025-12-14 15:33:32,788 - INFO - num_full_subsets = 2
2025-12-14 15:33:32,887 - INFO - phi = [-0.29462299 -1.30299557  0.07171832 -0.43830533]
2025-12-14 15:33:32,937 - INFO - num_full_subsets = 2
2025-12-14 15:33:33,031 - INFO - phi = [ 0.42701784  0.73706603 -0.16580034  0.1039485 ]
2025-12-14 15:33:33,083 - INFO - num_full_subsets = 2
2025-12-14 15:33:33,180 - INFO - phi = [ 0.05258784 -0.98305099 -0.21678222  0.15881981]
2025-12-14 15:33:33,231 - INFO - num_full_subsets = 2
2025-12-14 15:33:33,326 - INFO - phi = [ 0.17616933  1.07688291 -0.15923263  0.25935179]
2025-12-14 15:33:33,384 - INFO - num_full_subsets = 2
2025-12-14 15:33:33,481 - INFO - phi = [0.05446543 0.768983   0.18796581 0.28126751]
2025-12-14 15:33:33,532 - INFO - num_full_subsets = 2
2025-12-14 15:33:33,630 - INFO - phi = [ 4.20405810e-04  7.00401237e-01 -2.56862336e-01  1.12333139e-02]
2025-12-14 15:33:33,680 - INFO - num_full_subsets = 2
2025-12-14 15:33:33,779 - INFO - phi = [-0.26043369 -1.46840984 -0.08384242 -0.15151961]
2025-12-14 15:33:33,829 - INFO - num_full_subsets = 2
2025-12-14 15:33:33,927 - INFO - phi = [-0.27671751 -1.09616294 -0.30354916  0.17506925]
2025-12-14 15:33:33,977 - INFO - num_full_subsets = 2
2025-12-14 15:33:34,077 - INFO - phi = [-0.20066177  0.65995353  0.0458917  -0.04725809]
2025-12-14 15:33:34,127 - INFO - num_full_subsets = 2
2025-12-14 15:33:34,223 - INFO - phi = [0.47067484 0.61839244 0.20647446 0.35921773]
2025-12-14 15:33:34,274 - INFO - num_full_subsets = 2
2025-12-14 15:33:34,370 - INFO - phi = [-0.22060314 -1.21162244  0.39730009  0.5654479 ]
2025-12-14 15:33:34,421 - INFO - num_full_subsets = 2
2025-12-14 15:33:34,517 - INFO - phi = [ 0.25768748  1.08106417  0.09538092 -0.05302377]
2025-12-14 15:33:34,568 - INFO - num_full_subsets = 2
2025-12-14 15:33:34,665 - INFO - phi = [ 0.28469564  1.20610037 -0.31818787  0.14987642]
2025-12-14 15:33:34,718 - INFO - num_full_subsets = 2
2025-12-14 15:33:34,824 - INFO - phi = [-0.19531553  0.35037471  0.08004667 -0.30811004]
2025-12-14 15:33:34,875 - INFO - num_full_subsets = 2
2025-12-14 15:33:34,973 - INFO - phi = [0.81219486 0.78892702 0.05989827 0.30187149]
2025-12-14 15:33:35,024 - INFO - num_full_subsets = 2
2025-12-14 15:33:35,125 - INFO - phi = [ 0.65277314  0.9676641  -0.27487587  0.03477115]
2025-12-14 15:33:35,176 - INFO - num_full_subsets = 2
2025-12-14 15:33:35,270 - INFO - phi = [ 0.63707174  0.74841474 -0.3007894   0.11070512]
2025-12-14 15:33:35,324 - INFO - num_full_subsets = 2
2025-12-14 15:33:35,422 - INFO - phi = [0.11555748 1.29535377 0.03536469 0.22916872]
2025-12-14 15:33:35,474 - INFO - num_full_subsets = 2
2025-12-14 15:33:35,578 - INFO - phi = [0.12392237 1.25266467 0.23390513 0.43710911]
2025-12-14 15:33:35,631 - INFO - num_full_subsets = 2
2025-12-14 15:33:35,730 - INFO - phi = [0.09867549 0.11241287 0.19915592 0.29900766]
2025-12-14 15:33:35,780 - INFO - num_full_subsets = 2
2025-12-14 15:33:35,879 - INFO - phi = [-0.06108287  0.39450146 -0.27023582  0.13177645]
2025-12-14 15:33:35,930 - INFO - num_full_subsets = 2
2025-12-14 15:33:36,025 - INFO - phi = [0.08237951 0.79529318 0.37066886 0.41087968]
2025-12-14 15:33:36,076 - INFO - num_full_subsets = 2
2025-12-14 15:33:36,174 - INFO - phi = [ 0.13269749  0.67256014 -0.08467593  0.19126977]
2025-12-14 15:33:36,231 - INFO - num_full_subsets = 2
2025-12-14 15:33:36,329 - INFO - phi = [-0.04969533  0.21532258  0.09253501 -0.34924192]
2025-12-14 15:33:36,379 - INFO - num_full_subsets = 2
2025-12-14 15:33:36,474 - INFO - phi = [-0.20742581 -1.49567956 -0.11088277 -0.15021744]
2025-12-14 15:33:36,526 - INFO - num_full_subsets = 2
2025-12-14 15:33:36,622 - INFO - phi = [-0.3694417   0.49737768  0.10291886 -0.36422566]
2025-12-14 15:33:36,674 - INFO - num_full_subsets = 2
2025-12-14 15:33:36,767 - INFO - phi = [ 0.6998552   1.14735816  0.02597928 -0.14084749]
2025-12-14 15:33:36,820 - INFO - num_full_subsets = 2
2025-12-14 15:33:36,913 - INFO - phi = [-0.19912838 -1.58454669 -0.19402598  0.01349548]
2025-12-14 15:33:36,972 - INFO - num_full_subsets = 2
2025-12-14 15:33:37,069 - INFO - phi = [-0.08928464 -0.34528108  0.07238783  0.08774813]
2025-12-14 15:33:37,121 - INFO - num_full_subsets = 2
2025-12-14 15:33:37,217 - INFO - phi = [-0.52628604  0.587788   -0.1416978  -0.21539976]
2025-12-14 15:33:37,270 - INFO - num_full_subsets = 2
2025-12-14 15:33:37,365 - INFO - phi = [-0.24294058 -1.49772681 -0.35262519  0.12908701]
2025-12-14 15:33:37,418 - INFO - num_full_subsets = 2
2025-12-14 15:33:37,512 - INFO - phi = [-0.11454013  0.29684445  0.1310474   0.1972842 ]
2025-12-14 15:33:37,565 - INFO - num_full_subsets = 2
2025-12-14 15:33:37,666 - INFO - phi = [-0.12773674  0.75079198 -0.01185897 -0.31139916]
2025-12-14 15:33:37,718 - INFO - num_full_subsets = 2
2025-12-14 15:33:37,818 - INFO - phi = [ 0.8847951  -0.08007598 -0.24007368  0.09276285]
2025-12-14 15:33:37,871 - INFO - num_full_subsets = 2
2025-12-14 15:33:37,972 - INFO - phi = [-0.00566896  1.00383057 -0.0628703   0.29247239]
2025-12-14 15:33:38,023 - INFO - num_full_subsets = 2
2025-12-14 15:33:38,125 - INFO - phi = [-0.14541928  0.28967895 -0.12121641  0.2625298 ]
2025-12-14 15:33:38,178 - INFO - num_full_subsets = 2
2025-12-14 15:33:38,283 - INFO - phi = [-0.21894089 -0.59366783 -0.14265782  0.17397105]
2025-12-14 15:33:38,340 - INFO - num_full_subsets = 2
2025-12-14 15:33:38,452 - INFO - phi = [ 1.25001985 -0.21920492  0.08889848  0.00453897]
2025-12-14 15:33:38,503 - INFO - num_full_subsets = 2
2025-12-14 15:33:38,601 - INFO - phi = [-0.27812403 -1.54479561 -0.1598299   0.01854397]
2025-12-14 15:33:38,656 - INFO - num_full_subsets = 2
2025-12-14 15:33:38,758 - INFO - phi = [ 0.6816994   0.22877017 -0.27891302  0.13987113]
2025-12-14 15:33:38,817 - INFO - num_full_subsets = 2
2025-12-14 15:33:38,919 - INFO - phi = [-0.24110205 -1.44586095 -0.11051482 -0.16672775]
2025-12-14 15:33:38,972 - INFO - num_full_subsets = 2
2025-12-14 15:33:39,070 - INFO - phi = [0.13228818 0.83336545 0.39347035 0.25018718]
2025-12-14 15:33:39,120 - INFO - num_full_subsets = 2
2025-12-14 15:33:39,224 - INFO - phi = [0.30478905 1.21189904 0.30011329 0.50294993]
2025-12-14 15:33:39,275 - INFO - num_full_subsets = 2
2025-12-14 15:33:39,373 - INFO - phi = [-0.11557364 -0.15337393 -0.05146196 -0.4789526 ]
2025-12-14 15:33:39,424 - INFO - num_full_subsets = 2
2025-12-14 15:33:39,520 - INFO - phi = [ 0.56270636  0.73538694 -0.18408547  0.13608377]
2025-12-14 15:33:39,570 - INFO - num_full_subsets = 2
2025-12-14 15:33:39,666 - INFO - phi = [-0.08113971  0.36328597 -0.25484729  0.16788579]
2025-12-14 15:33:39,718 - INFO - num_full_subsets = 2
2025-12-14 15:33:39,819 - INFO - phi = [ 0.09456291  0.51839027 -0.09037983  0.21817369]
2025-12-14 15:33:39,876 - INFO - num_full_subsets = 2
2025-12-14 15:33:39,975 - INFO - phi = [-0.2055918  -1.54723764 -0.08987411 -0.12150202]
2025-12-14 15:33:40,025 - INFO - num_full_subsets = 2
2025-12-14 15:33:40,121 - INFO - phi = [-0.27087423 -1.41089664 -0.0905904  -0.19184429]
2025-12-14 15:33:40,170 - INFO - num_full_subsets = 2
2025-12-14 15:33:40,267 - INFO - phi = [-0.14519348 -0.9428175   0.31840459  0.48766217]
2025-12-14 15:33:40,317 - INFO - num_full_subsets = 2
2025-12-14 15:33:40,415 - INFO - phi = [-0.30784298 -1.4357355   0.1864121  -0.40703919]
2025-12-14 15:33:40,464 - INFO - num_full_subsets = 2
2025-12-14 15:33:40,557 - INFO - phi = [0.15994849 0.81501907 0.23476232 0.23291811]
2025-12-14 15:33:40,614 - INFO - num_full_subsets = 2
2025-12-14 15:33:40,709 - INFO - phi = [-0.02697645  1.10801803  0.17169863  0.4316337 ]
2025-12-14 15:33:40,758 - INFO - num_full_subsets = 2
2025-12-14 15:33:40,852 - INFO - phi = [-0.2963545  -1.25293119  0.04729916 -0.46221903]
2025-12-14 15:33:40,901 - INFO - num_full_subsets = 2
2025-12-14 15:33:40,995 - INFO - phi = [ 0.15976036  1.16443468 -0.16875373  0.2286959 ]
2025-12-14 15:33:41,044 - INFO - num_full_subsets = 2
2025-12-14 15:33:41,136 - INFO - phi = [-0.3126134  -1.28917044  0.10424988 -0.46667161]
2025-12-14 15:33:41,186 - INFO - num_full_subsets = 2
2025-12-14 15:33:41,287 - INFO - phi = [0.10358932 0.08957656 0.2190674  0.35452569]
2025-12-14 15:33:41,336 - INFO - num_full_subsets = 2
2025-12-14 15:33:41,428 - INFO - phi = [-0.00859939  1.21897196 -0.1716596   0.19426543]
2025-12-14 15:33:41,476 - INFO - num_full_subsets = 2
2025-12-14 15:33:41,568 - INFO - phi = [-0.21025454 -1.57404651 -0.17137624 -0.00852829]
2025-12-14 15:33:41,617 - INFO - num_full_subsets = 2
2025-12-14 15:33:41,706 - INFO - phi = [-0.23628325 -1.33842872  0.19366068  0.410332  ]
2025-12-14 15:33:41,755 - INFO - num_full_subsets = 2
2025-12-14 15:33:41,844 - INFO - phi = [-0.28350963 -0.79312121  0.11020493 -0.12140804]
2025-12-14 15:33:41,892 - INFO - num_full_subsets = 2
2025-12-14 15:33:41,991 - INFO - phi = [-0.46398086  0.47213506  0.00981035 -0.42719806]
2025-12-14 15:33:42,039 - INFO - num_full_subsets = 2
2025-12-14 15:33:42,133 - INFO - phi = [ 0.37387455  0.48441906 -0.33465723  0.11705925]
2025-12-14 15:33:42,180 - INFO - num_full_subsets = 2
2025-12-14 15:33:42,272 - INFO - phi = [-0.29230705 -1.38142385 -0.09364095 -0.19683372]
2025-12-14 15:33:42,321 - INFO - num_full_subsets = 2
2025-12-14 15:33:42,414 - INFO - phi = [-1.49564416e-01  3.97689522e-05  2.80544344e-02 -7.03150693e-02]
2025-12-14 15:33:42,463 - INFO - num_full_subsets = 2
2025-12-14 15:33:42,551 - INFO - phi = [-0.07069596  0.34297823  0.01744024  0.22637701]
2025-12-14 15:33:42,601 - INFO - num_full_subsets = 2
2025-12-14 15:33:42,702 - INFO - phi = [-0.24688698 -1.41516414 -0.09265547 -0.20949898]
2025-12-14 15:33:42,751 - INFO - num_full_subsets = 2
2025-12-14 15:33:42,842 - INFO - phi = [0.01210829 0.55537031 0.13311015 0.17356158]
2025-12-14 15:33:42,891 - INFO - num_full_subsets = 2
2025-12-14 15:33:42,983 - INFO - phi = [-0.31070659 -1.27966415  0.10254986 -0.4763847 ]
2025-12-14 15:33:43,032 - INFO - num_full_subsets = 2
2025-12-14 15:33:43,123 - INFO - phi = [ 0.05979014 -0.14788404  0.20346548 -0.16335374]
2025-12-14 15:33:43,172 - INFO - num_full_subsets = 2
2025-12-14 15:33:43,263 - INFO - phi = [-0.31849875 -1.38522196  0.17928073 -0.43976558]
2025-12-14 15:33:43,318 - INFO - num_full_subsets = 2
2025-12-14 15:33:43,420 - INFO - phi = [-0.19531553  0.35037471  0.08004667 -0.30811004]
2025-12-14 15:33:43,468 - INFO - num_full_subsets = 2
2025-12-14 15:33:43,560 - INFO - phi = [0.0820497  1.02242527 0.19508027 0.33531868]
2025-12-14 15:33:43,608 - INFO - num_full_subsets = 2
2025-12-14 15:33:43,698 - INFO - phi = [ 0.38519871 -0.1211334  -0.29711662  0.13782011]
2025-12-14 15:33:43,746 - INFO - num_full_subsets = 2
2025-12-14 15:33:43,839 - INFO - phi = [0.50719073 0.9798975  0.16161433 0.28357135]
2025-12-14 15:33:43,887 - INFO - num_full_subsets = 2
2025-12-14 15:33:43,980 - INFO - phi = [-0.21808029 -1.16315256  0.40102819  0.49039662]
2025-12-14 15:33:44,037 - INFO - num_full_subsets = 2
2025-12-14 15:33:44,132 - INFO - phi = [ 0.23067131  0.59936575 -0.2344975   0.23469884]
2025-12-14 15:33:44,181 - INFO - num_full_subsets = 2
2025-12-14 15:33:44,274 - INFO - phi = [-0.21141063 -1.53564682 -0.12099147 -0.09615665]
2025-12-14 15:33:44,323 - INFO - num_full_subsets = 2
2025-12-14 15:33:44,411 - INFO - phi = [-0.30510092 -1.25493156  0.22578914 -0.4779866 ]
2025-12-14 15:33:44,458 - INFO - num_full_subsets = 2
2025-12-14 15:33:44,547 - INFO - phi = [-0.43589853  0.55241904  0.110503   -0.29347786]
2025-12-14 15:33:44,593 - INFO - num_full_subsets = 2
2025-12-14 15:33:44,693 - INFO - phi = [ 0.54903988  0.59706946  0.1459184  -0.21503804]
2025-12-14 15:33:44,741 - INFO - num_full_subsets = 2
2025-12-14 15:33:44,834 - INFO - phi = [ 0.05991541  0.71077948 -0.1300823   0.0399018 ]
2025-12-14 15:33:44,882 - INFO - num_full_subsets = 2
2025-12-14 15:33:44,975 - INFO - phi = [-0.24774065 -1.49509109 -0.15897542 -0.0623984 ]
2025-12-14 15:33:45,022 - INFO - num_full_subsets = 2
2025-12-14 15:33:45,115 - INFO - phi = [0.09866085 0.76679452 0.24969213 0.21212068]
2025-12-14 15:33:45,162 - INFO - num_full_subsets = 2
2025-12-14 15:33:45,250 - INFO - phi = [1.06899486 0.80243663 0.24688598 0.28237123]
2025-12-14 15:33:45,297 - INFO - num_full_subsets = 2
2025-12-14 15:33:45,396 - INFO - phi = [0.07498816 0.76304375 0.33951885 0.36888607]
2025-12-14 15:33:45,444 - INFO - num_full_subsets = 2
2025-12-14 15:33:45,536 - INFO - phi = [-0.06349583  0.74338647 -0.29464583  0.20894965]
2025-12-14 15:33:45,590 - INFO - num_full_subsets = 2
2025-12-14 15:33:45,682 - INFO - phi = [0.08894767 1.10236287 0.25993578 0.46869516]
2025-12-14 15:33:45,729 - INFO - num_full_subsets = 2
2025-12-14 15:33:45,820 - INFO - phi = [0.4587187  1.12463221 0.14142809 0.16645974]
2025-12-14 15:33:45,871 - INFO - num_full_subsets = 2
2025-12-14 15:33:45,961 - INFO - phi = [-0.11360532 -0.21060067  0.36129414 -0.23523539]
2025-12-14 15:33:46,009 - INFO - num_full_subsets = 2
2025-12-14 15:33:46,102 - INFO - phi = [-0.22427124 -0.13772242  0.06384561 -0.20043546]
2025-12-14 15:33:46,151 - INFO - num_full_subsets = 2
2025-12-14 15:33:46,239 - INFO - phi = [-0.44429639  0.63221781 -0.08817356 -0.16960063]
2025-12-14 15:33:46,288 - INFO - num_full_subsets = 2
2025-12-14 15:33:46,380 - INFO - phi = [-0.30769219 -1.25559252  0.06045426 -0.46137511]
2025-12-14 15:33:46,426 - INFO - num_full_subsets = 2
2025-12-14 15:33:46,516 - INFO - phi = [ 0.17682671  0.79289876 -0.28891711  0.19273352]
2025-12-14 15:33:46,563 - INFO - num_full_subsets = 2
2025-12-14 15:33:46,652 - INFO - phi = [-0.26594794 -1.46067051 -0.12679372 -0.10791795]
2025-12-14 15:33:46,705 - INFO - num_full_subsets = 2
2025-12-14 15:33:46,798 - INFO - phi = [0.16412457 1.12466084 0.24572813 0.45050667]
2025-12-14 15:33:46,845 - INFO - num_full_subsets = 2
2025-12-14 15:33:46,934 - INFO - phi = [-0.34775653 -1.06540902 -0.08639473 -0.46464529]
2025-12-14 15:33:46,981 - INFO - num_full_subsets = 2
2025-12-14 15:33:47,070 - INFO - phi = [ 0.02859967  0.75711843  0.27950665 -0.52978378]
2025-12-14 15:33:47,117 - INFO - num_full_subsets = 2
2025-12-14 15:33:47,207 - INFO - phi = [0.49727122 0.87904633 0.22452103 0.3474833 ]
2025-12-14 15:33:47,254 - INFO - num_full_subsets = 2
2025-12-14 15:33:47,351 - INFO - phi = [-0.20791302 -0.26522879 -0.24819396 -0.16651208]
2025-12-14 15:33:47,409 - INFO - num_full_subsets = 2
2025-12-14 15:33:47,503 - INFO - phi = [-0.34188573 -1.13199876 -0.0170879  -0.47323319]
2025-12-14 15:33:47,550 - INFO - num_full_subsets = 2
2025-12-14 15:33:47,648 - INFO - phi = [-0.42198778  0.7174331  -0.13363175 -0.0959027 ]
2025-12-14 15:33:47,698 - INFO - num_full_subsets = 2
2025-12-14 15:33:47,795 - INFO - phi = [-0.08024662 -0.16154247  0.30950094 -0.28848359]
2025-12-14 15:33:47,842 - INFO - num_full_subsets = 2
2025-12-14 15:33:47,931 - INFO - phi = [-0.37621833 -0.73908271 -0.25368495 -0.45592877]
2025-12-14 15:33:47,977 - INFO - num_full_subsets = 2
2025-12-14 15:33:48,076 - INFO - phi = [ 1.23419352 -0.45471338 -0.01046449  0.13815279]
2025-12-14 15:33:48,124 - INFO - num_full_subsets = 2
2025-12-14 15:33:48,219 - INFO - phi = [-0.29044892 -1.19810255 -0.35032338  0.17769929]
2025-12-14 15:33:48,266 - INFO - num_full_subsets = 2
2025-12-14 15:33:48,360 - INFO - phi = [-0.12873627  0.5128163  -0.3219856  -0.0733916 ]
2025-12-14 15:33:48,407 - INFO - num_full_subsets = 2
2025-12-14 15:33:48,502 - INFO - phi = [0.63223786 0.22682703 0.17348335 0.32725787]
2025-12-14 15:33:48,552 - INFO - num_full_subsets = 2
2025-12-14 15:33:48,649 - INFO - phi = [-0.05931078  0.20451318  0.21686416  0.32731844]
2025-12-14 15:33:48,697 - INFO - num_full_subsets = 2
2025-12-14 15:33:48,790 - INFO - phi = [0.06846735 0.21979333 0.17606338 0.18633746]
2025-12-14 15:33:48,838 - INFO - num_full_subsets = 2
2025-12-14 15:33:48,934 - INFO - phi = [0.04762136 1.18540042 0.25815581 0.47516348]
2025-12-14 15:33:49,448 - INFO - Computing feature importance...
2025-12-14 15:33:57,360 - INFO - Experiment completed for CNN
2025-12-14 15:33:57,360 - INFO - Total time: 250.74s (4.18 min)
2025-12-14 15:33:57,360 - INFO - Starting comprehensive experiment for CNN
2025-12-14 15:34:05,863 - INFO - Performing feature analysis...
2025-12-14 15:34:07,042 - INFO - Model justification: Fast 1D Convolutional Neural Network - perfect for tabular features with local patterns
2025-12-14 15:34:07,042 - INFO - Performing robust cross-validation...
2025-12-14 15:34:25,553 - INFO - CV Results - MSE: 2.1781 ± 0.3631
2025-12-14 15:34:25,553 - INFO - Starting hyperparameter optimization...
2025-12-14 15:37:10,043 - INFO - Best parameters for CNN: {'filters': 64, 'kernel_size': 3, 'dense_units': 44, 'lr': 0.04904188471768462, 'epochs': 90}
2025-12-14 15:37:10,043 - INFO - ⏱️ HPO took 164.49 seconds
2025-12-14 15:37:10,043 - INFO - Training final model...
2025-12-14 15:37:12,123 - INFO - ⏱️ Training took 2.08 seconds
2025-12-14 15:37:12,123 - INFO - Performing residual analysis...
2025-12-14 15:37:13,189 - INFO - Generating XAI explanations...
2025-12-14 15:37:13,227 - WARNING - Using 168 background data samples could cause slower run times. Consider using shap.sample(data, K) or shap.kmeans(data, K) to summarize the background as K samples.
2025-12-14 15:37:13,274 - INFO - num_full_subsets = 2
2025-12-14 15:37:13,364 - INFO - phi = [0.1930059  0.80872375 0.48635059 0.69260788]
2025-12-14 15:37:13,410 - INFO - num_full_subsets = 2
2025-12-14 15:37:13,498 - INFO - phi = [-0.03687648  0.66726728  0.36272009  0.35649585]
2025-12-14 15:37:13,548 - INFO - num_full_subsets = 2
2025-12-14 15:37:13,636 - INFO - phi = [0.50117603 0.22504603 0.50399951 0.81277888]
2025-12-14 15:37:13,682 - INFO - num_full_subsets = 2
2025-12-14 15:37:13,769 - INFO - phi = [ 0.01650859  0.92001903 -0.29383768  0.12535499]
2025-12-14 15:37:13,815 - INFO - num_full_subsets = 2
2025-12-14 15:37:13,907 - INFO - phi = [-0.29492825 -0.75244355  0.23494786  0.26685665]
2025-12-14 15:37:13,953 - INFO - num_full_subsets = 2
2025-12-14 15:37:14,042 - INFO - phi = [-0.70341053  0.3039227  -0.5026515  -0.06082546]
2025-12-14 15:37:14,088 - INFO - num_full_subsets = 2
2025-12-14 15:37:14,183 - INFO - phi = [ 0.02028926  0.24112972  0.2501878  -0.30110869]
2025-12-14 15:37:14,229 - INFO - num_full_subsets = 2
2025-12-14 15:37:14,321 - INFO - phi = [-0.23055352 -0.76289418  0.01362897  0.01685393]
2025-12-14 15:37:14,367 - INFO - num_full_subsets = 2
2025-12-14 15:37:14,456 - INFO - phi = [ 0.01662349 -0.05548868  0.2675777  -0.10850545]
2025-12-14 15:37:14,502 - INFO - num_full_subsets = 2
2025-12-14 15:37:14,591 - INFO - phi = [-0.1605439  -0.65388149 -0.03237654 -0.11616286]
2025-12-14 15:37:14,636 - INFO - num_full_subsets = 2
2025-12-14 15:37:14,730 - INFO - phi = [ 0.89353388 -0.07412385  0.03149812  0.30220067]
2025-12-14 15:37:14,786 - INFO - num_full_subsets = 2
2025-12-14 15:37:14,875 - INFO - phi = [ 0.05760831  0.50369758 -0.21896273  0.08629933]
2025-12-14 15:37:14,923 - INFO - num_full_subsets = 2
2025-12-14 15:37:15,011 - INFO - phi = [-0.31641068 -0.08116737 -0.40818749 -0.15719925]
2025-12-14 15:37:15,057 - INFO - num_full_subsets = 2
2025-12-14 15:37:15,147 - INFO - phi = [-0.13615986 -0.69527471 -0.06069447 -0.07083574]
2025-12-14 15:37:15,192 - INFO - num_full_subsets = 2
2025-12-14 15:37:15,282 - INFO - phi = [-0.17988312 -0.57468303 -0.12729088 -0.08110776]
2025-12-14 15:37:15,327 - INFO - num_full_subsets = 2
2025-12-14 15:37:15,421 - INFO - phi = [-0.13695029 -0.74022894 -0.22126824  0.13548268]
2025-12-14 15:37:15,467 - INFO - num_full_subsets = 2
2025-12-14 15:37:15,556 - INFO - phi = [-0.21612106 -0.14945379 -0.15430483 -0.44308511]
2025-12-14 15:37:15,602 - INFO - num_full_subsets = 2
2025-12-14 15:37:15,689 - INFO - phi = [-0.1679014  -0.56107918 -0.1650967   0.13752194]
2025-12-14 15:37:15,736 - INFO - num_full_subsets = 2
2025-12-14 15:37:15,827 - INFO - phi = [-0.27259878 -0.50173225  0.03275066 -0.22138442]
2025-12-14 15:37:15,879 - INFO - num_full_subsets = 2
2025-12-14 15:37:15,973 - INFO - phi = [-0.20779049 -0.40575072  0.01324803 -0.36267161]
2025-12-14 15:37:16,022 - INFO - num_full_subsets = 2
2025-12-14 15:37:16,126 - INFO - phi = [-0.01120606  0.34557592 -0.0009502   0.13691127]
2025-12-14 15:37:16,178 - INFO - num_full_subsets = 2
2025-12-14 15:37:16,277 - INFO - phi = [ 0.2963948   0.59474506 -0.43074366  0.04933937]
2025-12-14 15:37:16,328 - INFO - num_full_subsets = 2
2025-12-14 15:37:16,417 - INFO - phi = [-0.16442792 -0.41262213  0.02104875 -0.40696349]
2025-12-14 15:37:16,462 - INFO - num_full_subsets = 2
2025-12-14 15:37:16,552 - INFO - phi = [0.48809698 0.56161333 0.09055173 0.35219367]
2025-12-14 15:37:16,597 - INFO - num_full_subsets = 2
2025-12-14 15:37:16,689 - INFO - phi = [ 0.70365999 -0.01270532 -0.14372771  0.11214321]
2025-12-14 15:37:16,739 - INFO - num_full_subsets = 2
2025-12-14 15:37:16,831 - INFO - phi = [-0.28217384 -0.4848537   0.02447223 -0.22040948]
2025-12-14 15:37:16,877 - INFO - num_full_subsets = 2
2025-12-14 15:37:16,968 - INFO - phi = [ 0.60815863 -0.0923943   0.43940144 -0.35556428]
2025-12-14 15:37:17,017 - INFO - num_full_subsets = 2
2025-12-14 15:37:17,112 - INFO - phi = [-0.21226179  0.51512699  0.31215389  0.07323406]
2025-12-14 15:37:17,158 - INFO - num_full_subsets = 2
2025-12-14 15:37:17,249 - INFO - phi = [-0.05356199  0.11411443  0.04609623 -0.66957473]
2025-12-14 15:37:17,294 - INFO - num_full_subsets = 2
2025-12-14 15:37:17,385 - INFO - phi = [-0.12201018 -0.71574223 -0.09278556 -0.03242681]
2025-12-14 15:37:17,436 - INFO - num_full_subsets = 2
2025-12-14 15:37:17,529 - INFO - phi = [-0.1741025  -0.71378708  0.03729432 -0.11236953]
2025-12-14 15:37:17,579 - INFO - num_full_subsets = 2
2025-12-14 15:37:17,672 - INFO - phi = [-0.22739599 -0.09394185  0.0167451  -0.65837204]
2025-12-14 15:37:17,717 - INFO - num_full_subsets = 2
2025-12-14 15:37:17,805 - INFO - phi = [-0.1468617  -0.73013965 -0.03446406 -0.05149938]
2025-12-14 15:37:17,851 - INFO - num_full_subsets = 2
2025-12-14 15:37:17,939 - INFO - phi = [0.33800395 0.2157875  0.21142436 0.78224878]
2025-12-14 15:37:17,985 - INFO - num_full_subsets = 2
2025-12-14 15:37:18,077 - INFO - phi = [ 0.15547665  0.67498164 -0.32844082  0.14399935]
2025-12-14 15:37:18,123 - INFO - num_full_subsets = 2
2025-12-14 15:37:18,212 - INFO - phi = [-0.19061031 -0.70884844 -0.19096609  0.13613563]
2025-12-14 15:37:18,258 - INFO - num_full_subsets = 2
2025-12-14 15:37:18,344 - INFO - phi = [-0.09646136  0.40989378 -0.11674687 -0.00985289]
2025-12-14 15:37:18,389 - INFO - num_full_subsets = 2
2025-12-14 15:37:18,477 - INFO - phi = [ 0.01662349 -0.05548868  0.2675777  -0.10850545]
2025-12-14 15:37:18,522 - INFO - num_full_subsets = 2
2025-12-14 15:37:18,613 - INFO - phi = [-0.23448472 -0.41248727 -0.00143769 -0.31455511]
2025-12-14 15:37:18,658 - INFO - num_full_subsets = 2
2025-12-14 15:37:18,751 - INFO - phi = [ 0.0250117   0.17752885  0.28696526 -0.43467527]
2025-12-14 15:37:18,797 - INFO - num_full_subsets = 2
2025-12-14 15:37:18,884 - INFO - phi = [-0.02874492  0.57446356 -0.18195291  0.03613206]
2025-12-14 15:37:18,929 - INFO - num_full_subsets = 2
2025-12-14 15:37:19,013 - INFO - phi = [ 0.23277104  0.72780953 -0.263801    0.07211962]
2025-12-14 15:37:19,058 - INFO - num_full_subsets = 2
2025-12-14 15:37:19,143 - INFO - phi = [-0.30127958 -0.45426425  0.05976606  0.29945192]
2025-12-14 15:37:19,188 - INFO - num_full_subsets = 2
2025-12-14 15:37:19,273 - INFO - phi = [0.47623641 0.78732631 0.33027227 0.4383174 ]
2025-12-14 15:37:19,318 - INFO - num_full_subsets = 2
2025-12-14 15:37:19,411 - INFO - phi = [ 0.4075281  -0.17191879 -0.05926064 -0.18111586]
2025-12-14 15:37:19,456 - INFO - num_full_subsets = 2
2025-12-14 15:37:19,541 - INFO - phi = [-0.15601675 -0.66288054 -0.04803157 -0.09603593]
2025-12-14 15:37:19,586 - INFO - num_full_subsets = 2
2025-12-14 15:37:19,671 - INFO - phi = [-0.11365536 -0.21170524 -0.10979088 -0.5278133 ]
2025-12-14 15:37:19,716 - INFO - num_full_subsets = 2
2025-12-14 15:37:19,804 - INFO - phi = [ 0.08424806  0.83169832 -0.19767463 -0.00972275]
2025-12-14 15:37:19,849 - INFO - num_full_subsets = 2
2025-12-14 15:37:19,939 - INFO - phi = [0.10381775 0.91481479 0.10510667 0.45777632]
2025-12-14 15:37:19,989 - INFO - num_full_subsets = 2
2025-12-14 15:37:20,083 - INFO - phi = [-0.15384082 -0.68993456 -0.01113986 -0.10804955]
2025-12-14 15:37:20,128 - INFO - num_full_subsets = 2
2025-12-14 15:37:20,218 - INFO - phi = [-0.21680813 -0.48270432 -0.02410553 -0.2393468 ]
2025-12-14 15:37:20,263 - INFO - num_full_subsets = 2
2025-12-14 15:37:20,350 - INFO - phi = [-0.02722703  0.90527698  0.18875632  0.2696269 ]
2025-12-14 15:37:20,395 - INFO - num_full_subsets = 2
2025-12-14 15:37:20,483 - INFO - phi = [-0.15275841 -0.68622067 -0.04304847 -0.08093724]
2025-12-14 15:37:20,529 - INFO - num_full_subsets = 2
2025-12-14 15:37:20,617 - INFO - phi = [-0.1571881  -0.74936928  0.05722464 -0.11363205]
2025-12-14 15:37:20,667 - INFO - num_full_subsets = 2
2025-12-14 15:37:20,758 - INFO - phi = [-0.273415   -0.75027629  0.02908205  0.03164445]
2025-12-14 15:37:20,803 - INFO - num_full_subsets = 2
2025-12-14 15:37:20,888 - INFO - phi = [-0.21888285  0.25008266 -0.04874841  0.42322542]
2025-12-14 15:37:20,933 - INFO - num_full_subsets = 2
2025-12-14 15:37:21,020 - INFO - phi = [-0.15853268 -0.59000334 -0.09574713 -0.11868163]
2025-12-14 15:37:21,066 - INFO - num_full_subsets = 2
2025-12-14 15:37:21,156 - INFO - phi = [0.59109913 0.58564535 0.33852942 0.41978492]
2025-12-14 15:37:21,201 - INFO - num_full_subsets = 2
2025-12-14 15:37:21,303 - INFO - phi = [ 0.00654032  0.55851626 -0.32964131  0.1825363 ]
2025-12-14 15:37:21,349 - INFO - num_full_subsets = 2
2025-12-14 15:37:21,439 - INFO - phi = [-0.1170775   0.04824289  0.05933412 -0.71137741]
2025-12-14 15:37:21,485 - INFO - num_full_subsets = 2
2025-12-14 15:37:21,574 - INFO - phi = [-0.2409111  -0.64113501  0.04269332 -0.12361199]
2025-12-14 15:37:21,619 - INFO - num_full_subsets = 2
2025-12-14 15:37:21,707 - INFO - phi = [-0.08815539 -0.26470124 -0.04428725  0.00385525]
2025-12-14 15:37:21,753 - INFO - num_full_subsets = 2
2025-12-14 15:37:21,843 - INFO - phi = [0.4044971  0.54116642 0.18725142 0.01094038]
2025-12-14 15:37:21,888 - INFO - num_full_subsets = 2
2025-12-14 15:37:21,985 - INFO - phi = [-0.18800137 -0.37054414 -0.00992852 -0.39449076]
2025-12-14 15:37:22,031 - INFO - num_full_subsets = 2
2025-12-14 15:37:22,123 - INFO - phi = [-0.50990326  0.42626386 -0.19281917  0.00314574]
2025-12-14 15:37:22,169 - INFO - num_full_subsets = 2
2025-12-14 15:37:22,256 - INFO - phi = [-0.31404146 -0.67559259  0.12374425  0.07240128]
2025-12-14 15:37:22,301 - INFO - num_full_subsets = 2
2025-12-14 15:37:22,390 - INFO - phi = [-0.0329112   0.32497054 -0.15903016  0.20763638]
2025-12-14 15:37:22,435 - INFO - num_full_subsets = 2
2025-12-14 15:37:22,523 - INFO - phi = [-0.73015408  0.27825552 -0.39798529 -0.11308094]
2025-12-14 15:37:22,568 - INFO - num_full_subsets = 2
2025-12-14 15:37:22,654 - INFO - phi = [ 0.25166985  0.52395485 -0.30808745 -0.03011213]
2025-12-14 15:37:22,700 - INFO - num_full_subsets = 2
2025-12-14 15:37:22,787 - INFO - phi = [-0.27259878 -0.50173225  0.03275066 -0.22138442]
2025-12-14 15:37:22,831 - INFO - num_full_subsets = 2
2025-12-14 15:37:22,917 - INFO - phi = [-0.05510774  0.4543371  -0.35379086  0.20751002]
2025-12-14 15:37:22,963 - INFO - num_full_subsets = 2
2025-12-14 15:37:23,050 - INFO - phi = [0.14066766 0.47602826 0.37387849 0.43935841]
2025-12-14 15:37:23,095 - INFO - num_full_subsets = 2
2025-12-14 15:37:23,184 - INFO - phi = [ 0.40175139  0.04362521  0.27051637 -0.56677696]
2025-12-14 15:37:23,235 - INFO - num_full_subsets = 2
2025-12-14 15:37:23,324 - INFO - phi = [ 0.08489195  0.03839744 -0.29152134 -0.09733227]
2025-12-14 15:37:23,370 - INFO - num_full_subsets = 2
2025-12-14 15:37:23,457 - INFO - phi = [-0.13611143 -0.32679372  0.19557765  0.14654677]
2025-12-14 15:37:23,503 - INFO - num_full_subsets = 2
2025-12-14 15:37:23,590 - INFO - phi = [-0.13845906 -0.71496103 -0.0563031  -0.0532416 ]
2025-12-14 15:37:23,642 - INFO - num_full_subsets = 2
2025-12-14 15:37:23,732 - INFO - phi = [-0.70136246  0.28666332 -0.38524235 -0.09527356]
2025-12-14 15:37:23,779 - INFO - num_full_subsets = 2
2025-12-14 15:37:23,874 - INFO - phi = [ 0.45726726  0.75985664 -0.30872178  0.13984735]
2025-12-14 15:37:23,928 - INFO - num_full_subsets = 2
2025-12-14 15:37:24,024 - INFO - phi = [0.01687893 0.58050485 0.14287854 0.05389946]
2025-12-14 15:37:24,074 - INFO - num_full_subsets = 2
2025-12-14 15:37:24,164 - INFO - phi = [-0.23693307 -0.32184959 -0.09403436 -0.31014776]
2025-12-14 15:37:24,210 - INFO - num_full_subsets = 2
2025-12-14 15:37:24,298 - INFO - phi = [0.42279142 0.43981066 0.06486887 0.05034586]
2025-12-14 15:37:24,344 - INFO - num_full_subsets = 2
2025-12-14 15:37:24,435 - INFO - phi = [-0.20783696  0.12707895  0.23806339  0.50228533]
2025-12-14 15:37:24,483 - INFO - num_full_subsets = 2
2025-12-14 15:37:24,575 - INFO - phi = [ 0.04430758  0.84365606 -0.22518085  0.10430346]
2025-12-14 15:37:24,621 - INFO - num_full_subsets = 2
2025-12-14 15:37:24,711 - INFO - phi = [-0.13350211 -0.70964225 -0.19188192  0.07206149]
2025-12-14 15:37:24,757 - INFO - num_full_subsets = 2
2025-12-14 15:37:24,850 - INFO - phi = [-0.26724035 -0.48699026  0.01859316 -0.22732735]
2025-12-14 15:37:24,895 - INFO - num_full_subsets = 2
2025-12-14 15:37:24,984 - INFO - phi = [-0.21816433 -0.34502434 -0.04457069 -0.35520543]
2025-12-14 15:37:25,029 - INFO - num_full_subsets = 2
2025-12-14 15:37:25,115 - INFO - phi = [-0.12138239 -0.64873582 -0.06819342 -0.12465316]
2025-12-14 15:37:25,160 - INFO - num_full_subsets = 2
2025-12-14 15:37:25,250 - INFO - phi = [ 0.02802965  0.23802523 -0.33597247  0.09823431]
2025-12-14 15:37:25,296 - INFO - num_full_subsets = 2
2025-12-14 15:37:25,389 - INFO - phi = [ 0.57721761  0.03355872 -0.39526308  0.18629238]
2025-12-14 15:37:25,435 - INFO - num_full_subsets = 2
2025-12-14 15:37:25,524 - INFO - phi = [ 0.16483757  0.89827604 -0.17757901  0.29336443]
2025-12-14 15:37:25,569 - INFO - num_full_subsets = 2
2025-12-14 15:37:25,660 - INFO - phi = [-0.25893631 -0.30548804 -0.04043556 -0.35810488]
2025-12-14 15:37:25,705 - INFO - num_full_subsets = 2
2025-12-14 15:37:25,793 - INFO - phi = [-0.23173595 -0.37082199 -0.01617182 -0.34423503]
2025-12-14 15:37:25,839 - INFO - num_full_subsets = 2
2025-12-14 15:37:25,935 - INFO - phi = [ 0.00562487  0.66267451 -0.12622395 -0.02273731]
2025-12-14 15:37:25,981 - INFO - num_full_subsets = 2
2025-12-14 15:37:26,070 - INFO - phi = [-0.00808281  0.53374115 -0.22264919 -0.95759357]
2025-12-14 15:37:26,116 - INFO - num_full_subsets = 2
2025-12-14 15:37:26,207 - INFO - phi = [0.55572178 0.19217049 0.43731565 0.68046919]
2025-12-14 15:37:26,252 - INFO - num_full_subsets = 2
2025-12-14 15:37:26,342 - INFO - phi = [-0.17245558 -0.71752731 -0.07943344  0.00645155]
2025-12-14 15:37:26,386 - INFO - num_full_subsets = 2
2025-12-14 15:37:26,478 - INFO - phi = [-0.14316485 -0.75816736 -0.0148636  -0.04676897]
2025-12-14 15:37:26,528 - INFO - num_full_subsets = 2
2025-12-14 15:37:26,619 - INFO - phi = [-0.17595907  0.66433325  0.0880127   0.12705067]
2025-12-14 15:37:26,665 - INFO - num_full_subsets = 2
2025-12-14 15:37:26,752 - INFO - phi = [-0.18499875 -0.65006739 -0.0126848  -0.08733915]
2025-12-14 15:37:26,797 - INFO - num_full_subsets = 2
2025-12-14 15:37:26,893 - INFO - phi = [ 0.46606692 -0.06475252 -0.35084189  0.13004681]
2025-12-14 15:37:26,938 - INFO - num_full_subsets = 2
2025-12-14 15:37:27,031 - INFO - phi = [-0.32041735 -0.75397681  0.06530404  0.17998544]
2025-12-14 15:37:27,079 - INFO - num_full_subsets = 2
2025-12-14 15:37:27,171 - INFO - phi = [0.39540694 0.47514508 0.03557934 0.31196035]
2025-12-14 15:37:27,222 - INFO - num_full_subsets = 2
2025-12-14 15:37:27,310 - INFO - phi = [ 0.03677071  0.15326684  0.17166071 -0.67421759]
2025-12-14 15:37:27,355 - INFO - num_full_subsets = 2
2025-12-14 15:37:27,443 - INFO - phi = [-0.16987342 -0.61178178  0.21878563 -0.0518813 ]
2025-12-14 15:37:27,489 - INFO - num_full_subsets = 2
2025-12-14 15:37:27,576 - INFO - phi = [-0.12532238 -0.68656915 -0.11255303 -0.03852023]
2025-12-14 15:37:27,622 - INFO - num_full_subsets = 2
2025-12-14 15:37:27,713 - INFO - phi = [ 0.49544629  0.29786946 -0.35225049  0.21851901]
2025-12-14 15:37:27,757 - INFO - num_full_subsets = 2
2025-12-14 15:37:27,851 - INFO - phi = [-0.1259155  -0.71551898 -0.04948043 -0.07204988]
2025-12-14 15:37:27,902 - INFO - num_full_subsets = 2
2025-12-14 15:37:27,990 - INFO - phi = [-0.11413026 -0.69818404 -0.15240124  0.00175075]
2025-12-14 15:37:28,035 - INFO - num_full_subsets = 2
2025-12-14 15:37:28,117 - INFO - phi = [-0.16899174  0.68500643  0.01590879 -0.37864776]
2025-12-14 15:37:28,162 - INFO - num_full_subsets = 2
2025-12-14 15:37:28,246 - INFO - phi = [0.32968053 0.36388625 0.39422618 0.603871  ]
2025-12-14 15:37:28,292 - INFO - num_full_subsets = 2
2025-12-14 15:37:28,376 - INFO - phi = [-0.30169634 -0.07814063  0.06439298  0.16632364]
2025-12-14 15:37:28,422 - INFO - num_full_subsets = 2
2025-12-14 15:37:28,520 - INFO - phi = [ 0.01585066  0.12344148  0.06338689 -0.71299757]
2025-12-14 15:37:28,566 - INFO - num_full_subsets = 2
2025-12-14 15:37:28,661 - INFO - phi = [-0.07172928  0.76025909 -0.04684422  0.28935658]
2025-12-14 15:37:28,706 - INFO - num_full_subsets = 2
2025-12-14 15:37:28,791 - INFO - phi = [ 0.45755757 -0.02144835  0.24904537 -0.49001973]
2025-12-14 15:37:28,836 - INFO - num_full_subsets = 2
2025-12-14 15:37:28,925 - INFO - phi = [-0.24014434 -0.14102747 -0.14683199 -0.43496099]
2025-12-14 15:37:28,971 - INFO - num_full_subsets = 2
2025-12-14 15:37:29,060 - INFO - phi = [0.09676776 0.1230797  0.0348452  0.06384551]
2025-12-14 15:37:29,105 - INFO - num_full_subsets = 2
2025-12-14 15:37:29,197 - INFO - phi = [-0.21227206 -0.31518387 -0.04621926 -0.3892896 ]
2025-12-14 15:37:29,242 - INFO - num_full_subsets = 2
2025-12-14 15:37:29,327 - INFO - phi = [-0.25521682 -0.45691371  0.02579402 -0.27662827]
2025-12-14 15:37:29,372 - INFO - num_full_subsets = 2
2025-12-14 15:37:29,460 - INFO - phi = [ 0.04500866  0.63514946 -0.34911035  0.11330842]
2025-12-14 15:37:29,505 - INFO - num_full_subsets = 2
2025-12-14 15:37:29,594 - INFO - phi = [-0.19628843 -0.14940132 -0.13552383 -0.48175121]
2025-12-14 15:37:29,642 - INFO - num_full_subsets = 2
2025-12-14 15:37:29,731 - INFO - phi = [-0.56797836  0.37965678 -0.182705   -0.06429834]
2025-12-14 15:37:29,780 - INFO - num_full_subsets = 2
2025-12-14 15:37:29,868 - INFO - phi = [0.44756774 0.37973404 0.05234969 0.2897752 ]
2025-12-14 15:37:29,914 - INFO - num_full_subsets = 2
2025-12-14 15:37:30,002 - INFO - phi = [-0.1984801  -0.80840907  0.01036618  0.03355821]
2025-12-14 15:37:30,047 - INFO - num_full_subsets = 2
2025-12-14 15:37:30,130 - INFO - phi = [-0.29528512 -0.44581702  0.00969871 -0.23156137]
2025-12-14 15:37:30,174 - INFO - num_full_subsets = 2
2025-12-14 15:37:30,262 - INFO - phi = [ 0.73062253 -0.19420109  0.30271355 -0.06215747]
2025-12-14 15:37:30,306 - INFO - num_full_subsets = 2
2025-12-14 15:37:30,395 - INFO - phi = [-0.2727115  -0.44299801  0.01601455 -0.26326983]
2025-12-14 15:37:30,446 - INFO - num_full_subsets = 2
2025-12-14 15:37:30,532 - INFO - phi = [0.4057786  0.50438062 0.41496699 0.61239784]
2025-12-14 15:37:30,578 - INFO - num_full_subsets = 2
2025-12-14 15:37:30,667 - INFO - phi = [-0.1200814  -0.68434257 -0.07124846 -0.08729236]
2025-12-14 15:37:30,713 - INFO - num_full_subsets = 2
2025-12-14 15:37:30,804 - INFO - phi = [0.55572178 0.19217049 0.43731565 0.68046919]
2025-12-14 15:37:30,852 - INFO - num_full_subsets = 2
2025-12-14 15:37:30,943 - INFO - phi = [-0.01257574  0.31093449 -0.15184177  0.15354637]
2025-12-14 15:37:30,989 - INFO - num_full_subsets = 2
2025-12-14 15:37:31,083 - INFO - phi = [0.51434329 0.15233472 0.61795273 0.65721538]
2025-12-14 15:37:31,129 - INFO - num_full_subsets = 2
2025-12-14 15:37:31,218 - INFO - phi = [0.51319165 0.67008259 0.45566432 0.68646678]
2025-12-14 15:37:31,263 - INFO - num_full_subsets = 2
2025-12-14 15:37:31,350 - INFO - phi = [-0.21554431 -0.18971037 -0.16150089 -0.39620922]
2025-12-14 15:37:31,395 - INFO - num_full_subsets = 2
2025-12-14 15:37:31,484 - INFO - phi = [-0.13911052 -0.63415955 -0.070073   -0.11962172]
2025-12-14 15:37:31,529 - INFO - num_full_subsets = 2
2025-12-14 15:37:31,619 - INFO - phi = [-0.25246156 -0.38778595  0.01518915 -0.33790643]
2025-12-14 15:37:31,664 - INFO - num_full_subsets = 2
2025-12-14 15:37:31,760 - INFO - phi = [-0.26517273 -0.43565828  0.02264496 -0.28477875]
2025-12-14 15:37:31,805 - INFO - num_full_subsets = 2
2025-12-14 15:37:31,893 - INFO - phi = [0.01912234 0.52555309 0.11667263 0.00433209]
2025-12-14 15:37:31,938 - INFO - num_full_subsets = 2
2025-12-14 15:37:32,029 - INFO - phi = [ 0.85623448 -0.2306012   0.39615117  0.62746866]
2025-12-14 15:37:32,074 - INFO - num_full_subsets = 2
2025-12-14 15:37:32,162 - INFO - phi = [-0.15482137  0.15482421 -0.01323247 -0.35159992]
2025-12-14 15:37:32,208 - INFO - num_full_subsets = 2
2025-12-14 15:37:32,297 - INFO - phi = [ 0.05760831  0.50369758 -0.21896273  0.08629933]
2025-12-14 15:37:32,341 - INFO - num_full_subsets = 2
2025-12-14 15:37:32,437 - INFO - phi = [-0.11474482 -0.69542039 -0.00435223 -0.14844735]
2025-12-14 15:37:32,482 - INFO - num_full_subsets = 2
2025-12-14 15:37:32,568 - INFO - phi = [0.32411302 0.57557071 0.40172778 0.5109819 ]
2025-12-14 15:37:32,613 - INFO - num_full_subsets = 2
2025-12-14 15:37:32,701 - INFO - phi = [-0.27745305 -0.57829041  0.00461192 -0.11183324]
2025-12-14 15:37:32,745 - INFO - num_full_subsets = 2
2025-12-14 15:37:32,834 - INFO - phi = [-0.29871529 -0.42024729 -0.00302918 -0.24097303]
2025-12-14 15:37:32,881 - INFO - num_full_subsets = 2
2025-12-14 15:37:32,972 - INFO - phi = [-0.03189523  1.00148238  0.32095537  0.32445795]
2025-12-14 15:37:33,021 - INFO - num_full_subsets = 2
2025-12-14 15:37:33,110 - INFO - phi = [-0.26034237 -0.416134    0.02156281 -0.30805122]
2025-12-14 15:37:33,157 - INFO - num_full_subsets = 2
2025-12-14 15:37:33,248 - INFO - phi = [ 0.2924134   0.10108789 -0.01485123 -0.07194675]
2025-12-14 15:37:33,294 - INFO - num_full_subsets = 2
2025-12-14 15:37:33,383 - INFO - phi = [-0.11696325 -0.69667088 -0.09341781 -0.05591286]
2025-12-14 15:37:33,427 - INFO - num_full_subsets = 2
2025-12-14 15:37:33,516 - INFO - phi = [-0.17798037  0.35789071 -0.06811396 -0.05965402]
2025-12-14 15:37:33,560 - INFO - num_full_subsets = 2
2025-12-14 15:37:33,647 - INFO - phi = [0.65775357 0.30994697 0.40421873 0.70891153]
2025-12-14 15:37:33,696 - INFO - num_full_subsets = 2
2025-12-14 15:37:33,786 - INFO - phi = [ 0.5180602   0.5497106   0.1229166  -0.05722428]
2025-12-14 15:37:33,830 - INFO - num_full_subsets = 2
2025-12-14 15:37:33,919 - INFO - phi = [ 0.54513148 -0.13849871 -0.39300295  0.22177728]
2025-12-14 15:37:33,963 - INFO - num_full_subsets = 2
2025-12-14 15:37:34,052 - INFO - phi = [-0.06793017  0.92857056  0.15230245  0.22082394]
2025-12-14 15:37:34,097 - INFO - num_full_subsets = 2
2025-12-14 15:37:34,184 - INFO - phi = [-0.28189346  0.05002134 -0.27717508 -0.08230408]
2025-12-14 15:37:34,228 - INFO - num_full_subsets = 2
2025-12-14 15:37:34,322 - INFO - phi = [-2.69974463e-02  5.19575686e-01 -1.43364649e-01  2.39602867e-04]
2025-12-14 15:37:34,368 - INFO - num_full_subsets = 2
2025-12-14 15:37:34,457 - INFO - phi = [0.29776097 0.65870657 0.47992011 0.72939074]
2025-12-14 15:37:34,506 - INFO - num_full_subsets = 2
2025-12-14 15:37:34,600 - INFO - phi = [-0.24640946 -0.44740973  0.01889325 -0.28803885]
2025-12-14 15:37:34,644 - INFO - num_full_subsets = 2
2025-12-14 15:37:34,732 - INFO - phi = [-0.1025828  -0.52463287 -0.03601958 -0.29972955]
2025-12-14 15:37:34,777 - INFO - num_full_subsets = 2
2025-12-14 15:37:34,866 - INFO - phi = [ 0.21536722  0.28878288  0.21796519 -0.22152592]
2025-12-14 15:37:34,911 - INFO - num_full_subsets = 2
2025-12-14 15:37:35,007 - INFO - phi = [-0.02895518  0.56933352 -0.33150042  0.11721502]
2025-12-14 15:37:35,055 - INFO - num_full_subsets = 2
2025-12-14 15:37:35,149 - INFO - phi = [-0.04859671  0.49848596 -0.3669021   0.05937781]
2025-12-14 15:37:35,194 - INFO - num_full_subsets = 2
2025-12-14 15:37:35,281 - INFO - phi = [-0.31758931 -0.44195361  0.01111943 -0.2145413 ]
2025-12-14 15:37:35,326 - INFO - num_full_subsets = 2
2025-12-14 15:37:35,415 - INFO - phi = [ 0.05070409  0.52738158 -0.18959814  0.39793852]
2025-12-14 15:37:35,459 - INFO - num_full_subsets = 2
2025-12-14 15:37:35,547 - INFO - phi = [0.42138239 0.1804209  0.30659924 0.07961762]
2025-12-14 15:37:35,591 - INFO - num_full_subsets = 2
2025-12-14 15:37:35,681 - INFO - phi = [ 0.5527691   0.15995225 -0.46262497  0.14889662]
2025-12-14 15:37:35,726 - INFO - num_full_subsets = 2
2025-12-14 15:37:35,818 - INFO - phi = [-0.10043946  0.67496053  0.07240311  0.03674347]
2025-12-14 15:37:35,864 - INFO - num_full_subsets = 2
2025-12-14 15:37:35,952 - INFO - phi = [0.27212798 0.44964384 0.38627312 0.46153917]
2025-12-14 15:37:35,997 - INFO - num_full_subsets = 2
2025-12-14 15:37:36,086 - INFO - phi = [-0.25996532 -0.41629362  0.02334919 -0.31005503]
2025-12-14 15:37:36,602 - INFO - Computing feature importance...
2025-12-14 15:37:44,173 - INFO - Experiment completed for CNN
2025-12-14 15:37:44,174 - INFO - Total time: 226.40s (3.77 min)
2025-12-14 15:37:44,174 - INFO - Starting comprehensive experiment for CNN
2025-12-14 15:37:54,307 - INFO - Performing feature analysis...
2025-12-14 15:37:55,488 - INFO - Model justification: Fast 1D Convolutional Neural Network - perfect for tabular features with local patterns
2025-12-14 15:37:55,488 - INFO - Performing robust cross-validation...
2025-12-14 15:38:13,594 - INFO - CV Results - MSE: 2.0918 ± 0.4328
2025-12-14 15:38:13,595 - INFO - Starting hyperparameter optimization...
2025-12-14 15:40:54,511 - INFO - Best parameters for CNN: {'filters': 59, 'kernel_size': 4, 'dense_units': 38, 'lr': 0.0488100307012158, 'epochs': 81}
2025-12-14 15:40:54,511 - INFO - ⏱️ HPO took 160.92 seconds
2025-12-14 15:40:54,511 - INFO - Training final model...
2025-12-14 15:40:56,392 - INFO - ⏱️ Training took 1.88 seconds
2025-12-14 15:40:56,392 - INFO - Performing residual analysis...
2025-12-14 15:40:57,488 - INFO - Generating XAI explanations...
2025-12-14 15:40:57,523 - WARNING - Using 168 background data samples could cause slower run times. Consider using shap.sample(data, K) or shap.kmeans(data, K) to summarize the background as K samples.
2025-12-14 15:40:57,570 - INFO - num_full_subsets = 2
2025-12-14 15:40:57,661 - INFO - phi = [-0.18450269  0.49887951 -0.34236891  0.28976645]
2025-12-14 15:40:57,705 - INFO - num_full_subsets = 2
2025-12-14 15:40:57,790 - INFO - phi = [-0.02343781  0.3668806  -0.40204345  0.41736799]
2025-12-14 15:40:57,835 - INFO - num_full_subsets = 2
2025-12-14 15:40:57,926 - INFO - phi = [-0.17317981 -0.73534138 -0.66594566  0.34839329]
2025-12-14 15:40:57,971 - INFO - num_full_subsets = 2
2025-12-14 15:40:58,063 - INFO - phi = [0.1825033  0.3310536  0.43616376 0.74963239]
2025-12-14 15:40:58,109 - INFO - num_full_subsets = 2
2025-12-14 15:40:58,204 - INFO - phi = [-0.01595962  0.75171981  0.23857603  0.24126933]
2025-12-14 15:40:58,250 - INFO - num_full_subsets = 2
2025-12-14 15:40:58,344 - INFO - phi = [-0.18320815 -0.69790715  0.07115365 -0.76368496]
2025-12-14 15:40:58,390 - INFO - num_full_subsets = 2
2025-12-14 15:40:58,477 - INFO - phi = [-0.18160257 -0.85409837  0.17461575 -0.67533688]
2025-12-14 15:40:58,522 - INFO - num_full_subsets = 2
2025-12-14 15:40:58,611 - INFO - phi = [-0.16052498 -0.92214758  0.01250955 -0.59696645]
2025-12-14 15:40:58,658 - INFO - num_full_subsets = 2
2025-12-14 15:40:58,748 - INFO - phi = [-0.18161399 -1.06006676 -0.35555728 -0.09200619]
2025-12-14 15:40:58,798 - INFO - num_full_subsets = 2
2025-12-14 15:40:58,888 - INFO - phi = [-0.02727687  0.57156405 -0.36645918  0.39662374]
2025-12-14 15:40:58,934 - INFO - num_full_subsets = 2
2025-12-14 15:40:59,023 - INFO - phi = [ 0.34206503 -0.39828973  0.16759532 -0.34506964]
2025-12-14 15:40:59,069 - INFO - num_full_subsets = 2
2025-12-14 15:40:59,156 - INFO - phi = [-0.16052498 -0.92214758  0.01250955 -0.59696645]
2025-12-14 15:40:59,202 - INFO - num_full_subsets = 2
2025-12-14 15:40:59,299 - INFO - phi = [ 0.59544117  0.71611898 -0.06002428  0.56959852]
2025-12-14 15:40:59,346 - INFO - num_full_subsets = 2
2025-12-14 15:40:59,447 - INFO - phi = [-0.19563602 -0.85192131 -0.09687085 -0.52717711]
2025-12-14 15:40:59,494 - INFO - num_full_subsets = 2
2025-12-14 15:40:59,587 - INFO - phi = [-0.04235568  0.6126131   0.31035966  0.59191407]
2025-12-14 15:40:59,632 - INFO - num_full_subsets = 2
2025-12-14 15:40:59,724 - INFO - phi = [0.4077374  0.54651057 0.38527412 0.53900872]
2025-12-14 15:40:59,769 - INFO - num_full_subsets = 2
2025-12-14 15:40:59,860 - INFO - phi = [ 0.33245582  0.06593414 -0.11104404  0.47330312]
2025-12-14 15:40:59,909 - INFO - num_full_subsets = 2
2025-12-14 15:41:00,004 - INFO - phi = [-0.13639914  0.7051146   0.4105494   0.81739062]
2025-12-14 15:41:00,054 - INFO - num_full_subsets = 2
2025-12-14 15:41:00,151 - INFO - phi = [-0.12645529 -0.61824065  0.14414295 -0.87346624]
2025-12-14 15:41:00,197 - INFO - num_full_subsets = 2
2025-12-14 15:41:00,290 - INFO - phi = [-0.02343781  0.3668806  -0.40204345  0.41736799]
2025-12-14 15:41:00,335 - INFO - num_full_subsets = 2
2025-12-14 15:41:00,426 - INFO - phi = [-0.18520822 -1.28384441  0.25897672  0.15763234]
2025-12-14 15:41:00,470 - INFO - num_full_subsets = 2
2025-12-14 15:41:00,562 - INFO - phi = [-0.1600566  -0.4655826   0.28211969  0.42693388]
2025-12-14 15:41:00,607 - INFO - num_full_subsets = 2
2025-12-14 15:41:00,700 - INFO - phi = [-0.09546569  0.63043066 -0.61461063  0.46650109]
2025-12-14 15:41:00,745 - INFO - num_full_subsets = 2
2025-12-14 15:41:00,843 - INFO - phi = [ 0.328118    0.30552201  0.17599609 -0.71984211]
2025-12-14 15:41:00,892 - INFO - num_full_subsets = 2
2025-12-14 15:41:00,990 - INFO - phi = [-0.13638469  0.15820517  0.51696873  0.36331785]
2025-12-14 15:41:01,038 - INFO - num_full_subsets = 2
2025-12-14 15:41:01,130 - INFO - phi = [-0.08841035  0.92191119  0.56929569  0.74534611]
2025-12-14 15:41:01,179 - INFO - num_full_subsets = 2
2025-12-14 15:41:01,272 - INFO - phi = [0.37666319 0.15847738 0.36729888 0.64169309]
2025-12-14 15:41:01,317 - INFO - num_full_subsets = 2
2025-12-14 15:41:01,411 - INFO - phi = [-0.15050396  0.36378133 -0.32639939 -0.06058088]
2025-12-14 15:41:01,462 - INFO - num_full_subsets = 2
2025-12-14 15:41:01,555 - INFO - phi = [-0.1330989  -0.60278566  0.08591686 -0.93593707]
2025-12-14 15:41:01,600 - INFO - num_full_subsets = 2
2025-12-14 15:41:01,692 - INFO - phi = [-0.15755851 -0.32017649  0.2753928   0.66869353]
2025-12-14 15:41:01,740 - INFO - num_full_subsets = 2
2025-12-14 15:41:01,830 - INFO - phi = [0.39211331 0.7994075  0.35496493 0.53411959]
2025-12-14 15:41:01,876 - INFO - num_full_subsets = 2
2025-12-14 15:41:01,965 - INFO - phi = [ 0.65462608 -0.40271371  0.31843715  0.70212649]
2025-12-14 15:41:02,011 - INFO - num_full_subsets = 2
2025-12-14 15:41:02,097 - INFO - phi = [ 0.01571849  0.63053325 -0.59063479  0.33603975]
2025-12-14 15:41:02,147 - INFO - num_full_subsets = 2
2025-12-14 15:41:02,234 - INFO - phi = [-0.21138144 -1.06470678  0.09129699 -0.33452514]
2025-12-14 15:41:02,280 - INFO - num_full_subsets = 2
2025-12-14 15:41:02,372 - INFO - phi = [-0.11792357  0.84319178  0.53081075  0.78798491]
2025-12-14 15:41:02,417 - INFO - num_full_subsets = 2
2025-12-14 15:41:02,506 - INFO - phi = [-0.12252093  0.61272969 -0.92068818  0.32352182]
2025-12-14 15:41:02,552 - INFO - num_full_subsets = 2
2025-12-14 15:41:02,647 - INFO - phi = [-0.13995846  0.90385308  0.43879409  0.20927934]
2025-12-14 15:41:02,693 - INFO - num_full_subsets = 2
2025-12-14 15:41:02,789 - INFO - phi = [ 0.52919436  0.16414691 -0.01421923  0.17517351]
2025-12-14 15:41:02,834 - INFO - num_full_subsets = 2
2025-12-14 15:41:02,925 - INFO - phi = [-0.18091534  0.75858256  0.40670027 -0.08553153]
2025-12-14 15:41:02,974 - INFO - num_full_subsets = 2
2025-12-14 15:41:03,066 - INFO - phi = [-0.2119915  -1.09438039  0.08854486  0.06976427]
2025-12-14 15:41:03,111 - INFO - num_full_subsets = 2
2025-12-14 15:41:03,207 - INFO - phi = [0.53060453 0.80920771 0.01347904 0.37443024]
2025-12-14 15:41:03,251 - INFO - num_full_subsets = 2
2025-12-14 15:41:03,344 - INFO - phi = [-0.06737581  0.90883961  0.38388734  0.32285979]
2025-12-14 15:41:03,388 - INFO - num_full_subsets = 2
2025-12-14 15:41:03,488 - INFO - phi = [ 0.18181524  0.57376474 -0.34197507  0.02389158]
2025-12-14 15:41:03,535 - INFO - num_full_subsets = 2
2025-12-14 15:41:03,632 - INFO - phi = [-0.10568794 -0.06489236  0.16392736 -1.06265146]
2025-12-14 15:41:03,677 - INFO - num_full_subsets = 2
2025-12-14 15:41:03,768 - INFO - phi = [-0.05798178  0.21258405 -0.78285259  0.32552292]
2025-12-14 15:41:03,813 - INFO - num_full_subsets = 2
2025-12-14 15:41:03,906 - INFO - phi = [ 0.56005988  0.37101361  0.29764148 -0.03865882]
2025-12-14 15:41:03,951 - INFO - num_full_subsets = 2
2025-12-14 15:41:04,042 - INFO - phi = [ 0.33444688 -0.29519593 -0.3348417   0.44456404]
2025-12-14 15:41:04,086 - INFO - num_full_subsets = 2
2025-12-14 15:41:04,181 - INFO - phi = [-0.12947107 -0.71605895  0.035611   -0.83487849]
2025-12-14 15:41:04,228 - INFO - num_full_subsets = 2
2025-12-14 15:41:04,321 - INFO - phi = [-0.14117839  0.60935094 -0.4487496   0.47797144]
2025-12-14 15:41:04,366 - INFO - num_full_subsets = 2
2025-12-14 15:41:04,458 - INFO - phi = [-0.11962592  0.63005274 -0.9191472   0.35938615]
2025-12-14 15:41:04,502 - INFO - num_full_subsets = 2
2025-12-14 15:41:04,590 - INFO - phi = [-0.1763233  -0.99805953  0.34733931  0.66101151]
2025-12-14 15:41:04,634 - INFO - num_full_subsets = 2
2025-12-14 15:41:04,722 - INFO - phi = [-0.07374113  0.53699312  0.41812222  0.72474621]
2025-12-14 15:41:04,772 - INFO - num_full_subsets = 2
2025-12-14 15:41:04,861 - INFO - phi = [-0.15113286  0.64094146 -0.57907274  0.21979289]
2025-12-14 15:41:04,906 - INFO - num_full_subsets = 2
2025-12-14 15:41:04,996 - INFO - phi = [ 0.19220138  0.33915869  0.22204427 -0.80442466]
2025-12-14 15:41:05,041 - INFO - num_full_subsets = 2
2025-12-14 15:41:05,129 - INFO - phi = [-0.18520822 -1.28384441  0.25897672  0.15763234]
2025-12-14 15:41:05,173 - INFO - num_full_subsets = 2
2025-12-14 15:41:05,263 - INFO - phi = [ 0.34426479 -0.15671428  0.17037385 -0.30095775]
2025-12-14 15:41:05,307 - INFO - num_full_subsets = 2
2025-12-14 15:41:05,394 - INFO - phi = [-0.06974916  0.27591985 -0.02088128  0.55250291]
2025-12-14 15:41:05,443 - INFO - num_full_subsets = 2
2025-12-14 15:41:05,529 - INFO - phi = [0.15214518 0.11744532 0.24049922 0.758481  ]
2025-12-14 15:41:05,574 - INFO - num_full_subsets = 2
2025-12-14 15:41:05,657 - INFO - phi = [-0.17261823 -0.44366864  0.13765069 -0.42710522]
2025-12-14 15:41:05,702 - INFO - num_full_subsets = 2
2025-12-14 15:41:05,790 - INFO - phi = [-0.13131805  0.64844521  0.56484393  0.62990608]
2025-12-14 15:41:05,835 - INFO - num_full_subsets = 2
2025-12-14 15:41:05,923 - INFO - phi = [-0.13538934  0.62318683 -0.42503533  0.48876707]
2025-12-14 15:41:05,968 - INFO - num_full_subsets = 2
2025-12-14 15:41:06,059 - INFO - phi = [-0.16933629 -0.46873946  0.15976313 -0.95300823]
2025-12-14 15:41:06,104 - INFO - num_full_subsets = 2
2025-12-14 15:41:06,199 - INFO - phi = [-0.2202127  -1.031311    0.1419669  -0.22709602]
2025-12-14 15:41:06,248 - INFO - num_full_subsets = 2
2025-12-14 15:41:06,343 - INFO - phi = [-0.15823644 -0.48476289  0.09975322 -0.9703537 ]
2025-12-14 15:41:06,388 - INFO - num_full_subsets = 2
2025-12-14 15:41:06,479 - INFO - phi = [-0.12119411 -0.6926026  -0.01365869 -0.7975877 ]
2025-12-14 15:41:06,525 - INFO - num_full_subsets = 2
2025-12-14 15:41:06,614 - INFO - phi = [-0.15187524 -0.38426753  0.19759413  0.68335323]
2025-12-14 15:41:06,658 - INFO - num_full_subsets = 2
2025-12-14 15:41:06,752 - INFO - phi = [ 0.53096367 -0.36735369  0.37589205  0.7133755 ]
2025-12-14 15:41:06,797 - INFO - num_full_subsets = 2
2025-12-14 15:41:06,885 - INFO - phi = [-0.12826855  0.61805375 -0.35276547  0.43343994]
2025-12-14 15:41:06,930 - INFO - num_full_subsets = 2
2025-12-14 15:41:07,023 - INFO - phi = [-0.10682457  0.38824165 -0.25318713  0.38602406]
2025-12-14 15:41:07,071 - INFO - num_full_subsets = 2
2025-12-14 15:41:07,163 - INFO - phi = [-0.17431625  0.62922161 -0.23341405 -0.53789035]
2025-12-14 15:41:07,209 - INFO - num_full_subsets = 2
2025-12-14 15:41:07,304 - INFO - phi = [0.26567765 0.65700772 0.39804055 0.41774636]
2025-12-14 15:41:07,349 - INFO - num_full_subsets = 2
2025-12-14 15:41:07,450 - INFO - phi = [ 0.33664301  0.64972986 -0.10534571  0.56872642]
2025-12-14 15:41:07,499 - INFO - num_full_subsets = 2
2025-12-14 15:41:07,593 - INFO - phi = [-0.19571108 -0.76026295 -0.28517926 -0.03257811]
2025-12-14 15:41:07,638 - INFO - num_full_subsets = 2
2025-12-14 15:41:07,731 - INFO - phi = [ 0.35802863 -0.52354807  0.11881579 -0.8833035 ]
2025-12-14 15:41:07,776 - INFO - num_full_subsets = 2
2025-12-14 15:41:07,866 - INFO - phi = [-0.17558044 -0.79464919  0.17513839 -0.72628757]
2025-12-14 15:41:07,911 - INFO - num_full_subsets = 2
2025-12-14 15:41:07,998 - INFO - phi = [ 0.34222962  0.6531908   0.20770821 -0.58884573]
2025-12-14 15:41:08,048 - INFO - num_full_subsets = 2
2025-12-14 15:41:08,138 - INFO - phi = [-0.12591505 -0.12649401  0.15866831 -1.18866324]
2025-12-14 15:41:08,183 - INFO - num_full_subsets = 2
2025-12-14 15:41:08,274 - INFO - phi = [-0.17926298 -0.85926826  0.00862431  0.26584578]
2025-12-14 15:41:08,319 - INFO - num_full_subsets = 2
2025-12-14 15:41:08,411 - INFO - phi = [-0.10622152  0.07782588  0.19245863  0.468046  ]
2025-12-14 15:41:08,455 - INFO - num_full_subsets = 2
2025-12-14 15:41:08,542 - INFO - phi = [-0.10873465  0.16347912  0.18498402 -1.20417807]
2025-12-14 15:41:08,587 - INFO - num_full_subsets = 2
2025-12-14 15:41:08,677 - INFO - phi = [ 0.17712175  0.26723918 -0.22281615 -0.24421618]
2025-12-14 15:41:08,727 - INFO - num_full_subsets = 2
2025-12-14 15:41:08,815 - INFO - phi = [-0.15392846 -0.65955335  0.13333001 -0.88343222]
2025-12-14 15:41:08,861 - INFO - num_full_subsets = 2
2025-12-14 15:41:08,947 - INFO - phi = [-0.20394809 -0.89577624 -0.19832857 -0.32252735]
2025-12-14 15:41:08,993 - INFO - num_full_subsets = 2
2025-12-14 15:41:09,082 - INFO - phi = [-0.1431006  -0.63582127  0.02676025 -0.88567549]
2025-12-14 15:41:09,127 - INFO - num_full_subsets = 2
2025-12-14 15:41:09,217 - INFO - phi = [-0.17358995 -0.9827103  -0.26228533 -0.30765905]
2025-12-14 15:41:09,262 - INFO - num_full_subsets = 2
2025-12-14 15:41:09,361 - INFO - phi = [-0.07340879  0.46430565 -0.31676304  0.53991591]
2025-12-14 15:41:09,408 - INFO - num_full_subsets = 2
2025-12-14 15:41:09,504 - INFO - phi = [0.31003458 0.02990576 0.09234649 0.51669523]
2025-12-14 15:41:09,551 - INFO - num_full_subsets = 2
2025-12-14 15:41:09,640 - INFO - phi = [-0.08129942  0.6362003  -0.66117966  0.44790524]
2025-12-14 15:41:09,685 - INFO - num_full_subsets = 2
2025-12-14 15:41:09,769 - INFO - phi = [0.41648172 0.16045369 0.34192757 0.6505219 ]
2025-12-14 15:41:09,814 - INFO - num_full_subsets = 2
2025-12-14 15:41:09,901 - INFO - phi = [ 0.22727176  0.39499196 -0.33666203 -0.17623021]
2025-12-14 15:41:09,945 - INFO - num_full_subsets = 2
2025-12-14 15:41:10,041 - INFO - phi = [-0.2119915  -1.09438039  0.08854486  0.06976427]
2025-12-14 15:41:10,086 - INFO - num_full_subsets = 2
2025-12-14 15:41:10,170 - INFO - phi = [-0.10787787 -0.52062473  0.11224985  0.16147572]
2025-12-14 15:41:10,214 - INFO - num_full_subsets = 2
2025-12-14 15:41:10,305 - INFO - phi = [-0.12528255  0.62889484 -0.44714105  0.49142067]
2025-12-14 15:41:10,350 - INFO - num_full_subsets = 2
2025-12-14 15:41:10,438 - INFO - phi = [-0.20933569 -0.96400451  0.00357491 -0.05450797]
2025-12-14 15:41:10,482 - INFO - num_full_subsets = 2
2025-12-14 15:41:10,571 - INFO - phi = [-0.14573798 -0.31062007  0.16799109 -0.80291093]
2025-12-14 15:41:10,616 - INFO - num_full_subsets = 2
2025-12-14 15:41:10,709 - INFO - phi = [ 0.18420174  0.38976288 -0.29661487 -0.44837472]
2025-12-14 15:41:10,754 - INFO - num_full_subsets = 2
2025-12-14 15:41:10,843 - INFO - phi = [-0.16586285  0.52853108  0.39928485  0.24115286]
2025-12-14 15:41:10,888 - INFO - num_full_subsets = 2
2025-12-14 15:41:10,982 - INFO - phi = [-0.18723285 -1.03781701 -0.4182411   0.22243192]
2025-12-14 15:41:11,027 - INFO - num_full_subsets = 2
2025-12-14 15:41:11,117 - INFO - phi = [ 0.18188935  0.4429773   0.01916749 -1.14668077]
2025-12-14 15:41:11,161 - INFO - num_full_subsets = 2
2025-12-14 15:41:11,250 - INFO - phi = [-0.06137358 -0.11721738  0.18516695  0.61449517]
2025-12-14 15:41:11,300 - INFO - num_full_subsets = 2
2025-12-14 15:41:11,391 - INFO - phi = [-0.17493568  0.87604146  0.38588736  0.43870773]
2025-12-14 15:41:11,437 - INFO - num_full_subsets = 2
2025-12-14 15:41:11,525 - INFO - phi = [-0.18996531 -0.76906168 -0.0967109  -0.60293772]
2025-12-14 15:41:11,571 - INFO - num_full_subsets = 2
2025-12-14 15:41:11,659 - INFO - phi = [-0.11022278  0.33495821  0.16497478  0.73055272]
2025-12-14 15:41:11,703 - INFO - num_full_subsets = 2
2025-12-14 15:41:11,790 - INFO - phi = [-0.11536876  0.86511426  0.45267809  0.34570293]
2025-12-14 15:41:11,834 - INFO - num_full_subsets = 2
2025-12-14 15:41:11,926 - INFO - phi = [-0.04836026  0.31747281 -0.31563312  0.50600164]
2025-12-14 15:41:11,976 - INFO - num_full_subsets = 2
2025-12-14 15:41:12,067 - INFO - phi = [-0.18736528 -0.58301553 -0.10060591 -0.31218294]
2025-12-14 15:41:12,111 - INFO - num_full_subsets = 2
2025-12-14 15:41:12,202 - INFO - phi = [ 0.05315766 -0.00189521 -0.12294638  0.17121778]
2025-12-14 15:41:12,246 - INFO - num_full_subsets = 2
2025-12-14 15:41:12,336 - INFO - phi = [-0.20369932 -0.76380448 -0.54227395 -0.1310254 ]
2025-12-14 15:41:12,380 - INFO - num_full_subsets = 2
2025-12-14 15:41:12,466 - INFO - phi = [-0.12826855  0.61805375 -0.35276547  0.43343994]
2025-12-14 15:41:12,510 - INFO - num_full_subsets = 2
2025-12-14 15:41:12,600 - INFO - phi = [-0.13765524 -0.6747279   0.27293598  0.5509874 ]
2025-12-14 15:41:12,645 - INFO - num_full_subsets = 2
2025-12-14 15:41:12,733 - INFO - phi = [ 0.42430568  0.4893944  -0.92934962  0.34643274]
2025-12-14 15:41:12,777 - INFO - num_full_subsets = 2
2025-12-14 15:41:12,867 - INFO - phi = [-0.19576769 -1.0214187   0.00302191 -0.42606588]
2025-12-14 15:41:12,912 - INFO - num_full_subsets = 2
2025-12-14 15:41:13,003 - INFO - phi = [ 0.15959319  0.21296253  0.2339701  -0.95373116]
2025-12-14 15:41:13,048 - INFO - num_full_subsets = 2
2025-12-14 15:41:13,135 - INFO - phi = [-0.15342392 -0.30361337 -0.41823227  0.28235766]
2025-12-14 15:41:13,179 - INFO - num_full_subsets = 2
2025-12-14 15:41:13,272 - INFO - phi = [ 0.25353808 -0.26339538  0.23390546 -0.79658481]
2025-12-14 15:41:13,317 - INFO - num_full_subsets = 2
2025-12-14 15:41:13,403 - INFO - phi = [-0.16104086 -0.75017235 -0.33192961 -0.50090882]
2025-12-14 15:41:13,447 - INFO - num_full_subsets = 2
2025-12-14 15:41:13,535 - INFO - phi = [-0.18400449 -1.03252569 -0.07837834 -0.38756006]
2025-12-14 15:41:13,579 - INFO - num_full_subsets = 2
2025-12-14 15:41:13,669 - INFO - phi = [-0.15007671 -0.63225475  0.09818631 -0.91937792]
2025-12-14 15:41:13,717 - INFO - num_full_subsets = 2
2025-12-14 15:41:13,808 - INFO - phi = [-0.08673629  0.50385244  0.21978812  0.03827599]
2025-12-14 15:41:13,853 - INFO - num_full_subsets = 2
2025-12-14 15:41:13,945 - INFO - phi = [-0.18495092  0.61170213 -0.4499597   0.07506721]
2025-12-14 15:41:13,990 - INFO - num_full_subsets = 2
2025-12-14 15:41:14,083 - INFO - phi = [-0.09614847  0.10541001  0.18614184 -1.16887949]
2025-12-14 15:41:14,128 - INFO - num_full_subsets = 2
2025-12-14 15:41:14,220 - INFO - phi = [-0.05928751 -0.23652337 -0.50997099  0.40720543]
2025-12-14 15:41:14,268 - INFO - num_full_subsets = 2
2025-12-14 15:41:14,359 - INFO - phi = [-0.22160736 -0.76764795 -0.01819402 -0.25373769]
2025-12-14 15:41:14,403 - INFO - num_full_subsets = 2
2025-12-14 15:41:14,491 - INFO - phi = [-0.21089558  0.72450883  0.06796049 -0.62235731]
2025-12-14 15:41:14,539 - INFO - num_full_subsets = 2
2025-12-14 15:41:14,628 - INFO - phi = [ 0.46614634  0.0666086  -0.677636    0.34988033]
2025-12-14 15:41:14,673 - INFO - num_full_subsets = 2
2025-12-14 15:41:14,764 - INFO - phi = [-0.10473406 -0.44936821  0.18064834 -0.81294989]
2025-12-14 15:41:14,809 - INFO - num_full_subsets = 2
2025-12-14 15:41:14,898 - INFO - phi = [-0.22230041 -1.07859552  0.03408743  0.00494938]
2025-12-14 15:41:14,943 - INFO - num_full_subsets = 2
2025-12-14 15:41:15,034 - INFO - phi = [-0.11688414 -0.32554662  0.1762111  -0.92975188]
2025-12-14 15:41:15,078 - INFO - num_full_subsets = 2
2025-12-14 15:41:15,166 - INFO - phi = [-0.13875006 -0.34670107 -0.28824018 -0.43684605]
2025-12-14 15:41:15,215 - INFO - num_full_subsets = 2
2025-12-14 15:41:15,301 - INFO - phi = [0.19260589 0.22469561 0.33190649 0.38399009]
2025-12-14 15:41:15,345 - INFO - num_full_subsets = 2
2025-12-14 15:41:15,433 - INFO - phi = [-0.05134248  0.58624298  0.43869786  0.72954744]
2025-12-14 15:41:15,477 - INFO - num_full_subsets = 2
2025-12-14 15:41:15,566 - INFO - phi = [-0.16412172 -0.24505109  0.19839756  0.5025627 ]
2025-12-14 15:41:15,611 - INFO - num_full_subsets = 2
2025-12-14 15:41:15,699 - INFO - phi = [-0.16037976  0.70058259  0.1267988   0.6648449 ]
2025-12-14 15:41:15,743 - INFO - num_full_subsets = 2
2025-12-14 15:41:15,834 - INFO - phi = [-0.13942803  0.02081081 -0.61592172  0.30119511]
2025-12-14 15:41:15,880 - INFO - num_full_subsets = 2
2025-12-14 15:41:15,965 - INFO - phi = [ 0.11288864  0.30071684  0.27402307 -1.07166813]
2025-12-14 15:41:16,009 - INFO - num_full_subsets = 2
2025-12-14 15:41:16,100 - INFO - phi = [ 0.47289445  0.33998677 -0.53131516  0.34502687]
2025-12-14 15:41:16,147 - INFO - num_full_subsets = 2
2025-12-14 15:41:16,232 - INFO - phi = [-0.09691419  0.63550665 -0.52115408  0.4810861 ]
2025-12-14 15:41:16,276 - INFO - num_full_subsets = 2
2025-12-14 15:41:16,368 - INFO - phi = [-0.10505051 -0.28835291  0.17279598 -0.92797186]
2025-12-14 15:41:16,418 - INFO - num_full_subsets = 2
2025-12-14 15:41:16,517 - INFO - phi = [-0.17272711  0.32837476  0.3559977   0.20224932]
2025-12-14 15:41:16,563 - INFO - num_full_subsets = 2
2025-12-14 15:41:16,655 - INFO - phi = [ 0.51626691  0.49919557 -0.19765265  0.03667408]
2025-12-14 15:41:16,700 - INFO - num_full_subsets = 2
2025-12-14 15:41:16,788 - INFO - phi = [-0.14187552 -0.70993125 -0.29830862 -0.5844777 ]
2025-12-14 15:41:16,833 - INFO - num_full_subsets = 2
2025-12-14 15:41:16,924 - INFO - phi = [ 0.46237404 -0.02072428 -0.3107186   0.47201733]
2025-12-14 15:41:16,968 - INFO - num_full_subsets = 2
2025-12-14 15:41:17,053 - INFO - phi = [0.02970806 0.92279465 0.54660978 0.72629397]
2025-12-14 15:41:17,098 - INFO - num_full_subsets = 2
2025-12-14 15:41:17,194 - INFO - phi = [-0.15365988 -0.68042779  0.32873528  0.72065088]
2025-12-14 15:41:17,240 - INFO - num_full_subsets = 2
2025-12-14 15:41:17,329 - INFO - phi = [0.34119819 0.67801569 0.44293477 0.60343822]
2025-12-14 15:41:17,373 - INFO - num_full_subsets = 2
2025-12-14 15:41:17,463 - INFO - phi = [-0.15112531 -0.63132615 -0.64961547 -0.04169576]
2025-12-14 15:41:17,508 - INFO - num_full_subsets = 2
2025-12-14 15:41:17,597 - INFO - phi = [-0.20781773  0.55064246 -0.00983764 -0.69132133]
2025-12-14 15:41:17,642 - INFO - num_full_subsets = 2
2025-12-14 15:41:17,727 - INFO - phi = [-0.07569426 -0.13148884 -0.42745857  0.23621902]
2025-12-14 15:41:17,776 - INFO - num_full_subsets = 2
2025-12-14 15:41:17,869 - INFO - phi = [-0.14882989 -0.11000534  0.06410792  0.18570824]
2025-12-14 15:41:17,915 - INFO - num_full_subsets = 2
2025-12-14 15:41:18,007 - INFO - phi = [-0.12525465 -0.25354273 -0.18149733  0.42437831]
2025-12-14 15:41:18,052 - INFO - num_full_subsets = 2
2025-12-14 15:41:18,138 - INFO - phi = [ 0.53213025 -0.12169941 -0.29447278  0.10381505]
2025-12-14 15:41:18,182 - INFO - num_full_subsets = 2
2025-12-14 15:41:18,266 - INFO - phi = [-0.11951385 -0.46579367  0.17843389 -0.85851552]
2025-12-14 15:41:18,310 - INFO - num_full_subsets = 2
2025-12-14 15:41:18,397 - INFO - phi = [-0.19050796  0.03607152  0.02482579  0.45394795]
2025-12-14 15:41:18,447 - INFO - num_full_subsets = 2
2025-12-14 15:41:18,535 - INFO - phi = [-0.06197295  0.60373289 -0.51171755  0.36299571]
2025-12-14 15:41:18,580 - INFO - num_full_subsets = 2
2025-12-14 15:41:18,671 - INFO - phi = [0.57979117 0.6741042  0.19921647 0.6398307 ]
2025-12-14 15:41:18,715 - INFO - num_full_subsets = 2
2025-12-14 15:41:18,806 - INFO - phi = [-0.13538934  0.62318683 -0.42503533  0.48876707]
2025-12-14 15:41:18,852 - INFO - num_full_subsets = 2
2025-12-14 15:41:18,943 - INFO - phi = [-0.17639841 -0.51211127  0.1818666  -0.84331647]
2025-12-14 15:41:18,991 - INFO - num_full_subsets = 2
2025-12-14 15:41:19,093 - INFO - phi = [ 0.27704984  0.55436109  0.04564362 -1.04852299]
2025-12-14 15:41:19,139 - INFO - num_full_subsets = 2
2025-12-14 15:41:19,234 - INFO - phi = [0.01693401 0.5812835  0.33027348 0.48885102]
2025-12-14 15:41:19,279 - INFO - num_full_subsets = 2
2025-12-14 15:41:19,369 - INFO - phi = [-0.12355859 -0.26874193  0.17605828 -1.09552516]
2025-12-14 15:41:19,414 - INFO - num_full_subsets = 2
2025-12-14 15:41:19,500 - INFO - phi = [0.48670541 0.21086269 0.3844526  0.68981255]
2025-12-14 15:41:19,545 - INFO - num_full_subsets = 2
2025-12-14 15:41:19,631 - INFO - phi = [-0.13602295  0.73044682  0.11496872 -0.53262924]
2025-12-14 15:41:19,680 - INFO - num_full_subsets = 2
2025-12-14 15:41:19,775 - INFO - phi = [0.05954224 0.93427432 0.55271468 0.68496826]
2025-12-14 15:41:19,821 - INFO - num_full_subsets = 2
2025-12-14 15:41:19,913 - INFO - phi = [ 0.41778411 -0.08438039  0.41884184  0.66269271]
2025-12-14 15:41:19,957 - INFO - num_full_subsets = 2
2025-12-14 15:41:20,046 - INFO - phi = [ 0.27428897 -0.55218658  0.14877495 -0.85051871]
2025-12-14 15:41:20,091 - INFO - num_full_subsets = 2
2025-12-14 15:41:20,178 - INFO - phi = [-0.20233537 -0.29843767  0.17193012 -0.23581232]
2025-12-14 15:41:20,223 - INFO - num_full_subsets = 2
2025-12-14 15:41:20,311 - INFO - phi = [ 0.21348112  0.43286716  0.25156591 -0.68765016]
2025-12-14 15:41:20,356 - INFO - num_full_subsets = 2
2025-12-14 15:41:20,451 - INFO - phi = [ 0.28722333  0.58324395  0.19249688 -0.96361197]
2025-12-14 15:41:20,964 - INFO - Computing feature importance...
2025-12-14 15:41:29,729 - INFO - Experiment completed for CNN
2025-12-14 15:41:29,730 - INFO - Total time: 225.17s (3.75 min)
2025-12-14 15:41:29,730 - INFO - Starting comprehensive experiment for CNN
2025-12-14 15:41:39,516 - INFO - Performing feature analysis...
2025-12-14 15:41:40,706 - INFO - Model justification: Fast 1D Convolutional Neural Network - perfect for tabular features with local patterns
2025-12-14 15:41:40,706 - INFO - Performing robust cross-validation...
2025-12-14 15:42:01,257 - INFO - CV Results - MSE: 2.4040 ± 0.6241
2025-12-14 15:42:01,257 - INFO - Starting hyperparameter optimization...
2025-12-14 15:45:00,003 - INFO - Best parameters for CNN: {'filters': 47, 'kernel_size': 3, 'dense_units': 18, 'lr': 0.03975523982678186, 'epochs': 100}
2025-12-14 15:45:00,003 - INFO - ⏱️ HPO took 178.75 seconds
2025-12-14 15:45:00,003 - INFO - Training final model...
2025-12-14 15:45:02,619 - INFO - ⏱️ Training took 2.62 seconds
2025-12-14 15:45:02,619 - INFO - Performing residual analysis...
2025-12-14 15:45:03,753 - INFO - Generating XAI explanations...
2025-12-14 15:45:03,790 - WARNING - Using 168 background data samples could cause slower run times. Consider using shap.sample(data, K) or shap.kmeans(data, K) to summarize the background as K samples.
2025-12-14 15:45:03,836 - INFO - num_full_subsets = 2
2025-12-14 15:45:03,927 - INFO - phi = [-0.2242289  -0.69484342 -0.05279542 -0.21582796]
2025-12-14 15:45:03,972 - INFO - num_full_subsets = 2
2025-12-14 15:45:04,066 - INFO - phi = [-0.32037046 -0.92952     0.03597053 -0.46381011]
2025-12-14 15:45:04,111 - INFO - num_full_subsets = 2
2025-12-14 15:45:04,198 - INFO - phi = [-0.15517788  0.76482596 -0.50072788  0.30701322]
2025-12-14 15:45:04,242 - INFO - num_full_subsets = 2
2025-12-14 15:45:04,327 - INFO - phi = [-0.13050628  0.39113737  0.41983286  0.38623511]
2025-12-14 15:45:04,374 - INFO - num_full_subsets = 2
2025-12-14 15:45:04,458 - INFO - phi = [ 0.23563936  0.06766413 -0.34686342 -0.02470761]
2025-12-14 15:45:04,503 - INFO - num_full_subsets = 2
2025-12-14 15:45:04,591 - INFO - phi = [-0.15942429  0.76544497  0.17744612 -0.17897577]
2025-12-14 15:45:04,636 - INFO - num_full_subsets = 2
2025-12-14 15:45:04,727 - INFO - phi = [-0.15200525  0.76496346 -0.25383703  0.23845096]
2025-12-14 15:45:04,772 - INFO - num_full_subsets = 2
2025-12-14 15:45:04,861 - INFO - phi = [-0.29018677 -0.87501862  0.04001925 -0.40976502]
2025-12-14 15:45:04,907 - INFO - num_full_subsets = 2
2025-12-14 15:45:04,998 - INFO - phi = [-0.21294587  0.05747211  0.03121414  0.32332654]
2025-12-14 15:45:05,043 - INFO - num_full_subsets = 2
2025-12-14 15:45:05,125 - INFO - phi = [-0.10277034  0.78121695 -0.15625479  0.17363331]
2025-12-14 15:45:05,170 - INFO - num_full_subsets = 2
2025-12-14 15:45:05,254 - INFO - phi = [-0.29105927 -0.15850636  0.26845637  0.49058592]
2025-12-14 15:45:05,299 - INFO - num_full_subsets = 2
2025-12-14 15:45:05,385 - INFO - phi = [ 0.24439684  0.48240758  0.17300889 -0.67830381]
2025-12-14 15:45:05,430 - INFO - num_full_subsets = 2
2025-12-14 15:45:05,512 - INFO - phi = [-0.24148016 -0.76506916  0.13187973 -0.41942208]
2025-12-14 15:45:05,557 - INFO - num_full_subsets = 2
2025-12-14 15:45:05,648 - INFO - phi = [-0.14600022  0.37999543 -0.17717855  0.06745954]
2025-12-14 15:45:05,695 - INFO - num_full_subsets = 2
2025-12-14 15:45:05,784 - INFO - phi = [-0.27859112 -0.98445312  0.11472742 -0.19222426]
2025-12-14 15:45:05,830 - INFO - num_full_subsets = 2
2025-12-14 15:45:05,917 - INFO - phi = [-0.24767188 -0.77742692 -0.37192863 -0.05434492]
2025-12-14 15:45:05,961 - INFO - num_full_subsets = 2
2025-12-14 15:45:06,050 - INFO - phi = [-0.09280328  0.7767542   0.20487263  0.23202753]
2025-12-14 15:45:06,097 - INFO - num_full_subsets = 2
2025-12-14 15:45:06,188 - INFO - phi = [ 0.14990974  0.66691655 -0.19246507 -0.03530516]
2025-12-14 15:45:06,233 - INFO - num_full_subsets = 2
2025-12-14 15:45:06,321 - INFO - phi = [-0.26363397 -1.10250859 -0.03442525 -0.30090002]
2025-12-14 15:45:06,368 - INFO - num_full_subsets = 2
2025-12-14 15:45:06,455 - INFO - phi = [-0.07645821  0.76255334  0.39763976  0.67479386]
2025-12-14 15:45:06,500 - INFO - num_full_subsets = 2
2025-12-14 15:45:06,587 - INFO - phi = [-0.01862736  0.4267486  -0.05380189 -0.47904036]
2025-12-14 15:45:06,631 - INFO - num_full_subsets = 2
2025-12-14 15:45:06,715 - INFO - phi = [ 0.11827184  0.41007539 -0.12241742 -0.80188271]
2025-12-14 15:45:06,761 - INFO - num_full_subsets = 2
2025-12-14 15:45:06,845 - INFO - phi = [-0.31967732 -0.83886145  0.01945835 -0.51519233]
2025-12-14 15:45:06,894 - INFO - num_full_subsets = 2
2025-12-14 15:45:06,979 - INFO - phi = [0.01748415 0.72994352 0.23543653 0.54398559]
2025-12-14 15:45:07,025 - INFO - num_full_subsets = 2
2025-12-14 15:45:07,113 - INFO - phi = [-0.24432823 -1.09780223 -0.05309851 -0.29932497]
2025-12-14 15:45:07,157 - INFO - num_full_subsets = 2
2025-12-14 15:45:07,239 - INFO - phi = [-0.10957163  0.72250894 -0.21075493  0.08635163]
2025-12-14 15:45:07,283 - INFO - num_full_subsets = 2
2025-12-14 15:45:07,370 - INFO - phi = [-0.31021454 -0.94237071  0.02853056 -0.47752007]
2025-12-14 15:45:07,415 - INFO - num_full_subsets = 2
2025-12-14 15:45:07,501 - INFO - phi = [ 2.99239244e-01 -4.14464445e-04  1.41911308e-01 -6.69603100e-01]
2025-12-14 15:45:07,549 - INFO - num_full_subsets = 2
2025-12-14 15:45:07,636 - INFO - phi = [-0.1751627   0.75437605  0.23778376  0.6156597 ]
2025-12-14 15:45:07,682 - INFO - num_full_subsets = 2
2025-12-14 15:45:07,770 - INFO - phi = [-0.26986261 -0.976538   -0.29003113  0.41965341]
2025-12-14 15:45:07,816 - INFO - num_full_subsets = 2
2025-12-14 15:45:07,904 - INFO - phi = [ 0.34149758  0.63688674  0.02555559 -0.20437599]
2025-12-14 15:45:07,950 - INFO - num_full_subsets = 2
2025-12-14 15:45:08,033 - INFO - phi = [ 0.30368297 -0.30617979 -0.232127   -0.33551841]
2025-12-14 15:45:08,078 - INFO - num_full_subsets = 2
2025-12-14 15:45:08,174 - INFO - phi = [-0.08318924  0.70696834  0.17922248  0.34648644]
2025-12-14 15:45:08,220 - INFO - num_full_subsets = 2
2025-12-14 15:45:08,315 - INFO - phi = [0.15968176 0.68927415 0.15331593 0.38873849]
2025-12-14 15:45:08,360 - INFO - num_full_subsets = 2
2025-12-14 15:45:08,448 - INFO - phi = [0.44373171 0.13265575 0.15627632 0.12071051]
2025-12-14 15:45:08,492 - INFO - num_full_subsets = 2
2025-12-14 15:45:08,578 - INFO - phi = [-0.23528427  0.01968094  0.1350467   0.4566348 ]
2025-12-14 15:45:08,623 - INFO - num_full_subsets = 2
2025-12-14 15:45:08,712 - INFO - phi = [-0.2977535  -0.66033336 -0.01791122 -0.43415264]
2025-12-14 15:45:08,756 - INFO - num_full_subsets = 2
2025-12-14 15:45:08,843 - INFO - phi = [-0.296665   -0.09530228  0.24410333  0.32189477]
2025-12-14 15:45:08,889 - INFO - num_full_subsets = 2
2025-12-14 15:45:08,974 - INFO - phi = [-0.26839793 -1.21505745 -0.10920592 -0.07152932]
2025-12-14 15:45:09,019 - INFO - num_full_subsets = 2
2025-12-14 15:45:09,106 - INFO - phi = [-0.09423769  0.46563676  0.17505641  0.37351555]
2025-12-14 15:45:09,150 - INFO - num_full_subsets = 2
2025-12-14 15:45:09,240 - INFO - phi = [-0.32140757 -0.96922957  0.06916315 -0.21501746]
2025-12-14 15:45:09,285 - INFO - num_full_subsets = 2
2025-12-14 15:45:09,374 - INFO - phi = [-0.15505317 -0.01601663  0.09518714  0.06952622]
2025-12-14 15:45:09,420 - INFO - num_full_subsets = 2
2025-12-14 15:45:09,509 - INFO - phi = [-0.30255302 -1.01065859  0.03996655 -0.41982316]
2025-12-14 15:45:09,556 - INFO - num_full_subsets = 2
2025-12-14 15:45:09,641 - INFO - phi = [-0.00960814  0.35099939 -0.04886141 -0.18221257]
2025-12-14 15:45:09,686 - INFO - num_full_subsets = 2
2025-12-14 15:45:09,776 - INFO - phi = [0.43868067 0.34558097 0.41113933 0.69140604]
2025-12-14 15:45:09,820 - INFO - num_full_subsets = 2
2025-12-14 15:45:09,911 - INFO - phi = [0.3329791  0.59605363 0.24123394 0.63214683]
2025-12-14 15:45:09,956 - INFO - num_full_subsets = 2
2025-12-14 15:45:10,045 - INFO - phi = [0.35720452 0.53269703 0.0942473  0.28972595]
2025-12-14 15:45:10,094 - INFO - num_full_subsets = 2
2025-12-14 15:45:10,186 - INFO - phi = [-0.06394365  0.7438754  -0.20501895  0.30092299]
2025-12-14 15:45:10,232 - INFO - num_full_subsets = 2
2025-12-14 15:45:10,321 - INFO - phi = [-0.16340665 -0.01596125  0.00953591 -0.09330626]
2025-12-14 15:45:10,366 - INFO - num_full_subsets = 2
2025-12-14 15:45:10,455 - INFO - phi = [-0.27388188 -1.13814775 -0.37878217  0.15412479]
2025-12-14 15:45:10,499 - INFO - num_full_subsets = 2
2025-12-14 15:45:10,590 - INFO - phi = [0.58254416 0.05958239 0.36542204 0.68084695]
2025-12-14 15:45:10,635 - INFO - num_full_subsets = 2
2025-12-14 15:45:10,727 - INFO - phi = [ 0.31307919  0.14985885  0.14340408 -0.32043314]
2025-12-14 15:45:10,777 - INFO - num_full_subsets = 2
2025-12-14 15:45:10,871 - INFO - phi = [0.3327261  0.68655182 0.21509801 0.51107509]
2025-12-14 15:45:10,916 - INFO - num_full_subsets = 2
2025-12-14 15:45:11,009 - INFO - phi = [-0.10923435  0.73781033 -0.45320373  0.1735572 ]
2025-12-14 15:45:11,054 - INFO - num_full_subsets = 2
2025-12-14 15:45:11,143 - INFO - phi = [-0.25115128 -1.16616205 -0.15307478 -0.22121649]
2025-12-14 15:45:11,188 - INFO - num_full_subsets = 2
2025-12-14 15:45:11,279 - INFO - phi = [ 0.22076734  0.50565885  0.14305902 -0.75416831]
2025-12-14 15:45:11,324 - INFO - num_full_subsets = 2
2025-12-14 15:45:11,416 - INFO - phi = [ 0.15720469 -0.00784074  0.06116501 -0.64583213]
2025-12-14 15:45:11,461 - INFO - num_full_subsets = 2
2025-12-14 15:45:11,550 - INFO - phi = [-0.27740398 -1.30472309 -0.08927256  0.06225474]
2025-12-14 15:45:11,594 - INFO - num_full_subsets = 2
2025-12-14 15:45:11,676 - INFO - phi = [-0.30916639 -0.70955018  0.02323978 -0.34368195]
2025-12-14 15:45:11,721 - INFO - num_full_subsets = 2
2025-12-14 15:45:11,805 - INFO - phi = [-0.22009102  0.62688567 -0.02077595 -0.31166163]
2025-12-14 15:45:11,849 - INFO - num_full_subsets = 2
2025-12-14 15:45:11,930 - INFO - phi = [ 0.39988044  0.62318064 -0.08997111  0.25803069]
2025-12-14 15:45:11,975 - INFO - num_full_subsets = 2
2025-12-14 15:45:12,061 - INFO - phi = [ 0.43471998 -0.05021366  0.06359599 -0.54497555]
2025-12-14 15:45:12,106 - INFO - num_full_subsets = 2
2025-12-14 15:45:12,192 - INFO - phi = [ 0.31307919  0.14985885  0.14340408 -0.32043314]
2025-12-14 15:45:12,237 - INFO - num_full_subsets = 2
2025-12-14 15:45:12,320 - INFO - phi = [-0.23314455 -0.94361399 -0.12302292 -0.22252207]
2025-12-14 15:45:12,364 - INFO - num_full_subsets = 2
2025-12-14 15:45:12,446 - INFO - phi = [-0.28833409 -0.5786381   0.04130344 -0.39630868]
2025-12-14 15:45:12,494 - INFO - num_full_subsets = 2
2025-12-14 15:45:12,583 - INFO - phi = [-0.03583597  0.35021783  0.0269411  -0.70986225]
2025-12-14 15:45:12,627 - INFO - num_full_subsets = 2
2025-12-14 15:45:12,720 - INFO - phi = [-0.28381133 -1.16702628 -0.3201747   0.17197446]
2025-12-14 15:45:12,767 - INFO - num_full_subsets = 2
2025-12-14 15:45:12,860 - INFO - phi = [0.04880438 0.68392928 0.19100573 0.49449118]
2025-12-14 15:45:12,907 - INFO - num_full_subsets = 2
2025-12-14 15:45:13,000 - INFO - phi = [0.55237592 0.08244927 0.14205304 0.4925267 ]
2025-12-14 15:45:13,047 - INFO - num_full_subsets = 2
2025-12-14 15:45:13,135 - INFO - phi = [-0.2264203  -0.65800442  0.07313381 -0.50781063]
2025-12-14 15:45:13,182 - INFO - num_full_subsets = 2
2025-12-14 15:45:13,268 - INFO - phi = [0.30678608 0.33040678 0.25133712 0.76503261]
2025-12-14 15:45:13,317 - INFO - num_full_subsets = 2
2025-12-14 15:45:13,405 - INFO - phi = [-0.36229875 -0.86953422  0.19843186  0.35318389]
2025-12-14 15:45:13,450 - INFO - num_full_subsets = 2
2025-12-14 15:45:13,539 - INFO - phi = [-0.25953024 -0.93619466  0.09088141 -0.49450071]
2025-12-14 15:45:13,587 - INFO - num_full_subsets = 2
2025-12-14 15:45:13,676 - INFO - phi = [-0.1764556   0.48295583  0.27560786  0.49144217]
2025-12-14 15:45:13,723 - INFO - num_full_subsets = 2
2025-12-14 15:45:13,814 - INFO - phi = [ 0.34778875 -0.02946823  0.04894339 -0.286254  ]
2025-12-14 15:45:13,858 - INFO - num_full_subsets = 2
2025-12-14 15:45:13,939 - INFO - phi = [-0.15058037  0.41542233  0.22994525 -0.36792894]
2025-12-14 15:45:13,988 - INFO - num_full_subsets = 2
2025-12-14 15:45:14,074 - INFO - phi = [ 0.52159784  0.02177221 -0.34877382  0.32615386]
2025-12-14 15:45:14,120 - INFO - num_full_subsets = 2
2025-12-14 15:45:14,211 - INFO - phi = [ 0.32479927 -0.10575573 -0.41031883 -0.15758351]
2025-12-14 15:45:14,256 - INFO - num_full_subsets = 2
2025-12-14 15:45:14,342 - INFO - phi = [0.37414059 0.50857695 0.28083907 0.6014271 ]
2025-12-14 15:45:14,387 - INFO - num_full_subsets = 2
2025-12-14 15:45:14,476 - INFO - phi = [-0.31967732 -0.83886145  0.01945835 -0.51519233]
2025-12-14 15:45:14,522 - INFO - num_full_subsets = 2
2025-12-14 15:45:14,614 - INFO - phi = [-0.27373602 -1.15739314  0.03581273 -0.34962643]
2025-12-14 15:45:14,663 - INFO - num_full_subsets = 2
2025-12-14 15:45:14,750 - INFO - phi = [-0.21836323  0.698894   -0.28616883  0.02068856]
2025-12-14 15:45:14,795 - INFO - num_full_subsets = 2
2025-12-14 15:45:14,885 - INFO - phi = [ 0.41249791  0.41727184 -0.28108456  0.25063198]
2025-12-14 15:45:14,929 - INFO - num_full_subsets = 2
2025-12-14 15:45:15,017 - INFO - phi = [-0.13498241  0.05000643  0.05088309 -0.55911562]
2025-12-14 15:45:15,061 - INFO - num_full_subsets = 2
2025-12-14 15:45:15,148 - INFO - phi = [0.43720131 0.41496784 0.39818898 0.63582374]
2025-12-14 15:45:15,193 - INFO - num_full_subsets = 2
2025-12-14 15:45:15,283 - INFO - phi = [-0.18817904 -0.50057481 -0.31623746  0.05354053]
2025-12-14 15:45:15,329 - INFO - num_full_subsets = 2
2025-12-14 15:45:15,411 - INFO - phi = [0.59761047 0.34477246 0.43012487 0.49155645]
2025-12-14 15:45:15,455 - INFO - num_full_subsets = 2
2025-12-14 15:45:15,542 - INFO - phi = [ 0.17460942  0.35732232 -0.13909872 -0.71989415]
2025-12-14 15:45:15,588 - INFO - num_full_subsets = 2
2025-12-14 15:45:15,676 - INFO - phi = [0.19169464 0.72418923 0.28778962 0.5345296 ]
2025-12-14 15:45:15,724 - INFO - num_full_subsets = 2
2025-12-14 15:45:15,814 - INFO - phi = [ 0.47748256 -0.15133666 -0.42656005  0.01713148]
2025-12-14 15:45:15,860 - INFO - num_full_subsets = 2
2025-12-14 15:45:15,955 - INFO - phi = [-0.27416141 -0.8626061   0.08136875 -0.425918  ]
2025-12-14 15:45:16,000 - INFO - num_full_subsets = 2
2025-12-14 15:45:16,091 - INFO - phi = [-0.05727534  0.48929035  0.04579086 -0.57547519]
2025-12-14 15:45:16,135 - INFO - num_full_subsets = 2
2025-12-14 15:45:16,220 - INFO - phi = [ 0.55728817 -0.2388836  -0.60442181  0.32406627]
2025-12-14 15:45:16,265 - INFO - num_full_subsets = 2
2025-12-14 15:45:16,346 - INFO - phi = [-0.28723618 -1.19039736  0.07755133 -0.1941646 ]
2025-12-14 15:45:16,390 - INFO - num_full_subsets = 2
2025-12-14 15:45:16,471 - INFO - phi = [0.56869391 0.36606963 0.46797116 0.49094162]
2025-12-14 15:45:16,520 - INFO - num_full_subsets = 2
2025-12-14 15:45:16,987 - INFO - phi = [ 0.37910307  0.3293605   0.04704162 -0.66447001]
2025-12-14 15:45:17,037 - INFO - num_full_subsets = 2
2025-12-14 15:45:17,133 - INFO - phi = [0.25148125 0.58524379 0.2160813  0.58327158]
2025-12-14 15:45:17,182 - INFO - num_full_subsets = 2
2025-12-14 15:45:17,277 - INFO - phi = [-0.21521157  0.71764115  0.13952878  0.21102301]
2025-12-14 15:45:17,328 - INFO - num_full_subsets = 2
2025-12-14 15:45:17,417 - INFO - phi = [-0.25901721 -0.81592383  0.14185877 -0.35157803]
2025-12-14 15:45:17,467 - INFO - num_full_subsets = 2
2025-12-14 15:45:17,570 - INFO - phi = [-0.26424082 -0.4252226   0.03156931 -0.41440056]
2025-12-14 15:45:17,622 - INFO - num_full_subsets = 2
2025-12-14 15:45:17,714 - INFO - phi = [0.34033861 0.45876951 0.17485996 0.60286712]
2025-12-14 15:45:17,764 - INFO - num_full_subsets = 2
2025-12-14 15:45:17,855 - INFO - phi = [0.47043705 0.6613826  0.11880558 0.26316494]
2025-12-14 15:45:17,905 - INFO - num_full_subsets = 2
2025-12-14 15:45:17,994 - INFO - phi = [ 0.32886029  0.11849094 -0.74763942  0.0929344 ]
2025-12-14 15:45:18,045 - INFO - num_full_subsets = 2
2025-12-14 15:45:18,139 - INFO - phi = [ 0.32479927 -0.10575573 -0.41031883 -0.15758351]
2025-12-14 15:45:18,190 - INFO - num_full_subsets = 2
2025-12-14 15:45:18,282 - INFO - phi = [-0.23485231 -0.94922653 -0.07509694 -0.25057526]
2025-12-14 15:45:18,333 - INFO - num_full_subsets = 2
2025-12-14 15:45:18,431 - INFO - phi = [ 0.03617561  0.70419125 -0.20833671  0.05892181]
2025-12-14 15:45:18,483 - INFO - num_full_subsets = 2
2025-12-14 15:45:18,581 - INFO - phi = [ 0.55748237 -0.32328362 -0.66413758  0.2001229 ]
2025-12-14 15:45:18,632 - INFO - num_full_subsets = 2
2025-12-14 15:45:18,729 - INFO - phi = [0.34705498 0.66061732 0.24974513 0.63214618]
2025-12-14 15:45:18,786 - INFO - num_full_subsets = 2
2025-12-14 15:45:18,878 - INFO - phi = [ 0.03039804  0.6979872  -0.16324367  0.31954804]
2025-12-14 15:45:18,929 - INFO - num_full_subsets = 2
2025-12-14 15:45:19,026 - INFO - phi = [ 0.67879837 -0.30989852  0.24491969  0.71592436]
2025-12-14 15:45:19,076 - INFO - num_full_subsets = 2
2025-12-14 15:45:19,170 - INFO - phi = [ 0.31195799  0.53807736  0.15297421 -0.70258971]
2025-12-14 15:45:19,220 - INFO - num_full_subsets = 2
2025-12-14 15:45:19,312 - INFO - phi = [0.14792441 0.72692474 0.2929821  0.56456301]
2025-12-14 15:45:19,363 - INFO - num_full_subsets = 2
2025-12-14 15:45:19,460 - INFO - phi = [-0.29322999 -0.69363041  0.0355357  -0.53633996]
2025-12-14 15:45:19,511 - INFO - num_full_subsets = 2
2025-12-14 15:45:19,604 - INFO - phi = [-0.28325543 -0.83044207  0.04527357 -0.52337017]
2025-12-14 15:45:19,655 - INFO - num_full_subsets = 2
2025-12-14 15:45:19,751 - INFO - phi = [-0.28633763 -0.54835144  0.01319523 -0.55642031]
2025-12-14 15:45:19,802 - INFO - num_full_subsets = 2
2025-12-14 15:45:19,894 - INFO - phi = [-0.15399753  0.37084412 -0.08905236  0.3159333 ]
2025-12-14 15:45:19,945 - INFO - num_full_subsets = 2
2025-12-14 15:45:20,034 - INFO - phi = [0.10523939 0.71510549 0.13892953 0.30763761]
2025-12-14 15:45:20,091 - INFO - num_full_subsets = 2
2025-12-14 15:45:20,182 - INFO - phi = [-0.28640477 -1.15869727 -0.24939042  0.25818459]
2025-12-14 15:45:20,232 - INFO - num_full_subsets = 2
2025-12-14 15:45:20,320 - INFO - phi = [ 0.45116111  0.55182336 -0.14931409  0.25485064]
2025-12-14 15:45:20,370 - INFO - num_full_subsets = 2
2025-12-14 15:45:20,463 - INFO - phi = [ 0.27731088  0.36253279 -0.47903276  0.27898249]
2025-12-14 15:45:20,514 - INFO - num_full_subsets = 2
2025-12-14 15:45:20,602 - INFO - phi = [-0.30442604 -0.61552552 -0.00768107 -0.54715063]
2025-12-14 15:45:20,652 - INFO - num_full_subsets = 2
2025-12-14 15:45:20,747 - INFO - phi = [-0.26385361 -1.11044291  0.01028906 -0.41531798]
2025-12-14 15:45:20,797 - INFO - num_full_subsets = 2
2025-12-14 15:45:20,884 - INFO - phi = [ 0.20317811  0.30987491 -0.04301697 -0.64634821]
2025-12-14 15:45:20,934 - INFO - num_full_subsets = 2
2025-12-14 15:45:21,025 - INFO - phi = [-0.22418647 -0.36004352  0.04644456 -0.19656688]
2025-12-14 15:45:21,076 - INFO - num_full_subsets = 2
2025-12-14 15:45:21,170 - INFO - phi = [ 2.60143526e-04  7.71778055e-01 -3.29766884e-01  2.10185250e-01]
2025-12-14 15:45:21,226 - INFO - num_full_subsets = 2
2025-12-14 15:45:21,327 - INFO - phi = [-0.2738808  -1.16377658  0.00735398 -0.23329223]
2025-12-14 15:45:21,378 - INFO - num_full_subsets = 2
2025-12-14 15:45:21,483 - INFO - phi = [-0.11341891  0.74087048  0.26475117  0.54521575]
2025-12-14 15:45:21,534 - INFO - num_full_subsets = 2
2025-12-14 15:45:21,629 - INFO - phi = [-0.1369892   0.28176152  0.05918006  0.11892435]
2025-12-14 15:45:21,681 - INFO - num_full_subsets = 2
2025-12-14 15:45:21,771 - INFO - phi = [-0.24662198 -0.5613479  -0.68735231  0.24353767]
2025-12-14 15:45:21,822 - INFO - num_full_subsets = 2
2025-12-14 15:45:21,916 - INFO - phi = [0.30765007 0.58153476 0.10354985 0.02574662]
2025-12-14 15:45:21,966 - INFO - num_full_subsets = 2
2025-12-14 15:45:22,062 - INFO - phi = [0.60105699 0.13586253 0.50018323 0.3846257 ]
2025-12-14 15:45:22,112 - INFO - num_full_subsets = 2
2025-12-14 15:45:22,214 - INFO - phi = [0.37414059 0.50857695 0.28083907 0.6014271 ]
2025-12-14 15:45:22,264 - INFO - num_full_subsets = 2
2025-12-14 15:45:22,357 - INFO - phi = [-0.33194768 -0.76265157  0.07652756 -0.34223787]
2025-12-14 15:45:22,407 - INFO - num_full_subsets = 2
2025-12-14 15:45:22,499 - INFO - phi = [-0.24911635 -0.86601719 -0.27956388 -0.00780675]
2025-12-14 15:45:22,548 - INFO - num_full_subsets = 2
2025-12-14 15:45:22,639 - INFO - phi = [ 0.03179922  0.40090317 -0.23769893 -0.34521523]
2025-12-14 15:45:22,688 - INFO - num_full_subsets = 2
2025-12-14 15:45:22,786 - INFO - phi = [-0.16150268  0.55887982  0.09804884  0.36361122]
2025-12-14 15:45:22,844 - INFO - num_full_subsets = 2
2025-12-14 15:45:22,941 - INFO - phi = [-0.08020405  0.76927245 -0.32010264  0.2746667 ]
2025-12-14 15:45:22,991 - INFO - num_full_subsets = 2
2025-12-14 15:45:23,086 - INFO - phi = [-0.15494587 -0.04603829  0.02699563 -0.60025978]
2025-12-14 15:45:23,135 - INFO - num_full_subsets = 2
2025-12-14 15:45:23,228 - INFO - phi = [-0.0097494   0.31288534 -0.14872494  0.36793745]
2025-12-14 15:45:23,278 - INFO - num_full_subsets = 2
2025-12-14 15:45:23,368 - INFO - phi = [ 0.17092151  0.29021582 -0.2596735  -0.23887047]
2025-12-14 15:45:23,417 - INFO - num_full_subsets = 2
2025-12-14 15:45:23,505 - INFO - phi = [ 0.23023074 -0.01997904  0.07783909 -0.55501728]
2025-12-14 15:45:23,560 - INFO - num_full_subsets = 2
2025-12-14 15:45:23,653 - INFO - phi = [-0.1095352   0.225824    0.09309667  0.40720674]
2025-12-14 15:45:23,703 - INFO - num_full_subsets = 2
2025-12-14 15:45:23,797 - INFO - phi = [-0.25355547 -0.73544179  0.13771894 -0.39160127]
2025-12-14 15:45:23,847 - INFO - num_full_subsets = 2
2025-12-14 15:45:23,942 - INFO - phi = [ 0.01412293  0.31732349  0.14572615 -0.6968836 ]
2025-12-14 15:45:23,991 - INFO - num_full_subsets = 2
2025-12-14 15:45:24,084 - INFO - phi = [-0.21264058 -0.60498332  0.07668012 -0.5039886 ]
2025-12-14 15:45:24,133 - INFO - num_full_subsets = 2
2025-12-14 15:45:24,233 - INFO - phi = [-0.13469209  0.6618899   0.35659124  0.53366094]
2025-12-14 15:45:24,282 - INFO - num_full_subsets = 2
2025-12-14 15:45:24,375 - INFO - phi = [-0.18979088  0.60961096  0.16819208  0.40793309]
2025-12-14 15:45:24,424 - INFO - num_full_subsets = 2
2025-12-14 15:45:24,516 - INFO - phi = [ 0.0309473   0.41184758 -0.22190548 -0.35728887]
2025-12-14 15:45:24,565 - INFO - num_full_subsets = 2
2025-12-14 15:45:24,657 - INFO - phi = [ 0.21795702  0.80780977  0.17052338 -0.28653228]
2025-12-14 15:45:24,705 - INFO - num_full_subsets = 2
2025-12-14 15:45:24,798 - INFO - phi = [0.37882689 0.3500601  0.2085925  0.39989667]
2025-12-14 15:45:24,846 - INFO - num_full_subsets = 2
2025-12-14 15:45:24,943 - INFO - phi = [ 0.37899039  0.51657203 -0.61911462  0.32805039]
2025-12-14 15:45:24,991 - INFO - num_full_subsets = 2
2025-12-14 15:45:25,086 - INFO - phi = [-0.11176722  0.80367793 -0.07548384 -0.0015787 ]
2025-12-14 15:45:25,134 - INFO - num_full_subsets = 2
2025-12-14 15:45:25,230 - INFO - phi = [-0.3292749  -0.29273273  0.21595232  0.52030077]
2025-12-14 15:45:25,279 - INFO - num_full_subsets = 2
2025-12-14 15:45:25,371 - INFO - phi = [-0.28801018 -0.85650508  0.05401912 -0.46401418]
2025-12-14 15:45:25,420 - INFO - num_full_subsets = 2
2025-12-14 15:45:25,516 - INFO - phi = [-0.23856846 -0.55718169 -0.52960464  0.27421929]
2025-12-14 15:45:25,565 - INFO - num_full_subsets = 2
2025-12-14 15:45:25,665 - INFO - phi = [-0.1470223   0.79484056 -0.22102452  0.22009646]
2025-12-14 15:45:25,713 - INFO - num_full_subsets = 2
2025-12-14 15:45:25,804 - INFO - phi = [-0.10239888  0.56583091 -0.19608314  0.01603428]
2025-12-14 15:45:25,853 - INFO - num_full_subsets = 2
2025-12-14 15:45:25,944 - INFO - phi = [-0.12594025  0.78079834  0.34885624  0.65086249]
2025-12-14 15:45:25,993 - INFO - num_full_subsets = 2
2025-12-14 15:45:26,085 - INFO - phi = [-0.24801485 -1.07154237 -0.26335689 -0.12032791]
2025-12-14 15:45:26,134 - INFO - num_full_subsets = 2
2025-12-14 15:45:26,221 - INFO - phi = [0.33553877 0.38986468 0.11874256 0.58909015]
2025-12-14 15:45:26,276 - INFO - num_full_subsets = 2
2025-12-14 15:45:26,364 - INFO - phi = [ 0.31195799  0.53807736  0.15297421 -0.70258971]
2025-12-14 15:45:26,412 - INFO - num_full_subsets = 2
2025-12-14 15:45:26,505 - INFO - phi = [-0.30744579 -0.24438318 -0.03026392 -0.51773865]
2025-12-14 15:45:26,554 - INFO - num_full_subsets = 2
2025-12-14 15:45:26,645 - INFO - phi = [-0.28832383 -0.91246249  0.0426729  -0.50510551]
2025-12-14 15:45:26,695 - INFO - num_full_subsets = 2
2025-12-14 15:45:26,789 - INFO - phi = [-0.25565398 -0.90544065 -0.30266209 -0.1811376 ]
2025-12-14 15:45:26,836 - INFO - num_full_subsets = 2
2025-12-14 15:45:26,928 - INFO - phi = [0.49272413 0.48455129 0.13891994 0.3464526 ]
2025-12-14 15:45:26,982 - INFO - num_full_subsets = 2
2025-12-14 15:45:27,074 - INFO - phi = [-0.24730219 -1.04821165 -0.26426989 -0.19246738]
2025-12-14 15:45:27,123 - INFO - num_full_subsets = 2
2025-12-14 15:45:27,217 - INFO - phi = [-0.1179426   0.77984862  0.3832887   0.64798444]
2025-12-14 15:45:27,265 - INFO - num_full_subsets = 2
2025-12-14 15:45:27,357 - INFO - phi = [-0.33811777 -0.17091317  0.14472077  0.27965206]
2025-12-14 15:45:27,868 - INFO - Computing feature importance...
2025-12-14 15:45:35,901 - INFO - Experiment completed for CNN
2025-12-14 15:45:35,901 - INFO - Total time: 245.77s (4.10 min)
2025-12-14 15:45:35,901 - INFO - Starting comprehensive experiment for CNN
2025-12-14 15:45:45,388 - INFO - Performing feature analysis...
2025-12-14 15:45:46,579 - INFO - Model justification: Fast 1D Convolutional Neural Network - perfect for tabular features with local patterns
2025-12-14 15:45:46,579 - INFO - Performing robust cross-validation...
2025-12-14 15:46:05,642 - INFO - CV Results - MSE: 2.1129 ± 0.3855
2025-12-14 15:46:05,642 - INFO - Starting hyperparameter optimization...
2025-12-14 15:49:00,132 - INFO - Best parameters for CNN: {'filters': 56, 'kernel_size': 3, 'dense_units': 63, 'lr': 0.027557169639048477, 'epochs': 79}
2025-12-14 15:49:00,132 - INFO - ⏱️ HPO took 174.49 seconds
2025-12-14 15:49:00,132 - INFO - Training final model...
2025-12-14 15:49:02,552 - INFO - ⏱️ Training took 2.42 seconds
2025-12-14 15:49:02,552 - INFO - Performing residual analysis...
2025-12-14 15:49:03,613 - INFO - Generating XAI explanations...
2025-12-14 15:49:03,649 - WARNING - Using 168 background data samples could cause slower run times. Consider using shap.sample(data, K) or shap.kmeans(data, K) to summarize the background as K samples.
2025-12-14 15:49:03,693 - INFO - num_full_subsets = 2
2025-12-14 15:49:03,783 - INFO - phi = [-0.2261429  -0.7917997  -0.64811305  0.26182385]
2025-12-14 15:49:03,832 - INFO - num_full_subsets = 2
2025-12-14 15:49:03,926 - INFO - phi = [ 0.16821992  0.24295555 -0.66078972  0.05433094]
2025-12-14 15:49:03,971 - INFO - num_full_subsets = 2
2025-12-14 15:49:04,063 - INFO - phi = [0.70056551 0.14580543 0.52513456 0.42519079]
2025-12-14 15:49:04,107 - INFO - num_full_subsets = 2
2025-12-14 15:49:04,199 - INFO - phi = [-0.13848198  1.02222348 -0.20419167 -0.04712775]
2025-12-14 15:49:04,244 - INFO - num_full_subsets = 2
2025-12-14 15:49:04,333 - INFO - phi = [-0.34335829 -0.73815614  0.12111713 -0.53121168]
2025-12-14 15:49:04,378 - INFO - num_full_subsets = 2
2025-12-14 15:49:04,466 - INFO - phi = [-0.19877082 -0.39139913  0.38392192 -0.2180225 ]
2025-12-14 15:49:04,511 - INFO - num_full_subsets = 2
2025-12-14 15:49:04,599 - INFO - phi = [-0.27155175 -0.07902266  0.31730336  0.57879432]
2025-12-14 15:49:04,643 - INFO - num_full_subsets = 2
2025-12-14 15:49:04,734 - INFO - phi = [-0.12248359  0.59075152  0.45952713  0.68444203]
2025-12-14 15:49:04,782 - INFO - num_full_subsets = 2
2025-12-14 15:49:04,874 - INFO - phi = [-0.09657742  0.58399496  0.30587971  0.07438436]
2025-12-14 15:49:04,919 - INFO - num_full_subsets = 2
2025-12-14 15:49:05,010 - INFO - phi = [ 0.09157142  0.30536929 -0.250083   -0.35676704]
2025-12-14 15:49:05,054 - INFO - num_full_subsets = 2
2025-12-14 15:49:05,145 - INFO - phi = [-0.21820812 -1.11720677 -0.19134912 -0.22970776]
2025-12-14 15:49:05,190 - INFO - num_full_subsets = 2
2025-12-14 15:49:05,284 - INFO - phi = [ 0.46260989  0.68348668 -0.43174276  0.17012536]
2025-12-14 15:49:05,330 - INFO - num_full_subsets = 2
2025-12-14 15:49:05,422 - INFO - phi = [-0.19716967 -1.28971434 -0.2116943  -0.13938302]
2025-12-14 15:49:05,477 - INFO - num_full_subsets = 2
2025-12-14 15:49:05,568 - INFO - phi = [ 0.00283417  0.87055453 -0.42365821  0.12095262]
2025-12-14 15:49:05,614 - INFO - num_full_subsets = 2
2025-12-14 15:49:05,703 - INFO - phi = [-0.34186953 -0.84067995  0.00730571 -0.67305776]
2025-12-14 15:49:05,750 - INFO - num_full_subsets = 2
2025-12-14 15:49:05,844 - INFO - phi = [-0.3551619  -0.94961506 -0.02818123 -0.41098359]
2025-12-14 15:49:05,888 - INFO - num_full_subsets = 2
2025-12-14 15:49:05,981 - INFO - phi = [-0.11741714  0.65119929  0.09401749 -0.53588345]
2025-12-14 15:49:06,026 - INFO - num_full_subsets = 2
2025-12-14 15:49:06,121 - INFO - phi = [-0.16029141  0.42253951  0.46243818  0.74309919]
2025-12-14 15:49:06,166 - INFO - num_full_subsets = 2
2025-12-14 15:49:06,258 - INFO - phi = [ 0.0874765   0.83404457 -0.52866804  0.17403112]
2025-12-14 15:49:06,304 - INFO - num_full_subsets = 2
2025-12-14 15:49:06,391 - INFO - phi = [-0.183113    0.42677733  0.15586584  0.61424911]
2025-12-14 15:49:06,435 - INFO - num_full_subsets = 2
2025-12-14 15:49:06,526 - INFO - phi = [ 0.02486825  0.88513743 -0.32535403  0.12662023]
2025-12-14 15:49:06,574 - INFO - num_full_subsets = 2
2025-12-14 15:49:06,669 - INFO - phi = [-0.19972735  0.70325712  0.24624551  0.59608102]
2025-12-14 15:49:06,715 - INFO - num_full_subsets = 2
2025-12-14 15:49:06,811 - INFO - phi = [-0.22396011 -1.1877285  -0.29059197 -0.18307263]
2025-12-14 15:49:06,857 - INFO - num_full_subsets = 2
2025-12-14 15:49:06,949 - INFO - phi = [-0.061857    0.74176666 -0.39281949  0.30019642]
2025-12-14 15:49:06,994 - INFO - num_full_subsets = 2
2025-12-14 15:49:07,086 - INFO - phi = [-0.04977271  0.22569138  0.23920832  0.63786165]
2025-12-14 15:49:07,130 - INFO - num_full_subsets = 2
2025-12-14 15:49:07,218 - INFO - phi = [-0.10166844  0.63800356  0.3711005   0.6244258 ]
2025-12-14 15:49:07,263 - INFO - num_full_subsets = 2
2025-12-14 15:49:07,353 - INFO - phi = [-0.02309462  0.88529737 -0.28982289  0.11654505]
2025-12-14 15:49:07,397 - INFO - num_full_subsets = 2
2025-12-14 15:49:07,493 - INFO - phi = [ 0.42072188  0.67964585 -0.59459307  0.15668531]
2025-12-14 15:49:07,538 - INFO - num_full_subsets = 2
2025-12-14 15:49:07,628 - INFO - phi = [-0.08160719  0.86496053 -0.27981986  0.13014555]
2025-12-14 15:49:07,676 - INFO - num_full_subsets = 2
2025-12-14 15:49:07,769 - INFO - phi = [-0.04663963  0.44351455 -0.401075    0.10790751]
2025-12-14 15:49:07,817 - INFO - num_full_subsets = 2
2025-12-14 15:49:07,904 - INFO - phi = [-0.14838776  0.08169818 -0.3054551   0.00510703]
2025-12-14 15:49:07,949 - INFO - num_full_subsets = 2
2025-12-14 15:49:08,040 - INFO - phi = [-0.02323235  0.83170949  0.02037445  0.26865409]
2025-12-14 15:49:08,090 - INFO - num_full_subsets = 2
2025-12-14 15:49:08,180 - INFO - phi = [-0.24165481 -0.15522117  0.0521966  -0.71359036]
2025-12-14 15:49:08,225 - INFO - num_full_subsets = 2
2025-12-14 15:49:08,319 - INFO - phi = [-0.30515495 -0.46434156  0.09495976 -0.64002509]
2025-12-14 15:49:08,365 - INFO - num_full_subsets = 2
2025-12-14 15:49:08,457 - INFO - phi = [-0.23957884 -1.10652405 -0.23369455 -0.2522362 ]
2025-12-14 15:49:08,502 - INFO - num_full_subsets = 2
2025-12-14 15:49:08,590 - INFO - phi = [-0.22465392 -1.18357455 -0.27754804 -0.19532499]
2025-12-14 15:49:08,634 - INFO - num_full_subsets = 2
2025-12-14 15:49:08,723 - INFO - phi = [ 0.38360741  0.28646701  0.21294324 -0.70065641]
2025-12-14 15:49:08,773 - INFO - num_full_subsets = 2
2025-12-14 15:49:08,863 - INFO - phi = [-0.19930707 -1.28749128 -0.19218041 -0.14327377]
2025-12-14 15:49:08,908 - INFO - num_full_subsets = 2
2025-12-14 15:49:08,999 - INFO - phi = [-0.3404914  -0.90415928  0.04650091 -0.66402021]
2025-12-14 15:49:09,043 - INFO - num_full_subsets = 2
2025-12-14 15:49:09,132 - INFO - phi = [-0.31503744 -1.17326853  0.08655489 -0.37918504]
2025-12-14 15:49:09,177 - INFO - num_full_subsets = 2
2025-12-14 15:49:09,266 - INFO - phi = [ 0.07015647  0.57780245 -0.19919264 -0.26894371]
2025-12-14 15:49:09,310 - INFO - num_full_subsets = 2
2025-12-14 15:49:09,401 - INFO - phi = [-0.33709234 -1.14797287  0.07778479  0.19526204]
2025-12-14 15:49:09,447 - INFO - num_full_subsets = 2
2025-12-14 15:49:09,539 - INFO - phi = [0.60284102 0.73060218 0.4393586  0.42858763]
2025-12-14 15:49:09,589 - INFO - num_full_subsets = 2
2025-12-14 15:49:09,680 - INFO - phi = [-0.33606671 -1.06129393  0.23109701  0.07112484]
2025-12-14 15:49:09,724 - INFO - num_full_subsets = 2
2025-12-14 15:49:09,813 - INFO - phi = [0.73212516 0.08457104 0.6101546  0.79982864]
2025-12-14 15:49:09,857 - INFO - num_full_subsets = 2
2025-12-14 15:49:09,947 - INFO - phi = [0.35422109 0.54500002 0.32597734 0.29041856]
2025-12-14 15:49:09,991 - INFO - num_full_subsets = 2
2025-12-14 15:49:10,084 - INFO - phi = [-0.23804855 -0.64466672  0.53883046 -0.42224291]
2025-12-14 15:49:10,130 - INFO - num_full_subsets = 2
2025-12-14 15:49:10,217 - INFO - phi = [ 0.93966912 -0.44356381  0.23517489 -0.68505311]
2025-12-14 15:49:10,262 - INFO - num_full_subsets = 2
2025-12-14 15:49:10,356 - INFO - phi = [-0.30000047 -1.03926743 -0.09032847 -0.43354708]
2025-12-14 15:49:10,401 - INFO - num_full_subsets = 2
2025-12-14 15:49:10,487 - INFO - phi = [-0.29839892 -1.186821   -0.16291144 -0.23645963]
2025-12-14 15:49:10,533 - INFO - num_full_subsets = 2
2025-12-14 15:49:10,621 - INFO - phi = [-0.21017472 -1.24283109 -0.20457087 -0.23543262]
2025-12-14 15:49:10,666 - INFO - num_full_subsets = 2
2025-12-14 15:49:10,760 - INFO - phi = [ 0.71356118  0.72969311  0.1318444  -0.11306291]
2025-12-14 15:49:10,806 - INFO - num_full_subsets = 2
2025-12-14 15:49:10,893 - INFO - phi = [-0.33654207 -1.16572808 -0.14183101  0.0692221 ]
2025-12-14 15:49:10,939 - INFO - num_full_subsets = 2
2025-12-14 15:49:11,028 - INFO - phi = [ 0.54261183  0.31659283  0.25347592 -0.59112886]
2025-12-14 15:49:11,073 - INFO - num_full_subsets = 2
2025-12-14 15:49:11,160 - INFO - phi = [0.63018156 0.32596855 0.57984598 0.69673918]
2025-12-14 15:49:11,205 - INFO - num_full_subsets = 2
2025-12-14 15:49:11,293 - INFO - phi = [-0.146353    0.28825268  0.41732659  0.46574438]
2025-12-14 15:49:11,342 - INFO - num_full_subsets = 2
2025-12-14 15:49:11,431 - INFO - phi = [-0.17524992  0.14655965  0.35378673 -0.08905908]
2025-12-14 15:49:11,477 - INFO - num_full_subsets = 2
2025-12-14 15:49:11,564 - INFO - phi = [ 0.49634466  0.77889926 -0.18293467  0.07927785]
2025-12-14 15:49:11,609 - INFO - num_full_subsets = 2
2025-12-14 15:49:11,698 - INFO - phi = [ 0.11279986  0.1354596  -0.3385081   0.05490987]
2025-12-14 15:49:11,742 - INFO - num_full_subsets = 2
2025-12-14 15:49:11,835 - INFO - phi = [ 0.57831059  0.41273838 -0.02414558  0.21990006]
2025-12-14 15:49:11,879 - INFO - num_full_subsets = 2
2025-12-14 15:49:11,969 - INFO - phi = [0.72732978 0.2223254  0.43062144 0.34722871]
2025-12-14 15:49:12,017 - INFO - num_full_subsets = 2
2025-12-14 15:49:12,103 - INFO - phi = [-0.29887046 -0.91296169  0.12271005 -0.61194631]
2025-12-14 15:49:12,147 - INFO - num_full_subsets = 2
2025-12-14 15:49:12,234 - INFO - phi = [-0.33252208 -0.99034447  0.24816787 -0.0880623 ]
2025-12-14 15:49:12,279 - INFO - num_full_subsets = 2
2025-12-14 15:49:12,367 - INFO - phi = [0.64298089 0.42561333 0.51262199 0.58742643]
2025-12-14 15:49:12,415 - INFO - num_full_subsets = 2
2025-12-14 15:49:12,506 - INFO - phi = [-0.15094121  0.72787401  0.03450489  0.34865782]
2025-12-14 15:49:12,551 - INFO - num_full_subsets = 2
2025-12-14 15:49:12,643 - INFO - phi = [0.21283381 0.37191445 0.40643773 1.01398781]
2025-12-14 15:49:12,689 - INFO - num_full_subsets = 2
2025-12-14 15:49:12,782 - INFO - phi = [-0.24196685 -1.15795826 -0.35864312 -0.10862953]
2025-12-14 15:49:12,828 - INFO - num_full_subsets = 2
2025-12-14 15:49:12,919 - INFO - phi = [ 0.01921833  0.86687544  0.08157747 -0.00911114]
2025-12-14 15:49:12,964 - INFO - num_full_subsets = 2
2025-12-14 15:49:13,052 - INFO - phi = [0.52465247 0.29789193 0.58631061 0.62880617]
2025-12-14 15:49:13,097 - INFO - num_full_subsets = 2
2025-12-14 15:49:13,184 - INFO - phi = [-0.22623208 -1.18468066 -0.39961048 -0.06219178]
2025-12-14 15:49:13,230 - INFO - num_full_subsets = 2
2025-12-14 15:49:13,321 - INFO - phi = [-0.19206677  0.04992495  0.07326531 -0.62327492]
2025-12-14 15:49:13,367 - INFO - num_full_subsets = 2
2025-12-14 15:49:13,458 - INFO - phi = [ 0.40584189  0.11683302 -0.67285672  0.23114601]
2025-12-14 15:49:13,504 - INFO - num_full_subsets = 2
2025-12-14 15:49:13,596 - INFO - phi = [ 0.27008311  0.52106387  0.16004507 -0.79265216]
2025-12-14 15:49:13,641 - INFO - num_full_subsets = 2
2025-12-14 15:49:13,733 - INFO - phi = [-0.01108064  0.89652448 -0.39923833  0.10307282]
2025-12-14 15:49:13,781 - INFO - num_full_subsets = 2
2025-12-14 15:49:13,873 - INFO - phi = [ 0.14674192  0.36130535 -0.22315824 -0.17030971]
2025-12-14 15:49:13,917 - INFO - num_full_subsets = 2
2025-12-14 15:49:14,012 - INFO - phi = [ 0.00288871  0.40603374 -0.6729791   0.17170866]
2025-12-14 15:49:14,058 - INFO - num_full_subsets = 2
2025-12-14 15:49:14,149 - INFO - phi = [-0.13727804  0.94654156  0.3415665   0.22040498]
2025-12-14 15:49:14,195 - INFO - num_full_subsets = 2
2025-12-14 15:49:14,283 - INFO - phi = [-0.32204488 -0.57883381  0.1499973  -0.69889002]
2025-12-14 15:49:14,328 - INFO - num_full_subsets = 2
2025-12-14 15:49:14,420 - INFO - phi = [-0.04262033  0.49459004  0.39092216  0.47979635]
2025-12-14 15:49:14,465 - INFO - num_full_subsets = 2
2025-12-14 15:49:14,552 - INFO - phi = [-0.1771994   0.78410536  0.18547124  0.23797217]
2025-12-14 15:49:14,601 - INFO - num_full_subsets = 2
2025-12-14 15:49:14,685 - INFO - phi = [-0.26951682 -0.83030172  0.49267522 -0.47336349]
2025-12-14 15:49:14,731 - INFO - num_full_subsets = 2
2025-12-14 15:49:14,816 - INFO - phi = [-0.07995037  0.83243835 -0.39047074  0.18931773]
2025-12-14 15:49:14,861 - INFO - num_full_subsets = 2
2025-12-14 15:49:14,947 - INFO - phi = [-0.0677091   0.67414752 -0.24497814 -0.02264256]
2025-12-14 15:49:14,991 - INFO - num_full_subsets = 2
2025-12-14 15:49:15,080 - INFO - phi = [-0.21820812 -1.11720677 -0.19134912 -0.22970776]
2025-12-14 15:49:15,124 - INFO - num_full_subsets = 2
2025-12-14 15:49:15,214 - INFO - phi = [-0.24558064 -1.19638968 -0.11994079 -0.24277389]
2025-12-14 15:49:15,263 - INFO - num_full_subsets = 2
2025-12-14 15:49:15,346 - INFO - phi = [-0.24928188 -1.18416642 -0.56757901  0.17591735]
2025-12-14 15:49:15,391 - INFO - num_full_subsets = 2
2025-12-14 15:49:15,477 - INFO - phi = [-0.06564051  0.5245376  -0.57050714  0.47445177]
2025-12-14 15:49:15,521 - INFO - num_full_subsets = 2
2025-12-14 15:49:15,608 - INFO - phi = [-0.07354966  0.89482844 -0.18740072  0.07529287]
2025-12-14 15:49:15,658 - INFO - num_full_subsets = 2
2025-12-14 15:49:15,747 - INFO - phi = [0.57654451 0.48501107 0.59599286 0.58533774]
2025-12-14 15:49:15,792 - INFO - num_full_subsets = 2
2025-12-14 15:49:15,888 - INFO - phi = [ 0.12166341  0.72965157 -0.11427054 -0.11476898]
2025-12-14 15:49:15,934 - INFO - num_full_subsets = 2
2025-12-14 15:49:16,019 - INFO - phi = [-0.22524165 -1.13455407 -0.35746334 -0.08908056]
2025-12-14 15:49:16,065 - INFO - num_full_subsets = 2
2025-12-14 15:49:16,157 - INFO - phi = [-0.08596082 -0.31490658 -0.11819949 -0.24408751]
2025-12-14 15:49:16,204 - INFO - num_full_subsets = 2
2025-12-14 15:49:16,300 - INFO - phi = [ 0.63289317 -0.4334903  -0.56988371 -0.10325152]
2025-12-14 15:49:16,349 - INFO - num_full_subsets = 2
2025-12-14 15:49:16,437 - INFO - phi = [-0.29357814 -0.70182112  0.42001328 -0.68302687]
2025-12-14 15:49:16,483 - INFO - num_full_subsets = 2
2025-12-14 15:49:16,573 - INFO - phi = [-0.33325155 -0.88990711  0.11395103 -0.63899792]
2025-12-14 15:49:16,619 - INFO - num_full_subsets = 2
2025-12-14 15:49:16,709 - INFO - phi = [ 0.35513118  0.09630203 -0.91123161  0.35169476]
2025-12-14 15:49:16,754 - INFO - num_full_subsets = 2
2025-12-14 15:49:16,846 - INFO - phi = [-0.12194932  0.92194036 -0.43980635  0.11938723]
2025-12-14 15:49:16,891 - INFO - num_full_subsets = 2
2025-12-14 15:49:16,981 - INFO - phi = [-0.28207975 -0.13761373  0.24347484  0.25267197]
2025-12-14 15:49:17,025 - INFO - num_full_subsets = 2
2025-12-14 15:49:17,115 - INFO - phi = [ 0.54892673 -0.19030241 -0.85100967  0.31224163]
2025-12-14 15:49:17,166 - INFO - num_full_subsets = 2
2025-12-14 15:49:17,262 - INFO - phi = [-0.05815089  0.64390674 -0.42651816  0.52769308]
2025-12-14 15:49:17,307 - INFO - num_full_subsets = 2
2025-12-14 15:49:17,400 - INFO - phi = [ 0.28649558  0.0867823  -0.30068355 -0.30932383]
2025-12-14 15:49:17,448 - INFO - num_full_subsets = 2
2025-12-14 15:49:17,540 - INFO - phi = [-0.10905462  0.52737802 -0.04445911  0.33728075]
2025-12-14 15:49:17,585 - INFO - num_full_subsets = 2
2025-12-14 15:49:17,672 - INFO - phi = [0.51123951 0.25520258 0.53572996 0.48316695]
2025-12-14 15:49:17,717 - INFO - num_full_subsets = 2
2025-12-14 15:49:17,807 - INFO - phi = [ 0.06203567  0.94013401 -0.43439467  0.08718812]
2025-12-14 15:49:17,856 - INFO - num_full_subsets = 2
2025-12-14 15:49:17,948 - INFO - phi = [-0.20929831 -0.52613607  0.21969861  0.32498815]
2025-12-14 15:49:17,994 - INFO - num_full_subsets = 2
2025-12-14 15:49:18,085 - INFO - phi = [-0.22626654 -1.16991903 -0.24610355 -0.23198884]
2025-12-14 15:49:18,130 - INFO - num_full_subsets = 2
2025-12-14 15:49:18,225 - INFO - phi = [0.58182459 0.26090668 0.276952   0.48895036]
2025-12-14 15:49:18,269 - INFO - num_full_subsets = 2
2025-12-14 15:49:18,357 - INFO - phi = [ 0.66650016  1.13741532 -0.17709705  0.02347169]
2025-12-14 15:49:18,403 - INFO - num_full_subsets = 2
2025-12-14 15:49:18,493 - INFO - phi = [0.07070796 0.74984912 0.39234694 0.69915539]
2025-12-14 15:49:18,542 - INFO - num_full_subsets = 2
2025-12-14 15:49:18,635 - INFO - phi = [-0.19250467 -0.19654033  0.28988301 -0.43597578]
2025-12-14 15:49:18,680 - INFO - num_full_subsets = 2
2025-12-14 15:49:18,766 - INFO - phi = [-0.24413047 -0.9902932  -0.65914457  0.67704924]
2025-12-14 15:49:18,811 - INFO - num_full_subsets = 2
2025-12-14 15:49:18,900 - INFO - phi = [-0.33169304 -0.71898821 -0.01309198 -0.72362582]
2025-12-14 15:49:18,945 - INFO - num_full_subsets = 2
2025-12-14 15:49:19,030 - INFO - phi = [-0.29312429 -1.07354817 -0.18451685 -0.28633261]
2025-12-14 15:49:19,075 - INFO - num_full_subsets = 2
2025-12-14 15:49:19,168 - INFO - phi = [-0.31002734 -1.13069192 -0.12760101 -0.31127633]
2025-12-14 15:49:19,213 - INFO - num_full_subsets = 2
2025-12-14 15:49:19,302 - INFO - phi = [-0.13171619  0.98321762 -0.27307698  0.11083519]
2025-12-14 15:49:19,347 - INFO - num_full_subsets = 2
2025-12-14 15:49:19,437 - INFO - phi = [ 0.77997917 -0.12253828  0.33993161 -0.33252359]
2025-12-14 15:49:19,483 - INFO - num_full_subsets = 2
2025-12-14 15:49:19,573 - INFO - phi = [-0.30892239 -0.83209332  0.35789469 -0.66351673]
2025-12-14 15:49:19,618 - INFO - num_full_subsets = 2
2025-12-14 15:49:19,709 - INFO - phi = [-0.02748653  0.59441125  0.37837951  0.4224184 ]
2025-12-14 15:49:19,753 - INFO - num_full_subsets = 2
2025-12-14 15:49:19,845 - INFO - phi = [0.55698932 0.63116141 0.37680856 0.44030606]
2025-12-14 15:49:19,891 - INFO - num_full_subsets = 2
2025-12-14 15:49:19,979 - INFO - phi = [-0.23416684 -1.15336669 -0.28601    -0.1942523 ]
2025-12-14 15:49:20,024 - INFO - num_full_subsets = 2
2025-12-14 15:49:20,111 - INFO - phi = [-0.01090172  0.80945945 -0.49834608  0.28545607]
2025-12-14 15:49:20,155 - INFO - num_full_subsets = 2
2025-12-14 15:49:20,243 - INFO - phi = [ 0.58216349  0.0546004   0.29124885 -0.66786792]
2025-12-14 15:49:20,287 - INFO - num_full_subsets = 2
2025-12-14 15:49:20,372 - INFO - phi = [-0.17446532  0.07576751  0.40667614  0.57982963]
2025-12-14 15:49:20,417 - INFO - num_full_subsets = 2
2025-12-14 15:49:20,878 - INFO - phi = [ 0.44684924  0.43581914  0.20075139 -0.52458225]
2025-12-14 15:49:20,929 - INFO - num_full_subsets = 2
2025-12-14 15:49:21,026 - INFO - phi = [-0.10107512  1.01170741 -0.40860085  0.06012154]
2025-12-14 15:49:21,077 - INFO - num_full_subsets = 2
2025-12-14 15:49:21,172 - INFO - phi = [-0.27716881 -0.40188484  0.49165829  1.00112142]
2025-12-14 15:49:21,222 - INFO - num_full_subsets = 2
2025-12-14 15:49:21,317 - INFO - phi = [ 0.4805806   0.25179018  0.19367021 -0.698148  ]
2025-12-14 15:49:21,368 - INFO - num_full_subsets = 2
2025-12-14 15:49:21,468 - INFO - phi = [ 0.3285902   0.37357539  0.21978942 -0.70262506]
2025-12-14 15:49:21,519 - INFO - num_full_subsets = 2
2025-12-14 15:49:21,612 - INFO - phi = [-0.13419542  0.98891317  0.04959989 -0.19528023]
2025-12-14 15:49:21,663 - INFO - num_full_subsets = 2
2025-12-14 15:49:21,759 - INFO - phi = [-0.26262253 -0.78170397  0.41769745 -0.50885828]
2025-12-14 15:49:21,809 - INFO - num_full_subsets = 2
2025-12-14 15:49:21,904 - INFO - phi = [-0.05688031  0.57388808 -0.38530284 -0.09906293]
2025-12-14 15:49:21,954 - INFO - num_full_subsets = 2
2025-12-14 15:49:22,051 - INFO - phi = [-0.3127649  -0.79444953  0.43141306  0.3192689 ]
2025-12-14 15:49:22,108 - INFO - num_full_subsets = 2
2025-12-14 15:49:22,204 - INFO - phi = [-0.32912289 -0.96293082  0.04134859 -0.635916  ]
2025-12-14 15:49:22,254 - INFO - num_full_subsets = 2
2025-12-14 15:49:22,349 - INFO - phi = [-0.13737226  1.06831999  0.17659633  0.23386288]
2025-12-14 15:49:22,399 - INFO - num_full_subsets = 2
2025-12-14 15:49:22,492 - INFO - phi = [0.49826727 0.83359244 0.63011946 0.71883902]
2025-12-14 15:49:22,543 - INFO - num_full_subsets = 2
2025-12-14 15:49:22,639 - INFO - phi = [-0.1661822   0.98204961 -0.05576282  0.14541596]
2025-12-14 15:49:22,696 - INFO - num_full_subsets = 2
2025-12-14 15:49:22,795 - INFO - phi = [-0.25623735 -1.14351585 -0.29698599 -0.16488995]
2025-12-14 15:49:22,845 - INFO - num_full_subsets = 2
2025-12-14 15:49:22,941 - INFO - phi = [ 0.56525974  0.46753085  0.12651072 -0.65601579]
2025-12-14 15:49:22,994 - INFO - num_full_subsets = 2
2025-12-14 15:49:23,091 - INFO - phi = [-0.26028876 -0.99052996 -0.61156387  0.18723445]
2025-12-14 15:49:23,143 - INFO - num_full_subsets = 2
2025-12-14 15:49:23,242 - INFO - phi = [ 0.05110574  0.47288704 -0.279849   -0.19938534]
2025-12-14 15:49:23,295 - INFO - num_full_subsets = 2
2025-12-14 15:49:23,399 - INFO - phi = [-0.34335829 -0.73815614  0.12111713 -0.53121168]
2025-12-14 15:49:23,450 - INFO - num_full_subsets = 2
2025-12-14 15:49:23,548 - INFO - phi = [-0.24953075 -0.36660704  0.47893322 -0.4472508 ]
2025-12-14 15:49:23,600 - INFO - num_full_subsets = 2
2025-12-14 15:49:23,694 - INFO - phi = [-0.11238222  1.05120531 -0.4506416   0.06604884]
2025-12-14 15:49:23,746 - INFO - num_full_subsets = 2
2025-12-14 15:49:23,842 - INFO - phi = [0.21283381 0.37191445 0.40643773 1.01398781]
2025-12-14 15:49:23,892 - INFO - num_full_subsets = 2
2025-12-14 15:49:23,985 - INFO - phi = [-0.13513135  1.10107365 -0.32088635 -0.03938156]
2025-12-14 15:49:24,042 - INFO - num_full_subsets = 2
2025-12-14 15:49:24,134 - INFO - phi = [-0.16459935  0.65159804  0.35973409  0.56888003]
2025-12-14 15:49:24,185 - INFO - num_full_subsets = 2
2025-12-14 15:49:24,275 - INFO - phi = [-0.34051319 -0.4913295   0.0090124  -0.51930515]
2025-12-14 15:49:24,325 - INFO - num_full_subsets = 2
2025-12-14 15:49:24,423 - INFO - phi = [-0.1814068   0.71733347 -0.00448482  0.35890335]
2025-12-14 15:49:24,473 - INFO - num_full_subsets = 2
2025-12-14 15:49:24,566 - INFO - phi = [-0.10483356  0.5005623  -0.28143013  0.02512439]
2025-12-14 15:49:24,616 - INFO - num_full_subsets = 2
2025-12-14 15:49:24,721 - INFO - phi = [-0.29584157 -1.03445567  0.49310384  0.33869555]
2025-12-14 15:49:24,771 - INFO - num_full_subsets = 2
2025-12-14 15:49:24,871 - INFO - phi = [ 0.48712483  0.33138288  0.22541602 -0.42194677]
2025-12-14 15:49:24,921 - INFO - num_full_subsets = 2
2025-12-14 15:49:25,019 - INFO - phi = [ 0.39028012 -0.21114143 -0.4733022   0.21653882]
2025-12-14 15:49:25,072 - INFO - num_full_subsets = 2
2025-12-14 15:49:25,169 - INFO - phi = [-0.19126653  0.9782553  -0.03746659 -0.39771209]
2025-12-14 15:49:25,220 - INFO - num_full_subsets = 2
2025-12-14 15:49:25,325 - INFO - phi = [-0.15530303  0.53981486  0.21151767  0.02642192]
2025-12-14 15:49:25,379 - INFO - num_full_subsets = 2
2025-12-14 15:49:25,486 - INFO - phi = [0.42087194 0.80943742 0.37665663 0.45727649]
2025-12-14 15:49:25,536 - INFO - num_full_subsets = 2
2025-12-14 15:49:25,633 - INFO - phi = [-0.33972063 -0.91192239  0.23762298  0.42708155]
2025-12-14 15:49:25,683 - INFO - num_full_subsets = 2
2025-12-14 15:49:25,774 - INFO - phi = [0.54613568 0.51605065 0.54341661 0.87324802]
2025-12-14 15:49:25,825 - INFO - num_full_subsets = 2
2025-12-14 15:49:25,919 - INFO - phi = [-0.33067684 -0.89166945  0.16206538 -0.66749944]
2025-12-14 15:49:25,969 - INFO - num_full_subsets = 2
2025-12-14 15:49:26,063 - INFO - phi = [-0.25378594 -1.15230882 -0.57591967  0.11529243]
2025-12-14 15:49:26,113 - INFO - num_full_subsets = 2
2025-12-14 15:49:26,217 - INFO - phi = [-0.00801643  0.78653974 -0.42300532  0.24122427]
2025-12-14 15:49:26,267 - INFO - num_full_subsets = 2
2025-12-14 15:49:26,364 - INFO - phi = [-0.21961641 -1.17160686 -0.22283867 -0.22976151]
2025-12-14 15:49:26,414 - INFO - num_full_subsets = 2
2025-12-14 15:49:26,515 - INFO - phi = [-0.21628995  0.17211843  0.2934989   0.34369745]
2025-12-14 15:49:26,566 - INFO - num_full_subsets = 2
2025-12-14 15:49:26,661 - INFO - phi = [ 0.40722917  0.32258838  0.21413754 -0.68754199]
2025-12-14 15:49:26,710 - INFO - num_full_subsets = 2
2025-12-14 15:49:26,803 - INFO - phi = [-0.1448981   1.10252115 -0.3472967   0.02648836]
2025-12-14 15:49:26,860 - INFO - num_full_subsets = 2
2025-12-14 15:49:26,958 - INFO - phi = [-0.33492478 -0.97306024 -0.00639769 -0.58293817]
2025-12-14 15:49:27,007 - INFO - num_full_subsets = 2
2025-12-14 15:49:27,101 - INFO - phi = [-0.30152953 -0.80402425  0.39438041 -0.29517096]
2025-12-14 15:49:27,149 - INFO - num_full_subsets = 2
2025-12-14 15:49:27,246 - INFO - phi = [-0.2805872  -0.96362106  0.10639276 -0.4542273 ]
2025-12-14 15:49:27,295 - INFO - num_full_subsets = 2
2025-12-14 15:49:27,390 - INFO - phi = [ 0.54261183  0.31659283  0.25347592 -0.59112886]
2025-12-14 15:49:27,913 - INFO - Computing feature importance...
2025-12-14 15:49:35,948 - INFO - Experiment completed for CNN
2025-12-14 15:49:35,948 - INFO - Total time: 239.66s (3.99 min)
2025-12-14 15:49:35,948 - INFO - Starting comprehensive experiment for CNN
2025-12-14 15:49:46,170 - INFO - Performing feature analysis...
2025-12-14 15:49:47,357 - INFO - Model justification: Fast 1D Convolutional Neural Network - perfect for tabular features with local patterns
2025-12-14 15:49:47,357 - INFO - Performing robust cross-validation...
2025-12-14 15:50:03,882 - INFO - CV Results - MSE: 2.3936 ± 0.4208
2025-12-14 15:50:03,882 - INFO - Starting hyperparameter optimization...
2025-12-14 15:53:41,743 - INFO - Best parameters for CNN: {'filters': 35, 'kernel_size': 3, 'dense_units': 21, 'lr': 0.0017212297631998392, 'epochs': 90}
2025-12-14 15:53:41,743 - INFO - ⏱️ HPO took 217.86 seconds
2025-12-14 15:53:41,743 - INFO - Training final model...
2025-12-14 15:53:44,591 - INFO - ⏱️ Training took 2.85 seconds
2025-12-14 15:53:44,591 - INFO - Performing residual analysis...
2025-12-14 15:53:45,673 - INFO - Generating XAI explanations...
2025-12-14 15:53:45,708 - WARNING - Using 168 background data samples could cause slower run times. Consider using shap.sample(data, K) or shap.kmeans(data, K) to summarize the background as K samples.
2025-12-14 15:53:45,753 - INFO - num_full_subsets = 2
2025-12-14 15:53:45,838 - INFO - phi = [-0.2014546  -0.04958     0.29049968  0.61421594]
2025-12-14 15:53:45,885 - INFO - num_full_subsets = 2
2025-12-14 15:53:45,971 - INFO - phi = [ 0.69571889 -0.16998932  0.1295724  -0.78266305]
2025-12-14 15:53:46,016 - INFO - num_full_subsets = 2
2025-12-14 15:53:46,103 - INFO - phi = [-0.2326155   0.5926232  -0.26181805  0.6103429 ]
2025-12-14 15:53:46,147 - INFO - num_full_subsets = 2
2025-12-14 15:53:46,236 - INFO - phi = [-0.24584331 -0.25961335 -0.22902131 -0.04962497]
2025-12-14 15:53:46,284 - INFO - num_full_subsets = 2
2025-12-14 15:53:46,373 - INFO - phi = [-0.24913798 -0.53731245 -0.10744894 -0.20682571]
2025-12-14 15:53:46,417 - INFO - num_full_subsets = 2
2025-12-14 15:53:46,503 - INFO - phi = [-0.15380127  0.33444079 -0.23173046  0.11756893]
2025-12-14 15:53:46,549 - INFO - num_full_subsets = 2
2025-12-14 15:53:46,631 - INFO - phi = [ 0.58499688  0.19959954 -0.08203402 -0.19774065]
2025-12-14 15:53:46,676 - INFO - num_full_subsets = 2
2025-12-14 15:53:46,757 - INFO - phi = [-0.24196058  0.6608174   0.19094     0.73490493]
2025-12-14 15:53:46,806 - INFO - num_full_subsets = 2
2025-12-14 15:53:46,896 - INFO - phi = [-0.24925478  0.16730916 -0.05477109 -0.40889875]
2025-12-14 15:53:46,941 - INFO - num_full_subsets = 2
2025-12-14 15:53:47,027 - INFO - phi = [-0.10558782  0.15091884  0.2664324   0.53794415]
2025-12-14 15:53:47,075 - INFO - num_full_subsets = 2
2025-12-14 15:53:47,160 - INFO - phi = [ 0.5318702   0.24365993 -0.23316344 -0.23606656]
2025-12-14 15:53:47,205 - INFO - num_full_subsets = 2
2025-12-14 15:53:47,285 - INFO - phi = [-0.22315327  0.27708409  0.17132759  0.38101355]
2025-12-14 15:53:47,330 - INFO - num_full_subsets = 2
2025-12-14 15:53:47,413 - INFO - phi = [-0.18825126 -0.04296623  0.26747113 -0.00890348]
2025-12-14 15:53:47,457 - INFO - num_full_subsets = 2
2025-12-14 15:53:47,538 - INFO - phi = [-0.30004656 -0.47121589  0.07141801  0.440934  ]
2025-12-14 15:53:47,583 - INFO - num_full_subsets = 2
2025-12-14 15:53:47,669 - INFO - phi = [-0.23372649 -0.21125724  0.19832763 -0.38888417]
2025-12-14 15:53:47,719 - INFO - num_full_subsets = 2
2025-12-14 15:53:47,808 - INFO - phi = [-0.28264503 -0.59587649 -0.27822495  0.27448516]
2025-12-14 15:53:47,854 - INFO - num_full_subsets = 2
2025-12-14 15:53:47,937 - INFO - phi = [-0.2286739   0.63735515  0.19102083  0.42398406]
2025-12-14 15:53:47,982 - INFO - num_full_subsets = 2
2025-12-14 15:53:48,071 - INFO - phi = [-0.235338   -0.23808681  0.13268695 -0.69723771]
2025-12-14 15:53:48,117 - INFO - num_full_subsets = 2
2025-12-14 15:53:48,205 - INFO - phi = [ 0.40728605  0.15357114 -0.03073433  0.21231042]
2025-12-14 15:53:48,250 - INFO - num_full_subsets = 2
2025-12-14 15:53:48,337 - INFO - phi = [-0.20263563  0.64710041  0.03586562 -0.25558515]
2025-12-14 15:53:48,382 - INFO - num_full_subsets = 2
2025-12-14 15:53:48,469 - INFO - phi = [ 0.47966537  0.40758035  0.03149377 -0.8550312 ]
2025-12-14 15:53:48,516 - INFO - num_full_subsets = 2
2025-12-14 15:53:48,602 - INFO - phi = [ 0.56543753 -0.18984591  0.29537854  0.81962706]
2025-12-14 15:53:48,646 - INFO - num_full_subsets = 2
2025-12-14 15:53:48,732 - INFO - phi = [-0.25671669 -0.40718159  0.30069317  0.59631528]
2025-12-14 15:53:48,777 - INFO - num_full_subsets = 2
2025-12-14 15:53:48,861 - INFO - phi = [ 0.67830982  0.03044362  0.09128375 -0.75475104]
2025-12-14 15:53:48,906 - INFO - num_full_subsets = 2
2025-12-14 15:53:48,999 - INFO - phi = [0.59263364 0.01137513 0.19886371 0.19940153]
2025-12-14 15:53:49,044 - INFO - num_full_subsets = 2
2025-12-14 15:53:49,127 - INFO - phi = [-0.23994601 -0.40221245  0.03478502 -0.12890607]
2025-12-14 15:53:49,172 - INFO - num_full_subsets = 2
2025-12-14 15:53:49,255 - INFO - phi = [-0.19597239 -0.16567403  0.02729767  0.52189283]
2025-12-14 15:53:49,300 - INFO - num_full_subsets = 2
2025-12-14 15:53:49,382 - INFO - phi = [-0.27114007 -0.17157319 -0.12839714 -0.30177891]
2025-12-14 15:53:49,426 - INFO - num_full_subsets = 2
2025-12-14 15:53:49,512 - INFO - phi = [-0.06933381  0.40663494  0.16121863  0.71672307]
2025-12-14 15:53:49,556 - INFO - num_full_subsets = 2
2025-12-14 15:53:49,646 - INFO - phi = [-0.28212928 -0.1325901   0.06100584 -0.51303244]
2025-12-14 15:53:49,691 - INFO - num_full_subsets = 2
2025-12-14 15:53:49,772 - INFO - phi = [ 0.3384761   0.71332599  0.09297703 -0.27520912]
2025-12-14 15:53:49,816 - INFO - num_full_subsets = 2
2025-12-14 15:53:49,903 - INFO - phi = [-0.2305982  -0.18260816 -0.19094945  0.80785395]
2025-12-14 15:53:49,948 - INFO - num_full_subsets = 2
2025-12-14 15:53:50,035 - INFO - phi = [-0.28702282 -0.55220126 -0.05226507 -0.51652922]
2025-12-14 15:53:50,080 - INFO - num_full_subsets = 2
2025-12-14 15:53:50,159 - INFO - phi = [-0.27014693 -0.59052702 -0.2112322  -0.23142084]
2025-12-14 15:53:50,208 - INFO - num_full_subsets = 2
2025-12-14 15:53:50,295 - INFO - phi = [-0.2536284  -0.54258014 -0.14866126 -0.39178048]
2025-12-14 15:53:50,340 - INFO - num_full_subsets = 2
2025-12-14 15:53:50,429 - INFO - phi = [-0.21594725 -0.4482041   0.03886624 -0.51131588]
2025-12-14 15:53:50,474 - INFO - num_full_subsets = 2
2025-12-14 15:53:50,555 - INFO - phi = [ 0.64695725  0.04662258  0.19376853 -0.19102022]
2025-12-14 15:53:50,600 - INFO - num_full_subsets = 2
2025-12-14 15:53:50,685 - INFO - phi = [ 0.38261002  0.2311603  -0.21721208  0.40116288]
2025-12-14 15:53:50,730 - INFO - num_full_subsets = 2
2025-12-14 15:53:50,814 - INFO - phi = [ 0.38870083  0.29794441 -0.4231968   0.61349918]
2025-12-14 15:53:50,863 - INFO - num_full_subsets = 2
2025-12-14 15:53:50,945 - INFO - phi = [-0.1800544  -0.17346415 -0.33849841  0.70579014]
2025-12-14 15:53:50,989 - INFO - num_full_subsets = 2
2025-12-14 15:53:51,076 - INFO - phi = [ 0.64685053 -0.03699223  0.04426954 -0.94558861]
2025-12-14 15:53:51,121 - INFO - num_full_subsets = 2
2025-12-14 15:53:51,206 - INFO - phi = [-0.21087308  0.09523229  0.30077364  0.78054415]
2025-12-14 15:53:51,253 - INFO - num_full_subsets = 2
2025-12-14 15:53:51,342 - INFO - phi = [-0.14878155  0.28913869  0.30580799  0.70896857]
2025-12-14 15:53:51,386 - INFO - num_full_subsets = 2
2025-12-14 15:53:51,476 - INFO - phi = [-0.23172511 -0.40588217 -0.04798868 -1.07130354]
2025-12-14 15:53:51,521 - INFO - num_full_subsets = 2
2025-12-14 15:53:51,609 - INFO - phi = [-0.27324956 -0.51693313 -0.22946202 -0.20142525]
2025-12-14 15:53:51,654 - INFO - num_full_subsets = 2
2025-12-14 15:53:51,734 - INFO - phi = [ 0.16598903  0.18490655 -0.17426129  0.49627423]
2025-12-14 15:53:51,779 - INFO - num_full_subsets = 2
2025-12-14 15:53:51,860 - INFO - phi = [-0.18779182 -0.39442077  0.29576927 -0.73223335]
2025-12-14 15:53:51,904 - INFO - num_full_subsets = 2
2025-12-14 15:53:51,985 - INFO - phi = [0.09745962 0.28042547 0.1976549  1.00996357]
2025-12-14 15:53:52,029 - INFO - num_full_subsets = 2
2025-12-14 15:53:52,119 - INFO - phi = [-0.26184297 -0.41874412 -0.25795825  0.02647194]
2025-12-14 15:53:52,165 - INFO - num_full_subsets = 2
2025-12-14 15:53:52,253 - INFO - phi = [-0.26973835 -0.38000362 -0.22910225 -0.17450316]
2025-12-14 15:53:52,297 - INFO - num_full_subsets = 2
2025-12-14 15:53:52,383 - INFO - phi = [-0.29292692 -0.55711925 -0.05436471  0.16072585]
2025-12-14 15:53:52,427 - INFO - num_full_subsets = 2
2025-12-14 15:53:52,514 - INFO - phi = [-0.23473323 -0.37495441  0.3991207   0.83567779]
2025-12-14 15:53:52,559 - INFO - num_full_subsets = 2
2025-12-14 15:53:52,644 - INFO - phi = [ 0.64109694  0.25579486  0.09138606 -0.88726255]
2025-12-14 15:53:52,689 - INFO - num_full_subsets = 2
2025-12-14 15:53:52,780 - INFO - phi = [-0.23824954 -0.48152991 -0.07628758 -0.82294857]
2025-12-14 15:53:52,825 - INFO - num_full_subsets = 2
2025-12-14 15:53:52,910 - INFO - phi = [-0.24857005 -0.31170515  0.2168677  -0.20490591]
2025-12-14 15:53:52,958 - INFO - num_full_subsets = 2
2025-12-14 15:53:53,042 - INFO - phi = [-0.2719096  -0.53949737 -0.26264449  0.32641155]
2025-12-14 15:53:53,086 - INFO - num_full_subsets = 2
2025-12-14 15:53:53,166 - INFO - phi = [-0.21152769  0.60576763 -0.28142861  0.21902105]
2025-12-14 15:53:53,210 - INFO - num_full_subsets = 2
2025-12-14 15:53:53,291 - INFO - phi = [ 0.5303824   0.07400575  0.09267729 -0.69377362]
2025-12-14 15:53:53,341 - INFO - num_full_subsets = 2
2025-12-14 15:53:53,430 - INFO - phi = [-0.30216236 -0.46832781 -0.07963913 -0.00052772]
2025-12-14 15:53:53,476 - INFO - num_full_subsets = 2
2025-12-14 15:53:53,565 - INFO - phi = [ 0.56247185  0.19231685 -0.11011044 -0.27121919]
2025-12-14 15:53:53,613 - INFO - num_full_subsets = 2
2025-12-14 15:53:53,701 - INFO - phi = [-0.26400985 -0.42117277 -0.10317128 -0.91866189]
2025-12-14 15:53:53,746 - INFO - num_full_subsets = 2
2025-12-14 15:53:53,830 - INFO - phi = [-0.24636175  0.60744961  0.0092049  -0.3049742 ]
2025-12-14 15:53:53,874 - INFO - num_full_subsets = 2
2025-12-14 15:53:53,960 - INFO - phi = [-0.18028468  0.36960913 -0.25326369  0.30562985]
2025-12-14 15:53:54,009 - INFO - num_full_subsets = 2
2025-12-14 15:53:54,094 - INFO - phi = [-0.10075338  0.45946389  0.2989323  -1.43254899]
2025-12-14 15:53:54,139 - INFO - num_full_subsets = 2
2025-12-14 15:53:54,225 - INFO - phi = [-0.14779351  0.34402773 -0.01535496 -0.06759159]
2025-12-14 15:53:54,270 - INFO - num_full_subsets = 2
2025-12-14 15:53:54,358 - INFO - phi = [-0.23502249 -0.25491327 -0.12775772  0.1533194 ]
2025-12-14 15:53:54,403 - INFO - num_full_subsets = 2
2025-12-14 15:53:54,491 - INFO - phi = [-0.29137852 -0.11590117  0.06863286  0.50479714]
2025-12-14 15:53:54,539 - INFO - num_full_subsets = 2
2025-12-14 15:53:54,630 - INFO - phi = [-0.26636566 -0.40533213 -0.03203637 -0.77365866]
2025-12-14 15:53:54,677 - INFO - num_full_subsets = 2
2025-12-14 15:53:54,771 - INFO - phi = [-0.2086274  -0.29680769  0.21200238 -0.69550516]
2025-12-14 15:53:54,819 - INFO - num_full_subsets = 2
2025-12-14 15:53:54,907 - INFO - phi = [ 0.50201056 -0.13772267 -0.39718006  0.59228483]
2025-12-14 15:53:54,955 - INFO - num_full_subsets = 2
2025-12-14 15:53:55,038 - INFO - phi = [-0.25375224 -0.21992846 -0.277942    0.07576346]
2025-12-14 15:53:55,082 - INFO - num_full_subsets = 2
2025-12-14 15:53:55,167 - INFO - phi = [-0.29761069 -0.6816187  -0.02642925 -0.20485247]
2025-12-14 15:53:55,212 - INFO - num_full_subsets = 2
2025-12-14 15:53:55,302 - INFO - phi = [ 0.50201056 -0.13772267 -0.39718006  0.59228483]
2025-12-14 15:53:55,347 - INFO - num_full_subsets = 2
2025-12-14 15:53:55,438 - INFO - phi = [ 0.62072723 -0.19155877 -0.12197824 -0.56897217]
2025-12-14 15:53:55,486 - INFO - num_full_subsets = 2
2025-12-14 15:53:55,568 - INFO - phi = [-0.21355593  0.55189638 -0.2496493   0.47125012]
2025-12-14 15:53:55,614 - INFO - num_full_subsets = 2
2025-12-14 15:53:55,703 - INFO - phi = [-0.25412865 -0.38766301 -0.24323189  0.56195776]
2025-12-14 15:53:55,748 - INFO - num_full_subsets = 2
2025-12-14 15:53:55,834 - INFO - phi = [-0.28453494 -0.49835342 -0.12147875  0.36042034]
2025-12-14 15:53:55,879 - INFO - num_full_subsets = 2
2025-12-14 15:53:55,972 - INFO - phi = [-0.26221471 -0.12542622  0.02674828 -0.74186387]
2025-12-14 15:53:56,018 - INFO - num_full_subsets = 2
2025-12-14 15:53:56,104 - INFO - phi = [-0.22549937 -0.48100602  0.09297628 -0.34071612]
2025-12-14 15:53:56,149 - INFO - num_full_subsets = 2
2025-12-14 15:53:56,235 - INFO - phi = [-0.2552114   0.6224948   0.01898747 -0.12619508]
2025-12-14 15:53:56,279 - INFO - num_full_subsets = 2
2025-12-14 15:53:56,366 - INFO - phi = [-0.2719096  -0.53949737 -0.26264449  0.32641155]
2025-12-14 15:53:56,412 - INFO - num_full_subsets = 2
2025-12-14 15:53:56,500 - INFO - phi = [-0.28950207 -0.61753762 -0.08452753 -0.3822183 ]
2025-12-14 15:53:56,549 - INFO - num_full_subsets = 2
2025-12-14 15:53:56,639 - INFO - phi = [-0.22551992 -0.34027559 -0.05034962 -0.44506278]
2025-12-14 15:53:56,686 - INFO - num_full_subsets = 2
2025-12-14 15:53:56,770 - INFO - phi = [-0.29246291 -0.63661731 -0.07075219 -0.29464638]
2025-12-14 15:53:56,814 - INFO - num_full_subsets = 2
2025-12-14 15:53:56,897 - INFO - phi = [ 0.46849583  0.19114565  0.04440739 -0.85825732]
2025-12-14 15:53:56,941 - INFO - num_full_subsets = 2
2025-12-14 15:53:57,029 - INFO - phi = [-0.26600812  0.89835338  0.19690541  0.57413161]
2025-12-14 15:53:57,076 - INFO - num_full_subsets = 2
2025-12-14 15:53:57,164 - INFO - phi = [-0.2468288   0.63861201  0.11249686  0.44343351]
2025-12-14 15:53:57,214 - INFO - num_full_subsets = 2
2025-12-14 15:53:57,301 - INFO - phi = [-0.2101558  -0.11967537  0.17787725 -0.4920619 ]
2025-12-14 15:53:57,346 - INFO - num_full_subsets = 2
2025-12-14 15:53:57,430 - INFO - phi = [-0.20073239  0.41499347 -0.30670462  0.19517546]
2025-12-14 15:53:57,474 - INFO - num_full_subsets = 2
2025-12-14 15:53:57,555 - INFO - phi = [-0.30870547 -0.57433547  0.13874573  0.19548494]
2025-12-14 15:53:57,600 - INFO - num_full_subsets = 2
2025-12-14 15:53:57,680 - INFO - phi = [-0.15138308  0.38923777 -0.31620913  0.37610608]
2025-12-14 15:53:57,724 - INFO - num_full_subsets = 2
2025-12-14 15:53:57,815 - INFO - phi = [-0.2278584   0.56716224 -0.00454781  0.68351444]
2025-12-14 15:53:57,860 - INFO - num_full_subsets = 2
2025-12-14 15:53:57,942 - INFO - phi = [-0.28583482 -0.61233017 -0.17856903 -0.17555076]
2025-12-14 15:53:57,987 - INFO - num_full_subsets = 2
2025-12-14 15:53:58,075 - INFO - phi = [-0.26194254 -0.44267643  0.13035057 -0.43549034]
2025-12-14 15:53:58,120 - INFO - num_full_subsets = 2
2025-12-14 15:53:58,209 - INFO - phi = [-0.29129855 -0.43686046 -0.03273948 -0.55584264]
2025-12-14 15:53:58,254 - INFO - num_full_subsets = 2
2025-12-14 15:53:58,336 - INFO - phi = [-0.27464461 -0.49074374 -0.09882264 -0.60587537]
2025-12-14 15:53:58,381 - INFO - num_full_subsets = 2
2025-12-14 15:53:58,469 - INFO - phi = [ 0.61683116  0.41398749  0.06671751 -0.76864753]
2025-12-14 15:53:58,515 - INFO - num_full_subsets = 2
2025-12-14 15:53:58,602 - INFO - phi = [-0.24950731  0.78430239  0.22077827  0.35657825]
2025-12-14 15:53:58,647 - INFO - num_full_subsets = 2
2025-12-14 15:53:58,729 - INFO - phi = [-0.06111924 -0.02424055 -0.26120386  0.02477555]
2025-12-14 15:53:58,773 - INFO - num_full_subsets = 2
2025-12-14 15:53:58,860 - INFO - phi = [-0.16714102  0.53255526 -0.0921044   0.67325004]
2025-12-14 15:53:58,904 - INFO - num_full_subsets = 2
2025-12-14 15:53:58,989 - INFO - phi = [ 0.51349257 -0.132094    0.13155482 -0.63493026]
2025-12-14 15:53:59,034 - INFO - num_full_subsets = 2
2025-12-14 15:53:59,124 - INFO - phi = [ 0.53242756  0.22317022 -0.1501314  -0.46512607]
2025-12-14 15:53:59,170 - INFO - num_full_subsets = 2
2025-12-14 15:53:59,255 - INFO - phi = [ 0.44343078  0.10016957  0.05001752 -0.70194171]
2025-12-14 15:53:59,303 - INFO - num_full_subsets = 2
2025-12-14 15:53:59,385 - INFO - phi = [-0.23292659 -0.37346958  0.12588375 -0.73848985]
2025-12-14 15:53:59,430 - INFO - num_full_subsets = 2
2025-12-14 15:53:59,511 - INFO - phi = [ 0.51905437 -0.05013323  0.0837477  -0.7783938 ]
2025-12-14 15:53:59,556 - INFO - num_full_subsets = 2
2025-12-14 15:53:59,645 - INFO - phi = [-0.14743868  0.06074202 -0.29383654  0.39789005]
2025-12-14 15:53:59,694 - INFO - num_full_subsets = 2
2025-12-14 15:53:59,781 - INFO - phi = [ 0.54824692  0.29558839 -0.13972207 -0.23701765]
2025-12-14 15:53:59,826 - INFO - num_full_subsets = 2
2025-12-14 15:53:59,911 - INFO - phi = [-0.17956878  0.25876901  0.22463992  0.65835116]
2025-12-14 15:53:59,955 - INFO - num_full_subsets = 2
2025-12-14 15:54:00,037 - INFO - phi = [0.33830023 0.14878785 0.18663106 1.01752925]
2025-12-14 15:54:00,081 - INFO - num_full_subsets = 2
2025-12-14 15:54:00,163 - INFO - phi = [0.50866368 0.06387893 0.24198083 0.8060615 ]
2025-12-14 15:54:00,208 - INFO - num_full_subsets = 2
2025-12-14 15:54:00,289 - INFO - phi = [ 0.50489738  0.25490315  0.08853626 -0.57340324]
2025-12-14 15:54:00,338 - INFO - num_full_subsets = 2
2025-12-14 15:54:00,424 - INFO - phi = [-0.26502653 -0.02827473  0.09570624  0.88967572]
2025-12-14 15:54:00,469 - INFO - num_full_subsets = 2
2025-12-14 15:54:00,554 - INFO - phi = [-0.24523625 -0.50117231  0.28294994 -0.15379924]
2025-12-14 15:54:00,599 - INFO - num_full_subsets = 2
2025-12-14 15:54:00,686 - INFO - phi = [0.4963616  0.0950786  0.2046716  0.57961201]
2025-12-14 15:54:00,731 - INFO - num_full_subsets = 2
2025-12-14 15:54:00,814 - INFO - phi = [-0.1610838   0.36794157 -0.18594855 -0.1388976 ]
2025-12-14 15:54:00,858 - INFO - num_full_subsets = 2
2025-12-14 15:54:00,950 - INFO - phi = [ 0.46046417 -0.00798726 -0.42483315  0.68528714]
2025-12-14 15:54:00,997 - INFO - num_full_subsets = 2
2025-12-14 15:54:01,081 - INFO - phi = [ 0.62283484  0.27347774  0.07077595 -0.92912468]
2025-12-14 15:54:01,127 - INFO - num_full_subsets = 2
2025-12-14 15:54:01,214 - INFO - phi = [-0.2867281  -0.66714487 -0.17757158  0.11612076]
2025-12-14 15:54:01,259 - INFO - num_full_subsets = 2
2025-12-14 15:54:01,345 - INFO - phi = [-0.25082241  0.26260446 -0.01294249  0.05968956]
2025-12-14 15:54:01,391 - INFO - num_full_subsets = 2
2025-12-14 15:54:01,478 - INFO - phi = [-0.14546353  0.17221465 -0.29698521  0.41199657]
2025-12-14 15:54:01,524 - INFO - num_full_subsets = 2
2025-12-14 15:54:01,618 - INFO - phi = [-0.21092631 -0.28633111  0.07575431  0.32784059]
2025-12-14 15:54:01,663 - INFO - num_full_subsets = 2
2025-12-14 15:54:01,750 - INFO - phi = [ 0.47460086  0.37185738 -0.31715883  0.39723855]
2025-12-14 15:54:01,794 - INFO - num_full_subsets = 2
2025-12-14 15:54:01,880 - INFO - phi = [-0.24729765 -0.4889725  -0.11819393 -0.52473497]
2025-12-14 15:54:01,925 - INFO - num_full_subsets = 2
2025-12-14 15:54:02,011 - INFO - phi = [-0.18162782 -0.41444835  0.23152975 -0.95055702]
2025-12-14 15:54:02,055 - INFO - num_full_subsets = 2
2025-12-14 15:54:02,139 - INFO - phi = [-0.18703985  0.21767915  0.26963336  0.53903557]
2025-12-14 15:54:02,184 - INFO - num_full_subsets = 2
2025-12-14 15:54:02,270 - INFO - phi = [-0.25131284  2.13311988  0.12301093 -0.20005516]
2025-12-14 15:54:02,316 - INFO - num_full_subsets = 2
2025-12-14 15:54:02,403 - INFO - phi = [0.28700685 0.43074903 0.20622004 0.47792388]
2025-12-14 15:54:02,448 - INFO - num_full_subsets = 2
2025-12-14 15:54:02,535 - INFO - phi = [ 0.62174056  0.61344675  0.15044872 -0.14566155]
2025-12-14 15:54:02,580 - INFO - num_full_subsets = 2
2025-12-14 15:54:02,664 - INFO - phi = [-0.1612351  -0.17097313  0.29725625 -0.86445234]
2025-12-14 15:54:02,708 - INFO - num_full_subsets = 2
2025-12-14 15:54:02,794 - INFO - phi = [ 0.3150776  -0.17779267 -0.34796438  0.35266151]
2025-12-14 15:54:02,844 - INFO - num_full_subsets = 2
2025-12-14 15:54:02,930 - INFO - phi = [-0.16064385  0.55644726  0.36845203  0.88898045]
2025-12-14 15:54:02,976 - INFO - num_full_subsets = 2
2025-12-14 15:54:03,062 - INFO - phi = [-0.23608224 -0.10364161  0.20630164  0.03890639]
2025-12-14 15:54:03,106 - INFO - num_full_subsets = 2
2025-12-14 15:54:03,193 - INFO - phi = [-0.25374246 -0.45332123  0.19592356 -0.23843979]
2025-12-14 15:54:03,237 - INFO - num_full_subsets = 2
2025-12-14 15:54:03,318 - INFO - phi = [ 0.54865568  0.25949157 -0.06514364 -0.56959513]
2025-12-14 15:54:03,363 - INFO - num_full_subsets = 2
2025-12-14 15:54:03,443 - INFO - phi = [ 0.53872521 -0.07805897  0.11043889 -0.22378293]
2025-12-14 15:54:03,491 - INFO - num_full_subsets = 2
2025-12-14 15:54:03,575 - INFO - phi = [-0.12934111  0.51246345 -0.12547899  0.72389897]
2025-12-14 15:54:03,621 - INFO - num_full_subsets = 2
2025-12-14 15:54:03,704 - INFO - phi = [-0.24934448 -0.4359941  -0.13560223 -0.49951322]
2025-12-14 15:54:03,749 - INFO - num_full_subsets = 2
2025-12-14 15:54:03,833 - INFO - phi = [-0.2948671  -0.31942479  0.076915    0.0517461 ]
2025-12-14 15:54:03,878 - INFO - num_full_subsets = 2
2025-12-14 15:54:03,960 - INFO - phi = [ 0.61683116  0.41398749  0.06671751 -0.76864753]
2025-12-14 15:54:04,006 - INFO - num_full_subsets = 2
2025-12-14 15:54:04,098 - INFO - phi = [ 0.26491965 -0.15996797 -0.33334245  0.33631401]
2025-12-14 15:54:04,144 - INFO - num_full_subsets = 2
2025-12-14 15:54:04,227 - INFO - phi = [-0.29108855 -0.51885517  0.16818981  0.05945847]
2025-12-14 15:54:04,272 - INFO - num_full_subsets = 2
2025-12-14 15:54:04,357 - INFO - phi = [0.20812687 0.50638811 0.27730269 0.7654002 ]
2025-12-14 15:54:04,402 - INFO - num_full_subsets = 2
2025-12-14 15:54:04,483 - INFO - phi = [-0.26711408 -0.53966804 -0.22761851 -0.12291548]
2025-12-14 15:54:04,527 - INFO - num_full_subsets = 2
2025-12-14 15:54:04,615 - INFO - phi = [0.59590375 0.38596602 0.22704182 0.23805264]
2025-12-14 15:54:04,661 - INFO - num_full_subsets = 2
2025-12-14 15:54:04,755 - INFO - phi = [-0.24584331 -0.25961335 -0.22902131 -0.04962497]
2025-12-14 15:54:04,801 - INFO - num_full_subsets = 2
2025-12-14 15:54:04,885 - INFO - phi = [0.35739702 0.00159517 0.22691614 0.63814646]
2025-12-14 15:54:04,930 - INFO - num_full_subsets = 2
2025-12-14 15:54:05,013 - INFO - phi = [ 0.5650113   0.50633903 -0.02090508  0.2941039 ]
2025-12-14 15:54:05,059 - INFO - num_full_subsets = 2
2025-12-14 15:54:05,144 - INFO - phi = [-0.29269991 -0.35872082  0.06615265 -0.38357159]
2025-12-14 15:54:05,188 - INFO - num_full_subsets = 2
2025-12-14 15:54:05,272 - INFO - phi = [-0.14177909  0.22365046  0.23291524  0.13314656]
2025-12-14 15:54:05,317 - INFO - num_full_subsets = 2
2025-12-14 15:54:05,405 - INFO - phi = [-0.22638264  0.48421242 -0.22951683  0.39700931]
2025-12-14 15:54:05,451 - INFO - num_full_subsets = 2
2025-12-14 15:54:05,538 - INFO - phi = [0.47585701 0.14809734 0.21635954 0.75190544]
2025-12-14 15:54:05,587 - INFO - num_full_subsets = 2
2025-12-14 15:54:05,669 - INFO - phi = [-0.26257114 -0.40550247  0.26356746  0.23456781]
2025-12-14 15:54:05,715 - INFO - num_full_subsets = 2
2025-12-14 15:54:05,796 - INFO - phi = [ 0.46502112  0.4531912   0.09551742 -0.38061352]
2025-12-14 15:54:05,840 - INFO - num_full_subsets = 2
2025-12-14 15:54:05,927 - INFO - phi = [-0.22638264  0.48421242 -0.22951683  0.39700931]
2025-12-14 15:54:05,976 - INFO - num_full_subsets = 2
2025-12-14 15:54:06,064 - INFO - phi = [-0.0152365   0.39844648 -0.29013328  0.38700817]
2025-12-14 15:54:06,110 - INFO - num_full_subsets = 2
2025-12-14 15:54:06,192 - INFO - phi = [-0.18708905  0.3402462   0.28633968  0.73130526]
2025-12-14 15:54:06,236 - INFO - num_full_subsets = 2
2025-12-14 15:54:06,321 - INFO - phi = [ 0.64448289  0.11906999  0.14883505 -0.54576193]
2025-12-14 15:54:06,365 - INFO - num_full_subsets = 2
2025-12-14 15:54:06,448 - INFO - phi = [ 0.60190334 -0.00070472 -0.04554718 -0.6914864 ]
2025-12-14 15:54:06,493 - INFO - num_full_subsets = 2
2025-12-14 15:54:06,573 - INFO - phi = [-0.25333632 -0.34299384 -0.28172136  0.52303072]
2025-12-14 15:54:06,622 - INFO - num_full_subsets = 2
2025-12-14 15:54:06,709 - INFO - phi = [ 0.58627627 -0.01474157 -0.20774548 -0.12372581]
2025-12-14 15:54:06,754 - INFO - num_full_subsets = 2
2025-12-14 15:54:06,841 - INFO - phi = [ 0.56879416  0.14305628  0.14198353 -0.22804507]
2025-12-14 15:54:06,887 - INFO - num_full_subsets = 2
2025-12-14 15:54:06,974 - INFO - phi = [0.42736393 0.3789694  0.2041892  0.50523358]
2025-12-14 15:54:07,019 - INFO - num_full_subsets = 2
2025-12-14 15:54:07,101 - INFO - phi = [-0.2098271   0.42748602  0.19587627  0.63795104]
2025-12-14 15:54:07,146 - INFO - num_full_subsets = 2
2025-12-14 15:54:07,235 - INFO - phi = [-0.24034768  0.17294572 -0.26779096  0.34890268]
2025-12-14 15:54:07,281 - INFO - num_full_subsets = 2
2025-12-14 15:54:07,371 - INFO - phi = [-0.22232283 -0.39145353  0.05278162 -0.4192181 ]
2025-12-14 15:54:07,416 - INFO - num_full_subsets = 2
2025-12-14 15:54:07,503 - INFO - phi = [-0.24647322 -0.55370927 -0.08967051 -0.2438958 ]
2025-12-14 15:54:07,551 - INFO - num_full_subsets = 2
2025-12-14 15:54:07,634 - INFO - phi = [-0.2785312   0.01710445  0.13541987  0.94276406]
2025-12-14 15:54:07,678 - INFO - num_full_subsets = 2
2025-12-14 15:54:07,760 - INFO - phi = [-0.23357332 -0.4042393   0.05410702 -0.87884041]
2025-12-14 15:54:08,652 - INFO - Computing feature importance...
2025-12-14 15:54:17,087 - INFO - Experiment completed for CNN
2025-12-14 15:54:17,088 - INFO - Total time: 280.75s (4.68 min)
2025-12-14 15:54:17,088 - INFO - Starting comprehensive experiment for CNN
2025-12-14 15:54:26,076 - INFO - Performing feature analysis...
2025-12-14 15:54:27,248 - INFO - Model justification: Fast 1D Convolutional Neural Network - perfect for tabular features with local patterns
2025-12-14 15:54:27,248 - INFO - Performing robust cross-validation...
2025-12-14 15:54:44,498 - INFO - CV Results - MSE: 2.2853 ± 0.6006
2025-12-14 15:54:44,498 - INFO - Starting hyperparameter optimization...
2025-12-14 15:57:40,220 - INFO - Best parameters for CNN: {'filters': 62, 'kernel_size': 3, 'dense_units': 43, 'lr': 0.00306658796002873, 'epochs': 84}
2025-12-14 15:57:40,220 - INFO - ⏱️ HPO took 175.72 seconds
2025-12-14 15:57:40,221 - INFO - Training final model...
2025-12-14 15:57:42,689 - INFO - ⏱️ Training took 2.47 seconds
2025-12-14 15:57:42,689 - INFO - Performing residual analysis...
2025-12-14 15:57:43,764 - INFO - Generating XAI explanations...
2025-12-14 15:57:43,800 - WARNING - Using 168 background data samples could cause slower run times. Consider using shap.sample(data, K) or shap.kmeans(data, K) to summarize the background as K samples.
2025-12-14 15:57:43,845 - INFO - num_full_subsets = 2
2025-12-14 15:57:43,937 - INFO - phi = [-0.22175136  0.21260421  0.31401003  0.53807762]
2025-12-14 15:57:43,982 - INFO - num_full_subsets = 2
2025-12-14 15:57:44,071 - INFO - phi = [ 0.65469737  0.11749671 -0.03448725 -0.65563013]
2025-12-14 15:57:44,120 - INFO - num_full_subsets = 2
2025-12-14 15:57:44,213 - INFO - phi = [0.61933078 0.26102287 0.21179433 0.53842021]
2025-12-14 15:57:44,258 - INFO - num_full_subsets = 2
2025-12-14 15:57:44,348 - INFO - phi = [-0.12894818  0.13262232  0.33123917  0.53346549]
2025-12-14 15:57:44,395 - INFO - num_full_subsets = 2
2025-12-14 15:57:44,484 - INFO - phi = [ 0.67858829  0.2566284  -0.10440587 -0.29650866]
2025-12-14 15:57:44,529 - INFO - num_full_subsets = 2
2025-12-14 15:57:44,620 - INFO - phi = [-0.31850472 -0.76732966 -0.14829245 -0.22220677]
2025-12-14 15:57:44,665 - INFO - num_full_subsets = 2
2025-12-14 15:57:44,756 - INFO - phi = [-0.26692418  0.59348734 -0.0030659  -0.01369743]
2025-12-14 15:57:44,801 - INFO - num_full_subsets = 2
2025-12-14 15:57:44,894 - INFO - phi = [-0.30290291 -0.43649548 -0.1119279   0.69628953]
2025-12-14 15:57:44,941 - INFO - num_full_subsets = 2
2025-12-14 15:57:45,034 - INFO - phi = [-0.25715028 -0.51679007  0.29337394 -0.66020589]
2025-12-14 15:57:45,080 - INFO - num_full_subsets = 2
2025-12-14 15:57:45,171 - INFO - phi = [ 0.70071228  0.40746534 -0.06429773 -0.42625641]
2025-12-14 15:57:45,216 - INFO - num_full_subsets = 2
2025-12-14 15:57:45,303 - INFO - phi = [-0.2328563   0.1514179   0.22789303  0.08516656]
2025-12-14 15:57:45,352 - INFO - num_full_subsets = 2
2025-12-14 15:57:45,440 - INFO - phi = [-0.30174371 -0.53435889 -0.02833091 -0.34625432]
2025-12-14 15:57:45,486 - INFO - num_full_subsets = 2
2025-12-14 15:57:45,577 - INFO - phi = [ 0.80653753 -0.17891366  0.06628816 -0.74844654]
2025-12-14 15:57:45,623 - INFO - num_full_subsets = 2
2025-12-14 15:57:45,714 - INFO - phi = [-0.32460946 -0.67146491 -0.04994214 -0.5814804 ]
2025-12-14 15:57:45,760 - INFO - num_full_subsets = 2
2025-12-14 15:57:45,851 - INFO - phi = [-0.15530122  0.41523456 -0.23692404  0.3180701 ]
2025-12-14 15:57:45,897 - INFO - num_full_subsets = 2
2025-12-14 15:57:45,985 - INFO - phi = [ 0.72026779  0.20740544  0.06275194 -0.92935694]
2025-12-14 15:57:46,037 - INFO - num_full_subsets = 2
2025-12-14 15:57:46,136 - INFO - phi = [-0.30740367 -0.55467888 -0.04864291 -0.8155131 ]
2025-12-14 15:57:46,182 - INFO - num_full_subsets = 2
2025-12-14 15:57:46,272 - INFO - phi = [ 0.8037993   0.15904393  0.0429784  -0.80195952]
2025-12-14 15:57:46,318 - INFO - num_full_subsets = 2
2025-12-14 15:57:46,408 - INFO - phi = [-0.25147162  2.94690998  0.04484662 -0.28350439]
2025-12-14 15:57:46,453 - INFO - num_full_subsets = 2
2025-12-14 15:57:46,542 - INFO - phi = [-0.34567548 -0.80523099 -0.27025177  0.2069057 ]
2025-12-14 15:57:46,589 - INFO - num_full_subsets = 2
2025-12-14 15:57:46,685 - INFO - phi = [-0.28170239 -0.06625762  0.12652424 -0.25793132]
2025-12-14 15:57:46,731 - INFO - num_full_subsets = 2
2025-12-14 15:57:46,822 - INFO - phi = [ 0.84303097  0.47664786 -0.01551959 -0.82129995]
2025-12-14 15:57:46,868 - INFO - num_full_subsets = 2
2025-12-14 15:57:46,955 - INFO - phi = [-0.32664026 -0.49430803 -0.01441461 -0.40865537]
2025-12-14 15:57:47,001 - INFO - num_full_subsets = 2
2025-12-14 15:57:47,093 - INFO - phi = [-0.0789655   0.71761444 -0.21347269  0.38517481]
2025-12-14 15:57:47,138 - INFO - num_full_subsets = 2
2025-12-14 15:57:47,226 - INFO - phi = [-0.22252817 -0.37297647  0.28284605 -0.91770414]
2025-12-14 15:57:47,270 - INFO - num_full_subsets = 2
2025-12-14 15:57:47,366 - INFO - phi = [ 0.66942643  0.19690683 -0.05365137 -0.57580523]
2025-12-14 15:57:47,412 - INFO - num_full_subsets = 2
2025-12-14 15:57:47,502 - INFO - phi = [ 0.39903988 -0.06084954  0.28406475  0.61434881]
2025-12-14 15:57:47,551 - INFO - num_full_subsets = 2
2025-12-14 15:57:47,647 - INFO - phi = [0.66449814 0.01909283 0.14589585 0.7479741 ]
2025-12-14 15:57:47,692 - INFO - num_full_subsets = 2
2025-12-14 15:57:47,782 - INFO - phi = [-0.25989012 -0.50396258  0.29532734 -0.50821853]
2025-12-14 15:57:47,828 - INFO - num_full_subsets = 2
2025-12-14 15:57:47,918 - INFO - phi = [-0.26013079 -0.40811703  0.19073291 -0.73847309]
2025-12-14 15:57:47,966 - INFO - num_full_subsets = 2
2025-12-14 15:57:48,066 - INFO - phi = [ 0.80092798 -0.08149881  0.05705564 -0.779869  ]
2025-12-14 15:57:48,112 - INFO - num_full_subsets = 2
2025-12-14 15:57:48,204 - INFO - phi = [-0.2842218  -0.56811286  0.31614352  0.58016237]
2025-12-14 15:57:48,249 - INFO - num_full_subsets = 2
2025-12-14 15:57:48,338 - INFO - phi = [-0.25578724  0.51547947 -0.07517959 -0.38048396]
2025-12-14 15:57:48,384 - INFO - num_full_subsets = 2
2025-12-14 15:57:48,470 - INFO - phi = [ 0.18355192 -0.06817984 -0.1113128   1.0206792 ]
2025-12-14 15:57:48,516 - INFO - num_full_subsets = 2
2025-12-14 15:57:48,605 - INFO - phi = [-0.03041537  0.52719128  0.08024162  0.61407941]
2025-12-14 15:57:48,656 - INFO - num_full_subsets = 2
2025-12-14 15:57:48,747 - INFO - phi = [-0.32167948 -0.55916077  0.02548311 -0.57083034]
2025-12-14 15:57:48,793 - INFO - num_full_subsets = 2
2025-12-14 15:57:48,885 - INFO - phi = [-0.17807319  0.22342238  0.31001825  0.1147522 ]
2025-12-14 15:57:48,930 - INFO - num_full_subsets = 2
2025-12-14 15:57:49,022 - INFO - phi = [-0.10455938  0.3833344   0.34433564  0.75771502]
2025-12-14 15:57:49,068 - INFO - num_full_subsets = 2
2025-12-14 15:57:49,156 - INFO - phi = [ 0.46309401  0.14132879 -0.27236759  0.76720957]
2025-12-14 15:57:49,201 - INFO - num_full_subsets = 2
2025-12-14 15:57:49,289 - INFO - phi = [-0.25473599 -0.54180916  0.08553114 -0.92676494]
2025-12-14 15:57:49,338 - INFO - num_full_subsets = 2
2025-12-14 15:57:49,426 - INFO - phi = [-0.29510901  0.97797323 -0.01392829  0.75125027]
2025-12-14 15:57:49,471 - INFO - num_full_subsets = 2
2025-12-14 15:57:49,561 - INFO - phi = [ 0.64289153 -0.07345348 -0.17917201  0.43248327]
2025-12-14 15:57:49,606 - INFO - num_full_subsets = 2
2025-12-14 15:57:49,690 - INFO - phi = [-0.18048957  0.32147234 -0.22358748  0.05982708]
2025-12-14 15:57:49,735 - INFO - num_full_subsets = 2
2025-12-14 15:57:49,827 - INFO - phi = [-0.3123505  -0.5946753  -0.18730403  0.09455399]
2025-12-14 15:57:49,873 - INFO - num_full_subsets = 2
2025-12-14 15:57:49,966 - INFO - phi = [-0.29330203 -0.5695584  -0.01770907 -0.81125167]
2025-12-14 15:57:50,013 - INFO - num_full_subsets = 2
2025-12-14 15:57:50,101 - INFO - phi = [ 0.66096658  0.55482397 -0.09264325  0.26358164]
2025-12-14 15:57:50,146 - INFO - num_full_subsets = 2
2025-12-14 15:57:50,234 - INFO - phi = [-0.31175048 -0.51307488 -0.20513593 -0.20106138]
2025-12-14 15:57:50,280 - INFO - num_full_subsets = 2
2025-12-14 15:57:50,371 - INFO - phi = [-0.17340623  0.12674397 -0.28328824  0.36636886]
2025-12-14 15:57:50,417 - INFO - num_full_subsets = 2
2025-12-14 15:57:50,506 - INFO - phi = [-0.30699292 -0.63273118 -0.00911555 -0.35714183]
2025-12-14 15:57:50,553 - INFO - num_full_subsets = 2
2025-12-14 15:57:50,648 - INFO - phi = [-0.02583383  0.45347709 -0.23121365  0.36667399]
2025-12-14 15:57:50,694 - INFO - num_full_subsets = 2
2025-12-14 15:57:50,786 - INFO - phi = [-0.32237495 -0.74399366 -0.16505704 -0.24709482]
2025-12-14 15:57:50,832 - INFO - num_full_subsets = 2
2025-12-14 15:57:50,925 - INFO - phi = [-0.09840959  0.62756031  0.36637974  0.69975226]
2025-12-14 15:57:50,971 - INFO - num_full_subsets = 2
2025-12-14 15:57:51,062 - INFO - phi = [-0.1131976   0.24435061  0.32133628  0.47752143]
2025-12-14 15:57:51,108 - INFO - num_full_subsets = 2
2025-12-14 15:57:51,200 - INFO - phi = [-0.24263602 -0.48440267  0.25601902 -0.8715581 ]
2025-12-14 15:57:51,245 - INFO - num_full_subsets = 2
2025-12-14 15:57:51,343 - INFO - phi = [-0.09566989  0.36254008  0.11699884  0.54529053]
2025-12-14 15:57:51,389 - INFO - num_full_subsets = 2
2025-12-14 15:57:51,481 - INFO - phi = [-0.21624418  0.60891565 -0.08738768  0.67789331]
2025-12-14 15:57:51,526 - INFO - num_full_subsets = 2
2025-12-14 15:57:51,616 - INFO - phi = [-0.31259938 -0.65333369 -0.10735075 -0.53522616]
2025-12-14 15:57:51,662 - INFO - num_full_subsets = 2
2025-12-14 15:57:51,755 - INFO - phi = [-0.26309898  0.33773324 -0.23074742  0.11008948]
2025-12-14 15:57:51,800 - INFO - num_full_subsets = 2
2025-12-14 15:57:51,886 - INFO - phi = [-0.26878985  0.45668982  0.00453092  0.55615211]
2025-12-14 15:57:51,936 - INFO - num_full_subsets = 2
2025-12-14 15:57:52,021 - INFO - phi = [-0.27897915 -0.64791977  0.24674087 -0.22856526]
2025-12-14 15:57:52,067 - INFO - num_full_subsets = 2
2025-12-14 15:57:52,154 - INFO - phi = [-0.10359607  0.38200618  0.34353735  0.63912962]
2025-12-14 15:57:52,200 - INFO - num_full_subsets = 2
2025-12-14 15:57:52,287 - INFO - phi = [ 0.84674412 -0.01888497  0.04427578 -0.78005108]
2025-12-14 15:57:52,331 - INFO - num_full_subsets = 2
2025-12-14 15:57:52,419 - INFO - phi = [-0.31160448 -0.69372269 -0.04682321 -0.26877612]
2025-12-14 15:57:52,464 - INFO - num_full_subsets = 2
2025-12-14 15:57:52,551 - INFO - phi = [ 0.64289153 -0.07345348 -0.17917201  0.43248327]
2025-12-14 15:57:52,601 - INFO - num_full_subsets = 2
2025-12-14 15:57:52,688 - INFO - phi = [-0.1828038   0.34215135  0.11967449 -1.08302154]
2025-12-14 15:57:52,733 - INFO - num_full_subsets = 2
2025-12-14 15:57:52,822 - INFO - phi = [-0.17851425  0.31845396  0.16897483  0.55649166]
2025-12-14 15:57:52,867 - INFO - num_full_subsets = 2
2025-12-14 15:57:52,956 - INFO - phi = [ 0.57423818  0.58757527 -0.11362455  0.6555819 ]
2025-12-14 15:57:53,000 - INFO - num_full_subsets = 2
2025-12-14 15:57:53,088 - INFO - phi = [ 0.00544052  0.28397095 -0.25315723  0.40995916]
2025-12-14 15:57:53,134 - INFO - num_full_subsets = 2
2025-12-14 15:57:53,228 - INFO - phi = [-0.22768461  0.55142286 -0.19490191  0.28326581]
2025-12-14 15:57:53,274 - INFO - num_full_subsets = 2
2025-12-14 15:57:53,366 - INFO - phi = [-0.30457243 -0.24307445  0.18003157  0.66636826]
2025-12-14 15:57:53,410 - INFO - num_full_subsets = 2
2025-12-14 15:57:53,498 - INFO - phi = [ 0.71737058  0.03542409 -0.08807445 -0.51424669]
2025-12-14 15:57:53,543 - INFO - num_full_subsets = 2
2025-12-14 15:57:53,630 - INFO - phi = [-0.20546336  0.53181105  0.31466941  0.33947137]
2025-12-14 15:57:53,675 - INFO - num_full_subsets = 2
2025-12-14 15:57:53,759 - INFO - phi = [-0.26305147 -0.51946725  0.30601438 -0.19028623]
2025-12-14 15:57:53,803 - INFO - num_full_subsets = 2
2025-12-14 15:57:53,901 - INFO - phi = [0.02207752 0.12057716 0.25689033 0.73976027]
2025-12-14 15:57:53,948 - INFO - num_full_subsets = 2
2025-12-14 15:57:54,037 - INFO - phi = [-0.29399659 -0.20011777 -0.01570757 -0.78344015]
2025-12-14 15:57:54,087 - INFO - num_full_subsets = 2
2025-12-14 15:57:54,178 - INFO - phi = [-0.31104098 -0.67010218 -0.10536588 -0.50195018]
2025-12-14 15:57:54,226 - INFO - num_full_subsets = 2
2025-12-14 15:57:54,318 - INFO - phi = [-0.22263868 -0.26968078  0.17533273 -1.00976172]
2025-12-14 15:57:54,364 - INFO - num_full_subsets = 2
2025-12-14 15:57:54,451 - INFO - phi = [-0.31429227 -0.63442394  0.1886479   0.52724296]
2025-12-14 15:57:54,496 - INFO - num_full_subsets = 2
2025-12-14 15:57:54,587 - INFO - phi = [-0.30754213 -0.6247302  -0.33533988  1.00927273]
2025-12-14 15:57:54,633 - INFO - num_full_subsets = 2
2025-12-14 15:57:54,719 - INFO - phi = [-0.18828835 -0.00575939  0.17447914  0.64185174]
2025-12-14 15:57:54,764 - INFO - num_full_subsets = 2
2025-12-14 15:57:54,850 - INFO - phi = [-0.29771695  0.91782929 -0.15238583  0.77300823]
2025-12-14 15:57:54,895 - INFO - num_full_subsets = 2
2025-12-14 15:57:54,985 - INFO - phi = [-0.25460126 -0.12639786  0.11594332 -0.74210374]
2025-12-14 15:57:55,030 - INFO - num_full_subsets = 2
2025-12-14 15:57:55,119 - INFO - phi = [0.05581674 0.4505369  0.28202536 0.59228217]
2025-12-14 15:57:55,170 - INFO - num_full_subsets = 2
2025-12-14 15:57:55,264 - INFO - phi = [ 0.74918767  0.30338105  0.00160786 -0.86107024]
2025-12-14 15:57:55,310 - INFO - num_full_subsets = 2
2025-12-14 15:57:55,401 - INFO - phi = [-0.27088892  0.11870662 -0.25197249  0.68540495]
2025-12-14 15:57:55,447 - INFO - num_full_subsets = 2
2025-12-14 15:57:55,536 - INFO - phi = [-0.31632873 -0.61991869 -0.2801287  -0.00733116]
2025-12-14 15:57:55,582 - INFO - num_full_subsets = 2
2025-12-14 15:57:55,672 - INFO - phi = [-0.26009059  0.52576015 -0.22931261  0.36892237]
2025-12-14 15:57:55,717 - INFO - num_full_subsets = 2
2025-12-14 15:57:55,807 - INFO - phi = [ 0.68025088  0.10599054  0.00977554 -0.60254704]
2025-12-14 15:57:55,858 - INFO - num_full_subsets = 2
2025-12-14 15:57:55,953 - INFO - phi = [ 0.68378818 -0.07550517  0.07707642 -0.6977866 ]
2025-12-14 15:57:55,998 - INFO - num_full_subsets = 2
2025-12-14 15:57:56,091 - INFO - phi = [0.50656319 0.13692648 0.29962865 0.72096389]
2025-12-14 15:57:56,140 - INFO - num_full_subsets = 2
2025-12-14 15:57:56,230 - INFO - phi = [ 0.70058929  0.09376856  0.07573135 -0.63493203]
2025-12-14 15:57:56,276 - INFO - num_full_subsets = 2
2025-12-14 15:57:56,364 - INFO - phi = [-0.23170595  0.72460746 -0.15716019  0.56179774]
2025-12-14 15:57:56,412 - INFO - num_full_subsets = 2
2025-12-14 15:57:56,512 - INFO - phi = [-0.2475229  -0.42006649  0.34294954 -0.67186596]
2025-12-14 15:57:56,558 - INFO - num_full_subsets = 2
2025-12-14 15:57:56,655 - INFO - phi = [-0.31414496 -0.49935589  0.13485033  0.75556404]
2025-12-14 15:57:56,705 - INFO - num_full_subsets = 2
2025-12-14 15:57:56,795 - INFO - phi = [-0.32118867 -0.72800838 -0.06315442 -0.07229569]
2025-12-14 15:57:56,839 - INFO - num_full_subsets = 2
2025-12-14 15:57:56,929 - INFO - phi = [-0.31101108 -0.84198815  0.0692096  -0.23485306]
2025-12-14 15:57:56,973 - INFO - num_full_subsets = 2
2025-12-14 15:57:57,064 - INFO - phi = [-0.29874794 -0.35188615 -0.04337263 -0.6429849 ]
2025-12-14 15:57:57,110 - INFO - num_full_subsets = 2
2025-12-14 15:57:57,205 - INFO - phi = [-0.22001504 -0.20480328  0.16287614 -0.96221237]
2025-12-14 15:57:57,251 - INFO - num_full_subsets = 2
2025-12-14 15:57:57,342 - INFO - phi = [-0.21630933  0.63446494  0.15133122  1.00700231]
2025-12-14 15:57:57,387 - INFO - num_full_subsets = 2
2025-12-14 15:57:57,480 - INFO - phi = [ 0.09615659  0.22451611 -0.23364892  0.01384938]
2025-12-14 15:57:57,525 - INFO - num_full_subsets = 2
2025-12-14 15:57:57,612 - INFO - phi = [ 0.62565792 -0.03862695  0.17377649  0.15697047]
2025-12-14 15:57:57,656 - INFO - num_full_subsets = 2
2025-12-14 15:57:57,740 - INFO - phi = [-0.28357108 -0.41304887  0.04874918 -0.79766557]
2025-12-14 15:57:57,784 - INFO - num_full_subsets = 2
2025-12-14 15:57:57,876 - INFO - phi = [-0.30842068 -0.30867266  0.05775816 -0.35040129]
2025-12-14 15:57:57,921 - INFO - num_full_subsets = 2
2025-12-14 15:57:58,013 - INFO - phi = [-0.31045689 -0.54411074 -0.2653678   0.48383576]
2025-12-14 15:57:58,058 - INFO - num_full_subsets = 2
2025-12-14 15:57:58,148 - INFO - phi = [-0.23093184 -0.35524826  0.29132945 -0.83834625]
2025-12-14 15:57:58,197 - INFO - num_full_subsets = 2
2025-12-14 15:57:58,292 - INFO - phi = [-0.23087277 -0.12728332  0.32944625  0.60809862]
2025-12-14 15:57:58,340 - INFO - num_full_subsets = 2
2025-12-14 15:57:58,426 - INFO - phi = [-0.33425563 -0.74412344 -0.31448363  0.34148592]
2025-12-14 15:57:58,476 - INFO - num_full_subsets = 2
2025-12-14 15:57:58,567 - INFO - phi = [-0.29880953 -0.37555941 -0.2719188   0.00624207]
2025-12-14 15:57:58,614 - INFO - num_full_subsets = 2
2025-12-14 15:57:58,708 - INFO - phi = [-0.30374233 -0.5739779   0.21726204 -0.24389181]
2025-12-14 15:57:58,753 - INFO - num_full_subsets = 2
2025-12-14 15:57:58,843 - INFO - phi = [ 0.62092115  0.40459686  0.01865098 -0.74785196]
2025-12-14 15:57:58,889 - INFO - num_full_subsets = 2
2025-12-14 15:57:58,974 - INFO - phi = [ 0.5673342   0.31561595 -0.24721045  0.44376304]
2025-12-14 15:57:59,018 - INFO - num_full_subsets = 2
2025-12-14 15:57:59,105 - INFO - phi = [0.20393848 0.53676036 0.25992881 0.79341653]
2025-12-14 15:57:59,155 - INFO - num_full_subsets = 2
2025-12-14 15:57:59,244 - INFO - phi = [-0.32558264 -0.61987319 -0.04130679 -0.65429615]
2025-12-14 15:57:59,289 - INFO - num_full_subsets = 2
2025-12-14 15:57:59,379 - INFO - phi = [-0.19523414 -0.02422986 -0.27533221  0.36299429]
2025-12-14 15:57:59,425 - INFO - num_full_subsets = 2
2025-12-14 15:57:59,515 - INFO - phi = [ 0.40495962  0.04157985 -0.13383485  0.13479147]
2025-12-14 15:57:59,560 - INFO - num_full_subsets = 2
2025-12-14 15:57:59,651 - INFO - phi = [ 0.07561725 -0.35211114 -0.31551336  0.37774493]
2025-12-14 15:57:59,696 - INFO - num_full_subsets = 2
2025-12-14 15:57:59,789 - INFO - phi = [ 0.51176492  0.49266225  0.00921617 -0.21098463]
2025-12-14 15:57:59,835 - INFO - num_full_subsets = 2
2025-12-14 15:57:59,925 - INFO - phi = [-0.24318697  0.06333748  0.34258482  0.79059987]
2025-12-14 15:57:59,970 - INFO - num_full_subsets = 2
2025-12-14 15:58:00,055 - INFO - phi = [-0.26851788  0.13263863  0.00855378  0.71199403]
2025-12-14 15:58:00,100 - INFO - num_full_subsets = 2
2025-12-14 15:58:00,185 - INFO - phi = [0.58201042 0.3610107  0.15600895 0.07830202]
2025-12-14 15:58:00,231 - INFO - num_full_subsets = 2
2025-12-14 15:58:00,318 - INFO - phi = [-0.31557162 -0.56078901  0.00483593 -0.63786144]
2025-12-14 15:58:00,364 - INFO - num_full_subsets = 2
2025-12-14 15:58:00,454 - INFO - phi = [-0.29830336 -0.42077342 -0.27686872  0.64437767]
2025-12-14 15:58:00,500 - INFO - num_full_subsets = 2
2025-12-14 15:58:00,589 - INFO - phi = [-0.23427422 -0.00070221 -0.28128972  0.23564693]
2025-12-14 15:58:00,634 - INFO - num_full_subsets = 2
2025-12-14 15:58:00,720 - INFO - phi = [-0.3367839  -0.75728145 -0.18018916 -0.23500693]
2025-12-14 15:58:00,765 - INFO - num_full_subsets = 2
2025-12-14 15:58:00,850 - INFO - phi = [-0.20262565  0.1022927   0.22037359 -0.94362099]
2025-12-14 15:58:00,895 - INFO - num_full_subsets = 2
2025-12-14 15:58:00,983 - INFO - phi = [ 0.18852016 -0.35141273 -0.34187844  0.72311467]
2025-12-14 15:58:01,027 - INFO - num_full_subsets = 2
2025-12-14 15:58:01,122 - INFO - phi = [ 0.42888913 -0.13688254 -0.30718107  0.43567706]
2025-12-14 15:58:01,167 - INFO - num_full_subsets = 2
2025-12-14 15:58:01,256 - INFO - phi = [ 0.76272769 -0.09673778  0.09403496 -0.82692544]
2025-12-14 15:58:01,302 - INFO - num_full_subsets = 2
2025-12-14 15:58:01,390 - INFO - phi = [-0.26653496  0.15402525  0.04919543  0.61834956]
2025-12-14 15:58:01,435 - INFO - num_full_subsets = 2
2025-12-14 15:58:01,526 - INFO - phi = [ 0.72642186 -0.20460806 -0.15256866 -0.21773902]
2025-12-14 15:58:01,574 - INFO - num_full_subsets = 2
2025-12-14 15:58:01,661 - INFO - phi = [-0.2762689   0.65488953 -0.03627966 -0.22116719]
2025-12-14 15:58:01,711 - INFO - num_full_subsets = 2
2025-12-14 15:58:01,804 - INFO - phi = [-0.3330589  -0.79068163 -0.30679298  0.41760673]
2025-12-14 15:58:01,850 - INFO - num_full_subsets = 2
2025-12-14 15:58:01,943 - INFO - phi = [-0.13969744 -0.14572681 -0.2751239   0.13539004]
2025-12-14 15:58:01,988 - INFO - num_full_subsets = 2
2025-12-14 15:58:02,077 - INFO - phi = [ 0.79527178  0.08552014  0.06422144 -0.66472069]
2025-12-14 15:58:02,122 - INFO - num_full_subsets = 2
2025-12-14 15:58:02,211 - INFO - phi = [-0.22362935  0.40866462  0.29777841  0.9026645 ]
2025-12-14 15:58:02,255 - INFO - num_full_subsets = 2
2025-12-14 15:58:02,341 - INFO - phi = [-0.17288959  0.27817688 -0.11694601 -0.15957501]
2025-12-14 15:58:02,391 - INFO - num_full_subsets = 2
2025-12-14 15:58:02,476 - INFO - phi = [0.59110064 0.1257987  0.23954534 0.78551411]
2025-12-14 15:58:02,521 - INFO - num_full_subsets = 2
2025-12-14 15:58:02,612 - INFO - phi = [-0.11989552 -0.25907361 -0.0038304  -0.58248226]
2025-12-14 15:58:02,657 - INFO - num_full_subsets = 2
2025-12-14 15:58:02,749 - INFO - phi = [-0.095622    0.61867232 -0.21016425  0.29199347]
2025-12-14 15:58:02,794 - INFO - num_full_subsets = 2
2025-12-14 15:58:02,884 - INFO - phi = [-0.32512694 -0.54400583 -0.02301592 -0.62480104]
2025-12-14 15:58:02,933 - INFO - num_full_subsets = 2
2025-12-14 15:58:03,035 - INFO - phi = [-0.34220764 -0.85567749 -0.09459292  0.1189629 ]
2025-12-14 15:58:03,083 - INFO - num_full_subsets = 2
2025-12-14 15:58:03,173 - INFO - phi = [0.60580983 0.06078057 0.15968177 0.75354433]
2025-12-14 15:58:03,217 - INFO - num_full_subsets = 2
2025-12-14 15:58:03,309 - INFO - phi = [-0.26174722  0.77633077 -0.17024865  0.20534263]
2025-12-14 15:58:03,355 - INFO - num_full_subsets = 2
2025-12-14 15:58:03,446 - INFO - phi = [-0.27229611 -0.15878607 -0.28549112  0.30702185]
2025-12-14 15:58:03,491 - INFO - num_full_subsets = 2
2025-12-14 15:58:03,579 - INFO - phi = [ 0.36582082  0.97459266 -0.05974695 -0.35846664]
2025-12-14 15:58:03,623 - INFO - num_full_subsets = 2
2025-12-14 15:58:03,716 - INFO - phi = [-0.33435846 -0.77828551 -0.21527523 -0.1740123 ]
2025-12-14 15:58:03,761 - INFO - num_full_subsets = 2
2025-12-14 15:58:03,850 - INFO - phi = [-0.26615185  0.59848366  0.00531348  0.43713896]
2025-12-14 15:58:03,896 - INFO - num_full_subsets = 2
2025-12-14 15:58:03,983 - INFO - phi = [ 0.73609699  0.37463301 -0.01594088 -0.81263249]
2025-12-14 15:58:04,027 - INFO - num_full_subsets = 2
2025-12-14 15:58:04,115 - INFO - phi = [-0.27823276  0.21513847  0.03431298 -0.49872417]
2025-12-14 15:58:04,159 - INFO - num_full_subsets = 2
2025-12-14 15:58:04,251 - INFO - phi = [-0.24346201  0.49378056 -0.20133166  0.14588852]
2025-12-14 15:58:04,299 - INFO - num_full_subsets = 2
2025-12-14 15:58:04,394 - INFO - phi = [-0.32721508 -0.7508087  -0.29801939  0.53314162]
2025-12-14 15:58:04,440 - INFO - num_full_subsets = 2
2025-12-14 15:58:04,531 - INFO - phi = [-0.24977197  0.54972036 -0.18446613  0.1793487 ]
2025-12-14 15:58:04,577 - INFO - num_full_subsets = 2
2025-12-14 15:58:04,665 - INFO - phi = [ 0.79023613  0.21698031  0.01454546 -0.88422926]
2025-12-14 15:58:04,710 - INFO - num_full_subsets = 2
2025-12-14 15:58:04,800 - INFO - phi = [-0.29920013 -0.43683714  0.04285614 -0.50793742]
2025-12-14 15:58:04,845 - INFO - num_full_subsets = 2
2025-12-14 15:58:04,936 - INFO - phi = [0.4460566  0.37796374 0.23700895 0.65398819]
2025-12-14 15:58:04,988 - INFO - num_full_subsets = 2
2025-12-14 15:58:05,080 - INFO - phi = [-0.29404888 -0.64537228 -0.01992671 -0.49573236]
2025-12-14 15:58:05,126 - INFO - num_full_subsets = 2
2025-12-14 15:58:05,213 - INFO - phi = [ 0.70056832  0.21171552 -0.04233223 -0.624366  ]
2025-12-14 15:58:05,258 - INFO - num_full_subsets = 2
2025-12-14 15:58:05,349 - INFO - phi = [-0.25761347  0.26583818  0.19792969  0.58615744]
2025-12-14 15:58:05,393 - INFO - num_full_subsets = 2
2025-12-14 15:58:05,480 - INFO - phi = [0.55256899 0.28622036 0.0848487  0.60972689]
2025-12-14 15:58:05,525 - INFO - num_full_subsets = 2
2025-12-14 15:58:05,613 - INFO - phi = [-0.19875377  0.31766632  0.37689906  0.86371852]
2025-12-14 15:58:05,663 - INFO - num_full_subsets = 2
2025-12-14 15:58:05,755 - INFO - phi = [-0.29926925 -0.56795159  0.01549617 -0.43211535]
2025-12-14 15:58:05,801 - INFO - num_full_subsets = 2
2025-12-14 15:58:05,891 - INFO - phi = [ 0.74574878  0.12625629 -0.02089837 -0.47785819]
2025-12-14 15:58:05,936 - INFO - num_full_subsets = 2
2025-12-14 15:58:06,025 - INFO - phi = [-0.24678695  0.35762125 -0.23936833  0.51595556]
2025-12-14 15:58:06,069 - INFO - num_full_subsets = 2
2025-12-14 15:58:06,157 - INFO - phi = [-0.29758835  0.85901004 -0.20491432  0.28680048]
2025-12-14 15:58:06,202 - INFO - num_full_subsets = 2
2025-12-14 15:58:06,297 - INFO - phi = [-0.17288959  0.27817688 -0.11694601 -0.15957501]
2025-12-14 15:58:06,342 - INFO - num_full_subsets = 2
2025-12-14 15:58:06,434 - INFO - phi = [-0.28486637 -0.55386912 -0.03161864 -0.88647545]
2025-12-14 15:58:06,478 - INFO - num_full_subsets = 2
2025-12-14 15:58:06,569 - INFO - phi = [-0.25813087  0.65122252 -0.16558395  0.76747948]
2025-12-14 15:58:06,615 - INFO - num_full_subsets = 2
2025-12-14 15:58:06,705 - INFO - phi = [ 0.59910763  0.12522289 -0.12182798 -0.29445724]
2025-12-14 15:58:07,230 - INFO - Computing feature importance...
2025-12-14 15:58:14,800 - INFO - Experiment completed for CNN
2025-12-14 15:58:14,800 - INFO - Total time: 237.31s (3.96 min)
2025-12-14 15:58:14,800 - INFO - Starting comprehensive experiment for CNN
2025-12-14 15:58:22,529 - INFO - Performing feature analysis...
2025-12-14 15:58:23,705 - INFO - Model justification: Fast 1D Convolutional Neural Network - perfect for tabular features with local patterns
2025-12-14 15:58:23,705 - INFO - Performing robust cross-validation...
2025-12-14 15:58:43,716 - INFO - CV Results - MSE: 2.1515 ± 0.2073
2025-12-14 15:58:43,716 - INFO - Starting hyperparameter optimization...
2025-12-14 16:03:05,742 - INFO - Best parameters for CNN: {'filters': 50, 'kernel_size': 3, 'dense_units': 39, 'lr': 0.0013344147398570854, 'epochs': 88}
2025-12-14 16:03:05,742 - INFO - ⏱️ HPO took 262.03 seconds
2025-12-14 16:03:05,742 - INFO - Training final model...
2025-12-14 16:03:09,990 - INFO - ⏱️ Training took 4.25 seconds
2025-12-14 16:03:09,990 - INFO - Performing residual analysis...
2025-12-14 16:03:11,488 - INFO - Generating XAI explanations...
2025-12-14 16:03:11,529 - WARNING - Using 168 background data samples could cause slower run times. Consider using shap.sample(data, K) or shap.kmeans(data, K) to summarize the background as K samples.
2025-12-14 16:03:11,580 - INFO - num_full_subsets = 2
2025-12-14 16:03:11,679 - INFO - phi = [-0.18446456  0.6987364   0.18232595 -0.04824918]
2025-12-14 16:03:11,731 - INFO - num_full_subsets = 2
2025-12-14 16:03:11,832 - INFO - phi = [-0.11079589  0.77414236  0.50201969  0.70140795]
2025-12-14 16:03:11,883 - INFO - num_full_subsets = 2
2025-12-14 16:03:11,986 - INFO - phi = [-0.20740904  0.36203816  0.08755265  0.45814636]
2025-12-14 16:03:12,037 - INFO - num_full_subsets = 2
2025-12-14 16:03:12,136 - INFO - phi = [-0.27181168 -1.07725371  0.0396188  -0.39818009]
2025-12-14 16:03:12,187 - INFO - num_full_subsets = 2
2025-12-14 16:03:12,287 - INFO - phi = [ 0.40649173 -0.14328164 -0.57256663  0.22840107]
2025-12-14 16:03:12,338 - INFO - num_full_subsets = 2
2025-12-14 16:03:12,431 - INFO - phi = [ 0.42364812  0.40415959  0.05037606 -1.1501161 ]
2025-12-14 16:03:12,484 - INFO - num_full_subsets = 2
2025-12-14 16:03:12,586 - INFO - phi = [-0.06798194  0.75857611 -0.31330134  0.07309229]
2025-12-14 16:03:12,638 - INFO - num_full_subsets = 2
2025-12-14 16:03:12,735 - INFO - phi = [-0.07598514 -0.05497169  0.29099395  0.50363249]
2025-12-14 16:03:12,787 - INFO - num_full_subsets = 2
2025-12-14 16:03:12,885 - INFO - phi = [-0.18949904 -0.40134094 -0.30207052 -0.22312469]
2025-12-14 16:03:12,936 - INFO - num_full_subsets = 2
2025-12-14 16:03:13,035 - INFO - phi = [-0.03083605  0.72122302 -0.45704777  0.49046292]
2025-12-14 16:03:13,086 - INFO - num_full_subsets = 2
2025-12-14 16:03:13,186 - INFO - phi = [-0.13149378  0.68440598  0.44265969  0.21507715]
2025-12-14 16:03:13,250 - INFO - num_full_subsets = 2
2025-12-14 16:03:13,353 - INFO - phi = [0.48755848 0.50141015 0.38935897 0.60017375]
2025-12-14 16:03:13,410 - INFO - num_full_subsets = 2
2025-12-14 16:03:13,511 - INFO - phi = [0.54261504 0.64331657 0.21620039 0.37218434]
2025-12-14 16:03:13,563 - INFO - num_full_subsets = 2
2025-12-14 16:03:13,663 - INFO - phi = [ 0.40594397  0.16413551  0.15608212 -1.04367169]
2025-12-14 16:03:13,715 - INFO - num_full_subsets = 2
2025-12-14 16:03:13,810 - INFO - phi = [-0.18553376 -0.62111751 -0.34285513 -0.0190542 ]
2025-12-14 16:03:13,861 - INFO - num_full_subsets = 2
2025-12-14 16:03:13,966 - INFO - phi = [-0.12542213  0.09274188  0.35900409 -0.98180681]
2025-12-14 16:03:14,021 - INFO - num_full_subsets = 2
2025-12-14 16:03:14,125 - INFO - phi = [ 0.43675801  0.43405915 -0.32948421  0.500253  ]
2025-12-14 16:03:14,182 - INFO - num_full_subsets = 2
2025-12-14 16:03:14,281 - INFO - phi = [-0.23912448 -0.87426686 -0.17585452 -0.46101422]
2025-12-14 16:03:14,332 - INFO - num_full_subsets = 2
2025-12-14 16:03:14,428 - INFO - phi = [-0.19771157 -0.89007737 -0.22123741 -0.47370933]
2025-12-14 16:03:14,478 - INFO - num_full_subsets = 2
2025-12-14 16:03:14,567 - INFO - phi = [0.07600067 0.74273029 0.54908797 0.53999751]
2025-12-14 16:03:14,618 - INFO - num_full_subsets = 2
2025-12-14 16:03:14,716 - INFO - phi = [-0.20196227 -0.89770733 -0.40568636  0.21306578]
2025-12-14 16:03:14,766 - INFO - num_full_subsets = 2
2025-12-14 16:03:14,866 - INFO - phi = [0.63775392 0.4151864  0.52412774 0.43352824]
2025-12-14 16:03:14,918 - INFO - num_full_subsets = 2
2025-12-14 16:03:15,020 - INFO - phi = [-0.22523916 -0.6689228   0.39812861  0.48701352]
2025-12-14 16:03:15,070 - INFO - num_full_subsets = 2
2025-12-14 16:03:15,160 - INFO - phi = [ 0.52997819  0.60386221 -0.05627279  0.41318702]
2025-12-14 16:03:15,211 - INFO - num_full_subsets = 2
2025-12-14 16:03:15,300 - INFO - phi = [-0.18123725 -0.88230224 -0.16457457 -0.12733438]
2025-12-14 16:03:15,358 - INFO - num_full_subsets = 2
2025-12-14 16:03:15,453 - INFO - phi = [ 0.18453905  0.49153874 -0.11843145 -0.23748282]
2025-12-14 16:03:15,504 - INFO - num_full_subsets = 2
2025-12-14 16:03:15,601 - INFO - phi = [-0.15821644 -0.6383562   0.00304742 -0.1637139 ]
2025-12-14 16:03:15,652 - INFO - num_full_subsets = 2
2025-12-14 16:03:15,752 - INFO - phi = [ 0.35477716  0.21178517  0.24161217 -0.94530355]
2025-12-14 16:03:15,805 - INFO - num_full_subsets = 2
2025-12-14 16:03:15,901 - INFO - phi = [-0.09038282  0.72501922  0.33427457  0.25661396]
2025-12-14 16:03:15,952 - INFO - num_full_subsets = 2
2025-12-14 16:03:16,050 - INFO - phi = [-0.15837166  0.61297663 -0.39678316  0.37665174]
2025-12-14 16:03:16,109 - INFO - num_full_subsets = 2
2025-12-14 16:03:16,206 - INFO - phi = [ 0.21795225  0.12567908 -0.33273345 -0.49604246]
2025-12-14 16:03:16,256 - INFO - num_full_subsets = 2
2025-12-14 16:03:16,353 - INFO - phi = [-0.19977533 -0.72300106 -0.3194881  -0.13932596]
2025-12-14 16:03:16,406 - INFO - num_full_subsets = 2
2025-12-14 16:03:16,503 - INFO - phi = [-0.20027961 -0.53331772 -0.26117026 -0.45077806]
2025-12-14 16:03:16,555 - INFO - num_full_subsets = 2
2025-12-14 16:03:16,656 - INFO - phi = [-0.14065873  0.396337   -0.31507773  0.07243312]
2025-12-14 16:03:16,706 - INFO - num_full_subsets = 2
2025-12-14 16:03:16,811 - INFO - phi = [-0.16971965 -0.48693294 -0.46942523  0.36529632]
2025-12-14 16:03:16,862 - INFO - num_full_subsets = 2
2025-12-14 16:03:16,964 - INFO - phi = [-0.22062195 -0.75912685 -0.03802761 -0.75059932]
2025-12-14 16:03:17,015 - INFO - num_full_subsets = 2
2025-12-14 16:03:17,115 - INFO - phi = [-0.14046332 -0.28558595 -0.41270028  0.08451645]
2025-12-14 16:03:17,165 - INFO - num_full_subsets = 2
2025-12-14 16:03:17,265 - INFO - phi = [-0.18251971  0.74354159  0.13189692 -0.51671076]
2025-12-14 16:03:17,320 - INFO - num_full_subsets = 2
2025-12-14 16:03:17,417 - INFO - phi = [-0.21067991 -0.84970374 -0.4242545   0.19943544]
2025-12-14 16:03:17,469 - INFO - num_full_subsets = 2
2025-12-14 16:03:17,575 - INFO - phi = [ 0.39545841  0.31555391  0.21330938 -0.77027156]
2025-12-14 16:03:17,627 - INFO - num_full_subsets = 2
2025-12-14 16:03:17,729 - INFO - phi = [-0.17282774  0.75710585  0.07222334  0.08385788]
2025-12-14 16:03:17,786 - INFO - num_full_subsets = 2
2025-12-14 16:03:17,888 - INFO - phi = [-0.20108168 -0.85424939 -0.27551222 -0.15817751]
2025-12-14 16:03:17,939 - INFO - num_full_subsets = 2
2025-12-14 16:03:18,037 - INFO - phi = [-0.149498   -0.30476356 -0.491599    0.45561667]
2025-12-14 16:03:18,088 - INFO - num_full_subsets = 2
2025-12-14 16:03:18,178 - INFO - phi = [-0.21237153 -0.81370481 -0.28316641 -0.25360663]
2025-12-14 16:03:18,231 - INFO - num_full_subsets = 2
2025-12-14 16:03:18,337 - INFO - phi = [-0.14894693  0.68066137  0.40983754  0.34438059]
2025-12-14 16:03:18,388 - INFO - num_full_subsets = 2
2025-12-14 16:03:18,486 - INFO - phi = [ 0.13015003  0.33386986 -0.51605456  0.29672297]
2025-12-14 16:03:18,536 - INFO - num_full_subsets = 2
2025-12-14 16:03:18,630 - INFO - phi = [ 0.37024735 -0.17560299 -0.41984672  0.57834607]
2025-12-14 16:03:18,684 - INFO - num_full_subsets = 2
2025-12-14 16:03:18,777 - INFO - phi = [-0.04863039 -0.14493402 -0.50420739  0.50936656]
2025-12-14 16:03:18,829 - INFO - num_full_subsets = 2
2025-12-14 16:03:18,924 - INFO - phi = [ 0.47829925  0.73034104 -0.13143067  0.0468372 ]
2025-12-14 16:03:18,983 - INFO - num_full_subsets = 2
2025-12-14 16:03:19,074 - INFO - phi = [-0.29076671 -0.91236715  0.25567337  0.06156097]
2025-12-14 16:03:19,126 - INFO - num_full_subsets = 2
2025-12-14 16:03:19,221 - INFO - phi = [0.29765102 0.56457899 0.38394592 0.20829855]
2025-12-14 16:03:19,272 - INFO - num_full_subsets = 2
2025-12-14 16:03:19,363 - INFO - phi = [ 0.13821274  0.64468702 -0.21418006 -0.13875012]
2025-12-14 16:03:19,413 - INFO - num_full_subsets = 2
2025-12-14 16:03:19,502 - INFO - phi = [0.50739532 0.18022308 0.47059015 0.31560693]
2025-12-14 16:03:19,552 - INFO - num_full_subsets = 2
2025-12-14 16:03:19,640 - INFO - phi = [-0.14363226 -0.21289992 -0.45539052  0.22116106]
2025-12-14 16:03:19,699 - INFO - num_full_subsets = 2
2025-12-14 16:03:19,793 - INFO - phi = [-0.10653404  0.1293379  -0.44832927  0.25911118]
2025-12-14 16:03:19,843 - INFO - num_full_subsets = 2
2025-12-14 16:03:19,940 - INFO - phi = [-0.09866883  0.52464208 -0.40776709  0.04250025]
2025-12-14 16:03:19,990 - INFO - num_full_subsets = 2
2025-12-14 16:03:20,087 - INFO - phi = [-0.11934431  0.55341667 -0.31219925  0.00668556]
2025-12-14 16:03:20,136 - INFO - num_full_subsets = 2
2025-12-14 16:03:20,235 - INFO - phi = [-0.25342547 -0.72392861 -0.04545277 -0.78753734]
2025-12-14 16:03:20,285 - INFO - num_full_subsets = 2
2025-12-14 16:03:20,389 - INFO - phi = [-0.27664185 -0.65313453  0.12115045 -0.71083018]
2025-12-14 16:03:20,440 - INFO - num_full_subsets = 2
2025-12-14 16:03:20,538 - INFO - phi = [0.54729799 0.09287622 0.53006676 0.71343368]
2025-12-14 16:03:20,587 - INFO - num_full_subsets = 2
2025-12-14 16:03:20,681 - INFO - phi = [-0.27664185 -0.65313453  0.12115045 -0.71083018]
2025-12-14 16:03:20,730 - INFO - num_full_subsets = 2
2025-12-14 16:03:20,822 - INFO - phi = [0.50726941 0.52190851 0.35884162 0.49022393]
2025-12-14 16:03:20,871 - INFO - num_full_subsets = 2
2025-12-14 16:03:20,964 - INFO - phi = [-0.14015324  0.10742179  0.24968723 -0.14812169]
2025-12-14 16:03:21,012 - INFO - num_full_subsets = 2
2025-12-14 16:03:21,112 - INFO - phi = [ 0.13950632  0.48186872 -0.37616237 -0.2779592 ]
2025-12-14 16:03:21,161 - INFO - num_full_subsets = 2
2025-12-14 16:03:21,255 - INFO - phi = [-0.22262104 -1.07160618 -0.34884293  0.05812356]
2025-12-14 16:03:21,305 - INFO - num_full_subsets = 2
2025-12-14 16:03:21,400 - INFO - phi = [-0.17852895 -0.55016051 -0.25161926 -0.19207839]
2025-12-14 16:03:21,449 - INFO - num_full_subsets = 2
2025-12-14 16:03:21,543 - INFO - phi = [0.27648969 0.54465335 0.29096593 0.3767984 ]
2025-12-14 16:03:21,591 - INFO - num_full_subsets = 2
2025-12-14 16:03:21,684 - INFO - phi = [ 0.22708874  0.55530087 -0.48661609  0.01614024]
2025-12-14 16:03:21,731 - INFO - num_full_subsets = 2
2025-12-14 16:03:21,835 - INFO - phi = [-0.26794416 -0.46311764  0.15398964 -0.50940008]
2025-12-14 16:03:21,883 - INFO - num_full_subsets = 2
2025-12-14 16:03:21,971 - INFO - phi = [-0.18239983 -0.480974    0.3766633  -0.8519742 ]
2025-12-14 16:03:22,020 - INFO - num_full_subsets = 2
2025-12-14 16:03:22,112 - INFO - phi = [-0.11064403  0.65246548  0.60613336  0.5695769 ]
2025-12-14 16:03:22,161 - INFO - num_full_subsets = 2
2025-12-14 16:03:22,254 - INFO - phi = [-0.08037268  0.73715475  0.65172059  0.82284454]
2025-12-14 16:03:22,302 - INFO - num_full_subsets = 2
2025-12-14 16:03:22,393 - INFO - phi = [ 0.3933877   0.46651631  0.17558306 -0.92181311]
2025-12-14 16:03:22,448 - INFO - num_full_subsets = 2
2025-12-14 16:03:22,544 - INFO - phi = [0.3759868  0.48075937 0.42806128 0.33874157]
2025-12-14 16:03:22,593 - INFO - num_full_subsets = 2
2025-12-14 16:03:22,686 - INFO - phi = [-0.15837166  0.61297663 -0.39678316  0.37665174]
2025-12-14 16:03:22,735 - INFO - num_full_subsets = 2
2025-12-14 16:03:22,823 - INFO - phi = [ 0.4383169  -0.17939841 -0.59344093  0.24217771]
2025-12-14 16:03:22,872 - INFO - num_full_subsets = 2
2025-12-14 16:03:22,967 - INFO - phi = [0.38822566 0.12116713 0.42465514 0.67516879]
2025-12-14 16:03:23,016 - INFO - num_full_subsets = 2
2025-12-14 16:03:23,105 - INFO - phi = [-0.02748366  0.77699898 -0.42088921  0.24675568]
2025-12-14 16:03:23,167 - INFO - num_full_subsets = 2
2025-12-14 16:03:23,263 - INFO - phi = [-0.12346049  0.81725554 -0.3029882   0.30191288]
2025-12-14 16:03:23,315 - INFO - num_full_subsets = 2
2025-12-14 16:03:23,406 - INFO - phi = [-0.24574492 -0.48357014  0.36723097  0.71282145]
2025-12-14 16:03:23,455 - INFO - num_full_subsets = 2
2025-12-14 16:03:23,544 - INFO - phi = [ 0.1451352   0.4699122  -0.25783287 -0.51927237]
2025-12-14 16:03:23,592 - INFO - num_full_subsets = 2
2025-12-14 16:03:23,682 - INFO - phi = [-0.27666831 -0.95054451  0.07462206 -0.50650487]
2025-12-14 16:03:23,731 - INFO - num_full_subsets = 2
2025-12-14 16:03:23,826 - INFO - phi = [0.45816337 0.10142896 0.32330644 0.50747639]
2025-12-14 16:03:23,876 - INFO - num_full_subsets = 2
2025-12-14 16:03:23,966 - INFO - phi = [ 0.14211257  0.37543033 -0.31115755 -0.45344514]
2025-12-14 16:03:24,014 - INFO - num_full_subsets = 2
2025-12-14 16:03:24,103 - INFO - phi = [-0.26466747 -0.91488142  0.25640359  0.23997452]
2025-12-14 16:03:24,151 - INFO - num_full_subsets = 2
2025-12-14 16:03:24,242 - INFO - phi = [-0.15860412  0.53956443  0.31894265  0.34808453]
2025-12-14 16:03:24,289 - INFO - num_full_subsets = 2
2025-12-14 16:03:24,373 - INFO - phi = [ 0.28131402  0.55295997 -0.52371243  0.3161906 ]
2025-12-14 16:03:24,421 - INFO - num_full_subsets = 2
2025-12-14 16:03:24,518 - INFO - phi = [-0.20629795 -0.55292123  0.42644312 -0.60097502]
2025-12-14 16:03:24,566 - INFO - num_full_subsets = 2
2025-12-14 16:03:24,656 - INFO - phi = [-0.24020532 -0.76523744  0.31743964 -0.32893386]
2025-12-14 16:03:24,703 - INFO - num_full_subsets = 2
2025-12-14 16:03:24,794 - INFO - phi = [ 0.38686062  0.08612961 -0.3440946  -0.17670902]
2025-12-14 16:03:24,842 - INFO - num_full_subsets = 2
2025-12-14 16:03:24,935 - INFO - phi = [-0.2201827   0.04981106  0.35573506  0.31890621]
2025-12-14 16:03:24,982 - INFO - num_full_subsets = 2
2025-12-14 16:03:25,068 - INFO - phi = [-0.20554606 -0.50717202  0.38486589 -0.57903102]
2025-12-14 16:03:25,115 - INFO - num_full_subsets = 2
2025-12-14 16:03:25,207 - INFO - phi = [-0.18553376 -0.62111751 -0.34285513 -0.0190542 ]
2025-12-14 16:03:25,254 - INFO - num_full_subsets = 2
2025-12-14 16:03:25,340 - INFO - phi = [0.04049436 0.76965974 0.31378768 0.28687825]
2025-12-14 16:03:25,387 - INFO - num_full_subsets = 2
2025-12-14 16:03:25,477 - INFO - phi = [-0.22377854 -0.28748823  0.19993441 -0.88983687]
2025-12-14 16:03:25,524 - INFO - num_full_subsets = 2
2025-12-14 16:03:25,610 - INFO - phi = [ 0.4542547  -0.36719009 -0.34507013 -0.14803869]
2025-12-14 16:03:25,656 - INFO - num_full_subsets = 2
2025-12-14 16:03:25,742 - INFO - phi = [-0.25407096 -0.95501127 -0.01676368 -0.66272485]
2025-12-14 16:03:25,796 - INFO - num_full_subsets = 2
2025-12-14 16:03:25,886 - INFO - phi = [0.50645007 0.27172383 0.42550728 0.56326564]
2025-12-14 16:03:25,934 - INFO - num_full_subsets = 2
2025-12-14 16:03:26,030 - INFO - phi = [-0.21216358 -0.01406142  0.37419523  0.51853943]
2025-12-14 16:03:26,081 - INFO - num_full_subsets = 2
2025-12-14 16:03:26,175 - INFO - phi = [-0.14835292 -0.10171128  0.25174628 -0.97369624]
2025-12-14 16:03:26,222 - INFO - num_full_subsets = 2
2025-12-14 16:03:26,307 - INFO - phi = [-0.26129282 -0.68650721  0.35642393  0.45556408]
2025-12-14 16:03:26,354 - INFO - num_full_subsets = 2
2025-12-14 16:03:26,447 - INFO - phi = [0.4407485  0.54986915 0.29654556 0.30797345]
2025-12-14 16:03:26,500 - INFO - num_full_subsets = 2
2025-12-14 16:03:26,589 - INFO - phi = [-0.10559622  0.74870309  0.58713688  0.72897859]
2025-12-14 16:03:26,635 - INFO - num_full_subsets = 2
2025-12-14 16:03:26,726 - INFO - phi = [ 0.18725156  0.31156117 -0.20653559 -0.57373954]
2025-12-14 16:03:26,773 - INFO - num_full_subsets = 2
2025-12-14 16:03:26,865 - INFO - phi = [-0.15880477 -0.31388559 -0.30885883 -0.09305381]
2025-12-14 16:03:26,911 - INFO - num_full_subsets = 2
2025-12-14 16:03:27,005 - INFO - phi = [0.35462396 0.28590918 0.3930803  0.34793833]
2025-12-14 16:03:27,052 - INFO - num_full_subsets = 2
2025-12-14 16:03:27,151 - INFO - phi = [-0.22984636 -0.24562859  0.19978927  0.60160463]
2025-12-14 16:03:27,199 - INFO - num_full_subsets = 2
2025-12-14 16:03:27,287 - INFO - phi = [ 0.48575419 -0.03325338 -0.49349936  0.02413523]
2025-12-14 16:03:27,335 - INFO - num_full_subsets = 2
2025-12-14 16:03:27,427 - INFO - phi = [-0.27786395 -0.89091119  0.16435101  0.03127939]
2025-12-14 16:03:27,474 - INFO - num_full_subsets = 2
2025-12-14 16:03:27,570 - INFO - phi = [-0.19430792 -0.0319141   0.23997391 -0.08592737]
2025-12-14 16:03:27,618 - INFO - num_full_subsets = 2
2025-12-14 16:03:27,712 - INFO - phi = [-0.18392811 -0.92200903 -0.134542   -0.26482445]
2025-12-14 16:03:27,759 - INFO - num_full_subsets = 2
2025-12-14 16:03:27,860 - INFO - phi = [-0.11205098  0.48368138  0.0976858   0.51402051]
2025-12-14 16:03:27,907 - INFO - num_full_subsets = 2
2025-12-14 16:03:28,003 - INFO - phi = [0.31725746 0.31091517 0.39977184 0.93815292]
2025-12-14 16:03:28,049 - INFO - num_full_subsets = 2
2025-12-14 16:03:28,142 - INFO - phi = [-0.09327997  0.30078571 -0.36867982  0.11655717]
2025-12-14 16:03:28,188 - INFO - num_full_subsets = 2
2025-12-14 16:03:28,282 - INFO - phi = [-0.10616645  0.48105797 -0.34536908 -0.08412027]
2025-12-14 16:03:28,329 - INFO - num_full_subsets = 2
2025-12-14 16:03:28,418 - INFO - phi = [-0.22062195 -0.75912685 -0.03802761 -0.75059932]
2025-12-14 16:03:28,464 - INFO - num_full_subsets = 2
2025-12-14 16:03:28,561 - INFO - phi = [-0.25836005 -0.58788872  0.33457477  0.38080631]
2025-12-14 16:03:28,608 - INFO - num_full_subsets = 2
2025-12-14 16:03:28,693 - INFO - phi = [ 0.49380417 -0.0535842   0.34522845 -0.86924655]
2025-12-14 16:03:28,740 - INFO - num_full_subsets = 2
2025-12-14 16:03:28,833 - INFO - phi = [-0.2326468  -0.54108965  0.12406562 -0.88274883]
2025-12-14 16:03:28,881 - INFO - num_full_subsets = 2
2025-12-14 16:03:28,975 - INFO - phi = [-0.17927123 -0.14613787  0.24635568 -0.24534936]
2025-12-14 16:03:29,025 - INFO - num_full_subsets = 2
2025-12-14 16:03:29,116 - INFO - phi = [-0.25598209 -0.07610813  0.11719021 -0.77441857]
2025-12-14 16:03:29,174 - INFO - num_full_subsets = 2
2025-12-14 16:03:29,268 - INFO - phi = [ 0.49347296  0.04646817 -0.37771226  0.50983355]
2025-12-14 16:03:29,316 - INFO - num_full_subsets = 2
2025-12-14 16:03:29,411 - INFO - phi = [-0.22309659 -0.73091969 -0.01966773  0.31780502]
2025-12-14 16:03:29,458 - INFO - num_full_subsets = 2
2025-12-14 16:03:29,550 - INFO - phi = [ 0.34209849  0.28319521  0.24865999 -1.08014783]
2025-12-14 16:03:29,597 - INFO - num_full_subsets = 2
2025-12-14 16:03:29,690 - INFO - phi = [-0.15713625  0.66089971  0.28049059  0.84942633]
2025-12-14 16:03:29,738 - INFO - num_full_subsets = 2
2025-12-14 16:03:29,828 - INFO - phi = [-0.12359349  0.81178518 -0.28234131  0.34921199]
2025-12-14 16:03:29,881 - INFO - num_full_subsets = 2
2025-12-14 16:03:29,973 - INFO - phi = [-0.27860838 -0.73845061  0.15208642 -0.40627097]
2025-12-14 16:03:30,021 - INFO - num_full_subsets = 2
2025-12-14 16:03:30,113 - INFO - phi = [-0.20254762 -0.68541612  0.43178338  0.41792326]
2025-12-14 16:03:30,160 - INFO - num_full_subsets = 2
2025-12-14 16:03:30,252 - INFO - phi = [-0.24314075 -0.98849754  0.37055854  0.23799356]
2025-12-14 16:03:30,299 - INFO - num_full_subsets = 2
2025-12-14 16:03:30,391 - INFO - phi = [-0.15811742 -0.61038728 -0.05054522 -0.1270467 ]
2025-12-14 16:03:30,439 - INFO - num_full_subsets = 2
2025-12-14 16:03:30,538 - INFO - phi = [-0.20278858  0.4417998  -0.54304236  0.44790749]
2025-12-14 16:03:30,586 - INFO - num_full_subsets = 2
2025-12-14 16:03:30,681 - INFO - phi = [0.29249884 0.47757841 0.34648175 0.33338981]
2025-12-14 16:03:30,728 - INFO - num_full_subsets = 2
2025-12-14 16:03:30,818 - INFO - phi = [-0.14354701  0.04528014  0.19865777 -1.03436991]
2025-12-14 16:03:30,865 - INFO - num_full_subsets = 2
2025-12-14 16:03:30,957 - INFO - phi = [0.5391609  0.52738415 0.29121916 0.45685583]
2025-12-14 16:03:31,003 - INFO - num_full_subsets = 2
2025-12-14 16:03:31,091 - INFO - phi = [-0.21802742 -0.76099416 -0.15138693 -0.66591894]
2025-12-14 16:03:31,138 - INFO - num_full_subsets = 2
2025-12-14 16:03:31,233 - INFO - phi = [ 0.01645754  0.53669549 -0.39824442  0.31336792]
2025-12-14 16:03:31,281 - INFO - num_full_subsets = 2
2025-12-14 16:03:31,377 - INFO - phi = [-0.17852976 -0.2243323   0.33456152 -0.47911158]
2025-12-14 16:03:31,428 - INFO - num_full_subsets = 2
2025-12-14 16:03:31,522 - INFO - phi = [-0.18927976 -0.83724623 -0.21475716 -0.29545261]
2025-12-14 16:03:31,569 - INFO - num_full_subsets = 2
2025-12-14 16:03:31,660 - INFO - phi = [ 0.64008251  0.70430267 -0.17001308 -0.05457484]
2025-12-14 16:03:31,706 - INFO - num_full_subsets = 2
2025-12-14 16:03:31,798 - INFO - phi = [-0.12668361  0.47497164  0.22877678  0.01145265]
2025-12-14 16:03:31,848 - INFO - num_full_subsets = 2
2025-12-14 16:03:31,945 - INFO - phi = [-0.23739209 -0.99230124 -0.20390154 -0.29300241]
2025-12-14 16:03:31,992 - INFO - num_full_subsets = 2
2025-12-14 16:03:32,085 - INFO - phi = [-0.04675432  0.79083455 -0.30928941  0.23943334]
2025-12-14 16:03:32,134 - INFO - num_full_subsets = 2
2025-12-14 16:03:32,232 - INFO - phi = [ 0.39819556  0.06275438  0.13813078 -1.17181195]
2025-12-14 16:03:32,280 - INFO - num_full_subsets = 2
2025-12-14 16:03:32,372 - INFO - phi = [-0.2308655  -0.6312311   0.03411547 -0.95179731]
2025-12-14 16:03:32,421 - INFO - num_full_subsets = 2
2025-12-14 16:03:32,515 - INFO - phi = [-0.18287944  0.62267597 -0.28674081 -0.09579661]
2025-12-14 16:03:32,571 - INFO - num_full_subsets = 2
2025-12-14 16:03:32,666 - INFO - phi = [-0.24181018 -1.0095161  -0.14730807 -0.41713386]
2025-12-14 16:03:32,712 - INFO - num_full_subsets = 2
2025-12-14 16:03:32,807 - INFO - phi = [-0.0976413   0.80760431 -0.25005171  0.42337472]
2025-12-14 16:03:32,854 - INFO - num_full_subsets = 2
2025-12-14 16:03:32,945 - INFO - phi = [-0.22092376  0.29353667  0.16273934 -0.33273787]
2025-12-14 16:03:32,990 - INFO - num_full_subsets = 2
2025-12-14 16:03:33,083 - INFO - phi = [-0.08107747  0.67157122 -0.50289506  0.37267127]
2025-12-14 16:03:33,129 - INFO - num_full_subsets = 2
2025-12-14 16:03:33,217 - INFO - phi = [-0.2009807  -0.98852991 -0.26004423 -0.26104015]
2025-12-14 16:03:33,271 - INFO - num_full_subsets = 2
2025-12-14 16:03:33,366 - INFO - phi = [-0.21699631 -0.89707896 -0.39202274  0.29310095]
2025-12-14 16:03:33,412 - INFO - num_full_subsets = 2
2025-12-14 16:03:33,503 - INFO - phi = [-0.04753073  0.44920718 -0.34934014  0.40837568]
2025-12-14 16:03:33,549 - INFO - num_full_subsets = 2
2025-12-14 16:03:33,637 - INFO - phi = [-0.24853891 -1.00958602 -0.16988826 -0.30340992]
2025-12-14 16:03:33,683 - INFO - num_full_subsets = 2
2025-12-14 16:03:33,773 - INFO - phi = [-0.2646994  -0.64416014  0.097707   -0.78769172]
2025-12-14 16:03:33,819 - INFO - num_full_subsets = 2
2025-12-14 16:03:33,916 - INFO - phi = [-0.10922094  0.23178153  0.36430016  0.44595031]
2025-12-14 16:03:33,964 - INFO - num_full_subsets = 2
2025-12-14 16:03:34,054 - INFO - phi = [-0.25663344 -0.671661    0.31649278  0.4130469 ]
2025-12-14 16:03:34,101 - INFO - num_full_subsets = 2
2025-12-14 16:03:34,195 - INFO - phi = [-0.03730085  0.78658312 -0.30026469  0.01860092]
2025-12-14 16:03:34,245 - INFO - num_full_subsets = 2
2025-12-14 16:03:34,342 - INFO - phi = [-0.11836542  0.62583714 -0.51480868  0.44430031]
2025-12-14 16:03:34,388 - INFO - num_full_subsets = 2
2025-12-14 16:03:34,480 - INFO - phi = [-0.0899551   0.47026683 -0.34089945  0.688787  ]
2025-12-14 16:03:34,528 - INFO - num_full_subsets = 2
2025-12-14 16:03:34,628 - INFO - phi = [-0.27375507 -0.68136266  0.03137372 -0.83184174]
2025-12-14 16:03:34,676 - INFO - num_full_subsets = 2
2025-12-14 16:03:34,765 - INFO - phi = [ 0.71048684 -0.19066001  0.39856718  0.57168638]
2025-12-14 16:03:34,812 - INFO - num_full_subsets = 2
2025-12-14 16:03:34,904 - INFO - phi = [0.43409059 0.44532513 0.37203158 0.65065186]
2025-12-14 16:03:34,951 - INFO - num_full_subsets = 2
2025-12-14 16:03:35,040 - INFO - phi = [0.50726941 0.52190851 0.35884162 0.49022393]
2025-12-14 16:03:35,085 - INFO - num_full_subsets = 2
2025-12-14 16:03:35,169 - INFO - phi = [ 0.28734614  0.45667633 -0.56358716  0.26016368]
2025-12-14 16:03:35,215 - INFO - num_full_subsets = 2
2025-12-14 16:03:35,310 - INFO - phi = [ 0.46047132 -0.44491007 -0.26916775 -0.65111974]
2025-12-14 16:03:35,357 - INFO - num_full_subsets = 2
2025-12-14 16:03:35,442 - INFO - phi = [-0.06671759  0.60688531  0.35956026  0.60427081]
2025-12-14 16:03:35,488 - INFO - num_full_subsets = 2
2025-12-14 16:03:35,575 - INFO - phi = [-0.09819     0.79122477  0.41580324  0.18610106]
2025-12-14 16:03:35,621 - INFO - num_full_subsets = 2
2025-12-14 16:03:35,715 - INFO - phi = [-0.11650526  0.50195662 -0.20144808  0.5218688 ]
2025-12-14 16:03:36,243 - INFO - Computing feature importance...
2025-12-14 16:03:44,078 - INFO - Experiment completed for CNN
2025-12-14 16:03:44,078 - INFO - Total time: 328.88s (5.48 min)
2025-12-14 16:03:44,078 - INFO - Starting comprehensive experiment for CNN
2025-12-14 16:03:54,364 - INFO - Performing feature analysis...
2025-12-14 16:03:55,549 - INFO - Model justification: Fast 1D Convolutional Neural Network - perfect for tabular features with local patterns
2025-12-14 16:03:55,549 - INFO - Performing robust cross-validation...
2025-12-14 16:04:14,463 - INFO - CV Results - MSE: 2.2174 ± 0.3813
2025-12-14 16:04:14,463 - INFO - Starting hyperparameter optimization...
2025-12-14 16:08:03,624 - INFO - Best parameters for CNN: {'filters': 51, 'kernel_size': 3, 'dense_units': 54, 'lr': 0.0017142934743312255, 'epochs': 98}
2025-12-14 16:08:03,624 - INFO - ⏱️ HPO took 229.16 seconds
2025-12-14 16:08:03,624 - INFO - Training final model...
2025-12-14 16:08:07,331 - INFO - ⏱️ Training took 3.71 seconds
2025-12-14 16:08:07,331 - INFO - Performing residual analysis...
2025-12-14 16:08:08,397 - INFO - Generating XAI explanations...
2025-12-14 16:08:08,432 - WARNING - Using 168 background data samples could cause slower run times. Consider using shap.sample(data, K) or shap.kmeans(data, K) to summarize the background as K samples.
2025-12-14 16:08:08,477 - INFO - num_full_subsets = 2
2025-12-14 16:08:08,568 - INFO - phi = [-0.2454998  -0.56181383  0.2350926  -0.10353984]
2025-12-14 16:08:08,619 - INFO - num_full_subsets = 2
2025-12-14 16:08:08,715 - INFO - phi = [-0.14829674  0.61720239 -0.42962529  0.0283944 ]
2025-12-14 16:08:08,765 - INFO - num_full_subsets = 2
2025-12-14 16:08:08,858 - INFO - phi = [-0.23026861 -0.52301813 -0.04299416 -0.70423968]
2025-12-14 16:08:08,904 - INFO - num_full_subsets = 2
2025-12-14 16:08:08,999 - INFO - phi = [-0.22480239 -0.00616787  0.27556196  0.20363745]
2025-12-14 16:08:09,045 - INFO - num_full_subsets = 2
2025-12-14 16:08:09,129 - INFO - phi = [ 0.12698754  0.09498157  0.28038071 -0.63488897]
2025-12-14 16:08:09,173 - INFO - num_full_subsets = 2
2025-12-14 16:08:09,257 - INFO - phi = [-0.23042589 -0.8907174   0.19522956  0.15500217]
2025-12-14 16:08:09,301 - INFO - num_full_subsets = 2
2025-12-14 16:08:09,390 - INFO - phi = [-0.17059941 -0.93168962  0.10202713 -0.32599675]
2025-12-14 16:08:09,435 - INFO - num_full_subsets = 2
2025-12-14 16:08:09,524 - INFO - phi = [-0.15427928  0.06808612  0.19422676  0.56340141]
2025-12-14 16:08:09,572 - INFO - num_full_subsets = 2
2025-12-14 16:08:09,657 - INFO - phi = [-0.18071589 -0.89285222 -0.30727592 -0.05973764]
2025-12-14 16:08:09,703 - INFO - num_full_subsets = 2
2025-12-14 16:08:09,795 - INFO - phi = [-0.25912396 -1.3060325   0.03433289 -0.25963581]
2025-12-14 16:08:09,841 - INFO - num_full_subsets = 2
2025-12-14 16:08:09,930 - INFO - phi = [-0.08285667  0.90306825 -0.35009445  0.2140244 ]
2025-12-14 16:08:09,975 - INFO - num_full_subsets = 2
2025-12-14 16:08:10,062 - INFO - phi = [0.37695563 0.47228198 0.42577092 0.92160802]
2025-12-14 16:08:10,106 - INFO - num_full_subsets = 2
2025-12-14 16:08:10,197 - INFO - phi = [ 0.18152928  0.59809902  0.08394358 -0.45060717]
2025-12-14 16:08:10,244 - INFO - num_full_subsets = 2
2025-12-14 16:08:10,335 - INFO - phi = [-0.06350776 -0.29547598 -0.26770095 -0.40561923]
2025-12-14 16:08:10,380 - INFO - num_full_subsets = 2
2025-12-14 16:08:10,469 - INFO - phi = [ 0.12808142  0.4526637   0.11300652 -0.74303358]
2025-12-14 16:08:10,514 - INFO - num_full_subsets = 2
2025-12-14 16:08:10,599 - INFO - phi = [ 0.13468235  0.79687902 -0.42876577  0.20019029]
2025-12-14 16:08:10,643 - INFO - num_full_subsets = 2
2025-12-14 16:08:10,729 - INFO - phi = [-0.20697617 -0.57435323  0.3089119   0.61128381]
2025-12-14 16:08:10,774 - INFO - num_full_subsets = 2
2025-12-14 16:08:10,871 - INFO - phi = [ 0.18733207  0.09206362 -0.46303197 -0.10654021]
2025-12-14 16:08:10,923 - INFO - num_full_subsets = 2
2025-12-14 16:08:11,010 - INFO - phi = [-0.15229833  0.50869971  0.03434172 -0.57311817]
2025-12-14 16:08:11,056 - INFO - num_full_subsets = 2
2025-12-14 16:08:11,142 - INFO - phi = [-0.1294631   0.66693952 -0.43151477  0.41390329]
2025-12-14 16:08:11,187 - INFO - num_full_subsets = 2
2025-12-14 16:08:11,279 - INFO - phi = [-0.1979574  -1.0076796   0.3108606  -0.56380527]
2025-12-14 16:08:11,324 - INFO - num_full_subsets = 2
2025-12-14 16:08:11,416 - INFO - phi = [ 0.55608292 -0.28858261 -0.60005792  0.19967681]
2025-12-14 16:08:11,462 - INFO - num_full_subsets = 2
2025-12-14 16:08:11,558 - INFO - phi = [0.34492893 0.45489859 0.35086102 0.63518048]
2025-12-14 16:08:11,605 - INFO - num_full_subsets = 2
2025-12-14 16:08:11,696 - INFO - phi = [-0.16388624 -0.57176358  0.42966673 -0.5101374 ]
2025-12-14 16:08:11,741 - INFO - num_full_subsets = 2
2025-12-14 16:08:11,831 - INFO - phi = [-0.11762639  0.82811856  0.09871521  0.89818616]
2025-12-14 16:08:11,877 - INFO - num_full_subsets = 2
2025-12-14 16:08:11,967 - INFO - phi = [-0.06350776 -0.29547598 -0.26770095 -0.40561923]
2025-12-14 16:08:12,017 - INFO - num_full_subsets = 2
2025-12-14 16:08:12,112 - INFO - phi = [-0.17046881 -1.03145401 -0.07581895 -0.140952  ]
2025-12-14 16:08:12,165 - INFO - num_full_subsets = 2
2025-12-14 16:08:12,259 - INFO - phi = [ 0.47132696 -0.40215101  0.29831389  0.51104961]
2025-12-14 16:08:12,304 - INFO - num_full_subsets = 2
2025-12-14 16:08:12,394 - INFO - phi = [-0.22486876 -0.01661757  0.3027974   0.38634926]
2025-12-14 16:08:12,440 - INFO - num_full_subsets = 2
2025-12-14 16:08:12,532 - INFO - phi = [-0.13876857 -0.48318103 -0.40493179  0.00669462]
2025-12-14 16:08:12,580 - INFO - num_full_subsets = 2
2025-12-14 16:08:12,667 - INFO - phi = [-0.08206052  0.57536179 -0.36459328  0.74912503]
2025-12-14 16:08:12,712 - INFO - num_full_subsets = 2
2025-12-14 16:08:12,802 - INFO - phi = [-0.14214929  0.61020657 -0.29001167 -0.14252446]
2025-12-14 16:08:12,857 - INFO - num_full_subsets = 2
2025-12-14 16:08:12,951 - INFO - phi = [0.24084535 0.73149798 0.29454522 0.04571435]
2025-12-14 16:08:12,997 - INFO - num_full_subsets = 2
2025-12-14 16:08:13,089 - INFO - phi = [0.22419439 0.49344953 0.26718654 0.49693757]
2025-12-14 16:08:13,133 - INFO - num_full_subsets = 2
2025-12-14 16:08:13,223 - INFO - phi = [0.32580637 0.66408165 0.30642765 0.51113023]
2025-12-14 16:08:13,268 - INFO - num_full_subsets = 2
2025-12-14 16:08:13,360 - INFO - phi = [ 0.14263697  0.51305711  0.12702978 -0.9125107 ]
2025-12-14 16:08:13,405 - INFO - num_full_subsets = 2
2025-12-14 16:08:13,501 - INFO - phi = [-0.12244322  0.84395495  0.02649919 -0.42107621]
2025-12-14 16:08:13,547 - INFO - num_full_subsets = 2
2025-12-14 16:08:13,632 - INFO - phi = [ 0.01018259  0.92369517 -0.36389866  0.18517254]
2025-12-14 16:08:13,676 - INFO - num_full_subsets = 2
2025-12-14 16:08:13,765 - INFO - phi = [-0.10305963  0.75776547  0.16232647  0.50488415]
2025-12-14 16:08:13,809 - INFO - num_full_subsets = 2
2025-12-14 16:08:13,894 - INFO - phi = [-0.18995512 -1.14557502 -0.2611148   0.01880151]
2025-12-14 16:08:13,939 - INFO - num_full_subsets = 2
2025-12-14 16:08:14,028 - INFO - phi = [ 0.13388562  0.57628108 -0.45577753  0.25792957]
2025-12-14 16:08:14,073 - INFO - num_full_subsets = 2
2025-12-14 16:08:14,160 - INFO - phi = [ 0.31774348  0.23977355 -0.2314498   0.3003081 ]
2025-12-14 16:08:14,206 - INFO - num_full_subsets = 2
2025-12-14 16:08:14,294 - INFO - phi = [ 0.50525249  0.81758825 -0.15417087 -0.01663856]
2025-12-14 16:08:14,339 - INFO - num_full_subsets = 2
2025-12-14 16:08:14,424 - INFO - phi = [-0.20290023 -1.30809434 -0.25055994  0.01586429]
2025-12-14 16:08:14,469 - INFO - num_full_subsets = 2
2025-12-14 16:08:14,559 - INFO - phi = [ 0.02426308  0.50711198  0.2227023  -0.48864226]
2025-12-14 16:08:14,604 - INFO - num_full_subsets = 2
2025-12-14 16:08:14,691 - INFO - phi = [-0.10951727  0.75780057  0.28569328  0.28927847]
2025-12-14 16:08:14,736 - INFO - num_full_subsets = 2
2025-12-14 16:08:14,829 - INFO - phi = [0.66231766 0.49705582 0.01669653 0.13778028]
2025-12-14 16:08:14,874 - INFO - num_full_subsets = 2
2025-12-14 16:08:14,960 - INFO - phi = [-0.13013086  0.43583478  0.21678394  0.52270808]
2025-12-14 16:08:15,005 - INFO - num_full_subsets = 2
2025-12-14 16:08:15,095 - INFO - phi = [-0.17037324 -0.59077914 -0.3621373   0.42675232]
2025-12-14 16:08:15,140 - INFO - num_full_subsets = 2
2025-12-14 16:08:15,230 - INFO - phi = [-0.18412112 -1.17947315 -0.18179233 -0.23114938]
2025-12-14 16:08:15,277 - INFO - num_full_subsets = 2
2025-12-14 16:08:15,367 - INFO - phi = [ 0.16272164  0.19290488 -0.12466047 -0.74410589]
2025-12-14 16:08:15,417 - INFO - num_full_subsets = 2
2025-12-14 16:08:15,509 - INFO - phi = [-0.00946869  0.07471567  0.30645773  0.51543832]
2025-12-14 16:08:15,556 - INFO - num_full_subsets = 2
2025-12-14 16:08:15,648 - INFO - phi = [0.29346185 0.88302034 0.29418257 0.49169886]
2025-12-14 16:08:15,692 - INFO - num_full_subsets = 2
2025-12-14 16:08:15,780 - INFO - phi = [-0.20859787 -1.36820549 -0.18972471 -0.00747208]
2025-12-14 16:08:15,824 - INFO - num_full_subsets = 2
2025-12-14 16:08:15,912 - INFO - phi = [-0.02060716  0.91759692 -0.29964546  0.3741579 ]
2025-12-14 16:08:15,957 - INFO - num_full_subsets = 2
2025-12-14 16:08:16,039 - INFO - phi = [0.20870722 0.80010552 0.43152818 0.46466728]
2025-12-14 16:08:16,089 - INFO - num_full_subsets = 2
2025-12-14 16:08:16,181 - INFO - phi = [-0.21441511 -1.16925531  0.18840031 -0.32151348]
2025-12-14 16:08:16,228 - INFO - num_full_subsets = 2
2025-12-14 16:08:16,318 - INFO - phi = [-0.25828881 -1.18945928 -0.04179326 -0.55750805]
2025-12-14 16:08:16,364 - INFO - num_full_subsets = 2
2025-12-14 16:08:16,457 - INFO - phi = [-0.0608631   0.77158249  0.27283854  0.06644166]
2025-12-14 16:08:16,502 - INFO - num_full_subsets = 2
2025-12-14 16:08:16,588 - INFO - phi = [-0.22546491 -1.25865889 -0.14932741 -0.22655202]
2025-12-14 16:08:16,633 - INFO - num_full_subsets = 2
2025-12-14 16:08:16,732 - INFO - phi = [-0.17854347 -0.74755699  0.4202301  -0.53279863]
2025-12-14 16:08:16,780 - INFO - num_full_subsets = 2
2025-12-14 16:08:16,871 - INFO - phi = [-0.04724305  0.36461916 -0.4175511   0.19444082]
2025-12-14 16:08:16,916 - INFO - num_full_subsets = 2
2025-12-14 16:08:17,007 - INFO - phi = [-0.04703875  0.9507169  -0.31712267  0.3814825 ]
2025-12-14 16:08:17,054 - INFO - num_full_subsets = 2
2025-12-14 16:08:17,149 - INFO - phi = [ 0.62787054 -0.43037482  0.42037273  0.88755642]
2025-12-14 16:08:17,193 - INFO - num_full_subsets = 2
2025-12-14 16:08:17,284 - INFO - phi = [ 0.40016287 -0.27898235 -0.40155496  0.29368524]
2025-12-14 16:08:17,329 - INFO - num_full_subsets = 2
2025-12-14 16:08:17,426 - INFO - phi = [ 0.25040426  0.6645008  -0.44356858  0.25180317]
2025-12-14 16:08:17,472 - INFO - num_full_subsets = 2
2025-12-14 16:08:17,561 - INFO - phi = [-0.16608825 -0.74581926 -0.24631701 -0.20408016]
2025-12-14 16:08:17,607 - INFO - num_full_subsets = 2
2025-12-14 16:08:17,692 - INFO - phi = [0.42328464 0.73173269 0.53086858 0.94045246]
2025-12-14 16:08:17,738 - INFO - num_full_subsets = 2
2025-12-14 16:08:17,826 - INFO - phi = [-0.14600524  0.66281458  0.15006667 -0.11435513]
2025-12-14 16:08:17,872 - INFO - num_full_subsets = 2
2025-12-14 16:08:17,961 - INFO - phi = [-0.01339644  0.86457767 -0.35629391  0.48271362]
2025-12-14 16:08:18,006 - INFO - num_full_subsets = 2
2025-12-14 16:08:18,100 - INFO - phi = [-0.05966108  0.69820912  0.16776489 -0.08517074]
2025-12-14 16:08:18,146 - INFO - num_full_subsets = 2
2025-12-14 16:08:18,235 - INFO - phi = [-0.17993021  2.63860315  0.12902929 -0.70927006]
2025-12-14 16:08:18,279 - INFO - num_full_subsets = 2
2025-12-14 16:08:18,367 - INFO - phi = [-0.18412112 -1.17947315 -0.18179233 -0.23114938]
2025-12-14 16:08:18,412 - INFO - num_full_subsets = 2
2025-12-14 16:08:18,499 - INFO - phi = [-0.24453907 -1.41828667 -0.03829688 -0.31303729]
2025-12-14 16:08:18,545 - INFO - num_full_subsets = 2
2025-12-14 16:08:18,637 - INFO - phi = [-0.17781316 -1.05181539 -0.05959625 -0.25085037]
2025-12-14 16:08:18,690 - INFO - num_full_subsets = 2
2025-12-14 16:08:18,784 - INFO - phi = [0.08249495 0.64166331 0.22300633 0.2452987 ]
2025-12-14 16:08:18,829 - INFO - num_full_subsets = 2
2025-12-14 16:08:18,923 - INFO - phi = [-0.23512614 -0.87469155  0.07741338 -0.63333199]
2025-12-14 16:08:18,968 - INFO - num_full_subsets = 2
2025-12-14 16:08:19,059 - INFO - phi = [ 0.23731172  0.39401673  0.0555877  -0.89069978]
2025-12-14 16:08:19,107 - INFO - num_full_subsets = 2
2025-12-14 16:08:19,201 - INFO - phi = [ 0.13396637  0.62482384 -0.50938191  0.33194621]
2025-12-14 16:08:19,247 - INFO - num_full_subsets = 2
2025-12-14 16:08:19,338 - INFO - phi = [ 0.27471949  0.48117657  0.07862238 -0.87982332]
2025-12-14 16:08:19,389 - INFO - num_full_subsets = 2
2025-12-14 16:08:19,477 - INFO - phi = [-0.26281428 -0.97025048 -0.00790204 -0.62456166]
2025-12-14 16:08:19,522 - INFO - num_full_subsets = 2
2025-12-14 16:08:19,612 - INFO - phi = [0.17335713 0.39930226 0.2059128  0.33208206]
2025-12-14 16:08:19,658 - INFO - num_full_subsets = 2
2025-12-14 16:08:19,746 - INFO - phi = [-0.22781494 -0.90842533  0.03317612 -0.68721689]
2025-12-14 16:08:19,792 - INFO - num_full_subsets = 2
2025-12-14 16:08:19,883 - INFO - phi = [-0.15248375 -0.42123292 -0.4108134   0.51805185]
2025-12-14 16:08:19,928 - INFO - num_full_subsets = 2
2025-12-14 16:08:20,026 - INFO - phi = [ 0.08991612  0.45029355  0.09648455 -0.74967017]
2025-12-14 16:08:20,072 - INFO - num_full_subsets = 2
2025-12-14 16:08:20,161 - INFO - phi = [0.23658141 0.66288891 0.32950414 0.48603941]
2025-12-14 16:08:20,205 - INFO - num_full_subsets = 2
2025-12-14 16:08:20,295 - INFO - phi = [-0.21303526 -1.28463931 -0.33387312  0.24952146]
2025-12-14 16:08:20,340 - INFO - num_full_subsets = 2
2025-12-14 16:08:20,431 - INFO - phi = [-0.17222368 -0.72664121 -0.1202127  -0.34236568]
2025-12-14 16:08:20,476 - INFO - num_full_subsets = 2
2025-12-14 16:08:20,562 - INFO - phi = [ 0.70889006 -0.31705206  0.16927992 -0.69394793]
2025-12-14 16:08:20,607 - INFO - num_full_subsets = 2
2025-12-14 16:08:20,702 - INFO - phi = [-0.12040427  0.82603345  0.1448285  -0.1451205 ]
2025-12-14 16:08:20,748 - INFO - num_full_subsets = 2
2025-12-14 16:08:20,837 - INFO - phi = [ 0.16484811  0.53092961  0.11161154 -0.91677295]
2025-12-14 16:08:20,883 - INFO - num_full_subsets = 2
2025-12-14 16:08:20,971 - INFO - phi = [ 0.24252883 -0.15716071  0.33228071 -0.55717434]
2025-12-14 16:08:21,016 - INFO - num_full_subsets = 2
2025-12-14 16:08:21,103 - INFO - phi = [-0.10433057  0.68140281  0.28050501  0.340826  ]
2025-12-14 16:08:21,148 - INFO - num_full_subsets = 2
2025-12-14 16:08:21,238 - INFO - phi = [-0.16981667 -0.60626005  0.36843274 -0.52459519]
2025-12-14 16:08:21,285 - INFO - num_full_subsets = 2
2025-12-14 16:08:21,381 - INFO - phi = [-0.19938001 -0.87749656  0.32810841 -0.54350583]
2025-12-14 16:08:21,427 - INFO - num_full_subsets = 2
2025-12-14 16:08:21,515 - INFO - phi = [-0.20335769 -1.31653177 -0.18980894 -0.11361912]
2025-12-14 16:08:21,562 - INFO - num_full_subsets = 2
2025-12-14 16:08:21,650 - INFO - phi = [-0.18016011 -0.96416462 -0.08403668 -0.39176101]
2025-12-14 16:08:21,695 - INFO - num_full_subsets = 2
2025-12-14 16:08:21,780 - INFO - phi = [-0.21383062 -0.67966894  0.11457912 -0.41821129]
2025-12-14 16:08:21,824 - INFO - num_full_subsets = 2
2025-12-14 16:08:21,906 - INFO - phi = [-0.17146296 -1.10273456 -0.09513716 -0.11035121]
2025-12-14 16:08:21,955 - INFO - num_full_subsets = 2
2025-12-14 16:08:22,040 - INFO - phi = [ 0.24954383 -0.25158851  0.27194225 -0.40945695]
2025-12-14 16:08:22,085 - INFO - num_full_subsets = 2
2025-12-14 16:08:22,171 - INFO - phi = [-0.19024221 -0.81307306  0.3322906  -0.4568603 ]
2025-12-14 16:08:22,216 - INFO - num_full_subsets = 2
2025-12-14 16:08:22,303 - INFO - phi = [ 0.05522434  0.4933144   0.06580288 -0.50435471]
2025-12-14 16:08:22,348 - INFO - num_full_subsets = 2
2025-12-14 16:08:22,432 - INFO - phi = [ 0.07630546  0.40810736 -0.23534063 -0.59197186]
2025-12-14 16:08:22,477 - INFO - num_full_subsets = 2
2025-12-14 16:08:22,565 - INFO - phi = [0.13667705 0.64752489 0.24900319 0.34137515]
2025-12-14 16:08:22,615 - INFO - num_full_subsets = 2
2025-12-14 16:08:22,709 - INFO - phi = [-0.232859   -0.50691891 -0.0031296   0.44474065]
2025-12-14 16:08:22,755 - INFO - num_full_subsets = 2
2025-12-14 16:08:22,846 - INFO - phi = [0.20716178 0.92443443 0.26331714 0.46814367]
2025-12-14 16:08:22,892 - INFO - num_full_subsets = 2
2025-12-14 16:08:22,982 - INFO - phi = [-0.22856142 -1.23598579 -0.10922555 -0.37551858]
2025-12-14 16:08:23,027 - INFO - num_full_subsets = 2
2025-12-14 16:08:23,112 - INFO - phi = [-0.08598833  0.04882118  0.26959459  0.41943078]
2025-12-14 16:08:23,156 - INFO - num_full_subsets = 2
2025-12-14 16:08:23,253 - INFO - phi = [ 0.44909403  0.54629225 -0.36877727  0.53246615]
2025-12-14 16:08:23,299 - INFO - num_full_subsets = 2
2025-12-14 16:08:23,391 - INFO - phi = [-0.15321636 -0.08401318 -0.38053597 -0.00663926]
2025-12-14 16:08:23,436 - INFO - num_full_subsets = 2
2025-12-14 16:08:23,528 - INFO - phi = [-0.04803833  0.62087633 -0.04821862  0.48838386]
2025-12-14 16:08:23,573 - INFO - num_full_subsets = 2
2025-12-14 16:08:23,658 - INFO - phi = [-0.26922765 -1.27206631  0.09165753 -0.02786758]
2025-12-14 16:08:23,703 - INFO - num_full_subsets = 2
2025-12-14 16:08:23,793 - INFO - phi = [ 0.0488354   0.39495491  0.16822214 -0.76173419]
2025-12-14 16:08:23,838 - INFO - num_full_subsets = 2
2025-12-14 16:08:23,935 - INFO - phi = [-0.0384812   0.96774858  0.38929907  0.78916335]
2025-12-14 16:08:23,980 - INFO - num_full_subsets = 2
2025-12-14 16:08:24,070 - INFO - phi = [-0.04206859  0.80996658  0.43682901  0.6119414 ]
2025-12-14 16:08:24,115 - INFO - num_full_subsets = 2
2025-12-14 16:08:24,205 - INFO - phi = [ 0.12802275  0.07540185 -0.38304175  0.08286774]
2025-12-14 16:08:24,250 - INFO - num_full_subsets = 2
2025-12-14 16:08:24,339 - INFO - phi = [ 0.22817897  0.89431261 -0.44868811  0.27589439]
2025-12-14 16:08:24,384 - INFO - num_full_subsets = 2
2025-12-14 16:08:24,478 - INFO - phi = [-0.07227898  0.79500273 -0.47111113  0.08587401]
2025-12-14 16:08:24,523 - INFO - num_full_subsets = 2
2025-12-14 16:08:24,619 - INFO - phi = [ 0.0547436   0.676383   -0.15824556 -0.33728639]
2025-12-14 16:08:24,664 - INFO - num_full_subsets = 2
2025-12-14 16:08:24,753 - INFO - phi = [ 0.13179027  0.05802485  0.28645059 -0.58425418]
2025-12-14 16:08:24,797 - INFO - num_full_subsets = 2
2025-12-14 16:08:24,887 - INFO - phi = [-0.04633314  0.79899432  0.41280845  0.44154348]
2025-12-14 16:08:24,932 - INFO - num_full_subsets = 2
2025-12-14 16:08:25,017 - INFO - phi = [-0.20906178 -1.11196855  0.14992345 -0.34111922]
2025-12-14 16:08:25,062 - INFO - num_full_subsets = 2
2025-12-14 16:08:25,151 - INFO - phi = [0.07079597 0.90110623 0.25993032 0.4861325 ]
2025-12-14 16:08:25,201 - INFO - num_full_subsets = 2
2025-12-14 16:08:25,288 - INFO - phi = [-0.17599444  0.41260286  0.09626634 -0.40550789]
2025-12-14 16:08:25,333 - INFO - num_full_subsets = 2
2025-12-14 16:08:25,419 - INFO - phi = [0.42259091 0.82608887 0.34233658 0.82717545]
2025-12-14 16:08:25,464 - INFO - num_full_subsets = 2
2025-12-14 16:08:25,549 - INFO - phi = [-0.14301998  0.80649076  0.28477569  0.60724058]
2025-12-14 16:08:25,593 - INFO - num_full_subsets = 2
2025-12-14 16:08:25,681 - INFO - phi = [ 0.46033394  0.62157295 -0.22507704  0.42050902]
2025-12-14 16:08:25,727 - INFO - num_full_subsets = 2
2025-12-14 16:08:25,814 - INFO - phi = [-0.13847184  0.75121035  0.04635581  0.0562419 ]
2025-12-14 16:08:25,864 - INFO - num_full_subsets = 2
2025-12-14 16:08:25,954 - INFO - phi = [ 0.42320655  0.56970256 -0.34685282  0.320215  ]
2025-12-14 16:08:26,000 - INFO - num_full_subsets = 2
2025-12-14 16:08:26,084 - INFO - phi = [-0.01835534  0.79698057  0.31906221  0.57285564]
2025-12-14 16:08:26,129 - INFO - num_full_subsets = 2
2025-12-14 16:08:26,217 - INFO - phi = [-0.19457299 -0.89224625 -0.39050578  0.22792083]
2025-12-14 16:08:26,262 - INFO - num_full_subsets = 2
2025-12-14 16:08:26,353 - INFO - phi = [0.32586879 0.60069614 0.36123707 0.57265435]
2025-12-14 16:08:26,398 - INFO - num_full_subsets = 2
2025-12-14 16:08:26,494 - INFO - phi = [ 0.16884725  0.49729147  0.09686491 -0.9069449 ]
2025-12-14 16:08:26,540 - INFO - num_full_subsets = 2
2025-12-14 16:08:26,635 - INFO - phi = [0.08626031 0.70001516 0.36477972 0.13368943]
2025-12-14 16:08:26,680 - INFO - num_full_subsets = 2
2025-12-14 16:08:26,771 - INFO - phi = [-0.26277091 -0.78240738  0.0573081  -0.46224679]
2025-12-14 16:08:26,816 - INFO - num_full_subsets = 2
2025-12-14 16:08:26,910 - INFO - phi = [-0.24045401 -1.2816774  -0.08705006 -0.42262762]
2025-12-14 16:08:26,955 - INFO - num_full_subsets = 2
2025-12-14 16:08:27,043 - INFO - phi = [-0.17763509 -0.93154534 -0.11007975 -0.29444948]
2025-12-14 16:08:27,087 - INFO - num_full_subsets = 2
2025-12-14 16:08:27,182 - INFO - phi = [-0.24380225 -1.16942705 -0.09098594 -0.44088016]
2025-12-14 16:08:27,235 - INFO - num_full_subsets = 2
2025-12-14 16:08:27,326 - INFO - phi = [-0.20689204 -1.27836736 -0.20303951 -0.11446419]
2025-12-14 16:08:27,371 - INFO - num_full_subsets = 2
2025-12-14 16:08:27,459 - INFO - phi = [-0.03842689  0.96265953  0.36420789  0.63402087]
2025-12-14 16:08:27,504 - INFO - num_full_subsets = 2
2025-12-14 16:08:27,596 - INFO - phi = [ 0.29674302  0.19218992 -0.57346913  0.62077499]
2025-12-14 16:08:27,640 - INFO - num_full_subsets = 2
2025-12-14 16:08:27,731 - INFO - phi = [ 0.55042948  0.00657173 -0.41510217  0.50681563]
2025-12-14 16:08:27,777 - INFO - num_full_subsets = 2
2025-12-14 16:08:27,878 - INFO - phi = [-0.15603831 -0.63124056  0.29403057  0.45975299]
2025-12-14 16:08:27,924 - INFO - num_full_subsets = 2
2025-12-14 16:08:28,013 - INFO - phi = [-0.24135775 -1.31526769 -0.07769542 -0.36081695]
2025-12-14 16:08:28,057 - INFO - num_full_subsets = 2
2025-12-14 16:08:28,141 - INFO - phi = [-0.00288387  0.41839432  0.2184622  -0.76121127]
2025-12-14 16:08:28,185 - INFO - num_full_subsets = 2
2025-12-14 16:08:28,268 - INFO - phi = [-2.80297179e-01 -8.47398321e-01 -6.21195321e-04 -7.18417580e-01]
2025-12-14 16:08:28,312 - INFO - num_full_subsets = 2
2025-12-14 16:08:28,398 - INFO - phi = [-0.17703251 -0.83528702 -0.07433036 -0.4061532 ]
2025-12-14 16:08:28,447 - INFO - num_full_subsets = 2
2025-12-14 16:08:28,537 - INFO - phi = [ 0.30748114  0.19952643 -0.60047539  0.06527543]
2025-12-14 16:08:28,582 - INFO - num_full_subsets = 2
2025-12-14 16:08:28,672 - INFO - phi = [ 0.15008174  0.3113699   0.11287998 -0.4532313 ]
2025-12-14 16:08:28,717 - INFO - num_full_subsets = 2
2025-12-14 16:08:28,806 - INFO - phi = [ 0.19384109  0.59931507  0.25766224 -0.10937697]
2025-12-14 16:08:28,851 - INFO - num_full_subsets = 2
2025-12-14 16:08:28,943 - INFO - phi = [-0.16366626  1.46218127  0.2311201   0.39727231]
2025-12-14 16:08:28,987 - INFO - num_full_subsets = 2
2025-12-14 16:08:29,077 - INFO - phi = [-0.25890363 -0.90414901  0.24936776  0.3051185 ]
2025-12-14 16:08:29,126 - INFO - num_full_subsets = 2
2025-12-14 16:08:29,216 - INFO - phi = [-0.26281428 -0.97025048 -0.00790204 -0.62456166]
2025-12-14 16:08:29,261 - INFO - num_full_subsets = 2
2025-12-14 16:08:29,347 - INFO - phi = [0.27517049 0.53070483 0.21632462 0.32314497]
2025-12-14 16:08:29,392 - INFO - num_full_subsets = 2
2025-12-14 16:08:29,480 - INFO - phi = [-0.17441278 -0.27712284  0.1845915  -0.03696886]
2025-12-14 16:08:29,525 - INFO - num_full_subsets = 2
2025-12-14 16:08:29,611 - INFO - phi = [-0.15884908 -0.50319735 -0.32441589 -0.16667989]
2025-12-14 16:08:29,656 - INFO - num_full_subsets = 2
2025-12-14 16:08:29,745 - INFO - phi = [-0.11987503 -0.06542881  0.1711622  -0.61321142]
2025-12-14 16:08:29,790 - INFO - num_full_subsets = 2
2025-12-14 16:08:29,875 - INFO - phi = [-0.20567226 -1.24814364 -0.27816137  0.11727137]
2025-12-14 16:08:29,920 - INFO - num_full_subsets = 2
2025-12-14 16:08:30,006 - INFO - phi = [0.44998615 0.44677182 0.2465065  0.80462427]
2025-12-14 16:08:30,050 - INFO - num_full_subsets = 2
2025-12-14 16:08:30,138 - INFO - phi = [-0.23451711 -0.94007932  0.08324132 -0.66843816]
2025-12-14 16:08:30,183 - INFO - num_full_subsets = 2
2025-12-14 16:08:30,269 - INFO - phi = [ 0.07665272  0.65154496 -0.42395095  0.32683117]
2025-12-14 16:08:30,313 - INFO - num_full_subsets = 2
2025-12-14 16:08:30,409 - INFO - phi = [-0.12891167  0.62786943 -0.44570009  0.12996451]
2025-12-14 16:08:30,454 - INFO - num_full_subsets = 2
2025-12-14 16:08:30,546 - INFO - phi = [-0.19676157 -1.17383796 -0.27897593  0.15021015]
2025-12-14 16:08:30,591 - INFO - num_full_subsets = 2
2025-12-14 16:08:30,676 - INFO - phi = [-0.21303526 -1.28463931 -0.33387312  0.24952146]
2025-12-14 16:08:30,721 - INFO - num_full_subsets = 2
2025-12-14 16:08:30,812 - INFO - phi = [ 0.26157202  0.65286929 -0.06095268  0.16391105]
2025-12-14 16:08:30,860 - INFO - num_full_subsets = 2
2025-12-14 16:08:30,952 - INFO - phi = [-0.09503575  0.95327872 -0.30588825  0.32283971]
2025-12-14 16:08:30,999 - INFO - num_full_subsets = 2
2025-12-14 16:08:31,098 - INFO - phi = [-0.10913329  0.74747932 -0.48155888  0.62479199]
2025-12-14 16:08:31,145 - INFO - num_full_subsets = 2
2025-12-14 16:08:31,236 - INFO - phi = [0.60548321 0.14173829 0.2397879  0.41598227]
2025-12-14 16:08:31,773 - INFO - Computing feature importance...
2025-12-14 16:08:39,341 - INFO - Experiment completed for CNN
2025-12-14 16:08:39,341 - INFO - Total time: 294.87s (4.91 min)
2025-12-14 16:08:39,341 - INFO - Starting comprehensive experiment for CNN
2025-12-14 16:08:47,951 - INFO - Performing feature analysis...
2025-12-14 16:08:49,111 - INFO - Model justification: Fast 1D Convolutional Neural Network - perfect for tabular features with local patterns
2025-12-14 16:08:49,111 - INFO - Performing robust cross-validation...
2025-12-14 16:09:08,534 - INFO - CV Results - MSE: 2.1645 ± 0.3192
2025-12-14 16:09:08,534 - INFO - Starting hyperparameter optimization...
2025-12-14 16:12:09,943 - INFO - Best parameters for CNN: {'filters': 38, 'kernel_size': 3, 'dense_units': 46, 'lr': 0.04289242894698582, 'epochs': 87}
2025-12-14 16:12:09,943 - INFO - ⏱️ HPO took 181.41 seconds
2025-12-14 16:12:09,943 - INFO - Training final model...
2025-12-14 16:12:12,246 - INFO - ⏱️ Training took 2.30 seconds
2025-12-14 16:12:12,246 - INFO - Performing residual analysis...
2025-12-14 16:12:13,323 - INFO - Generating XAI explanations...
2025-12-14 16:12:13,358 - WARNING - Using 168 background data samples could cause slower run times. Consider using shap.sample(data, K) or shap.kmeans(data, K) to summarize the background as K samples.
2025-12-14 16:12:13,406 - INFO - num_full_subsets = 2
2025-12-14 16:12:13,494 - INFO - phi = [-0.24664975 -0.6243952  -0.03749959 -0.09092132]
2025-12-14 16:12:13,540 - INFO - num_full_subsets = 2
2025-12-14 16:12:13,626 - INFO - phi = [-0.03591766  0.86231353 -0.02849511  0.4366839 ]
2025-12-14 16:12:13,672 - INFO - num_full_subsets = 2
2025-12-14 16:12:13,756 - INFO - phi = [0.55755909 0.83510709 0.22005387 0.69255333]
2025-12-14 16:12:13,802 - INFO - num_full_subsets = 2
2025-12-14 16:12:13,885 - INFO - phi = [-0.30203329 -1.0947692  -0.08553691 -0.24062934]
2025-12-14 16:12:13,930 - INFO - num_full_subsets = 2
2025-12-14 16:12:14,018 - INFO - phi = [-0.19829624 -1.20375929 -0.13348491 -0.32703798]
2025-12-14 16:12:14,064 - INFO - num_full_subsets = 2
2025-12-14 16:12:14,152 - INFO - phi = [ 0.32535221  0.34902109  0.03190759 -0.58885584]
2025-12-14 16:12:14,199 - INFO - num_full_subsets = 2
2025-12-14 16:12:14,285 - INFO - phi = [-0.06451423  0.43803705  0.15251934 -0.6713272 ]
2025-12-14 16:12:14,331 - INFO - num_full_subsets = 2
2025-12-14 16:12:14,415 - INFO - phi = [-0.17663444 -1.12395466  0.24817368 -0.72626505]
2025-12-14 16:12:14,461 - INFO - num_full_subsets = 2
2025-12-14 16:12:14,546 - INFO - phi = [0.67160551 0.88711698 0.19541845 0.50154805]
2025-12-14 16:12:14,595 - INFO - num_full_subsets = 2
2025-12-14 16:12:15,108 - INFO - phi = [-0.03334054  0.46346267 -0.58532083  0.27011034]
2025-12-14 16:12:15,159 - INFO - num_full_subsets = 2
2025-12-14 16:12:15,245 - INFO - phi = [-0.00802653  0.53065191 -0.51889049  0.35408261]
2025-12-14 16:12:15,297 - INFO - num_full_subsets = 2
2025-12-14 16:12:15,390 - INFO - phi = [-0.04486424  0.5107579  -0.237669    0.18287986]
2025-12-14 16:12:15,442 - INFO - num_full_subsets = 2
2025-12-14 16:12:15,534 - INFO - phi = [-0.35943741 -1.09411925 -0.16322355 -0.25252985]
2025-12-14 16:12:15,587 - INFO - num_full_subsets = 2
2025-12-14 16:12:15,681 - INFO - phi = [0.14826445 0.59746779 0.5371908  0.65639784]
2025-12-14 16:12:15,732 - INFO - num_full_subsets = 2
2025-12-14 16:12:15,823 - INFO - phi = [-0.25254921  0.59481642 -0.26622753 -0.24711923]
2025-12-14 16:12:15,875 - INFO - num_full_subsets = 2
2025-12-14 16:12:15,965 - INFO - phi = [ 0.04595979  0.69278188 -0.25255695  0.33547517]
2025-12-14 16:12:16,017 - INFO - num_full_subsets = 2
2025-12-14 16:12:16,108 - INFO - phi = [-0.13961412 -1.62275346 -0.3158166   0.22005106]
2025-12-14 16:12:16,160 - INFO - num_full_subsets = 2
2025-12-14 16:12:16,253 - INFO - phi = [-0.07847192  0.11814115  0.09577449 -0.44886942]
2025-12-14 16:12:16,304 - INFO - num_full_subsets = 2
2025-12-14 16:12:16,394 - INFO - phi = [-0.09355354  0.39375478 -0.46514341  0.31605839]
2025-12-14 16:12:16,446 - INFO - num_full_subsets = 2
2025-12-14 16:12:16,538 - INFO - phi = [-0.35368431  0.57632448 -0.29898552 -0.26876403]
2025-12-14 16:12:16,589 - INFO - num_full_subsets = 2
2025-12-14 16:12:16,681 - INFO - phi = [-0.28538592 -1.01325715 -0.00452516 -0.43493435]
2025-12-14 16:12:16,732 - INFO - num_full_subsets = 2
2025-12-14 16:12:16,819 - INFO - phi = [-0.18668877 -1.13126173  0.27243506 -0.71179559]
2025-12-14 16:12:16,881 - INFO - num_full_subsets = 2
2025-12-14 16:12:16,972 - INFO - phi = [-0.05649052  0.73995075  0.29292801  0.3647657 ]
2025-12-14 16:12:17,027 - INFO - num_full_subsets = 2
2025-12-14 16:12:17,119 - INFO - phi = [-0.16785722 -1.18012453  0.71149218  0.67018392]
2025-12-14 16:12:17,176 - INFO - num_full_subsets = 2
2025-12-14 16:12:17,268 - INFO - phi = [ 0.17159729  0.3575693   0.09338696 -0.62283766]
2025-12-14 16:12:17,321 - INFO - num_full_subsets = 2
2025-12-14 16:12:17,413 - INFO - phi = [-0.14070176 -1.41360025 -0.07813928 -0.22569182]
2025-12-14 16:12:17,465 - INFO - num_full_subsets = 2
2025-12-14 16:12:17,564 - INFO - phi = [0.13917279 0.41313647 0.03540913 0.42098756]
2025-12-14 16:12:17,617 - INFO - num_full_subsets = 2
2025-12-14 16:12:17,710 - INFO - phi = [ 0.00619313  0.37711982  0.14657973 -0.65630427]
2025-12-14 16:12:17,763 - INFO - num_full_subsets = 2
2025-12-14 16:12:17,852 - INFO - phi = [-0.19693823  0.70422723  0.14338837  0.54993646]
2025-12-14 16:12:17,904 - INFO - num_full_subsets = 2
2025-12-14 16:12:17,996 - INFO - phi = [-0.17303281  0.43608034  0.14134519 -0.49160639]
2025-12-14 16:12:18,049 - INFO - num_full_subsets = 2
2025-12-14 16:12:18,140 - INFO - phi = [-0.16254347 -1.46175632 -0.04257788 -0.20752977]
2025-12-14 16:12:18,200 - INFO - num_full_subsets = 2
2025-12-14 16:12:18,292 - INFO - phi = [-0.25788895  0.32186624 -0.19660621 -0.29511276]
2025-12-14 16:12:18,346 - INFO - num_full_subsets = 2
2025-12-14 16:12:18,442 - INFO - phi = [-0.27821443 -0.03465076 -0.1927365   0.2093376 ]
2025-12-14 16:12:18,495 - INFO - num_full_subsets = 2
2025-12-14 16:12:18,587 - INFO - phi = [0.33341876 0.56499509 0.18225656 0.4719856 ]
2025-12-14 16:12:18,638 - INFO - num_full_subsets = 2
2025-12-14 16:12:18,729 - INFO - phi = [-0.28305115 -0.87854218  0.05418152 -0.56500647]
2025-12-14 16:12:18,780 - INFO - num_full_subsets = 2
2025-12-14 16:12:18,879 - INFO - phi = [-0.16866447 -0.18830955  0.24030663  0.04225036]
2025-12-14 16:12:18,932 - INFO - num_full_subsets = 2
2025-12-14 16:12:19,020 - INFO - phi = [-0.21419516 -1.31632042 -0.13749023 -0.20737248]
2025-12-14 16:12:19,071 - INFO - num_full_subsets = 2
2025-12-14 16:12:19,161 - INFO - phi = [0.08933574 0.24572263 0.39820324 0.59022742]
2025-12-14 16:12:19,212 - INFO - num_full_subsets = 2
2025-12-14 16:12:19,303 - INFO - phi = [-0.02223573  0.31745596  0.389637   -0.16154505]
2025-12-14 16:12:19,360 - INFO - num_full_subsets = 2
2025-12-14 16:12:19,453 - INFO - phi = [0.31371677 0.78359292 0.32374604 0.63955108]
2025-12-14 16:12:19,505 - INFO - num_full_subsets = 2
2025-12-14 16:12:19,607 - INFO - phi = [ 0.25534932  0.20556528  0.08734401 -0.11772798]
2025-12-14 16:12:19,660 - INFO - num_full_subsets = 2
2025-12-14 16:12:19,751 - INFO - phi = [-0.15789758 -1.63144061 -0.31927649  0.25048157]
2025-12-14 16:12:19,804 - INFO - num_full_subsets = 2
2025-12-14 16:12:19,893 - INFO - phi = [-0.16461309  0.58981656  0.02566746 -0.29796157]
2025-12-14 16:12:19,944 - INFO - num_full_subsets = 2
2025-12-14 16:12:20,033 - INFO - phi = [-0.00967345  0.51868788 -0.23092724  0.41157273]
2025-12-14 16:12:20,084 - INFO - num_full_subsets = 2
2025-12-14 16:12:20,173 - INFO - phi = [0.07294838 0.51787852 0.08154104 0.12343044]
2025-12-14 16:12:20,228 - INFO - num_full_subsets = 2
2025-12-14 16:12:20,329 - INFO - phi = [0.03354775 1.0430034  0.54375283 0.5167689 ]
2025-12-14 16:12:20,381 - INFO - num_full_subsets = 2
2025-12-14 16:12:20,473 - INFO - phi = [-0.03493118  1.00956866  0.18914663  0.66814543]
2025-12-14 16:12:20,526 - INFO - num_full_subsets = 2
2025-12-14 16:12:20,622 - INFO - phi = [-0.16283029 -1.43644353 -0.13915519 -0.14064226]
2025-12-14 16:12:20,674 - INFO - num_full_subsets = 2
2025-12-14 16:12:20,765 - INFO - phi = [-0.28817852 -1.13287524 -0.08151475 -0.30877603]
2025-12-14 16:12:20,817 - INFO - num_full_subsets = 2
2025-12-14 16:12:20,908 - INFO - phi = [-0.0421398   0.71252428 -0.44859843  0.39172965]
2025-12-14 16:12:20,968 - INFO - num_full_subsets = 2
2025-12-14 16:12:21,062 - INFO - phi = [-0.22837426 -1.07492512  0.14995974 -0.71420875]
2025-12-14 16:12:21,114 - INFO - num_full_subsets = 2
2025-12-14 16:12:21,206 - INFO - phi = [-0.33883285 -1.47456067 -0.3191663   0.30672515]
2025-12-14 16:12:21,258 - INFO - num_full_subsets = 2
2025-12-14 16:12:21,348 - INFO - phi = [ 0.00343107  0.36645029  0.04943461 -0.44335277]
2025-12-14 16:12:21,401 - INFO - num_full_subsets = 2
2025-12-14 16:12:21,493 - INFO - phi = [-0.10379023  0.54184722 -0.25986057  0.3329092 ]
2025-12-14 16:12:21,545 - INFO - num_full_subsets = 2
2025-12-14 16:12:21,641 - INFO - phi = [-0.19016802  0.6463367   0.14189501  0.27465425]
2025-12-14 16:12:21,699 - INFO - num_full_subsets = 2
2025-12-14 16:12:21,791 - INFO - phi = [ 0.91675994  0.20484991 -0.1164826   0.13512662]
2025-12-14 16:12:21,842 - INFO - num_full_subsets = 2
2025-12-14 16:12:21,934 - INFO - phi = [-0.23057726 -1.56688808  0.12216083  0.4822647 ]
2025-12-14 16:12:21,985 - INFO - num_full_subsets = 2
2025-12-14 16:12:22,077 - INFO - phi = [-0.16824821 -1.40265992 -0.10959168 -0.21116664]
2025-12-14 16:12:22,130 - INFO - num_full_subsets = 2
2025-12-14 16:12:22,221 - INFO - phi = [0.00426253 2.00150008 0.03101552 0.24288766]
2025-12-14 16:12:22,273 - INFO - num_full_subsets = 2
2025-12-14 16:12:22,370 - INFO - phi = [-0.15251353  0.60630864  0.02544818 -0.46372262]
2025-12-14 16:12:22,420 - INFO - num_full_subsets = 2
2025-12-14 16:12:22,513 - INFO - phi = [0.13311798 0.60578778 0.55794908 0.72637366]
2025-12-14 16:12:22,565 - INFO - num_full_subsets = 2
2025-12-14 16:12:22,662 - INFO - phi = [0.01442823 0.68766168 0.61526411 0.76453927]
2025-12-14 16:12:22,714 - INFO - num_full_subsets = 2
2025-12-14 16:12:22,806 - INFO - phi = [-0.28538592 -1.01325715 -0.00452516 -0.43493435]
2025-12-14 16:12:22,857 - INFO - num_full_subsets = 2
2025-12-14 16:12:22,950 - INFO - phi = [0.1558103  0.59469265 0.57731715 0.72198061]
2025-12-14 16:12:23,002 - INFO - num_full_subsets = 2
2025-12-14 16:12:23,101 - INFO - phi = [-0.09858773  0.06879834 -0.03561406 -0.64241545]
2025-12-14 16:12:23,153 - INFO - num_full_subsets = 2
2025-12-14 16:12:23,248 - INFO - phi = [-0.14374251 -1.40907126 -0.07658556 -0.26232065]
2025-12-14 16:12:23,299 - INFO - num_full_subsets = 2
2025-12-14 16:12:23,392 - INFO - phi = [-0.27981596 -1.46063026 -0.1868462   0.06550947]
2025-12-14 16:12:23,446 - INFO - num_full_subsets = 2
2025-12-14 16:12:23,540 - INFO - phi = [0.3850879  0.71421397 0.28249452 0.79677373]
2025-12-14 16:12:23,592 - INFO - num_full_subsets = 2
2025-12-14 16:12:23,686 - INFO - phi = [ 8.70161882e-04  4.54932582e-01  1.51130840e-01 -1.02571383e+00]
2025-12-14 16:12:23,737 - INFO - num_full_subsets = 2
2025-12-14 16:12:23,842 - INFO - phi = [-0.03469431  0.85773235  0.28519243 -0.10795023]
2025-12-14 16:12:23,894 - INFO - num_full_subsets = 2
2025-12-14 16:12:23,987 - INFO - phi = [ 0.08773743  0.48716414 -0.00505809 -0.09197674]
2025-12-14 16:12:24,039 - INFO - num_full_subsets = 2
2025-12-14 16:12:24,130 - INFO - phi = [-0.02997149  1.05834919 -0.06327385  0.52733716]
2025-12-14 16:12:24,179 - INFO - num_full_subsets = 2
2025-12-14 16:12:24,270 - INFO - phi = [-0.257936    0.56201968 -0.25894559 -0.33139742]
2025-12-14 16:12:24,320 - INFO - num_full_subsets = 2
2025-12-14 16:12:24,410 - INFO - phi = [ 0.75345713  0.34715926 -0.12681102  0.26919164]
2025-12-14 16:12:24,471 - INFO - num_full_subsets = 2
2025-12-14 16:12:24,560 - INFO - phi = [ 0.90884819 -0.09036594 -0.13997564  0.29751309]
2025-12-14 16:12:24,611 - INFO - num_full_subsets = 2
2025-12-14 16:12:24,702 - INFO - phi = [-0.21323518 -1.39770262 -0.11580892 -0.1531881 ]
2025-12-14 16:12:24,753 - INFO - num_full_subsets = 2
2025-12-14 16:12:24,842 - INFO - phi = [0.00612705 0.94278376 0.29634495 0.80060819]
2025-12-14 16:12:24,891 - INFO - num_full_subsets = 2
2025-12-14 16:12:24,983 - INFO - phi = [-0.20259904 -0.53457497  0.29438729  0.72246038]
2025-12-14 16:12:25,033 - INFO - num_full_subsets = 2
2025-12-14 16:12:25,126 - INFO - phi = [0.06212243 0.64820765 0.23968108 0.25397628]
2025-12-14 16:12:25,183 - INFO - num_full_subsets = 2
2025-12-14 16:12:25,274 - INFO - phi = [-0.32827569 -0.19358842 -0.32625189 -0.72441561]
2025-12-14 16:12:25,324 - INFO - num_full_subsets = 2
2025-12-14 16:12:25,412 - INFO - phi = [-0.15720172  0.01245039  0.01215918 -0.20045993]
2025-12-14 16:12:25,462 - INFO - num_full_subsets = 2
2025-12-14 16:12:25,554 - INFO - phi = [-0.17714222 -1.006348    0.33143569 -0.74307869]
2025-12-14 16:12:25,606 - INFO - num_full_subsets = 2
2025-12-14 16:12:25,695 - INFO - phi = [ 0.17159729  0.3575693   0.09338696 -0.62283766]
2025-12-14 16:12:25,745 - INFO - num_full_subsets = 2
2025-12-14 16:12:25,842 - INFO - phi = [ 0.22883548  0.35516924 -0.01074517 -0.59989559]
2025-12-14 16:12:25,892 - INFO - num_full_subsets = 2
2025-12-14 16:12:25,981 - INFO - phi = [-0.08561153  0.84847339 -0.13381778  0.29598601]
2025-12-14 16:12:26,029 - INFO - num_full_subsets = 2
2025-12-14 16:12:26,119 - INFO - phi = [ 0.74178008  0.76586717 -0.09471385  0.30159119]
2025-12-14 16:12:26,169 - INFO - num_full_subsets = 2
2025-12-14 16:12:26,260 - INFO - phi = [-0.19829624 -1.20375929 -0.13348491 -0.32703798]
2025-12-14 16:12:26,308 - INFO - num_full_subsets = 2
2025-12-14 16:12:26,394 - INFO - phi = [-0.09888483  0.74202974 -0.08948901 -0.0308785 ]
2025-12-14 16:12:26,442 - INFO - num_full_subsets = 2
2025-12-14 16:12:26,535 - INFO - phi = [-0.19518227 -1.37428245 -0.13106279 -0.18227096]
2025-12-14 16:12:26,584 - INFO - num_full_subsets = 2
2025-12-14 16:12:26,673 - INFO - phi = [-0.16754714  0.30774891 -0.49575104 -0.06991575]
2025-12-14 16:12:26,722 - INFO - num_full_subsets = 2
2025-12-14 16:12:26,811 - INFO - phi = [-0.23911477 -1.35933374 -0.43615126  0.22473771]
2025-12-14 16:12:26,863 - INFO - num_full_subsets = 2
2025-12-14 16:12:26,953 - INFO - phi = [-0.16000025 -0.4381225   0.24411377  0.49718514]
2025-12-14 16:12:27,002 - INFO - num_full_subsets = 2
2025-12-14 16:12:27,088 - INFO - phi = [-0.0680194   0.42300715  0.1058328  -0.70212534]
2025-12-14 16:12:27,138 - INFO - num_full_subsets = 2
2025-12-14 16:12:27,230 - INFO - phi = [-0.05841658  0.85265237  0.10192234  0.2221927 ]
2025-12-14 16:12:27,278 - INFO - num_full_subsets = 2
2025-12-14 16:12:27,365 - INFO - phi = [ 0.59492592  0.18172387 -0.05446252  0.33760414]
2025-12-14 16:12:27,420 - INFO - num_full_subsets = 2
2025-12-14 16:12:27,509 - INFO - phi = [ 0.04157777  0.40187018  0.17929759 -0.71950312]
2025-12-14 16:12:27,559 - INFO - num_full_subsets = 2
2025-12-14 16:12:27,670 - INFO - phi = [-0.17073865 -1.07367907  0.35152027 -0.72694285]
2025-12-14 16:12:27,718 - INFO - num_full_subsets = 2
2025-12-14 16:12:27,804 - INFO - phi = [-0.09180002  0.37311718 -0.46563226  0.32633327]
2025-12-14 16:12:27,862 - INFO - num_full_subsets = 2
2025-12-14 16:12:27,949 - INFO - phi = [-0.27549615 -1.11105515 -0.11292648 -0.37432802]
2025-12-14 16:12:27,998 - INFO - num_full_subsets = 2
2025-12-14 16:12:28,085 - INFO - phi = [-0.16002602 -1.24031227  0.21446345 -0.67225827]
2025-12-14 16:12:28,134 - INFO - num_full_subsets = 2
2025-12-14 16:12:28,220 - INFO - phi = [ 0.25534932  0.20556528  0.08734401 -0.11772798]
2025-12-14 16:12:28,269 - INFO - num_full_subsets = 2
2025-12-14 16:12:28,358 - INFO - phi = [ 0.37545291  0.9296884   0.00191941 -0.23499361]
2025-12-14 16:12:28,406 - INFO - num_full_subsets = 2
2025-12-14 16:12:28,512 - INFO - phi = [ 0.4680187   0.18793619  0.14279819 -0.54540702]
2025-12-14 16:12:28,569 - INFO - num_full_subsets = 2
2025-12-14 16:12:28,658 - INFO - phi = [0.01259513 1.23530526 0.21921041 0.35103766]
2025-12-14 16:12:28,707 - INFO - num_full_subsets = 2
2025-12-14 16:12:28,798 - INFO - phi = [ 0.50468732  0.29451837 -0.2273061   0.25523176]
2025-12-14 16:12:28,847 - INFO - num_full_subsets = 2
2025-12-14 16:12:28,940 - INFO - phi = [-0.21103239 -1.12589762 -0.00808371 -0.51311939]
2025-12-14 16:12:28,993 - INFO - num_full_subsets = 2
2025-12-14 16:12:29,083 - INFO - phi = [-0.12676549  0.43305521  0.11892082  0.63990714]
2025-12-14 16:12:29,135 - INFO - num_full_subsets = 2
2025-12-14 16:12:29,234 - INFO - phi = [ 0.15905997  0.54612389 -0.41732646  0.15319822]
2025-12-14 16:12:29,287 - INFO - num_full_subsets = 2
2025-12-14 16:12:29,377 - INFO - phi = [-0.0171989   3.79752533  0.03059402 -0.34594858]
2025-12-14 16:12:29,428 - INFO - num_full_subsets = 2
2025-12-14 16:12:29,523 - INFO - phi = [0.14135501 0.76303726 0.04872059 0.22321135]
2025-12-14 16:12:29,576 - INFO - num_full_subsets = 2
2025-12-14 16:12:29,667 - INFO - phi = [-0.19544357 -1.19161353  0.16695921 -0.55122285]
2025-12-14 16:12:29,728 - INFO - num_full_subsets = 2
2025-12-14 16:12:29,819 - INFO - phi = [-0.25679482 -1.11812744 -0.06239777 -0.44455981]
2025-12-14 16:12:29,871 - INFO - num_full_subsets = 2
2025-12-14 16:12:29,972 - INFO - phi = [ 0.44818018  0.24992326  0.15941666 -0.53203026]
2025-12-14 16:12:30,027 - INFO - num_full_subsets = 2
2025-12-14 16:12:30,120 - INFO - phi = [-0.12202995  0.34713232  0.00787838  0.00051195]
2025-12-14 16:12:30,171 - INFO - num_full_subsets = 2
2025-12-14 16:12:30,260 - INFO - phi = [-0.23308213 -1.13005002 -0.4101988   0.06526958]
2025-12-14 16:12:30,310 - INFO - num_full_subsets = 2
2025-12-14 16:12:30,403 - INFO - phi = [ 0.71375314  0.86922449  0.20989968 -0.02924039]
2025-12-14 16:12:30,454 - INFO - num_full_subsets = 2
2025-12-14 16:12:30,541 - INFO - phi = [-0.16548429  0.35852846  0.19088194  0.33033813]
2025-12-14 16:12:30,591 - INFO - num_full_subsets = 2
2025-12-14 16:12:30,686 - INFO - phi = [ 0.47032243  0.89837227 -0.00935932 -0.14382993]
2025-12-14 16:12:30,734 - INFO - num_full_subsets = 2
2025-12-14 16:12:30,819 - INFO - phi = [ 0.31563993  0.24674695  0.0288865  -0.61494778]
2025-12-14 16:12:30,867 - INFO - num_full_subsets = 2
2025-12-14 16:12:30,956 - INFO - phi = [-0.15064063 -1.53461037 -0.13035116 -0.07630747]
2025-12-14 16:12:31,008 - INFO - num_full_subsets = 2
2025-12-14 16:12:31,113 - INFO - phi = [-0.24866448 -0.16153543 -0.20727006  0.07831361]
2025-12-14 16:12:31,162 - INFO - num_full_subsets = 2
2025-12-14 16:12:31,250 - INFO - phi = [-0.13088944 -1.48425357 -0.1227408  -0.16078737]
2025-12-14 16:12:31,303 - INFO - num_full_subsets = 2
2025-12-14 16:12:31,395 - INFO - phi = [-0.09180002  0.37311718 -0.46563226  0.32633327]
2025-12-14 16:12:31,447 - INFO - num_full_subsets = 2
2025-12-14 16:12:31,540 - INFO - phi = [-0.24194849 -1.38685078 -0.03159621 -0.15468973]
2025-12-14 16:12:31,591 - INFO - num_full_subsets = 2
2025-12-14 16:12:31,686 - INFO - phi = [-0.15977881 -1.52415142 -0.33241918  0.1582163 ]
2025-12-14 16:12:31,737 - INFO - num_full_subsets = 2
2025-12-14 16:12:31,826 - INFO - phi = [-0.15555907 -1.21396883  0.22582616 -0.71443137]
2025-12-14 16:12:31,875 - INFO - num_full_subsets = 2
2025-12-14 16:12:31,960 - INFO - phi = [ 0.55095346 -0.01128242 -0.18960434  0.25158029]
2025-12-14 16:12:32,013 - INFO - num_full_subsets = 2
2025-12-14 16:12:32,099 - INFO - phi = [-0.25226771 -1.12407819 -0.06733366 -0.43948941]
2025-12-14 16:12:32,146 - INFO - num_full_subsets = 2
2025-12-14 16:12:32,236 - INFO - phi = [-0.22676148 -1.15469967 -0.12017887 -0.35649309]
2025-12-14 16:12:32,284 - INFO - num_full_subsets = 2
2025-12-14 16:12:32,370 - INFO - phi = [ 0.38842597  0.68795563 -0.43484936  0.22613576]
2025-12-14 16:12:32,417 - INFO - num_full_subsets = 2
2025-12-14 16:12:32,501 - INFO - phi = [0.05333292 0.95825634 0.33420819 0.7598266 ]
2025-12-14 16:12:32,547 - INFO - num_full_subsets = 2
2025-12-14 16:12:32,640 - INFO - phi = [-0.16272225 -1.48753868 -0.35861504  0.15074286]
2025-12-14 16:12:32,688 - INFO - num_full_subsets = 2
2025-12-14 16:12:32,785 - INFO - phi = [ 0.00777165  3.70460627  0.11938179 -0.23061221]
2025-12-14 16:12:32,837 - INFO - num_full_subsets = 2
2025-12-14 16:12:32,927 - INFO - phi = [-0.27277666  0.49924372  0.2790307   0.62556316]
2025-12-14 16:12:32,986 - INFO - num_full_subsets = 2
2025-12-14 16:12:33,075 - INFO - phi = [-0.11364631  0.87593206 -0.19838167  0.60689073]
2025-12-14 16:12:33,125 - INFO - num_full_subsets = 2
2025-12-14 16:12:33,216 - INFO - phi = [-0.1829174  -1.21629243  0.20133006 -0.66944712]
2025-12-14 16:12:33,265 - INFO - num_full_subsets = 2
2025-12-14 16:12:33,362 - INFO - phi = [-0.15670406 -1.53305538 -0.33803567  0.16966199]
2025-12-14 16:12:33,412 - INFO - num_full_subsets = 2
2025-12-14 16:12:33,501 - INFO - phi = [-0.0443702   0.82204192 -0.07821602  0.41086328]
2025-12-14 16:12:33,549 - INFO - num_full_subsets = 2
2025-12-14 16:12:33,642 - INFO - phi = [-0.25136029  0.096579   -0.19816751 -0.53825928]
2025-12-14 16:12:33,690 - INFO - num_full_subsets = 2
2025-12-14 16:12:33,780 - INFO - phi = [-0.04225707  0.45168839 -0.28980262  0.21292716]
2025-12-14 16:12:33,827 - INFO - num_full_subsets = 2
2025-12-14 16:12:33,914 - INFO - phi = [ 0.11134261  0.87016666 -0.06055993 -0.30225662]
2025-12-14 16:12:33,962 - INFO - num_full_subsets = 2
2025-12-14 16:12:34,059 - INFO - phi = [ 0.24527409  0.69822248 -0.01161426  0.54841749]
2025-12-14 16:12:34,108 - INFO - num_full_subsets = 2
2025-12-14 16:12:34,198 - INFO - phi = [-0.1919799  -1.16479204  0.23283485 -0.72541698]
2025-12-14 16:12:34,245 - INFO - num_full_subsets = 2
2025-12-14 16:12:34,335 - INFO - phi = [ 0.08674307  1.10606856 -0.34405153  0.4881438 ]
2025-12-14 16:12:34,381 - INFO - num_full_subsets = 2
2025-12-14 16:12:34,472 - INFO - phi = [-0.03710696  0.65356023 -0.19240051 -0.03655239]
2025-12-14 16:12:34,518 - INFO - num_full_subsets = 2
2025-12-14 16:12:34,606 - INFO - phi = [-0.23116438 -1.40996202  0.01031696 -0.19857469]
2025-12-14 16:12:34,659 - INFO - num_full_subsets = 2
2025-12-14 16:12:34,744 - INFO - phi = [ 0.05923618  0.45523055 -0.06613219  0.69245624]
2025-12-14 16:12:34,792 - INFO - num_full_subsets = 2
2025-12-14 16:12:34,877 - INFO - phi = [0.88191357 0.74378738 0.1780319  0.40595328]
2025-12-14 16:12:34,924 - INFO - num_full_subsets = 2
2025-12-14 16:12:35,012 - INFO - phi = [-0.0723021   1.19139721  0.13363002  0.84849627]
2025-12-14 16:12:35,060 - INFO - num_full_subsets = 2
2025-12-14 16:12:35,146 - INFO - phi = [-0.16627497 -1.28933147  0.55511016  0.48851264]
2025-12-14 16:12:35,193 - INFO - num_full_subsets = 2
2025-12-14 16:12:35,278 - INFO - phi = [-0.18373195 -1.28890539  0.21420173 -0.3088161 ]
2025-12-14 16:12:35,331 - INFO - num_full_subsets = 2
2025-12-14 16:12:35,419 - INFO - phi = [-0.08902029  0.81795809 -0.3184055   0.38594295]
2025-12-14 16:12:35,466 - INFO - num_full_subsets = 2
2025-12-14 16:12:35,551 - INFO - phi = [-0.06238562  0.24145303  0.02002154 -0.70342427]
2025-12-14 16:12:35,599 - INFO - num_full_subsets = 2
2025-12-14 16:12:35,701 - INFO - phi = [-0.15743782 -1.42842585 -0.11889465 -0.19095313]
2025-12-14 16:12:35,748 - INFO - num_full_subsets = 2
2025-12-14 16:12:35,834 - INFO - phi = [ 0.63289288  0.8114459  -0.0836903   0.27191543]
2025-12-14 16:12:35,881 - INFO - num_full_subsets = 2
2025-12-14 16:12:35,977 - INFO - phi = [0.96800854 0.88202145 0.20945841 0.50817035]
2025-12-14 16:12:36,024 - INFO - num_full_subsets = 2
2025-12-14 16:12:36,109 - INFO - phi = [-0.16254347 -1.46175632 -0.04257788 -0.20752977]
2025-12-14 16:12:36,155 - INFO - num_full_subsets = 2
2025-12-14 16:12:36,240 - INFO - phi = [-0.17880907 -1.15885774  0.33897368 -0.66084601]
2025-12-14 16:12:36,287 - INFO - num_full_subsets = 2
2025-12-14 16:12:36,376 - INFO - phi = [0.18549586 0.53410696 0.20056666 0.630892  ]
2025-12-14 16:12:36,423 - INFO - num_full_subsets = 2
2025-12-14 16:12:36,508 - INFO - phi = [0.4015585  0.9811498  0.0322172  0.52108041]
2025-12-14 16:12:36,554 - INFO - num_full_subsets = 2
2025-12-14 16:12:36,646 - INFO - phi = [ 0.27871874  0.56657358 -0.17230617 -0.17893962]
2025-12-14 16:12:36,693 - INFO - num_full_subsets = 2
2025-12-14 16:12:36,783 - INFO - phi = [-0.16661579  0.65872589 -0.03655884 -0.2610338 ]
2025-12-14 16:12:36,830 - INFO - num_full_subsets = 2
2025-12-14 16:12:36,917 - INFO - phi = [0.20018553 0.84297321 0.33808677 0.66871781]
2025-12-14 16:12:36,964 - INFO - num_full_subsets = 2
2025-12-14 16:12:37,050 - INFO - phi = [-0.26864982 -1.01469164  0.02958449 -0.61999567]
2025-12-14 16:12:37,100 - INFO - num_full_subsets = 2
2025-12-14 16:12:37,188 - INFO - phi = [ 0.06115124  1.00108232 -0.05590923 -0.0282919 ]
2025-12-14 16:12:37,235 - INFO - num_full_subsets = 2
2025-12-14 16:12:37,328 - INFO - phi = [ 0.33413498  0.6218239  -0.20965308  0.22504806]
2025-12-14 16:12:37,375 - INFO - num_full_subsets = 2
2025-12-14 16:12:37,465 - INFO - phi = [-0.18481025 -1.48482942 -0.31922158  0.13072814]
2025-12-14 16:12:37,513 - INFO - num_full_subsets = 2
2025-12-14 16:12:37,605 - INFO - phi = [ 0.11134261  0.87016666 -0.06055993 -0.30225662]
2025-12-14 16:12:38,126 - INFO - Computing feature importance...
2025-12-14 16:12:45,912 - INFO - Experiment completed for CNN
2025-12-14 16:12:45,912 - INFO - Total time: 246.17s (4.10 min)
2025-12-14 16:12:45,912 - INFO - Starting comprehensive experiment for CNN
2025-12-14 16:12:53,995 - INFO - Performing feature analysis...
2025-12-14 16:12:55,187 - INFO - Model justification: Fast 1D Convolutional Neural Network - perfect for tabular features with local patterns
2025-12-14 16:12:55,187 - INFO - Performing robust cross-validation...
