2025-12-14 04:15:00,567 - INFO - Starting comprehensive experiment for CNN
2025-12-14 04:15:09,841 - INFO - Performing feature analysis...
2025-12-14 04:15:12,580 - INFO - Model justification: Fast 1D Convolutional Neural Network - perfect for tabular features with local patterns
2025-12-14 04:15:12,581 - INFO - Performing robust cross-validation...
2025-12-14 04:15:35,357 - INFO - CV Results - MSE: 2.2220 ± 0.4135
2025-12-14 04:15:35,357 - INFO - Starting hyperparameter optimization...
2025-12-14 04:18:33,444 - INFO - Best parameters for CNN: {'filters': 62, 'kernel_size': 3, 'dense_units': 23, 'lr': 0.027480270757672943, 'epochs': 94}
2025-12-14 04:18:33,444 - INFO - ⏱️ HPO took 178.09 seconds
2025-12-14 04:18:33,444 - INFO - Training final model...
2025-12-14 04:18:35,531 - INFO - ⏱️ Training took 2.09 seconds
2025-12-14 04:18:35,531 - INFO - Performing residual analysis...
2025-12-14 04:18:36,590 - INFO - Generating XAI explanations...
2025-12-14 04:18:36,625 - WARNING - Using 168 background data samples could cause slower run times. Consider using shap.sample(data, K) or shap.kmeans(data, K) to summarize the background as K samples.
2025-12-14 04:18:36,671 - INFO - num_full_subsets = 2
2025-12-14 04:18:36,769 - INFO - phi = [ 0.59651403  0.68554073 -0.05228026  0.01748804]
2025-12-14 04:18:36,816 - INFO - num_full_subsets = 2
2025-12-14 04:18:36,908 - INFO - phi = [ 0.07776555  0.75756627 -0.24969019  0.22579317]
2025-12-14 04:18:36,953 - INFO - num_full_subsets = 2
2025-12-14 04:18:37,043 - INFO - phi = [-0.29627201 -0.71747206  0.01855916 -0.3599016 ]
2025-12-14 04:18:37,089 - INFO - num_full_subsets = 2
2025-12-14 04:18:37,176 - INFO - phi = [-0.14257495  0.58542198 -0.21873828  0.01772667]
2025-12-14 04:18:37,221 - INFO - num_full_subsets = 2
2025-12-14 04:18:37,313 - INFO - phi = [ 0.48721248  0.47014187 -0.42055777  0.29643111]
2025-12-14 04:18:37,357 - INFO - num_full_subsets = 2
2025-12-14 04:18:37,453 - INFO - phi = [ 0.39906616  0.39834982 -0.2654542  -0.35207681]
2025-12-14 04:18:37,499 - INFO - num_full_subsets = 2
2025-12-14 04:18:37,587 - INFO - phi = [ 0.01666504  0.38524777  0.14974776 -0.71704862]
2025-12-14 04:18:37,631 - INFO - num_full_subsets = 2
2025-12-14 04:18:37,718 - INFO - phi = [-0.06286093  0.69523429 -0.18607393  0.45192021]
2025-12-14 04:18:37,763 - INFO - num_full_subsets = 2
2025-12-14 04:18:37,847 - INFO - phi = [-0.22856751 -1.20676677 -0.20697374 -0.20978407]
2025-12-14 04:18:37,892 - INFO - num_full_subsets = 2
2025-12-14 04:18:37,977 - INFO - phi = [-0.11871855  0.43824576  0.31662872  0.55319711]
2025-12-14 04:18:38,027 - INFO - num_full_subsets = 2
2025-12-14 04:18:38,117 - INFO - phi = [-0.05782831  0.73110108  0.12798088  0.26904651]
2025-12-14 04:18:38,161 - INFO - num_full_subsets = 2
2025-12-14 04:18:38,247 - INFO - phi = [ 0.47462197  0.59174275 -0.2996551   0.37530542]
2025-12-14 04:18:38,292 - INFO - num_full_subsets = 2
2025-12-14 04:18:38,376 - INFO - phi = [ 0.32925905  0.38339316  0.0589158  -0.81565298]
2025-12-14 04:18:38,422 - INFO - num_full_subsets = 2
2025-12-14 04:18:38,507 - INFO - phi = [0.64527194 0.08077468 0.25096447 0.62939422]
2025-12-14 04:18:38,553 - INFO - num_full_subsets = 2
2025-12-14 04:18:38,646 - INFO - phi = [ 0.74363771  0.0221898  -0.21536112  0.5122492 ]
2025-12-14 04:18:38,691 - INFO - num_full_subsets = 2
2025-12-14 04:18:38,782 - INFO - phi = [-0.13930527  0.53741364 -0.21539479  0.12328385]
2025-12-14 04:18:38,827 - INFO - num_full_subsets = 2
2025-12-14 04:18:38,916 - INFO - phi = [-0.19145401  0.47746931 -0.06480154 -0.19948376]
2025-12-14 04:18:38,961 - INFO - num_full_subsets = 2
2025-12-14 04:18:39,051 - INFO - phi = [-0.17195822 -0.38310881  0.33242292 -0.67962544]
2025-12-14 04:18:39,096 - INFO - num_full_subsets = 2
2025-12-14 04:18:39,185 - INFO - phi = [ 0.46800078 -0.17164082  0.11781773 -0.26887392]
2025-12-14 04:18:39,230 - INFO - num_full_subsets = 2
2025-12-14 04:18:39,326 - INFO - phi = [0.52691299 0.57932915 0.21553476 0.36003639]
2025-12-14 04:18:39,372 - INFO - num_full_subsets = 2
2025-12-14 04:18:39,456 - INFO - phi = [-0.19496221  0.41978073 -0.05923964  0.3269501 ]
2025-12-14 04:18:39,500 - INFO - num_full_subsets = 2
2025-12-14 04:18:39,591 - INFO - phi = [-0.10394514  0.80023526  0.26352088  0.48154046]
2025-12-14 04:18:39,636 - INFO - num_full_subsets = 2
2025-12-14 04:18:39,728 - INFO - phi = [ 0.31796182  0.39733778  0.08401777 -0.80104704]
2025-12-14 04:18:39,773 - INFO - num_full_subsets = 2
2025-12-14 04:18:39,862 - INFO - phi = [ 0.22571393  0.3439464   0.12372196 -0.62027809]
2025-12-14 04:18:39,912 - INFO - num_full_subsets = 2
2025-12-14 04:18:40,002 - INFO - phi = [-0.17468862 -0.32640735  0.13910482 -0.22397108]
2025-12-14 04:18:40,048 - INFO - num_full_subsets = 2
2025-12-14 04:18:40,138 - INFO - phi = [-0.27951639 -1.12853235  0.06039427 -0.17919702]
2025-12-14 04:18:40,183 - INFO - num_full_subsets = 2
2025-12-14 04:18:40,271 - INFO - phi = [0.45788273 0.59572093 0.1543499  0.18574136]
2025-12-14 04:18:40,317 - INFO - num_full_subsets = 2
2025-12-14 04:18:40,406 - INFO - phi = [-0.24426367 -1.243387   -0.10607711  0.04806067]
2025-12-14 04:18:40,452 - INFO - num_full_subsets = 2
2025-12-14 04:18:40,540 - INFO - phi = [-0.23880743 -0.81534344 -0.28744684 -0.32080165]
2025-12-14 04:18:40,590 - INFO - num_full_subsets = 2
2025-12-14 04:18:40,679 - INFO - phi = [-0.15310309  0.5389302   0.16111445  0.3056934 ]
2025-12-14 04:18:40,725 - INFO - num_full_subsets = 2
2025-12-14 04:18:40,813 - INFO - phi = [-0.21665027 -0.9297927   0.26356563 -0.62255319]
2025-12-14 04:18:40,857 - INFO - num_full_subsets = 2
2025-12-14 04:18:40,948 - INFO - phi = [-0.23794303 -0.6923611  -0.19730804 -0.37040735]
2025-12-14 04:18:40,994 - INFO - num_full_subsets = 2
2025-12-14 04:18:41,083 - INFO - phi = [-0.22425906 -0.69952623  0.23418034 -0.55470859]
2025-12-14 04:18:41,130 - INFO - num_full_subsets = 2
2025-12-14 04:18:41,222 - INFO - phi = [-0.08702247  0.4176784  -0.19290974  0.37204405]
2025-12-14 04:18:41,268 - INFO - num_full_subsets = 2
2025-12-14 04:18:41,359 - INFO - phi = [-0.18725371  0.53639241 -0.22953244  0.42006044]
2025-12-14 04:18:41,406 - INFO - num_full_subsets = 2
2025-12-14 04:18:41,493 - INFO - phi = [-0.14888332  0.76737    -0.32420289  0.4009961 ]
2025-12-14 04:18:41,539 - INFO - num_full_subsets = 2
2025-12-14 04:18:41,623 - INFO - phi = [-0.09653388 -0.18349026 -0.4236423   0.17981986]
2025-12-14 04:18:41,669 - INFO - num_full_subsets = 2
2025-12-14 04:18:41,758 - INFO - phi = [ 0.24174866  0.04830468  0.17342206 -0.6297835 ]
2025-12-14 04:18:41,803 - INFO - num_full_subsets = 2
2025-12-14 04:18:41,896 - INFO - phi = [-0.21773505 -0.42170099 -0.54246786  0.50924169]
2025-12-14 04:18:41,941 - INFO - num_full_subsets = 2
2025-12-14 04:18:42,032 - INFO - phi = [-0.29562837 -0.05328416  0.1960679   0.40431811]
2025-12-14 04:18:42,077 - INFO - num_full_subsets = 2
2025-12-14 04:18:42,166 - INFO - phi = [-0.12347027  0.78253414 -0.39202987  0.14193403]
2025-12-14 04:18:42,211 - INFO - num_full_subsets = 2
2025-12-14 04:18:42,300 - INFO - phi = [ 0.22571393  0.3439464   0.12372196 -0.62027809]
2025-12-14 04:18:42,345 - INFO - num_full_subsets = 2
2025-12-14 04:18:42,434 - INFO - phi = [-0.2871888  -0.23750096  0.20664193  0.52749241]
2025-12-14 04:18:42,479 - INFO - num_full_subsets = 2
2025-12-14 04:18:42,572 - INFO - phi = [-0.22895461 -0.92448165 -0.27852216 -0.26999982]
2025-12-14 04:18:42,617 - INFO - num_full_subsets = 2
2025-12-14 04:18:42,706 - INFO - phi = [-0.22682974 -1.09545341 -0.18199612 -0.38136273]
2025-12-14 04:18:42,750 - INFO - num_full_subsets = 2
2025-12-14 04:18:42,838 - INFO - phi = [-0.24214053 -0.91894198 -0.1219222  -0.35288643]
2025-12-14 04:18:42,883 - INFO - num_full_subsets = 2
2025-12-14 04:18:42,971 - INFO - phi = [-0.2534803  -1.11641856 -0.18277624  0.39558568]
2025-12-14 04:18:43,015 - INFO - num_full_subsets = 2
2025-12-14 04:18:43,104 - INFO - phi = [-0.19380781 -0.63210189  0.22485262  0.41989741]
2025-12-14 04:18:43,154 - INFO - num_full_subsets = 2
2025-12-14 04:18:43,244 - INFO - phi = [-0.02707817  0.81955926  0.32478514  0.54090024]
2025-12-14 04:18:43,288 - INFO - num_full_subsets = 2
2025-12-14 04:18:43,379 - INFO - phi = [0.4399354  0.53373984 0.15297823 0.42856386]
2025-12-14 04:18:43,423 - INFO - num_full_subsets = 2
2025-12-14 04:18:43,510 - INFO - phi = [-0.29116253 -0.78420393  0.04451696 -0.48769429]
2025-12-14 04:18:43,556 - INFO - num_full_subsets = 2
2025-12-14 04:18:43,645 - INFO - phi = [ 0.05756588  0.32643506  0.15018429 -0.65500546]
2025-12-14 04:18:43,691 - INFO - num_full_subsets = 2
2025-12-14 04:18:43,779 - INFO - phi = [-0.1006142   0.38182615  0.42946964  0.33471242]
2025-12-14 04:18:43,829 - INFO - num_full_subsets = 2
2025-12-14 04:18:43,920 - INFO - phi = [-0.2000791   0.42400343  0.01558831 -0.54203882]
2025-12-14 04:18:43,965 - INFO - num_full_subsets = 2
2025-12-14 04:18:44,052 - INFO - phi = [-0.15857822  0.35941481  0.16915458  0.05409212]
2025-12-14 04:18:44,096 - INFO - num_full_subsets = 2
2025-12-14 04:18:44,182 - INFO - phi = [-0.25114583 -1.14764065 -0.11354919 -0.17266661]
2025-12-14 04:18:44,226 - INFO - num_full_subsets = 2
2025-12-14 04:18:44,314 - INFO - phi = [-0.23089094 -1.18105597 -0.30335103 -0.0740133 ]
2025-12-14 04:18:44,359 - INFO - num_full_subsets = 2
2025-12-14 04:18:44,455 - INFO - phi = [ 0.62595322 -0.08710401 -0.45686551 -0.15495046]
2025-12-14 04:18:44,501 - INFO - num_full_subsets = 2
2025-12-14 04:18:44,595 - INFO - phi = [ 0.24832702  0.44624694 -0.06454321 -0.37802702]
2025-12-14 04:18:44,641 - INFO - num_full_subsets = 2
2025-12-14 04:18:44,731 - INFO - phi = [-6.21566638e-04  6.49368755e-01 -1.89205387e-01  4.57435182e-01]
2025-12-14 04:18:44,777 - INFO - num_full_subsets = 2
2025-12-14 04:18:44,869 - INFO - phi = [-0.08409921  0.71278442  0.26494934  0.16318829]
2025-12-14 04:18:44,914 - INFO - num_full_subsets = 2
2025-12-14 04:18:45,000 - INFO - phi = [-0.11122718  0.41357691  0.31621287  0.44930854]
2025-12-14 04:18:45,057 - INFO - num_full_subsets = 2
2025-12-14 04:18:45,157 - INFO - phi = [0.10654506 0.74296604 0.12975677 0.46807315]
2025-12-14 04:18:45,205 - INFO - num_full_subsets = 2
2025-12-14 04:18:45,293 - INFO - phi = [0.14773977 0.73352544 0.22790898 0.29168188]
2025-12-14 04:18:45,340 - INFO - num_full_subsets = 2
2025-12-14 04:18:45,431 - INFO - phi = [-0.22830664 -0.90961434  0.22379449 -0.41496416]
2025-12-14 04:18:45,477 - INFO - num_full_subsets = 2
2025-12-14 04:18:45,569 - INFO - phi = [-0.30420593 -0.5980429   0.10358682 -0.08484804]
2025-12-14 04:18:45,615 - INFO - num_full_subsets = 2
2025-12-14 04:18:45,700 - INFO - phi = [-0.17535386 -0.03153785 -0.08001701 -0.41883358]
2025-12-14 04:18:45,744 - INFO - num_full_subsets = 2
2025-12-14 04:18:45,838 - INFO - phi = [ 0.58529386  0.36335748  0.0207135  -0.70760789]
2025-12-14 04:18:45,882 - INFO - num_full_subsets = 2
2025-12-14 04:18:45,969 - INFO - phi = [-0.18483546 -0.4862319  -0.29278978  0.07710673]
2025-12-14 04:18:46,013 - INFO - num_full_subsets = 2
2025-12-14 04:18:46,101 - INFO - phi = [-0.01292394  0.60930593  0.19350968  0.42636691]
2025-12-14 04:18:46,145 - INFO - num_full_subsets = 2
2025-12-14 04:18:46,233 - INFO - phi = [0.02703392 0.78647416 0.2767133  0.53143081]
2025-12-14 04:18:46,277 - INFO - num_full_subsets = 2
2025-12-14 04:18:46,369 - INFO - phi = [-0.2608149  -0.10485934  0.22878643  0.46490796]
2025-12-14 04:18:46,418 - INFO - num_full_subsets = 2
2025-12-14 04:18:46,510 - INFO - phi = [ 0.53523278  0.59371736 -0.43966718  0.27615451]
2025-12-14 04:18:46,555 - INFO - num_full_subsets = 2
2025-12-14 04:18:46,644 - INFO - phi = [-0.27162737 -0.77791286  0.09063936 -0.57764029]
2025-12-14 04:18:46,688 - INFO - num_full_subsets = 2
2025-12-14 04:18:46,778 - INFO - phi = [-0.2871888  -0.23750096  0.20664193  0.52749241]
2025-12-14 04:18:46,823 - INFO - num_full_subsets = 2
2025-12-14 04:18:46,912 - INFO - phi = [-0.14395497  0.57805442 -0.20497561  0.29280262]
2025-12-14 04:18:46,956 - INFO - num_full_subsets = 2
2025-12-14 04:18:47,043 - INFO - phi = [ 0.21037215  0.46531449 -0.23697593 -0.59251162]
2025-12-14 04:18:47,091 - INFO - num_full_subsets = 2
2025-12-14 04:18:47,180 - INFO - phi = [-0.00661255  0.83949063 -0.25739078  0.3034407 ]
2025-12-14 04:18:47,225 - INFO - num_full_subsets = 2
2025-12-14 04:18:47,311 - INFO - phi = [-0.24488741 -1.14566862 -0.25121408  0.22073177]
2025-12-14 04:18:47,356 - INFO - num_full_subsets = 2
2025-12-14 04:18:47,448 - INFO - phi = [-0.22210897  0.10321053  0.06387665 -0.33045713]
2025-12-14 04:18:47,493 - INFO - num_full_subsets = 2
2025-12-14 04:18:47,582 - INFO - phi = [-0.27280271 -1.31024726 -0.01233251  0.08736034]
2025-12-14 04:18:47,627 - INFO - num_full_subsets = 2
2025-12-14 04:18:47,720 - INFO - phi = [0.15651842 0.67374586 0.38197409 0.43986559]
2025-12-14 04:18:47,765 - INFO - num_full_subsets = 2
2025-12-14 04:18:47,858 - INFO - phi = [-0.2120198  -0.91215751  0.34120108 -0.43987582]
2025-12-14 04:18:47,902 - INFO - num_full_subsets = 2
2025-12-14 04:18:47,987 - INFO - phi = [-0.13099131  0.52902631  0.24789146 -0.0305392 ]
2025-12-14 04:18:48,031 - INFO - num_full_subsets = 2
2025-12-14 04:18:48,123 - INFO - phi = [-0.15468038  0.68235621 -0.24385071  0.14664588]
2025-12-14 04:18:48,167 - INFO - num_full_subsets = 2
2025-12-14 04:18:48,253 - INFO - phi = [ 0.02982648  0.86626091 -0.16204343  0.26647585]
2025-12-14 04:18:48,297 - INFO - num_full_subsets = 2
2025-12-14 04:18:48,392 - INFO - phi = [ 0.22986789  0.74658451 -0.18315401  0.33000985]
2025-12-14 04:18:48,438 - INFO - num_full_subsets = 2
2025-12-14 04:18:48,532 - INFO - phi = [ 0.11797346  0.35614141  0.06650697 -0.81337788]
2025-12-14 04:18:48,577 - INFO - num_full_subsets = 2
2025-12-14 04:18:48,668 - INFO - phi = [-0.02980045  0.87380834 -0.16359446  0.23442184]
2025-12-14 04:18:48,713 - INFO - num_full_subsets = 2
2025-12-14 04:18:48,804 - INFO - phi = [-0.2034518  -0.39380547 -0.34521061  0.23819495]
2025-12-14 04:18:48,849 - INFO - num_full_subsets = 2
2025-12-14 04:18:48,935 - INFO - phi = [ 0.25045264  0.37026475  0.12084522 -0.73168655]
2025-12-14 04:18:48,979 - INFO - num_full_subsets = 2
2025-12-14 04:18:49,071 - INFO - phi = [-0.16275852 -0.45994009  0.26648875  0.52243989]
2025-12-14 04:18:49,116 - INFO - num_full_subsets = 2
2025-12-14 04:18:49,207 - INFO - phi = [-0.20521908  0.46143189 -0.25610773  0.47205126]
2025-12-14 04:18:49,252 - INFO - num_full_subsets = 2
2025-12-14 04:18:49,339 - INFO - phi = [-0.06489801  0.48328615  0.35316566 -0.79427074]
2025-12-14 04:18:49,384 - INFO - num_full_subsets = 2
2025-12-14 04:18:49,477 - INFO - phi = [ 0.8221782  -0.31510271 -0.38513686  0.40835298]
2025-12-14 04:18:49,522 - INFO - num_full_subsets = 2
2025-12-14 04:18:49,609 - INFO - phi = [-0.26150203 -0.8427934   0.0950389  -0.70670905]
2025-12-14 04:18:49,658 - INFO - num_full_subsets = 2
2025-12-14 04:18:49,746 - INFO - phi = [-0.01803843  0.06585438  0.25501238  0.48507336]
2025-12-14 04:18:49,790 - INFO - num_full_subsets = 2
2025-12-14 04:18:49,879 - INFO - phi = [ 0.45315506 -0.09695095 -0.36058694 -0.26069614]
2025-12-14 04:18:49,924 - INFO - num_full_subsets = 2
2025-12-14 04:18:50,012 - INFO - phi = [ 0.13293548  0.47768067 -0.02114976 -0.2908125 ]
2025-12-14 04:18:50,056 - INFO - num_full_subsets = 2
2025-12-14 04:18:50,139 - INFO - phi = [-0.25350568 -0.20376797  0.11040328  0.13335133]
2025-12-14 04:18:50,183 - INFO - num_full_subsets = 2
2025-12-14 04:18:50,268 - INFO - phi = [ 0.31754603  0.65401413  0.11485446 -0.03164313]
2025-12-14 04:18:50,316 - INFO - num_full_subsets = 2
2025-12-14 04:18:50,403 - INFO - phi = [-0.29197433 -1.1197961   0.03530298  0.01321391]
2025-12-14 04:18:50,447 - INFO - num_full_subsets = 2
2025-12-14 04:18:50,533 - INFO - phi = [0.56922892 0.37652675 0.32537301 0.62763884]
2025-12-14 04:18:50,577 - INFO - num_full_subsets = 2
2025-12-14 04:18:50,664 - INFO - phi = [-0.28998063 -0.9183514  -0.01886522 -0.05659377]
2025-12-14 04:18:50,709 - INFO - num_full_subsets = 2
2025-12-14 04:18:50,799 - INFO - phi = [-0.20521908  0.46143189 -0.25610773  0.47205126]
2025-12-14 04:18:50,843 - INFO - num_full_subsets = 2
2025-12-14 04:18:50,932 - INFO - phi = [-0.22401627 -0.575863   -0.45491446  0.06603028]
2025-12-14 04:18:50,979 - INFO - num_full_subsets = 2
2025-12-14 04:18:51,070 - INFO - phi = [-0.22404402 -0.72062216 -0.14416944 -0.44369272]
2025-12-14 04:18:51,114 - INFO - num_full_subsets = 2
2025-12-14 04:18:51,207 - INFO - phi = [ 0.07070993  0.84680864  0.12015898 -0.01317903]
2025-12-14 04:18:51,253 - INFO - num_full_subsets = 2
2025-12-14 04:18:51,340 - INFO - phi = [ 0.60655246  0.09520341 -0.2146092   0.15417933]
2025-12-14 04:18:51,386 - INFO - num_full_subsets = 2
2025-12-14 04:18:51,476 - INFO - phi = [-0.06010424  0.8388262   0.32116817  0.53898111]
2025-12-14 04:18:51,521 - INFO - num_full_subsets = 2
2025-12-14 04:18:51,619 - INFO - phi = [-0.22004657 -1.00938089 -0.19757966 -0.45486775]
2025-12-14 04:18:51,666 - INFO - num_full_subsets = 2
2025-12-14 04:18:51,755 - INFO - phi = [0.17963555 0.60866794 0.23531366 0.14459436]
2025-12-14 04:18:51,798 - INFO - num_full_subsets = 2
2025-12-14 04:18:51,885 - INFO - phi = [ 0.20021154  0.38086223  0.06379059 -0.68852113]
2025-12-14 04:18:51,929 - INFO - num_full_subsets = 2
2025-12-14 04:18:52,018 - INFO - phi = [-0.19845828 -0.15622484  0.11095036 -0.11647402]
2025-12-14 04:18:52,063 - INFO - num_full_subsets = 2
2025-12-14 04:18:52,150 - INFO - phi = [ 0.13847814  0.48379888 -0.10442088 -0.69080684]
2025-12-14 04:18:52,194 - INFO - num_full_subsets = 2
2025-12-14 04:18:52,284 - INFO - phi = [-0.03900409  0.69743167  0.28584149  0.51931398]
2025-12-14 04:18:52,329 - INFO - num_full_subsets = 2
2025-12-14 04:18:52,419 - INFO - phi = [ 0.58952893  0.21526445 -0.09209189  0.3544115 ]
2025-12-14 04:18:52,464 - INFO - num_full_subsets = 2
2025-12-14 04:18:52,555 - INFO - phi = [ 0.57623329  0.45208697 -0.3838909   0.2427751 ]
2025-12-14 04:18:52,599 - INFO - num_full_subsets = 2
2025-12-14 04:18:52,690 - INFO - phi = [-0.12500506  0.47813332  0.30262677  0.44269378]
2025-12-14 04:18:52,734 - INFO - num_full_subsets = 2
2025-12-14 04:18:52,823 - INFO - phi = [0.02365362 0.17829677 0.12372566 0.43763062]
2025-12-14 04:18:52,872 - INFO - num_full_subsets = 2
2025-12-14 04:18:52,963 - INFO - phi = [0.25028652 0.57083738 0.24057085 0.16581576]
2025-12-14 04:18:53,007 - INFO - num_full_subsets = 2
2025-12-14 04:18:53,092 - INFO - phi = [0.23491763 0.30461508 0.07060671 0.27373815]
2025-12-14 04:18:53,137 - INFO - num_full_subsets = 2
2025-12-14 04:18:53,224 - INFO - phi = [-0.2432892  -1.08651089 -0.26490865 -0.14348007]
2025-12-14 04:18:53,267 - INFO - num_full_subsets = 2
2025-12-14 04:18:53,395 - INFO - phi = [-0.20983512 -0.8226456   0.32017328 -0.65628012]
2025-12-14 04:18:53,439 - INFO - num_full_subsets = 2
2025-12-14 04:18:53,525 - INFO - phi = [-0.18862498  0.36947932  0.03411736  0.43493571]
2025-12-14 04:18:53,572 - INFO - num_full_subsets = 2
2025-12-14 04:18:53,656 - INFO - phi = [0.61275162 0.40981308 0.29438708 0.59511377]
2025-12-14 04:18:53,701 - INFO - num_full_subsets = 2
2025-12-14 04:18:53,790 - INFO - phi = [-0.11808597  0.79938059 -0.17019172  0.40630896]
2025-12-14 04:18:53,834 - INFO - num_full_subsets = 2
2025-12-14 04:18:53,916 - INFO - phi = [0.15518309 0.68876684 0.18514178 0.54194612]
2025-12-14 04:18:53,960 - INFO - num_full_subsets = 2
2025-12-14 04:18:54,049 - INFO - phi = [-0.22957156 -0.89161932 -0.22188811 -0.01129405]
2025-12-14 04:18:54,094 - INFO - num_full_subsets = 2
2025-12-14 04:18:54,186 - INFO - phi = [-0.20325508 -0.92485682  0.33792023 -0.52906195]
2025-12-14 04:18:54,231 - INFO - num_full_subsets = 2
2025-12-14 04:18:54,321 - INFO - phi = [-0.17626794  0.41272954 -0.19644907  0.08893288]
2025-12-14 04:18:54,367 - INFO - num_full_subsets = 2
2025-12-14 04:18:54,457 - INFO - phi = [-0.15281016 -0.25760338  0.19872889 -0.68422341]
2025-12-14 04:18:54,502 - INFO - num_full_subsets = 2
2025-12-14 04:18:54,591 - INFO - phi = [0.60519893 0.34474665 0.07577778 0.48070017]
2025-12-14 04:18:54,635 - INFO - num_full_subsets = 2
2025-12-14 04:18:54,723 - INFO - phi = [-0.09454706  0.47331584  0.03627473  0.34619034]
2025-12-14 04:18:54,766 - INFO - num_full_subsets = 2
2025-12-14 04:18:54,860 - INFO - phi = [0.46782143 0.42284789 0.10342821 0.52111649]
2025-12-14 04:18:54,904 - INFO - num_full_subsets = 2
2025-12-14 04:18:54,995 - INFO - phi = [-0.29343798 -1.10260533  0.06680474  0.10765777]
2025-12-14 04:18:55,040 - INFO - num_full_subsets = 2
2025-12-14 04:18:55,129 - INFO - phi = [-0.24185464 -0.88710431 -0.28624543 -0.04213759]
2025-12-14 04:18:55,173 - INFO - num_full_subsets = 2
2025-12-14 04:18:55,260 - INFO - phi = [-0.16427894  0.5843955  -0.17365112 -0.06413764]
2025-12-14 04:18:55,306 - INFO - num_full_subsets = 2
2025-12-14 04:18:55,394 - INFO - phi = [-0.16649608  0.03965082 -0.47460307  0.28167996]
2025-12-14 04:18:55,439 - INFO - num_full_subsets = 2
2025-12-14 04:18:55,532 - INFO - phi = [ 0.19752325  0.42993415 -0.06762948 -0.73335082]
2025-12-14 04:18:55,577 - INFO - num_full_subsets = 2
2025-12-14 04:18:55,666 - INFO - phi = [ 0.07070993  0.84680864  0.12015898 -0.01317903]
2025-12-14 04:18:55,711 - INFO - num_full_subsets = 2
2025-12-14 04:18:55,800 - INFO - phi = [-0.17381554  0.72233949  0.00318491 -0.02848421]
2025-12-14 04:18:55,847 - INFO - num_full_subsets = 2
2025-12-14 04:18:55,937 - INFO - phi = [ 0.10284176  0.40273925  0.16283413 -0.35636641]
2025-12-14 04:18:55,981 - INFO - num_full_subsets = 2
2025-12-14 04:18:56,069 - INFO - phi = [0.51096529 0.482012   0.31726376 0.53120064]
2025-12-14 04:18:56,119 - INFO - num_full_subsets = 2
2025-12-14 04:18:56,207 - INFO - phi = [-0.24904826 -0.88889321  0.29301784  0.50302237]
2025-12-14 04:18:56,253 - INFO - num_full_subsets = 2
2025-12-14 04:18:56,345 - INFO - phi = [-0.25496714 -0.92136932  0.09985872 -0.68233094]
2025-12-14 04:18:56,391 - INFO - num_full_subsets = 2
2025-12-14 04:18:56,475 - INFO - phi = [0.46337203 0.55458575 0.20534795 0.38901618]
2025-12-14 04:18:56,519 - INFO - num_full_subsets = 2
2025-12-14 04:18:56,603 - INFO - phi = [-0.23065863 -1.13438    -0.26332962 -0.21187419]
2025-12-14 04:18:56,646 - INFO - num_full_subsets = 2
2025-12-14 04:18:56,732 - INFO - phi = [-0.25580086 -1.01863695 -0.12037796 -0.30239985]
2025-12-14 04:18:56,781 - INFO - num_full_subsets = 2
2025-12-14 04:18:56,868 - INFO - phi = [-0.19449649 -0.65677554  0.36444083 -0.56579166]
2025-12-14 04:18:56,912 - INFO - num_full_subsets = 2
2025-12-14 04:18:56,999 - INFO - phi = [ 0.2232636   0.50999723 -0.2317121  -0.35044899]
2025-12-14 04:18:57,043 - INFO - num_full_subsets = 2
2025-12-14 04:18:57,129 - INFO - phi = [-0.23312818 -0.78451223 -0.28619231 -0.18695496]
2025-12-14 04:18:57,174 - INFO - num_full_subsets = 2
2025-12-14 04:18:57,263 - INFO - phi = [-0.28346334 -0.85630031  0.08411007 -0.51518457]
2025-12-14 04:18:57,307 - INFO - num_full_subsets = 2
2025-12-14 04:18:57,399 - INFO - phi = [ 1.06449399 -0.2062249   0.18408779  0.38261906]
2025-12-14 04:18:57,443 - INFO - num_full_subsets = 2
2025-12-14 04:18:57,533 - INFO - phi = [-0.17472329  0.5909831  -0.01190269 -0.54293143]
2025-12-14 04:18:57,579 - INFO - num_full_subsets = 2
2025-12-14 04:18:57,666 - INFO - phi = [-0.2534803  -1.11641856 -0.18277624  0.39558568]
2025-12-14 04:18:57,711 - INFO - num_full_subsets = 2
2025-12-14 04:18:57,801 - INFO - phi = [-0.18951654  0.55771102 -0.25060037  0.00570816]
2025-12-14 04:18:57,845 - INFO - num_full_subsets = 2
2025-12-14 04:18:57,934 - INFO - phi = [-0.29026413 -0.66730766  0.04109464 -0.44222927]
2025-12-14 04:18:57,979 - INFO - num_full_subsets = 2
2025-12-14 04:18:58,074 - INFO - phi = [-0.15128584  0.29395353 -0.56204909  0.13116821]
2025-12-14 04:18:58,118 - INFO - num_full_subsets = 2
2025-12-14 04:18:58,209 - INFO - phi = [-0.27430595 -0.86502274 -0.00805026 -0.58674233]
2025-12-14 04:18:58,253 - INFO - num_full_subsets = 2
2025-12-14 04:18:58,342 - INFO - phi = [ 0.03878137  0.38173942  0.12423285 -0.7617102 ]
2025-12-14 04:18:58,388 - INFO - num_full_subsets = 2
2025-12-14 04:18:58,481 - INFO - phi = [0.72612583 0.47708292 0.39591476 0.45607808]
2025-12-14 04:18:58,526 - INFO - num_full_subsets = 2
2025-12-14 04:18:58,616 - INFO - phi = [ 0.11307391  0.10718354 -0.21439115  0.14166598]
2025-12-14 04:18:58,660 - INFO - num_full_subsets = 2
2025-12-14 04:18:58,753 - INFO - phi = [-0.21929082 -0.93503095  0.33197263 -0.06486355]
2025-12-14 04:18:58,799 - INFO - num_full_subsets = 2
2025-12-14 04:18:58,890 - INFO - phi = [-0.23483385 -1.25922495  0.20819781  0.16397133]
2025-12-14 04:18:58,935 - INFO - num_full_subsets = 2
2025-12-14 04:18:59,026 - INFO - phi = [-0.24875653 -1.13578895 -0.02660813 -0.40949418]
2025-12-14 04:18:59,072 - INFO - num_full_subsets = 2
2025-12-14 04:18:59,158 - INFO - phi = [-0.25423302 -1.17351845 -0.04111945 -0.0687678 ]
2025-12-14 04:18:59,202 - INFO - num_full_subsets = 2
2025-12-14 04:18:59,287 - INFO - phi = [-0.15907458  0.19128532  0.05179231  0.27687928]
2025-12-14 04:18:59,818 - INFO - Computing feature importance...
2025-12-14 04:19:07,641 - INFO - Experiment completed for CNN
2025-12-14 04:19:07,641 - INFO - Total time: 246.35s (4.11 min)
2025-12-14 04:19:07,641 - INFO - Starting comprehensive experiment for CNN
2025-12-14 04:19:16,081 - INFO - Performing feature analysis...
2025-12-14 04:19:17,238 - INFO - Model justification: Fast 1D Convolutional Neural Network - perfect for tabular features with local patterns
2025-12-14 04:19:17,238 - INFO - Performing robust cross-validation...
2025-12-14 04:19:39,017 - INFO - CV Results - MSE: 2.2683 ± 0.3134
2025-12-14 04:19:39,017 - INFO - Starting hyperparameter optimization...
2025-12-14 04:22:48,881 - INFO - Best parameters for CNN: {'filters': 53, 'kernel_size': 3, 'dense_units': 22, 'lr': 0.04922695406676268, 'epochs': 99}
2025-12-14 04:22:48,881 - INFO - ⏱️ HPO took 189.86 seconds
2025-12-14 04:22:48,881 - INFO - Training final model...
2025-12-14 04:22:51,141 - INFO - ⏱️ Training took 2.26 seconds
2025-12-14 04:22:51,141 - INFO - Performing residual analysis...
2025-12-14 04:22:52,178 - INFO - Generating XAI explanations...
2025-12-14 04:22:52,216 - WARNING - Using 168 background data samples could cause slower run times. Consider using shap.sample(data, K) or shap.kmeans(data, K) to summarize the background as K samples.
2025-12-14 04:22:52,262 - INFO - num_full_subsets = 2
2025-12-14 04:22:52,356 - INFO - phi = [ 0.31463612  0.30638885 -0.00653465 -0.35070685]
2025-12-14 04:22:52,403 - INFO - num_full_subsets = 2
2025-12-14 04:22:52,493 - INFO - phi = [-0.18132131 -1.0308068   0.30066451 -0.69061744]
2025-12-14 04:22:52,540 - INFO - num_full_subsets = 2
2025-12-14 04:22:52,628 - INFO - phi = [-0.09589214  0.68678908 -0.45141862  0.11285295]
2025-12-14 04:22:52,675 - INFO - num_full_subsets = 2
2025-12-14 04:22:52,769 - INFO - phi = [0.70373742 0.87747155 0.14075774 0.58963494]
2025-12-14 04:22:52,815 - INFO - num_full_subsets = 2
2025-12-14 04:22:52,907 - INFO - phi = [ 0.24933077  0.525403   -0.39505122  0.26762343]
2025-12-14 04:22:52,952 - INFO - num_full_subsets = 2
2025-12-14 04:22:53,040 - INFO - phi = [-0.16007215 -0.93765936  0.5330708  -0.30863363]
2025-12-14 04:22:53,089 - INFO - num_full_subsets = 2
2025-12-14 04:22:53,184 - INFO - phi = [-0.14250564  0.48933876 -0.24131627  0.34368285]
2025-12-14 04:22:53,232 - INFO - num_full_subsets = 2
2025-12-14 04:22:53,327 - INFO - phi = [-0.05814423  0.50604642 -0.47403959  0.17060572]
2025-12-14 04:22:53,379 - INFO - num_full_subsets = 2
2025-12-14 04:22:53,469 - INFO - phi = [-0.28230864 -1.04792151 -0.12211788 -0.13120193]
2025-12-14 04:22:53,517 - INFO - num_full_subsets = 2
2025-12-14 04:22:53,610 - INFO - phi = [ 0.05787441  0.77930255 -0.3403786   0.25723523]
2025-12-14 04:22:53,656 - INFO - num_full_subsets = 2
2025-12-14 04:22:53,747 - INFO - phi = [-0.29900124 -0.69562543 -0.06394148 -0.53037985]
2025-12-14 04:22:53,793 - INFO - num_full_subsets = 2
2025-12-14 04:22:53,881 - INFO - phi = [ 0.12798739  0.20527945  0.13754573 -0.35001969]
2025-12-14 04:22:53,927 - INFO - num_full_subsets = 2
2025-12-14 04:22:54,020 - INFO - phi = [0.06419479 1.06298772 0.5449202  0.52710366]
2025-12-14 04:22:54,066 - INFO - num_full_subsets = 2
2025-12-14 04:22:54,156 - INFO - phi = [-0.04031384  0.96799113 -0.23248188  0.37149457]
2025-12-14 04:22:54,203 - INFO - num_full_subsets = 2
2025-12-14 04:22:54,297 - INFO - phi = [0.04962821 0.81556106 0.47335096 0.15171896]
2025-12-14 04:22:54,344 - INFO - num_full_subsets = 2
2025-12-14 04:22:54,435 - INFO - phi = [-0.11914712 -0.74711454  0.41100358 -0.79087905]
2025-12-14 04:22:54,481 - INFO - num_full_subsets = 2
2025-12-14 04:22:54,569 - INFO - phi = [ 0.0611983   0.2528838   0.10228834 -0.38889697]
2025-12-14 04:22:54,620 - INFO - num_full_subsets = 2
2025-12-14 04:22:54,712 - INFO - phi = [-0.12851439  0.56442125 -0.11964476  0.24946181]
2025-12-14 04:22:54,759 - INFO - num_full_subsets = 2
2025-12-14 04:22:54,851 - INFO - phi = [-0.24298724 -0.57539518  0.08103119 -0.26078468]
2025-12-14 04:22:54,898 - INFO - num_full_subsets = 2
2025-12-14 04:22:54,987 - INFO - phi = [ 0.18455284  0.39684725 -0.06367623  0.27795715]
2025-12-14 04:22:55,034 - INFO - num_full_subsets = 2
2025-12-14 04:22:55,126 - INFO - phi = [ 0.06995557  0.7819881  -0.16566234 -0.14732372]
2025-12-14 04:22:55,175 - INFO - num_full_subsets = 2
2025-12-14 04:22:55,265 - INFO - phi = [-0.37261062 -0.8890503  -0.15584096 -0.22787478]
2025-12-14 04:22:55,317 - INFO - num_full_subsets = 2
2025-12-14 04:22:55,408 - INFO - phi = [-0.08294284 -0.01176392  0.18855606 -0.04255449]
2025-12-14 04:22:55,454 - INFO - num_full_subsets = 2
2025-12-14 04:22:55,544 - INFO - phi = [-0.2573847  -1.16137245 -0.16135656 -0.06553141]
2025-12-14 04:22:55,591 - INFO - num_full_subsets = 2
2025-12-14 04:22:55,681 - INFO - phi = [-0.1695393  -0.88528455  0.56234302 -0.26483194]
2025-12-14 04:22:55,726 - INFO - num_full_subsets = 2
2025-12-14 04:22:55,815 - INFO - phi = [-0.01153891  0.76717921 -0.2013694   0.35347782]
2025-12-14 04:22:55,861 - INFO - num_full_subsets = 2
2025-12-14 04:22:55,961 - INFO - phi = [ 0.4821246   0.4964922  -0.52367663  0.10415476]
2025-12-14 04:22:56,009 - INFO - num_full_subsets = 2
2025-12-14 04:22:56,104 - INFO - phi = [ 0.16933853  0.40062364  0.05829202 -0.23090673]
2025-12-14 04:22:56,151 - INFO - num_full_subsets = 2
2025-12-14 04:22:56,241 - INFO - phi = [-0.2964537  -1.16388697 -0.13885119 -0.04461863]
2025-12-14 04:22:56,288 - INFO - num_full_subsets = 2
2025-12-14 04:22:56,381 - INFO - phi = [-0.2520983  -0.79629053 -0.17387103  0.03203438]
2025-12-14 04:22:56,427 - INFO - num_full_subsets = 2
2025-12-14 04:22:56,521 - INFO - phi = [ 0.99131278 -0.25321234 -0.01172115 -0.03424108]
2025-12-14 04:22:56,566 - INFO - num_full_subsets = 2
2025-12-14 04:22:56,666 - INFO - phi = [ 0.10069441  0.87117054 -0.24494161  0.09621444]
2025-12-14 04:22:56,712 - INFO - num_full_subsets = 2
2025-12-14 04:22:56,802 - INFO - phi = [-0.01830818  0.38222152 -0.24050673 -0.31306381]
2025-12-14 04:22:56,847 - INFO - num_full_subsets = 2
2025-12-14 04:22:56,935 - INFO - phi = [-0.24383188 -0.94209139 -0.04434849 -0.27044098]
2025-12-14 04:22:56,980 - INFO - num_full_subsets = 2
2025-12-14 04:22:57,068 - INFO - phi = [-0.02832443  0.4306538   0.24694517 -0.66439265]
2025-12-14 04:22:57,114 - INFO - num_full_subsets = 2
2025-12-14 04:22:57,208 - INFO - phi = [-0.24342888 -1.00390808  0.1726129   0.1605147 ]
2025-12-14 04:22:57,253 - INFO - num_full_subsets = 2
2025-12-14 04:22:57,346 - INFO - phi = [0.36196458 0.54409083 0.36294442 0.30731845]
2025-12-14 04:22:57,392 - INFO - num_full_subsets = 2
2025-12-14 04:22:57,485 - INFO - phi = [0.04749198 0.50453417 0.21474406 0.48926704]
2025-12-14 04:22:57,531 - INFO - num_full_subsets = 2
2025-12-14 04:22:57,617 - INFO - phi = [-0.27311012 -1.09155394 -0.1552799  -0.08694384]
2025-12-14 04:22:57,663 - INFO - num_full_subsets = 2
2025-12-14 04:22:57,749 - INFO - phi = [0.00207285 0.49803675 0.51765311 0.44365165]
2025-12-14 04:22:57,794 - INFO - num_full_subsets = 2
2025-12-14 04:22:57,884 - INFO - phi = [0.02253629 0.57615279 0.50827948 0.44306026]
2025-12-14 04:22:57,936 - INFO - num_full_subsets = 2
2025-12-14 04:22:58,031 - INFO - phi = [0.17205586 0.23297734 0.10591925 0.33700802]
2025-12-14 04:22:58,079 - INFO - num_full_subsets = 2
2025-12-14 04:22:58,171 - INFO - phi = [-0.17022513  0.28830698 -0.40038584  0.34658451]
2025-12-14 04:22:58,216 - INFO - num_full_subsets = 2
2025-12-14 04:22:58,307 - INFO - phi = [-0.13801599  0.49218888 -0.36606035  0.16348926]
2025-12-14 04:22:58,352 - INFO - num_full_subsets = 2
2025-12-14 04:22:58,440 - INFO - phi = [-0.01493834  0.45351313  0.13774579 -0.6384577 ]
2025-12-14 04:22:58,485 - INFO - num_full_subsets = 2
2025-12-14 04:22:58,576 - INFO - phi = [ 0.07924068  0.3438474   0.01025406 -0.54984252]
2025-12-14 04:22:58,628 - INFO - num_full_subsets = 2
2025-12-14 04:22:58,717 - INFO - phi = [ 0.69204448  0.50452804 -0.17767505  0.27796038]
2025-12-14 04:22:58,765 - INFO - num_full_subsets = 2
2025-12-14 04:22:58,858 - INFO - phi = [0.65823878 0.55943593 0.13081657 0.51276247]
2025-12-14 04:22:58,903 - INFO - num_full_subsets = 2
2025-12-14 04:22:58,987 - INFO - phi = [-0.0078393   0.4457757   0.0407533  -0.67925979]
2025-12-14 04:22:59,033 - INFO - num_full_subsets = 2
2025-12-14 04:22:59,120 - INFO - phi = [-0.24383188 -0.94209139 -0.04434849 -0.27044098]
2025-12-14 04:22:59,165 - INFO - num_full_subsets = 2
2025-12-14 04:22:59,262 - INFO - phi = [-0.32491526 -0.95190443 -0.18700365 -0.16756722]
2025-12-14 04:22:59,309 - INFO - num_full_subsets = 2
2025-12-14 04:22:59,401 - INFO - phi = [0.33677627 0.34330389 0.43544871 0.37624665]
2025-12-14 04:22:59,446 - INFO - num_full_subsets = 2
2025-12-14 04:22:59,536 - INFO - phi = [ 0.146182    0.81092134 -0.39525733  0.28369453]
2025-12-14 04:22:59,582 - INFO - num_full_subsets = 2
2025-12-14 04:22:59,665 - INFO - phi = [0.44062513 0.49546767 0.0168571  0.40716088]
2025-12-14 04:22:59,710 - INFO - num_full_subsets = 2
2025-12-14 04:22:59,799 - INFO - phi = [0.56517768 0.37411005 0.02490737 0.23833435]
2025-12-14 04:22:59,843 - INFO - num_full_subsets = 2
2025-12-14 04:22:59,932 - INFO - phi = [-0.09144369  0.80381738  0.09528866  0.41850963]
2025-12-14 04:22:59,977 - INFO - num_full_subsets = 2
2025-12-14 04:23:00,061 - INFO - phi = [ 0.14887206  0.40696376 -0.03944513 -0.46968543]
2025-12-14 04:23:00,106 - INFO - num_full_subsets = 2
2025-12-14 04:23:00,197 - INFO - phi = [ 0.09119887  0.17872438  0.08741375 -0.58541416]
2025-12-14 04:23:00,242 - INFO - num_full_subsets = 2
2025-12-14 04:23:00,333 - INFO - phi = [-0.06942787  0.88128562 -0.19816199  0.37878453]
2025-12-14 04:23:00,378 - INFO - num_full_subsets = 2
2025-12-14 04:23:00,469 - INFO - phi = [-0.03210519  0.34480707 -0.09749778  0.2283856 ]
2025-12-14 04:23:00,514 - INFO - num_full_subsets = 2
2025-12-14 04:23:00,604 - INFO - phi = [0.06421688 0.47884769 0.53016784 0.35955169]
2025-12-14 04:23:00,650 - INFO - num_full_subsets = 2
2025-12-14 04:23:00,741 - INFO - phi = [-0.15034153  0.65879973 -0.15271111 -0.19259772]
2025-12-14 04:23:00,786 - INFO - num_full_subsets = 2
2025-12-14 04:23:00,878 - INFO - phi = [-0.21568253 -1.01643817  0.24195835 -0.51401032]
2025-12-14 04:23:00,922 - INFO - num_full_subsets = 2
2025-12-14 04:23:01,013 - INFO - phi = [-0.29474215 -1.14809104 -0.11632658 -0.10409674]
2025-12-14 04:23:01,058 - INFO - num_full_subsets = 2
2025-12-14 04:23:01,149 - INFO - phi = [-0.25057559 -0.67429832 -0.27259937  0.16821123]
2025-12-14 04:23:01,198 - INFO - num_full_subsets = 2
2025-12-14 04:23:01,289 - INFO - phi = [ 0.20548763  0.71482564 -0.0121558   0.3684553 ]
2025-12-14 04:23:01,336 - INFO - num_full_subsets = 2
2025-12-14 04:23:01,425 - INFO - phi = [-0.343591   -1.23211991 -0.00903432  0.23871691]
2025-12-14 04:23:01,471 - INFO - num_full_subsets = 2
2025-12-14 04:23:01,565 - INFO - phi = [-0.13785403  0.44342262 -0.14940555  0.06673736]
2025-12-14 04:23:01,611 - INFO - num_full_subsets = 2
2025-12-14 04:23:01,697 - INFO - phi = [-0.03910386  0.50205333  0.4592602   0.47518738]
2025-12-14 04:23:01,742 - INFO - num_full_subsets = 2
2025-12-14 04:23:01,834 - INFO - phi = [ 0.6748103   0.59086132 -0.3294072   0.23157512]
2025-12-14 04:23:01,887 - INFO - num_full_subsets = 2
2025-12-14 04:23:01,981 - INFO - phi = [-0.17378961 -1.06449909  0.37480757 -0.50351491]
2025-12-14 04:23:02,029 - INFO - num_full_subsets = 2
2025-12-14 04:23:02,119 - INFO - phi = [-0.27202647 -0.48229067 -0.31952736  0.12080057]
2025-12-14 04:23:02,165 - INFO - num_full_subsets = 2
2025-12-14 04:23:02,251 - INFO - phi = [-0.276825   -0.88766261 -0.05199737 -0.4363952 ]
2025-12-14 04:23:02,295 - INFO - num_full_subsets = 2
2025-12-14 04:23:02,385 - INFO - phi = [-0.17926113 -0.94389142  0.24436927 -0.68369573]
2025-12-14 04:23:02,429 - INFO - num_full_subsets = 2
2025-12-14 04:23:02,524 - INFO - phi = [ 0.24518057 -0.29976707  0.24454243  0.30642632]
2025-12-14 04:23:02,569 - INFO - num_full_subsets = 2
2025-12-14 04:23:02,662 - INFO - phi = [-0.30442983 -0.80213319 -0.19877466 -0.00383064]
2025-12-14 04:23:02,709 - INFO - num_full_subsets = 2
2025-12-14 04:23:02,803 - INFO - phi = [0.0911619  0.68833704 0.68432132 0.02610419]
2025-12-14 04:23:02,848 - INFO - num_full_subsets = 2
2025-12-14 04:23:02,941 - INFO - phi = [ 0.24938987  0.32446294 -0.23962545  0.27665398]
2025-12-14 04:23:02,986 - INFO - num_full_subsets = 2
2025-12-14 04:23:03,079 - INFO - phi = [-0.2554277  -0.85311809  0.02222857 -0.3455828 ]
2025-12-14 04:23:03,125 - INFO - num_full_subsets = 2
2025-12-14 04:23:03,220 - INFO - phi = [-0.2068713  -0.38822861 -0.28684211  0.15870452]
2025-12-14 04:23:03,266 - INFO - num_full_subsets = 2
2025-12-14 04:23:03,358 - INFO - phi = [ 0.02047583  0.37799081  0.01675198 -0.45429494]
2025-12-14 04:23:03,402 - INFO - num_full_subsets = 2
2025-12-14 04:23:03,491 - INFO - phi = [ 0.62670289  0.6227107  -0.06741549  0.29816501]
2025-12-14 04:23:03,537 - INFO - num_full_subsets = 2
2025-12-14 04:23:03,628 - INFO - phi = [-0.25967436 -0.87388664 -0.09226398 -0.17942938]
2025-12-14 04:23:03,673 - INFO - num_full_subsets = 2
2025-12-14 04:23:03,763 - INFO - phi = [-0.01257     0.29326929  0.28564002 -0.11514978]
2025-12-14 04:23:03,807 - INFO - num_full_subsets = 2
2025-12-14 04:23:03,902 - INFO - phi = [-0.30169993 -0.03751711 -0.32167098 -0.59663027]
2025-12-14 04:23:03,948 - INFO - num_full_subsets = 2
2025-12-14 04:23:04,036 - INFO - phi = [-0.03206952  0.40967147  0.20377976  0.42280636]
2025-12-14 04:23:04,080 - INFO - num_full_subsets = 2
2025-12-14 04:23:04,168 - INFO - phi = [-0.27433172 -1.25552942 -0.21180502  0.07840964]
2025-12-14 04:23:04,214 - INFO - num_full_subsets = 2
2025-12-14 04:23:04,301 - INFO - phi = [0.56381775 0.93414655 0.37300637 0.57057911]
2025-12-14 04:23:04,345 - INFO - num_full_subsets = 2
2025-12-14 04:23:04,436 - INFO - phi = [ 0.146182    0.81092134 -0.39525733  0.28369453]
2025-12-14 04:23:04,486 - INFO - num_full_subsets = 2
2025-12-14 04:23:04,573 - INFO - phi = [0.12433307 1.10730719 0.65815292 0.57749198]
2025-12-14 04:23:04,617 - INFO - num_full_subsets = 2
2025-12-14 04:23:04,708 - INFO - phi = [-0.2443343   0.18415653 -0.05300798  0.3352474 ]
2025-12-14 04:23:04,753 - INFO - num_full_subsets = 2
2025-12-14 04:23:04,836 - INFO - phi = [ 0.04856749  0.57791756 -0.02580465 -0.2249513 ]
2025-12-14 04:23:04,882 - INFO - num_full_subsets = 2
2025-12-14 04:23:04,971 - INFO - phi = [-0.22262142  0.08898854  0.03014062  0.4464531 ]
2025-12-14 04:23:05,015 - INFO - num_full_subsets = 2
2025-12-14 04:23:05,107 - INFO - phi = [0.39545229 0.48152713 0.1395957  0.54639314]
2025-12-14 04:23:05,157 - INFO - num_full_subsets = 2
2025-12-14 04:23:05,249 - INFO - phi = [-0.17917216  0.34281318 -0.44400247  0.08903962]
2025-12-14 04:23:05,294 - INFO - num_full_subsets = 2
2025-12-14 04:23:05,386 - INFO - phi = [ 0.72380759  0.69839682 -0.28995361  0.17639066]
2025-12-14 04:23:05,431 - INFO - num_full_subsets = 2
2025-12-14 04:23:05,519 - INFO - phi = [-0.15878373  0.46447748  0.3065865  -0.52667508]
2025-12-14 04:23:05,565 - INFO - num_full_subsets = 2
2025-12-14 04:23:05,649 - INFO - phi = [-0.05641359 -0.13195021  0.77427071 -0.06058112]
2025-12-14 04:23:05,693 - INFO - num_full_subsets = 2
2025-12-14 04:23:05,789 - INFO - phi = [-0.2292311  -0.51327632  0.09123104 -0.40112122]
2025-12-14 04:23:05,835 - INFO - num_full_subsets = 2
2025-12-14 04:23:05,928 - INFO - phi = [-0.39372949 -0.52487549 -0.20070243 -0.48867856]
2025-12-14 04:23:05,973 - INFO - num_full_subsets = 2
2025-12-14 04:23:06,066 - INFO - phi = [ 0.01363663  0.01248495 -0.0877327  -0.1283503 ]
2025-12-14 04:23:06,111 - INFO - num_full_subsets = 2
2025-12-14 04:23:06,203 - INFO - phi = [0.0170317  0.4909671  0.47024184 0.4729818 ]
2025-12-14 04:23:06,248 - INFO - num_full_subsets = 2
2025-12-14 04:23:06,337 - INFO - phi = [-0.30090903 -1.1694169  -0.02467253  0.13799074]
2025-12-14 04:23:06,382 - INFO - num_full_subsets = 2
2025-12-14 04:23:06,478 - INFO - phi = [-0.1719532  -0.88131582  0.43530552 -0.37452629]
2025-12-14 04:23:06,525 - INFO - num_full_subsets = 2
2025-12-14 04:23:06,616 - INFO - phi = [-0.34473009 -0.72095879 -0.16408716 -0.42401585]
2025-12-14 04:23:06,660 - INFO - num_full_subsets = 2
2025-12-14 04:23:06,748 - INFO - phi = [-0.05082732  0.92399935 -0.2156701   0.3356569 ]
2025-12-14 04:23:06,792 - INFO - num_full_subsets = 2
2025-12-14 04:23:06,882 - INFO - phi = [0.4976627  0.86773726 0.52818637 0.54034169]
2025-12-14 04:23:06,927 - INFO - num_full_subsets = 2
2025-12-14 04:23:07,013 - INFO - phi = [-0.257362   -0.95981024  0.09117711  0.22978542]
2025-12-14 04:23:07,058 - INFO - num_full_subsets = 2
2025-12-14 04:23:07,152 - INFO - phi = [ 0.92499913  0.01732758 -0.33480929  0.15496571]
2025-12-14 04:23:07,198 - INFO - num_full_subsets = 2
2025-12-14 04:23:07,289 - INFO - phi = [-0.22670808 -0.76831229  0.18926146 -0.47505227]
2025-12-14 04:23:07,335 - INFO - num_full_subsets = 2
2025-12-14 04:23:07,424 - INFO - phi = [-0.07695908  0.72006787 -0.38284682 -0.01903195]
2025-12-14 04:23:07,468 - INFO - num_full_subsets = 2
2025-12-14 04:23:07,552 - INFO - phi = [-0.21187931  0.53210461  0.33673326  0.46257117]
2025-12-14 04:23:07,596 - INFO - num_full_subsets = 2
2025-12-14 04:23:07,684 - INFO - phi = [0.28883313 0.48131735 0.46276361 0.52315033]
2025-12-14 04:23:07,735 - INFO - num_full_subsets = 2
2025-12-14 04:23:07,822 - INFO - phi = [ 0.02144087  0.45028447 -0.20966005 -0.35222995]
2025-12-14 04:23:07,867 - INFO - num_full_subsets = 2
2025-12-14 04:23:07,958 - INFO - phi = [ 0.44591949  0.20129082  0.07959969 -0.66866494]
2025-12-14 04:23:08,004 - INFO - num_full_subsets = 2
2025-12-14 04:23:08,095 - INFO - phi = [-0.10495755  0.43293285 -0.13856436  0.26446795]
2025-12-14 04:23:08,139 - INFO - num_full_subsets = 2
2025-12-14 04:23:08,227 - INFO - phi = [-0.27986311 -0.96962708 -0.1501459  -0.06111854]
2025-12-14 04:23:08,271 - INFO - num_full_subsets = 2
2025-12-14 04:23:08,359 - INFO - phi = [-0.3501116  -0.80393905 -0.16792321 -0.33998924]
2025-12-14 04:23:08,410 - INFO - num_full_subsets = 2
2025-12-14 04:23:08,497 - INFO - phi = [-0.29342585 -1.15551998 -0.2743505   0.14040106]
2025-12-14 04:23:08,542 - INFO - num_full_subsets = 2
2025-12-14 04:23:08,626 - INFO - phi = [-0.27342553 -1.13136187 -0.22186081  0.07904605]
2025-12-14 04:23:08,671 - INFO - num_full_subsets = 2
2025-12-14 04:23:08,760 - INFO - phi = [-0.30909672 -1.17571143 -0.13073518 -0.04542401]
2025-12-14 04:23:08,805 - INFO - num_full_subsets = 2
2025-12-14 04:23:08,897 - INFO - phi = [-0.00609667  0.41285021  0.21874858 -0.47351741]
2025-12-14 04:23:08,942 - INFO - num_full_subsets = 2
2025-12-14 04:23:09,038 - INFO - phi = [-0.30579023 -1.01359545 -0.08240082 -0.17840415]
2025-12-14 04:23:09,085 - INFO - num_full_subsets = 2
2025-12-14 04:23:09,175 - INFO - phi = [-0.36592644 -0.95431035 -0.07303954  0.01676382]
2025-12-14 04:23:09,222 - INFO - num_full_subsets = 2
2025-12-14 04:23:09,310 - INFO - phi = [ 0.18133201  0.32733552  0.17002397 -0.55085335]
2025-12-14 04:23:09,356 - INFO - num_full_subsets = 2
2025-12-14 04:23:09,443 - INFO - phi = [0.13350049 0.98852776 0.06966397 0.61153235]
2025-12-14 04:23:09,488 - INFO - num_full_subsets = 2
2025-12-14 04:23:09,572 - INFO - phi = [-0.3108911  -0.84292426 -0.12926139 -0.36852598]
2025-12-14 04:23:09,617 - INFO - num_full_subsets = 2
2025-12-14 04:23:09,709 - INFO - phi = [-0.13976264  0.59308817 -0.38590121  0.23921155]
2025-12-14 04:23:09,755 - INFO - num_full_subsets = 2
2025-12-14 04:23:09,847 - INFO - phi = [-0.30806891 -1.089575   -0.11248299 -0.1531296 ]
2025-12-14 04:23:09,895 - INFO - num_full_subsets = 2
2025-12-14 04:23:09,986 - INFO - phi = [-0.12799013 -0.63818694  0.4314101  -0.70169259]
2025-12-14 04:23:10,032 - INFO - num_full_subsets = 2
2025-12-14 04:23:10,121 - INFO - phi = [-0.11480431  0.54690246  0.23946317  0.38128751]
2025-12-14 04:23:10,166 - INFO - num_full_subsets = 2
2025-12-14 04:23:10,250 - INFO - phi = [0.07206702 0.39565622 0.10855039 0.16204387]
2025-12-14 04:23:10,295 - INFO - num_full_subsets = 2
2025-12-14 04:23:10,384 - INFO - phi = [-0.20847616 -1.03819147  0.18596215 -0.57323377]
2025-12-14 04:23:10,429 - INFO - num_full_subsets = 2
2025-12-14 04:23:10,518 - INFO - phi = [0.79202763 0.67646498 0.43285474 0.47522383]
2025-12-14 04:23:10,562 - INFO - num_full_subsets = 2
2025-12-14 04:23:10,652 - INFO - phi = [-0.17022513  0.28830698 -0.40038584  0.34658451]
2025-12-14 04:23:10,696 - INFO - num_full_subsets = 2
2025-12-14 04:23:10,788 - INFO - phi = [ 0.04213692  0.38499613  0.20996517 -0.68980683]
2025-12-14 04:23:10,833 - INFO - num_full_subsets = 2
2025-12-14 04:23:10,921 - INFO - phi = [0.53446064 0.39826651 0.02926741 0.12676011]
2025-12-14 04:23:10,971 - INFO - num_full_subsets = 2
2025-12-14 04:23:11,062 - INFO - phi = [ 0.51259965  0.14793931 -0.20189282  0.04281776]
2025-12-14 04:23:11,107 - INFO - num_full_subsets = 2
2025-12-14 04:23:11,200 - INFO - phi = [-0.29981514 -1.15404699 -0.10873578 -0.03273016]
2025-12-14 04:23:11,245 - INFO - num_full_subsets = 2
2025-12-14 04:23:11,332 - INFO - phi = [-0.34166181 -0.9543064  -0.06668159 -0.30060671]
2025-12-14 04:23:11,378 - INFO - num_full_subsets = 2
2025-12-14 04:23:11,465 - INFO - phi = [-0.08988106  0.93755509 -0.27423905  0.26600396]
2025-12-14 04:23:11,512 - INFO - num_full_subsets = 2
2025-12-14 04:23:11,604 - INFO - phi = [ 0.02144087  0.45028447 -0.20966005 -0.35222995]
2025-12-14 04:23:11,657 - INFO - num_full_subsets = 2
2025-12-14 04:23:11,749 - INFO - phi = [-0.19256215 -0.20489625 -0.23990873  0.0536188 ]
2025-12-14 04:23:11,794 - INFO - num_full_subsets = 2
2025-12-14 04:23:11,887 - INFO - phi = [-0.11801282  0.4446023  -0.21758744  0.27474985]
2025-12-14 04:23:11,932 - INFO - num_full_subsets = 2
2025-12-14 04:23:12,020 - INFO - phi = [-0.24142716 -0.95110813  0.05077914 -0.34590759]
2025-12-14 04:23:12,066 - INFO - num_full_subsets = 2
2025-12-14 04:23:12,155 - INFO - phi = [ 0.29018526  0.29600085  0.06542977 -0.50524688]
2025-12-14 04:23:12,201 - INFO - num_full_subsets = 2
2025-12-14 04:23:12,292 - INFO - phi = [ 0.3747612   0.35217887  0.05941009 -0.69919433]
2025-12-14 04:23:12,338 - INFO - num_full_subsets = 2
2025-12-14 04:23:12,425 - INFO - phi = [-0.29867754 -0.81768344 -0.06490134 -0.46479147]
2025-12-14 04:23:12,470 - INFO - num_full_subsets = 2
2025-12-14 04:23:12,558 - INFO - phi = [-0.17204398  0.21244198 -0.0216743  -0.19367429]
2025-12-14 04:23:12,603 - INFO - num_full_subsets = 2
2025-12-14 04:23:12,690 - INFO - phi = [0.58864462 0.40523414 0.1020435  0.41087124]
2025-12-14 04:23:12,734 - INFO - num_full_subsets = 2
2025-12-14 04:23:12,826 - INFO - phi = [-0.19353507  0.85977772 -0.11317561  0.57625408]
2025-12-14 04:23:12,871 - INFO - num_full_subsets = 2
2025-12-14 04:23:12,968 - INFO - phi = [-0.28310355 -0.84674722 -0.26807511  0.14962677]
2025-12-14 04:23:13,015 - INFO - num_full_subsets = 2
2025-12-14 04:23:13,106 - INFO - phi = [-0.28305675 -0.88100129 -0.27303472  0.14523494]
2025-12-14 04:23:13,150 - INFO - num_full_subsets = 2
2025-12-14 04:23:13,232 - INFO - phi = [-0.26737509 -1.09646183 -0.09050053 -0.1976092 ]
2025-12-14 04:23:13,275 - INFO - num_full_subsets = 2
2025-12-14 04:23:13,364 - INFO - phi = [ 0.78952929  0.35200085 -0.17738449  0.27371457]
2025-12-14 04:23:13,410 - INFO - num_full_subsets = 2
2025-12-14 04:23:13,503 - INFO - phi = [-0.10049006  0.91202351 -0.04227543  0.34066201]
2025-12-14 04:23:13,548 - INFO - num_full_subsets = 2
2025-12-14 04:23:13,639 - INFO - phi = [ 0.24400504  0.44554322  0.05300855 -0.51395962]
2025-12-14 04:23:13,685 - INFO - num_full_subsets = 2
2025-12-14 04:23:13,770 - INFO - phi = [ 0.78952929  0.35200085 -0.17738449  0.27371457]
2025-12-14 04:23:13,815 - INFO - num_full_subsets = 2
2025-12-14 04:23:13,908 - INFO - phi = [-0.36188042 -1.17601523  0.00314893  0.21047231]
2025-12-14 04:23:13,954 - INFO - num_full_subsets = 2
2025-12-14 04:23:14,044 - INFO - phi = [ 0.25652037  0.81173874 -0.42879572  0.32285599]
2025-12-14 04:23:14,088 - INFO - num_full_subsets = 2
2025-12-14 04:23:14,179 - INFO - phi = [ 0.00619137  0.46073597 -0.1259385  -0.37040206]
2025-12-14 04:23:14,227 - INFO - num_full_subsets = 2
2025-12-14 04:23:14,319 - INFO - phi = [-0.26031455 -0.69974583 -0.0175337  -0.19380478]
2025-12-14 04:23:14,363 - INFO - num_full_subsets = 2
2025-12-14 04:23:14,454 - INFO - phi = [0.29081347 0.49824486 0.51059657 0.53048237]
2025-12-14 04:23:14,499 - INFO - num_full_subsets = 2
2025-12-14 04:23:14,588 - INFO - phi = [0.17205586 0.23297734 0.10591925 0.33700802]
2025-12-14 04:23:14,634 - INFO - num_full_subsets = 2
2025-12-14 04:23:14,723 - INFO - phi = [-0.2573847  -1.16137245 -0.16135656 -0.06553141]
2025-12-14 04:23:14,769 - INFO - num_full_subsets = 2
2025-12-14 04:23:14,859 - INFO - phi = [ 0.00888196  0.11768991  0.55451408 -0.33736694]
2025-12-14 04:23:14,907 - INFO - num_full_subsets = 2
2025-12-14 04:23:14,999 - INFO - phi = [-0.1749796  -0.11234643 -0.2267131   0.22781262]
2025-12-14 04:23:15,046 - INFO - num_full_subsets = 2
2025-12-14 04:23:15,138 - INFO - phi = [-0.07671883  0.74738122 -0.44911391  0.06092366]
2025-12-14 04:23:15,644 - INFO - Computing feature importance...
2025-12-14 04:23:23,103 - INFO - Experiment completed for CNN
2025-12-14 04:23:23,103 - INFO - Total time: 255.07s (4.25 min)
2025-12-14 04:23:23,104 - INFO - Starting comprehensive experiment for CNN
2025-12-14 04:23:31,023 - INFO - Performing feature analysis...
2025-12-14 04:23:32,194 - INFO - Model justification: Fast 1D Convolutional Neural Network - perfect for tabular features with local patterns
2025-12-14 04:23:32,194 - INFO - Performing robust cross-validation...
2025-12-14 04:23:51,450 - INFO - CV Results - MSE: 2.3736 ± 0.5939
2025-12-14 04:23:51,450 - INFO - Starting hyperparameter optimization...
2025-12-14 04:27:18,171 - INFO - Best parameters for CNN: {'filters': 48, 'kernel_size': 3, 'dense_units': 26, 'lr': 0.004669857025104877, 'epochs': 94}
2025-12-14 04:27:18,171 - INFO - ⏱️ HPO took 206.72 seconds
2025-12-14 04:27:18,171 - INFO - Training final model...
2025-12-14 04:27:20,835 - INFO - ⏱️ Training took 2.66 seconds
2025-12-14 04:27:20,835 - INFO - Performing residual analysis...
2025-12-14 04:27:22,266 - INFO - Generating XAI explanations...
2025-12-14 04:27:22,307 - WARNING - Using 168 background data samples could cause slower run times. Consider using shap.sample(data, K) or shap.kmeans(data, K) to summarize the background as K samples.
2025-12-14 04:27:22,357 - INFO - num_full_subsets = 2
2025-12-14 04:27:22,451 - INFO - phi = [ 0.10590477  0.55387176  0.05074044 -0.31766937]
2025-12-14 04:27:22,502 - INFO - num_full_subsets = 2
2025-12-14 04:27:22,595 - INFO - phi = [ 0.28516064  0.04072623 -0.23922402 -0.45102266]
2025-12-14 04:27:22,644 - INFO - num_full_subsets = 2
2025-12-14 04:27:22,738 - INFO - phi = [-0.00608619  0.66539658 -0.2352043   0.59727368]
2025-12-14 04:27:22,788 - INFO - num_full_subsets = 2
2025-12-14 04:27:22,885 - INFO - phi = [-0.04953504  0.63238045  0.33862515  0.40570702]
2025-12-14 04:27:22,936 - INFO - num_full_subsets = 2
2025-12-14 04:27:23,034 - INFO - phi = [-0.03688835  0.51698627 -0.09536909  0.55942978]
2025-12-14 04:27:23,084 - INFO - num_full_subsets = 2
2025-12-14 04:27:23,179 - INFO - phi = [-0.19947078 -0.80717633  0.43561032 -0.4867154 ]
2025-12-14 04:27:23,239 - INFO - num_full_subsets = 2
2025-12-14 04:27:23,330 - INFO - phi = [-0.22127736 -1.00581072  0.36479351 -0.57464986]
2025-12-14 04:27:23,380 - INFO - num_full_subsets = 2
2025-12-14 04:27:23,469 - INFO - phi = [-0.1929876  -0.78844328  0.44800506 -0.59593636]
2025-12-14 04:27:23,518 - INFO - num_full_subsets = 2
2025-12-14 04:27:23,607 - INFO - phi = [-0.30079909  0.49315067  0.2262117  -0.63881812]
2025-12-14 04:27:23,656 - INFO - num_full_subsets = 2
2025-12-14 04:27:23,751 - INFO - phi = [ 0.37326929 -0.52958097 -0.19984618 -0.49692855]
2025-12-14 04:27:23,806 - INFO - num_full_subsets = 2
2025-12-14 04:27:23,902 - INFO - phi = [-0.02115604  0.76315928  0.19209358  0.25020605]
2025-12-14 04:27:23,952 - INFO - num_full_subsets = 2
2025-12-14 04:27:24,048 - INFO - phi = [0.01908408 0.13259126 0.4200969  0.62446013]
2025-12-14 04:27:24,099 - INFO - num_full_subsets = 2
2025-12-14 04:27:24,190 - INFO - phi = [-0.17156962  0.71292977 -0.30800956  0.05281758]
2025-12-14 04:27:24,243 - INFO - num_full_subsets = 2
2025-12-14 04:27:24,337 - INFO - phi = [-0.1775422  -0.90676527  0.32141114  0.34636769]
2025-12-14 04:27:24,387 - INFO - num_full_subsets = 2
2025-12-14 04:27:24,492 - INFO - phi = [0.18751025 0.71715976 0.10694955 0.17462308]
2025-12-14 04:27:24,543 - INFO - num_full_subsets = 2
2025-12-14 04:27:24,635 - INFO - phi = [-0.03688835  0.51698627 -0.09536909  0.55942978]
2025-12-14 04:27:24,686 - INFO - num_full_subsets = 2
2025-12-14 04:27:24,780 - INFO - phi = [ 0.01004038  0.42561954 -0.11528651 -0.3040846 ]
2025-12-14 04:27:24,833 - INFO - num_full_subsets = 2
2025-12-14 04:27:24,922 - INFO - phi = [-0.23447092 -0.92267102 -0.17205927 -0.41286714]
2025-12-14 04:27:24,973 - INFO - num_full_subsets = 2
2025-12-14 04:27:25,068 - INFO - phi = [-0.23737779 -1.09339931 -0.28171912  0.28055122]
2025-12-14 04:27:25,125 - INFO - num_full_subsets = 2
2025-12-14 04:27:25,222 - INFO - phi = [ 0.43312486  0.44405088 -0.48682756  0.26092274]
2025-12-14 04:27:25,272 - INFO - num_full_subsets = 2
2025-12-14 04:27:25,367 - INFO - phi = [-0.10193342  0.76114574  0.13137046  0.15952914]
2025-12-14 04:27:25,417 - INFO - num_full_subsets = 2
2025-12-14 04:27:25,505 - INFO - phi = [-0.1652429  -0.60179328  0.50739482 -0.59413432]
2025-12-14 04:27:25,555 - INFO - num_full_subsets = 2
2025-12-14 04:27:25,653 - INFO - phi = [-0.14900372  0.62524434  0.02481124  1.01557598]
2025-12-14 04:27:25,703 - INFO - num_full_subsets = 2
2025-12-14 04:27:25,802 - INFO - phi = [-0.26845595 -1.15499372 -0.05656912 -0.39666236]
2025-12-14 04:27:25,859 - INFO - num_full_subsets = 2
2025-12-14 04:27:25,958 - INFO - phi = [-0.17626243  0.68726698 -0.29838967  0.73127242]
2025-12-14 04:27:26,009 - INFO - num_full_subsets = 2
2025-12-14 04:27:26,105 - INFO - phi = [-0.18385206 -0.45789365  0.32310539  0.67584529]
2025-12-14 04:27:26,155 - INFO - num_full_subsets = 2
2025-12-14 04:27:26,251 - INFO - phi = [ 0.71617788 -0.20856306 -0.53258682  0.21793279]
2025-12-14 04:27:26,302 - INFO - num_full_subsets = 2
2025-12-14 04:27:26,392 - INFO - phi = [-0.02471892  0.71970411  0.36018646  0.39923943]
2025-12-14 04:27:26,443 - INFO - num_full_subsets = 2
2025-12-14 04:27:26,548 - INFO - phi = [ 0.66660262  0.05945665 -0.5666417   0.6263641 ]
2025-12-14 04:27:26,598 - INFO - num_full_subsets = 2
2025-12-14 04:27:26,692 - INFO - phi = [ 0.65818414  0.47370937  0.1809619  -0.13006079]
2025-12-14 04:27:26,743 - INFO - num_full_subsets = 2
2025-12-14 04:27:26,838 - INFO - phi = [-0.09651342  0.05818568  0.31362908 -0.68675262]
2025-12-14 04:27:26,889 - INFO - num_full_subsets = 2
2025-12-14 04:27:26,981 - INFO - phi = [0.37648881 0.42060541 0.29364521 0.54711044]
2025-12-14 04:27:27,032 - INFO - num_full_subsets = 2
2025-12-14 04:27:27,122 - INFO - phi = [-0.29522242 -1.07294882 -0.0886099  -0.69328262]
2025-12-14 04:27:27,172 - INFO - num_full_subsets = 2
2025-12-14 04:27:27,275 - INFO - phi = [ 0.66830797  0.60359827 -0.22904639  0.31115079]
2025-12-14 04:27:27,325 - INFO - num_full_subsets = 2
2025-12-14 04:27:27,416 - INFO - phi = [ 0.6679198   0.22909537 -0.05203225  0.89687609]
2025-12-14 04:27:27,467 - INFO - num_full_subsets = 2
2025-12-14 04:27:27,562 - INFO - phi = [0.22579186 0.63927177 0.40173571 0.5174753 ]
2025-12-14 04:27:27,613 - INFO - num_full_subsets = 2
2025-12-14 04:27:27,708 - INFO - phi = [-0.18225293  0.56469823 -0.02385657 -0.46722958]
2025-12-14 04:27:27,758 - INFO - num_full_subsets = 2
2025-12-14 04:27:27,853 - INFO - phi = [-0.23328669 -0.88259954 -0.18332629 -0.35323417]
2025-12-14 04:27:27,904 - INFO - num_full_subsets = 2
2025-12-14 04:27:28,009 - INFO - phi = [-0.2793108  -1.09837861 -0.09120898 -0.67356774]
2025-12-14 04:27:28,060 - INFO - num_full_subsets = 2
2025-12-14 04:27:28,158 - INFO - phi = [-0.27131492 -1.1362547   0.07637055 -0.02183334]
2025-12-14 04:27:28,208 - INFO - num_full_subsets = 2
2025-12-14 04:27:28,300 - INFO - phi = [-0.15934096  0.41146302 -0.48767902 -0.1839822 ]
2025-12-14 04:27:28,351 - INFO - num_full_subsets = 2
2025-12-14 04:27:28,446 - INFO - phi = [-0.16065456  0.66410506 -0.3134744   0.57555931]
2025-12-14 04:27:28,499 - INFO - num_full_subsets = 2
2025-12-14 04:27:28,597 - INFO - phi = [0.20388793 0.74991502 0.36617566 0.32348744]
2025-12-14 04:27:28,655 - INFO - num_full_subsets = 2
2025-12-14 04:27:28,755 - INFO - phi = [-0.2104831  -0.6065195   0.18392588 -0.41255714]
2025-12-14 04:27:28,806 - INFO - num_full_subsets = 2
2025-12-14 04:27:28,906 - INFO - phi = [-0.15038423  0.66701172 -0.30951195  0.50745075]
2025-12-14 04:27:28,959 - INFO - num_full_subsets = 2
2025-12-14 04:27:29,059 - INFO - phi = [0.21272041 0.82432075 0.43190982 0.48227055]
2025-12-14 04:27:29,111 - INFO - num_full_subsets = 2
2025-12-14 04:27:29,207 - INFO - phi = [ 0.76723426 -0.25336662 -0.55038778  0.23623509]
2025-12-14 04:27:29,260 - INFO - num_full_subsets = 2
2025-12-14 04:27:29,357 - INFO - phi = [-0.21812133 -0.90189973  0.3778857  -0.5447651 ]
2025-12-14 04:27:29,417 - INFO - num_full_subsets = 2
2025-12-14 04:27:29,512 - INFO - phi = [-0.09574149  0.77433773 -0.34301112  0.51710898]
2025-12-14 04:27:29,565 - INFO - num_full_subsets = 2
2025-12-14 04:27:29,662 - INFO - phi = [-0.23196832 -0.98266734 -0.15211103 -0.27333657]
2025-12-14 04:27:29,715 - INFO - num_full_subsets = 2
2025-12-14 04:27:29,812 - INFO - phi = [ 0.55135804  0.45811167 -0.32673362  0.37138213]
2025-12-14 04:27:29,864 - INFO - num_full_subsets = 2
2025-12-14 04:27:29,963 - INFO - phi = [-0.20696432 -1.01455287  0.20466177 -0.35108877]
2025-12-14 04:27:30,015 - INFO - num_full_subsets = 2
2025-12-14 04:27:30,119 - INFO - phi = [-0.26761344 -0.64426456  0.03809298 -0.52598912]
2025-12-14 04:27:30,170 - INFO - num_full_subsets = 2
2025-12-14 04:27:30,272 - INFO - phi = [-0.17624308 -0.65994116  0.49159127 -0.55737807]
2025-12-14 04:27:30,325 - INFO - num_full_subsets = 2
2025-12-14 04:27:30,427 - INFO - phi = [-0.19934425  0.51736335  0.14546335  0.07665538]
2025-12-14 04:27:30,479 - INFO - num_full_subsets = 2
2025-12-14 04:27:30,578 - INFO - phi = [-0.14294387  0.7141209   0.02435557  0.47641169]
2025-12-14 04:27:30,629 - INFO - num_full_subsets = 2
2025-12-14 04:27:30,721 - INFO - phi = [-0.24646132 -1.18375663 -0.09822107 -0.29497406]
2025-12-14 04:27:30,771 - INFO - num_full_subsets = 2
2025-12-14 04:27:30,872 - INFO - phi = [ 0.07623123  0.69905307 -0.26331364  0.66480247]
2025-12-14 04:27:30,924 - INFO - num_full_subsets = 2
2025-12-14 04:27:31,015 - INFO - phi = [ 0.03533687  0.25917799  0.16132776 -0.39614898]
2025-12-14 04:27:31,066 - INFO - num_full_subsets = 2
2025-12-14 04:27:31,161 - INFO - phi = [-0.08619375  0.12838225  0.34639908 -0.21494632]
2025-12-14 04:27:31,212 - INFO - num_full_subsets = 2
2025-12-14 04:27:31,308 - INFO - phi = [-0.22655642 -1.05896353 -0.16659967 -0.13642516]
2025-12-14 04:27:31,355 - INFO - num_full_subsets = 2
2025-12-14 04:27:31,450 - INFO - phi = [-0.14791415  0.01758992 -0.52441393  0.27451494]
2025-12-14 04:27:31,498 - INFO - num_full_subsets = 2
2025-12-14 04:27:31,604 - INFO - phi = [ 0.67776648  0.42534874 -0.33375263  0.69879286]
2025-12-14 04:27:31,654 - INFO - num_full_subsets = 2
2025-12-14 04:27:31,750 - INFO - phi = [-0.13290854 -0.29447679  0.57059199 -0.66551496]
2025-12-14 04:27:31,798 - INFO - num_full_subsets = 2
2025-12-14 04:27:31,892 - INFO - phi = [-0.28121155 -0.97812546 -0.00330914 -0.59083259]
2025-12-14 04:27:31,941 - INFO - num_full_subsets = 2
2025-12-14 04:27:32,035 - INFO - phi = [ 0.02585627  0.45418036 -0.19776782 -0.58055375]
2025-12-14 04:27:32,083 - INFO - num_full_subsets = 2
2025-12-14 04:27:32,175 - INFO - phi = [ 0.19388496 -0.15097875  0.11243746 -0.58980687]
2025-12-14 04:27:32,231 - INFO - num_full_subsets = 2
2025-12-14 04:27:32,330 - INFO - phi = [ 0.04365032  0.55516128 -0.0483971  -0.43298447]
2025-12-14 04:27:32,378 - INFO - num_full_subsets = 2
2025-12-14 04:27:32,471 - INFO - phi = [-0.27396927 -1.14010461 -0.06675062 -0.45336238]
2025-12-14 04:27:32,521 - INFO - num_full_subsets = 2
2025-12-14 04:27:32,614 - INFO - phi = [-0.19455245  0.43768954  0.23456115 -0.62267838]
2025-12-14 04:27:32,662 - INFO - num_full_subsets = 2
2025-12-14 04:27:32,753 - INFO - phi = [-0.25224803 -1.12220052  0.10860381  0.16033671]
2025-12-14 04:27:32,800 - INFO - num_full_subsets = 2
2025-12-14 04:27:32,888 - INFO - phi = [-0.04444239  0.21315663  0.12666069 -0.66845369]
2025-12-14 04:27:32,944 - INFO - num_full_subsets = 2
2025-12-14 04:27:33,035 - INFO - phi = [ 0.17130489 -0.23899862  0.13839303 -0.58507446]
2025-12-14 04:27:33,082 - INFO - num_full_subsets = 2
2025-12-14 04:27:33,171 - INFO - phi = [-0.14112217  0.67301782 -0.32045268  0.59900859]
2025-12-14 04:27:33,220 - INFO - num_full_subsets = 2
2025-12-14 04:27:33,312 - INFO - phi = [-0.10036492  0.57863085 -0.12171711  0.72782281]
2025-12-14 04:27:33,359 - INFO - num_full_subsets = 2
2025-12-14 04:27:33,453 - INFO - phi = [-0.11450235  0.66594536  0.13189461  0.66352428]
2025-12-14 04:27:33,502 - INFO - num_full_subsets = 2
2025-12-14 04:27:33,598 - INFO - phi = [0.77461432 0.20253909 0.31672737 0.71104643]
2025-12-14 04:27:33,645 - INFO - num_full_subsets = 2
2025-12-14 04:27:33,732 - INFO - phi = [-0.19968449 -0.37528729 -0.37685656 -0.04982087]
2025-12-14 04:27:33,780 - INFO - num_full_subsets = 2
2025-12-14 04:27:33,865 - INFO - phi = [-0.18487592  0.38399689  0.25768609 -0.62619745]
2025-12-14 04:27:33,912 - INFO - num_full_subsets = 2
2025-12-14 04:27:33,997 - INFO - phi = [-0.10036492  0.57863085 -0.12171711  0.72782281]
2025-12-14 04:27:34,046 - INFO - num_full_subsets = 2
2025-12-14 04:27:34,139 - INFO - phi = [ 0.31522896 -0.12211602  0.21119717 -0.3731001 ]
2025-12-14 04:27:34,187 - INFO - num_full_subsets = 2
2025-12-14 04:27:34,288 - INFO - phi = [-0.12088265  0.3936328  -0.20676955  0.91400016]
2025-12-14 04:27:34,336 - INFO - num_full_subsets = 2
2025-12-14 04:27:34,430 - INFO - phi = [-0.23132122 -0.12011493  0.12121343 -0.66697733]
2025-12-14 04:27:34,479 - INFO - num_full_subsets = 2
2025-12-14 04:27:34,576 - INFO - phi = [-0.06842805  0.32814539  0.17359423 -0.64100342]
2025-12-14 04:27:34,625 - INFO - num_full_subsets = 2
2025-12-14 04:27:34,719 - INFO - phi = [ 0.53901745  0.60232639 -0.33892895  0.30994851]
2025-12-14 04:27:34,767 - INFO - num_full_subsets = 2
2025-12-14 04:27:34,863 - INFO - phi = [-0.15542027  0.66726002 -0.24470652 -0.15392774]
2025-12-14 04:27:34,911 - INFO - num_full_subsets = 2
2025-12-14 04:27:35,012 - INFO - phi = [0.63891318 0.5062516  0.37153366 0.94279954]
2025-12-14 04:27:35,060 - INFO - num_full_subsets = 2
2025-12-14 04:27:35,153 - INFO - phi = [-0.07804188  0.44380325  0.02039779 -0.74926679]
2025-12-14 04:27:35,202 - INFO - num_full_subsets = 2
2025-12-14 04:27:35,290 - INFO - phi = [-0.23575218 -1.08964542 -0.18528482 -0.28562174]
2025-12-14 04:27:35,336 - INFO - num_full_subsets = 2
2025-12-14 04:27:35,429 - INFO - phi = [-0.19502343 -0.87210546  0.42110233 -0.52242052]
2025-12-14 04:27:35,478 - INFO - num_full_subsets = 2
2025-12-14 04:27:35,567 - INFO - phi = [0.75550712 0.17521903 0.29126019 0.46034576]
2025-12-14 04:27:35,623 - INFO - num_full_subsets = 2
2025-12-14 04:27:35,716 - INFO - phi = [ 0.50443966  0.1715973  -0.22077851  0.36310146]
2025-12-14 04:27:35,763 - INFO - num_full_subsets = 2
2025-12-14 04:27:35,853 - INFO - phi = [-0.23966078 -0.95142652  0.17583079 -0.52719125]
2025-12-14 04:27:35,900 - INFO - num_full_subsets = 2
2025-12-14 04:27:35,991 - INFO - phi = [ 0.28516064  0.04072623 -0.23922402 -0.45102266]
2025-12-14 04:27:36,039 - INFO - num_full_subsets = 2
2025-12-14 04:27:36,127 - INFO - phi = [-0.22735604 -0.00045717  0.20384375  0.19112026]
2025-12-14 04:27:36,173 - INFO - num_full_subsets = 2
2025-12-14 04:27:36,257 - INFO - phi = [0.5462114  0.15602789 0.36342323 0.31659881]
2025-12-14 04:27:36,311 - INFO - num_full_subsets = 2
2025-12-14 04:27:36,405 - INFO - phi = [0.0644673  0.80796643 0.32023207 0.55478604]
2025-12-14 04:27:36,452 - INFO - num_full_subsets = 2
2025-12-14 04:27:36,542 - INFO - phi = [-0.17929345  0.63476216 -0.24520691  0.2261308 ]
2025-12-14 04:27:36,587 - INFO - num_full_subsets = 2
2025-12-14 04:27:36,680 - INFO - phi = [-0.12413017  0.59250794  0.13682262  0.24551793]
2025-12-14 04:27:36,727 - INFO - num_full_subsets = 2
2025-12-14 04:27:36,818 - INFO - phi = [-0.01711725 -0.12248092  0.16431729 -0.58147342]
2025-12-14 04:27:36,865 - INFO - num_full_subsets = 2
2025-12-14 04:27:36,961 - INFO - phi = [-0.22732425 -1.02934499 -0.29105065  0.2337476 ]
2025-12-14 04:27:37,008 - INFO - num_full_subsets = 2
2025-12-14 04:27:37,101 - INFO - phi = [0.21820946 0.62942819 0.3570044  0.4351371 ]
2025-12-14 04:27:37,149 - INFO - num_full_subsets = 2
2025-12-14 04:27:37,244 - INFO - phi = [-0.25314226 -1.04921372 -0.12903659 -0.25730304]
2025-12-14 04:27:37,291 - INFO - num_full_subsets = 2
2025-12-14 04:27:37,384 - INFO - phi = [-0.09359513  0.80351307 -0.28688174  0.51986738]
2025-12-14 04:27:37,429 - INFO - num_full_subsets = 2
2025-12-14 04:27:37,519 - INFO - phi = [-0.15038423  0.66701172 -0.30951195  0.50745075]
2025-12-14 04:27:37,565 - INFO - num_full_subsets = 2
2025-12-14 04:27:37,665 - INFO - phi = [ 0.66660262  0.05945665 -0.5666417   0.6263641 ]
2025-12-14 04:27:37,712 - INFO - num_full_subsets = 2
2025-12-14 04:27:37,803 - INFO - phi = [-0.13035067 -0.19174299  0.25519633 -0.30413938]
2025-12-14 04:27:37,852 - INFO - num_full_subsets = 2
2025-12-14 04:27:37,945 - INFO - phi = [-0.17626243  0.68726698 -0.29838967  0.73127242]
2025-12-14 04:27:37,994 - INFO - num_full_subsets = 2
2025-12-14 04:27:38,085 - INFO - phi = [-0.19714654 -0.87623821  0.25565375  0.42793789]
2025-12-14 04:27:38,130 - INFO - num_full_subsets = 2
2025-12-14 04:27:38,223 - INFO - phi = [-0.24451646 -0.88934484  0.18505361 -0.59137485]
2025-12-14 04:27:38,270 - INFO - num_full_subsets = 2
2025-12-14 04:27:38,367 - INFO - phi = [-0.24078092  0.47342227  0.14936242 -0.65523331]
2025-12-14 04:27:38,414 - INFO - num_full_subsets = 2
2025-12-14 04:27:38,504 - INFO - phi = [-0.23550181 -1.05393088 -0.27859825  0.46671263]
2025-12-14 04:27:38,550 - INFO - num_full_subsets = 2
2025-12-14 04:27:38,636 - INFO - phi = [ 0.07717826  0.79912776 -0.33229862  0.28972502]
2025-12-14 04:27:38,681 - INFO - num_full_subsets = 2
2025-12-14 04:27:38,772 - INFO - phi = [ 0.3361426  -0.07831096 -0.34708776 -0.29356706]
2025-12-14 04:27:38,819 - INFO - num_full_subsets = 2
2025-12-14 04:27:38,905 - INFO - phi = [ 0.14436412  0.04684856 -0.35663813  0.11258099]
2025-12-14 04:27:38,957 - INFO - num_full_subsets = 2
2025-12-14 04:27:39,041 - INFO - phi = [-0.14531958 -0.28930479  0.25668008  0.3422405 ]
2025-12-14 04:27:39,089 - INFO - num_full_subsets = 2
2025-12-14 04:27:39,179 - INFO - phi = [-0.05167413  0.74997596  0.20232038  0.53384468]
2025-12-14 04:27:39,226 - INFO - num_full_subsets = 2
2025-12-14 04:27:39,315 - INFO - phi = [-0.2286588  -0.9523622  -0.07401224 -0.39597471]
2025-12-14 04:27:39,361 - INFO - num_full_subsets = 2
2025-12-14 04:27:39,450 - INFO - phi = [0.44557477 0.4759591  0.1220437  0.26097981]
2025-12-14 04:27:39,496 - INFO - num_full_subsets = 2
2025-12-14 04:27:39,585 - INFO - phi = [0.08617526 0.35888977 0.23617703 0.25297306]
2025-12-14 04:27:39,637 - INFO - num_full_subsets = 2
2025-12-14 04:27:39,722 - INFO - phi = [ 0.04694925  0.76580625 -0.31312904  0.03779983]
2025-12-14 04:27:39,769 - INFO - num_full_subsets = 2
2025-12-14 04:27:39,859 - INFO - phi = [-0.18080335 -0.33342509  0.29782901  0.92244393]
2025-12-14 04:27:39,904 - INFO - num_full_subsets = 2
2025-12-14 04:27:39,997 - INFO - phi = [ 0.03933413  0.46840818 -0.17009942 -0.59422485]
2025-12-14 04:27:40,044 - INFO - num_full_subsets = 2
2025-12-14 04:27:40,131 - INFO - phi = [-0.24682252 -0.85903367 -0.14216123 -0.49612887]
2025-12-14 04:27:40,178 - INFO - num_full_subsets = 2
2025-12-14 04:27:40,274 - INFO - phi = [0.01822085 0.80788321 0.44077302 0.71648421]
2025-12-14 04:27:40,321 - INFO - num_full_subsets = 2
2025-12-14 04:27:40,407 - INFO - phi = [0.65716234 0.37649944 0.30096363 0.6457714 ]
2025-12-14 04:27:40,454 - INFO - num_full_subsets = 2
2025-12-14 04:27:40,554 - INFO - phi = [ 0.28808562  0.78847746 -0.3763983   0.32872683]
2025-12-14 04:27:40,600 - INFO - num_full_subsets = 2
2025-12-14 04:27:40,689 - INFO - phi = [-0.25822555 -0.89022108  0.02971311 -0.58030374]
2025-12-14 04:27:40,735 - INFO - num_full_subsets = 2
2025-12-14 04:27:40,826 - INFO - phi = [-0.25107679 -1.06284928  0.08819381 -0.1569469 ]
2025-12-14 04:27:40,872 - INFO - num_full_subsets = 2
2025-12-14 04:27:40,968 - INFO - phi = [ 0.57388178  0.54780149  0.18299326 -0.06810469]
2025-12-14 04:27:41,015 - INFO - num_full_subsets = 2
2025-12-14 04:27:41,109 - INFO - phi = [-0.23594031 -1.0327815  -0.14023132 -0.31070614]
2025-12-14 04:27:41,156 - INFO - num_full_subsets = 2
2025-12-14 04:27:41,249 - INFO - phi = [-0.23489302 -0.79629681 -0.21379306 -0.53550674]
2025-12-14 04:27:41,295 - INFO - num_full_subsets = 2
2025-12-14 04:27:41,386 - INFO - phi = [ 0.09984555  0.44597257  0.06739565 -0.72724789]
2025-12-14 04:27:41,431 - INFO - num_full_subsets = 2
2025-12-14 04:27:41,518 - INFO - phi = [-0.14140309  0.03456361 -0.49080913  0.34507446]
2025-12-14 04:27:41,565 - INFO - num_full_subsets = 2
2025-12-14 04:27:41,658 - INFO - phi = [-0.21065858 -0.8910227   0.25833731 -0.52458269]
2025-12-14 04:27:41,705 - INFO - num_full_subsets = 2
2025-12-14 04:27:41,791 - INFO - phi = [-0.25881524 -0.84770442  0.12440273 -0.59843273]
2025-12-14 04:27:41,837 - INFO - num_full_subsets = 2
2025-12-14 04:27:41,928 - INFO - phi = [ 0.16397387 -0.03476695  0.17312055 -0.60106733]
2025-12-14 04:27:41,975 - INFO - num_full_subsets = 2
2025-12-14 04:27:42,065 - INFO - phi = [-0.20373545 -0.44523998 -0.3372563  -0.16908731]
2025-12-14 04:27:42,110 - INFO - num_full_subsets = 2
2025-12-14 04:27:42,201 - INFO - phi = [-0.21827309 -0.80107421  0.12114612 -0.59483659]
2025-12-14 04:27:42,253 - INFO - num_full_subsets = 2
2025-12-14 04:27:42,345 - INFO - phi = [-0.10297649 -0.29291879 -0.32723876 -0.43469792]
2025-12-14 04:27:42,391 - INFO - num_full_subsets = 2
2025-12-14 04:27:42,482 - INFO - phi = [-0.20947607 -0.7809825  -0.28864521  0.03891929]
2025-12-14 04:27:42,528 - INFO - num_full_subsets = 2
2025-12-14 04:27:42,619 - INFO - phi = [-0.25882322 -1.06376751 -0.08507328 -0.4171667 ]
2025-12-14 04:27:42,665 - INFO - num_full_subsets = 2
2025-12-14 04:27:42,757 - INFO - phi = [-0.2129702  -0.65339255 -0.41256569  0.43310783]
2025-12-14 04:27:42,802 - INFO - num_full_subsets = 2
2025-12-14 04:27:42,887 - INFO - phi = [-0.20373545 -0.44523998 -0.3372563  -0.16908731]
2025-12-14 04:27:42,943 - INFO - num_full_subsets = 2
2025-12-14 04:27:43,026 - INFO - phi = [-0.18002764  0.39695501  0.15930414  0.44512199]
2025-12-14 04:27:43,072 - INFO - num_full_subsets = 2
2025-12-14 04:27:43,161 - INFO - phi = [0.08260854 0.46211768 0.33609332 0.57878335]
2025-12-14 04:27:43,208 - INFO - num_full_subsets = 2
2025-12-14 04:27:43,300 - INFO - phi = [ 0.56769955 -0.08190742 -0.44097671 -0.23144013]
2025-12-14 04:27:43,346 - INFO - num_full_subsets = 2
2025-12-14 04:27:43,434 - INFO - phi = [-0.24587398 -0.80433476  0.13516129 -0.60187259]
2025-12-14 04:27:43,479 - INFO - num_full_subsets = 2
2025-12-14 04:27:43,575 - INFO - phi = [-0.18673999  0.37909116  0.16538058 -0.38606489]
2025-12-14 04:27:43,621 - INFO - num_full_subsets = 2
2025-12-14 04:27:43,715 - INFO - phi = [-0.06616942  0.46980563  0.53017121 -0.83061456]
2025-12-14 04:27:43,761 - INFO - num_full_subsets = 2
2025-12-14 04:27:43,851 - INFO - phi = [0.53858302 0.41206316 0.39820455 1.08941989]
2025-12-14 04:27:43,898 - INFO - num_full_subsets = 2
2025-12-14 04:27:43,989 - INFO - phi = [-0.02062829  0.689784    0.41120415  0.23425068]
2025-12-14 04:27:44,035 - INFO - num_full_subsets = 2
2025-12-14 04:27:44,124 - INFO - phi = [-0.10727383  0.37754981  0.12554377 -0.60353497]
2025-12-14 04:27:44,170 - INFO - num_full_subsets = 2
2025-12-14 04:27:44,264 - INFO - phi = [ 0.30008734  0.63722413 -0.2971401  -0.2056618 ]
2025-12-14 04:27:44,311 - INFO - num_full_subsets = 2
2025-12-14 04:27:44,397 - INFO - phi = [-0.09534615  0.43154487  0.0724803  -0.70048995]
2025-12-14 04:27:44,444 - INFO - num_full_subsets = 2
2025-12-14 04:27:44,531 - INFO - phi = [-0.11141429  0.64497119 -0.22899628  0.10849271]
2025-12-14 04:27:44,578 - INFO - num_full_subsets = 2
2025-12-14 04:27:44,671 - INFO - phi = [-0.22280067 -0.75171832 -0.28541134 -0.07729433]
2025-12-14 04:27:44,718 - INFO - num_full_subsets = 2
2025-12-14 04:27:44,810 - INFO - phi = [-0.28153458 -0.79152425  0.02416679 -0.59207265]
2025-12-14 04:27:44,856 - INFO - num_full_subsets = 2
2025-12-14 04:27:44,950 - INFO - phi = [-0.13951664  0.18659744 -0.50654915 -0.0343134 ]
2025-12-14 04:27:44,995 - INFO - num_full_subsets = 2
2025-12-14 04:27:45,089 - INFO - phi = [0.02422009 0.66597521 0.26875426 0.43181284]
2025-12-14 04:27:45,136 - INFO - num_full_subsets = 2
2025-12-14 04:27:45,227 - INFO - phi = [ 0.59363605  0.30361135  0.0730594  -0.40886891]
2025-12-14 04:27:45,273 - INFO - num_full_subsets = 2
2025-12-14 04:27:45,359 - INFO - phi = [-0.13951664  0.18659744 -0.50654915 -0.0343134 ]
2025-12-14 04:27:45,405 - INFO - num_full_subsets = 2
2025-12-14 04:27:45,494 - INFO - phi = [-0.11429019  0.5573307   0.0593284   0.60269339]
2025-12-14 04:27:45,547 - INFO - num_full_subsets = 2
2025-12-14 04:27:45,641 - INFO - phi = [0.77890542 0.41692603 0.25676238 0.84990123]
2025-12-14 04:27:45,688 - INFO - num_full_subsets = 2
2025-12-14 04:27:45,772 - INFO - phi = [-0.25214527 -0.94736388 -0.16536108 -0.54942063]
2025-12-14 04:27:45,817 - INFO - num_full_subsets = 2
2025-12-14 04:27:45,906 - INFO - phi = [-0.1177642   0.5051639   0.08178016  0.290917  ]
2025-12-14 04:27:45,954 - INFO - num_full_subsets = 2
2025-12-14 04:27:46,045 - INFO - phi = [-0.19021415  0.05186481  0.26307066  0.22520187]
2025-12-14 04:27:46,090 - INFO - num_full_subsets = 2
2025-12-14 04:27:46,181 - INFO - phi = [-0.11623421  0.77713025 -0.23263821  0.14151019]
2025-12-14 04:27:46,686 - INFO - Computing feature importance...
2025-12-14 04:27:54,403 - INFO - Experiment completed for CNN
2025-12-14 04:27:54,403 - INFO - Total time: 270.91s (4.52 min)
2025-12-14 04:27:54,403 - INFO - Starting comprehensive experiment for CNN
2025-12-14 04:28:03,038 - INFO - Performing feature analysis...
2025-12-14 04:28:04,208 - INFO - Model justification: Fast 1D Convolutional Neural Network - perfect for tabular features with local patterns
2025-12-14 04:28:04,208 - INFO - Performing robust cross-validation...
2025-12-14 04:28:21,934 - INFO - CV Results - MSE: 2.3274 ± 0.3762
2025-12-14 04:28:21,934 - INFO - Starting hyperparameter optimization...
2025-12-14 04:31:59,485 - INFO - Best parameters for CNN: {'filters': 53, 'kernel_size': 3, 'dense_units': 2, 'lr': 0.008243262735508365, 'epochs': 71}
2025-12-14 04:31:59,485 - INFO - ⏱️ HPO took 217.55 seconds
2025-12-14 04:31:59,485 - INFO - Training final model...
2025-12-14 04:32:02,266 - INFO - ⏱️ Training took 2.78 seconds
2025-12-14 04:32:02,266 - INFO - Performing residual analysis...
2025-12-14 04:32:03,320 - INFO - Generating XAI explanations...
2025-12-14 04:32:03,356 - WARNING - Using 168 background data samples could cause slower run times. Consider using shap.sample(data, K) or shap.kmeans(data, K) to summarize the background as K samples.
2025-12-14 04:32:03,400 - INFO - num_full_subsets = 2
2025-12-14 04:32:03,495 - INFO - phi = [0.65226348 0.31781783 0.37118601 0.47624777]
2025-12-14 04:32:03,541 - INFO - num_full_subsets = 2
2025-12-14 04:32:03,632 - INFO - phi = [-0.24279782  0.583624    0.21497412  0.06866966]
2025-12-14 04:32:03,677 - INFO - num_full_subsets = 2
2025-12-14 04:32:03,765 - INFO - phi = [-0.17927342  0.64892173 -0.3465464   0.24893666]
2025-12-14 04:32:03,814 - INFO - num_full_subsets = 2
2025-12-14 04:32:03,904 - INFO - phi = [ 0.27467273  0.2646949   0.19363896 -0.25986876]
2025-12-14 04:32:03,948 - INFO - num_full_subsets = 2
2025-12-14 04:32:04,033 - INFO - phi = [-0.19909778  0.67216767 -0.32953364  0.35717801]
2025-12-14 04:32:04,078 - INFO - num_full_subsets = 2
2025-12-14 04:32:04,167 - INFO - phi = [-2.42567383e-01 -5.58282159e-01  2.77888030e-04 -4.59623639e-01]
2025-12-14 04:32:04,211 - INFO - num_full_subsets = 2
2025-12-14 04:32:04,294 - INFO - phi = [ 0.34100324 -0.22019952 -0.17836561 -0.52237418]
2025-12-14 04:32:04,339 - INFO - num_full_subsets = 2
2025-12-14 04:32:04,429 - INFO - phi = [-0.23406799 -1.00998371  0.01920532 -0.38600065]
2025-12-14 04:32:04,473 - INFO - num_full_subsets = 2
2025-12-14 04:32:04,560 - INFO - phi = [ 0.69678361  0.28837128 -0.03464264  0.18484343]
2025-12-14 04:32:04,604 - INFO - num_full_subsets = 2
2025-12-14 04:32:04,693 - INFO - phi = [-0.14069695  0.03697963  0.1768461  -0.59337818]
2025-12-14 04:32:04,739 - INFO - num_full_subsets = 2
2025-12-14 04:32:04,822 - INFO - phi = [-0.23471448 -0.91679544  0.03635985 -0.32112855]
2025-12-14 04:32:04,866 - INFO - num_full_subsets = 2
2025-12-14 04:32:04,951 - INFO - phi = [-0.22503509 -0.47596331  0.18060146  0.50674886]
2025-12-14 04:32:04,996 - INFO - num_full_subsets = 2
2025-12-14 04:32:05,086 - INFO - phi = [ 0.15787118  0.27667768 -0.24370695 -0.5341833 ]
2025-12-14 04:32:05,130 - INFO - num_full_subsets = 2
2025-12-14 04:32:05,222 - INFO - phi = [-0.24141587 -0.85809323 -0.18619746 -0.43008601]
2025-12-14 04:32:05,267 - INFO - num_full_subsets = 2
2025-12-14 04:32:05,357 - INFO - phi = [-0.00938335  0.44941079  0.12505894 -0.7013226 ]
2025-12-14 04:32:05,402 - INFO - num_full_subsets = 2
2025-12-14 04:32:05,494 - INFO - phi = [-0.21984082 -0.77064139 -0.11753205 -0.42010356]
2025-12-14 04:32:05,541 - INFO - num_full_subsets = 2
2025-12-14 04:32:05,631 - INFO - phi = [ 0.57889767 -0.39212695  0.15842599  0.76079104]
2025-12-14 04:32:05,681 - INFO - num_full_subsets = 2
2025-12-14 04:32:05,773 - INFO - phi = [-0.24611079  0.28461353  0.1129897  -0.20974314]
2025-12-14 04:32:05,819 - INFO - num_full_subsets = 2
2025-12-14 04:32:05,905 - INFO - phi = [0.65587977 0.55680786 0.30718004 0.48519463]
2025-12-14 04:32:05,949 - INFO - num_full_subsets = 2
2025-12-14 04:32:06,040 - INFO - phi = [-0.21096984  0.28056672 -0.38239927  0.07720879]
2025-12-14 04:32:06,086 - INFO - num_full_subsets = 2
2025-12-14 04:32:06,177 - INFO - phi = [-0.22735251  0.63759087  0.17584441  0.34475364]
2025-12-14 04:32:06,222 - INFO - num_full_subsets = 2
2025-12-14 04:32:06,311 - INFO - phi = [ 0.00360164  0.34359943  0.13335075 -0.65515746]
2025-12-14 04:32:06,361 - INFO - num_full_subsets = 2
2025-12-14 04:32:06,448 - INFO - phi = [ 0.67842469  0.01061729 -0.35143435  0.36939307]
2025-12-14 04:32:06,494 - INFO - num_full_subsets = 2
2025-12-14 04:32:06,579 - INFO - phi = [ 0.4313956  -0.05129686 -0.23444965 -0.25043027]
2025-12-14 04:32:06,624 - INFO - num_full_subsets = 2
2025-12-14 04:32:06,711 - INFO - phi = [0.59535755 0.46367861 0.11012416 0.02044226]
2025-12-14 04:32:06,756 - INFO - num_full_subsets = 2
2025-12-14 04:32:06,841 - INFO - phi = [-0.23302669 -0.75485108 -0.11334757 -0.24742277]
2025-12-14 04:32:06,886 - INFO - num_full_subsets = 2
2025-12-14 04:32:06,977 - INFO - phi = [-0.00475457  0.67751552  0.17827159  0.2775406 ]
2025-12-14 04:32:07,023 - INFO - num_full_subsets = 2
2025-12-14 04:32:07,111 - INFO - phi = [-0.2657583  -0.5441643  -0.24668776  0.34928654]
2025-12-14 04:32:07,157 - INFO - num_full_subsets = 2
2025-12-14 04:32:07,249 - INFO - phi = [-0.27119561 -1.08835076  0.07539124 -0.14219705]
2025-12-14 04:32:07,294 - INFO - num_full_subsets = 2
2025-12-14 04:32:07,386 - INFO - phi = [ 0.24344937 -0.30632539  0.03961443 -0.60172105]
2025-12-14 04:32:07,431 - INFO - num_full_subsets = 2
2025-12-14 04:32:07,520 - INFO - phi = [-0.2069015  -0.16660887 -0.137109   -0.32420095]
2025-12-14 04:32:07,565 - INFO - num_full_subsets = 2
2025-12-14 04:32:07,658 - INFO - phi = [-0.20451961 -0.32729707  0.13947169  0.32952809]
2025-12-14 04:32:07,704 - INFO - num_full_subsets = 2
2025-12-14 04:32:07,794 - INFO - phi = [ 0.25847531  0.39842701 -0.16797757 -0.54408793]
2025-12-14 04:32:07,841 - INFO - num_full_subsets = 2
2025-12-14 04:32:07,931 - INFO - phi = [-0.22744412 -0.58148979  0.24834695 -0.13401986]
2025-12-14 04:32:07,977 - INFO - num_full_subsets = 2
2025-12-14 04:32:08,065 - INFO - phi = [-0.17631861  0.63777826 -0.31411426  0.4532715 ]
2025-12-14 04:32:08,109 - INFO - num_full_subsets = 2
2025-12-14 04:32:08,196 - INFO - phi = [-0.27770518 -0.72529188 -0.00950147 -0.48237396]
2025-12-14 04:32:08,240 - INFO - num_full_subsets = 2
2025-12-14 04:32:08,335 - INFO - phi = [-0.06766648  0.69199206  0.33792415  0.567981  ]
2025-12-14 04:32:08,380 - INFO - num_full_subsets = 2
2025-12-14 04:32:08,472 - INFO - phi = [ 0.71278424 -0.29431178 -0.33776757  0.43952155]
2025-12-14 04:32:08,516 - INFO - num_full_subsets = 2
2025-12-14 04:32:08,606 - INFO - phi = [-0.2014428  -0.40980164  0.13192145 -0.50701471]
2025-12-14 04:32:08,651 - INFO - num_full_subsets = 2
2025-12-14 04:32:08,742 - INFO - phi = [-0.20643152  0.68094584  0.08299396  0.44822922]
2025-12-14 04:32:08,787 - INFO - num_full_subsets = 2
2025-12-14 04:32:08,881 - INFO - phi = [-0.25031714 -0.89966015  0.31601885  0.19663144]
2025-12-14 04:32:08,932 - INFO - num_full_subsets = 2
2025-12-14 04:32:09,022 - INFO - phi = [ 0.2619683   0.48455349  0.2297593  -0.76632496]
2025-12-14 04:32:09,066 - INFO - num_full_subsets = 2
2025-12-14 04:32:09,155 - INFO - phi = [0.54054677 0.10951166 0.44548204 0.31278302]
2025-12-14 04:32:09,200 - INFO - num_full_subsets = 2
2025-12-14 04:32:09,289 - INFO - phi = [-0.2490237  -0.97490991  0.30379469  0.22945838]
2025-12-14 04:32:09,333 - INFO - num_full_subsets = 2
2025-12-14 04:32:09,426 - INFO - phi = [ 0.60482546 -0.37248187  0.03443951 -0.15845409]
2025-12-14 04:32:09,473 - INFO - num_full_subsets = 2
2025-12-14 04:32:09,563 - INFO - phi = [-0.25207258 -0.77215922 -0.20691475 -0.21277815]
2025-12-14 04:32:09,615 - INFO - num_full_subsets = 2
2025-12-14 04:32:09,705 - INFO - phi = [ 0.04709348  0.45891315  0.03234158 -0.369736  ]
2025-12-14 04:32:09,752 - INFO - num_full_subsets = 2
2025-12-14 04:32:09,839 - INFO - phi = [ 0.50912833  0.64471703 -0.09011161  0.3545461 ]
2025-12-14 04:32:09,884 - INFO - num_full_subsets = 2
2025-12-14 04:32:09,970 - INFO - phi = [-0.18464156 -0.80258415  0.27359243 -0.29853708]
2025-12-14 04:32:10,015 - INFO - num_full_subsets = 2
2025-12-14 04:32:10,105 - INFO - phi = [ 0.0578      0.45229803  0.04581596 -0.76496016]
2025-12-14 04:32:10,151 - INFO - num_full_subsets = 2
2025-12-14 04:32:10,243 - INFO - phi = [0.06974121 0.67308371 0.15883721 0.52615876]
2025-12-14 04:32:10,289 - INFO - num_full_subsets = 2
2025-12-14 04:32:10,381 - INFO - phi = [-0.20914117 -0.56710068 -0.20481985 -0.45372001]
2025-12-14 04:32:10,428 - INFO - num_full_subsets = 2
2025-12-14 04:32:10,519 - INFO - phi = [0.07141413 0.72630046 0.31921614 0.51427454]
2025-12-14 04:32:10,563 - INFO - num_full_subsets = 2
2025-12-14 04:32:10,648 - INFO - phi = [ 0.54923379  0.75720141  0.1190151  -0.24361111]
2025-12-14 04:32:10,693 - INFO - num_full_subsets = 2
2025-12-14 04:32:10,785 - INFO - phi = [ 0.39161587  0.36237806 -0.33685296 -0.31156925]
2025-12-14 04:32:10,832 - INFO - num_full_subsets = 2
2025-12-14 04:32:10,929 - INFO - phi = [-0.22150486  0.60632105 -0.22750187  0.61408538]
2025-12-14 04:32:10,975 - INFO - num_full_subsets = 2
2025-12-14 04:32:11,064 - INFO - phi = [-0.23736675 -0.3695574  -0.26924438 -0.11207008]
2025-12-14 04:32:11,110 - INFO - num_full_subsets = 2
2025-12-14 04:32:11,198 - INFO - phi = [-0.11404644 -0.13502382  0.36064829 -0.47369679]
2025-12-14 04:32:11,243 - INFO - num_full_subsets = 2
2025-12-14 04:32:11,328 - INFO - phi = [-0.24500806  0.59587998 -0.30592553  0.46164155]
2025-12-14 04:32:11,374 - INFO - num_full_subsets = 2
2025-12-14 04:32:11,459 - INFO - phi = [-0.24049076 -0.75237752  0.00735507 -0.4679642 ]
2025-12-14 04:32:11,504 - INFO - num_full_subsets = 2
2025-12-14 04:32:11,595 - INFO - phi = [ 0.17458324  0.33111195 -0.23283513 -0.67299252]
2025-12-14 04:32:11,641 - INFO - num_full_subsets = 2
2025-12-14 04:32:11,729 - INFO - phi = [-0.24475025 -0.67075758 -0.29089928 -0.01548445]
2025-12-14 04:32:11,774 - INFO - num_full_subsets = 2
2025-12-14 04:32:11,862 - INFO - phi = [-0.23652758 -0.79513136  0.02343049 -0.11601556]
2025-12-14 04:32:11,910 - INFO - num_full_subsets = 2
2025-12-14 04:32:12,006 - INFO - phi = [-0.27146554 -0.84512082  0.08768715  0.34688041]
2025-12-14 04:32:12,054 - INFO - num_full_subsets = 2
2025-12-14 04:32:12,145 - INFO - phi = [ 0.6168765   0.3744942  -0.46078782  0.23001836]
2025-12-14 04:32:12,194 - INFO - num_full_subsets = 2
2025-12-14 04:32:12,287 - INFO - phi = [0.11402943 0.71175804 0.34322579 0.43808457]
2025-12-14 04:32:12,333 - INFO - num_full_subsets = 2
2025-12-14 04:32:12,420 - INFO - phi = [-0.26530938 -0.77701473 -0.05703171 -0.37125399]
2025-12-14 04:32:12,466 - INFO - num_full_subsets = 2
2025-12-14 04:32:12,553 - INFO - phi = [-0.22154538 -0.76135921 -0.14930111 -0.37678487]
2025-12-14 04:32:12,598 - INFO - num_full_subsets = 2
2025-12-14 04:32:12,687 - INFO - phi = [-0.14347879 -0.35689992  0.27458101  0.50579073]
2025-12-14 04:32:12,733 - INFO - num_full_subsets = 2
2025-12-14 04:32:12,823 - INFO - phi = [-0.11415024  0.71300324  0.34375371  0.43197196]
2025-12-14 04:32:12,874 - INFO - num_full_subsets = 2
2025-12-14 04:32:12,963 - INFO - phi = [0.47265175 0.61806157 0.17745827 0.24860756]
2025-12-14 04:32:13,009 - INFO - num_full_subsets = 2
2025-12-14 04:32:13,102 - INFO - phi = [ 0.42650894 -0.36050141  0.07820672  0.47549426]
2025-12-14 04:32:13,146 - INFO - num_full_subsets = 2
2025-12-14 04:32:13,236 - INFO - phi = [-0.23162169 -0.80848095 -0.06610421 -0.24590619]
2025-12-14 04:32:13,281 - INFO - num_full_subsets = 2
2025-12-14 04:32:13,372 - INFO - phi = [-0.075894    0.32552413  0.25628379 -0.46485875]
2025-12-14 04:32:13,416 - INFO - num_full_subsets = 2
2025-12-14 04:32:13,507 - INFO - phi = [0.48234876 0.09482248 0.12558926 0.49199287]
2025-12-14 04:32:13,552 - INFO - num_full_subsets = 2
2025-12-14 04:32:13,639 - INFO - phi = [-0.1626709   0.60622298  0.06172313  0.11422587]
2025-12-14 04:32:13,685 - INFO - num_full_subsets = 2
2025-12-14 04:32:13,767 - INFO - phi = [-0.21308368  0.6015958  -0.27806943  0.47051588]
2025-12-14 04:32:13,810 - INFO - num_full_subsets = 2
2025-12-14 04:32:13,892 - INFO - phi = [-0.25645689 -0.38491008 -0.24488961  0.47213373]
2025-12-14 04:32:13,936 - INFO - num_full_subsets = 2
2025-12-14 04:32:14,021 - INFO - phi = [-0.09472868  0.66491158 -0.39331001  0.25976995]
2025-12-14 04:32:14,066 - INFO - num_full_subsets = 2
2025-12-14 04:32:14,161 - INFO - phi = [ 0.0388278   0.35905686  0.15683442 -0.75823656]
2025-12-14 04:32:14,206 - INFO - num_full_subsets = 2
2025-12-14 04:32:14,297 - INFO - phi = [0.24994324 0.47317988 0.23370279 0.53315069]
2025-12-14 04:32:14,341 - INFO - num_full_subsets = 2
2025-12-14 04:32:14,432 - INFO - phi = [-0.22165999  0.5948774  -0.02938229  0.11889001]
2025-12-14 04:32:14,477 - INFO - num_full_subsets = 2
2025-12-14 04:32:14,566 - INFO - phi = [-0.19184779  0.59149826 -0.24060278  0.16331136]
2025-12-14 04:32:14,611 - INFO - num_full_subsets = 2
2025-12-14 04:32:14,702 - INFO - phi = [ 0.2061856   0.55687373 -0.221855   -0.44708839]
2025-12-14 04:32:14,750 - INFO - num_full_subsets = 2
2025-12-14 04:32:14,847 - INFO - phi = [-0.27297391 -0.91217728 -0.23533639  0.38314213]
2025-12-14 04:32:14,891 - INFO - num_full_subsets = 2
2025-12-14 04:32:14,982 - INFO - phi = [-0.28495274 -1.03620237  0.07722545  0.07382071]
2025-12-14 04:32:15,027 - INFO - num_full_subsets = 2
2025-12-14 04:32:15,117 - INFO - phi = [-0.25391922  0.12304185  0.09367468  0.53837734]
2025-12-14 04:32:15,161 - INFO - num_full_subsets = 2
2025-12-14 04:32:15,249 - INFO - phi = [ 0.63337069  0.36170738 -0.28742826  0.55020628]
2025-12-14 04:32:15,293 - INFO - num_full_subsets = 2
2025-12-14 04:32:15,383 - INFO - phi = [-0.22019575  0.00903616 -0.37127972  0.24419125]
2025-12-14 04:32:15,431 - INFO - num_full_subsets = 2
2025-12-14 04:32:15,519 - INFO - phi = [-0.23322375 -0.82677939 -0.00763762 -0.42795151]
2025-12-14 04:32:15,565 - INFO - num_full_subsets = 2
2025-12-14 04:32:15,657 - INFO - phi = [ 0.28028807  0.45868882 -0.50475817  0.00147327]
2025-12-14 04:32:15,702 - INFO - num_full_subsets = 2
2025-12-14 04:32:15,790 - INFO - phi = [-0.11577207  0.51202073  0.21452172  0.42992073]
2025-12-14 04:32:15,835 - INFO - num_full_subsets = 2
2025-12-14 04:32:15,926 - INFO - phi = [-0.22861975 -0.60761365 -0.19636742 -0.39652274]
2025-12-14 04:32:15,969 - INFO - num_full_subsets = 2
2025-12-14 04:32:16,057 - INFO - phi = [-0.22324936  0.6159163  -0.30277649  0.47731113]
2025-12-14 04:32:16,106 - INFO - num_full_subsets = 2
2025-12-14 04:32:16,195 - INFO - phi = [0.21494283 0.20477324 0.211556   0.4441733 ]
2025-12-14 04:32:16,240 - INFO - num_full_subsets = 2
2025-12-14 04:32:16,323 - INFO - phi = [-0.18296548  0.03467334  0.1685761  -0.56802946]
2025-12-14 04:32:16,367 - INFO - num_full_subsets = 2
2025-12-14 04:32:16,456 - INFO - phi = [-0.23736224 -0.76687649 -0.02049148  0.25053093]
2025-12-14 04:32:16,500 - INFO - num_full_subsets = 2
2025-12-14 04:32:16,586 - INFO - phi = [-0.23477919 -0.87565264  0.14009589  0.12076039]
2025-12-14 04:32:16,631 - INFO - num_full_subsets = 2
2025-12-14 04:32:16,720 - INFO - phi = [ 0.48973562 -0.26554614 -0.30344791  0.57435508]
2025-12-14 04:32:16,765 - INFO - num_full_subsets = 2
2025-12-14 04:32:16,856 - INFO - phi = [-0.22881601 -0.83291492  0.12320481  0.36686676]
2025-12-14 04:32:16,900 - INFO - num_full_subsets = 2
2025-12-14 04:32:16,988 - INFO - phi = [-0.25057988 -0.62958543 -0.24626997 -0.03998248]
2025-12-14 04:32:17,033 - INFO - num_full_subsets = 2
2025-12-14 04:32:17,118 - INFO - phi = [ 0.33120252 -0.13584964  0.06945366 -0.25050671]
2025-12-14 04:32:17,163 - INFO - num_full_subsets = 2
2025-12-14 04:32:17,251 - INFO - phi = [ 0.14180214  0.411856   -0.22667079 -0.63409174]
2025-12-14 04:32:17,295 - INFO - num_full_subsets = 2
2025-12-14 04:32:17,390 - INFO - phi = [ 0.05973443 -0.03552277 -0.3654142   0.10552216]
2025-12-14 04:32:17,435 - INFO - num_full_subsets = 2
2025-12-14 04:32:17,524 - INFO - phi = [-0.25925989 -0.7238341  -0.02736791 -0.50284142]
2025-12-14 04:32:17,568 - INFO - num_full_subsets = 2
2025-12-14 04:32:17,656 - INFO - phi = [ 0.03303874  0.4750893   0.09592233 -0.57695366]
2025-12-14 04:32:17,700 - INFO - num_full_subsets = 2
2025-12-14 04:32:17,790 - INFO - phi = [-0.04045519  0.46515034  0.1258681  -0.69695539]
2025-12-14 04:32:17,834 - INFO - num_full_subsets = 2
2025-12-14 04:32:17,924 - INFO - phi = [-0.08395647  0.65521526  0.21753909  0.49171417]
2025-12-14 04:32:17,969 - INFO - num_full_subsets = 2
2025-12-14 04:32:18,066 - INFO - phi = [ 0.06057774  0.05257106  0.18061175 -0.52528481]
2025-12-14 04:32:18,111 - INFO - num_full_subsets = 2
2025-12-14 04:32:18,198 - INFO - phi = [-0.20453404  0.27611995 -0.40651648  0.36984098]
2025-12-14 04:32:18,242 - INFO - num_full_subsets = 2
2025-12-14 04:32:18,332 - INFO - phi = [-0.23008411 -0.56322361  0.17905828 -0.10837132]
2025-12-14 04:32:18,378 - INFO - num_full_subsets = 2
2025-12-14 04:32:18,469 - INFO - phi = [-0.23582702 -0.80981073  0.10103892  0.10603702]
2025-12-14 04:32:18,513 - INFO - num_full_subsets = 2
2025-12-14 04:32:18,601 - INFO - phi = [-0.24219735  0.62344556 -0.34096868  0.09029156]
2025-12-14 04:32:18,649 - INFO - num_full_subsets = 2
2025-12-14 04:32:18,739 - INFO - phi = [-0.26517942 -0.15212064  0.04195517 -0.54073372]
2025-12-14 04:32:18,784 - INFO - num_full_subsets = 2
2025-12-14 04:32:18,873 - INFO - phi = [0.34121692 0.446418   0.11488302 0.48039966]
2025-12-14 04:32:18,917 - INFO - num_full_subsets = 2
2025-12-14 04:32:19,003 - INFO - phi = [-0.22217736 -0.65593641  0.18604427 -0.32909828]
2025-12-14 04:32:19,048 - INFO - num_full_subsets = 2
2025-12-14 04:32:19,133 - INFO - phi = [ 0.33161999  0.02935009 -0.27919747 -0.43786796]
2025-12-14 04:32:19,177 - INFO - num_full_subsets = 2
2025-12-14 04:32:19,260 - INFO - phi = [-0.25442067 -0.42899411  0.00063783  0.47035288]
2025-12-14 04:32:19,310 - INFO - num_full_subsets = 2
2025-12-14 04:32:19,395 - INFO - phi = [-0.12859158  0.53947414  0.19509219  0.06130494]
2025-12-14 04:32:19,442 - INFO - num_full_subsets = 2
2025-12-14 04:32:19,531 - INFO - phi = [ 0.36637687  0.72997925  0.13818106 -0.16895327]
2025-12-14 04:32:19,576 - INFO - num_full_subsets = 2
2025-12-14 04:32:19,660 - INFO - phi = [-0.22366132 -1.03965036  0.08424393 -0.44746173]
2025-12-14 04:32:19,706 - INFO - num_full_subsets = 2
2025-12-14 04:32:19,794 - INFO - phi = [ 0.09860044  0.23258371 -0.4536302   0.32428285]
2025-12-14 04:32:19,838 - INFO - num_full_subsets = 2
2025-12-14 04:32:19,933 - INFO - phi = [0.59579219 0.086386   0.24317493 0.59770359]
2025-12-14 04:32:19,979 - INFO - num_full_subsets = 2
2025-12-14 04:32:20,064 - INFO - phi = [ 0.63387059 -0.23219279 -0.38474094  0.2489103 ]
2025-12-14 04:32:20,108 - INFO - num_full_subsets = 2
2025-12-14 04:32:20,194 - INFO - phi = [-0.08229912 -0.18148023  0.21398857  0.38276588]
2025-12-14 04:32:20,237 - INFO - num_full_subsets = 2
2025-12-14 04:32:20,323 - INFO - phi = [ 0.11369255  0.0447679   0.11195527 -0.7289376 ]
2025-12-14 04:32:20,367 - INFO - num_full_subsets = 2
2025-12-14 04:32:20,450 - INFO - phi = [ 0.28314749  0.311504   -0.07760334 -0.55561192]
2025-12-14 04:32:20,493 - INFO - num_full_subsets = 2
2025-12-14 04:32:20,581 - INFO - phi = [-0.2195035   0.62335672 -0.27141669 -0.04475718]
2025-12-14 04:32:20,626 - INFO - num_full_subsets = 2
2025-12-14 04:32:20,708 - INFO - phi = [-0.19130417  0.30273996 -0.15123732  0.59285917]
2025-12-14 04:32:20,752 - INFO - num_full_subsets = 2
2025-12-14 04:32:20,837 - INFO - phi = [ 0.21855751  0.38897831 -0.24332481 -0.57820818]
2025-12-14 04:32:20,882 - INFO - num_full_subsets = 2
2025-12-14 04:32:20,972 - INFO - phi = [-0.22690305 -0.40651302  0.07626699 -0.53212644]
2025-12-14 04:32:21,015 - INFO - num_full_subsets = 2
2025-12-14 04:32:21,098 - INFO - phi = [-0.17475748  0.70267377 -0.23721367  0.18287269]
2025-12-14 04:32:21,142 - INFO - num_full_subsets = 2
2025-12-14 04:32:21,237 - INFO - phi = [ 0.26123528  0.3422315  -0.1190167  -0.46647217]
2025-12-14 04:32:21,281 - INFO - num_full_subsets = 2
2025-12-14 04:32:21,364 - INFO - phi = [-0.20321932  0.66038185  0.21488816 -0.33102132]
2025-12-14 04:32:21,408 - INFO - num_full_subsets = 2
2025-12-14 04:32:21,493 - INFO - phi = [-0.23207486  0.607799   -0.31328872  0.41465181]
2025-12-14 04:32:21,538 - INFO - num_full_subsets = 2
2025-12-14 04:32:21,622 - INFO - phi = [ 0.19004656  0.68338525 -0.06907365 -0.43283457]
2025-12-14 04:32:21,666 - INFO - num_full_subsets = 2
2025-12-14 04:32:21,751 - INFO - phi = [-0.1299381   0.3245438   0.125021    0.39486439]
2025-12-14 04:32:21,800 - INFO - num_full_subsets = 2
2025-12-14 04:32:21,888 - INFO - phi = [-0.25952882 -0.13803142  0.01922519 -0.60172223]
2025-12-14 04:32:21,934 - INFO - num_full_subsets = 2
2025-12-14 04:32:22,024 - INFO - phi = [-0.23092226 -0.10846164  0.34093448  0.43946558]
2025-12-14 04:32:22,069 - INFO - num_full_subsets = 2
2025-12-14 04:32:22,160 - INFO - phi = [-0.27227227 -0.94237614 -0.2652619   0.23764624]
2025-12-14 04:32:22,205 - INFO - num_full_subsets = 2
2025-12-14 04:32:22,297 - INFO - phi = [-0.22409939 -0.48210627 -0.08826403 -0.39016491]
2025-12-14 04:32:22,342 - INFO - num_full_subsets = 2
2025-12-14 04:32:22,432 - INFO - phi = [0.66843019 0.58218191 0.3365258  0.44075824]
2025-12-14 04:32:22,482 - INFO - num_full_subsets = 2
2025-12-14 04:32:22,571 - INFO - phi = [-0.19703592 -0.86414973  0.15858593  0.29985463]
2025-12-14 04:32:22,616 - INFO - num_full_subsets = 2
2025-12-14 04:32:22,705 - INFO - phi = [-0.02295562  0.36813535  0.13196765 -0.61720331]
2025-12-14 04:32:22,751 - INFO - num_full_subsets = 2
2025-12-14 04:32:22,838 - INFO - phi = [-0.25514853 -0.76189921  0.31422989  0.35313787]
2025-12-14 04:32:22,882 - INFO - num_full_subsets = 2
2025-12-14 04:32:22,972 - INFO - phi = [0.26546351 0.32410732 0.11327921 0.53468325]
2025-12-14 04:32:23,017 - INFO - num_full_subsets = 2
2025-12-14 04:32:23,114 - INFO - phi = [-0.25509252 -0.82903108  0.06429732 -0.51341289]
2025-12-14 04:32:23,162 - INFO - num_full_subsets = 2
2025-12-14 04:32:23,255 - INFO - phi = [ 0.72026909 -0.334769    0.12384628 -0.54150311]
2025-12-14 04:32:23,300 - INFO - num_full_subsets = 2
2025-12-14 04:32:23,393 - INFO - phi = [-0.08416769  0.58172878 -0.0953472   0.08713806]
2025-12-14 04:32:23,438 - INFO - num_full_subsets = 2
2025-12-14 04:32:23,524 - INFO - phi = [-0.19909778  0.67216767 -0.32953364  0.35717801]
2025-12-14 04:32:23,569 - INFO - num_full_subsets = 2
2025-12-14 04:32:23,654 - INFO - phi = [-0.24966753 -1.00188627 -0.12803942 -0.19891126]
2025-12-14 04:32:23,698 - INFO - num_full_subsets = 2
2025-12-14 04:32:23,790 - INFO - phi = [-0.27133993 -0.07534188  0.19390759  0.25577148]
2025-12-14 04:32:23,836 - INFO - num_full_subsets = 2
2025-12-14 04:32:23,924 - INFO - phi = [-0.25653132 -0.21527517  0.25864462  0.47348559]
2025-12-14 04:32:23,969 - INFO - num_full_subsets = 2
2025-12-14 04:32:24,056 - INFO - phi = [-0.05804727  0.08624569  0.30890115  0.48327917]
2025-12-14 04:32:24,100 - INFO - num_full_subsets = 2
2025-12-14 04:32:24,185 - INFO - phi = [-0.14565876 -0.49037784  0.39551903 -0.3950301 ]
2025-12-14 04:32:24,229 - INFO - num_full_subsets = 2
2025-12-14 04:32:24,322 - INFO - phi = [0.50847797 0.11833115 0.00929864 0.58536565]
2025-12-14 04:32:24,366 - INFO - num_full_subsets = 2
2025-12-14 04:32:24,461 - INFO - phi = [ 0.25624965  0.57154182 -0.29333621 -0.09999442]
2025-12-14 04:32:24,505 - INFO - num_full_subsets = 2
2025-12-14 04:32:24,595 - INFO - phi = [0.2363795  0.37146359 0.12344126 0.30444574]
2025-12-14 04:32:24,639 - INFO - num_full_subsets = 2
2025-12-14 04:32:24,721 - INFO - phi = [ 0.12184873  0.64705022 -0.4013906   0.30215647]
2025-12-14 04:32:24,766 - INFO - num_full_subsets = 2
2025-12-14 04:32:24,853 - INFO - phi = [0.34549964 0.63868083 0.11073943 0.31996058]
2025-12-14 04:32:24,897 - INFO - num_full_subsets = 2
2025-12-14 04:32:24,988 - INFO - phi = [0.31071838 0.72543126 0.26127944 0.41459056]
2025-12-14 04:32:25,039 - INFO - num_full_subsets = 2
2025-12-14 04:32:25,128 - INFO - phi = [-0.21736585 -0.89503532  0.02768737 -0.29623919]
2025-12-14 04:32:25,172 - INFO - num_full_subsets = 2
2025-12-14 04:32:25,261 - INFO - phi = [-0.13446313  0.04896026  0.23808114  0.40527348]
2025-12-14 04:32:25,305 - INFO - num_full_subsets = 2
2025-12-14 04:32:25,396 - INFO - phi = [-0.15347742 -0.44298286  0.29959042 -0.40212314]
2025-12-14 04:32:25,441 - INFO - num_full_subsets = 2
2025-12-14 04:32:25,534 - INFO - phi = [-0.26831463  0.55163023  0.16064191 -0.10020779]
2025-12-14 04:32:25,578 - INFO - num_full_subsets = 2
2025-12-14 04:32:25,666 - INFO - phi = [-0.25741297 -0.4086818   0.12773379 -0.59346236]
2025-12-14 04:32:25,715 - INFO - num_full_subsets = 2
2025-12-14 04:32:25,802 - INFO - phi = [-0.16245785  0.68784675  0.22498526  0.45463121]
2025-12-14 04:32:25,847 - INFO - num_full_subsets = 2
2025-12-14 04:32:25,934 - INFO - phi = [ 0.05973443 -0.03552277 -0.3654142   0.10552216]
2025-12-14 04:32:26,445 - INFO - Computing feature importance...
2025-12-14 04:32:33,904 - INFO - Experiment completed for CNN
2025-12-14 04:32:33,904 - INFO - Total time: 279.10s (4.65 min)
2025-12-14 04:32:33,904 - INFO - Starting comprehensive experiment for CNN
2025-12-14 04:32:41,831 - INFO - Performing feature analysis...
2025-12-14 04:32:42,991 - INFO - Model justification: Fast 1D Convolutional Neural Network - perfect for tabular features with local patterns
2025-12-14 04:32:42,991 - INFO - Performing robust cross-validation...
2025-12-14 04:33:03,264 - INFO - CV Results - MSE: 2.4536 ± 0.2738
2025-12-14 04:33:03,264 - INFO - Starting hyperparameter optimization...
2025-12-14 04:35:59,308 - INFO - Best parameters for CNN: {'filters': 55, 'kernel_size': 3, 'dense_units': 29, 'lr': 0.027971980643463897, 'epochs': 77}
2025-12-14 04:35:59,308 - INFO - ⏱️ HPO took 176.04 seconds
2025-12-14 04:35:59,308 - INFO - Training final model...
2025-12-14 04:36:02,262 - INFO - ⏱️ Training took 2.95 seconds
2025-12-14 04:36:02,262 - INFO - Performing residual analysis...
2025-12-14 04:36:03,328 - INFO - Generating XAI explanations...
2025-12-14 04:36:03,363 - WARNING - Using 168 background data samples could cause slower run times. Consider using shap.sample(data, K) or shap.kmeans(data, K) to summarize the background as K samples.
2025-12-14 04:36:03,409 - INFO - num_full_subsets = 2
2025-12-14 04:36:03,502 - INFO - phi = [-0.09664991  0.81520557 -0.38995677  0.32596918]
2025-12-14 04:36:03,549 - INFO - num_full_subsets = 2
2025-12-14 04:36:03,641 - INFO - phi = [ 0.20684993  0.1425707   0.19614295 -0.5721879 ]
2025-12-14 04:36:03,686 - INFO - num_full_subsets = 2
2025-12-14 04:36:03,776 - INFO - phi = [0.02955399 0.98739099 0.16622444 0.53316671]
2025-12-14 04:36:03,820 - INFO - num_full_subsets = 2
2025-12-14 04:36:03,905 - INFO - phi = [-0.3829135  -1.78367595  0.03933002  0.13311868]
2025-12-14 04:36:03,949 - INFO - num_full_subsets = 2
2025-12-14 04:36:04,035 - INFO - phi = [0.28206055 0.47360296 0.11186953 0.31069617]
2025-12-14 04:36:04,080 - INFO - num_full_subsets = 2
2025-12-14 04:36:04,171 - INFO - phi = [0.61348018 0.74685242 0.16029916 0.37217083]
2025-12-14 04:36:04,215 - INFO - num_full_subsets = 2
2025-12-14 04:36:04,303 - INFO - phi = [ 0.7084283   0.56900829 -0.07255456 -0.08804894]
2025-12-14 04:36:04,347 - INFO - num_full_subsets = 2
2025-12-14 04:36:04,435 - INFO - phi = [ 0.16972064  0.27682908  0.38347511 -0.24641632]
2025-12-14 04:36:04,478 - INFO - num_full_subsets = 2
2025-12-14 04:36:04,569 - INFO - phi = [-0.43219298 -1.27987859  0.02928907 -0.28094211]
2025-12-14 04:36:04,613 - INFO - num_full_subsets = 2
2025-12-14 04:36:04,699 - INFO - phi = [-0.39838594 -1.16572278 -0.00758598 -0.40296439]
2025-12-14 04:36:04,748 - INFO - num_full_subsets = 2
2025-12-14 04:36:04,839 - INFO - phi = [-0.00827257  0.44134196  0.362972   -0.65831424]
2025-12-14 04:36:04,883 - INFO - num_full_subsets = 2
2025-12-14 04:36:04,976 - INFO - phi = [-0.14834816  0.44579116 -0.6580629   0.04726052]
2025-12-14 04:36:05,023 - INFO - num_full_subsets = 2
2025-12-14 04:36:05,115 - INFO - phi = [ 0.02699475  0.71324828  0.46483795 -0.6490742 ]
2025-12-14 04:36:05,161 - INFO - num_full_subsets = 2
2025-12-14 04:36:05,254 - INFO - phi = [-0.17564791  0.66651057 -0.62240437  0.01642594]
2025-12-14 04:36:05,299 - INFO - num_full_subsets = 2
2025-12-14 04:36:05,389 - INFO - phi = [-0.40860417 -1.46415358 -0.15733     0.18371873]
2025-12-14 04:36:05,438 - INFO - num_full_subsets = 2
2025-12-14 04:36:05,528 - INFO - phi = [0.01289894 0.7759759  0.20627419 0.42451142]
2025-12-14 04:36:05,572 - INFO - num_full_subsets = 2
2025-12-14 04:36:05,658 - INFO - phi = [-0.09125349  0.44123409  0.30931755 -0.59237704]
2025-12-14 04:36:05,702 - INFO - num_full_subsets = 2
2025-12-14 04:36:05,790 - INFO - phi = [-0.37023656 -1.23641609  0.57793486  0.43823305]
2025-12-14 04:36:05,836 - INFO - num_full_subsets = 2
2025-12-14 04:36:05,924 - INFO - phi = [ 0.04543913  0.35625797  0.47422772 -1.10691011]
2025-12-14 04:36:05,968 - INFO - num_full_subsets = 2
2025-12-14 04:36:06,057 - INFO - phi = [-0.50851927 -0.47054747 -0.0490576  -0.38169932]
2025-12-14 04:36:06,102 - INFO - num_full_subsets = 2
2025-12-14 04:36:06,189 - INFO - phi = [0.0778298  0.93436471 0.47571052 0.57761848]
2025-12-14 04:36:06,233 - INFO - num_full_subsets = 2
2025-12-14 04:36:06,319 - INFO - phi = [-0.37712777 -1.10374244  0.33557937 -0.49042381]
2025-12-14 04:36:06,363 - INFO - num_full_subsets = 2
2025-12-14 04:36:06,451 - INFO - phi = [-0.0690169   0.77245561 -0.28182879  0.15192397]
2025-12-14 04:36:06,496 - INFO - num_full_subsets = 2
2025-12-14 04:36:06,583 - INFO - phi = [0.08117478 0.95542167 0.48474508 0.57045999]
2025-12-14 04:36:06,626 - INFO - num_full_subsets = 2
2025-12-14 04:36:06,721 - INFO - phi = [ 0.3147878   0.20651213 -0.17262076  0.16355063]
2025-12-14 04:36:06,768 - INFO - num_full_subsets = 2
2025-12-14 04:36:06,859 - INFO - phi = [-0.33415387 -1.2637492  -0.28783959 -0.1054187 ]
2025-12-14 04:36:06,905 - INFO - num_full_subsets = 2
2025-12-14 04:36:06,996 - INFO - phi = [-0.32197589 -0.01324281  0.16986885 -0.504678  ]
2025-12-14 04:36:07,041 - INFO - num_full_subsets = 2
2025-12-14 04:36:07,131 - INFO - phi = [-0.27934504  0.07859669 -0.32743827  0.04404372]
2025-12-14 04:36:07,176 - INFO - num_full_subsets = 2
2025-12-14 04:36:07,265 - INFO - phi = [0.39858054 0.37498368 0.55734133 0.52664544]
2025-12-14 04:36:07,311 - INFO - num_full_subsets = 2
2025-12-14 04:36:07,407 - INFO - phi = [-0.38718292 -1.06908233 -0.49989192  0.18118557]
2025-12-14 04:36:07,453 - INFO - num_full_subsets = 2
2025-12-14 04:36:07,539 - INFO - phi = [ 0.08057471  0.29495423  0.14129594 -0.70730857]
2025-12-14 04:36:07,584 - INFO - num_full_subsets = 2
2025-12-14 04:36:07,675 - INFO - phi = [-0.36767763 -1.05417131 -0.12651716 -0.23419222]
2025-12-14 04:36:07,720 - INFO - num_full_subsets = 2
2025-12-14 04:36:07,812 - INFO - phi = [-0.13292437  0.45185467 -0.43656446 -0.31215646]
2025-12-14 04:36:07,856 - INFO - num_full_subsets = 2
2025-12-14 04:36:07,946 - INFO - phi = [ 0.01304928  0.43978446  0.19007481 -0.71288834]
2025-12-14 04:36:07,994 - INFO - num_full_subsets = 2
2025-12-14 04:36:08,088 - INFO - phi = [ 0.23895788  0.04358626  0.07367502 -0.61350011]
2025-12-14 04:36:08,134 - INFO - num_full_subsets = 2
2025-12-14 04:36:08,226 - INFO - phi = [-0.3724214  -1.37061452 -0.37385625  0.15493221]
2025-12-14 04:36:08,269 - INFO - num_full_subsets = 2
2025-12-14 04:36:08,359 - INFO - phi = [0.02353259 0.93797598 0.43050595 0.57463823]
2025-12-14 04:36:08,403 - INFO - num_full_subsets = 2
2025-12-14 04:36:08,493 - INFO - phi = [-0.35079802 -1.51300778 -0.26699541  0.190318  ]
2025-12-14 04:36:08,537 - INFO - num_full_subsets = 2
2025-12-14 04:36:08,626 - INFO - phi = [-0.48110169 -1.15505611 -0.04475884 -0.31963757]
2025-12-14 04:36:08,675 - INFO - num_full_subsets = 2
2025-12-14 04:36:08,764 - INFO - phi = [-0.01731818  0.4305577   0.38914924  0.4450672 ]
2025-12-14 04:36:08,809 - INFO - num_full_subsets = 2
2025-12-14 04:36:08,903 - INFO - phi = [-0.02204303  0.46518008 -0.25179643 -0.42377979]
2025-12-14 04:36:08,950 - INFO - num_full_subsets = 2
2025-12-14 04:36:09,039 - INFO - phi = [0.66554139 0.66905414 0.1509602  0.55543785]
2025-12-14 04:36:09,084 - INFO - num_full_subsets = 2
2025-12-14 04:36:09,172 - INFO - phi = [ 0.92062184  0.68196585 -0.24872998  0.37752597]
2025-12-14 04:36:09,216 - INFO - num_full_subsets = 2
2025-12-14 04:36:09,309 - INFO - phi = [-0.49924939 -1.18286552  0.02233596 -0.38465691]
2025-12-14 04:36:09,354 - INFO - num_full_subsets = 2
2025-12-14 04:36:09,444 - INFO - phi = [-0.15179222  0.83520049  0.09242981  0.34493272]
2025-12-14 04:36:09,489 - INFO - num_full_subsets = 2
2025-12-14 04:36:09,578 - INFO - phi = [-0.53974554 -0.98247715 -0.03265847 -0.39936238]
2025-12-14 04:36:09,624 - INFO - num_full_subsets = 2
2025-12-14 04:36:09,711 - INFO - phi = [-0.22216747 -0.32020108  0.50836512 -0.63491148]
2025-12-14 04:36:09,758 - INFO - num_full_subsets = 2
2025-12-14 04:36:09,849 - INFO - phi = [-0.16684634  0.22707288 -0.37010425 -0.28740292]
2025-12-14 04:36:09,893 - INFO - num_full_subsets = 2
2025-12-14 04:36:09,984 - INFO - phi = [-0.31484549 -1.69411693  0.20230527  0.22338659]
2025-12-14 04:36:10,029 - INFO - num_full_subsets = 2
2025-12-14 04:36:10,119 - INFO - phi = [-0.08528133 -0.71176557  0.21038626  0.34153522]
2025-12-14 04:36:10,165 - INFO - num_full_subsets = 2
2025-12-14 04:36:10,256 - INFO - phi = [0.87553733 0.66057819 0.21936831 0.25737111]
2025-12-14 04:36:10,299 - INFO - num_full_subsets = 2
2025-12-14 04:36:10,390 - INFO - phi = [0.55755529 0.27428871 0.39322847 0.5298517 ]
2025-12-14 04:36:10,435 - INFO - num_full_subsets = 2
2025-12-14 04:36:10,527 - INFO - phi = [-0.02722247  0.45025377 -0.25567658 -0.45014217]
2025-12-14 04:36:10,571 - INFO - num_full_subsets = 2
2025-12-14 04:36:10,665 - INFO - phi = [0.14850656 0.34521232 0.23753985 0.42962887]
2025-12-14 04:36:10,710 - INFO - num_full_subsets = 2
2025-12-14 04:36:10,797 - INFO - phi = [0.0406851  0.37364001 0.04617409 0.30396553]
2025-12-14 04:36:10,841 - INFO - num_full_subsets = 2
2025-12-14 04:36:10,930 - INFO - phi = [-0.41826645 -1.21662936  0.24226384  0.15265949]
2025-12-14 04:36:10,974 - INFO - num_full_subsets = 2
2025-12-14 04:36:11,059 - INFO - phi = [-0.45107616 -0.89571416 -0.02741596 -0.35659304]
2025-12-14 04:36:11,103 - INFO - num_full_subsets = 2
2025-12-14 04:36:11,195 - INFO - phi = [-0.43115684 -0.80515494 -0.10602155 -0.45153581]
2025-12-14 04:36:11,246 - INFO - num_full_subsets = 2
2025-12-14 04:36:11,335 - INFO - phi = [0.01341931 0.20574786 0.20824837 0.41440219]
2025-12-14 04:36:11,379 - INFO - num_full_subsets = 2
2025-12-14 04:36:11,470 - INFO - phi = [-0.210947    0.76092003 -0.08826424 -0.60458792]
2025-12-14 04:36:11,514 - INFO - num_full_subsets = 2
2025-12-14 04:36:11,603 - INFO - phi = [ 0.46766431  0.65790599 -0.59786719  0.33377366]
2025-12-14 04:36:11,648 - INFO - num_full_subsets = 2
2025-12-14 04:36:11,735 - INFO - phi = [1.06035027 0.64938148 0.40421235 0.48141559]
2025-12-14 04:36:11,780 - INFO - num_full_subsets = 2
2025-12-14 04:36:11,870 - INFO - phi = [ 0.43739315  0.5752953  -0.28897314  0.28121126]
2025-12-14 04:36:11,923 - INFO - num_full_subsets = 2
2025-12-14 04:36:12,015 - INFO - phi = [-0.34535493 -1.06649932 -0.41979415  0.07904415]
2025-12-14 04:36:12,061 - INFO - num_full_subsets = 2
2025-12-14 04:36:12,152 - INFO - phi = [-0.10812091  0.89439428  0.12359403  0.51880146]
2025-12-14 04:36:12,196 - INFO - num_full_subsets = 2
2025-12-14 04:36:12,285 - INFO - phi = [ 0.57156978  0.63755843 -0.49077415  0.31349473]
2025-12-14 04:36:12,329 - INFO - num_full_subsets = 2
2025-12-14 04:36:12,417 - INFO - phi = [0.29068621 0.96574386 0.15351872 0.55511323]
2025-12-14 04:36:12,461 - INFO - num_full_subsets = 2
2025-12-14 04:36:12,556 - INFO - phi = [-0.09282584  0.49674369  0.31315035  0.37062679]
2025-12-14 04:36:12,600 - INFO - num_full_subsets = 2
2025-12-14 04:36:12,687 - INFO - phi = [-0.49319089 -1.19966763  0.1085411   0.33706233]
2025-12-14 04:36:12,731 - INFO - num_full_subsets = 2
2025-12-14 04:36:12,818 - INFO - phi = [ 0.35113041  0.51517187  0.02509572 -0.09543913]
2025-12-14 04:36:12,862 - INFO - num_full_subsets = 2
2025-12-14 04:36:12,951 - INFO - phi = [-0.15094243  0.40715392 -0.80267193  0.23414915]
2025-12-14 04:36:12,998 - INFO - num_full_subsets = 2
2025-12-14 04:36:13,090 - INFO - phi = [-0.47117462 -1.07184569 -0.04901076 -0.39236884]
2025-12-14 04:36:13,135 - INFO - num_full_subsets = 2
2025-12-14 04:36:13,229 - INFO - phi = [ 0.42369061 -0.41293207  0.43238337  0.23179235]
2025-12-14 04:36:13,274 - INFO - num_full_subsets = 2
2025-12-14 04:36:13,367 - INFO - phi = [-0.07631038  0.87063688 -0.31995587  0.42190715]
2025-12-14 04:36:13,413 - INFO - num_full_subsets = 2
2025-12-14 04:36:13,502 - INFO - phi = [-0.12000076  0.76982594 -0.27433297  0.27254318]
2025-12-14 04:36:13,548 - INFO - num_full_subsets = 2
2025-12-14 04:36:13,633 - INFO - phi = [-0.55294568 -0.81725801  0.09121705 -0.0024094 ]
2025-12-14 04:36:13,677 - INFO - num_full_subsets = 2
2025-12-14 04:36:13,767 - INFO - phi = [ 0.04062056  0.11248868  0.1799378  -0.66364791]
2025-12-14 04:36:13,811 - INFO - num_full_subsets = 2
2025-12-14 04:36:13,903 - INFO - phi = [ 0.30871005  0.38264197  0.25302661 -0.59759226]
2025-12-14 04:36:13,948 - INFO - num_full_subsets = 2
2025-12-14 04:36:14,039 - INFO - phi = [ 0.22385713  0.17263783  0.23213438 -0.52184655]
2025-12-14 04:36:14,082 - INFO - num_full_subsets = 2
2025-12-14 04:36:14,174 - INFO - phi = [-0.21642864 -0.2127053   0.22302352 -0.17404336]
2025-12-14 04:36:14,218 - INFO - num_full_subsets = 2
2025-12-14 04:36:14,310 - INFO - phi = [0.50403904 0.29818061 0.26213929 0.16952002]
2025-12-14 04:36:14,354 - INFO - num_full_subsets = 2
2025-12-14 04:36:14,445 - INFO - phi = [ 0.37949343  0.25608859  0.17664388 -0.60136577]
2025-12-14 04:36:14,496 - INFO - num_full_subsets = 2
2025-12-14 04:36:14,590 - INFO - phi = [-0.33854922 -1.48032891 -0.12721267 -0.02028014]
2025-12-14 04:36:14,635 - INFO - num_full_subsets = 2
2025-12-14 04:36:14,727 - INFO - phi = [ 0.17076695 -0.2519108  -0.46857595  0.22336804]
2025-12-14 04:36:14,774 - INFO - num_full_subsets = 2
2025-12-14 04:36:14,860 - INFO - phi = [-0.23433559  0.16915627 -0.65791573  0.23157262]
2025-12-14 04:36:14,904 - INFO - num_full_subsets = 2
2025-12-14 04:36:14,995 - INFO - phi = [0.1453786  0.2270818  0.21669032 0.41671616]
2025-12-14 04:36:15,038 - INFO - num_full_subsets = 2
2025-12-14 04:36:15,126 - INFO - phi = [-0.0009042   0.51686332  0.71844595  0.40028223]
2025-12-14 04:36:15,176 - INFO - num_full_subsets = 2
2025-12-14 04:36:15,262 - INFO - phi = [-0.30954245 -0.38773701 -0.37760549  0.24690455]
2025-12-14 04:36:15,307 - INFO - num_full_subsets = 2
2025-12-14 04:36:15,395 - INFO - phi = [ 0.00329112  0.35813694 -0.44079339  0.3394775 ]
2025-12-14 04:36:15,439 - INFO - num_full_subsets = 2
2025-12-14 04:36:15,529 - INFO - phi = [ 0.19678519  0.64135878 -0.16440439  0.40989372]
2025-12-14 04:36:15,574 - INFO - num_full_subsets = 2
2025-12-14 04:36:15,660 - INFO - phi = [ 0.44977892  0.61313159 -0.20551643  0.38514854]
2025-12-14 04:36:15,706 - INFO - num_full_subsets = 2
2025-12-14 04:36:15,799 - INFO - phi = [-0.07056397  0.34620058  0.52611687 -0.68328817]
2025-12-14 04:36:15,843 - INFO - num_full_subsets = 2
2025-12-14 04:36:15,932 - INFO - phi = [0.06670097 0.49356957 0.31178349 0.54029984]
2025-12-14 04:36:15,977 - INFO - num_full_subsets = 2
2025-12-14 04:36:16,065 - INFO - phi = [ 0.53139554  0.49809028 -0.23371913 -0.04817149]
2025-12-14 04:36:16,109 - INFO - num_full_subsets = 2
2025-12-14 04:36:16,195 - INFO - phi = [-0.38652805 -1.38857255  0.02121027 -0.24258525]
2025-12-14 04:36:16,240 - INFO - num_full_subsets = 2
2025-12-14 04:36:16,326 - INFO - phi = [ 0.20684993  0.1425707   0.19614295 -0.5721879 ]
2025-12-14 04:36:16,369 - INFO - num_full_subsets = 2
2025-12-14 04:36:16,465 - INFO - phi = [-0.3297912  -1.05946115 -0.23593858  0.02627392]
2025-12-14 04:36:16,510 - INFO - num_full_subsets = 2
2025-12-14 04:36:16,603 - INFO - phi = [-0.33212301 -1.62233745 -0.08858324  0.08999965]
2025-12-14 04:36:16,649 - INFO - num_full_subsets = 2
2025-12-14 04:36:16,738 - INFO - phi = [0.02114042 0.6365407  0.48137065 0.26515582]
2025-12-14 04:36:16,781 - INFO - num_full_subsets = 2
2025-12-14 04:36:16,869 - INFO - phi = [0.19913232 0.86610636 0.15412588 0.52488895]
2025-12-14 04:36:16,913 - INFO - num_full_subsets = 2
2025-12-14 04:36:17,000 - INFO - phi = [-0.0333033   0.34539316  0.51751223  0.46136048]
2025-12-14 04:36:17,044 - INFO - num_full_subsets = 2
2025-12-14 04:36:17,137 - INFO - phi = [-0.38492935 -1.19313801 -0.05540893 -0.24522313]
2025-12-14 04:36:17,181 - INFO - num_full_subsets = 2
2025-12-14 04:36:17,273 - INFO - phi = [ 0.09910413  0.39955065 -0.42421289  0.32000627]
2025-12-14 04:36:17,318 - INFO - num_full_subsets = 2
2025-12-14 04:36:17,409 - INFO - phi = [-0.4117309  -0.86900078  0.11942975 -0.27859597]
2025-12-14 04:36:17,453 - INFO - num_full_subsets = 2
2025-12-14 04:36:17,545 - INFO - phi = [ 0.30164096  0.42782009 -0.70170466  0.28499192]
2025-12-14 04:36:17,589 - INFO - num_full_subsets = 2
2025-12-14 04:36:17,678 - INFO - phi = [ 0.21965583  0.39665829  0.08340341 -0.38298763]
2025-12-14 04:36:17,726 - INFO - num_full_subsets = 2
2025-12-14 04:36:17,813 - INFO - phi = [0.46905385 0.86333507 0.43928755 0.48983234]
2025-12-14 04:36:17,857 - INFO - num_full_subsets = 2
2025-12-14 04:36:17,948 - INFO - phi = [-0.13180193  0.29023973 -0.44903887  0.30833595]
2025-12-14 04:36:17,992 - INFO - num_full_subsets = 2
2025-12-14 04:36:18,084 - INFO - phi = [-0.2933199  -0.40145091 -0.33592517  0.03244084]
2025-12-14 04:36:18,128 - INFO - num_full_subsets = 2
2025-12-14 04:36:18,217 - INFO - phi = [-0.35520357 -1.42260973 -0.15783376 -0.03052754]
2025-12-14 04:36:18,260 - INFO - num_full_subsets = 2
2025-12-14 04:36:18,345 - INFO - phi = [-0.12877906  0.15800592  0.14119267 -0.64328667]
2025-12-14 04:36:18,393 - INFO - num_full_subsets = 2
2025-12-14 04:36:18,481 - INFO - phi = [-0.3957139  -0.77802106  0.35581082  0.48121689]
2025-12-14 04:36:18,525 - INFO - num_full_subsets = 2
2025-12-14 04:36:18,615 - INFO - phi = [ 0.13822302  0.09739659  0.22075677 -0.6972236 ]
2025-12-14 04:36:18,660 - INFO - num_full_subsets = 2
2025-12-14 04:36:18,751 - INFO - phi = [-0.34602929 -1.11173394 -0.28026329 -0.19728814]
2025-12-14 04:36:18,795 - INFO - num_full_subsets = 2
2025-12-14 04:36:18,886 - INFO - phi = [ 0.68649036  0.54201484 -0.38307672  0.14518008]
2025-12-14 04:36:18,931 - INFO - num_full_subsets = 2
2025-12-14 04:36:19,027 - INFO - phi = [-0.02542272  0.54155125  0.20958964  0.34268591]
2025-12-14 04:36:19,073 - INFO - num_full_subsets = 2
2025-12-14 04:36:19,163 - INFO - phi = [0.02274972 0.90522244 0.38327646 0.57137684]
2025-12-14 04:36:19,206 - INFO - num_full_subsets = 2
2025-12-14 04:36:19,300 - INFO - phi = [-0.19013309  0.43131777  0.09071214 -0.22336356]
2025-12-14 04:36:19,345 - INFO - num_full_subsets = 2
2025-12-14 04:36:19,435 - INFO - phi = [-0.42688491 -0.72458667  0.11936014 -0.41983493]
2025-12-14 04:36:19,479 - INFO - num_full_subsets = 2
2025-12-14 04:36:19,570 - INFO - phi = [-0.29695152 -0.78429163  0.48635987 -0.49507503]
2025-12-14 04:36:19,614 - INFO - num_full_subsets = 2
2025-12-14 04:36:19,704 - INFO - phi = [ 0.72000174  0.35794132 -0.29922852  0.09509229]
2025-12-14 04:36:19,748 - INFO - num_full_subsets = 2
2025-12-14 04:36:19,833 - INFO - phi = [-0.30247206 -0.49804835 -0.89064275  0.13825831]
2025-12-14 04:36:19,877 - INFO - num_full_subsets = 2
2025-12-14 04:36:19,962 - INFO - phi = [-0.08282522  0.47296354 -0.16700119 -0.44981944]
2025-12-14 04:36:20,006 - INFO - num_full_subsets = 2
2025-12-14 04:36:20,092 - INFO - phi = [ 0.13815357  0.87442558 -0.49815531  0.36205041]
2025-12-14 04:36:20,136 - INFO - num_full_subsets = 2
2025-12-14 04:36:20,227 - INFO - phi = [-0.03477458  0.52755847 -0.19329977 -0.23662184]
2025-12-14 04:36:20,273 - INFO - num_full_subsets = 2
2025-12-14 04:36:20,369 - INFO - phi = [ 0.74392504  0.68006341 -0.53528727  0.32890906]
2025-12-14 04:36:20,414 - INFO - num_full_subsets = 2
2025-12-14 04:36:20,505 - INFO - phi = [0.45080822 0.34551167 0.56493745 0.52176008]
2025-12-14 04:36:20,549 - INFO - num_full_subsets = 2
2025-12-14 04:36:20,639 - INFO - phi = [-0.42314839 -1.60441963  0.00248764  0.12409502]
2025-12-14 04:36:20,682 - INFO - num_full_subsets = 2
2025-12-14 04:36:20,771 - INFO - phi = [-0.22538225  0.59994502 -0.32427083  0.06989665]
2025-12-14 04:36:20,815 - INFO - num_full_subsets = 2
2025-12-14 04:36:20,903 - INFO - phi = [ 0.60973161 -0.13188706  0.18276911 -0.48895813]
2025-12-14 04:36:20,951 - INFO - num_full_subsets = 2
2025-12-14 04:36:21,044 - INFO - phi = [-0.24883825  0.61815186 -0.03599632 -0.48648371]
2025-12-14 04:36:21,090 - INFO - num_full_subsets = 2
2025-12-14 04:36:21,179 - INFO - phi = [-0.16750333  0.70569548  0.10627165 -0.34197703]
2025-12-14 04:36:21,225 - INFO - num_full_subsets = 2
2025-12-14 04:36:21,312 - INFO - phi = [-0.31848955 -1.15104821 -0.34441903 -0.22173173]
2025-12-14 04:36:21,357 - INFO - num_full_subsets = 2
2025-12-14 04:36:21,446 - INFO - phi = [ 0.11761965  0.10630152 -0.6308348  -0.08401609]
2025-12-14 04:36:21,489 - INFO - num_full_subsets = 2
2025-12-14 04:36:21,580 - INFO - phi = [ 0.16942948  0.3128048   0.18788313 -0.61634699]
2025-12-14 04:36:21,630 - INFO - num_full_subsets = 2
2025-12-14 04:36:21,721 - INFO - phi = [0.58258304 0.332549   0.25775218 0.48858512]
2025-12-14 04:36:21,767 - INFO - num_full_subsets = 2
2025-12-14 04:36:21,859 - INFO - phi = [ 0.76728004  0.32415681 -0.30543892  0.32016879]
2025-12-14 04:36:21,903 - INFO - num_full_subsets = 2
2025-12-14 04:36:21,991 - INFO - phi = [-0.38736378 -1.48305178 -0.07163199 -0.08914035]
2025-12-14 04:36:22,035 - INFO - num_full_subsets = 2
2025-12-14 04:36:22,123 - INFO - phi = [ 0.07912307  0.10538441  0.02191945 -0.63129088]
2025-12-14 04:36:22,167 - INFO - num_full_subsets = 2
2025-12-14 04:36:22,260 - INFO - phi = [-0.1021245   0.55352098  0.46324824  0.53745257]
2025-12-14 04:36:22,306 - INFO - num_full_subsets = 2
2025-12-14 04:36:22,392 - INFO - phi = [-0.02414174  0.42839905 -0.42912213 -0.42580411]
2025-12-14 04:36:22,437 - INFO - num_full_subsets = 2
2025-12-14 04:36:22,523 - INFO - phi = [0.26784204 0.42066662 0.53085555 0.39879401]
2025-12-14 04:36:22,568 - INFO - num_full_subsets = 2
2025-12-14 04:36:22,654 - INFO - phi = [-0.00281195  0.43195292  0.33497586 -0.64835376]
2025-12-14 04:36:22,698 - INFO - num_full_subsets = 2
2025-12-14 04:36:22,787 - INFO - phi = [ 0.24443852  0.23860291  0.29330357 -0.64135824]
2025-12-14 04:36:22,830 - INFO - num_full_subsets = 2
2025-12-14 04:36:22,923 - INFO - phi = [0.43097312 0.44787929 0.24735812 0.43825869]
2025-12-14 04:36:22,968 - INFO - num_full_subsets = 2
2025-12-14 04:36:23,058 - INFO - phi = [-0.10991787  0.48268983 -0.33116938 -0.30260953]
2025-12-14 04:36:23,105 - INFO - num_full_subsets = 2
2025-12-14 04:36:23,197 - INFO - phi = [0.16743853 0.55006985 0.18153751 0.2975034 ]
2025-12-14 04:36:23,241 - INFO - num_full_subsets = 2
2025-12-14 04:36:23,332 - INFO - phi = [-0.17837625  0.23276157 -0.72245837  0.20849441]
2025-12-14 04:36:23,376 - INFO - num_full_subsets = 2
2025-12-14 04:36:23,466 - INFO - phi = [-0.39014077 -1.30457626  0.31858131  0.40484549]
2025-12-14 04:36:23,510 - INFO - num_full_subsets = 2
2025-12-14 04:36:23,602 - INFO - phi = [-0.09350208  0.4757896  -0.50173504 -0.28277666]
2025-12-14 04:36:23,647 - INFO - num_full_subsets = 2
2025-12-14 04:36:23,737 - INFO - phi = [-0.00652099  0.34729351 -0.24359681 -0.34751201]
2025-12-14 04:36:23,782 - INFO - num_full_subsets = 2
2025-12-14 04:36:23,870 - INFO - phi = [ 0.72222328  0.32184219 -0.12070155  0.21679938]
2025-12-14 04:36:23,915 - INFO - num_full_subsets = 2
2025-12-14 04:36:24,001 - INFO - phi = [-0.2989004  -1.24697136 -0.29780705 -0.19413759]
2025-12-14 04:36:24,046 - INFO - num_full_subsets = 2
2025-12-14 04:36:24,133 - INFO - phi = [0.1453786  0.2270818  0.21669032 0.41671616]
2025-12-14 04:36:24,182 - INFO - num_full_subsets = 2
2025-12-14 04:36:24,274 - INFO - phi = [-0.33695106 -1.12873377  0.46235927 -0.47096875]
2025-12-14 04:36:24,319 - INFO - num_full_subsets = 2
2025-12-14 04:36:24,410 - INFO - phi = [0.43474931 0.81505626 0.50458168 0.55824423]
2025-12-14 04:36:24,454 - INFO - num_full_subsets = 2
2025-12-14 04:36:24,545 - INFO - phi = [ 0.55743173  0.2303356  -0.21621583  0.29858464]
2025-12-14 04:36:24,591 - INFO - num_full_subsets = 2
2025-12-14 04:36:24,683 - INFO - phi = [-0.05362701  0.47379936 -0.5480008  -0.34699706]
2025-12-14 04:36:24,728 - INFO - num_full_subsets = 2
2025-12-14 04:36:24,818 - INFO - phi = [-0.36573941 -1.0566407  -0.16853608 -0.21498427]
2025-12-14 04:36:24,866 - INFO - num_full_subsets = 2
2025-12-14 04:36:24,955 - INFO - phi = [-0.37645935 -1.42100337 -0.30400245  0.16878695]
2025-12-14 04:36:24,999 - INFO - num_full_subsets = 2
2025-12-14 04:36:25,090 - INFO - phi = [-0.37043939 -1.19790244  0.42962458 -0.40823655]
2025-12-14 04:36:25,135 - INFO - num_full_subsets = 2
2025-12-14 04:36:25,224 - INFO - phi = [-0.36817944 -1.06480761  0.30447903 -0.04968305]
2025-12-14 04:36:25,270 - INFO - num_full_subsets = 2
2025-12-14 04:36:25,356 - INFO - phi = [-0.18533882  0.40014556  0.13534645  0.19118131]
2025-12-14 04:36:25,399 - INFO - num_full_subsets = 2
2025-12-14 04:36:25,492 - INFO - phi = [-0.17837625  0.23276157 -0.72245837  0.20849441]
2025-12-14 04:36:25,537 - INFO - num_full_subsets = 2
2025-12-14 04:36:25,626 - INFO - phi = [0.07491088 0.93543999 0.10654238 0.34911481]
2025-12-14 04:36:25,669 - INFO - num_full_subsets = 2
2025-12-14 04:36:25,758 - INFO - phi = [0.14659685 0.56898231 0.25530176 0.37571663]
2025-12-14 04:36:25,802 - INFO - num_full_subsets = 2
2025-12-14 04:36:25,892 - INFO - phi = [ 0.22113668  0.78067524 -0.27361276 -0.21987371]
2025-12-14 04:36:25,936 - INFO - num_full_subsets = 2
2025-12-14 04:36:26,026 - INFO - phi = [ 0.40999095  0.0468224   0.21891606 -0.55159355]
2025-12-14 04:36:26,893 - INFO - Computing feature importance...
2025-12-14 04:36:35,486 - INFO - Experiment completed for CNN
2025-12-14 04:36:35,486 - INFO - Total time: 241.20s (4.02 min)
2025-12-14 04:36:35,486 - INFO - Starting comprehensive experiment for CNN
2025-12-14 04:36:43,304 - INFO - Performing feature analysis...
2025-12-14 04:36:44,470 - INFO - Model justification: Fast 1D Convolutional Neural Network - perfect for tabular features with local patterns
2025-12-14 04:36:44,470 - INFO - Performing robust cross-validation...
2025-12-14 04:37:01,781 - INFO - CV Results - MSE: 2.3764 ± 0.4464
2025-12-14 04:37:01,781 - INFO - Starting hyperparameter optimization...
2025-12-14 04:40:37,894 - INFO - Best parameters for CNN: {'filters': 55, 'kernel_size': 3, 'dense_units': 39, 'lr': 0.0012332257077739637, 'epochs': 79}
2025-12-14 04:40:37,894 - INFO - ⏱️ HPO took 216.11 seconds
2025-12-14 04:40:37,894 - INFO - Training final model...
2025-12-14 04:40:41,253 - INFO - ⏱️ Training took 3.36 seconds
2025-12-14 04:40:41,253 - INFO - Performing residual analysis...
2025-12-14 04:40:42,285 - INFO - Generating XAI explanations...
2025-12-14 04:40:42,320 - WARNING - Using 168 background data samples could cause slower run times. Consider using shap.sample(data, K) or shap.kmeans(data, K) to summarize the background as K samples.
2025-12-14 04:40:42,365 - INFO - num_full_subsets = 2
2025-12-14 04:40:42,455 - INFO - phi = [-0.10337382  0.54600831  0.36155425  0.64169468]
2025-12-14 04:40:42,499 - INFO - num_full_subsets = 2
2025-12-14 04:40:42,588 - INFO - phi = [-0.1497069   0.5253278   0.09705169  0.79067136]
2025-12-14 04:40:42,632 - INFO - num_full_subsets = 2
2025-12-14 04:40:42,721 - INFO - phi = [-0.10980656  0.44744269  0.16665922  0.62018313]
2025-12-14 04:40:42,765 - INFO - num_full_subsets = 2
2025-12-14 04:40:42,852 - INFO - phi = [-0.14345305  0.00993601  0.22824789 -1.13121639]
2025-12-14 04:40:42,895 - INFO - num_full_subsets = 2
2025-12-14 04:40:42,984 - INFO - phi = [-0.25446753 -0.99988239 -0.05977448 -0.52941183]
2025-12-14 04:40:43,032 - INFO - num_full_subsets = 2
2025-12-14 04:40:43,121 - INFO - phi = [-0.25415281 -0.87166781  0.14019245  0.14904279]
2025-12-14 04:40:43,166 - INFO - num_full_subsets = 2
2025-12-14 04:40:43,252 - INFO - phi = [-0.16081245 -0.53567014  0.50736521 -0.92293492]
2025-12-14 04:40:43,297 - INFO - num_full_subsets = 2
2025-12-14 04:40:43,387 - INFO - phi = [-0.06175125  0.13931078  0.28578498  0.8863557 ]
2025-12-14 04:40:43,431 - INFO - num_full_subsets = 2
2025-12-14 04:40:43,523 - INFO - phi = [-0.15450298 -0.28009503  0.52690235 -0.49348494]
2025-12-14 04:40:43,569 - INFO - num_full_subsets = 2
2025-12-14 04:40:43,662 - INFO - phi = [0.4727027  0.16520349 0.22354211 0.19372142]
2025-12-14 04:40:43,707 - INFO - num_full_subsets = 2
2025-12-14 04:40:43,795 - INFO - phi = [-0.24898673 -1.1290795  -0.18262604 -0.16832164]
2025-12-14 04:40:43,839 - INFO - num_full_subsets = 2
2025-12-14 04:40:43,924 - INFO - phi = [ 0.52569685  0.2866623   0.22429407 -0.81326537]
2025-12-14 04:40:43,968 - INFO - num_full_subsets = 2
2025-12-14 04:40:44,057 - INFO - phi = [-0.18123131 -0.71548394  0.4030319  -0.8674483 ]
2025-12-14 04:40:44,101 - INFO - num_full_subsets = 2
2025-12-14 04:40:44,191 - INFO - phi = [-0.10182848  0.25797558  0.48377908 -1.26148829]
2025-12-14 04:40:44,235 - INFO - num_full_subsets = 2
2025-12-14 04:40:44,329 - INFO - phi = [0.48625656 0.46281401 0.27758546 0.85904224]
2025-12-14 04:40:44,373 - INFO - num_full_subsets = 2
2025-12-14 04:40:44,461 - INFO - phi = [-0.276459   -1.15128098  0.09992573  0.14963656]
2025-12-14 04:40:44,506 - INFO - num_full_subsets = 2
2025-12-14 04:40:44,596 - INFO - phi = [-0.16703928  0.39277787 -0.30421725  0.18181704]
2025-12-14 04:40:44,640 - INFO - num_full_subsets = 2
2025-12-14 04:40:44,727 - INFO - phi = [-0.20289976 -0.92902709 -0.31925152 -0.42847292]
2025-12-14 04:40:44,771 - INFO - num_full_subsets = 2
2025-12-14 04:40:44,858 - INFO - phi = [-0.27753213 -0.97928071  0.10677744 -0.5473915 ]
2025-12-14 04:40:44,903 - INFO - num_full_subsets = 2
2025-12-14 04:40:45,000 - INFO - phi = [0.47930172 0.47061689 0.33696832 0.75741282]
2025-12-14 04:40:45,050 - INFO - num_full_subsets = 2
2025-12-14 04:40:45,143 - INFO - phi = [ 0.04372744  0.06798587 -0.28268968  0.24112284]
2025-12-14 04:40:45,188 - INFO - num_full_subsets = 2
2025-12-14 04:40:45,274 - INFO - phi = [0.59584052 0.16910976 0.46976757 0.44080938]
2025-12-14 04:40:45,318 - INFO - num_full_subsets = 2
2025-12-14 04:40:45,403 - INFO - phi = [-0.21466775 -0.67585297 -0.37389174  0.50924965]
2025-12-14 04:40:45,446 - INFO - num_full_subsets = 2
2025-12-14 04:40:45,531 - INFO - phi = [0.23821847 0.6484113  0.21245193 0.54981466]
2025-12-14 04:40:45,579 - INFO - num_full_subsets = 2
2025-12-14 04:40:45,667 - INFO - phi = [-0.2007751   2.04627554  0.10861031  0.4984069 ]
2025-12-14 04:40:45,713 - INFO - num_full_subsets = 2
2025-12-14 04:40:45,801 - INFO - phi = [-0.22288342 -1.04575322 -0.2879317  -0.37586691]
2025-12-14 04:40:45,845 - INFO - num_full_subsets = 2
2025-12-14 04:40:45,935 - INFO - phi = [-0.08510741  0.56144624  0.2061086   0.75434556]
2025-12-14 04:40:45,980 - INFO - num_full_subsets = 2
2025-12-14 04:40:46,067 - INFO - phi = [-0.16471029  0.63191733 -0.31030481  0.82902407]
2025-12-14 04:40:46,110 - INFO - num_full_subsets = 2
2025-12-14 04:40:46,199 - INFO - phi = [ 0.52569685  0.2866623   0.22429407 -0.81326537]
2025-12-14 04:40:46,248 - INFO - num_full_subsets = 2
2025-12-14 04:40:46,339 - INFO - phi = [-0.11278348 -0.07533613 -0.56535743  0.32317074]
2025-12-14 04:40:46,384 - INFO - num_full_subsets = 2
2025-12-14 04:40:46,476 - INFO - phi = [ 0.47968419  0.35242429  0.17439208 -1.26830404]
2025-12-14 04:40:46,520 - INFO - num_full_subsets = 2
2025-12-14 04:40:46,611 - INFO - phi = [ 0.50421669 -0.22320861 -0.35996233 -0.7761274 ]
2025-12-14 04:40:46,655 - INFO - num_full_subsets = 2
2025-12-14 04:40:46,743 - INFO - phi = [-0.2268093  -0.78813764  0.19330401 -0.76188246]
2025-12-14 04:40:46,787 - INFO - num_full_subsets = 2
2025-12-14 04:40:46,882 - INFO - phi = [-0.23250411 -0.8628093  -0.32628392 -0.36881126]
2025-12-14 04:40:46,927 - INFO - num_full_subsets = 2
2025-12-14 04:40:47,017 - INFO - phi = [ 0.4896727  -0.01391646  0.36424435 -0.90063506]
2025-12-14 04:40:47,063 - INFO - num_full_subsets = 2
2025-12-14 04:40:47,148 - INFO - phi = [-0.20211847 -0.99972962 -0.40581857 -0.13456242]
2025-12-14 04:40:47,192 - INFO - num_full_subsets = 2
2025-12-14 04:40:47,279 - INFO - phi = [-0.21894808 -0.59603131  0.1162533  -0.96208793]
2025-12-14 04:40:47,322 - INFO - num_full_subsets = 2
2025-12-14 04:40:47,408 - INFO - phi = [-0.17278429  0.63812568 -0.30313203  0.72837264]
2025-12-14 04:40:47,453 - INFO - num_full_subsets = 2
2025-12-14 04:40:47,543 - INFO - phi = [-0.16930957  0.16939423  0.24234708  0.43613939]
2025-12-14 04:40:47,589 - INFO - num_full_subsets = 2
2025-12-14 04:40:47,676 - INFO - phi = [-0.19951067 -0.7141354  -0.2856654  -0.60054481]
2025-12-14 04:40:47,722 - INFO - num_full_subsets = 2
2025-12-14 04:40:47,811 - INFO - phi = [-0.04116875  0.68286876  0.05840882 -0.16227643]
2025-12-14 04:40:47,855 - INFO - num_full_subsets = 2
2025-12-14 04:40:47,941 - INFO - phi = [ 0.48156271 -0.22954945 -0.42409231  0.74099742]
2025-12-14 04:40:47,985 - INFO - num_full_subsets = 2
2025-12-14 04:40:48,077 - INFO - phi = [-0.07006675  0.71177035 -0.34627996  0.06642366]
2025-12-14 04:40:48,122 - INFO - num_full_subsets = 2
2025-12-14 04:40:48,217 - INFO - phi = [-0.25280966 -0.8564223  -0.09278609 -0.5868935 ]
2025-12-14 04:40:48,262 - INFO - num_full_subsets = 2
2025-12-14 04:40:48,354 - INFO - phi = [-0.26073847 -0.70876398  0.25119069  0.52588831]
2025-12-14 04:40:48,398 - INFO - num_full_subsets = 2
2025-12-14 04:40:48,490 - INFO - phi = [0.3427236  0.33329877 0.27209238 0.75192145]
2025-12-14 04:40:48,535 - INFO - num_full_subsets = 2
2025-12-14 04:40:48,624 - INFO - phi = [-0.23995038 -0.72024064  0.2418896   0.6109822 ]
2025-12-14 04:40:48,669 - INFO - num_full_subsets = 2
2025-12-14 04:40:48,759 - INFO - phi = [-0.16643932 -0.54696989  0.49862297 -0.89348129]
2025-12-14 04:40:48,808 - INFO - num_full_subsets = 2
2025-12-14 04:40:48,899 - INFO - phi = [-0.06016051  0.50298216  0.21054177  0.83380456]
2025-12-14 04:40:48,944 - INFO - num_full_subsets = 2
2025-12-14 04:40:49,036 - INFO - phi = [-0.19550684 -0.24250938  0.23212776  1.14845046]
2025-12-14 04:40:49,081 - INFO - num_full_subsets = 2
2025-12-14 04:40:49,175 - INFO - phi = [ 0.35428569  0.45287124 -0.48450222 -0.42125973]
2025-12-14 04:40:49,220 - INFO - num_full_subsets = 2
2025-12-14 04:40:49,306 - INFO - phi = [-0.14778037  0.12088236 -0.49143512  0.56118424]
2025-12-14 04:40:49,350 - INFO - num_full_subsets = 2
2025-12-14 04:40:49,439 - INFO - phi = [ 0.4751271   0.05701064 -0.21199682  0.95076757]
2025-12-14 04:40:49,486 - INFO - num_full_subsets = 2
2025-12-14 04:40:49,573 - INFO - phi = [-0.19501768 -0.38417654  0.23267542 -0.89425868]
2025-12-14 04:40:49,617 - INFO - num_full_subsets = 2
2025-12-14 04:40:49,703 - INFO - phi = [-0.23616009 -0.95183214 -0.21335498  0.75353928]
2025-12-14 04:40:49,746 - INFO - num_full_subsets = 2
2025-12-14 04:40:49,830 - INFO - phi = [-0.25918673 -0.86167312  0.07400435 -0.79171043]
2025-12-14 04:40:49,874 - INFO - num_full_subsets = 2
2025-12-14 04:40:49,956 - INFO - phi = [-0.2231445  -0.57008321 -0.2733246  -0.34782631]
2025-12-14 04:40:50,000 - INFO - num_full_subsets = 2
2025-12-14 04:40:50,097 - INFO - phi = [-0.2225655  -1.00661152 -0.48834565  0.36634845]
2025-12-14 04:40:50,142 - INFO - num_full_subsets = 2
2025-12-14 04:40:50,234 - INFO - phi = [-0.19909661 -0.62791501 -0.41278121 -0.26985488]
2025-12-14 04:40:50,279 - INFO - num_full_subsets = 2
2025-12-14 04:40:50,364 - INFO - phi = [ 0.46242157  0.03723233 -0.23428307 -0.64122352]
2025-12-14 04:40:50,408 - INFO - num_full_subsets = 2
2025-12-14 04:40:50,491 - INFO - phi = [-0.18202558 -0.8273858  -0.27787527 -0.54598436]
2025-12-14 04:40:50,534 - INFO - num_full_subsets = 2
2025-12-14 04:40:50,618 - INFO - phi = [-0.19975655  0.52155571  0.08798545 -0.62649527]
2025-12-14 04:40:50,662 - INFO - num_full_subsets = 2
2025-12-14 04:40:50,753 - INFO - phi = [-0.25485234 -0.99631966 -0.12737895 -0.3749216 ]
2025-12-14 04:40:50,797 - INFO - num_full_subsets = 2
2025-12-14 04:40:50,883 - INFO - phi = [0.3586083  0.27849161 0.25415789 0.48932372]
2025-12-14 04:40:50,928 - INFO - num_full_subsets = 2
2025-12-14 04:40:51,019 - INFO - phi = [-0.18306899 -0.09671713  0.25248169 -0.76180061]
2025-12-14 04:40:51,063 - INFO - num_full_subsets = 2
2025-12-14 04:40:51,149 - INFO - phi = [-0.1510452  -0.40223594  0.48853733 -1.04597084]
2025-12-14 04:40:51,194 - INFO - num_full_subsets = 2
2025-12-14 04:40:51,287 - INFO - phi = [-0.08276992  0.2260261   0.26425486  0.78618368]
2025-12-14 04:40:51,331 - INFO - num_full_subsets = 2
2025-12-14 04:40:51,420 - INFO - phi = [-0.17259545  0.73278893  0.23477477  0.47930672]
2025-12-14 04:40:51,465 - INFO - num_full_subsets = 2
2025-12-14 04:40:51,549 - INFO - phi = [ 0.38066838  0.51037431 -0.26139315 -0.44000006]
2025-12-14 04:40:51,593 - INFO - num_full_subsets = 2
2025-12-14 04:40:51,678 - INFO - phi = [-0.21162254 -0.61272344  0.11534225 -0.92643136]
2025-12-14 04:40:51,723 - INFO - num_full_subsets = 2
2025-12-14 04:40:51,811 - INFO - phi = [-0.12313387  0.06913624  0.49054664 -1.229731  ]
2025-12-14 04:40:51,854 - INFO - num_full_subsets = 2
2025-12-14 04:40:51,938 - INFO - phi = [-0.21334809  4.02243078  0.04862275 -0.75054426]
2025-12-14 04:40:51,986 - INFO - num_full_subsets = 2
2025-12-14 04:40:52,077 - INFO - phi = [-0.2100335   0.13887747  0.11942963  1.10649167]
2025-12-14 04:40:52,122 - INFO - num_full_subsets = 2
2025-12-14 04:40:52,207 - INFO - phi = [ 0.07286715  0.68581313 -0.38496211  0.52861667]
2025-12-14 04:40:52,252 - INFO - num_full_subsets = 2
2025-12-14 04:40:52,340 - INFO - phi = [0.14631531 0.65455752 0.4261381  0.99647564]
2025-12-14 04:40:52,385 - INFO - num_full_subsets = 2
2025-12-14 04:40:52,472 - INFO - phi = [-0.23930547 -0.74599236 -0.04431631 -0.72425334]
2025-12-14 04:40:52,516 - INFO - num_full_subsets = 2
2025-12-14 04:40:52,606 - INFO - phi = [0.16103014 0.09200139 0.36051341 0.57869495]
2025-12-14 04:40:52,654 - INFO - num_full_subsets = 2
2025-12-14 04:40:52,744 - INFO - phi = [-0.14009754 -0.21613388  0.47326154 -1.14932901]
2025-12-14 04:40:52,788 - INFO - num_full_subsets = 2
2025-12-14 04:40:52,875 - INFO - phi = [-0.05576135  0.69921211 -0.42147754  0.52019606]
2025-12-14 04:40:52,919 - INFO - num_full_subsets = 2
2025-12-14 04:40:53,008 - INFO - phi = [0.50327379 0.54380736 0.39666094 0.29626784]
2025-12-14 04:40:53,052 - INFO - num_full_subsets = 2
2025-12-14 04:40:53,141 - INFO - phi = [-0.21887662 -0.80217652  0.210076   -0.44106442]
2025-12-14 04:40:53,184 - INFO - num_full_subsets = 2
2025-12-14 04:40:53,276 - INFO - phi = [-0.14656749  0.49126238 -0.3138235   0.4817771 ]
2025-12-14 04:40:53,321 - INFO - num_full_subsets = 2
2025-12-14 04:40:53,414 - INFO - phi = [-0.15866995  0.72403692  0.18815531  0.36582377]
2025-12-14 04:40:53,459 - INFO - num_full_subsets = 2
2025-12-14 04:40:53,551 - INFO - phi = [-0.12049117 -0.25451751 -0.40929166 -0.59773287]
2025-12-14 04:40:53,596 - INFO - num_full_subsets = 2
2025-12-14 04:40:53,687 - INFO - phi = [ 0.07310851  0.33813153 -0.47917887  0.57401602]
2025-12-14 04:40:53,731 - INFO - num_full_subsets = 2
2025-12-14 04:40:53,821 - INFO - phi = [ 0.53134134  0.01084479  0.356095   -1.01275958]
2025-12-14 04:40:53,865 - INFO - num_full_subsets = 2
2025-12-14 04:40:53,956 - INFO - phi = [-0.12049117 -0.25451751 -0.40929166 -0.59773287]
2025-12-14 04:40:54,001 - INFO - num_full_subsets = 2
2025-12-14 04:40:54,091 - INFO - phi = [-0.07925515  0.61114869  0.41208473  0.95041913]
2025-12-14 04:40:54,137 - INFO - num_full_subsets = 2
2025-12-14 04:40:54,225 - INFO - phi = [-0.13598195  0.5457418  -0.2270451   0.90717993]
2025-12-14 04:40:54,270 - INFO - num_full_subsets = 2
2025-12-14 04:40:54,355 - INFO - phi = [ 0.19153568  0.70349946  0.20609271 -0.15306958]
2025-12-14 04:40:54,399 - INFO - num_full_subsets = 2
2025-12-14 04:40:54,489 - INFO - phi = [ 0.5406032   0.19252721  0.25602085 -0.32973468]
2025-12-14 04:40:54,534 - INFO - num_full_subsets = 2
2025-12-14 04:40:54,627 - INFO - phi = [-0.18030664  0.72546739 -0.47913308  0.18386613]
2025-12-14 04:40:54,672 - INFO - num_full_subsets = 2
2025-12-14 04:40:54,763 - INFO - phi = [-0.12451019  0.49103018  0.25867274  0.11229187]
2025-12-14 04:40:54,807 - INFO - num_full_subsets = 2
2025-12-14 04:40:54,896 - INFO - phi = [ 0.48734206 -0.17742185  0.36867797  1.1648239 ]
2025-12-14 04:40:54,941 - INFO - num_full_subsets = 2
2025-12-14 04:40:55,032 - INFO - phi = [0.24607055 0.57227527 0.26516021 0.38802836]
2025-12-14 04:40:55,077 - INFO - num_full_subsets = 2
2025-12-14 04:40:55,165 - INFO - phi = [0.08767737 0.61676932 0.19088395 0.64495938]
2025-12-14 04:40:55,214 - INFO - num_full_subsets = 2
2025-12-14 04:40:55,684 - INFO - phi = [-0.1706866  -0.37279073 -0.67407937  0.92909325]
2025-12-14 04:40:55,735 - INFO - num_full_subsets = 2
2025-12-14 04:40:55,832 - INFO - phi = [ 0.34484376  0.43683851 -0.49719217  0.41708937]
2025-12-14 04:40:55,883 - INFO - num_full_subsets = 2
2025-12-14 04:40:55,977 - INFO - phi = [ 0.3708249   0.23963237 -0.22604872 -0.80719011]
2025-12-14 04:40:56,029 - INFO - num_full_subsets = 2
2025-12-14 04:40:56,124 - INFO - phi = [-0.19131608 -0.688197    0.33357643 -0.9373968 ]
2025-12-14 04:40:56,175 - INFO - num_full_subsets = 2
2025-12-14 04:40:56,279 - INFO - phi = [0.00150896 0.65099517 0.3899583  0.83940798]
2025-12-14 04:40:56,330 - INFO - num_full_subsets = 2
2025-12-14 04:40:56,425 - INFO - phi = [-0.22294052 -0.97602961 -0.41869357  0.39004992]
2025-12-14 04:40:56,475 - INFO - num_full_subsets = 2
2025-12-14 04:40:56,572 - INFO - phi = [-0.1879935  -0.72837236 -0.2360944  -0.74332351]
2025-12-14 04:40:56,621 - INFO - num_full_subsets = 2
2025-12-14 04:40:56,716 - INFO - phi = [-0.18757503 -0.51077812  0.28044389 -0.9652438 ]
2025-12-14 04:40:56,767 - INFO - num_full_subsets = 2
2025-12-14 04:40:56,867 - INFO - phi = [ 0.36171266  0.6031709  -0.19866255  0.59510391]
2025-12-14 04:40:56,917 - INFO - num_full_subsets = 2
2025-12-14 04:40:57,015 - INFO - phi = [-0.23166917 -0.75881508  0.1496158  -0.69159973]
2025-12-14 04:40:57,066 - INFO - num_full_subsets = 2
2025-12-14 04:40:57,166 - INFO - phi = [-0.20560324 -0.74874431  0.26917956 -0.76570954]
2025-12-14 04:40:57,218 - INFO - num_full_subsets = 2
2025-12-14 04:40:57,318 - INFO - phi = [-0.22355212 -0.33695274  0.10561488 -0.96116735]
2025-12-14 04:40:57,369 - INFO - num_full_subsets = 2
2025-12-14 04:40:57,467 - INFO - phi = [-0.20560754 -0.78057277 -0.14526732 -0.75812056]
2025-12-14 04:40:57,523 - INFO - num_full_subsets = 2
2025-12-14 04:40:57,623 - INFO - phi = [-0.17634966  1.28386588  0.20660207  0.57030319]
2025-12-14 04:40:57,675 - INFO - num_full_subsets = 2
2025-12-14 04:40:57,774 - INFO - phi = [ 0.37436157  0.58565332 -0.4198954   0.52998263]
2025-12-14 04:40:57,825 - INFO - num_full_subsets = 2
2025-12-14 04:40:57,922 - INFO - phi = [-0.18881242 -0.37815179 -0.4753963  -0.15026678]
2025-12-14 04:40:57,975 - INFO - num_full_subsets = 2
2025-12-14 04:40:58,074 - INFO - phi = [ 0.27988729  0.45480163 -0.1460554   0.65791671]
2025-12-14 04:40:58,125 - INFO - num_full_subsets = 2
2025-12-14 04:40:58,230 - INFO - phi = [ 0.07310851  0.33813153 -0.47917887  0.57401602]
2025-12-14 04:40:58,280 - INFO - num_full_subsets = 2
2025-12-14 04:40:58,376 - INFO - phi = [-0.16860612 -0.64136422 -0.26959514 -0.67768195]
2025-12-14 04:40:58,426 - INFO - num_full_subsets = 2
2025-12-14 04:40:58,520 - INFO - phi = [ 0.44668777  0.12534483 -0.28617413  0.66167695]
2025-12-14 04:40:58,569 - INFO - num_full_subsets = 2
2025-12-14 04:40:58,663 - INFO - phi = [ 0.38760853  0.56398523 -0.13130271  0.57661499]
2025-12-14 04:40:58,713 - INFO - num_full_subsets = 2
2025-12-14 04:40:58,807 - INFO - phi = [-0.16980722 -0.62326191  0.48251741 -0.8434905 ]
2025-12-14 04:40:58,864 - INFO - num_full_subsets = 2
2025-12-14 04:40:58,958 - INFO - phi = [-0.23968639 -0.79130211  0.07635959 -0.90220833]
2025-12-14 04:40:59,008 - INFO - num_full_subsets = 2
2025-12-14 04:40:59,101 - INFO - phi = [-0.12486006  0.68209461 -0.58516195  0.25345841]
2025-12-14 04:40:59,150 - INFO - num_full_subsets = 2
2025-12-14 04:40:59,246 - INFO - phi = [-0.12419079  0.75533987 -0.14742399  0.44425953]
2025-12-14 04:40:59,296 - INFO - num_full_subsets = 2
2025-12-14 04:40:59,393 - INFO - phi = [-0.20925971 -0.70320803 -0.44666129 -0.02816632]
2025-12-14 04:40:59,442 - INFO - num_full_subsets = 2
2025-12-14 04:40:59,544 - INFO - phi = [-0.17179168 -0.57307564  0.42024184 -0.89574789]
2025-12-14 04:40:59,594 - INFO - num_full_subsets = 2
2025-12-14 04:40:59,692 - INFO - phi = [-0.07210789  0.59879236  0.15200485  0.64359123]
2025-12-14 04:40:59,743 - INFO - num_full_subsets = 2
2025-12-14 04:40:59,841 - INFO - phi = [-0.06663486  0.71973672 -0.4066338   0.46483364]
2025-12-14 04:40:59,891 - INFO - num_full_subsets = 2
2025-12-14 04:40:59,988 - INFO - phi = [ 0.47249399 -0.1184821  -0.58553636  0.74705424]
2025-12-14 04:41:00,040 - INFO - num_full_subsets = 2
2025-12-14 04:41:00,136 - INFO - phi = [-0.17851604 -0.79697005 -0.27655382 -0.52613746]
2025-12-14 04:41:00,187 - INFO - num_full_subsets = 2
2025-12-14 04:41:00,292 - INFO - phi = [ 0.03577574  0.63537576 -0.30357411  0.51162392]
2025-12-14 04:41:00,342 - INFO - num_full_subsets = 2
2025-12-14 04:41:00,437 - INFO - phi = [-0.25033904 -0.99574481  0.05756372 -0.74084239]
2025-12-14 04:41:00,488 - INFO - num_full_subsets = 2
2025-12-14 04:41:00,583 - INFO - phi = [-0.21390137 -0.55290863 -0.12524888 -0.77170927]
2025-12-14 04:41:00,635 - INFO - num_full_subsets = 2
2025-12-14 04:41:00,728 - INFO - phi = [-0.05346602  0.5772032   0.39291342  0.14271648]
2025-12-14 04:41:00,778 - INFO - num_full_subsets = 2
2025-12-14 04:41:00,876 - INFO - phi = [-0.07888778  0.72348893  0.23671359  0.38754861]
2025-12-14 04:41:00,926 - INFO - num_full_subsets = 2
2025-12-14 04:41:01,033 - INFO - phi = [0.38801621 0.14153205 0.23004591 0.94002288]
2025-12-14 04:41:01,084 - INFO - num_full_subsets = 2
2025-12-14 04:41:01,182 - INFO - phi = [ 0.37962027  0.40277995 -0.43882859 -0.78341061]
2025-12-14 04:41:01,231 - INFO - num_full_subsets = 2
2025-12-14 04:41:01,323 - INFO - phi = [-0.19460829 -0.54946963 -0.56439558  0.65789156]
2025-12-14 04:41:01,371 - INFO - num_full_subsets = 2
2025-12-14 04:41:01,463 - INFO - phi = [ 0.35147852  0.26862948  0.33381186 -0.9878083 ]
2025-12-14 04:41:01,513 - INFO - num_full_subsets = 2
2025-12-14 04:41:01,609 - INFO - phi = [-0.08210377  0.7082468  -0.29001602  0.42303294]
2025-12-14 04:41:01,665 - INFO - num_full_subsets = 2
2025-12-14 04:41:01,758 - INFO - phi = [-0.15108544  0.75919302 -0.24996548  0.54892988]
2025-12-14 04:41:01,806 - INFO - num_full_subsets = 2
2025-12-14 04:41:01,900 - INFO - phi = [-0.18744158  0.30705853  0.2182976   0.93885428]
2025-12-14 04:41:01,948 - INFO - num_full_subsets = 2
2025-12-14 04:41:02,044 - INFO - phi = [-0.14880433  0.54984221  0.08462039  1.0015016 ]
2025-12-14 04:41:02,094 - INFO - num_full_subsets = 2
2025-12-14 04:41:02,186 - INFO - phi = [-0.25622276 -0.8708002   0.20428821 -0.0171704 ]
2025-12-14 04:41:02,234 - INFO - num_full_subsets = 2
2025-12-14 04:41:02,330 - INFO - phi = [-0.05470117  0.28812931 -0.68792659  0.54292446]
2025-12-14 04:41:02,385 - INFO - num_full_subsets = 2
2025-12-14 04:41:02,476 - INFO - phi = [ 0.00477382  0.11844164 -0.26822988  0.28174952]
2025-12-14 04:41:02,524 - INFO - num_full_subsets = 2
2025-12-14 04:41:02,619 - INFO - phi = [ 0.45774438  0.16243047 -0.37681178  0.59853289]
2025-12-14 04:41:02,668 - INFO - num_full_subsets = 2
2025-12-14 04:41:02,761 - INFO - phi = [ 0.38087458  0.32575619 -0.52207241 -0.66468866]
2025-12-14 04:41:02,808 - INFO - num_full_subsets = 2
2025-12-14 04:41:02,901 - INFO - phi = [ 0.49207171  0.1324165  -0.26059356  0.30021018]
2025-12-14 04:41:02,949 - INFO - num_full_subsets = 2
2025-12-14 04:41:03,049 - INFO - phi = [-0.14067771  0.56552355  0.16133138  0.44460324]
2025-12-14 04:41:03,097 - INFO - num_full_subsets = 2
2025-12-14 04:41:03,186 - INFO - phi = [-0.23676697 -0.68051504  0.0990379  -0.92948053]
2025-12-14 04:41:03,234 - INFO - num_full_subsets = 2
2025-12-14 04:41:03,329 - INFO - phi = [ 0.50874395  0.12724283  0.21781018 -1.10950408]
2025-12-14 04:41:03,378 - INFO - num_full_subsets = 2
2025-12-14 04:41:03,469 - INFO - phi = [-0.20435858 -0.37137625  0.16863262 -0.98064004]
2025-12-14 04:41:03,516 - INFO - num_full_subsets = 2
2025-12-14 04:41:03,612 - INFO - phi = [ 0.46998226 -0.25620682  0.3651521   0.89640819]
2025-12-14 04:41:03,660 - INFO - num_full_subsets = 2
2025-12-14 04:41:03,759 - INFO - phi = [-0.18777622 -0.19165374 -0.29909464  0.57539894]
2025-12-14 04:41:03,807 - INFO - num_full_subsets = 2
2025-12-14 04:41:03,903 - INFO - phi = [-0.18484689 -0.63820673  0.42098836 -0.66360569]
2025-12-14 04:41:03,951 - INFO - num_full_subsets = 2
2025-12-14 04:41:04,046 - INFO - phi = [0.30173649 0.35731147 0.32517889 0.81072902]
2025-12-14 04:41:04,096 - INFO - num_full_subsets = 2
2025-12-14 04:41:04,189 - INFO - phi = [-0.1203462   0.13801966  0.44387745 -0.04712778]
2025-12-14 04:41:04,237 - INFO - num_full_subsets = 2
2025-12-14 04:41:04,330 - INFO - phi = [-0.2176057  -0.72505653  0.19264125 -0.8133298 ]
2025-12-14 04:41:04,378 - INFO - num_full_subsets = 2
2025-12-14 04:41:04,475 - INFO - phi = [-0.15987903  0.54903564  0.16189961  0.67377169]
2025-12-14 04:41:04,522 - INFO - num_full_subsets = 2
2025-12-14 04:41:04,615 - INFO - phi = [0.31184302 0.38290624 0.378808   1.33015038]
2025-12-14 04:41:04,663 - INFO - num_full_subsets = 2
2025-12-14 04:41:04,753 - INFO - phi = [0.51459074 0.0856223  0.26875456 0.98398455]
2025-12-14 04:41:04,800 - INFO - num_full_subsets = 2
2025-12-14 04:41:04,895 - INFO - phi = [ 0.48532155  0.44299083  0.1531531  -0.99501976]
2025-12-14 04:41:04,945 - INFO - num_full_subsets = 2
2025-12-14 04:41:05,037 - INFO - phi = [-0.23883279 -1.04459418 -0.28489428  0.5866006 ]
2025-12-14 04:41:05,092 - INFO - num_full_subsets = 2
2025-12-14 04:41:05,188 - INFO - phi = [0.26851698 0.61359019 0.04493239 0.64370129]
2025-12-14 04:41:05,237 - INFO - num_full_subsets = 2
2025-12-14 04:41:05,328 - INFO - phi = [-0.19501264  0.90121739  0.11248847  0.75940188]
2025-12-14 04:41:05,376 - INFO - num_full_subsets = 2
2025-12-14 04:41:05,465 - INFO - phi = [ 0.03577574  0.63537576 -0.30357411  0.51162392]
2025-12-14 04:41:05,511 - INFO - num_full_subsets = 2
2025-12-14 04:41:05,601 - INFO - phi = [-0.26779331 -0.56856483  0.14608209 -0.60858329]
2025-12-14 04:41:05,648 - INFO - num_full_subsets = 2
2025-12-14 04:41:05,737 - INFO - phi = [-0.21829153 -0.71045462  0.10488515 -0.93178163]
2025-12-14 04:41:05,790 - INFO - num_full_subsets = 2
2025-12-14 04:41:05,880 - INFO - phi = [-0.23208995 -0.98640312 -0.26992411 -0.41786928]
2025-12-14 04:41:05,927 - INFO - num_full_subsets = 2
2025-12-14 04:41:06,021 - INFO - phi = [ 0.50119913  0.03799492  0.20437412 -1.2335628 ]
2025-12-14 04:41:06,532 - INFO - Computing feature importance...
2025-12-14 04:41:14,515 - INFO - Experiment completed for CNN
2025-12-14 04:41:14,516 - INFO - Total time: 278.64s (4.64 min)
2025-12-14 04:41:14,516 - INFO - Starting comprehensive experiment for CNN
2025-12-14 04:41:22,546 - INFO - Performing feature analysis...
2025-12-14 04:41:23,726 - INFO - Model justification: Fast 1D Convolutional Neural Network - perfect for tabular features with local patterns
2025-12-14 04:41:23,726 - INFO - Performing robust cross-validation...
2025-12-14 04:41:41,705 - INFO - CV Results - MSE: 2.3158 ± 0.4739
2025-12-14 04:41:41,705 - INFO - Starting hyperparameter optimization...
2025-12-14 04:44:23,779 - INFO - Best parameters for CNN: {'filters': 55, 'kernel_size': 3, 'dense_units': 37, 'lr': 0.017659774120416, 'epochs': 73}
2025-12-14 04:44:23,779 - INFO - ⏱️ HPO took 162.07 seconds
2025-12-14 04:44:23,779 - INFO - Training final model...
2025-12-14 04:44:25,879 - INFO - ⏱️ Training took 2.10 seconds
2025-12-14 04:44:25,879 - INFO - Performing residual analysis...
2025-12-14 04:44:26,932 - INFO - Generating XAI explanations...
2025-12-14 04:44:26,967 - WARNING - Using 168 background data samples could cause slower run times. Consider using shap.sample(data, K) or shap.kmeans(data, K) to summarize the background as K samples.
2025-12-14 04:44:27,010 - INFO - num_full_subsets = 2
2025-12-14 04:44:27,098 - INFO - phi = [0.20147668 0.85522849 0.18007094 0.4218999 ]
2025-12-14 04:44:27,142 - INFO - num_full_subsets = 2
2025-12-14 04:44:27,231 - INFO - phi = [-0.25972051 -1.04991619  0.19087519 -0.18747608]
2025-12-14 04:44:27,275 - INFO - num_full_subsets = 2
2025-12-14 04:44:27,360 - INFO - phi = [-0.32006393 -0.76793999 -0.03013326 -0.52830847]
2025-12-14 04:44:27,404 - INFO - num_full_subsets = 2
2025-12-14 04:44:27,498 - INFO - phi = [ 0.53482062  0.48715248 -0.31917851  0.16453917]
2025-12-14 04:44:27,542 - INFO - num_full_subsets = 2
2025-12-14 04:44:27,633 - INFO - phi = [0.78323094 0.09788959 0.44365048 0.47784163]
2025-12-14 04:44:27,678 - INFO - num_full_subsets = 2
2025-12-14 04:44:27,768 - INFO - phi = [-0.19709991 -0.22220751 -0.18944735 -0.29076742]
2025-12-14 04:44:27,812 - INFO - num_full_subsets = 2
2025-12-14 04:44:27,904 - INFO - phi = [ 0.21795389  0.35337954  0.05697469 -0.70816894]
2025-12-14 04:44:27,950 - INFO - num_full_subsets = 2
2025-12-14 04:44:28,037 - INFO - phi = [-0.26878049 -1.24008987 -0.1628348  -0.00870226]
2025-12-14 04:44:28,086 - INFO - num_full_subsets = 2
2025-12-14 04:44:28,178 - INFO - phi = [ 0.22930053  0.00038996 -0.24133098 -0.30220028]
2025-12-14 04:44:28,223 - INFO - num_full_subsets = 2
2025-12-14 04:44:28,315 - INFO - phi = [-0.24915737 -0.80918478 -0.17269258 -0.07817951]
2025-12-14 04:44:28,359 - INFO - num_full_subsets = 2
2025-12-14 04:44:28,445 - INFO - phi = [-0.04566368  0.76256615  0.43586849  0.13191737]
2025-12-14 04:44:28,489 - INFO - num_full_subsets = 2
2025-12-14 04:44:28,580 - INFO - phi = [-0.31409196 -1.31757604 -0.01937366  0.13360264]
2025-12-14 04:44:28,625 - INFO - num_full_subsets = 2
2025-12-14 04:44:28,720 - INFO - phi = [-0.24048681 -0.55028633 -0.24850112 -0.03054962]
2025-12-14 04:44:28,765 - INFO - num_full_subsets = 2
2025-12-14 04:44:28,859 - INFO - phi = [-0.25602367 -1.17354789 -0.19302783 -0.02223598]
2025-12-14 04:44:28,904 - INFO - num_full_subsets = 2
2025-12-14 04:44:28,995 - INFO - phi = [-0.30900658 -1.19368761  0.20437315  0.05557144]
2025-12-14 04:44:29,040 - INFO - num_full_subsets = 2
2025-12-14 04:44:29,132 - INFO - phi = [ 0.32256591  0.70276331 -0.3542027   0.15836019]
2025-12-14 04:44:29,177 - INFO - num_full_subsets = 2
2025-12-14 04:44:29,268 - INFO - phi = [-0.12874947  0.76758169 -0.37429764  0.09695673]
2025-12-14 04:44:29,312 - INFO - num_full_subsets = 2
2025-12-14 04:44:29,405 - INFO - phi = [-0.11310209  0.79413785 -0.34043385  0.19622577]
2025-12-14 04:44:29,450 - INFO - num_full_subsets = 2
2025-12-14 04:44:29,539 - INFO - phi = [0.16303439 0.38896739 0.32760686 0.3458098 ]
2025-12-14 04:44:29,583 - INFO - num_full_subsets = 2
2025-12-14 04:44:29,673 - INFO - phi = [0.34353872 0.5270786  0.23002116 0.02212311]
2025-12-14 04:44:29,718 - INFO - num_full_subsets = 2
2025-12-14 04:44:29,806 - INFO - phi = [-0.08501269  0.35140876  0.17780435 -0.58778528]
2025-12-14 04:44:29,849 - INFO - num_full_subsets = 2
2025-12-14 04:44:29,939 - INFO - phi = [-0.19593221 -0.53490836  0.32182031 -0.51719243]
2025-12-14 04:44:29,982 - INFO - num_full_subsets = 2
2025-12-14 04:44:30,075 - INFO - phi = [ 0.14468329  0.33175602  0.03150046 -0.58340891]
2025-12-14 04:44:30,120 - INFO - num_full_subsets = 2
2025-12-14 04:44:30,210 - INFO - phi = [-0.24429062 -1.21823497  0.14560925 -0.1273866 ]
2025-12-14 04:44:30,255 - INFO - num_full_subsets = 2
2025-12-14 04:44:30,342 - INFO - phi = [ 0.03025333  0.45439246 -0.12578308 -0.21945425]
2025-12-14 04:44:30,386 - INFO - num_full_subsets = 2
2025-12-14 04:44:30,475 - INFO - phi = [ 0.01311334  0.69532697  0.00974705 -0.21576897]
2025-12-14 04:44:30,520 - INFO - num_full_subsets = 2
2025-12-14 04:44:30,606 - INFO - phi = [-0.34553967 -0.45978954  0.1700239   0.35787417]
2025-12-14 04:44:30,653 - INFO - num_full_subsets = 2
2025-12-14 04:44:31,113 - INFO - phi = [0.53320894 0.55543584 0.5120079  0.44966543]
2025-12-14 04:44:31,162 - INFO - num_full_subsets = 2
2025-12-14 04:44:31,261 - INFO - phi = [ 0.47581584 -0.00937248  0.33181465  0.38142603]
2025-12-14 04:44:31,313 - INFO - num_full_subsets = 2
2025-12-14 04:44:31,410 - INFO - phi = [0.51447397 0.12923571 0.42111385 0.26529452]
2025-12-14 04:44:31,461 - INFO - num_full_subsets = 2
2025-12-14 04:44:31,556 - INFO - phi = [ 0.5744433   0.44123494 -0.35784817  0.13615969]
2025-12-14 04:44:31,606 - INFO - num_full_subsets = 2
2025-12-14 04:44:31,709 - INFO - phi = [ 0.00897439  0.26595316 -0.27691596  0.28719197]
2025-12-14 04:44:31,759 - INFO - num_full_subsets = 2
2025-12-14 04:44:31,851 - INFO - phi = [-0.09124998  0.8260412  -0.22605038  0.23699992]
2025-12-14 04:44:31,901 - INFO - num_full_subsets = 2
2025-12-14 04:44:31,994 - INFO - phi = [ 0.0614397   0.74643393 -0.33371332 -0.01361753]
2025-12-14 04:44:32,044 - INFO - num_full_subsets = 2
2025-12-14 04:44:32,137 - INFO - phi = [0.46710703 0.5235357  0.29691624 0.23860495]
2025-12-14 04:44:32,187 - INFO - num_full_subsets = 2
2025-12-14 04:44:32,287 - INFO - phi = [0.65898147 0.16338748 0.42561816 0.16153863]
2025-12-14 04:44:32,337 - INFO - num_full_subsets = 2
2025-12-14 04:44:32,429 - INFO - phi = [-0.01745344  0.82600228  0.48940986  0.16718341]
2025-12-14 04:44:32,478 - INFO - num_full_subsets = 2
2025-12-14 04:44:32,570 - INFO - phi = [0.76274801 0.06529342 0.37199346 0.30348976]
2025-12-14 04:44:32,619 - INFO - num_full_subsets = 2
2025-12-14 04:44:32,713 - INFO - phi = [-0.17394435 -0.08008947 -0.41381378  0.15574987]
2025-12-14 04:44:32,762 - INFO - num_full_subsets = 2
2025-12-14 04:44:32,862 - INFO - phi = [-0.25403908 -0.95270113  0.45844807 -0.22831841]
2025-12-14 04:44:32,920 - INFO - num_full_subsets = 2
2025-12-14 04:44:33,018 - INFO - phi = [-0.04380663  0.35675498  0.16993033 -0.63087143]
2025-12-14 04:44:33,069 - INFO - num_full_subsets = 2
2025-12-14 04:44:33,168 - INFO - phi = [-0.14395254  0.35817492  0.22754589 -0.46524501]
2025-12-14 04:44:33,219 - INFO - num_full_subsets = 2
2025-12-14 04:44:33,317 - INFO - phi = [ 0.41156817  0.08372053 -0.2482814   0.20412677]
2025-12-14 04:44:33,368 - INFO - num_full_subsets = 2
2025-12-14 04:44:33,468 - INFO - phi = [-0.18118877  0.62899521 -0.34956278  0.18225828]
2025-12-14 04:44:33,520 - INFO - num_full_subsets = 2
2025-12-14 04:44:33,628 - INFO - phi = [-0.30628948 -0.86305088  0.12280794 -0.26144325]
2025-12-14 04:44:33,679 - INFO - num_full_subsets = 2
2025-12-14 04:44:33,775 - INFO - phi = [-0.04983426  0.72828032 -0.38143656 -0.01627581]
2025-12-14 04:44:33,826 - INFO - num_full_subsets = 2
2025-12-14 04:44:33,925 - INFO - phi = [-0.14355944  0.53752648 -0.39338653  0.17323699]
2025-12-14 04:44:33,976 - INFO - num_full_subsets = 2
2025-12-14 04:44:34,070 - INFO - phi = [-0.1128765   0.84830946  0.33169506  0.44109681]
2025-12-14 04:44:34,120 - INFO - num_full_subsets = 2
2025-12-14 04:44:34,214 - INFO - phi = [-0.27082529 -0.99532192 -0.1775155  -0.08275731]
2025-12-14 04:44:34,270 - INFO - num_full_subsets = 2
2025-12-14 04:44:34,365 - INFO - phi = [ 0.14624969  0.36051807 -0.16724034 -0.34467931]
2025-12-14 04:44:34,415 - INFO - num_full_subsets = 2
2025-12-14 04:44:34,508 - INFO - phi = [ 0.8196034   0.35419326 -0.00104277  0.12019183]
2025-12-14 04:44:34,558 - INFO - num_full_subsets = 2
2025-12-14 04:44:34,652 - INFO - phi = [-0.25054811 -0.98354879  0.27633671 -0.48439006]
2025-12-14 04:44:34,701 - INFO - num_full_subsets = 2
2025-12-14 04:44:34,797 - INFO - phi = [-0.24899825  0.07056405  0.08421072  0.26900443]
2025-12-14 04:44:34,848 - INFO - num_full_subsets = 2
2025-12-14 04:44:34,954 - INFO - phi = [-0.02788184  0.77120746  0.54984742  0.34649911]
2025-12-14 04:44:35,004 - INFO - num_full_subsets = 2
2025-12-14 04:44:35,103 - INFO - phi = [-0.26423385 -1.01018949 -0.18228081 -0.06178058]
2025-12-14 04:44:35,154 - INFO - num_full_subsets = 2
2025-12-14 04:44:35,252 - INFO - phi = [0.40123447 0.38016318 0.45090188 0.49738278]
2025-12-14 04:44:35,303 - INFO - num_full_subsets = 2
2025-12-14 04:44:35,401 - INFO - phi = [0.2554755  0.60311688 0.30229473 0.23326301]
2025-12-14 04:44:35,450 - INFO - num_full_subsets = 2
2025-12-14 04:44:35,543 - INFO - phi = [-0.25376512 -1.01509843  0.4247123  -0.19689336]
2025-12-14 04:44:35,594 - INFO - num_full_subsets = 2
2025-12-14 04:44:35,694 - INFO - phi = [-0.27154878 -1.11687194 -0.22394616  0.07364685]
2025-12-14 04:44:35,744 - INFO - num_full_subsets = 2
2025-12-14 04:44:35,839 - INFO - phi = [-0.31613762 -0.42430503 -0.01664281 -0.59536004]
2025-12-14 04:44:35,890 - INFO - num_full_subsets = 2
2025-12-14 04:44:35,984 - INFO - phi = [ 0.60645413  0.6615298  -0.12624656  0.01488968]
2025-12-14 04:44:36,033 - INFO - num_full_subsets = 2
2025-12-14 04:44:36,130 - INFO - phi = [0.21702417 0.50911313 0.42756086 0.40031209]
2025-12-14 04:44:36,178 - INFO - num_full_subsets = 2
2025-12-14 04:44:36,267 - INFO - phi = [ 0.01215476  0.27410507  0.07488001 -0.67404481]
2025-12-14 04:44:36,316 - INFO - num_full_subsets = 2
2025-12-14 04:44:36,421 - INFO - phi = [-0.28322186 -0.8466669  -0.01030332 -0.09112725]
2025-12-14 04:44:36,469 - INFO - num_full_subsets = 2
2025-12-14 04:44:36,566 - INFO - phi = [0.48361578 0.50145692 0.45710107 0.42886262]
2025-12-14 04:44:36,615 - INFO - num_full_subsets = 2
2025-12-14 04:44:36,709 - INFO - phi = [-0.0879335   0.35733675  0.18671565 -0.46952244]
2025-12-14 04:44:36,758 - INFO - num_full_subsets = 2
2025-12-14 04:44:36,855 - INFO - phi = [0.16437223 0.7435027  0.23944192 0.23975844]
2025-12-14 04:44:36,902 - INFO - num_full_subsets = 2
2025-12-14 04:44:36,993 - INFO - phi = [ 0.68859722  0.39242469 -0.01300557 -0.0850634 ]
2025-12-14 04:44:37,047 - INFO - num_full_subsets = 2
2025-12-14 04:44:37,140 - INFO - phi = [0.46836749 0.65005174 0.37707707 0.13321336]
2025-12-14 04:44:37,189 - INFO - num_full_subsets = 2
2025-12-14 04:44:37,285 - INFO - phi = [-3.27736794e-01 -9.59543483e-01 -8.21733759e-04 -4.68101297e-01]
2025-12-14 04:44:37,333 - INFO - num_full_subsets = 2
2025-12-14 04:44:37,427 - INFO - phi = [-0.15424192  0.79129633 -0.25282274  0.30244516]
2025-12-14 04:44:37,475 - INFO - num_full_subsets = 2
2025-12-14 04:44:37,572 - INFO - phi = [-0.27317665 -1.18843288 -0.26668804  0.12091228]
2025-12-14 04:44:37,619 - INFO - num_full_subsets = 2
2025-12-14 04:44:37,713 - INFO - phi = [ 0.91809582 -0.27230829  0.15154294 -0.46740316]
2025-12-14 04:44:37,767 - INFO - num_full_subsets = 2
2025-12-14 04:44:37,856 - INFO - phi = [ 0.17486782  0.26360261 -0.19925588 -0.33804729]
2025-12-14 04:44:37,904 - INFO - num_full_subsets = 2
2025-12-14 04:44:37,993 - INFO - phi = [ 0.28400449  0.48838735 -0.39500935  0.21742572]
2025-12-14 04:44:38,040 - INFO - num_full_subsets = 2
2025-12-14 04:44:38,130 - INFO - phi = [-0.25822859 -0.98604796 -0.15654056 -0.10989494]
2025-12-14 04:44:38,177 - INFO - num_full_subsets = 2
2025-12-14 04:44:38,267 - INFO - phi = [-0.05656811  0.8795813   0.42898041  0.41212979]
2025-12-14 04:44:38,316 - INFO - num_full_subsets = 2
2025-12-14 04:44:38,410 - INFO - phi = [-0.13674105  0.74505039 -0.28645024  0.07776297]
2025-12-14 04:44:38,456 - INFO - num_full_subsets = 2
2025-12-14 04:44:38,548 - INFO - phi = [-0.21338753 -0.14008148  0.23835941 -0.51962277]
2025-12-14 04:44:38,595 - INFO - num_full_subsets = 2
2025-12-14 04:44:38,686 - INFO - phi = [ 0.05087465  0.20385428 -0.61255845  0.14838391]
2025-12-14 04:44:38,733 - INFO - num_full_subsets = 2
2025-12-14 04:44:38,828 - INFO - phi = [-0.26346829 -1.00075264 -0.1471028  -0.04868718]
2025-12-14 04:44:38,875 - INFO - num_full_subsets = 2
2025-12-14 04:44:38,966 - INFO - phi = [-0.26375582 -1.20096313 -0.25609105  0.10083048]
2025-12-14 04:44:39,013 - INFO - num_full_subsets = 2
2025-12-14 04:44:39,112 - INFO - phi = [-0.36903202 -0.67777799 -0.19600714  0.21022544]
2025-12-14 04:44:39,159 - INFO - num_full_subsets = 2
2025-12-14 04:44:39,254 - INFO - phi = [ 0.59661881  0.59123837 -0.25001707  0.11723922]
2025-12-14 04:44:39,300 - INFO - num_full_subsets = 2
2025-12-14 04:44:39,392 - INFO - phi = [ 0.86732107 -0.42746842  0.54085394  0.49199722]
2025-12-14 04:44:39,438 - INFO - num_full_subsets = 2
2025-12-14 04:44:39,530 - INFO - phi = [-0.10670488  0.00850987  0.44185484 -0.13226757]
2025-12-14 04:44:39,577 - INFO - num_full_subsets = 2
2025-12-14 04:44:39,673 - INFO - phi = [-0.20374481  0.80344689 -0.18607109  0.25999769]
2025-12-14 04:44:39,720 - INFO - num_full_subsets = 2
2025-12-14 04:44:39,820 - INFO - phi = [ 0.17726321  0.56424969 -0.34941426  0.09917487]
2025-12-14 04:44:39,867 - INFO - num_full_subsets = 2
2025-12-14 04:44:39,961 - INFO - phi = [-0.01864035  0.78103384  0.59149107  0.42238618]
2025-12-14 04:44:40,011 - INFO - num_full_subsets = 2
2025-12-14 04:44:40,106 - INFO - phi = [-0.26091659 -0.67488108 -0.17875119 -0.10500404]
2025-12-14 04:44:40,154 - INFO - num_full_subsets = 2
2025-12-14 04:44:40,245 - INFO - phi = [-0.22670731 -0.54705278 -0.31211847  0.07677489]
2025-12-14 04:44:40,293 - INFO - num_full_subsets = 2
2025-12-14 04:44:40,385 - INFO - phi = [-0.26540737 -1.19152308  0.34992722  0.15502083]
2025-12-14 04:44:40,437 - INFO - num_full_subsets = 2
2025-12-14 04:44:40,532 - INFO - phi = [-0.04978483  0.91781409  0.4826778   0.39143309]
2025-12-14 04:44:40,578 - INFO - num_full_subsets = 2
2025-12-14 04:44:40,672 - INFO - phi = [-0.19875424  0.70770632 -0.28961721 -0.04451149]
2025-12-14 04:44:40,718 - INFO - num_full_subsets = 2
2025-12-14 04:44:40,809 - INFO - phi = [ 0.00097976  0.3727461  -0.10531704 -0.17688913]
2025-12-14 04:44:40,856 - INFO - num_full_subsets = 2
2025-12-14 04:44:40,949 - INFO - phi = [-0.25091662 -1.25251059 -0.19689784  0.03387895]
2025-12-14 04:44:40,995 - INFO - num_full_subsets = 2
2025-12-14 04:44:41,087 - INFO - phi = [-0.24757015 -1.09339092  0.2320907  -0.48312619]
2025-12-14 04:44:41,141 - INFO - num_full_subsets = 2
2025-12-14 04:44:41,235 - INFO - phi = [ 0.32126691  0.61474885 -0.25707168 -0.12042676]
2025-12-14 04:44:41,282 - INFO - num_full_subsets = 2
2025-12-14 04:44:41,378 - INFO - phi = [-0.26211621 -1.04313388  0.27333971 -0.41832035]
2025-12-14 04:44:41,428 - INFO - num_full_subsets = 2
2025-12-14 04:44:41,523 - INFO - phi = [-0.0129607   0.93586805  0.55728343  0.44645055]
2025-12-14 04:44:41,570 - INFO - num_full_subsets = 2
2025-12-14 04:44:41,663 - INFO - phi = [-0.26032633 -1.15781026 -0.16461278 -0.05103243]
2025-12-14 04:44:41,710 - INFO - num_full_subsets = 2
2025-12-14 04:44:41,809 - INFO - phi = [0.08340447 0.89743616 0.48223515 0.43174621]
2025-12-14 04:44:41,856 - INFO - num_full_subsets = 2
2025-12-14 04:44:41,948 - INFO - phi = [ 0.03745128  0.31667555 -0.158292   -0.2500287 ]
2025-12-14 04:44:41,995 - INFO - num_full_subsets = 2
2025-12-14 04:44:42,089 - INFO - phi = [0.48637764 0.55337697 0.26719011 0.31957483]
2025-12-14 04:44:42,136 - INFO - num_full_subsets = 2
2025-12-14 04:44:42,227 - INFO - phi = [-0.11584513  0.72691187 -0.4394647   0.11004336]
2025-12-14 04:44:42,275 - INFO - num_full_subsets = 2
2025-12-14 04:44:42,365 - INFO - phi = [-0.29445317 -1.00251397 -0.16814038 -0.27216988]
2025-12-14 04:44:42,412 - INFO - num_full_subsets = 2
2025-12-14 04:44:42,508 - INFO - phi = [-0.13316914  0.67310956  0.07911512 -0.50344268]
2025-12-14 04:44:42,556 - INFO - num_full_subsets = 2
2025-12-14 04:44:42,649 - INFO - phi = [0.46345102 0.63520004 0.48259487 0.45432075]
2025-12-14 04:44:42,696 - INFO - num_full_subsets = 2
2025-12-14 04:44:42,785 - INFO - phi = [-0.11811304  3.45702763  0.22467843 -0.18154026]
2025-12-14 04:44:42,832 - INFO - num_full_subsets = 2
2025-12-14 04:44:42,922 - INFO - phi = [-0.06026665  0.7095338  -0.37109021  0.16941686]
2025-12-14 04:44:42,971 - INFO - num_full_subsets = 2
2025-12-14 04:44:43,065 - INFO - phi = [ 0.16522129  0.34504742 -0.18123824 -0.34084925]
2025-12-14 04:44:43,112 - INFO - num_full_subsets = 2
2025-12-14 04:44:43,214 - INFO - phi = [-0.08555669  0.80700982 -0.34819076  0.17807855]
2025-12-14 04:44:43,262 - INFO - num_full_subsets = 2
2025-12-14 04:44:43,354 - INFO - phi = [-0.17069554  0.51926988 -0.09588612 -0.31582302]
2025-12-14 04:44:43,400 - INFO - num_full_subsets = 2
2025-12-14 04:44:43,494 - INFO - phi = [-0.07347046  0.83086518  0.01463594  0.30692486]
2025-12-14 04:44:43,541 - INFO - num_full_subsets = 2
2025-12-14 04:44:43,633 - INFO - phi = [-0.27451444 -1.09237391 -0.24182816  0.06206597]
2025-12-14 04:44:43,680 - INFO - num_full_subsets = 2
2025-12-14 04:44:43,777 - INFO - phi = [0.40573631 0.72716044 0.38607596 0.39388373]
2025-12-14 04:44:43,829 - INFO - num_full_subsets = 2
2025-12-14 04:44:43,924 - INFO - phi = [-0.34683977 -1.22594684  0.29998556  0.29798602]
2025-12-14 04:44:43,971 - INFO - num_full_subsets = 2
2025-12-14 04:44:44,064 - INFO - phi = [-0.1662531   0.65183276 -0.34721244  0.12946183]
2025-12-14 04:44:44,110 - INFO - num_full_subsets = 2
2025-12-14 04:44:44,206 - INFO - phi = [-0.29683458 -1.26776438 -0.16428428  0.05426891]
2025-12-14 04:44:44,253 - INFO - num_full_subsets = 2
2025-12-14 04:44:44,343 - INFO - phi = [-0.26375582 -1.20096313 -0.25609105  0.10083048]
2025-12-14 04:44:44,391 - INFO - num_full_subsets = 2
2025-12-14 04:44:44,480 - INFO - phi = [-0.25779162 -1.11812404 -0.1497155  -0.23057215]
2025-12-14 04:44:44,535 - INFO - num_full_subsets = 2
2025-12-14 04:44:44,625 - INFO - phi = [-0.10265808 -0.07546022  0.40112314  0.29727038]
2025-12-14 04:44:44,672 - INFO - num_full_subsets = 2
2025-12-14 04:44:44,762 - INFO - phi = [-0.19324828  0.63399165 -0.32915167  0.20726918]
2025-12-14 04:44:44,810 - INFO - num_full_subsets = 2
2025-12-14 04:44:44,902 - INFO - phi = [-0.248079   -1.20780731 -0.18426251 -0.01386066]
2025-12-14 04:44:44,950 - INFO - num_full_subsets = 2
2025-12-14 04:44:45,042 - INFO - phi = [0.02870943 0.01074963 0.46577454 0.34493951]
2025-12-14 04:44:45,091 - INFO - num_full_subsets = 2
2025-12-14 04:44:45,186 - INFO - phi = [-0.29164635 -0.70955718  0.19664081  0.3204868 ]
2025-12-14 04:44:45,233 - INFO - num_full_subsets = 2
2025-12-14 04:44:45,323 - INFO - phi = [-0.33729019 -0.83464645  0.03665903 -0.3144379 ]
2025-12-14 04:44:45,370 - INFO - num_full_subsets = 2
2025-12-14 04:44:45,462 - INFO - phi = [ 0.60794664  0.2417244  -0.38493524  0.30884009]
2025-12-14 04:44:45,508 - INFO - num_full_subsets = 2
2025-12-14 04:44:45,600 - INFO - phi = [-0.24538732 -1.05319308  0.36885897 -0.30479484]
2025-12-14 04:44:45,646 - INFO - num_full_subsets = 2
2025-12-14 04:44:45,737 - INFO - phi = [-0.1447014   0.8212435   0.14851637  0.17045817]
2025-12-14 04:44:45,783 - INFO - num_full_subsets = 2
2025-12-14 04:44:45,886 - INFO - phi = [0.35608726 0.02773514 0.39132556 0.26325637]
2025-12-14 04:44:45,932 - INFO - num_full_subsets = 2
2025-12-14 04:44:46,025 - INFO - phi = [-0.28326591 -1.0820516   0.08002723 -0.44992886]
2025-12-14 04:44:46,071 - INFO - num_full_subsets = 2
2025-12-14 04:44:46,165 - INFO - phi = [-0.15465934  0.79376262 -0.2285149   0.05814051]
2025-12-14 04:44:46,212 - INFO - num_full_subsets = 2
2025-12-14 04:44:46,305 - INFO - phi = [-0.23711687 -0.87241727  0.40269813 -0.40938816]
2025-12-14 04:44:46,351 - INFO - num_full_subsets = 2
2025-12-14 04:44:46,447 - INFO - phi = [-0.17995185  0.3700776   0.23749939 -0.27263437]
2025-12-14 04:44:46,495 - INFO - num_full_subsets = 2
2025-12-14 04:44:46,596 - INFO - phi = [ 0.04338926  0.76091171 -0.39847667  0.15381264]
2025-12-14 04:44:46,642 - INFO - num_full_subsets = 2
2025-12-14 04:44:46,737 - INFO - phi = [-0.25901938 -0.77407621 -0.1456257  -0.15282801]
2025-12-14 04:44:46,783 - INFO - num_full_subsets = 2
2025-12-14 04:44:46,876 - INFO - phi = [-0.15764318 -0.25737368  0.30586456 -0.26402941]
2025-12-14 04:44:46,923 - INFO - num_full_subsets = 2
2025-12-14 04:44:47,018 - INFO - phi = [-0.1681291   0.3935648  -0.19232205  0.3036577 ]
2025-12-14 04:44:47,064 - INFO - num_full_subsets = 2
2025-12-14 04:44:47,155 - INFO - phi = [0.55620144 0.50239518 0.08625566 0.25320886]
2025-12-14 04:44:47,206 - INFO - num_full_subsets = 2
2025-12-14 04:44:47,300 - INFO - phi = [-0.1285511   0.52104433 -0.24376221  0.35440786]
2025-12-14 04:44:47,347 - INFO - num_full_subsets = 2
2025-12-14 04:44:47,435 - INFO - phi = [-0.09854042  0.68298868 -0.30271193  0.21677032]
2025-12-14 04:44:47,480 - INFO - num_full_subsets = 2
2025-12-14 04:44:47,574 - INFO - phi = [ 0.4410589   0.01727998 -0.38716604  0.19831131]
2025-12-14 04:44:47,620 - INFO - num_full_subsets = 2
2025-12-14 04:44:47,712 - INFO - phi = [ 0.71122961 -0.28777586 -0.51445214  0.10440811]
2025-12-14 04:44:47,757 - INFO - num_full_subsets = 2
2025-12-14 04:44:47,846 - INFO - phi = [ 0.02640384  0.76299664 -0.36202802  0.11929427]
2025-12-14 04:44:47,899 - INFO - num_full_subsets = 2
2025-12-14 04:44:47,987 - INFO - phi = [-0.10833317  0.68386064 -0.33355159  0.27883888]
2025-12-14 04:44:48,033 - INFO - num_full_subsets = 2
2025-12-14 04:44:48,121 - INFO - phi = [-0.25974673 -1.13624342 -0.18337875 -0.04902798]
2025-12-14 04:44:48,169 - INFO - num_full_subsets = 2
2025-12-14 04:44:48,257 - INFO - phi = [-0.13177763  0.48229471 -0.46816257 -0.00472227]
2025-12-14 04:44:48,304 - INFO - num_full_subsets = 2
2025-12-14 04:44:48,399 - INFO - phi = [ 0.26109911  0.73386982 -0.37677547  0.14858607]
2025-12-14 04:44:48,445 - INFO - num_full_subsets = 2
2025-12-14 04:44:48,546 - INFO - phi = [-0.27167936 -1.23023819 -0.14886588 -0.10541987]
2025-12-14 04:44:48,593 - INFO - num_full_subsets = 2
2025-12-14 04:44:48,685 - INFO - phi = [-0.13606507 -0.71240089  0.12237125  0.20952401]
2025-12-14 04:44:48,731 - INFO - num_full_subsets = 2
2025-12-14 04:44:48,825 - INFO - phi = [-0.17164731 -0.41822719  0.22656733 -0.5693843 ]
2025-12-14 04:44:48,871 - INFO - num_full_subsets = 2
2025-12-14 04:44:48,967 - INFO - phi = [ 0.03025333  0.45439246 -0.12578308 -0.21945425]
2025-12-14 04:44:49,015 - INFO - num_full_subsets = 2
2025-12-14 04:44:49,105 - INFO - phi = [-0.1555119   0.10009182 -0.4469529  -0.01780429]
2025-12-14 04:44:49,150 - INFO - num_full_subsets = 2
2025-12-14 04:44:49,244 - INFO - phi = [ 0.69337753 -0.33496306 -0.50358385  0.20574974]
2025-12-14 04:44:49,290 - INFO - num_full_subsets = 2
2025-12-14 04:44:49,382 - INFO - phi = [-0.32057556 -0.96137365 -0.05939454 -0.38143995]
2025-12-14 04:44:49,427 - INFO - num_full_subsets = 2
2025-12-14 04:44:49,514 - INFO - phi = [-0.33746405 -0.86319053 -0.01498591 -0.47724146]
2025-12-14 04:44:49,559 - INFO - num_full_subsets = 2
2025-12-14 04:44:49,647 - INFO - phi = [-0.21575082  0.61752569 -0.3749834   0.05308887]
2025-12-14 04:44:49,692 - INFO - num_full_subsets = 2
2025-12-14 04:44:49,785 - INFO - phi = [-0.30933739 -0.91937899  0.01205719 -0.49022152]
2025-12-14 04:44:49,830 - INFO - num_full_subsets = 2
2025-12-14 04:44:49,929 - INFO - phi = [-0.28004395 -1.02679077  0.17966507 -0.31261048]
2025-12-14 04:44:49,976 - INFO - num_full_subsets = 2
2025-12-14 04:44:50,071 - INFO - phi = [-0.10669453  1.8583533   0.32724453  0.03150297]
2025-12-14 04:44:50,118 - INFO - num_full_subsets = 2
2025-12-14 04:44:50,208 - INFO - phi = [-0.25547924 -0.92246212 -0.13264551 -0.15460987]
2025-12-14 04:44:50,254 - INFO - num_full_subsets = 2
2025-12-14 04:44:50,344 - INFO - phi = [ 0.14462398  0.36438443  0.10852324 -0.62415935]
2025-12-14 04:44:50,390 - INFO - num_full_subsets = 2
2025-12-14 04:44:50,484 - INFO - phi = [-0.10850297 -0.40105074 -0.16376795 -0.17889448]
2025-12-14 04:44:50,536 - INFO - num_full_subsets = 2
2025-12-14 04:44:50,624 - INFO - phi = [0.56190534 0.27732594 0.17700886 0.38441166]
2025-12-14 04:44:50,671 - INFO - num_full_subsets = 2
2025-12-14 04:44:50,760 - INFO - phi = [-0.28047878 -0.84271058 -0.05034207 -0.19181704]
2025-12-14 04:44:50,806 - INFO - num_full_subsets = 2
2025-12-14 04:44:50,900 - INFO - phi = [-0.19564279  0.75314222 -0.23747939 -0.09180758]
2025-12-14 04:44:50,948 - INFO - num_full_subsets = 2
2025-12-14 04:44:51,041 - INFO - phi = [ 0.36797391 -0.1895774   0.2092807  -0.44582287]
2025-12-14 04:44:51,552 - INFO - Computing feature importance...
2025-12-14 04:44:59,385 - INFO - Experiment completed for CNN
2025-12-14 04:44:59,385 - INFO - Total time: 224.48s (3.74 min)
2025-12-14 04:44:59,385 - INFO - Starting comprehensive experiment for CNN
2025-12-14 04:45:07,807 - INFO - Performing feature analysis...
2025-12-14 04:45:08,987 - INFO - Model justification: Fast 1D Convolutional Neural Network - perfect for tabular features with local patterns
2025-12-14 04:45:08,988 - INFO - Performing robust cross-validation...
2025-12-14 04:45:27,128 - INFO - CV Results - MSE: 2.2387 ± 0.3508
2025-12-14 04:45:27,128 - INFO - Starting hyperparameter optimization...
2025-12-14 04:48:54,573 - INFO - Best parameters for CNN: {'filters': 28, 'kernel_size': 3, 'dense_units': 44, 'lr': 0.0028419067553145045, 'epochs': 82}
2025-12-14 04:48:54,573 - INFO - ⏱️ HPO took 207.44 seconds
2025-12-14 04:48:54,573 - INFO - Training final model...
2025-12-14 04:48:56,992 - INFO - ⏱️ Training took 2.42 seconds
2025-12-14 04:48:56,992 - INFO - Performing residual analysis...
2025-12-14 04:48:58,087 - INFO - Generating XAI explanations...
2025-12-14 04:48:58,121 - WARNING - Using 168 background data samples could cause slower run times. Consider using shap.sample(data, K) or shap.kmeans(data, K) to summarize the background as K samples.
2025-12-14 04:48:58,165 - INFO - num_full_subsets = 2
2025-12-14 04:48:58,248 - INFO - phi = [ 0.57294132 -0.02233469  0.22288302  0.86602081]
2025-12-14 04:48:58,291 - INFO - num_full_subsets = 2
2025-12-14 04:48:58,376 - INFO - phi = [-0.38929644 -0.73743257  0.06040946  0.2079355 ]
2025-12-14 04:48:58,420 - INFO - num_full_subsets = 2
2025-12-14 04:48:58,505 - INFO - phi = [-0.23644814 -0.14837925  0.14238894 -0.79321602]
2025-12-14 04:48:58,549 - INFO - num_full_subsets = 2
2025-12-14 04:48:58,636 - INFO - phi = [ 0.36704027  0.10799672 -0.08132247 -0.68634035]
2025-12-14 04:48:58,679 - INFO - num_full_subsets = 2
2025-12-14 04:48:58,761 - INFO - phi = [-0.350901   -0.40444096  0.01552375 -0.7334631 ]
2025-12-14 04:48:58,806 - INFO - num_full_subsets = 2
2025-12-14 04:48:58,893 - INFO - phi = [ 0.43929029 -0.14053015 -0.05555295 -0.33609357]
2025-12-14 04:48:58,942 - INFO - num_full_subsets = 2
2025-12-14 04:48:59,028 - INFO - phi = [-0.36135657 -0.37966441 -0.06398487  0.07796229]
2025-12-14 04:48:59,072 - INFO - num_full_subsets = 2
2025-12-14 04:48:59,158 - INFO - phi = [ 0.74869087 -0.13911072 -0.04855539 -0.11078693]
2025-12-14 04:48:59,202 - INFO - num_full_subsets = 2
2025-12-14 04:48:59,285 - INFO - phi = [-0.21607325 -0.12823327  0.1169371  -0.91851859]
2025-12-14 04:48:59,330 - INFO - num_full_subsets = 2
2025-12-14 04:48:59,412 - INFO - phi = [-0.34714138 -0.34544529 -0.28223762  0.06627219]
2025-12-14 04:48:59,457 - INFO - num_full_subsets = 2
2025-12-14 04:48:59,545 - INFO - phi = [ 0.72523475  0.18588914 -0.31820858  0.64270311]
2025-12-14 04:48:59,590 - INFO - num_full_subsets = 2
2025-12-14 04:48:59,673 - INFO - phi = [-0.27058026  0.52775917  0.27622559  0.6568586 ]
2025-12-14 04:48:59,717 - INFO - num_full_subsets = 2
2025-12-14 04:48:59,799 - INFO - phi = [-0.31066656 -0.26409409  0.41561815  0.9478329 ]
2025-12-14 04:48:59,843 - INFO - num_full_subsets = 2
2025-12-14 04:48:59,926 - INFO - phi = [0.74257312 0.10751226 0.22352265 0.68347379]
2025-12-14 04:48:59,971 - INFO - num_full_subsets = 2
2025-12-14 04:49:00,059 - INFO - phi = [-0.39485353 -0.71800153 -0.16005275 -0.20695696]
2025-12-14 04:49:00,104 - INFO - num_full_subsets = 2
2025-12-14 04:49:00,194 - INFO - phi = [-0.31961809 -0.3733557   0.00569519 -0.94392164]
2025-12-14 04:49:00,238 - INFO - num_full_subsets = 2
2025-12-14 04:49:00,326 - INFO - phi = [-0.18019066  0.36664039  0.35204577  0.65508257]
2025-12-14 04:49:00,371 - INFO - num_full_subsets = 2
2025-12-14 04:49:00,457 - INFO - phi = [-0.16277268  0.28822454  0.05332819 -1.11595001]
2025-12-14 04:49:00,503 - INFO - num_full_subsets = 2
2025-12-14 04:49:00,584 - INFO - phi = [ 0.66242284 -0.22903477  0.05577974 -0.65720634]
2025-12-14 04:49:00,628 - INFO - num_full_subsets = 2
2025-12-14 04:49:00,711 - INFO - phi = [-0.25224804 -0.34473131  0.11730133 -0.64683491]
2025-12-14 04:49:00,756 - INFO - num_full_subsets = 2
2025-12-14 04:49:00,848 - INFO - phi = [ 0.50955971  0.32550224  0.03782936 -0.72930197]
2025-12-14 04:49:00,892 - INFO - num_full_subsets = 2
2025-12-14 04:49:00,976 - INFO - phi = [-0.21911522 -0.26206849  0.17425217 -0.79675651]
2025-12-14 04:49:01,020 - INFO - num_full_subsets = 2
2025-12-14 04:49:01,102 - INFO - phi = [ 0.41259991  0.33823411 -0.16062481 -0.05627788]
2025-12-14 04:49:01,146 - INFO - num_full_subsets = 2
2025-12-14 04:49:01,229 - INFO - phi = [-0.29998273 -0.46246184  0.13852877 -0.5509148 ]
2025-12-14 04:49:01,273 - INFO - num_full_subsets = 2
2025-12-14 04:49:01,360 - INFO - phi = [ 0.34854271  0.17862231 -0.0424849  -0.61547983]
2025-12-14 04:49:01,409 - INFO - num_full_subsets = 2
2025-12-14 04:49:01,491 - INFO - phi = [ 0.43614881  0.16396971  0.0575111  -0.39450865]
2025-12-14 04:49:01,537 - INFO - num_full_subsets = 2
2025-12-14 04:49:01,619 - INFO - phi = [-0.38652505 -0.5712584   0.11582134 -0.20363025]
2025-12-14 04:49:01,663 - INFO - num_full_subsets = 2
2025-12-14 04:49:01,745 - INFO - phi = [-0.06658974  0.65314828  0.30068915  0.61483879]
2025-12-14 04:49:01,790 - INFO - num_full_subsets = 2
2025-12-14 04:49:01,871 - INFO - phi = [ 0.61224925  0.20154315 -0.28261865  0.28591136]
2025-12-14 04:49:01,915 - INFO - num_full_subsets = 2
2025-12-14 04:49:02,002 - INFO - phi = [-0.25910263 -0.16026054  0.1281595  -0.34917068]
2025-12-14 04:49:02,052 - INFO - num_full_subsets = 2
2025-12-14 04:49:02,139 - INFO - phi = [-0.30664412 -0.33324234  0.15214724 -0.46790628]
2025-12-14 04:49:02,183 - INFO - num_full_subsets = 2
2025-12-14 04:49:02,271 - INFO - phi = [-0.25125012  0.68772041 -0.34945322  0.52248341]
2025-12-14 04:49:02,316 - INFO - num_full_subsets = 2
2025-12-14 04:49:02,403 - INFO - phi = [-0.38424522 -0.55289505 -0.00402421 -0.26822835]
2025-12-14 04:49:02,448 - INFO - num_full_subsets = 2
2025-12-14 04:49:02,535 - INFO - phi = [-0.38944936 -0.63906671 -0.07080373 -0.42355818]
2025-12-14 04:49:02,579 - INFO - num_full_subsets = 2
2025-12-14 04:49:02,666 - INFO - phi = [-0.29605687  0.71601116 -0.31499803  0.5101163 ]
2025-12-14 04:49:02,711 - INFO - num_full_subsets = 2
2025-12-14 04:49:02,793 - INFO - phi = [-0.3175769  -0.40136394  0.01315499 -0.91093571]
2025-12-14 04:49:02,837 - INFO - num_full_subsets = 2
2025-12-14 04:49:02,920 - INFO - phi = [ 0.44293777  0.15974717  0.08404049 -0.3866782 ]
2025-12-14 04:49:02,964 - INFO - num_full_subsets = 2
2025-12-14 04:49:03,051 - INFO - phi = [-0.21476765  0.49636373  0.38470323  0.91313111]
2025-12-14 04:49:03,096 - INFO - num_full_subsets = 2
2025-12-14 04:49:03,184 - INFO - phi = [-0.40643115 -0.69835175 -0.34081222  0.30552355]
2025-12-14 04:49:03,228 - INFO - num_full_subsets = 2
2025-12-14 04:49:03,319 - INFO - phi = [0.51188191 0.50397064 0.25336876 0.79398996]
2025-12-14 04:49:03,363 - INFO - num_full_subsets = 2
2025-12-14 04:49:03,447 - INFO - phi = [-0.28365136  0.60607161  0.21429832  0.06524335]
2025-12-14 04:49:03,491 - INFO - num_full_subsets = 2
2025-12-14 04:49:03,577 - INFO - phi = [-0.31038858  0.72413058 -0.1544626   0.12466494]
2025-12-14 04:49:03,621 - INFO - num_full_subsets = 2
2025-12-14 04:49:03,701 - INFO - phi = [-0.32640268  0.24904883  0.08666606  0.24112727]
2025-12-14 04:49:03,744 - INFO - num_full_subsets = 2
2025-12-14 04:49:03,825 - INFO - phi = [ 0.45861543  0.29311071 -0.0167987  -0.76562018]
2025-12-14 04:49:03,869 - INFO - num_full_subsets = 2
2025-12-14 04:49:03,956 - INFO - phi = [-0.32353531  0.70686671 -0.15947601  0.05908053]
2025-12-14 04:49:04,001 - INFO - num_full_subsets = 2
2025-12-14 04:49:04,088 - INFO - phi = [-0.32928156 -0.42869289  0.03687025 -0.76233947]
2025-12-14 04:49:04,131 - INFO - num_full_subsets = 2
2025-12-14 04:49:04,214 - INFO - phi = [ 0.70829517 -0.04386647 -0.19084553  0.37483372]
2025-12-14 04:49:04,258 - INFO - num_full_subsets = 2
2025-12-14 04:49:04,345 - INFO - phi = [-0.2925348  -0.45617465  0.20442367 -0.10012093]
2025-12-14 04:49:04,389 - INFO - num_full_subsets = 2
2025-12-14 04:49:04,471 - INFO - phi = [-0.11508192 -0.13208726 -0.30346429  0.10162674]
2025-12-14 04:49:04,519 - INFO - num_full_subsets = 2
2025-12-14 04:49:04,606 - INFO - phi = [ 0.58893746 -0.08374534 -0.08395357 -0.29649884]
2025-12-14 04:49:04,650 - INFO - num_full_subsets = 2
2025-12-14 04:49:04,733 - INFO - phi = [-0.27195648  0.46327913  0.28124681  0.70010216]
2025-12-14 04:49:04,776 - INFO - num_full_subsets = 2
2025-12-14 04:49:04,859 - INFO - phi = [-0.29503172  0.52650901  0.24242184  0.64237076]
2025-12-14 04:49:04,903 - INFO - num_full_subsets = 2
2025-12-14 04:49:04,985 - INFO - phi = [-0.36517391 -0.48778075  0.12724809 -0.45240276]
2025-12-14 04:49:05,029 - INFO - num_full_subsets = 2
2025-12-14 04:49:05,116 - INFO - phi = [-0.213237   -0.16351639  0.12866615 -0.90035877]
2025-12-14 04:49:05,165 - INFO - num_full_subsets = 2
2025-12-14 04:49:05,254 - INFO - phi = [ 0.09975296 -0.03027872 -0.21055013  0.11343896]
2025-12-14 04:49:05,298 - INFO - num_full_subsets = 2
2025-12-14 04:49:05,382 - INFO - phi = [ 0.74104403 -0.00745767 -0.31455904  0.6297458 ]
2025-12-14 04:49:05,428 - INFO - num_full_subsets = 2
2025-12-14 04:49:05,510 - INFO - phi = [-0.28112334  0.65041949 -0.34272364  0.40808918]
2025-12-14 04:49:05,556 - INFO - num_full_subsets = 2
2025-12-14 04:49:05,644 - INFO - phi = [-0.39597483 -0.53047689 -0.14047458 -0.41067862]
2025-12-14 04:49:05,688 - INFO - num_full_subsets = 2
2025-12-14 04:49:05,775 - INFO - phi = [-0.22125045  0.4243346  -0.42630411  0.57425205]
2025-12-14 04:49:05,819 - INFO - num_full_subsets = 2
2025-12-14 04:49:05,906 - INFO - phi = [-0.25787965 -0.35547117  0.11661318 -0.62345744]
2025-12-14 04:49:05,950 - INFO - num_full_subsets = 2
2025-12-14 04:49:06,030 - INFO - phi = [-0.29767254  0.62131301  0.05895757  0.1366653 ]
2025-12-14 04:49:06,075 - INFO - num_full_subsets = 2
2025-12-14 04:49:06,159 - INFO - phi = [ 0.45110015  0.23496546 -0.05080645 -0.5072574 ]
2025-12-14 04:49:06,203 - INFO - num_full_subsets = 2
2025-12-14 04:49:06,285 - INFO - phi = [-0.29573436  0.38528596 -0.11634329  0.63462705]
2025-12-14 04:49:06,328 - INFO - num_full_subsets = 2
2025-12-14 04:49:06,415 - INFO - phi = [ 0.46849792  0.14940627 -0.01829082 -0.85654508]
2025-12-14 04:49:06,461 - INFO - num_full_subsets = 2
2025-12-14 04:49:06,549 - INFO - phi = [-0.31217178 -0.38373241  0.06500429 -0.81296939]
2025-12-14 04:49:06,599 - INFO - num_full_subsets = 2
2025-12-14 04:49:06,688 - INFO - phi = [ 0.70829517 -0.04386647 -0.19084553  0.37483372]
2025-12-14 04:49:06,733 - INFO - num_full_subsets = 2
2025-12-14 04:49:06,816 - INFO - phi = [-0.18074088  0.11341719  0.08518284 -0.92091642]
2025-12-14 04:49:06,860 - INFO - num_full_subsets = 2
2025-12-14 04:49:06,944 - INFO - phi = [ 0.47678516  0.11560264  0.19162105 -0.528554  ]
2025-12-14 04:49:06,989 - INFO - num_full_subsets = 2
2025-12-14 04:49:07,077 - INFO - phi = [0.50851046 0.36625494 0.36670429 1.10399724]
2025-12-14 04:49:07,121 - INFO - num_full_subsets = 2
2025-12-14 04:49:07,207 - INFO - phi = [ 0.5860842   0.38885316  0.02667107 -0.90325021]
2025-12-14 04:49:07,251 - INFO - num_full_subsets = 2
2025-12-14 04:49:07,335 - INFO - phi = [ 0.59800871  0.479369   -0.22845182  0.2917552 ]
2025-12-14 04:49:07,380 - INFO - num_full_subsets = 2
2025-12-14 04:49:07,463 - INFO - phi = [-0.27391309  0.53216194  0.30193593  0.80867482]
2025-12-14 04:49:07,507 - INFO - num_full_subsets = 2
2025-12-14 04:49:07,591 - INFO - phi = [0.45610008 0.39690802 0.22826337 0.22875835]
2025-12-14 04:49:07,641 - INFO - num_full_subsets = 2
2025-12-14 04:49:07,728 - INFO - phi = [ 0.44409263  0.09317279  0.15719111 -0.53054798]
2025-12-14 04:49:07,774 - INFO - num_full_subsets = 2
2025-12-14 04:49:07,863 - INFO - phi = [-0.36641186 -0.64887342  0.2927007   0.68529814]
2025-12-14 04:49:07,908 - INFO - num_full_subsets = 2
2025-12-14 04:49:07,991 - INFO - phi = [-0.39811617 -0.58575965 -0.17229314 -0.28090884]
2025-12-14 04:49:08,035 - INFO - num_full_subsets = 2
2025-12-14 04:49:08,118 - INFO - phi = [-0.07136532  0.45084885  0.23280225  0.63111845]
2025-12-14 04:49:08,164 - INFO - num_full_subsets = 2
2025-12-14 04:49:08,250 - INFO - phi = [-0.2727415   0.67583831 -0.2104894   0.17551977]
2025-12-14 04:49:08,300 - INFO - num_full_subsets = 2
2025-12-14 04:49:08,388 - INFO - phi = [-0.29108828  0.53250979  0.15035023  0.37365782]
2025-12-14 04:49:08,433 - INFO - num_full_subsets = 2
2025-12-14 04:49:08,521 - INFO - phi = [ 0.6867464  -0.34960833  0.08156227 -0.11426526]
2025-12-14 04:49:08,566 - INFO - num_full_subsets = 2
2025-12-14 04:49:08,651 - INFO - phi = [-0.38929644 -0.73743257  0.06040946  0.2079355 ]
2025-12-14 04:49:08,697 - INFO - num_full_subsets = 2
2025-12-14 04:49:08,781 - INFO - phi = [0.31989162 0.54516732 0.25431884 0.82063641]
2025-12-14 04:49:08,826 - INFO - num_full_subsets = 2
2025-12-14 04:49:08,913 - INFO - phi = [-0.39357786 -0.5945039  -0.1362279  -0.10183565]
2025-12-14 04:49:08,959 - INFO - num_full_subsets = 2
2025-12-14 04:49:09,046 - INFO - phi = [ 0.47657127 -0.09872388 -0.08826361 -0.63946679]
2025-12-14 04:49:09,092 - INFO - num_full_subsets = 2
2025-12-14 04:49:09,179 - INFO - phi = [-0.30315344 -0.02365943  0.17931205 -0.28791676]
2025-12-14 04:49:09,225 - INFO - num_full_subsets = 2
2025-12-14 04:49:09,310 - INFO - phi = [-2.65236002e-01  1.20175095e-01  1.28419745e-04  4.84744839e-01]
2025-12-14 04:49:09,358 - INFO - num_full_subsets = 2
2025-12-14 04:49:09,442 - INFO - phi = [-0.33168119  0.03718125 -0.41103614  0.42389038]
2025-12-14 04:49:09,487 - INFO - num_full_subsets = 2
2025-12-14 04:49:09,577 - INFO - phi = [-0.23528292 -0.0769727   0.3258824   0.58123313]
2025-12-14 04:49:09,622 - INFO - num_full_subsets = 2
2025-12-14 04:49:09,708 - INFO - phi = [ 0.43614098  0.49807906  0.05575542 -0.47877711]
2025-12-14 04:49:09,753 - INFO - num_full_subsets = 2
2025-12-14 04:49:09,835 - INFO - phi = [-0.38073084 -0.40703852 -0.16850877 -0.28819728]
2025-12-14 04:49:09,879 - INFO - num_full_subsets = 2
2025-12-14 04:49:09,965 - INFO - phi = [-0.24483516 -0.29864506  0.1161377  -0.73851973]
2025-12-14 04:49:10,011 - INFO - num_full_subsets = 2
2025-12-14 04:49:10,098 - INFO - phi = [ 0.64948633  0.4071357  -0.12162597  0.03616157]
2025-12-14 04:49:10,142 - INFO - num_full_subsets = 2
2025-12-14 04:49:10,230 - INFO - phi = [ 0.18466664  0.5226875   0.09581003 -0.10337433]
2025-12-14 04:49:10,276 - INFO - num_full_subsets = 2
2025-12-14 04:49:10,363 - INFO - phi = [-0.17313762 -0.02254877  0.1610144   0.64022903]
2025-12-14 04:49:10,408 - INFO - num_full_subsets = 2
2025-12-14 04:49:10,491 - INFO - phi = [-0.29677772  0.2313271   0.07262266  0.56504597]
2025-12-14 04:49:10,536 - INFO - num_full_subsets = 2
2025-12-14 04:49:10,618 - INFO - phi = [-0.38998106 -0.54276978 -0.29014657  0.37375183]
2025-12-14 04:49:10,662 - INFO - num_full_subsets = 2
2025-12-14 04:49:10,745 - INFO - phi = [-0.40212198 -0.68087993 -0.34585318  0.39919267]
2025-12-14 04:49:10,795 - INFO - num_full_subsets = 2
2025-12-14 04:49:11,245 - INFO - phi = [ 0.45861543  0.29311071 -0.0167987  -0.76562018]
2025-12-14 04:49:11,295 - INFO - num_full_subsets = 2
2025-12-14 04:49:11,387 - INFO - phi = [-0.2571775   0.71017014 -0.21968606  0.45858398]
2025-12-14 04:49:11,436 - INFO - num_full_subsets = 2
2025-12-14 04:49:11,524 - INFO - phi = [0.43005154 0.16936008 0.34125984 0.49613505]
2025-12-14 04:49:11,575 - INFO - num_full_subsets = 2
2025-12-14 04:49:11,666 - INFO - phi = [-0.2619498  -0.26685322 -0.42572756  0.52052372]
2025-12-14 04:49:11,719 - INFO - num_full_subsets = 2
2025-12-14 04:49:11,816 - INFO - phi = [0.39790534 0.28537653 0.2299891  0.21959477]
2025-12-14 04:49:11,869 - INFO - num_full_subsets = 2
2025-12-14 04:49:11,957 - INFO - phi = [-0.28547918 -0.23391036  0.34782344  0.44153826]
2025-12-14 04:49:12,006 - INFO - num_full_subsets = 2
2025-12-14 04:49:12,100 - INFO - phi = [ 0.68650864  0.20492184 -0.24477449  0.27787364]
2025-12-14 04:49:12,149 - INFO - num_full_subsets = 2
2025-12-14 04:49:12,243 - INFO - phi = [0.54153136 0.17141356 0.29378169 1.33817765]
2025-12-14 04:49:12,292 - INFO - num_full_subsets = 2
2025-12-14 04:49:12,386 - INFO - phi = [0.2926488  0.53418293 0.20749262 0.48238101]
2025-12-14 04:49:12,436 - INFO - num_full_subsets = 2
2025-12-14 04:49:12,526 - INFO - phi = [-0.34001528 -0.40632451  0.17064299 -0.35258158]
2025-12-14 04:49:12,578 - INFO - num_full_subsets = 2
2025-12-14 04:49:12,666 - INFO - phi = [ 0.46083849  0.18256605  0.02789357 -0.85532904]
2025-12-14 04:49:12,718 - INFO - num_full_subsets = 2
2025-12-14 04:49:12,811 - INFO - phi = [-0.37031671 -0.38949128  0.00471455 -0.69942933]
2025-12-14 04:49:12,860 - INFO - num_full_subsets = 2
2025-12-14 04:49:12,948 - INFO - phi = [ 0.14844453 -0.29746355 -0.34663412  0.3138488 ]
2025-12-14 04:49:13,005 - INFO - num_full_subsets = 2
2025-12-14 04:49:13,094 - INFO - phi = [-0.38524885 -0.55163673 -0.03602348 -0.21505054]
2025-12-14 04:49:13,145 - INFO - num_full_subsets = 2
2025-12-14 04:49:13,238 - INFO - phi = [-0.32491808 -0.33048757  0.30280446  0.87727378]
2025-12-14 04:49:13,289 - INFO - num_full_subsets = 2
2025-12-14 04:49:13,384 - INFO - phi = [0.52342935 0.60239205 0.09043702 0.47993462]
2025-12-14 04:49:13,433 - INFO - num_full_subsets = 2
2025-12-14 04:49:13,527 - INFO - phi = [ 0.51387835 -0.20547324 -0.01503756 -0.28107581]
2025-12-14 04:49:13,577 - INFO - num_full_subsets = 2
2025-12-14 04:49:13,676 - INFO - phi = [-0.24841504  0.37924796  0.34232647  0.59497666]
2025-12-14 04:49:13,728 - INFO - num_full_subsets = 2
2025-12-14 04:49:13,823 - INFO - phi = [-0.13799618  0.65493422 -0.25234526  0.65954106]
2025-12-14 04:49:13,874 - INFO - num_full_subsets = 2
2025-12-14 04:49:13,968 - INFO - phi = [ 0.69676619 -0.14997815  0.03068555 -0.41837823]
2025-12-14 04:49:14,017 - INFO - num_full_subsets = 2
2025-12-14 04:49:14,112 - INFO - phi = [-0.16080654  0.35791874  0.29401336  0.71686778]
2025-12-14 04:49:14,163 - INFO - num_full_subsets = 2
2025-12-14 04:49:14,251 - INFO - phi = [ 0.82499475 -0.25691483  0.14787651  0.56847486]
2025-12-14 04:49:14,307 - INFO - num_full_subsets = 2
2025-12-14 04:49:14,403 - INFO - phi = [-0.37663287 -0.53786766  0.23122147 -0.17188921]
2025-12-14 04:49:14,453 - INFO - num_full_subsets = 2
2025-12-14 04:49:14,545 - INFO - phi = [-0.32060108  0.71081745 -0.10074993 -0.02507352]
2025-12-14 04:49:14,595 - INFO - num_full_subsets = 2
2025-12-14 04:49:14,681 - INFO - phi = [-0.28187941 -0.36291783  0.13208547 -0.68387   ]
2025-12-14 04:49:14,731 - INFO - num_full_subsets = 2
2025-12-14 04:49:14,826 - INFO - phi = [-0.20241269  0.38871489 -0.19314317 -0.14054051]
2025-12-14 04:49:14,876 - INFO - num_full_subsets = 2
2025-12-14 04:49:14,975 - INFO - phi = [0.45968082 0.20272776 0.13211443 0.8874274 ]
2025-12-14 04:49:15,025 - INFO - num_full_subsets = 2
2025-12-14 04:49:15,118 - INFO - phi = [-0.38688344 -0.64723134 -0.03482561 -0.05260676]
2025-12-14 04:49:15,169 - INFO - num_full_subsets = 2
2025-12-14 04:49:15,262 - INFO - phi = [-0.20040306  0.27333495  0.33676574  0.74189255]
2025-12-14 04:49:15,311 - INFO - num_full_subsets = 2
2025-12-14 04:49:15,399 - INFO - phi = [-0.25481175 -0.33535066  0.16617846 -0.74115876]
2025-12-14 04:49:15,448 - INFO - num_full_subsets = 2
2025-12-14 04:49:15,542 - INFO - phi = [-0.3917723  -0.48907227 -0.09789335 -0.5355999 ]
2025-12-14 04:49:15,592 - INFO - num_full_subsets = 2
2025-12-14 04:49:15,690 - INFO - phi = [ 0.77966863 -0.11052358 -0.31767299  0.56268827]
2025-12-14 04:49:15,739 - INFO - num_full_subsets = 2
2025-12-14 04:49:15,829 - INFO - phi = [-0.27229837  0.04647528 -0.33620023  0.19911359]
2025-12-14 04:49:15,878 - INFO - num_full_subsets = 2
2025-12-14 04:49:15,967 - INFO - phi = [ 0.45404906  0.1157994  -0.08306477 -0.19303714]
2025-12-14 04:49:16,019 - INFO - num_full_subsets = 2
2025-12-14 04:49:16,113 - INFO - phi = [-0.22182332  0.66048902  0.32487238  0.57664691]
2025-12-14 04:49:16,165 - INFO - num_full_subsets = 2
2025-12-14 04:49:16,258 - INFO - phi = [-0.27229837  0.04647528 -0.33620023  0.19911359]
2025-12-14 04:49:16,307 - INFO - num_full_subsets = 2
2025-12-14 04:49:16,407 - INFO - phi = [-0.40379417 -0.65188728 -0.21093065 -0.13385617]
2025-12-14 04:49:16,456 - INFO - num_full_subsets = 2
2025-12-14 04:49:16,545 - INFO - phi = [-0.29332697  0.22626638  0.16476761  0.49960526]
2025-12-14 04:49:16,596 - INFO - num_full_subsets = 2
2025-12-14 04:49:16,690 - INFO - phi = [-0.37806466 -0.53871267 -0.16715602  0.07269222]
2025-12-14 04:49:16,740 - INFO - num_full_subsets = 2
2025-12-14 04:49:16,827 - INFO - phi = [-0.389974   -0.63245755 -0.15809933 -0.16883035]
2025-12-14 04:49:16,877 - INFO - num_full_subsets = 2
2025-12-14 04:49:16,969 - INFO - phi = [-0.21547941  0.64413932 -0.32634925  0.58066589]
2025-12-14 04:49:17,025 - INFO - num_full_subsets = 2
2025-12-14 04:49:17,118 - INFO - phi = [-0.37397176 -0.42234631  0.01734973 -0.3670005 ]
2025-12-14 04:49:17,170 - INFO - num_full_subsets = 2
2025-12-14 04:49:17,261 - INFO - phi = [-0.1555761  -0.10144151 -0.30957038  0.1228539 ]
2025-12-14 04:49:17,309 - INFO - num_full_subsets = 2
2025-12-14 04:49:17,397 - INFO - phi = [ 0.63365273  0.39536902 -0.23115718  0.35448855]
2025-12-14 04:49:17,446 - INFO - num_full_subsets = 2
2025-12-14 04:49:17,533 - INFO - phi = [-0.39327495 -0.46562962 -0.00451385 -0.51774904]
2025-12-14 04:49:17,582 - INFO - num_full_subsets = 2
2025-12-14 04:49:17,668 - INFO - phi = [-0.39811864 -0.75499652 -0.21774349  0.03146713]
2025-12-14 04:49:17,726 - INFO - num_full_subsets = 2
2025-12-14 04:49:17,819 - INFO - phi = [0.5332226  0.15700952 0.11396197 0.72083016]
2025-12-14 04:49:17,867 - INFO - num_full_subsets = 2
2025-12-14 04:49:17,954 - INFO - phi = [ 0.78837053 -0.13347954 -0.1908383   0.03422839]
2025-12-14 04:49:18,003 - INFO - num_full_subsets = 2
2025-12-14 04:49:18,091 - INFO - phi = [-0.37950957 -0.5275967   0.1762623  -0.34648333]
2025-12-14 04:49:18,140 - INFO - num_full_subsets = 2
2025-12-14 04:49:18,227 - INFO - phi = [ 0.72362859 -0.09561288 -0.24243929  0.13994326]
2025-12-14 04:49:18,276 - INFO - num_full_subsets = 2
2025-12-14 04:49:18,370 - INFO - phi = [-0.38015164 -0.57467172 -0.45658177  0.77289903]
2025-12-14 04:49:18,419 - INFO - num_full_subsets = 2
2025-12-14 04:49:18,506 - INFO - phi = [-0.37312702 -0.49204003  0.12641058 -0.39218114]
2025-12-14 04:49:18,555 - INFO - num_full_subsets = 2
2025-12-14 04:49:18,647 - INFO - phi = [-0.30142962  0.19589861  0.00228564  0.62806864]
2025-12-14 04:49:18,694 - INFO - num_full_subsets = 2
2025-12-14 04:49:18,784 - INFO - phi = [-0.37528973 -0.48362354 -0.0917107  -0.67817576]
2025-12-14 04:49:18,832 - INFO - num_full_subsets = 2
2025-12-14 04:49:18,920 - INFO - phi = [ 0.39126947  0.13879539 -0.04235039 -0.82751119]
2025-12-14 04:49:18,967 - INFO - num_full_subsets = 2
2025-12-14 04:49:19,058 - INFO - phi = [-0.28508136 -0.15910851  0.121754   -0.55450883]
2025-12-14 04:49:19,105 - INFO - num_full_subsets = 2
2025-12-14 04:49:19,189 - INFO - phi = [0.50653517 0.36266318 0.05095098 0.67827972]
2025-12-14 04:49:19,236 - INFO - num_full_subsets = 2
2025-12-14 04:49:19,322 - INFO - phi = [ 0.34626151  0.13051522 -0.1362571  -0.43113388]
2025-12-14 04:49:19,368 - INFO - num_full_subsets = 2
2025-12-14 04:49:19,452 - INFO - phi = [-0.39620586 -0.64817647 -0.31506078  0.20682442]
2025-12-14 04:49:19,499 - INFO - num_full_subsets = 2
2025-12-14 04:49:19,590 - INFO - phi = [-0.40678645 -0.65366056 -0.34035775  0.25280268]
2025-12-14 04:49:19,638 - INFO - num_full_subsets = 2
2025-12-14 04:49:19,735 - INFO - phi = [ 0.51368038  0.1072398  -0.09564495 -0.24848478]
2025-12-14 04:49:19,782 - INFO - num_full_subsets = 2
2025-12-14 04:49:19,873 - INFO - phi = [ 0.55172156 -0.03625871 -0.04552257 -0.57513287]
2025-12-14 04:49:19,919 - INFO - num_full_subsets = 2
2025-12-14 04:49:20,005 - INFO - phi = [ 0.55081293  0.00102502  0.01619356 -0.68386805]
2025-12-14 04:49:20,053 - INFO - num_full_subsets = 2
2025-12-14 04:49:20,144 - INFO - phi = [-0.28677148  0.62010619  0.11101873  0.55897376]
2025-12-14 04:49:20,193 - INFO - num_full_subsets = 2
2025-12-14 04:49:20,285 - INFO - phi = [0.30137337 0.48159648 0.33366662 0.69959844]
2025-12-14 04:49:20,340 - INFO - num_full_subsets = 2
2025-12-14 04:49:20,430 - INFO - phi = [-0.24007767  0.57014619 -0.10946537  0.647499  ]
2025-12-14 04:49:20,477 - INFO - num_full_subsets = 2
2025-12-14 04:49:20,567 - INFO - phi = [-0.27875711 -0.35463614  0.05794656 -0.95921429]
2025-12-14 04:49:20,615 - INFO - num_full_subsets = 2
2025-12-14 04:49:20,703 - INFO - phi = [-0.26531301 -0.15983489  0.12021236 -0.57101544]
2025-12-14 04:49:20,750 - INFO - num_full_subsets = 2
2025-12-14 04:49:20,839 - INFO - phi = [-0.18805114  0.35558248 -0.28291899  0.06497363]
2025-12-14 04:49:20,886 - INFO - num_full_subsets = 2
2025-12-14 04:49:20,977 - INFO - phi = [ 0.61959881 -0.16295426  0.05625455 -0.7062205 ]
2025-12-14 04:49:21,030 - INFO - num_full_subsets = 2
2025-12-14 04:49:21,119 - INFO - phi = [-0.15844653  0.36387674 -0.02069564 -1.44171778]
2025-12-14 04:49:21,631 - INFO - Computing feature importance...
2025-12-14 04:49:29,453 - INFO - Experiment completed for CNN
2025-12-14 04:49:29,453 - INFO - Total time: 269.69s (4.49 min)
2025-12-14 04:49:29,454 - INFO - Starting comprehensive experiment for CNN
2025-12-14 04:49:36,953 - INFO - Performing feature analysis...
2025-12-14 04:49:38,130 - INFO - Model justification: Fast 1D Convolutional Neural Network - perfect for tabular features with local patterns
2025-12-14 04:49:38,130 - INFO - Performing robust cross-validation...
2025-12-14 04:49:54,836 - INFO - CV Results - MSE: 2.4513 ± 0.5161
2025-12-14 04:49:54,836 - INFO - Starting hyperparameter optimization...
2025-12-14 04:52:40,304 - INFO - Best parameters for CNN: {'filters': 59, 'kernel_size': 3, 'dense_units': 40, 'lr': 0.049859157883796794, 'epochs': 79}
2025-12-14 04:52:40,304 - INFO - ⏱️ HPO took 165.47 seconds
2025-12-14 04:52:40,304 - INFO - Training final model...
2025-12-14 04:52:42,067 - INFO - ⏱️ Training took 1.76 seconds
2025-12-14 04:52:42,067 - INFO - Performing residual analysis...
2025-12-14 04:52:43,141 - INFO - Generating XAI explanations...
2025-12-14 04:52:43,176 - WARNING - Using 168 background data samples could cause slower run times. Consider using shap.sample(data, K) or shap.kmeans(data, K) to summarize the background as K samples.
2025-12-14 04:52:43,221 - INFO - num_full_subsets = 2
2025-12-14 04:52:43,315 - INFO - phi = [-0.36594041 -1.01969955  0.0494374   0.09440266]
2025-12-14 04:52:43,364 - INFO - num_full_subsets = 2
2025-12-14 04:52:43,458 - INFO - phi = [-0.00185637  0.44320652 -0.13950876  0.2781506 ]
2025-12-14 04:52:43,503 - INFO - num_full_subsets = 2
2025-12-14 04:52:43,594 - INFO - phi = [-0.31352309 -0.56938714  0.54465646 -0.13462881]
2025-12-14 04:52:43,639 - INFO - num_full_subsets = 2
2025-12-14 04:52:43,727 - INFO - phi = [-0.16521725  0.38867307 -0.0194713   0.36078874]
2025-12-14 04:52:43,772 - INFO - num_full_subsets = 2
2025-12-14 04:52:43,862 - INFO - phi = [-0.25605588 -0.35641465  0.00632288  0.12684232]
2025-12-14 04:52:43,908 - INFO - num_full_subsets = 2
2025-12-14 04:52:43,999 - INFO - phi = [-0.33162528 -0.50169664  0.12149623 -0.30899023]
2025-12-14 04:52:44,044 - INFO - num_full_subsets = 2
2025-12-14 04:52:44,129 - INFO - phi = [ 0.04810734  0.00691487 -0.07580277  0.05099004]
2025-12-14 04:52:44,173 - INFO - num_full_subsets = 2
2025-12-14 04:52:44,262 - INFO - phi = [-0.31736386 -0.63551428 -0.11120641 -0.69042496]
2025-12-14 04:52:44,307 - INFO - num_full_subsets = 2
2025-12-14 04:52:44,397 - INFO - phi = [ 0.52496661  0.28411535  0.10424858 -0.88772134]
2025-12-14 04:52:44,441 - INFO - num_full_subsets = 2
2025-12-14 04:52:44,530 - INFO - phi = [-0.28057134 -0.10736936 -0.05087987 -0.05846891]
2025-12-14 04:52:44,581 - INFO - num_full_subsets = 2
2025-12-14 04:52:44,671 - INFO - phi = [0.62064672 0.49569407 0.04027831 0.28496328]
2025-12-14 04:52:44,716 - INFO - num_full_subsets = 2
2025-12-14 04:52:44,806 - INFO - phi = [ 0.4055749   0.36208328 -0.32166633  0.58897337]
2025-12-14 04:52:44,851 - INFO - num_full_subsets = 2
2025-12-14 04:52:44,937 - INFO - phi = [ 0.48738722 -0.07756586  0.109598   -0.22124433]
2025-12-14 04:52:44,981 - INFO - num_full_subsets = 2
2025-12-14 04:52:45,077 - INFO - phi = [-0.24624301  0.30565324 -0.03870863  0.4849019 ]
2025-12-14 04:52:45,122 - INFO - num_full_subsets = 2
2025-12-14 04:52:45,211 - INFO - phi = [0.76603162 0.08369114 0.22996238 0.76776292]
2025-12-14 04:52:45,261 - INFO - num_full_subsets = 2
2025-12-14 04:52:45,352 - INFO - phi = [ 0.19900103  0.27159008  0.16390996 -0.43717471]
2025-12-14 04:52:45,396 - INFO - num_full_subsets = 2
2025-12-14 04:52:45,488 - INFO - phi = [-0.29173387 -0.56951539 -0.19246196 -0.55620755]
2025-12-14 04:52:45,534 - INFO - num_full_subsets = 2
2025-12-14 04:52:45,621 - INFO - phi = [ 0.11608379  0.65628252 -0.04642844  0.3010141 ]
2025-12-14 04:52:45,667 - INFO - num_full_subsets = 2
2025-12-14 04:52:45,757 - INFO - phi = [ 0.4341858   0.28209299 -0.15338622 -0.14415117]
2025-12-14 04:52:45,800 - INFO - num_full_subsets = 2
2025-12-14 04:52:45,886 - INFO - phi = [-0.21356236  0.44493426  0.07717313  0.35887315]
2025-12-14 04:52:45,935 - INFO - num_full_subsets = 2
2025-12-14 04:52:46,020 - INFO - phi = [0.77310277 0.43387226 0.08840293 0.47097439]
2025-12-14 04:52:46,066 - INFO - num_full_subsets = 2
2025-12-14 04:52:46,158 - INFO - phi = [-0.12126513  0.38485983  0.11473991  0.62600097]
2025-12-14 04:52:46,201 - INFO - num_full_subsets = 2
2025-12-14 04:52:46,289 - INFO - phi = [-0.23120763  0.59830334 -0.13374792  0.3464146 ]
2025-12-14 04:52:46,332 - INFO - num_full_subsets = 2
2025-12-14 04:52:46,422 - INFO - phi = [ 0.11032646  0.30556324 -0.31716773 -0.67427998]
2025-12-14 04:52:46,467 - INFO - num_full_subsets = 2
2025-12-14 04:52:46,565 - INFO - phi = [-0.32149983 -1.19023055 -0.05382719  0.1022866 ]
2025-12-14 04:52:46,611 - INFO - num_full_subsets = 2
2025-12-14 04:52:46,700 - INFO - phi = [-0.32250113 -0.68488294 -0.12448908 -0.48548619]
2025-12-14 04:52:46,747 - INFO - num_full_subsets = 2
2025-12-14 04:52:46,841 - INFO - phi = [-0.21840444  0.62669756  0.18857013  0.02239367]
2025-12-14 04:52:46,886 - INFO - num_full_subsets = 2
2025-12-14 04:52:46,974 - INFO - phi = [ 0.13409986  0.57181762 -0.06154804  0.33433042]
2025-12-14 04:52:47,020 - INFO - num_full_subsets = 2
2025-12-14 04:52:47,110 - INFO - phi = [ 0.48717929  0.34292458 -0.12336839  0.79299433]
2025-12-14 04:52:47,155 - INFO - num_full_subsets = 2
2025-12-14 04:52:47,251 - INFO - phi = [-0.33299376 -1.0081407  -0.02678853 -0.25168643]
2025-12-14 04:52:47,295 - INFO - num_full_subsets = 2
2025-12-14 04:52:47,384 - INFO - phi = [-0.36162911 -0.63205891 -0.05482087 -0.53339081]
2025-12-14 04:52:47,430 - INFO - num_full_subsets = 2
2025-12-14 04:52:47,522 - INFO - phi = [-0.25640474 -0.65804597 -0.04438824  0.45793123]
2025-12-14 04:52:47,568 - INFO - num_full_subsets = 2
2025-12-14 04:52:47,660 - INFO - phi = [ 0.47547312 -0.20491981 -0.09323354 -0.38066775]
2025-12-14 04:52:47,703 - INFO - num_full_subsets = 2
2025-12-14 04:52:47,789 - INFO - phi = [0.60304679 0.40208652 0.22977141 0.49946902]
2025-12-14 04:52:47,833 - INFO - num_full_subsets = 2
2025-12-14 04:52:47,927 - INFO - phi = [ 0.77768387  0.39515932  0.12106032 -0.27920483]
2025-12-14 04:52:47,972 - INFO - num_full_subsets = 2
2025-12-14 04:52:48,062 - INFO - phi = [-0.17021203  0.48621119 -0.01720917  0.63955038]
2025-12-14 04:52:48,106 - INFO - num_full_subsets = 2
2025-12-14 04:52:48,192 - INFO - phi = [-0.06816711  0.60659259  0.068571    0.57442784]
2025-12-14 04:52:48,236 - INFO - num_full_subsets = 2
2025-12-14 04:52:48,327 - INFO - phi = [-0.32149983 -1.19023055 -0.05382719  0.1022866 ]
2025-12-14 04:52:48,371 - INFO - num_full_subsets = 2
2025-12-14 04:52:48,462 - INFO - phi = [0.43350331 0.22965693 0.10380716 0.57446916]
2025-12-14 04:52:48,511 - INFO - num_full_subsets = 2
2025-12-14 04:52:48,603 - INFO - phi = [-0.25740615  0.59276015  0.0680817  -0.40804749]
2025-12-14 04:52:48,647 - INFO - num_full_subsets = 2
2025-12-14 04:52:48,737 - INFO - phi = [-0.28493751 -0.38622661 -0.14981106 -0.52092952]
2025-12-14 04:52:48,781 - INFO - num_full_subsets = 2
2025-12-14 04:52:48,870 - INFO - phi = [ 0.30750331 -0.21595427 -0.42969034 -0.38140126]
2025-12-14 04:52:48,914 - INFO - num_full_subsets = 2
2025-12-14 04:52:49,004 - INFO - phi = [-0.2688097  -0.6268223  -0.22818868 -0.54857175]
2025-12-14 04:52:49,049 - INFO - num_full_subsets = 2
2025-12-14 04:52:49,140 - INFO - phi = [0.44878195 0.26366657 0.27856413 0.47694455]
2025-12-14 04:52:49,190 - INFO - num_full_subsets = 2
2025-12-14 04:52:49,280 - INFO - phi = [-0.36706888 -1.01647838 -0.02204395 -0.09449421]
2025-12-14 04:52:49,325 - INFO - num_full_subsets = 2
2025-12-14 04:52:49,414 - INFO - phi = [-0.36654196 -0.94350505 -0.04640834 -0.25655177]
2025-12-14 04:52:49,458 - INFO - num_full_subsets = 2
2025-12-14 04:52:49,547 - INFO - phi = [-0.16442589  0.747351   -0.09973423  0.43146594]
2025-12-14 04:52:49,591 - INFO - num_full_subsets = 2
2025-12-14 04:52:49,678 - INFO - phi = [-0.1189334   0.57175591  0.06386111  0.10971608]
2025-12-14 04:52:49,722 - INFO - num_full_subsets = 2
2025-12-14 04:52:49,818 - INFO - phi = [-0.17424599 -0.20672932  0.05871541  0.34231513]
2025-12-14 04:52:49,862 - INFO - num_full_subsets = 2
2025-12-14 04:52:49,951 - INFO - phi = [0.36478608 0.42309062 0.07201247 0.74892334]
2025-12-14 04:52:49,995 - INFO - num_full_subsets = 2
2025-12-14 04:52:50,087 - INFO - phi = [-0.31078864 -0.64683818 -0.15870188 -0.38367661]
2025-12-14 04:52:50,131 - INFO - num_full_subsets = 2
2025-12-14 04:52:50,221 - INFO - phi = [ 0.66114202 -0.0758703   0.05306679 -0.16358257]
2025-12-14 04:52:50,267 - INFO - num_full_subsets = 2
2025-12-14 04:52:50,358 - INFO - phi = [ 0.09047857  0.47570946  0.00645617 -0.09272626]
2025-12-14 04:52:50,401 - INFO - num_full_subsets = 2
2025-12-14 04:52:50,499 - INFO - phi = [ 0.66512855 -0.05252593  0.01828796 -0.25917462]
2025-12-14 04:52:50,545 - INFO - num_full_subsets = 2
2025-12-14 04:52:50,632 - INFO - phi = [0.77782818 0.16318152 0.03843721 0.29935232]
2025-12-14 04:52:50,675 - INFO - num_full_subsets = 2
2025-12-14 04:52:50,762 - INFO - phi = [-0.26472032  0.52044421 -0.02949053  0.0817781 ]
2025-12-14 04:52:50,807 - INFO - num_full_subsets = 2
2025-12-14 04:52:50,896 - INFO - phi = [-0.37664482 -0.81637857 -0.0224911  -0.33551478]
2025-12-14 04:52:50,941 - INFO - num_full_subsets = 2
2025-12-14 04:52:51,030 - INFO - phi = [-0.32964866 -0.63629658  0.47768179 -0.32175252]
2025-12-14 04:52:51,075 - INFO - num_full_subsets = 2
2025-12-14 04:52:51,167 - INFO - phi = [-0.24691415  0.56339451 -0.15029189  0.43126482]
2025-12-14 04:52:51,212 - INFO - num_full_subsets = 2
2025-12-14 04:52:51,298 - INFO - phi = [-0.40008573 -0.55009899 -0.01976613 -0.53328336]
2025-12-14 04:52:51,344 - INFO - num_full_subsets = 2
2025-12-14 04:52:51,429 - INFO - phi = [ 0.24128585  0.26750622 -0.18465959  0.27910174]
2025-12-14 04:52:51,473 - INFO - num_full_subsets = 2
2025-12-14 04:52:51,563 - INFO - phi = [-0.00685753  0.63446636  0.12384459  0.56041591]
2025-12-14 04:52:51,607 - INFO - num_full_subsets = 2
2025-12-14 04:52:51,694 - INFO - phi = [-0.37012972 -1.07867426  0.00226198  0.01260415]
2025-12-14 04:52:51,743 - INFO - num_full_subsets = 2
2025-12-14 04:52:51,830 - INFO - phi = [ 0.69819356 -0.09060832 -0.01905364 -0.65376537]
2025-12-14 04:52:51,875 - INFO - num_full_subsets = 2
2025-12-14 04:52:51,960 - INFO - phi = [-0.22907409 -0.3478701  -0.14408575 -0.32640397]
2025-12-14 04:52:52,005 - INFO - num_full_subsets = 2
2025-12-14 04:52:52,094 - INFO - phi = [-0.06424492  0.65224053  0.19770194 -0.12699976]
2025-12-14 04:52:52,139 - INFO - num_full_subsets = 2
2025-12-14 04:52:52,228 - INFO - phi = [-0.33635387 -0.64333338 -0.08938885 -0.626848  ]
2025-12-14 04:52:52,273 - INFO - num_full_subsets = 2
2025-12-14 04:52:52,360 - INFO - phi = [-0.20916509 -0.00726369 -0.0829611   0.1711993 ]
2025-12-14 04:52:52,409 - INFO - num_full_subsets = 2
2025-12-14 04:52:52,496 - INFO - phi = [-0.39113311 -0.1876514   0.08756571  0.38603084]
2025-12-14 04:52:52,540 - INFO - num_full_subsets = 2
2025-12-14 04:52:52,624 - INFO - phi = [ 0.76084862 -0.24489144  0.30714182 -0.14696568]
2025-12-14 04:52:52,668 - INFO - num_full_subsets = 2
2025-12-14 04:52:52,761 - INFO - phi = [-0.14757407  0.36809486  0.22043767  0.68065903]
2025-12-14 04:52:52,805 - INFO - num_full_subsets = 2
2025-12-14 04:52:52,894 - INFO - phi = [ 0.15366303  0.27244909 -0.21358145 -0.75494587]
2025-12-14 04:52:52,938 - INFO - num_full_subsets = 2
2025-12-14 04:52:53,034 - INFO - phi = [-0.39442858 -1.00941957  0.06748047  0.11575605]
2025-12-14 04:52:53,079 - INFO - num_full_subsets = 2
2025-12-14 04:52:53,171 - INFO - phi = [-0.36513268 -0.73743407 -0.00426107 -0.42810748]
2025-12-14 04:52:53,215 - INFO - num_full_subsets = 2
2025-12-14 04:52:53,306 - INFO - phi = [ 0.83192306 -0.31586142 -0.17808057  0.3464695 ]
2025-12-14 04:52:53,352 - INFO - num_full_subsets = 2
2025-12-14 04:52:53,439 - INFO - phi = [-0.1163924  -0.10974724  0.04483134  0.41423341]
2025-12-14 04:52:53,483 - INFO - num_full_subsets = 2
2025-12-14 04:52:53,576 - INFO - phi = [-0.19632955 -0.18698695 -0.17499087 -0.73642909]
2025-12-14 04:52:53,620 - INFO - num_full_subsets = 2
2025-12-14 04:52:53,719 - INFO - phi = [ 0.26273964  0.30066975  0.15247556 -0.4831067 ]
2025-12-14 04:52:53,764 - INFO - num_full_subsets = 2
2025-12-14 04:52:53,857 - INFO - phi = [ 0.25925238 -0.04793855 -0.38835427 -0.41363164]
2025-12-14 04:52:53,903 - INFO - num_full_subsets = 2
2025-12-14 04:52:53,992 - INFO - phi = [ 0.10068945 -0.04264288 -0.07140505  0.02160413]
2025-12-14 04:52:54,036 - INFO - num_full_subsets = 2
2025-12-14 04:52:54,126 - INFO - phi = [ 0.55921293  0.46501716 -0.10676971  0.33752847]
2025-12-14 04:52:54,171 - INFO - num_full_subsets = 2
2025-12-14 04:52:54,259 - INFO - phi = [-0.17677297 -0.04721703  0.10007025  0.40319606]
2025-12-14 04:52:54,304 - INFO - num_full_subsets = 2
2025-12-14 04:52:54,397 - INFO - phi = [-0.26849884  0.19912137 -0.02723321 -0.44183461]
2025-12-14 04:52:54,443 - INFO - num_full_subsets = 2
2025-12-14 04:52:54,532 - INFO - phi = [-0.32612569 -0.23916984  0.07677157  0.10468453]
2025-12-14 04:52:54,577 - INFO - num_full_subsets = 2
2025-12-14 04:52:54,669 - INFO - phi = [-0.20916509 -0.00726369 -0.0829611   0.1711993 ]
2025-12-14 04:52:54,714 - INFO - num_full_subsets = 2
2025-12-14 04:52:54,805 - INFO - phi = [ 0.08333256  0.30857374 -0.25051854 -0.75990427]
2025-12-14 04:52:54,849 - INFO - num_full_subsets = 2
2025-12-14 04:52:54,937 - INFO - phi = [ 0.56254326  0.16588971 -0.15512584 -1.10457626]
2025-12-14 04:52:54,985 - INFO - num_full_subsets = 2
2025-12-14 04:52:55,075 - INFO - phi = [-0.23101967 -0.4677182  -0.22343618 -0.53436708]
2025-12-14 04:52:55,119 - INFO - num_full_subsets = 2
2025-12-14 04:52:55,209 - INFO - phi = [-0.19118876 -0.45440721  0.45897206 -0.07348224]
2025-12-14 04:52:55,253 - INFO - num_full_subsets = 2
2025-12-14 04:52:55,338 - INFO - phi = [ 0.27767337  0.2025473   0.24214245 -0.42537136]
2025-12-14 04:52:55,383 - INFO - num_full_subsets = 2
2025-12-14 04:52:55,472 - INFO - phi = [ 0.54292149  0.34882188 -0.06296993  0.72712397]
2025-12-14 04:52:55,516 - INFO - num_full_subsets = 2
2025-12-14 04:52:55,603 - INFO - phi = [ 0.60298606  0.04466516 -0.26328456  0.43225292]
2025-12-14 04:52:55,653 - INFO - num_full_subsets = 2
2025-12-14 04:52:55,742 - INFO - phi = [-0.18059905 -0.11608146  0.04133468  0.19508976]
2025-12-14 04:52:55,787 - INFO - num_full_subsets = 2
2025-12-14 04:52:55,874 - INFO - phi = [ 0.17326737  0.31705724  0.16167181 -0.25763952]
2025-12-14 04:52:55,919 - INFO - num_full_subsets = 2
2025-12-14 04:52:56,008 - INFO - phi = [-0.07261346  0.63672814  0.02289217 -0.04518686]
2025-12-14 04:52:56,053 - INFO - num_full_subsets = 2
2025-12-14 04:52:56,142 - INFO - phi = [-0.23149915  0.58020276 -0.12684367  0.47967069]
2025-12-14 04:52:56,186 - INFO - num_full_subsets = 2
2025-12-14 04:52:56,277 - INFO - phi = [ 0.44674155  0.02208985  0.0808549  -0.71171468]
2025-12-14 04:52:56,323 - INFO - num_full_subsets = 2
2025-12-14 04:52:56,415 - INFO - phi = [-0.13482103  0.60099057  0.08655413  0.25706092]
2025-12-14 04:52:56,459 - INFO - num_full_subsets = 2
2025-12-14 04:52:56,550 - INFO - phi = [ 0.14416406  0.30507078 -0.1416825  -0.76737815]
2025-12-14 04:52:56,594 - INFO - num_full_subsets = 2
2025-12-14 04:52:56,682 - INFO - phi = [-0.29320179 -0.38598243 -0.14969856  0.20581462]
2025-12-14 04:52:56,726 - INFO - num_full_subsets = 2
2025-12-14 04:52:56,812 - INFO - phi = [-0.31803322  0.37400134 -0.09289365 -0.29690632]
2025-12-14 04:52:56,857 - INFO - num_full_subsets = 2
2025-12-14 04:52:56,948 - INFO - phi = [-0.32188794 -0.75137744 -0.0578181   0.17985576]
2025-12-14 04:52:56,993 - INFO - num_full_subsets = 2
2025-12-14 04:52:57,086 - INFO - phi = [-0.14816796  0.72541084 -0.08207247  0.40316666]
2025-12-14 04:52:57,132 - INFO - num_full_subsets = 2
2025-12-14 04:52:57,223 - INFO - phi = [ 0.30847631  0.35750972 -0.07669422  0.33787626]
2025-12-14 04:52:57,268 - INFO - num_full_subsets = 2
2025-12-14 04:52:57,359 - INFO - phi = [0.53067891 0.5141703  0.00677456 0.30844091]
2025-12-14 04:52:57,404 - INFO - num_full_subsets = 2
2025-12-14 04:52:57,493 - INFO - phi = [-0.39067822 -0.38284014 -0.08087092 -0.61374494]
2025-12-14 04:52:57,536 - INFO - num_full_subsets = 2
2025-12-14 04:52:57,627 - INFO - phi = [-0.12751266  0.76093706  0.21050931  0.65947156]
2025-12-14 04:52:57,671 - INFO - num_full_subsets = 2
2025-12-14 04:52:57,760 - INFO - phi = [-0.06178619  0.09389752  0.04806214  0.49683806]
2025-12-14 04:52:57,804 - INFO - num_full_subsets = 2
2025-12-14 04:52:57,890 - INFO - phi = [ 0.20791701  0.33756122  0.13507941 -0.54611537]
2025-12-14 04:52:57,934 - INFO - num_full_subsets = 2
2025-12-14 04:52:58,019 - INFO - phi = [-0.32672569 -0.78935339  0.31966436 -0.11619301]
2025-12-14 04:52:58,064 - INFO - num_full_subsets = 2
2025-12-14 04:52:58,153 - INFO - phi = [ 0.07909388  0.53841579 -0.10192917  0.31755099]
2025-12-14 04:52:58,204 - INFO - num_full_subsets = 2
2025-12-14 04:52:58,293 - INFO - phi = [-0.18764661  0.71936988  0.20100057  0.7455793 ]
2025-12-14 04:52:58,338 - INFO - num_full_subsets = 2
2025-12-14 04:52:58,427 - INFO - phi = [-0.37912743 -0.98229276 -0.02315788  0.03321459]
2025-12-14 04:52:58,472 - INFO - num_full_subsets = 2
2025-12-14 04:52:58,564 - INFO - phi = [-0.00937109  0.7456056   0.03575606  0.61904659]
2025-12-14 04:52:58,608 - INFO - num_full_subsets = 2
2025-12-14 04:52:58,694 - INFO - phi = [-0.15515044  0.73043666 -0.06946441  0.21420153]
2025-12-14 04:52:58,738 - INFO - num_full_subsets = 2
2025-12-14 04:52:58,823 - INFO - phi = [-0.38852199 -0.9527016   0.1697115   0.34062853]
2025-12-14 04:52:58,872 - INFO - num_full_subsets = 2
2025-12-14 04:52:58,958 - INFO - phi = [-0.26466121 -0.65391445 -0.24041646 -0.51638233]
2025-12-14 04:52:59,003 - INFO - num_full_subsets = 2
2025-12-14 04:52:59,094 - INFO - phi = [ 0.43077197  0.09593969 -0.13382062  0.64012057]
2025-12-14 04:52:59,139 - INFO - num_full_subsets = 2
2025-12-14 04:52:59,227 - INFO - phi = [-0.36468991 -0.99302041 -0.08396216  0.16493449]
2025-12-14 04:52:59,271 - INFO - num_full_subsets = 2
2025-12-14 04:52:59,363 - INFO - phi = [ 0.06063568  0.30876364 -0.25581594 -0.73411763]
2025-12-14 04:52:59,407 - INFO - num_full_subsets = 2
2025-12-14 04:52:59,504 - INFO - phi = [-0.37502909 -0.52887288 -0.01640735 -0.43326454]
2025-12-14 04:52:59,549 - INFO - num_full_subsets = 2
2025-12-14 04:52:59,643 - INFO - phi = [ 0.55068598  0.49937924 -0.10926198  0.25658416]
2025-12-14 04:52:59,687 - INFO - num_full_subsets = 2
2025-12-14 04:52:59,782 - INFO - phi = [-0.17132167  0.70929965  0.07888395  0.20356186]
2025-12-14 04:52:59,826 - INFO - num_full_subsets = 2
2025-12-14 04:52:59,911 - INFO - phi = [-0.36786848 -0.66527484 -0.04407763 -0.54063776]
2025-12-14 04:52:59,955 - INFO - num_full_subsets = 2
2025-12-14 04:53:00,047 - INFO - phi = [-0.34667405 -0.93893815  0.09868621  0.12074498]
2025-12-14 04:53:00,091 - INFO - num_full_subsets = 2
2025-12-14 04:53:00,189 - INFO - phi = [ 0.19650624  0.25787735  0.17296236 -0.42082783]
2025-12-14 04:53:00,235 - INFO - num_full_subsets = 2
2025-12-14 04:53:00,326 - INFO - phi = [-0.2396062   0.67177164  0.09817275  0.63334015]
2025-12-14 04:53:00,371 - INFO - num_full_subsets = 2
2025-12-14 04:53:00,459 - INFO - phi = [ 0.36979151 -0.18111744  0.12883258 -0.39466183]
2025-12-14 04:53:00,503 - INFO - num_full_subsets = 2
2025-12-14 04:53:00,589 - INFO - phi = [-0.24691415  0.56339451 -0.15029189  0.43126482]
2025-12-14 04:53:00,635 - INFO - num_full_subsets = 2
2025-12-14 04:53:00,724 - INFO - phi = [-0.1657317   0.60096003 -0.07882387  0.08763315]
2025-12-14 04:53:00,767 - INFO - num_full_subsets = 2
2025-12-14 04:53:00,858 - INFO - phi = [ 0.35109846  0.27602906  0.11915695 -0.65300874]
2025-12-14 04:53:00,902 - INFO - num_full_subsets = 2
2025-12-14 04:53:00,993 - INFO - phi = [ 0.0905267   0.28104353 -0.52499061 -0.52353514]
2025-12-14 04:53:01,037 - INFO - num_full_subsets = 2
2025-12-14 04:53:01,126 - INFO - phi = [ 0.20353816  0.21917497  0.18343144 -0.35243865]
2025-12-14 04:53:01,170 - INFO - num_full_subsets = 2
2025-12-14 04:53:01,258 - INFO - phi = [-0.32672569 -0.78935339  0.31966436 -0.11619301]
2025-12-14 04:53:01,301 - INFO - num_full_subsets = 2
2025-12-14 04:53:01,390 - INFO - phi = [-0.17997897  0.64534297 -0.02086241  0.0582683 ]
2025-12-14 04:53:01,438 - INFO - num_full_subsets = 2
2025-12-14 04:53:01,527 - INFO - phi = [-0.17126653  0.3519179   0.09162217 -0.02938564]
2025-12-14 04:53:01,572 - INFO - num_full_subsets = 2
2025-12-14 04:53:01,664 - INFO - phi = [-0.16101075  0.63912258 -0.09243397  0.17948307]
2025-12-14 04:53:01,707 - INFO - num_full_subsets = 2
2025-12-14 04:53:01,797 - INFO - phi = [0.78546615 0.59581892 0.14953721 0.22580116]
2025-12-14 04:53:01,841 - INFO - num_full_subsets = 2
2025-12-14 04:53:01,931 - INFO - phi = [-0.28542312  0.61039096  0.04738162  0.13769434]
2025-12-14 04:53:01,975 - INFO - num_full_subsets = 2
2025-12-14 04:53:02,073 - INFO - phi = [-0.40096208 -0.8294186  -0.05073772 -0.10314089]
2025-12-14 04:53:02,123 - INFO - num_full_subsets = 2
2025-12-14 04:53:02,217 - INFO - phi = [-0.18690724  0.00518702 -0.11567523 -0.82757242]
2025-12-14 04:53:02,263 - INFO - num_full_subsets = 2
2025-12-14 04:53:02,352 - INFO - phi = [-0.04651618  0.68289153  0.19133445  0.63014512]
2025-12-14 04:53:02,396 - INFO - num_full_subsets = 2
2025-12-14 04:53:02,482 - INFO - phi = [-0.31702343 -0.617481   -0.12932773 -0.59335143]
2025-12-14 04:53:02,526 - INFO - num_full_subsets = 2
2025-12-14 04:53:02,612 - INFO - phi = [-0.1479514   0.00998877  0.01069607  0.47879848]
2025-12-14 04:53:02,657 - INFO - num_full_subsets = 2
2025-12-14 04:53:02,749 - INFO - phi = [ 0.26054036  0.10993789 -0.01912592 -0.45880503]
2025-12-14 04:53:02,794 - INFO - num_full_subsets = 2
2025-12-14 04:53:02,878 - INFO - phi = [-0.37287558 -0.62234734 -0.05415643 -0.55908282]
2025-12-14 04:53:02,924 - INFO - num_full_subsets = 2
2025-12-14 04:53:03,014 - INFO - phi = [ 0.15763202  0.25878123 -0.27833021 -0.83670795]
2025-12-14 04:53:03,058 - INFO - num_full_subsets = 2
2025-12-14 04:53:03,144 - INFO - phi = [-0.38145386 -0.75101419 -0.01921518 -0.27231972]
2025-12-14 04:53:03,189 - INFO - num_full_subsets = 2
2025-12-14 04:53:03,277 - INFO - phi = [-0.18449394 -0.04124797  0.04529514  0.17924293]
2025-12-14 04:53:03,320 - INFO - num_full_subsets = 2
2025-12-14 04:53:03,417 - INFO - phi = [ 0.43078     0.51854552 -0.30205495  0.56895379]
2025-12-14 04:53:03,462 - INFO - num_full_subsets = 2
2025-12-14 04:53:03,553 - INFO - phi = [-0.40258368 -0.9660419   0.03337637  0.06481263]
2025-12-14 04:53:03,597 - INFO - num_full_subsets = 2
2025-12-14 04:53:03,685 - INFO - phi = [ 0.60755724  0.37399434  0.03254837 -0.08843964]
2025-12-14 04:53:03,728 - INFO - num_full_subsets = 2
2025-12-14 04:53:03,816 - INFO - phi = [0.89569491 0.09989372 0.40666708 0.25436211]
2025-12-14 04:53:03,860 - INFO - num_full_subsets = 2
2025-12-14 04:53:03,952 - INFO - phi = [ 0.53680428  0.13389431 -0.07234534  0.00170691]
2025-12-14 04:53:03,997 - INFO - num_full_subsets = 2
2025-12-14 04:53:04,093 - INFO - phi = [-0.29486513 -0.636175   -0.19499095 -0.52466502]
2025-12-14 04:53:04,138 - INFO - num_full_subsets = 2
2025-12-14 04:53:04,230 - INFO - phi = [-0.07318348  0.23267803  0.16424048  0.55016651]
2025-12-14 04:53:04,275 - INFO - num_full_subsets = 2
2025-12-14 04:53:04,365 - INFO - phi = [ 0.22743333  0.12597713  0.04954749 -0.64465652]
2025-12-14 04:53:04,409 - INFO - num_full_subsets = 2
2025-12-14 04:53:04,495 - INFO - phi = [-0.32212446 -0.57806142 -0.11402344 -0.73419954]
2025-12-14 04:53:04,539 - INFO - num_full_subsets = 2
2025-12-14 04:53:04,627 - INFO - phi = [-0.31271012 -0.65660886  0.16053736 -0.06264335]
2025-12-14 04:53:04,674 - INFO - num_full_subsets = 2
2025-12-14 04:53:04,762 - INFO - phi = [-0.14713867  0.66205735  0.1812557   0.54331821]
2025-12-14 04:53:04,806 - INFO - num_full_subsets = 2
2025-12-14 04:53:04,897 - INFO - phi = [-0.39463028 -0.7866672   0.15258887  0.2475985 ]
2025-12-14 04:53:04,941 - INFO - num_full_subsets = 2
2025-12-14 04:53:05,032 - INFO - phi = [-0.14420677  0.2589026   0.18410996  0.56706819]
2025-12-14 04:53:05,076 - INFO - num_full_subsets = 2
2025-12-14 04:53:05,162 - INFO - phi = [0.32139992 0.41396567 0.28814864 0.08070539]
2025-12-14 04:53:05,206 - INFO - num_full_subsets = 2
2025-12-14 04:53:05,291 - INFO - phi = [-0.10256016  0.68745807  0.15190733  0.51095523]
2025-12-14 04:53:05,342 - INFO - num_full_subsets = 2
2025-12-14 04:53:05,432 - INFO - phi = [-0.26494941 -0.72625138 -0.23267395 -0.46105231]
2025-12-14 04:53:05,479 - INFO - num_full_subsets = 2
2025-12-14 04:53:05,567 - INFO - phi = [-0.25921418 -0.50155513  0.14193577  0.2053625 ]
2025-12-14 04:53:05,612 - INFO - num_full_subsets = 2
2025-12-14 04:53:05,696 - INFO - phi = [ 0.83740291 -0.31971348 -0.21813577  0.73089544]
2025-12-14 04:53:05,740 - INFO - num_full_subsets = 2
2025-12-14 04:53:05,827 - INFO - phi = [-0.03308689  0.76927283  0.10750561  0.74210212]
2025-12-14 04:53:06,343 - INFO - Computing feature importance...
2025-12-14 04:53:15,001 - INFO - Experiment completed for CNN
2025-12-14 04:53:15,001 - INFO - Total time: 225.16s (3.75 min)
2025-12-14 04:53:15,001 - INFO - Starting comprehensive experiment for CNN
2025-12-14 04:53:24,422 - INFO - Performing feature analysis...
2025-12-14 04:53:25,597 - INFO - Model justification: Fast 1D Convolutional Neural Network - perfect for tabular features with local patterns
2025-12-14 04:53:25,597 - INFO - Performing robust cross-validation...
2025-12-14 04:53:44,686 - INFO - CV Results - MSE: 2.2571 ± 0.2792
2025-12-14 04:53:44,686 - INFO - Starting hyperparameter optimization...
2025-12-14 04:56:32,818 - INFO - Best parameters for CNN: {'filters': 27, 'kernel_size': 3, 'dense_units': 45, 'lr': 0.021750339569006696, 'epochs': 82}
2025-12-14 04:56:32,818 - INFO - ⏱️ HPO took 168.13 seconds
2025-12-14 04:56:32,818 - INFO - Training final model...
2025-12-14 04:56:35,247 - INFO - ⏱️ Training took 2.43 seconds
2025-12-14 04:56:35,247 - INFO - Performing residual analysis...
2025-12-14 04:56:36,289 - INFO - Generating XAI explanations...
2025-12-14 04:56:36,327 - WARNING - Using 168 background data samples could cause slower run times. Consider using shap.sample(data, K) or shap.kmeans(data, K) to summarize the background as K samples.
2025-12-14 04:56:36,374 - INFO - num_full_subsets = 2
2025-12-14 04:56:36,463 - INFO - phi = [ 0.22733114  0.3088457  -0.03296894  0.20302946]
2025-12-14 04:56:36,509 - INFO - num_full_subsets = 2
2025-12-14 04:56:36,594 - INFO - phi = [0.15073255 0.30926045 0.05845416 0.20589572]
2025-12-14 04:56:36,644 - INFO - num_full_subsets = 2
2025-12-14 04:56:36,737 - INFO - phi = [-0.15464324  0.8606761   0.19192993  0.14107878]
2025-12-14 04:56:36,791 - INFO - num_full_subsets = 2
2025-12-14 04:56:36,882 - INFO - phi = [0.04431686 0.93617617 0.28083757 0.42860418]
2025-12-14 04:56:36,929 - INFO - num_full_subsets = 2
2025-12-14 04:56:37,015 - INFO - phi = [ 0.02285038  0.7781029  -0.09205794  0.13134424]
2025-12-14 04:56:37,062 - INFO - num_full_subsets = 2
2025-12-14 04:56:37,151 - INFO - phi = [ 0.04644015  0.46899179  0.08689762 -0.43820239]
2025-12-14 04:56:37,198 - INFO - num_full_subsets = 2
2025-12-14 04:56:37,283 - INFO - phi = [ 0.03563871  0.81835428  0.1377312  -0.00238956]
2025-12-14 04:56:37,331 - INFO - num_full_subsets = 2
2025-12-14 04:56:37,424 - INFO - phi = [ 0.06328872  0.38993746 -0.07622812 -0.19990284]
2025-12-14 04:56:37,472 - INFO - num_full_subsets = 2
2025-12-14 04:56:37,558 - INFO - phi = [-0.18288588  0.4607069   0.07821739 -0.34712747]
2025-12-14 04:56:37,605 - INFO - num_full_subsets = 2
2025-12-14 04:56:37,694 - INFO - phi = [-0.37138963 -0.69654133 -0.17527131  0.15324365]
2025-12-14 04:56:37,741 - INFO - num_full_subsets = 2
2025-12-14 04:56:37,830 - INFO - phi = [-0.09171086  0.57933032 -0.06260892  0.23545284]
2025-12-14 04:56:37,877 - INFO - num_full_subsets = 2
2025-12-14 04:56:37,965 - INFO - phi = [ 0.08026896  0.22233217 -0.06417058 -0.2726841 ]
2025-12-14 04:56:38,018 - INFO - num_full_subsets = 2
2025-12-14 04:56:38,102 - INFO - phi = [ 0.24060358  0.52080571 -0.33271352  0.2365789 ]
2025-12-14 04:56:38,148 - INFO - num_full_subsets = 2
2025-12-14 04:56:38,238 - INFO - phi = [-0.03953551 -0.00793821 -0.13778044  0.16962373]
2025-12-14 04:56:38,285 - INFO - num_full_subsets = 2
2025-12-14 04:56:38,372 - INFO - phi = [-0.18194822  0.73046428  0.03333495  0.25647263]
2025-12-14 04:56:38,418 - INFO - num_full_subsets = 2
2025-12-14 04:56:38,504 - INFO - phi = [ 0.61520337  0.61042539 -0.08620528 -0.0465756 ]
2025-12-14 04:56:38,551 - INFO - num_full_subsets = 2
2025-12-14 04:56:38,647 - INFO - phi = [-0.448977   -0.99052902  0.13920506 -0.26953799]
2025-12-14 04:56:38,694 - INFO - num_full_subsets = 2
2025-12-14 04:56:38,779 - INFO - phi = [-0.44397594 -1.00971981 -0.07167584 -0.08817616]
2025-12-14 04:56:38,826 - INFO - num_full_subsets = 2
2025-12-14 04:56:38,910 - INFO - phi = [-0.06700455  0.67734802  0.21266024  0.22336542]
2025-12-14 04:56:38,957 - INFO - num_full_subsets = 2
2025-12-14 04:56:39,040 - INFO - phi = [ 0.17439008  0.68462508 -0.29634238  0.30705155]
2025-12-14 04:56:39,087 - INFO - num_full_subsets = 2
2025-12-14 04:56:39,175 - INFO - phi = [-0.40374579 -1.1298519  -0.03018954  0.04823762]
2025-12-14 04:56:39,222 - INFO - num_full_subsets = 2
2025-12-14 04:56:39,312 - INFO - phi = [-0.11664484  0.82101955 -0.10150931  0.23492227]
2025-12-14 04:56:39,359 - INFO - num_full_subsets = 2
2025-12-14 04:56:39,445 - INFO - phi = [-0.430818   -0.94436544  0.00232236 -0.24083818]
2025-12-14 04:56:39,492 - INFO - num_full_subsets = 2
2025-12-14 04:56:39,577 - INFO - phi = [-0.43037601 -1.10531649  0.08797435 -0.1695301 ]
2025-12-14 04:56:39,624 - INFO - num_full_subsets = 2
2025-12-14 04:56:39,712 - INFO - phi = [0.59342052 0.5998909  0.24632824 0.27612873]
2025-12-14 04:56:39,759 - INFO - num_full_subsets = 2
2025-12-14 04:56:39,847 - INFO - phi = [0.67466019 0.34666984 0.02649953 0.27805484]
2025-12-14 04:56:39,893 - INFO - num_full_subsets = 2
2025-12-14 04:56:39,987 - INFO - phi = [ 0.11836406  0.25012339 -0.07987083 -0.21763221]
2025-12-14 04:56:40,035 - INFO - num_full_subsets = 2
2025-12-14 04:56:40,123 - INFO - phi = [0.21256279 0.39350959 0.07039523 0.29748426]
2025-12-14 04:56:40,170 - INFO - num_full_subsets = 2
2025-12-14 04:56:40,260 - INFO - phi = [-0.34213684 -0.78206686  0.08170567 -0.30186786]
2025-12-14 04:56:40,307 - INFO - num_full_subsets = 2
2025-12-14 04:56:40,394 - INFO - phi = [-0.3789784  -1.22430168 -0.00918843  0.11661896]
2025-12-14 04:56:40,440 - INFO - num_full_subsets = 2
2025-12-14 04:56:40,525 - INFO - phi = [-0.44979174 -1.02593183 -0.0658518  -0.11006284]
2025-12-14 04:56:40,576 - INFO - num_full_subsets = 2
2025-12-14 04:56:40,663 - INFO - phi = [-0.29926185 -0.25896399 -0.12641705 -0.02569685]
2025-12-14 04:56:40,710 - INFO - num_full_subsets = 2
2025-12-14 04:56:40,798 - INFO - phi = [ 0.20851545  0.30934069 -0.09332316  0.12390347]
2025-12-14 04:56:40,845 - INFO - num_full_subsets = 2
2025-12-14 04:56:40,930 - INFO - phi = [-0.32157104 -0.23769587 -0.37694493  0.15655286]
2025-12-14 04:56:40,978 - INFO - num_full_subsets = 2
2025-12-14 04:56:41,067 - INFO - phi = [ 0.03489842  0.39781204 -0.10526284 -0.29768029]
2025-12-14 04:56:41,113 - INFO - num_full_subsets = 2
2025-12-14 04:56:41,197 - INFO - phi = [-0.19271999  0.0289354  -0.00071996  0.03116614]
2025-12-14 04:56:41,250 - INFO - num_full_subsets = 2
2025-12-14 04:56:41,336 - INFO - phi = [ 0.6510607   0.51020879  0.01713092 -0.12477334]
2025-12-14 04:56:41,383 - INFO - num_full_subsets = 2
2025-12-14 04:56:41,473 - INFO - phi = [ 0.19873032  0.14986992  0.07802138 -0.19435371]
2025-12-14 04:56:41,522 - INFO - num_full_subsets = 2
2025-12-14 04:56:41,606 - INFO - phi = [-0.30268632 -1.084304    0.16956388 -0.00708501]
2025-12-14 04:56:41,653 - INFO - num_full_subsets = 2
2025-12-14 04:56:41,740 - INFO - phi = [-0.4048007  -1.07721221 -0.128868   -0.29262114]
2025-12-14 04:56:41,787 - INFO - num_full_subsets = 2
2025-12-14 04:56:41,877 - INFO - phi = [-0.38421292 -1.22119749  0.0859067  -0.00878937]
2025-12-14 04:56:41,923 - INFO - num_full_subsets = 2
2025-12-14 04:56:42,010 - INFO - phi = [0.01528227 0.11437119 0.11816769 0.15486739]
2025-12-14 04:56:42,056 - INFO - num_full_subsets = 2
2025-12-14 04:56:42,146 - INFO - phi = [-0.46006083 -1.0217338   0.03431624 -0.32417401]
2025-12-14 04:56:42,194 - INFO - num_full_subsets = 2
2025-12-14 04:56:42,282 - INFO - phi = [-0.30938884 -0.67919147  0.11375901 -0.28381235]
2025-12-14 04:56:42,329 - INFO - num_full_subsets = 2
2025-12-14 04:56:42,416 - INFO - phi = [ 0.20291014  0.2847244  -0.10256601 -0.29351215]
2025-12-14 04:56:42,462 - INFO - num_full_subsets = 2
2025-12-14 04:56:42,559 - INFO - phi = [ 0.08586697  0.32402891  0.08555247 -0.45235581]
2025-12-14 04:56:42,607 - INFO - num_full_subsets = 2
2025-12-14 04:56:42,692 - INFO - phi = [ 0.80853249 -0.06961242 -0.25955883  0.15786564]
2025-12-14 04:56:42,739 - INFO - num_full_subsets = 2
2025-12-14 04:56:42,824 - INFO - phi = [-0.35560028 -1.24804265 -0.05134168 -0.12393742]
2025-12-14 04:56:42,872 - INFO - num_full_subsets = 2
2025-12-14 04:56:42,956 - INFO - phi = [ 0.02164739  0.4221345   0.08120518 -0.33174446]
2025-12-14 04:56:43,004 - INFO - num_full_subsets = 2
2025-12-14 04:56:43,088 - INFO - phi = [-0.32343077 -0.91571398  0.10629735 -0.21046648]
2025-12-14 04:56:43,134 - INFO - num_full_subsets = 2
2025-12-14 04:56:43,231 - INFO - phi = [0.01345515 0.55557976 0.01118337 0.23326691]
2025-12-14 04:56:43,279 - INFO - num_full_subsets = 2
2025-12-14 04:56:43,367 - INFO - phi = [ 0.19666652  0.28301957 -0.09809339 -0.30017842]
2025-12-14 04:56:43,413 - INFO - num_full_subsets = 2
2025-12-14 04:56:43,502 - INFO - phi = [ 0.13213556  0.471244    0.02929808 -0.15873174]
2025-12-14 04:56:43,550 - INFO - num_full_subsets = 2
2025-12-14 04:56:43,637 - INFO - phi = [-0.4067228  -0.8903683  -0.15894798  0.13930482]
2025-12-14 04:56:43,685 - INFO - num_full_subsets = 2
2025-12-14 04:56:43,771 - INFO - phi = [-0.01906038  0.43373995  0.34564527  0.28599279]
2025-12-14 04:56:43,823 - INFO - num_full_subsets = 2
2025-12-14 04:56:43,911 - INFO - phi = [ 1.046077   -0.22292624  0.3151659   0.16807033]
2025-12-14 04:56:43,957 - INFO - num_full_subsets = 2
2025-12-14 04:56:44,047 - INFO - phi = [-0.13778077  0.65249035 -0.09567391  0.27328067]
2025-12-14 04:56:44,095 - INFO - num_full_subsets = 2
2025-12-14 04:56:44,179 - INFO - phi = [ 0.03275087  0.33178143 -0.03924308 -0.33897869]
2025-12-14 04:56:44,225 - INFO - num_full_subsets = 2
2025-12-14 04:56:44,308 - INFO - phi = [-0.02458648  0.43365507  0.07368424 -0.36259291]
2025-12-14 04:56:44,355 - INFO - num_full_subsets = 2
2025-12-14 04:56:44,438 - INFO - phi = [-0.15845583  0.29156567 -0.29589799  0.33146814]
2025-12-14 04:56:44,492 - INFO - num_full_subsets = 2
2025-12-14 04:56:44,578 - INFO - phi = [-0.46602719 -0.86979702 -0.04324204 -0.31511348]
2025-12-14 04:56:44,626 - INFO - num_full_subsets = 2
2025-12-14 04:56:44,709 - INFO - phi = [0.72690478 0.49702838 0.14707342 0.38355538]
2025-12-14 04:56:44,755 - INFO - num_full_subsets = 2
2025-12-14 04:56:44,839 - INFO - phi = [ 0.1841298   0.26376223 -0.03593884 -0.410767  ]
2025-12-14 04:56:44,887 - INFO - num_full_subsets = 2
2025-12-14 04:56:44,977 - INFO - phi = [0.71977506 0.06803538 0.07714605 0.23379081]
2025-12-14 04:56:45,027 - INFO - num_full_subsets = 2
2025-12-14 04:56:45,127 - INFO - phi = [-0.4335428  -0.88335771  0.01966061 -0.26195962]
2025-12-14 04:56:45,177 - INFO - num_full_subsets = 2
2025-12-14 04:56:45,266 - INFO - phi = [0.13796374 0.60258338 0.08362243 0.35380187]
2025-12-14 04:56:45,313 - INFO - num_full_subsets = 2
2025-12-14 04:56:45,400 - INFO - phi = [-0.40226641 -1.14443516  0.1243833  -0.02670039]
2025-12-14 04:56:45,447 - INFO - num_full_subsets = 2
2025-12-14 04:56:45,532 - INFO - phi = [-0.27261272 -0.41121525  0.09344475 -0.37487438]
2025-12-14 04:56:45,578 - INFO - num_full_subsets = 2
2025-12-14 04:56:45,664 - INFO - phi = [-0.05506985  0.57596356  0.28919223  0.03622854]
2025-12-14 04:56:45,709 - INFO - num_full_subsets = 2
2025-12-14 04:56:45,798 - INFO - phi = [-0.13778077  0.65249035 -0.09567391  0.27328067]
2025-12-14 04:56:45,845 - INFO - num_full_subsets = 2
2025-12-14 04:56:45,933 - INFO - phi = [-0.20743482 -0.04530404 -0.15684832  0.19595346]
2025-12-14 04:56:45,979 - INFO - num_full_subsets = 2
2025-12-14 04:56:46,068 - INFO - phi = [0.92340003 0.5091681  0.42914388 0.34828141]
2025-12-14 04:56:46,116 - INFO - num_full_subsets = 2
2025-12-14 04:56:46,205 - INFO - phi = [0.21211122 0.63845436 0.15585715 0.38414368]
2025-12-14 04:56:46,252 - INFO - num_full_subsets = 2
2025-12-14 04:56:46,341 - INFO - phi = [-0.42955793 -1.29012365  0.11386996  0.06085283]
2025-12-14 04:56:46,388 - INFO - num_full_subsets = 2
2025-12-14 04:56:46,485 - INFO - phi = [-0.06444612  0.58713956  0.01575534  0.19066079]
2025-12-14 04:56:46,532 - INFO - num_full_subsets = 2
2025-12-14 04:56:46,624 - INFO - phi = [ 0.58933977 -0.02831015 -0.1614007   0.15562439]
2025-12-14 04:56:46,671 - INFO - num_full_subsets = 2
2025-12-14 04:56:46,762 - INFO - phi = [-0.1863766  -0.55522323  0.02404505  0.27936222]
2025-12-14 04:56:46,809 - INFO - num_full_subsets = 2
2025-12-14 04:56:46,897 - INFO - phi = [ 0.69159101  0.59324561 -0.24014698  0.16708142]
2025-12-14 04:56:46,945 - INFO - num_full_subsets = 2
2025-12-14 04:56:47,034 - INFO - phi = [ 0.19371135  0.28327292  0.05699134 -0.52134915]
2025-12-14 04:56:47,086 - INFO - num_full_subsets = 2
2025-12-14 04:56:47,175 - INFO - phi = [-0.39289024 -0.8668648  -0.10706293  0.05617781]
2025-12-14 04:56:47,224 - INFO - num_full_subsets = 2
2025-12-14 04:56:47,308 - INFO - phi = [0.89342295 0.50002261 0.21027736 0.2289011 ]
2025-12-14 04:56:47,355 - INFO - num_full_subsets = 2
2025-12-14 04:56:47,437 - INFO - phi = [-0.12565568  0.46509812  0.04817893 -0.46191923]
2025-12-14 04:56:47,482 - INFO - num_full_subsets = 2
2025-12-14 04:56:47,565 - INFO - phi = [ 0.21987686  0.22722034 -0.0827642  -0.07770278]
2025-12-14 04:56:47,610 - INFO - num_full_subsets = 2
2025-12-14 04:56:47,693 - INFO - phi = [-0.19408252  0.31248662 -0.20065166  0.20005834]
2025-12-14 04:56:47,745 - INFO - num_full_subsets = 2
2025-12-14 04:56:47,832 - INFO - phi = [-0.31497513 -0.92624017  0.02829358 -0.10858199]
2025-12-14 04:56:47,878 - INFO - num_full_subsets = 2
2025-12-14 04:56:47,963 - INFO - phi = [-0.3424105  -1.06110624  0.05673838 -0.32866273]
2025-12-14 04:56:48,011 - INFO - num_full_subsets = 2
2025-12-14 04:56:48,096 - INFO - phi = [-0.13516979  0.41095627  0.21208864  0.37066594]
2025-12-14 04:56:48,143 - INFO - num_full_subsets = 2
2025-12-14 04:56:48,231 - INFO - phi = [-0.01386919  0.03277578  0.13880852  0.23302892]
2025-12-14 04:56:48,276 - INFO - num_full_subsets = 2
2025-12-14 04:56:48,367 - INFO - phi = [-0.16226556  0.14472955  0.07840793 -0.64068964]
2025-12-14 04:56:48,415 - INFO - num_full_subsets = 2
2025-12-14 04:56:48,502 - INFO - phi = [-0.48479092 -0.80275661 -0.09807268 -0.24234137]
2025-12-14 04:56:48,548 - INFO - num_full_subsets = 2
2025-12-14 04:56:48,638 - INFO - phi = [ 0.6510607   0.51020879  0.01713092 -0.12477334]
2025-12-14 04:56:48,685 - INFO - num_full_subsets = 2
2025-12-14 04:56:48,775 - INFO - phi = [0.78422314 0.33450968 0.16977896 0.35894492]
2025-12-14 04:56:48,821 - INFO - num_full_subsets = 2
2025-12-14 04:56:48,902 - INFO - phi = [-0.42195984 -1.08364451  0.0439378  -0.28263007]
2025-12-14 04:56:48,948 - INFO - num_full_subsets = 2
2025-12-14 04:56:49,039 - INFO - phi = [0.04068274 0.51285444 0.1203821  0.2842717 ]
2025-12-14 04:56:49,086 - INFO - num_full_subsets = 2
2025-12-14 04:56:49,174 - INFO - phi = [-0.40051306 -0.84133678 -0.01749737  0.2059775 ]
2025-12-14 04:56:49,220 - INFO - num_full_subsets = 2
2025-12-14 04:56:49,308 - INFO - phi = [-0.4627761  -0.99309969 -0.18047505 -0.27980922]
2025-12-14 04:56:49,354 - INFO - num_full_subsets = 2
2025-12-14 04:56:49,437 - INFO - phi = [ 0.1110719  -0.01057792  0.09671923 -0.08661483]
2025-12-14 04:56:49,483 - INFO - num_full_subsets = 2
2025-12-14 04:56:49,568 - INFO - phi = [ 0.06593521  0.33362868  0.10843514 -0.30521396]
2025-12-14 04:56:49,613 - INFO - num_full_subsets = 2
2025-12-14 04:56:49,705 - INFO - phi = [ 0.41841326  0.14087917 -0.16557458 -0.05860213]
2025-12-14 04:56:49,752 - INFO - num_full_subsets = 2
2025-12-14 04:56:49,838 - INFO - phi = [-0.38070276 -1.04607025 -0.02312818 -0.33484064]
2025-12-14 04:56:49,885 - INFO - num_full_subsets = 2
2025-12-14 04:56:49,971 - INFO - phi = [ 0.6165128   0.48939235 -0.31217524  0.19758837]
2025-12-14 04:56:50,017 - INFO - num_full_subsets = 2
2025-12-14 04:56:50,106 - INFO - phi = [ 7.01095613e-04  7.04892778e-01 -2.27240704e-01  2.67169620e-01]
2025-12-14 04:56:50,151 - INFO - num_full_subsets = 2
2025-12-14 04:56:50,239 - INFO - phi = [ 0.02285038  0.7781029  -0.09205794  0.13134424]
2025-12-14 04:56:50,290 - INFO - num_full_subsets = 2
2025-12-14 04:56:50,374 - INFO - phi = [-0.42116601 -1.22350037  0.0909385   0.107552  ]
2025-12-14 04:56:50,421 - INFO - num_full_subsets = 2
2025-12-14 04:56:50,504 - INFO - phi = [-0.43074754 -0.72986948 -0.07443775 -0.183373  ]
2025-12-14 04:56:50,550 - INFO - num_full_subsets = 2
2025-12-14 04:56:50,635 - INFO - phi = [ 0.68463574  0.60700941 -0.16444844  0.24672475]
2025-12-14 04:56:50,682 - INFO - num_full_subsets = 2
2025-12-14 04:56:50,766 - INFO - phi = [0.65481981 0.17809727 0.02084071 0.01524986]
2025-12-14 04:56:50,812 - INFO - num_full_subsets = 2
2025-12-14 04:56:50,895 - INFO - phi = [-0.45961023 -0.91607186 -0.14453745 -0.30615302]
2025-12-14 04:56:50,947 - INFO - num_full_subsets = 2
2025-12-14 04:56:51,030 - INFO - phi = [-0.19647943  0.30650357  0.0679041  -0.24077175]
2025-12-14 04:56:51,075 - INFO - num_full_subsets = 2
2025-12-14 04:56:51,164 - INFO - phi = [0.39724418 0.793537   0.14123601 0.43613367]
2025-12-14 04:56:51,209 - INFO - num_full_subsets = 2
2025-12-14 04:56:51,290 - INFO - phi = [-0.15647355  0.52150673 -0.36367366  0.07999562]
2025-12-14 04:56:51,336 - INFO - num_full_subsets = 2
2025-12-14 04:56:51,420 - INFO - phi = [0.89342295 0.50002261 0.21027736 0.2289011 ]
2025-12-14 04:56:51,466 - INFO - num_full_subsets = 2
2025-12-14 04:56:51,556 - INFO - phi = [0.32434286 0.24105867 0.05922044 0.3301453 ]
2025-12-14 04:56:51,603 - INFO - num_full_subsets = 2
2025-12-14 04:56:51,688 - INFO - phi = [ 0.69128519  0.52780236 -0.22077696  0.20953277]
2025-12-14 04:56:51,733 - INFO - num_full_subsets = 2
2025-12-14 04:56:51,817 - INFO - phi = [ 0.58933977 -0.02831015 -0.1614007   0.15562439]
2025-12-14 04:56:51,863 - INFO - num_full_subsets = 2
2025-12-14 04:56:51,944 - INFO - phi = [-0.3339658  -0.79434765  0.13886238 -0.29640536]
2025-12-14 04:56:51,988 - INFO - num_full_subsets = 2
2025-12-14 04:56:52,075 - INFO - phi = [ 0.05043429  0.30368932  0.04432889 -0.50485032]
2025-12-14 04:56:52,120 - INFO - num_full_subsets = 2
2025-12-14 04:56:52,209 - INFO - phi = [-0.23126986 -0.43539417  0.19439965 -0.5060409 ]
2025-12-14 04:56:52,254 - INFO - num_full_subsets = 2
2025-12-14 04:56:52,337 - INFO - phi = [-0.29841147 -1.0599058   0.10821103  0.25221844]
2025-12-14 04:56:52,383 - INFO - num_full_subsets = 2
2025-12-14 04:56:52,469 - INFO - phi = [0.56364209 0.72213317 0.12139494 0.41052166]
2025-12-14 04:56:52,514 - INFO - num_full_subsets = 2
2025-12-14 04:56:52,600 - INFO - phi = [ 0.16589279  0.48918907  0.03086992 -0.36740973]
2025-12-14 04:56:52,644 - INFO - num_full_subsets = 2
2025-12-14 04:56:52,727 - INFO - phi = [-0.02851878  0.77305746 -0.13249615  0.22445148]
2025-12-14 04:56:52,772 - INFO - num_full_subsets = 2
2025-12-14 04:56:52,865 - INFO - phi = [-0.15046434  0.7486378   0.03540784  0.22004977]
2025-12-14 04:56:52,911 - INFO - num_full_subsets = 2
2025-12-14 04:56:52,997 - INFO - phi = [-0.32612778 -0.58524854  0.0640885  -0.12218072]
2025-12-14 04:56:53,042 - INFO - num_full_subsets = 2
2025-12-14 04:56:53,128 - INFO - phi = [-0.41890829 -0.8346601   0.16618223 -0.02671711]
2025-12-14 04:56:53,173 - INFO - num_full_subsets = 2
2025-12-14 04:56:53,255 - INFO - phi = [-0.1905843   0.22157436  0.10848626 -0.19147512]
2025-12-14 04:56:53,299 - INFO - num_full_subsets = 2
2025-12-14 04:56:53,380 - INFO - phi = [-0.47338314 -0.89496056 -0.09567932 -0.17588035]
2025-12-14 04:56:53,430 - INFO - num_full_subsets = 2
2025-12-14 04:56:53,511 - INFO - phi = [0.56109716 0.81654003 0.25133036 0.42012861]
2025-12-14 04:56:53,556 - INFO - num_full_subsets = 2
2025-12-14 04:56:53,643 - INFO - phi = [ 0.32429999 -0.02028221 -0.07872719 -0.2439208 ]
2025-12-14 04:56:53,688 - INFO - num_full_subsets = 2
2025-12-14 04:56:53,769 - INFO - phi = [-0.4098404  -1.12171989  0.10820844 -0.07601151]
2025-12-14 04:56:53,815 - INFO - num_full_subsets = 2
2025-12-14 04:56:53,903 - INFO - phi = [ 0.17826766  0.35271314  0.11750314 -0.2706591 ]
2025-12-14 04:56:53,949 - INFO - num_full_subsets = 2
2025-12-14 04:56:54,031 - INFO - phi = [-0.01894747  0.6524004  -0.14505535  0.24596603]
2025-12-14 04:56:54,082 - INFO - num_full_subsets = 2
2025-12-14 04:56:54,171 - INFO - phi = [-0.05623193  0.57912185 -0.06939038  0.31291992]
2025-12-14 04:56:54,216 - INFO - num_full_subsets = 2
2025-12-14 04:56:54,296 - INFO - phi = [-0.09992209  0.04041908 -0.13967727  0.27682968]
2025-12-14 04:56:54,342 - INFO - num_full_subsets = 2
2025-12-14 04:56:54,429 - INFO - phi = [-0.11080252  0.64363323 -0.16592381  0.24670437]
2025-12-14 04:56:54,473 - INFO - num_full_subsets = 2
2025-12-14 04:56:54,553 - INFO - phi = [-0.45327068 -1.12945161  0.12694197  0.02821241]
2025-12-14 04:56:54,597 - INFO - num_full_subsets = 2
2025-12-14 04:56:54,684 - INFO - phi = [ 0.89707847  0.43487974  0.20453496 -0.08302909]
2025-12-14 04:56:54,730 - INFO - num_full_subsets = 2
2025-12-14 04:56:54,814 - INFO - phi = [ 0.02784504  0.49543633  0.07475006 -0.3647133 ]
2025-12-14 04:56:54,859 - INFO - num_full_subsets = 2
2025-12-14 04:56:54,942 - INFO - phi = [0.77228322 0.37163341 0.15445385 0.25243895]
2025-12-14 04:56:54,988 - INFO - num_full_subsets = 2
2025-12-14 04:56:55,075 - INFO - phi = [-0.08620778  0.34114656  0.1741444  -0.95434692]
2025-12-14 04:56:55,120 - INFO - num_full_subsets = 2
2025-12-14 04:56:55,209 - INFO - phi = [-0.3789555  -1.00665403 -0.03815754 -0.34241506]
2025-12-14 04:56:55,254 - INFO - num_full_subsets = 2
2025-12-14 04:56:55,350 - INFO - phi = [-0.15929719  0.59806235  0.01894337  0.14782345]
2025-12-14 04:56:55,397 - INFO - num_full_subsets = 2
2025-12-14 04:56:55,479 - INFO - phi = [0.31876103 0.70604553 0.07194099 0.38039197]
2025-12-14 04:56:55,523 - INFO - num_full_subsets = 2
2025-12-14 04:56:55,610 - INFO - phi = [-0.08375191  0.4344764  -0.16523038  0.32825411]
2025-12-14 04:56:55,654 - INFO - num_full_subsets = 2
2025-12-14 04:56:55,736 - INFO - phi = [-0.20187902  0.22556606 -0.08330656  0.34237542]
2025-12-14 04:56:55,780 - INFO - num_full_subsets = 2
2025-12-14 04:56:55,863 - INFO - phi = [0.30622721 0.48782441 0.06734171 0.31798332]
2025-12-14 04:56:55,907 - INFO - num_full_subsets = 2
2025-12-14 04:56:55,998 - INFO - phi = [-0.15647355  0.52150673 -0.36367366  0.07999562]
2025-12-14 04:56:56,044 - INFO - num_full_subsets = 2
2025-12-14 04:56:56,131 - INFO - phi = [ 5.71709730e-01 -3.14834878e-01 -4.77754821e-04  6.44001599e-02]
2025-12-14 04:56:56,177 - INFO - num_full_subsets = 2
2025-12-14 04:56:56,260 - INFO - phi = [0.30278828 0.17901421 0.02096288 0.16829785]
2025-12-14 04:56:56,305 - INFO - num_full_subsets = 2
2025-12-14 04:56:56,394 - INFO - phi = [-0.09142291  0.79972676  0.24865653  0.3826617 ]
2025-12-14 04:56:56,439 - INFO - num_full_subsets = 2
2025-12-14 04:56:56,522 - INFO - phi = [-0.42673716 -0.65822928 -0.16407859 -0.30060093]
2025-12-14 04:56:56,573 - INFO - num_full_subsets = 2
2025-12-14 04:56:56,657 - INFO - phi = [ 0.6243669  -0.38544393 -0.01955756 -0.22040963]
2025-12-14 04:56:56,704 - INFO - num_full_subsets = 2
2025-12-14 04:56:56,792 - INFO - phi = [-0.07355058  0.62820194  0.0428186   0.21761741]
2025-12-14 04:56:56,837 - INFO - num_full_subsets = 2
2025-12-14 04:56:56,925 - INFO - phi = [0.07861574 0.3340198  0.07816569 0.18001309]
2025-12-14 04:56:56,969 - INFO - num_full_subsets = 2
2025-12-14 04:56:57,054 - INFO - phi = [-0.24346771  0.19643256 -0.03138632  0.12721651]
2025-12-14 04:56:57,099 - INFO - num_full_subsets = 2
2025-12-14 04:56:57,185 - INFO - phi = [-0.43942555 -1.02934132 -0.09780634 -0.03825986]
2025-12-14 04:56:57,237 - INFO - num_full_subsets = 2
2025-12-14 04:56:57,322 - INFO - phi = [-0.42576316 -0.6011234  -0.18877068 -0.37748128]
2025-12-14 04:56:57,369 - INFO - num_full_subsets = 2
2025-12-14 04:56:57,454 - INFO - phi = [ 0.24424446  0.15263438 -0.10815605 -0.08523558]
2025-12-14 04:56:57,500 - INFO - num_full_subsets = 2
2025-12-14 04:56:57,588 - INFO - phi = [ 0.0443862   0.30688088  0.10889209 -0.2309268 ]
2025-12-14 04:56:57,632 - INFO - num_full_subsets = 2
2025-12-14 04:56:57,717 - INFO - phi = [-0.32376849 -0.03813463 -0.18911643 -0.3786927 ]
2025-12-14 04:56:57,761 - INFO - num_full_subsets = 2
2025-12-14 04:56:57,852 - INFO - phi = [-0.21656425  0.77943321 -0.10643943 -0.38019489]
2025-12-14 04:56:57,897 - INFO - num_full_subsets = 2
2025-12-14 04:56:57,981 - INFO - phi = [-0.25286852  0.16907981  0.14746291  0.27536399]
2025-12-14 04:56:58,027 - INFO - num_full_subsets = 2
2025-12-14 04:56:58,115 - INFO - phi = [-0.22541477  0.14060452 -0.12183239  0.09821564]
2025-12-14 04:56:58,159 - INFO - num_full_subsets = 2
2025-12-14 04:56:58,247 - INFO - phi = [-0.20743482 -0.04530404 -0.15684832  0.19595346]
2025-12-14 04:56:58,293 - INFO - num_full_subsets = 2
2025-12-14 04:56:58,379 - INFO - phi = [ 0.21414157  0.36312117 -0.10922036 -0.23415108]
2025-12-14 04:56:58,424 - INFO - num_full_subsets = 2
2025-12-14 04:56:58,515 - INFO - phi = [-0.41408553 -1.05783331 -0.18115645 -0.26043724]
2025-12-14 04:56:58,560 - INFO - num_full_subsets = 2
2025-12-14 04:56:58,641 - INFO - phi = [-0.40400897 -0.85974877 -0.15159031  0.14334529]
2025-12-14 04:56:58,685 - INFO - num_full_subsets = 2
2025-12-14 04:56:58,772 - INFO - phi = [-0.43516916 -1.1420142   0.14201847  0.09601845]
2025-12-14 04:56:59,283 - INFO - Computing feature importance...
2025-12-14 04:57:06,715 - INFO - Experiment completed for CNN
2025-12-14 04:57:06,715 - INFO - Total time: 231.33s (3.86 min)
2025-12-14 04:57:06,715 - INFO - Starting comprehensive experiment for CNN
2025-12-14 04:57:15,032 - INFO - Performing feature analysis...
2025-12-14 04:57:16,208 - INFO - Model justification: Fast 1D Convolutional Neural Network - perfect for tabular features with local patterns
2025-12-14 04:57:16,208 - INFO - Performing robust cross-validation...
2025-12-14 04:57:35,642 - INFO - CV Results - MSE: 2.2036 ± 0.3120
2025-12-14 04:57:35,642 - INFO - Starting hyperparameter optimization...
2025-12-14 05:01:02,743 - INFO - Best parameters for CNN: {'filters': 50, 'kernel_size': 3, 'dense_units': 36, 'lr': 0.0038860281412326863, 'epochs': 89}
2025-12-14 05:01:02,743 - INFO - ⏱️ HPO took 207.10 seconds
2025-12-14 05:01:02,743 - INFO - Training final model...
2025-12-14 05:01:05,824 - INFO - ⏱️ Training took 3.08 seconds
2025-12-14 05:01:05,824 - INFO - Performing residual analysis...
2025-12-14 05:01:07,173 - INFO - Generating XAI explanations...
2025-12-14 05:01:07,540 - WARNING - Using 168 background data samples could cause slower run times. Consider using shap.sample(data, K) or shap.kmeans(data, K) to summarize the background as K samples.
2025-12-14 05:01:07,771 - INFO - num_full_subsets = 2
2025-12-14 05:01:07,892 - INFO - phi = [-0.21175757 -0.72789029  0.09625469 -0.16892624]
2025-12-14 05:01:07,936 - INFO - num_full_subsets = 2
2025-12-14 05:01:08,027 - INFO - phi = [-0.23486923  0.56039701  0.24337805  0.13585011]
2025-12-14 05:01:08,071 - INFO - num_full_subsets = 2
2025-12-14 05:01:08,157 - INFO - phi = [-0.24965348 -0.83280521  0.10454895  0.18414721]
2025-12-14 05:01:08,201 - INFO - num_full_subsets = 2
2025-12-14 05:01:08,290 - INFO - phi = [-0.24512275 -0.81030961 -0.16056188 -0.15874548]
2025-12-14 05:01:08,336 - INFO - num_full_subsets = 2
2025-12-14 05:01:08,426 - INFO - phi = [ 0.33724477 -0.10629536 -0.24640468 -0.27527624]
2025-12-14 05:01:08,471 - INFO - num_full_subsets = 2
2025-12-14 05:01:08,558 - INFO - phi = [ 0.51956417  0.06321043 -0.18828554  0.1597158 ]
2025-12-14 05:01:08,602 - INFO - num_full_subsets = 2
2025-12-14 05:01:08,687 - INFO - phi = [-0.25415978  0.71002746  0.18354444  0.04319569]
2025-12-14 05:01:08,731 - INFO - num_full_subsets = 2
2025-12-14 05:01:08,813 - INFO - phi = [-0.23934707 -1.04420118 -0.08722596 -0.39672317]
2025-12-14 05:01:08,863 - INFO - num_full_subsets = 2
2025-12-14 05:01:08,951 - INFO - phi = [ 0.64030334 -0.31039074 -0.26378822  0.49525116]
2025-12-14 05:01:08,995 - INFO - num_full_subsets = 2
2025-12-14 05:01:09,078 - INFO - phi = [-0.2179055  -0.99486434  0.02650239 -0.41078401]
2025-12-14 05:01:09,122 - INFO - num_full_subsets = 2
2025-12-14 05:01:09,209 - INFO - phi = [-0.22425819  0.75445864 -0.32766995  0.11789827]
2025-12-14 05:01:09,254 - INFO - num_full_subsets = 2
2025-12-14 05:01:09,342 - INFO - phi = [-0.20807979 -0.53566763  0.13609013 -0.52358768]
2025-12-14 05:01:09,386 - INFO - num_full_subsets = 2
2025-12-14 05:01:09,479 - INFO - phi = [-0.15071695 -0.40498948  0.17873332  0.57342685]
2025-12-14 05:01:09,524 - INFO - num_full_subsets = 2
2025-12-14 05:01:09,611 - INFO - phi = [0.40130794 0.06408209 0.14644109 0.56316851]
2025-12-14 05:01:09,656 - INFO - num_full_subsets = 2
2025-12-14 05:01:09,742 - INFO - phi = [-0.24166393 -0.48467512 -0.20136786 -0.23897744]
2025-12-14 05:01:09,786 - INFO - num_full_subsets = 2
2025-12-14 05:01:09,874 - INFO - phi = [-0.05791329  0.80823147 -0.29147853 -0.00232489]
2025-12-14 05:01:09,919 - INFO - num_full_subsets = 2
2025-12-14 05:01:10,009 - INFO - phi = [-0.12242323  0.2850668  -0.29556223  0.23023675]
2025-12-14 05:01:10,055 - INFO - num_full_subsets = 2
2025-12-14 05:01:10,149 - INFO - phi = [ 0.5336158   0.40585229 -0.22025395  0.59640095]
2025-12-14 05:01:10,194 - INFO - num_full_subsets = 2
2025-12-14 05:01:10,283 - INFO - phi = [-0.23064537 -0.40277612  0.14192039  0.7270252 ]
2025-12-14 05:01:10,328 - INFO - num_full_subsets = 2
2025-12-14 05:01:10,415 - INFO - phi = [ 0.17227281  0.32938711 -0.33087484  0.36903384]
2025-12-14 05:01:10,460 - INFO - num_full_subsets = 2
2025-12-14 05:01:10,545 - INFO - phi = [-0.25989947 -1.01161398 -0.14981206  0.24697661]
2025-12-14 05:01:10,589 - INFO - num_full_subsets = 2
2025-12-14 05:01:10,677 - INFO - phi = [-0.23197422 -1.2766626   0.094434    0.18717235]
2025-12-14 05:01:10,723 - INFO - num_full_subsets = 2
2025-12-14 05:01:10,812 - INFO - phi = [-0.1982563  -0.88055307  0.2147481  -0.46511953]
2025-12-14 05:01:10,857 - INFO - num_full_subsets = 2
2025-12-14 05:01:10,942 - INFO - phi = [-0.18642656 -0.7856442   0.24438269 -0.46760651]
2025-12-14 05:01:10,987 - INFO - num_full_subsets = 2
2025-12-14 05:01:11,076 - INFO - phi = [ 0.25672722 -0.0907589   0.12490656 -0.52141334]
2025-12-14 05:01:11,121 - INFO - num_full_subsets = 2
2025-12-14 05:01:11,206 - INFO - phi = [-0.18680708 -0.13095646  0.15440336 -0.47362091]
2025-12-14 05:01:11,250 - INFO - num_full_subsets = 2
2025-12-14 05:01:11,333 - INFO - phi = [-0.19002784  0.83634372 -0.27493015  0.28948856]
2025-12-14 05:01:11,381 - INFO - num_full_subsets = 2
2025-12-14 05:01:11,471 - INFO - phi = [-0.29934246 -1.06846741  0.08921937  0.03362154]
2025-12-14 05:01:11,515 - INFO - num_full_subsets = 2
2025-12-14 05:01:11,604 - INFO - phi = [0.63174883 0.72048674 0.19009756 0.5540537 ]
2025-12-14 05:01:11,650 - INFO - num_full_subsets = 2
2025-12-14 05:01:11,747 - INFO - phi = [-0.25491    -1.06421799  0.05859654 -0.49436348]
2025-12-14 05:01:11,792 - INFO - num_full_subsets = 2
2025-12-14 05:01:11,879 - INFO - phi = [ 0.05314367  0.47386848  0.12103801 -0.29886024]
2025-12-14 05:01:11,925 - INFO - num_full_subsets = 2
2025-12-14 05:01:12,010 - INFO - phi = [0.26221459 0.3027727  0.21088304 0.51513235]
2025-12-14 05:01:12,059 - INFO - num_full_subsets = 2
2025-12-14 05:01:12,149 - INFO - phi = [-0.0800663   0.89248975  0.28579752  0.59455039]
2025-12-14 05:01:12,199 - INFO - num_full_subsets = 2
2025-12-14 05:01:12,284 - INFO - phi = [ 0.52741989  0.57791451  0.10242212 -0.32320746]
2025-12-14 05:01:12,331 - INFO - num_full_subsets = 2
2025-12-14 05:01:12,421 - INFO - phi = [ 0.56006208 -0.27436334 -0.33903214  0.28616408]
2025-12-14 05:01:12,466 - INFO - num_full_subsets = 2
2025-12-14 05:01:12,551 - INFO - phi = [ 0.1494751   0.51359709 -0.23264865 -0.33426273]
2025-12-14 05:01:12,596 - INFO - num_full_subsets = 2
2025-12-14 05:01:12,689 - INFO - phi = [0.4941605  0.56451923 0.2912934  0.46418284]
2025-12-14 05:01:12,736 - INFO - num_full_subsets = 2
2025-12-14 05:01:12,827 - INFO - phi = [-0.19453721 -0.78979934  0.23405936 -0.46778196]
2025-12-14 05:01:12,873 - INFO - num_full_subsets = 2
2025-12-14 05:01:12,961 - INFO - phi = [-0.2413971   0.67950635 -0.33065333  0.12170645]
2025-12-14 05:01:13,006 - INFO - num_full_subsets = 2
2025-12-14 05:01:13,097 - INFO - phi = [-0.1409943  -0.0908461   0.14608205 -0.31330054]
2025-12-14 05:01:13,142 - INFO - num_full_subsets = 2
2025-12-14 05:01:13,228 - INFO - phi = [-0.25617702 -1.15357992 -0.11531032 -0.09485177]
2025-12-14 05:01:13,273 - INFO - num_full_subsets = 2
2025-12-14 05:01:13,362 - INFO - phi = [ 0.04037999  0.85384948  0.05801916 -0.06677164]
2025-12-14 05:01:13,417 - INFO - num_full_subsets = 2
2025-12-14 05:01:13,504 - INFO - phi = [ 0.19997571  0.62757353 -0.1441143  -0.57718808]
2025-12-14 05:01:13,550 - INFO - num_full_subsets = 2
2025-12-14 05:01:13,635 - INFO - phi = [0.33976793 0.87641967 0.28148277 0.58325167]
2025-12-14 05:01:13,680 - INFO - num_full_subsets = 2
2025-12-14 05:01:13,764 - INFO - phi = [0.51175039 0.8345706  0.28645138 0.52746009]
2025-12-14 05:01:13,810 - INFO - num_full_subsets = 2
2025-12-14 05:01:13,893 - INFO - phi = [-0.2471331  -0.87616016  0.07069065 -0.49970459]
2025-12-14 05:01:13,937 - INFO - num_full_subsets = 2
2025-12-14 05:01:14,026 - INFO - phi = [-0.22362502 -0.68930034 -0.15946438 -0.47620303]
2025-12-14 05:01:14,071 - INFO - num_full_subsets = 2
2025-12-14 05:01:14,164 - INFO - phi = [-0.10853123  0.43132258  0.12602146  0.4045709 ]
2025-12-14 05:01:14,209 - INFO - num_full_subsets = 2
2025-12-14 05:01:14,301 - INFO - phi = [-0.05728908  0.51875997  0.08515655 -0.70288444]
2025-12-14 05:01:14,346 - INFO - num_full_subsets = 2
2025-12-14 05:01:14,439 - INFO - phi = [-0.12911616  0.79992095 -0.24022711  0.39640713]
2025-12-14 05:01:14,483 - INFO - num_full_subsets = 2
2025-12-14 05:01:14,573 - INFO - phi = [-0.22250758 -0.41892537 -0.21231445 -0.13481646]
2025-12-14 05:01:14,622 - INFO - num_full_subsets = 2
2025-12-14 05:01:14,713 - INFO - phi = [0.53541115 0.76230866 0.1888812  0.20530012]
2025-12-14 05:01:14,758 - INFO - num_full_subsets = 2
2025-12-14 05:01:14,842 - INFO - phi = [-0.27329427 -1.01399642  0.02682719  0.08143026]
2025-12-14 05:01:14,886 - INFO - num_full_subsets = 2
2025-12-14 05:01:14,975 - INFO - phi = [-0.21811685 -0.9909066  -0.1063813  -0.48579477]
2025-12-14 05:01:15,019 - INFO - num_full_subsets = 2
2025-12-14 05:01:15,108 - INFO - phi = [ 0.09704555  0.65143893 -0.32575474  0.26251761]
2025-12-14 05:01:15,153 - INFO - num_full_subsets = 2
2025-12-14 05:01:15,239 - INFO - phi = [ 0.08037261  0.47118444 -0.08966035 -0.252962  ]
2025-12-14 05:01:15,289 - INFO - num_full_subsets = 2
2025-12-14 05:01:15,378 - INFO - phi = [ 0.66611838  0.71580886 -0.14035288  0.43894371]
2025-12-14 05:01:15,424 - INFO - num_full_subsets = 2
2025-12-14 05:01:15,506 - INFO - phi = [0.15753809 0.83930673 0.2462217  0.09520741]
2025-12-14 05:01:15,551 - INFO - num_full_subsets = 2
2025-12-14 05:01:15,635 - INFO - phi = [ 0.10132827  0.72201224  0.08188798 -0.42943902]
2025-12-14 05:01:15,678 - INFO - num_full_subsets = 2
2025-12-14 05:01:15,769 - INFO - phi = [-0.19974968  0.05391441  0.17322775  0.61603267]
2025-12-14 05:01:15,813 - INFO - num_full_subsets = 2
2025-12-14 05:01:15,909 - INFO - phi = [-0.16960654  0.78338397 -0.35279338  0.12320548]
2025-12-14 05:01:15,954 - INFO - num_full_subsets = 2
2025-12-14 05:01:16,042 - INFO - phi = [-0.25469637  0.50835231  0.22059054  0.31419915]
2025-12-14 05:01:16,087 - INFO - num_full_subsets = 2
2025-12-14 05:01:16,175 - INFO - phi = [ 0.2894729   0.03063643 -0.15532263 -0.40726705]
2025-12-14 05:01:16,218 - INFO - num_full_subsets = 2
2025-12-14 05:01:16,304 - INFO - phi = [0.39040761 0.80586707 0.16173847 0.3054537 ]
2025-12-14 05:01:16,349 - INFO - num_full_subsets = 2
2025-12-14 05:01:16,436 - INFO - phi = [ 0.10752066  0.51323926 -0.17873022 -0.54574401]
2025-12-14 05:01:16,480 - INFO - num_full_subsets = 2
2025-12-14 05:01:16,574 - INFO - phi = [-0.26099008 -1.12767251 -0.08916285 -0.31280367]
2025-12-14 05:01:16,620 - INFO - num_full_subsets = 2
2025-12-14 05:01:16,705 - INFO - phi = [ 0.77349014  0.8489876  -0.15963547 -0.06777608]
2025-12-14 05:01:16,751 - INFO - num_full_subsets = 2
2025-12-14 05:01:16,838 - INFO - phi = [-0.04991808  0.70858726  0.24905927  0.48778501]
2025-12-14 05:01:16,882 - INFO - num_full_subsets = 2
2025-12-14 05:01:16,968 - INFO - phi = [ 0.49581039 -0.10296167 -0.28354932 -0.18730479]
2025-12-14 05:01:17,012 - INFO - num_full_subsets = 2
2025-12-14 05:01:17,101 - INFO - phi = [ 0.33724477 -0.10629536 -0.24640468 -0.27527624]
2025-12-14 05:01:17,145 - INFO - num_full_subsets = 2
2025-12-14 05:01:17,239 - INFO - phi = [ 0.52441892 -0.20670439 -0.33497267  0.26665868]
2025-12-14 05:01:17,285 - INFO - num_full_subsets = 2
2025-12-14 05:01:17,376 - INFO - phi = [0.12353821 0.8925943  0.33465774 0.3961994 ]
2025-12-14 05:01:17,423 - INFO - num_full_subsets = 2
2025-12-14 05:01:17,513 - INFO - phi = [0.47171371 0.80550447 0.20171545 0.30585108]
2025-12-14 05:01:17,557 - INFO - num_full_subsets = 2
2025-12-14 05:01:17,641 - INFO - phi = [-0.29479035 -0.98702063  0.04493115 -0.55005129]
2025-12-14 05:01:17,685 - INFO - num_full_subsets = 2
2025-12-14 05:01:17,775 - INFO - phi = [0.47447391 0.01480957 0.16375866 0.60775957]
2025-12-14 05:01:17,823 - INFO - num_full_subsets = 2
2025-12-14 05:01:17,911 - INFO - phi = [ 0.76566375 -0.33241987  0.24228895  0.49603549]
2025-12-14 05:01:17,960 - INFO - num_full_subsets = 2
2025-12-14 05:01:18,051 - INFO - phi = [-0.1744043   0.72916585  0.08632429  0.04819507]
2025-12-14 05:01:18,097 - INFO - num_full_subsets = 2
2025-12-14 05:01:18,186 - INFO - phi = [0.42606136 0.6751158  0.22094688 0.74533928]
2025-12-14 05:01:18,230 - INFO - num_full_subsets = 2
2025-12-14 05:01:18,319 - INFO - phi = [ 0.54637856  0.0742107  -0.28203675  0.63261831]
2025-12-14 05:01:18,364 - INFO - num_full_subsets = 2
2025-12-14 05:01:18,453 - INFO - phi = [-0.21121553 -0.66023806 -0.1021743  -0.46903455]
2025-12-14 05:01:18,502 - INFO - num_full_subsets = 2
2025-12-14 05:01:18,594 - INFO - phi = [-0.22702059 -0.57269611  0.10939209 -0.42189635]
2025-12-14 05:01:18,641 - INFO - num_full_subsets = 2
2025-12-14 05:01:18,732 - INFO - phi = [-0.17603902  0.1621252   0.18131683  0.21734609]
2025-12-14 05:01:18,778 - INFO - num_full_subsets = 2
2025-12-14 05:01:18,870 - INFO - phi = [0.36826195 0.85137218 0.16553401 0.27534947]
2025-12-14 05:01:18,914 - INFO - num_full_subsets = 2
2025-12-14 05:01:19,002 - INFO - phi = [-0.06085459  0.52327015  0.39010977 -0.45942681]
2025-12-14 05:01:19,045 - INFO - num_full_subsets = 2
2025-12-14 05:01:19,137 - INFO - phi = [-0.16506026  0.52435531  0.11014348  0.50125141]
2025-12-14 05:01:19,182 - INFO - num_full_subsets = 2
2025-12-14 05:01:19,269 - INFO - phi = [-0.22588585  0.72302905  0.04459456 -0.07701521]
2025-12-14 05:01:19,313 - INFO - num_full_subsets = 2
2025-12-14 05:01:19,398 - INFO - phi = [-0.24049946 -0.76013782 -0.13780949  0.4806546 ]
2025-12-14 05:01:19,442 - INFO - num_full_subsets = 2
2025-12-14 05:01:19,531 - INFO - phi = [-0.22291269 -0.0678685  -0.26695945  0.03661596]
2025-12-14 05:01:19,578 - INFO - num_full_subsets = 2
2025-12-14 05:01:19,668 - INFO - phi = [-0.28790857 -0.94948818  0.02186253 -0.49195558]
2025-12-14 05:01:19,713 - INFO - num_full_subsets = 2
2025-12-14 05:01:19,809 - INFO - phi = [-0.2132888  -0.96730282  0.07838849 -0.39799376]
2025-12-14 05:01:19,856 - INFO - num_full_subsets = 2
2025-12-14 05:01:19,947 - INFO - phi = [-0.26018928 -0.02250922  0.27302076  0.4130149 ]
2025-12-14 05:01:19,992 - INFO - num_full_subsets = 2
2025-12-14 05:01:20,076 - INFO - phi = [0.09636758 0.84500331 0.1581899  0.17682301]
2025-12-14 05:01:20,121 - INFO - num_full_subsets = 2
2025-12-14 05:01:20,206 - INFO - phi = [-0.21319904 -1.00903952  0.18427756 -0.47744783]
2025-12-14 05:01:20,252 - INFO - num_full_subsets = 2
2025-12-14 05:01:20,336 - INFO - phi = [-0.23197422 -1.2766626   0.094434    0.18717235]
2025-12-14 05:01:20,381 - INFO - num_full_subsets = 2
2025-12-14 05:01:20,475 - INFO - phi = [-0.26548776 -0.98403096 -0.18030464  0.46105397]
2025-12-14 05:01:20,520 - INFO - num_full_subsets = 2
2025-12-14 05:01:20,610 - INFO - phi = [-0.25361371 -0.90949437  0.07607627 -0.50036978]
2025-12-14 05:01:20,654 - INFO - num_full_subsets = 2
2025-12-14 05:01:20,745 - INFO - phi = [ 0.61687592 -0.19037528 -0.26621782  0.52442212]
2025-12-14 05:01:20,790 - INFO - num_full_subsets = 2
2025-12-14 05:01:20,877 - INFO - phi = [-0.23285801 -0.64963248 -0.15077684 -0.21847166]
2025-12-14 05:01:20,920 - INFO - num_full_subsets = 2
2025-12-14 05:01:21,010 - INFO - phi = [-0.17182263  0.85174809 -0.21035905  0.14553366]
2025-12-14 05:01:21,058 - INFO - num_full_subsets = 2
2025-12-14 05:01:21,148 - INFO - phi = [-0.28408817 -1.10924398  0.14854677  0.20525085]
2025-12-14 05:01:21,192 - INFO - num_full_subsets = 2
2025-12-14 05:01:21,285 - INFO - phi = [ 0.16504663 -0.1636415   0.16512482 -0.55766524]
2025-12-14 05:01:21,329 - INFO - num_full_subsets = 2
2025-12-14 05:01:21,417 - INFO - phi = [-0.16786533  0.69549124  0.33679601  0.47105917]
2025-12-14 05:01:21,461 - INFO - num_full_subsets = 2
2025-12-14 05:01:21,551 - INFO - phi = [ 0.538586    0.72747467 -0.1326869   0.02520074]
2025-12-14 05:01:21,596 - INFO - num_full_subsets = 2
2025-12-14 05:01:21,688 - INFO - phi = [-0.28736538 -0.84277442  0.07119344 -0.54725381]
2025-12-14 05:01:21,737 - INFO - num_full_subsets = 2
2025-12-14 05:01:21,828 - INFO - phi = [-0.22764882 -0.54845542  0.13359836 -0.52957269]
2025-12-14 05:01:21,872 - INFO - num_full_subsets = 2
2025-12-14 05:01:21,955 - INFO - phi = [-0.27840806 -1.18466272 -0.05977416 -0.42129384]
2025-12-14 05:01:21,999 - INFO - num_full_subsets = 2
2025-12-14 05:01:22,087 - INFO - phi = [ 0.10187287  0.4240849  -0.16066829 -0.67415916]
2025-12-14 05:01:22,131 - INFO - num_full_subsets = 2
2025-12-14 05:01:22,213 - INFO - phi = [-0.27922603 -0.38996834  0.06842749  0.5112814 ]
2025-12-14 05:01:22,258 - INFO - num_full_subsets = 2
2025-12-14 05:01:22,349 - INFO - phi = [-0.18469534  0.48930476 -0.28297022  0.28150089]
2025-12-14 05:01:22,394 - INFO - num_full_subsets = 2
2025-12-14 05:01:22,484 - INFO - phi = [-0.09126381  0.3891285  -0.28231233  0.42825635]
2025-12-14 05:01:22,529 - INFO - num_full_subsets = 2
2025-12-14 05:01:22,618 - INFO - phi = [ 0.30637596  0.56551434 -0.41694069 -0.02398593]
2025-12-14 05:01:22,663 - INFO - num_full_subsets = 2
2025-12-14 05:01:22,754 - INFO - phi = [-0.23150662 -1.03320897 -0.04774869 -0.10576288]
2025-12-14 05:01:22,799 - INFO - num_full_subsets = 2
2025-12-14 05:01:22,888 - INFO - phi = [-0.21768352 -0.8006059  -0.01611448 -0.46651742]
2025-12-14 05:01:22,932 - INFO - num_full_subsets = 2
2025-12-14 05:01:23,027 - INFO - phi = [-0.10912393  0.91351264  0.2884773   0.11467776]
2025-12-14 05:01:23,072 - INFO - num_full_subsets = 2
2025-12-14 05:01:23,155 - INFO - phi = [-0.04280579  0.78191255 -0.24762517 -0.21013701]
2025-12-14 05:01:23,198 - INFO - num_full_subsets = 2
2025-12-14 05:01:23,288 - INFO - phi = [0.44682345 0.52484932 0.14924675 0.55168449]
2025-12-14 05:01:23,334 - INFO - num_full_subsets = 2
2025-12-14 05:01:23,425 - INFO - phi = [-0.22947395 -1.02152786  0.05014475 -0.3282159 ]
2025-12-14 05:01:23,470 - INFO - num_full_subsets = 2
2025-12-14 05:01:23,557 - INFO - phi = [-0.1611775  -0.26022776  0.13559529 -0.19673071]
2025-12-14 05:01:23,602 - INFO - num_full_subsets = 2
2025-12-14 05:01:23,693 - INFO - phi = [ 0.45976982  0.02652334 -0.19639035 -0.20531603]
2025-12-14 05:01:23,739 - INFO - num_full_subsets = 2
2025-12-14 05:01:23,831 - INFO - phi = [ 0.13458145  0.56516021  0.12685905 -0.56197142]
2025-12-14 05:01:23,877 - INFO - num_full_subsets = 2
2025-12-14 05:01:23,968 - INFO - phi = [-0.2413971   0.67950635 -0.33065333  0.12170645]
2025-12-14 05:01:24,013 - INFO - num_full_subsets = 2
2025-12-14 05:01:24,103 - INFO - phi = [-0.28759262 -1.26834265 -0.01388089  0.09017189]
2025-12-14 05:01:24,148 - INFO - num_full_subsets = 2
2025-12-14 05:01:24,239 - INFO - phi = [0.169773   0.84285046 0.19943985 0.51059811]
2025-12-14 05:01:24,287 - INFO - num_full_subsets = 2
2025-12-14 05:01:24,378 - INFO - phi = [-0.2329394  -1.03793051 -0.12018418 -0.4283556 ]
2025-12-14 05:01:24,424 - INFO - num_full_subsets = 2
2025-12-14 05:01:24,515 - INFO - phi = [-0.14966576  0.57529417  0.21126414 -0.57995016]
2025-12-14 05:01:24,560 - INFO - num_full_subsets = 2
2025-12-14 05:01:24,648 - INFO - phi = [ 0.19318514  0.63223528 -0.25024168 -0.15873595]
2025-12-14 05:01:24,692 - INFO - num_full_subsets = 2
2025-12-14 05:01:24,779 - INFO - phi = [-0.1829536   0.54592454 -0.06588528 -0.4395182 ]
2025-12-14 05:01:24,823 - INFO - num_full_subsets = 2
2025-12-14 05:01:24,914 - INFO - phi = [-0.09440281  0.62926985  0.2033651  -0.00078138]
2025-12-14 05:01:24,962 - INFO - num_full_subsets = 2
2025-12-14 05:01:25,054 - INFO - phi = [-0.27353153 -1.10567906 -0.08850872 -0.21532175]
2025-12-14 05:01:25,098 - INFO - num_full_subsets = 2
2025-12-14 05:01:25,190 - INFO - phi = [-0.16682544  0.42448676 -0.26233296  0.80757641]
2025-12-14 05:01:25,235 - INFO - num_full_subsets = 2
2025-12-14 05:01:25,326 - INFO - phi = [-0.2755133   0.67877143 -0.31936426 -0.11111134]
2025-12-14 05:01:25,371 - INFO - num_full_subsets = 2
2025-12-14 05:01:25,463 - INFO - phi = [-0.21718526 -0.94827233  0.1435976   0.35148337]
2025-12-14 05:01:25,508 - INFO - num_full_subsets = 2
2025-12-14 05:01:25,603 - INFO - phi = [-0.29988772  0.47332862 -0.33740624  0.55925611]
2025-12-14 05:01:25,649 - INFO - num_full_subsets = 2
2025-12-14 05:01:25,741 - INFO - phi = [ 0.23028665 -0.2242485   0.18359205 -0.50459482]
2025-12-14 05:01:25,786 - INFO - num_full_subsets = 2
2025-12-14 05:01:25,871 - INFO - phi = [-0.27999812 -0.48264803  0.10829427 -0.63429715]
2025-12-14 05:01:25,914 - INFO - num_full_subsets = 2
2025-12-14 05:01:26,004 - INFO - phi = [ 0.12665638  0.58853985 -0.13549457 -0.30555994]
2025-12-14 05:01:26,048 - INFO - num_full_subsets = 2
2025-12-14 05:01:26,139 - INFO - phi = [ 0.06214072  0.65971021  0.07367377 -0.60232729]
2025-12-14 05:01:26,184 - INFO - num_full_subsets = 2
2025-12-14 05:01:26,276 - INFO - phi = [-0.27856127 -1.19457534 -0.05013992 -0.35983324]
2025-12-14 05:01:26,321 - INFO - num_full_subsets = 2
2025-12-14 05:01:26,409 - INFO - phi = [0.35213224 0.73270583 0.25880189 0.73258   ]
2025-12-14 05:01:26,454 - INFO - num_full_subsets = 2
2025-12-14 05:01:26,543 - INFO - phi = [-0.04953205  0.8296596   0.26392606  0.50267492]
2025-12-14 05:01:26,590 - INFO - num_full_subsets = 2
2025-12-14 05:01:26,677 - INFO - phi = [-0.10228257  0.81336086 -0.26275209  0.38406736]
2025-12-14 05:01:26,721 - INFO - num_full_subsets = 2
2025-12-14 05:01:26,813 - INFO - phi = [-0.08374195  0.68698675  0.09766037 -0.33923595]
2025-12-14 05:01:26,857 - INFO - num_full_subsets = 2
2025-12-14 05:01:26,948 - INFO - phi = [0.12953039 0.32737695 0.10062554 0.26531821]
2025-12-14 05:01:26,995 - INFO - num_full_subsets = 2
2025-12-14 05:01:27,085 - INFO - phi = [0.11564458 0.87086632 0.25265677 0.402574  ]
2025-12-14 05:01:27,129 - INFO - num_full_subsets = 2
2025-12-14 05:01:27,219 - INFO - phi = [ 0.70360305  0.73061292  0.1222602  -0.21362889]
2025-12-14 05:01:27,264 - INFO - num_full_subsets = 2
2025-12-14 05:01:27,352 - INFO - phi = [-0.17065625  0.74232755  0.35185471  0.65562459]
2025-12-14 05:01:27,396 - INFO - num_full_subsets = 2
2025-12-14 05:01:27,481 - INFO - phi = [-0.24120455 -1.09003893 -0.11671252 -0.25466601]
2025-12-14 05:01:27,529 - INFO - num_full_subsets = 2
2025-12-14 05:01:27,616 - INFO - phi = [-0.25610919 -0.89259495 -0.13668349 -0.24892779]
2025-12-14 05:01:27,661 - INFO - num_full_subsets = 2
2025-12-14 05:01:27,749 - INFO - phi = [-0.21402985 -1.09920784  0.26895732 -0.38046634]
2025-12-14 05:01:27,794 - INFO - num_full_subsets = 2
2025-12-14 05:01:27,881 - INFO - phi = [-0.0616301   0.4963214   0.12232581 -0.63878594]
2025-12-14 05:01:27,926 - INFO - num_full_subsets = 2
2025-12-14 05:01:28,017 - INFO - phi = [-0.24863726 -1.00221375  0.03601954 -0.45277579]
2025-12-14 05:01:28,061 - INFO - num_full_subsets = 2
2025-12-14 05:01:28,151 - INFO - phi = [-0.25403939 -1.2081012  -0.08066907 -0.25213924]
2025-12-14 05:01:28,199 - INFO - num_full_subsets = 2
2025-12-14 05:01:28,291 - INFO - phi = [-0.24521342 -0.99507732  0.11604797 -0.46563169]
2025-12-14 05:01:28,335 - INFO - num_full_subsets = 2
2025-12-14 05:01:28,423 - INFO - phi = [0.34623772 0.69422132 0.1314142  0.41764952]
2025-12-14 05:01:28,467 - INFO - num_full_subsets = 2
2025-12-14 05:01:28,555 - INFO - phi = [0.01355805 0.8041265  0.24680001 0.44769759]
2025-12-14 05:01:28,601 - INFO - num_full_subsets = 2
2025-12-14 05:01:28,683 - INFO - phi = [ 0.11206826  0.52574767 -0.19074018 -0.52821967]
2025-12-14 05:01:28,727 - INFO - num_full_subsets = 2
2025-12-14 05:01:28,819 - INFO - phi = [ 0.24041394 -0.29430816  0.1177605  -0.35250709]
2025-12-14 05:01:28,865 - INFO - num_full_subsets = 2
2025-12-14 05:01:28,956 - INFO - phi = [-0.00645324  0.81064798  0.24964562  0.46430274]
2025-12-14 05:01:29,000 - INFO - num_full_subsets = 2
2025-12-14 05:01:29,089 - INFO - phi = [ 0.00569224  0.50617477 -0.30416282  0.35190371]
2025-12-14 05:01:29,134 - INFO - num_full_subsets = 2
2025-12-14 05:01:29,226 - INFO - phi = [-0.23210709  0.70540332 -0.27425509 -0.11556062]
2025-12-14 05:01:29,272 - INFO - num_full_subsets = 2
2025-12-14 05:01:29,363 - INFO - phi = [ 0.49581039 -0.10296167 -0.28354932 -0.18730479]
2025-12-14 05:01:29,408 - INFO - num_full_subsets = 2
2025-12-14 05:01:29,498 - INFO - phi = [-0.26697395 -0.93686582 -0.17543091  0.21666412]
2025-12-14 05:01:29,544 - INFO - num_full_subsets = 2
2025-12-14 05:01:29,634 - INFO - phi = [-0.24695826 -0.89105218 -0.12039981 -0.40010982]
2025-12-14 05:01:29,680 - INFO - num_full_subsets = 2
2025-12-14 05:01:29,769 - INFO - phi = [-0.1851809   0.80918622  0.16882772  0.47211334]
2025-12-14 05:01:29,814 - INFO - num_full_subsets = 2
2025-12-14 05:01:29,902 - INFO - phi = [ 0.21062854  0.45021281 -0.11518747 -0.32411948]
2025-12-14 05:01:29,947 - INFO - num_full_subsets = 2
2025-12-14 05:01:30,036 - INFO - phi = [0.56568748 0.08196258 0.13394944 0.41795773]
2025-12-14 05:01:30,080 - INFO - num_full_subsets = 2
2025-12-14 05:01:30,172 - INFO - phi = [-0.27071321 -1.01308944 -0.17082616  0.27918342]
2025-12-14 05:01:30,218 - INFO - num_full_subsets = 2
2025-12-14 05:01:30,308 - INFO - phi = [-0.24157309 -0.73704312 -0.17473458 -0.04969251]
2025-12-14 05:01:31,034 - INFO - Computing feature importance...
2025-12-14 05:01:40,437 - INFO - Experiment completed for CNN
2025-12-14 05:01:40,437 - INFO - Total time: 272.70s (4.55 min)
2025-12-14 05:01:40,437 - INFO - Starting comprehensive experiment for CNN
2025-12-14 05:01:50,746 - INFO - Performing feature analysis...
2025-12-14 05:01:53,663 - INFO - Model justification: Fast 1D Convolutional Neural Network - perfect for tabular features with local patterns
2025-12-14 05:01:53,663 - INFO - Performing robust cross-validation...
2025-12-14 05:02:14,620 - INFO - CV Results - MSE: 2.3815 ± 0.3806
2025-12-14 05:02:14,620 - INFO - Starting hyperparameter optimization...
