2025-12-13 21:24:02,934 - INFO - Starting comprehensive experiment for SVM
2025-12-13 21:24:10,784 - INFO - Performing feature analysis...
2025-12-13 21:24:12,416 - INFO - Model justification: Effective for high-dimensional spaces and non-linear relationships using kernel trick
2025-12-13 21:24:12,416 - INFO - Performing robust cross-validation...
2025-12-13 21:24:12,617 - INFO - CV Results - MSE: 1.7003 ± 0.2574
2025-12-13 21:24:12,617 - INFO - Starting hyperparameter optimization...
2025-12-13 21:24:17,348 - INFO - Best parameters for SVM: {'C': 17.94129490019124, 'epsilon': 0.07216335208034665, 'kernel': 'rbf'}
2025-12-13 21:24:17,348 - INFO - ⏱️ HPO took 4.73 seconds
2025-12-13 21:24:17,348 - INFO - Training final model...
2025-12-13 21:24:17,371 - INFO - ⏱️ Training took 0.02 seconds
2025-12-13 21:24:17,371 - INFO - Performing residual analysis...
2025-12-13 21:24:18,561 - INFO - Generating XAI explanations...
2025-12-13 21:24:18,563 - WARNING - Using 168 background data samples could cause slower run times. Consider using shap.sample(data, K) or shap.kmeans(data, K) to summarize the background as K samples.
2025-12-13 21:24:18,581 - INFO - num_full_subsets = 2
2025-12-13 21:24:18,614 - INFO - phi = [ 1.09599978  0.79983069 -0.14302813  0.12440802]
2025-12-13 21:24:18,631 - INFO - num_full_subsets = 2
2025-12-13 21:24:18,664 - INFO - phi = [ 0.26375145  0.909652   -0.57498955  0.31580311]
2025-12-13 21:24:18,681 - INFO - num_full_subsets = 2
2025-12-13 21:24:18,714 - INFO - phi = [-0.37952233 -0.57922966 -0.22260867 -0.40883935]
2025-12-13 21:24:18,731 - INFO - num_full_subsets = 2
2025-12-13 21:24:18,764 - INFO - phi = [-0.24693445  0.58927961 -0.25237426  0.05047839]
2025-12-13 21:24:18,781 - INFO - num_full_subsets = 2
2025-12-13 21:24:18,814 - INFO - phi = [ 0.08815224  0.73213935 -0.46133209  0.16470906]
2025-12-13 21:24:18,830 - INFO - num_full_subsets = 2
2025-12-13 21:24:18,864 - INFO - phi = [ 0.19773378  0.53241376 -0.20086528 -0.09255961]
2025-12-13 21:24:18,881 - INFO - num_full_subsets = 2
2025-12-13 21:24:18,915 - INFO - phi = [ 0.01553758  0.42809753  0.53896784 -1.08078073]
2025-12-13 21:24:18,931 - INFO - num_full_subsets = 2
2025-12-13 21:24:18,965 - INFO - phi = [-0.00602656  0.98007703 -0.37356719  0.66994085]
2025-12-13 21:24:18,982 - INFO - num_full_subsets = 2
2025-12-13 21:24:19,016 - INFO - phi = [-0.31367437 -1.20411984 -0.13533794 -0.10283912]
2025-12-13 21:24:19,033 - INFO - num_full_subsets = 2
2025-12-13 21:24:19,066 - INFO - phi = [-0.07402134  0.40426605  1.13233075  0.17033355]
2025-12-13 21:24:19,083 - INFO - num_full_subsets = 2
2025-12-13 21:24:19,117 - INFO - phi = [-0.16714686  0.56260772 -0.27437047  0.36123855]
2025-12-13 21:24:19,133 - INFO - num_full_subsets = 2
2025-12-13 21:24:19,166 - INFO - phi = [-0.04069149  0.82315511 -0.49175253  0.18311722]
2025-12-13 21:24:19,183 - INFO - num_full_subsets = 2
2025-12-13 21:24:19,217 - INFO - phi = [ 0.99212939  0.57660345  0.00382906 -1.29411413]
2025-12-13 21:24:19,233 - INFO - num_full_subsets = 2
2025-12-13 21:24:19,267 - INFO - phi = [0.1674322  0.00974962 0.22131588 0.5807683 ]
2025-12-13 21:24:19,284 - INFO - num_full_subsets = 2
2025-12-13 21:24:19,318 - INFO - phi = [ 0.66105662  0.14479448 -0.25108532  0.34422464]
2025-12-13 21:24:19,335 - INFO - num_full_subsets = 2
2025-12-13 21:24:19,369 - INFO - phi = [-0.18002857  0.55460769 -0.55760414  0.18952292]
2025-12-13 21:24:19,385 - INFO - num_full_subsets = 2
2025-12-13 21:24:19,420 - INFO - phi = [-0.30526611  0.65414483 -0.28894303 -0.24539313]
2025-12-13 21:24:19,436 - INFO - num_full_subsets = 2
2025-12-13 21:24:19,470 - INFO - phi = [-0.11524451 -0.58834762  1.56467851 -0.83496062]
2025-12-13 21:24:19,487 - INFO - num_full_subsets = 2
2025-12-13 21:24:19,521 - INFO - phi = [ 0.23205403 -0.19102588  0.42549584 -0.30706939]
2025-12-13 21:24:19,537 - INFO - num_full_subsets = 2
2025-12-13 21:24:19,571 - INFO - phi = [0.64988336 1.03097416 0.38432711 0.47308011]
2025-12-13 21:24:19,588 - INFO - num_full_subsets = 2
2025-12-13 21:24:19,622 - INFO - phi = [-0.26950024  0.75595015 -0.19710726  0.47110925]
2025-12-13 21:24:19,639 - INFO - num_full_subsets = 2
2025-12-13 21:24:19,673 - INFO - phi = [-0.17803315  0.76519125  0.11225972  0.69231603]
2025-12-13 21:24:19,690 - INFO - num_full_subsets = 2
2025-12-13 21:24:19,724 - INFO - phi = [ 0.79982488  0.49941175 -0.16185756 -1.22193519]
2025-12-13 21:24:19,741 - INFO - num_full_subsets = 2
2025-12-13 21:24:19,775 - INFO - phi = [ 1.03863643  0.36714532 -0.0373128  -0.88235652]
2025-12-13 21:24:19,792 - INFO - num_full_subsets = 2
2025-12-13 21:24:19,826 - INFO - phi = [-0.19696423 -0.41564463  0.27431183 -0.21311001]
2025-12-13 21:24:19,843 - INFO - num_full_subsets = 2
2025-12-13 21:24:19,877 - INFO - phi = [-0.33567537 -1.20680817 -0.12694272 -0.14048209]
2025-12-13 21:24:19,894 - INFO - num_full_subsets = 2
2025-12-13 21:24:19,927 - INFO - phi = [0.67755382 0.80510154 0.63996175 0.37403453]
2025-12-13 21:24:19,944 - INFO - num_full_subsets = 2
2025-12-13 21:24:19,978 - INFO - phi = [-0.30223157 -1.27002515 -0.1541061   0.03349034]
2025-12-13 21:24:19,995 - INFO - num_full_subsets = 2
2025-12-13 21:24:20,028 - INFO - phi = [-0.32316437 -0.72555621 -0.14550162 -0.17476805]
2025-12-13 21:24:20,044 - INFO - num_full_subsets = 2
2025-12-13 21:24:20,078 - INFO - phi = [-0.19890996  0.92689506  0.46740637  0.43146225]
2025-12-13 21:24:20,095 - INFO - num_full_subsets = 2
2025-12-13 21:24:20,128 - INFO - phi = [-0.23843667 -1.40475837  0.63318636 -0.66151716]
2025-12-13 21:24:20,145 - INFO - num_full_subsets = 2
2025-12-13 21:24:20,178 - INFO - phi = [-0.34738824 -0.51387987 -0.12598758 -0.35976771]
2025-12-13 21:24:20,194 - INFO - num_full_subsets = 2
2025-12-13 21:24:20,228 - INFO - phi = [-0.29838786 -0.85303197  0.39853909 -0.79166918]
2025-12-13 21:24:20,245 - INFO - num_full_subsets = 2
2025-12-13 21:24:20,278 - INFO - phi = [-0.1060529   0.48761499 -0.14874771  0.5997381 ]
2025-12-13 21:24:20,294 - INFO - num_full_subsets = 2
2025-12-13 21:24:20,328 - INFO - phi = [-0.16967629  0.32668394 -0.63063709  0.41784209]
2025-12-13 21:24:20,344 - INFO - num_full_subsets = 2
2025-12-13 21:24:20,378 - INFO - phi = [-0.11591835  0.61537936 -1.19101851  0.17784841]
2025-12-13 21:24:20,395 - INFO - num_full_subsets = 2
2025-12-13 21:24:20,428 - INFO - phi = [-0.08679591  0.03347038 -0.42033815  0.23057576]
2025-12-13 21:24:20,445 - INFO - num_full_subsets = 2
2025-12-13 21:24:20,479 - INFO - phi = [ 0.48198787  0.07834045  0.59288291 -1.00039849]
2025-12-13 21:24:20,495 - INFO - num_full_subsets = 2
2025-12-13 21:24:20,529 - INFO - phi = [-0.24643602 -0.11324886 -1.14633263  0.28120583]
2025-12-13 21:24:20,545 - INFO - num_full_subsets = 2
2025-12-13 21:24:20,579 - INFO - phi = [-0.29991481 -0.1792247  -0.23157708  0.47737502]
2025-12-13 21:24:20,595 - INFO - num_full_subsets = 2
2025-12-13 21:24:20,628 - INFO - phi = [-0.14391412  1.02136487 -0.56697832  0.21676476]
2025-12-13 21:24:20,645 - INFO - num_full_subsets = 2
2025-12-13 21:24:20,678 - INFO - phi = [ 1.03863643  0.36714532 -0.0373128  -0.88235652]
2025-12-13 21:24:20,694 - INFO - num_full_subsets = 2
2025-12-13 21:24:20,728 - INFO - phi = [-0.27892285 -0.32425937 -0.17576139  0.63803121]
2025-12-13 21:24:20,744 - INFO - num_full_subsets = 2
2025-12-13 21:24:20,778 - INFO - phi = [-0.32905527 -0.97970074 -0.42549778 -0.03954509]
2025-12-13 21:24:20,795 - INFO - num_full_subsets = 2
2025-12-13 21:24:20,828 - INFO - phi = [-0.32525938 -0.95291389 -0.11122225 -0.28276144]
2025-12-13 21:24:20,844 - INFO - num_full_subsets = 2
2025-12-13 21:24:20,878 - INFO - phi = [-0.34000107 -0.71937195 -0.14019752 -0.36908211]
2025-12-13 21:24:20,894 - INFO - num_full_subsets = 2
2025-12-13 21:24:20,928 - INFO - phi = [-0.27841627 -1.26088393 -0.25093405  0.36749105]
2025-12-13 21:24:20,944 - INFO - num_full_subsets = 2
2025-12-13 21:24:20,979 - INFO - phi = [-0.16682246 -0.6979898   0.50390401  0.6404565 ]
2025-12-13 21:24:20,995 - INFO - num_full_subsets = 2
2025-12-13 21:24:21,029 - INFO - phi = [-0.00791673  0.960699    0.75889987  0.77707743]
2025-12-13 21:24:21,046 - INFO - num_full_subsets = 2
2025-12-13 21:24:21,080 - INFO - phi = [-0.26394566  0.84763575  0.91582527  0.38661728]
2025-12-13 21:24:21,097 - INFO - num_full_subsets = 2
2025-12-13 21:24:21,131 - INFO - phi = [-0.36968127 -0.63518888 -0.17230446 -0.53268052]
2025-12-13 21:24:21,147 - INFO - num_full_subsets = 2
2025-12-13 21:24:21,181 - INFO - phi = [ 0.3781244   0.36373778  0.48098523 -1.01469388]
2025-12-13 21:24:21,197 - INFO - num_full_subsets = 2
2025-12-13 21:24:21,231 - INFO - phi = [0.09625593 0.91525287 1.05056649 0.51989573]
2025-12-13 21:24:21,248 - INFO - num_full_subsets = 2
2025-12-13 21:24:21,282 - INFO - phi = [-0.37456447  0.16301849 -0.32848862 -0.78587766]
2025-12-13 21:24:21,298 - INFO - num_full_subsets = 2
2025-12-13 21:24:21,332 - INFO - phi = [-0.12357514 -0.42387516 -0.00408033  0.06809889]
2025-12-13 21:24:21,349 - INFO - num_full_subsets = 2
2025-12-13 21:24:21,383 - INFO - phi = [-0.3418254  -1.01706625 -0.13312124 -0.16263395]
2025-12-13 21:24:21,399 - INFO - num_full_subsets = 2
2025-12-13 21:24:21,433 - INFO - phi = [-0.30334624 -1.33024904 -0.32304887  0.03470884]
2025-12-13 21:24:21,449 - INFO - num_full_subsets = 2
2025-12-13 21:24:21,483 - INFO - phi = [ 0.33051704  0.07152492 -0.31742069  0.00418737]
2025-12-13 21:24:21,499 - INFO - num_full_subsets = 2
2025-12-13 21:24:21,533 - INFO - phi = [ 0.28985872  0.4692309  -0.18084151 -0.23403823]
2025-12-13 21:24:21,549 - INFO - num_full_subsets = 2
2025-12-13 21:24:21,583 - INFO - phi = [ 0.09522467  0.96512339 -0.2658364   0.74111652]
2025-12-13 21:24:21,600 - INFO - num_full_subsets = 2
2025-12-13 21:24:21,634 - INFO - phi = [-0.02011376  1.30608794  0.85773306  0.33899512]
2025-12-13 21:24:21,651 - INFO - num_full_subsets = 2
2025-12-13 21:24:21,684 - INFO - phi = [-0.02195351  0.59614626  1.33648914  0.35282067]
2025-12-13 21:24:21,701 - INFO - num_full_subsets = 2
2025-12-13 21:24:21,734 - INFO - phi = [ 0.1472719   0.81320937 -0.27328271  0.65186216]
2025-12-13 21:24:21,751 - INFO - num_full_subsets = 2
2025-12-13 21:24:21,785 - INFO - phi = [0.22970394 0.88788152 1.06587752 0.56700298]
2025-12-13 21:24:21,801 - INFO - num_full_subsets = 2
2025-12-13 21:24:21,834 - INFO - phi = [-0.31750581 -1.1447928   0.18675831 -0.59450814]
2025-12-13 21:24:21,851 - INFO - num_full_subsets = 2
2025-12-13 21:24:21,884 - INFO - phi = [-0.33922476 -0.54079678 -0.24089692 -0.10912762]
2025-12-13 21:24:21,901 - INFO - num_full_subsets = 2
2025-12-13 21:24:21,935 - INFO - phi = [-0.2982861  -0.02763035 -0.21705796 -0.53313822]
2025-12-13 21:24:21,952 - INFO - num_full_subsets = 2
2025-12-13 21:24:21,985 - INFO - phi = [ 0.58505487  0.55621086 -0.20853548 -0.82955802]
2025-12-13 21:24:22,001 - INFO - num_full_subsets = 2
2025-12-13 21:24:22,035 - INFO - phi = [-0.20112025 -0.30015236 -0.26813533  0.14456894]
2025-12-13 21:24:22,052 - INFO - num_full_subsets = 2
2025-12-13 21:24:22,086 - INFO - phi = [-0.09207861  0.43652073 -0.17180898  0.56714043]
2025-12-13 21:24:22,102 - INFO - num_full_subsets = 2
2025-12-13 21:24:22,136 - INFO - phi = [-0.05610449  0.69927139  0.03230137  0.73143247]
2025-12-13 21:24:22,153 - INFO - num_full_subsets = 2
2025-12-13 21:24:22,186 - INFO - phi = [-0.26302741 -0.21453119 -0.21748393  0.51496283]
2025-12-13 21:24:22,202 - INFO - num_full_subsets = 2
2025-12-13 21:24:22,236 - INFO - phi = [ 0.95326707  0.97217968 -0.56694142  0.25597804]
2025-12-13 21:24:22,253 - INFO - num_full_subsets = 2
2025-12-13 21:24:22,287 - INFO - phi = [-0.31835802 -0.64246582 -0.09381739 -0.5627048 ]
2025-12-13 21:24:22,303 - INFO - num_full_subsets = 2
2025-12-13 21:24:22,336 - INFO - phi = [-0.27892285 -0.32425937 -0.17576139  0.63803121]
2025-12-13 21:24:22,352 - INFO - num_full_subsets = 2
2025-12-13 21:24:22,386 - INFO - phi = [-0.19132186  0.63198381 -0.31462406  0.40339045]
2025-12-13 21:24:22,403 - INFO - num_full_subsets = 2
2025-12-13 21:24:22,436 - INFO - phi = [ 0.49310829  0.50290162 -0.32143524 -0.44280128]
2025-12-13 21:24:22,453 - INFO - num_full_subsets = 2
2025-12-13 21:24:22,487 - INFO - phi = [ 0.04421597  1.04042635 -0.43729503  0.43400213]
2025-12-13 21:24:22,504 - INFO - num_full_subsets = 2
2025-12-13 21:24:22,538 - INFO - phi = [-0.27943024 -1.22097097 -0.31497363  0.1904999 ]
2025-12-13 21:24:22,554 - INFO - num_full_subsets = 2
2025-12-13 21:24:22,588 - INFO - phi = [-0.31895144 -0.04749291 -0.09674747 -0.37780422]
2025-12-13 21:24:22,604 - INFO - num_full_subsets = 2
2025-12-13 21:24:22,638 - INFO - phi = [-0.34257571 -1.33311131 -0.13645509  0.03991932]
2025-12-13 21:24:22,654 - INFO - num_full_subsets = 2
2025-12-13 21:24:22,688 - INFO - phi = [0.29029714 1.11506341 1.10860338 0.49820598]
2025-12-13 21:24:22,705 - INFO - num_full_subsets = 2
2025-12-13 21:24:22,738 - INFO - phi = [-0.30767388 -1.31917205  0.65820827 -0.74789616]
2025-12-13 21:24:22,754 - INFO - num_full_subsets = 2
2025-12-13 21:24:22,789 - INFO - phi = [0.00840088 1.11831106 1.27793916 0.18047208]
2025-12-13 21:24:22,805 - INFO - num_full_subsets = 2
2025-12-13 21:24:22,838 - INFO - phi = [-0.16187399  0.03603674 -1.1204557   0.08630626]
2025-12-13 21:24:22,855 - INFO - num_full_subsets = 2
2025-12-13 21:24:22,889 - INFO - phi = [ 0.08655006  0.9771404  -0.34566656  0.42912518]
2025-12-13 21:24:22,906 - INFO - num_full_subsets = 2
2025-12-13 21:24:22,939 - INFO - phi = [ 0.44063808  0.84609386 -0.27344617  0.51392523]
2025-12-13 21:24:22,955 - INFO - num_full_subsets = 2
2025-12-13 21:24:22,989 - INFO - phi = [ 0.40182395  0.54138238  0.19483073 -1.33780989]
2025-12-13 21:24:23,006 - INFO - num_full_subsets = 2
2025-12-13 21:24:23,040 - INFO - phi = [-0.05591008  0.92951506 -0.34096306  0.37430016]
2025-12-13 21:24:23,057 - INFO - num_full_subsets = 2
2025-12-13 21:24:23,091 - INFO - phi = [-0.2120345  -0.19594646 -0.38597432  0.26837348]
2025-12-13 21:24:23,108 - INFO - num_full_subsets = 2
2025-12-13 21:24:23,141 - INFO - phi = [ 1.05929737  0.34333271 -0.08926834 -1.13022266]
2025-12-13 21:24:23,158 - INFO - num_full_subsets = 2
2025-12-13 21:24:23,192 - INFO - phi = [-0.08261869 -0.41110079  0.98149252  0.82664282]
2025-12-13 21:24:23,208 - INFO - num_full_subsets = 2
2025-12-13 21:24:23,241 - INFO - phi = [-0.23180615 -1.47799654 -1.65581834 -0.22463794]
2025-12-13 21:24:23,257 - INFO - num_full_subsets = 2
2025-12-13 21:24:23,291 - INFO - phi = [ 0.01265349  0.51588707  2.03574844 -0.95452721]
2025-12-13 21:24:23,307 - INFO - num_full_subsets = 2
2025-12-13 21:24:23,341 - INFO - phi = [ 0.86759258 -0.21335299 -0.30194755  0.28164925]
2025-12-13 21:24:23,357 - INFO - num_full_subsets = 2
2025-12-13 21:24:23,391 - INFO - phi = [-0.2085332  -1.01286558 -0.10804495 -0.52342319]
2025-12-13 21:24:23,408 - INFO - num_full_subsets = 2
2025-12-13 21:24:23,441 - INFO - phi = [0.04963995 0.13718922 1.06368473 0.79998095]
2025-12-13 21:24:23,457 - INFO - num_full_subsets = 2
2025-12-13 21:24:23,491 - INFO - phi = [ 0.15041736  0.07198058 -0.29901032 -0.06420818]
2025-12-13 21:24:23,507 - INFO - num_full_subsets = 2
2025-12-13 21:24:23,540 - INFO - phi = [ 0.65653302  0.48604441 -0.1819686  -0.25779394]
2025-12-13 21:24:23,556 - INFO - num_full_subsets = 2
2025-12-13 21:24:23,590 - INFO - phi = [-0.29353706 -0.27159627 -0.2053026   0.19088376]
2025-12-13 21:24:23,607 - INFO - num_full_subsets = 2
2025-12-13 21:24:23,641 - INFO - phi = [ 0.34000138  0.41686861 -0.16282828  0.05003365]
2025-12-13 21:24:23,657 - INFO - num_full_subsets = 2
2025-12-13 21:24:23,691 - INFO - phi = [-0.34878603 -1.05506233 -0.1627679  -0.00871806]
2025-12-13 21:24:23,707 - INFO - num_full_subsets = 2
2025-12-13 21:24:23,740 - INFO - phi = [ 0.14551627 -0.13434284  0.93316224 -0.1300278 ]
2025-12-13 21:24:23,757 - INFO - num_full_subsets = 2
2025-12-13 21:24:23,790 - INFO - phi = [-0.36100386 -0.75154162 -0.18875333 -0.09173134]
2025-12-13 21:24:23,806 - INFO - num_full_subsets = 2
2025-12-13 21:24:23,840 - INFO - phi = [-0.23180615 -1.47799654 -1.65581834 -0.22463794]
2025-12-13 21:24:23,856 - INFO - num_full_subsets = 2
2025-12-13 21:24:23,890 - INFO - phi = [-0.26409393 -0.34906175 -0.61305174  0.1296042 ]
2025-12-13 21:24:23,907 - INFO - num_full_subsets = 2
2025-12-13 21:24:23,940 - INFO - phi = [-0.32716553 -0.52718443 -0.15207111 -0.51890972]
2025-12-13 21:24:23,957 - INFO - num_full_subsets = 2
2025-12-13 21:24:23,991 - INFO - phi = [-0.03730131  0.56064519 -0.31120556 -0.24724574]
2025-12-13 21:24:24,007 - INFO - num_full_subsets = 2
2025-12-13 21:24:24,041 - INFO - phi = [ 0.18889822  0.12414591 -0.24130939  0.09556298]
2025-12-13 21:24:24,058 - INFO - num_full_subsets = 2
2025-12-13 21:24:24,092 - INFO - phi = [-0.06283929  0.99533481  0.56051624  0.7669921 ]
2025-12-13 21:24:24,109 - INFO - num_full_subsets = 2
2025-12-13 21:24:24,142 - INFO - phi = [-0.24218467 -1.0166359  -0.25231197 -0.32576925]
2025-12-13 21:24:24,159 - INFO - num_full_subsets = 2
2025-12-13 21:24:24,192 - INFO - phi = [0.28869142 1.1143684  0.68042478 0.32834323]
2025-12-13 21:24:24,209 - INFO - num_full_subsets = 2
2025-12-13 21:24:24,242 - INFO - phi = [ 0.01385719  0.59172337  0.32513415 -0.92066811]
2025-12-13 21:24:24,259 - INFO - num_full_subsets = 2
2025-12-13 21:24:24,293 - INFO - phi = [-0.23826177 -0.24698909  0.13422253 -0.05338538]
2025-12-13 21:24:24,309 - INFO - num_full_subsets = 2
2025-12-13 21:24:24,342 - INFO - phi = [ 0.70895712  0.51583133 -0.1940962  -0.78065959]
2025-12-13 21:24:24,359 - INFO - num_full_subsets = 2
2025-12-13 21:24:24,393 - INFO - phi = [-0.02823434  0.76837718  0.68947718  0.7821419 ]
2025-12-13 21:24:24,409 - INFO - num_full_subsets = 2
2025-12-13 21:24:24,442 - INFO - phi = [ 0.00737405  0.17995156 -0.23985815  0.23007653]
2025-12-13 21:24:24,459 - INFO - num_full_subsets = 2
2025-12-13 21:24:24,493 - INFO - phi = [ 0.95508846  0.74086477 -0.24638566  0.28302142]
2025-12-13 21:24:24,510 - INFO - num_full_subsets = 2
2025-12-13 21:24:24,543 - INFO - phi = [-0.06414647  0.7214554   1.1635105   0.40414816]
2025-12-13 21:24:24,560 - INFO - num_full_subsets = 2
2025-12-13 21:24:24,593 - INFO - phi = [ 0.02519922  0.04991358 -0.18831542  0.73509438]
2025-12-13 21:24:24,609 - INFO - num_full_subsets = 2
2025-12-13 21:24:24,642 - INFO - phi = [0.75287268 0.62046366 0.04069885 0.11615982]
2025-12-13 21:24:24,658 - INFO - num_full_subsets = 2
2025-12-13 21:24:24,692 - INFO - phi = [0.01672945 0.34936392 0.48450256 0.33659993]
2025-12-13 21:24:24,708 - INFO - num_full_subsets = 2
2025-12-13 21:24:24,742 - INFO - phi = [-0.31760993 -1.0790725  -0.19405976 -0.03121442]
2025-12-13 21:24:24,758 - INFO - num_full_subsets = 2
2025-12-13 21:24:24,791 - INFO - phi = [-0.16611686 -1.30831093  1.17262721 -0.73732079]
2025-12-13 21:24:24,807 - INFO - num_full_subsets = 2
2025-12-13 21:24:24,841 - INFO - phi = [-0.20180978  0.32525144 -0.19556392  0.87721288]
2025-12-13 21:24:24,858 - INFO - num_full_subsets = 2
2025-12-13 21:24:24,891 - INFO - phi = [0.2110366  0.37353386 0.05471637 0.51933326]
2025-12-13 21:24:24,908 - INFO - num_full_subsets = 2
2025-12-13 21:24:24,941 - INFO - phi = [-0.11440285  1.04908291 -0.34129761  0.69214401]
2025-12-13 21:24:24,958 - INFO - num_full_subsets = 2
2025-12-13 21:24:24,992 - INFO - phi = [ 0.18250245  0.95205848 -0.0686229   0.77088966]
2025-12-13 21:24:25,008 - INFO - num_full_subsets = 2
2025-12-13 21:24:25,042 - INFO - phi = [-0.27250457 -0.77801064 -0.21298113  0.05027797]
2025-12-13 21:24:25,058 - INFO - num_full_subsets = 2
2025-12-13 21:24:25,092 - INFO - phi = [-0.27257648 -1.35284731  0.88963235 -0.67257715]
2025-12-13 21:24:25,108 - INFO - num_full_subsets = 2
2025-12-13 21:24:25,142 - INFO - phi = [-0.26317262  0.43626414 -0.25729118  0.13123652]
2025-12-13 21:24:25,158 - INFO - num_full_subsets = 2
2025-12-13 21:24:25,191 - INFO - phi = [-0.18278147 -0.38899625  0.47705076 -0.93230667]
2025-12-13 21:24:25,208 - INFO - num_full_subsets = 2
2025-12-13 21:24:25,241 - INFO - phi = [ 0.52105782  0.25618203 -0.08002482  0.67524935]
2025-12-13 21:24:25,257 - INFO - num_full_subsets = 2
2025-12-13 21:24:25,291 - INFO - phi = [-0.1251656   0.35515076 -0.24435539  0.63408456]
2025-12-13 21:24:25,307 - INFO - num_full_subsets = 2
2025-12-13 21:24:25,340 - INFO - phi = [ 0.35673925  0.40582128 -0.13516447  0.56650572]
2025-12-13 21:24:25,356 - INFO - num_full_subsets = 2
2025-12-13 21:24:25,390 - INFO - phi = [-0.3300022  -1.09036628 -0.15955509  0.08637669]
2025-12-13 21:24:25,406 - INFO - num_full_subsets = 2
2025-12-13 21:24:25,440 - INFO - phi = [-0.28760696 -0.77333547 -0.24776344  0.04962774]
2025-12-13 21:24:25,456 - INFO - num_full_subsets = 2
2025-12-13 21:24:25,490 - INFO - phi = [-0.22859091  0.39872439 -0.6575315  -0.05665173]
2025-12-13 21:24:25,506 - INFO - num_full_subsets = 2
2025-12-13 21:24:25,540 - INFO - phi = [-0.17744843  0.2967343  -0.53310737  0.31116435]
2025-12-13 21:24:25,556 - INFO - num_full_subsets = 2
2025-12-13 21:24:25,590 - INFO - phi = [ 0.62620779  0.41006935 -0.15736506 -0.77709877]
2025-12-13 21:24:25,606 - INFO - num_full_subsets = 2
2025-12-13 21:24:25,639 - INFO - phi = [-0.03730131  0.56064519 -0.31120556 -0.24724574]
2025-12-13 21:24:25,656 - INFO - num_full_subsets = 2
2025-12-13 21:24:25,689 - INFO - phi = [-0.33634243  0.77376189 -0.46700168 -0.16562125]
2025-12-13 21:24:25,706 - INFO - num_full_subsets = 2
2025-12-13 21:24:25,740 - INFO - phi = [-0.21548259  0.5750632   0.79447375 -0.34094017]
2025-12-13 21:24:25,756 - INFO - num_full_subsets = 2
2025-12-13 21:24:25,790 - INFO - phi = [0.52020692 0.77888346 0.72678729 0.39847022]
2025-12-13 21:24:25,806 - INFO - num_full_subsets = 2
2025-12-13 21:24:25,840 - INFO - phi = [-0.20050233 -1.03723033  0.9368474   0.79404704]
2025-12-13 21:24:25,857 - INFO - num_full_subsets = 2
2025-12-13 21:24:25,890 - INFO - phi = [-0.22349379 -1.16811036 -0.11161845 -0.58033509]
2025-12-13 21:24:25,907 - INFO - num_full_subsets = 2
2025-12-13 21:24:25,940 - INFO - phi = [0.61235767 0.98874985 0.12144854 0.51590603]
2025-12-13 21:24:25,956 - INFO - num_full_subsets = 2
2025-12-13 21:24:25,991 - INFO - phi = [-0.3231648  -1.27054193 -0.21099019 -0.02545628]
2025-12-13 21:24:26,007 - INFO - num_full_subsets = 2
2025-12-13 21:24:26,041 - INFO - phi = [-0.35990012 -0.83529977 -0.13302991 -0.29791379]
2025-12-13 21:24:26,058 - INFO - num_full_subsets = 2
2025-12-13 21:24:26,092 - INFO - phi = [-0.21769205 -0.96324253  1.30056355 -0.77554013]
2025-12-13 21:24:26,108 - INFO - num_full_subsets = 2
2025-12-13 21:24:26,142 - INFO - phi = [ 0.40425814  0.59141616 -0.35509652 -0.14366489]
2025-12-13 21:24:26,159 - INFO - num_full_subsets = 2
2025-12-13 21:24:26,192 - INFO - phi = [-0.29714235 -0.64661192 -0.18748655 -0.05738333]
2025-12-13 21:24:26,209 - INFO - num_full_subsets = 2
2025-12-13 21:24:26,242 - INFO - phi = [-0.36061688 -0.73261908 -0.10755893 -0.52007849]
2025-12-13 21:24:26,259 - INFO - num_full_subsets = 2
2025-12-13 21:24:26,292 - INFO - phi = [ 0.83030628 -0.45459176 -0.12486137  0.34964022]
2025-12-13 21:24:26,308 - INFO - num_full_subsets = 2
2025-12-13 21:24:26,342 - INFO - phi = [-0.36494129  0.32480282 -0.37399331 -0.73129458]
2025-12-13 21:24:26,359 - INFO - num_full_subsets = 2
2025-12-13 21:24:26,393 - INFO - phi = [-0.27841627 -1.26088393 -0.25093405  0.36749105]
2025-12-13 21:24:26,409 - INFO - num_full_subsets = 2
2025-12-13 21:24:26,443 - INFO - phi = [-0.22257997 -0.17185832 -1.03490863  0.04123416]
2025-12-13 21:24:26,460 - INFO - num_full_subsets = 2
2025-12-13 21:24:26,493 - INFO - phi = [-0.36980011 -0.64976813 -0.2048462  -0.47347103]
2025-12-13 21:24:26,509 - INFO - num_full_subsets = 2
2025-12-13 21:24:26,543 - INFO - phi = [-0.19588119  0.52980461 -0.59708113  0.19044158]
2025-12-13 21:24:26,560 - INFO - num_full_subsets = 2
2025-12-13 21:24:26,594 - INFO - phi = [-0.31939158 -0.61168745 -0.11001767 -0.50247626]
2025-12-13 21:24:26,610 - INFO - num_full_subsets = 2
2025-12-13 21:24:26,643 - INFO - phi = [ 0.12522883  0.46562607  0.44775939 -1.18805523]
2025-12-13 21:24:26,660 - INFO - num_full_subsets = 2
2025-12-13 21:24:26,693 - INFO - phi = [ 0.71690908  0.18455581 -0.20681868  0.45489476]
2025-12-13 21:24:26,710 - INFO - num_full_subsets = 2
2025-12-13 21:24:26,743 - INFO - phi = [ 0.17241255  0.15683075 -0.21724417  0.21752688]
2025-12-13 21:24:26,759 - INFO - num_full_subsets = 2
2025-12-13 21:24:26,793 - INFO - phi = [-0.19538863 -1.39782023  1.14924608 -0.08914961]
2025-12-13 21:24:26,809 - INFO - num_full_subsets = 2
2025-12-13 21:24:26,843 - INFO - phi = [-0.28270862 -1.66443343  0.15908168  0.20126313]
2025-12-13 21:24:26,859 - INFO - num_full_subsets = 2
2025-12-13 21:24:26,893 - INFO - phi = [-0.32444483 -0.90523568 -0.07934811 -0.31404104]
2025-12-13 21:24:26,910 - INFO - num_full_subsets = 2
2025-12-13 21:24:26,943 - INFO - phi = [-0.32471452 -1.05638767 -0.14562007 -0.09904321]
2025-12-13 21:24:26,959 - INFO - num_full_subsets = 2
2025-12-13 21:24:26,993 - INFO - phi = [-0.11145644 -0.59671652 -0.07661594  0.22468811]
2025-12-13 21:24:27,554 - INFO - Computing feature importance...
2025-12-13 21:24:28,450 - INFO - Experiment completed for SVM
2025-12-13 21:24:28,450 - INFO - Total time: 25.08s (0.42 min)
2025-12-13 21:24:28,450 - INFO - Starting comprehensive experiment for SVM
2025-12-13 21:24:42,440 - INFO - Performing feature analysis...
2025-12-13 21:24:43,630 - INFO - Model justification: Effective for high-dimensional spaces and non-linear relationships using kernel trick
2025-12-13 21:24:43,630 - INFO - Performing robust cross-validation...
2025-12-13 21:24:43,811 - INFO - CV Results - MSE: 1.9134 ± 0.2847
2025-12-13 21:24:43,812 - INFO - Starting hyperparameter optimization...
2025-12-13 21:24:47,834 - INFO - Best parameters for SVM: {'C': 10.803490965080915, 'epsilon': 0.0017743645185112466, 'kernel': 'rbf'}
2025-12-13 21:24:47,834 - INFO - ⏱️ HPO took 4.02 seconds
2025-12-13 21:24:47,834 - INFO - Training final model...
2025-12-13 21:24:47,857 - INFO - ⏱️ Training took 0.02 seconds
2025-12-13 21:24:47,857 - INFO - Performing residual analysis...
2025-12-13 21:24:48,879 - INFO - Generating XAI explanations...
2025-12-13 21:24:48,881 - WARNING - Using 168 background data samples could cause slower run times. Consider using shap.sample(data, K) or shap.kmeans(data, K) to summarize the background as K samples.
2025-12-13 21:24:48,898 - INFO - num_full_subsets = 2
2025-12-13 21:24:48,934 - INFO - phi = [ 0.87991494  0.32225684  0.0163696  -0.19564011]
2025-12-13 21:24:48,951 - INFO - num_full_subsets = 2
2025-12-13 21:24:48,988 - INFO - phi = [-0.06731485 -1.2293742   1.29320565 -1.30837119]
2025-12-13 21:24:49,004 - INFO - num_full_subsets = 2
2025-12-13 21:24:49,042 - INFO - phi = [-0.1377806   0.82165506 -0.83167391  0.40021585]
2025-12-13 21:24:49,058 - INFO - num_full_subsets = 2
2025-12-13 21:24:49,095 - INFO - phi = [ 0.44646174  0.77866862 -0.26494664  0.84119279]
2025-12-13 21:24:49,112 - INFO - num_full_subsets = 2
2025-12-13 21:24:49,148 - INFO - phi = [ 0.11376562  0.47762715 -0.61126393  0.66325312]
2025-12-13 21:24:49,165 - INFO - num_full_subsets = 2
2025-12-13 21:24:49,202 - INFO - phi = [-0.22364844 -1.07846383  1.2279221  -1.17551989]
2025-12-13 21:24:49,219 - INFO - num_full_subsets = 2
2025-12-13 21:24:49,256 - INFO - phi = [-0.10594863  0.63991195 -0.63545763  0.69858754]
2025-12-13 21:24:49,272 - INFO - num_full_subsets = 2
2025-12-13 21:24:49,310 - INFO - phi = [-0.1967447   0.22313152 -0.70600607  0.58964081]
2025-12-13 21:24:49,326 - INFO - num_full_subsets = 2
2025-12-13 21:24:49,363 - INFO - phi = [-0.38726999 -0.76289153 -0.24465072 -0.35927066]
2025-12-13 21:24:49,379 - INFO - num_full_subsets = 2
2025-12-13 21:24:49,417 - INFO - phi = [-0.01252973  0.89128396 -0.60668553  0.65429352]
2025-12-13 21:24:49,433 - INFO - num_full_subsets = 2
2025-12-13 21:24:49,470 - INFO - phi = [-0.19479222 -0.59635676  0.06665758 -0.97921346]
2025-12-13 21:24:49,487 - INFO - num_full_subsets = 2
2025-12-13 21:24:49,524 - INFO - phi = [ 0.32832294 -0.11529423  0.15309862 -0.57368247]
2025-12-13 21:24:49,541 - INFO - num_full_subsets = 2
2025-12-13 21:24:49,577 - INFO - phi = [0.08047671 0.70800279 0.87543279 0.88164465]
2025-12-13 21:24:49,594 - INFO - num_full_subsets = 2
2025-12-13 21:24:49,631 - INFO - phi = [-0.10141465  0.84430733 -0.42080502  0.91499754]
2025-12-13 21:24:49,647 - INFO - num_full_subsets = 2
2025-12-13 21:24:49,685 - INFO - phi = [0.0163527  0.32661676 1.0596129  0.40190642]
2025-12-13 21:24:49,701 - INFO - num_full_subsets = 2
2025-12-13 21:24:49,738 - INFO - phi = [-4.96794089e-04 -9.04211561e-01  1.75107517e+00 -1.52552747e+00]
2025-12-13 21:24:49,755 - INFO - num_full_subsets = 2
2025-12-13 21:24:49,792 - INFO - phi = [-0.0675162   0.80460092  0.51440228 -0.35970513]
2025-12-13 21:24:49,809 - INFO - num_full_subsets = 2
2025-12-13 21:24:49,845 - INFO - phi = [-0.08418598  0.19248659 -0.36100257  0.93117532]
2025-12-13 21:24:49,862 - INFO - num_full_subsets = 2
2025-12-13 21:24:49,899 - INFO - phi = [-0.25415972 -0.55984828  0.14816829 -0.57696514]
2025-12-13 21:24:49,915 - INFO - num_full_subsets = 2
2025-12-13 21:24:49,952 - INFO - phi = [ 0.23345515  0.20148008 -0.08441225  0.65680874]
2025-12-13 21:24:49,969 - INFO - num_full_subsets = 2
2025-12-13 21:24:50,006 - INFO - phi = [-0.13971331  0.59046534 -0.40917886 -0.20321033]
2025-12-13 21:24:50,023 - INFO - num_full_subsets = 2
2025-12-13 21:24:50,060 - INFO - phi = [-0.40291956 -0.58896117 -0.17742648 -0.27971145]
2025-12-13 21:24:50,077 - INFO - num_full_subsets = 2
2025-12-13 21:24:50,114 - INFO - phi = [-0.1408869  -0.29833794  0.33410889 -0.10987844]
2025-12-13 21:24:50,130 - INFO - num_full_subsets = 2
2025-12-13 21:24:50,168 - INFO - phi = [-0.43814366 -1.02701714 -0.21144874 -0.13362754]
2025-12-13 21:24:50,185 - INFO - num_full_subsets = 2
2025-12-13 21:24:50,222 - INFO - phi = [-0.22494174 -1.03449424  1.27601718 -1.08490414]
2025-12-13 21:24:50,238 - INFO - num_full_subsets = 2
2025-12-13 21:24:50,276 - INFO - phi = [-0.04127654  0.94315077 -0.45775993  0.88160651]
2025-12-13 21:24:50,293 - INFO - num_full_subsets = 2
2025-12-13 21:24:50,331 - INFO - phi = [ 0.36584452  0.28040705 -0.72558746  0.4102678 ]
2025-12-13 21:24:50,348 - INFO - num_full_subsets = 2
2025-12-13 21:24:50,385 - INFO - phi = [ 0.61125496  0.14261154 -0.17649314 -0.0639465 ]
2025-12-13 21:24:50,402 - INFO - num_full_subsets = 2
2025-12-13 21:24:50,439 - INFO - phi = [-0.44364437 -0.90462004 -0.17804577 -0.11655135]
2025-12-13 21:24:50,456 - INFO - num_full_subsets = 2
2025-12-13 21:24:50,494 - INFO - phi = [-0.38586682 -0.63685657 -0.3984963   0.12552665]
2025-12-13 21:24:50,510 - INFO - num_full_subsets = 2
2025-12-13 21:24:50,548 - INFO - phi = [ 0.58959651 -0.15412761 -0.85794548  0.06836454]
2025-12-13 21:24:50,564 - INFO - num_full_subsets = 2
2025-12-13 21:24:50,602 - INFO - phi = [-0.08616411  0.67349499 -0.42979827  0.30124183]
2025-12-13 21:24:50,618 - INFO - num_full_subsets = 2
2025-12-13 21:24:50,655 - INFO - phi = [ 0.52552406  0.15683468 -0.67028658 -0.91980372]
2025-12-13 21:24:50,672 - INFO - num_full_subsets = 2
2025-12-13 21:24:50,709 - INFO - phi = [-0.29070616 -0.83468412 -0.08227223 -0.53527411]
2025-12-13 21:24:50,726 - INFO - num_full_subsets = 2
2025-12-13 21:24:50,764 - INFO - phi = [-0.04408146  0.39072658  0.47868742 -1.04875041]
2025-12-13 21:24:50,780 - INFO - num_full_subsets = 2
2025-12-13 21:24:50,818 - INFO - phi = [-0.19077074 -0.91737108  0.22530444  0.34378541]
2025-12-13 21:24:50,835 - INFO - num_full_subsets = 2
2025-12-13 21:24:50,873 - INFO - phi = [0.3675414  0.60869347 0.08223494 0.45607759]
2025-12-13 21:24:50,889 - INFO - num_full_subsets = 2
2025-12-13 21:24:50,926 - INFO - phi = [-0.0286126   1.02689331  0.89648452  0.63944988]
2025-12-13 21:24:50,943 - INFO - num_full_subsets = 2
2025-12-13 21:24:50,981 - INFO - phi = [-0.41753559 -0.90816196 -0.26135232 -0.205539  ]
2025-12-13 21:24:50,997 - INFO - num_full_subsets = 2
2025-12-13 21:24:51,034 - INFO - phi = [0.04054942 0.85590856 1.01667973 0.49235711]
2025-12-13 21:24:51,051 - INFO - num_full_subsets = 2
2025-12-13 21:24:51,088 - INFO - phi = [0.15484536 0.98758479 1.14683312 0.68533768]
2025-12-13 21:24:51,104 - INFO - num_full_subsets = 2
2025-12-13 21:24:51,142 - INFO - phi = [ 0.01663035  0.01152148 -0.04720916  0.61345185]
2025-12-13 21:24:51,158 - INFO - num_full_subsets = 2
2025-12-13 21:24:51,196 - INFO - phi = [-0.10818701 -0.59505752 -1.26172044  0.03438025]
2025-12-13 21:24:51,212 - INFO - num_full_subsets = 2
2025-12-13 21:24:51,250 - INFO - phi = [-0.13228908  0.712295   -0.85178742  0.38690748]
2025-12-13 21:24:51,266 - INFO - num_full_subsets = 2
2025-12-13 21:24:51,303 - INFO - phi = [ 0.29754408  0.29548206  0.2186236  -1.0361967 ]
2025-12-13 21:24:51,319 - INFO - num_full_subsets = 2
2025-12-13 21:24:51,357 - INFO - phi = [ 0.10665793  0.5303358   0.19009763 -0.68901253]
2025-12-13 21:24:51,374 - INFO - num_full_subsets = 2
2025-12-13 21:24:51,412 - INFO - phi = [ 0.58269079  0.46738442 -0.29349482  0.72457899]
2025-12-13 21:24:51,428 - INFO - num_full_subsets = 2
2025-12-13 21:24:51,466 - INFO - phi = [ 0.5012453   0.97286713 -0.02039469  0.67348831]
2025-12-13 21:24:51,482 - INFO - num_full_subsets = 2
2025-12-13 21:24:51,519 - INFO - phi = [-0.0679788  -0.14906137  0.42855963 -1.24693741]
2025-12-13 21:24:51,536 - INFO - num_full_subsets = 2
2025-12-13 21:24:51,573 - INFO - phi = [-0.29070616 -0.83468412 -0.08227223 -0.53527411]
2025-12-13 21:24:51,589 - INFO - num_full_subsets = 2
2025-12-13 21:24:51,626 - INFO - phi = [-0.35882876 -0.75187285 -0.18711481 -0.1910535 ]
2025-12-13 21:24:51,643 - INFO - num_full_subsets = 2
2025-12-13 21:24:51,680 - INFO - phi = [0.36514806 0.02946229 0.01435485 0.52625925]
2025-12-13 21:24:51,697 - INFO - num_full_subsets = 2
2025-12-13 21:24:51,733 - INFO - phi = [-0.00137268  0.57845786 -0.46767147  0.73596907]
2025-12-13 21:24:51,750 - INFO - num_full_subsets = 2
2025-12-13 21:24:51,787 - INFO - phi = [ 0.28007132  0.73204547 -0.11227812  0.66911623]
2025-12-13 21:24:51,804 - INFO - num_full_subsets = 2
2025-12-13 21:24:51,840 - INFO - phi = [0.31956604 0.55626122 0.11654647 0.18612349]
2025-12-13 21:24:51,857 - INFO - num_full_subsets = 2
2025-12-13 21:24:51,894 - INFO - phi = [-0.18511347  0.82835846 -0.38125496  0.48747399]
2025-12-13 21:24:51,910 - INFO - num_full_subsets = 2
2025-12-13 21:24:51,948 - INFO - phi = [ 0.23172489  0.26717249 -0.32104389 -0.91524467]
2025-12-13 21:24:51,964 - INFO - num_full_subsets = 2
2025-12-13 21:24:52,001 - INFO - phi = [-0.09632621  0.66743083  0.45521774 -0.81547304]
2025-12-13 21:24:52,018 - INFO - num_full_subsets = 2
2025-12-13 21:24:52,056 - INFO - phi = [-0.0832971   0.94011861 -0.44629843  0.94580879]
2025-12-13 21:24:52,072 - INFO - num_full_subsets = 2
2025-12-13 21:24:52,110 - INFO - phi = [-0.10306359  0.27891925 -0.24477716  0.39267545]
2025-12-13 21:24:52,127 - INFO - num_full_subsets = 2
2025-12-13 21:24:52,164 - INFO - phi = [0.19029971 1.30446943 1.74436847 0.58899881]
2025-12-13 21:24:52,180 - INFO - num_full_subsets = 2
2025-12-13 21:24:52,217 - INFO - phi = [-0.30458074  0.14468818 -0.23365912 -0.2716122 ]
2025-12-13 21:24:52,234 - INFO - num_full_subsets = 2
2025-12-13 21:24:52,272 - INFO - phi = [-0.20736916 -1.09328401  0.63729123 -1.13073751]
2025-12-13 21:24:52,289 - INFO - num_full_subsets = 2
2025-12-13 21:24:52,326 - INFO - phi = [-0.43514268 -0.89519084 -0.13881002 -0.2317181 ]
2025-12-13 21:24:52,342 - INFO - num_full_subsets = 2
2025-12-13 21:24:52,379 - INFO - phi = [-0.25102813 -0.5024262  -0.58671896  0.63938769]
2025-12-13 21:24:52,396 - INFO - num_full_subsets = 2
2025-12-13 21:24:52,433 - INFO - phi = [ 0.05616545  0.88966781 -0.28371991  0.4974674 ]
2025-12-13 21:24:52,450 - INFO - num_full_subsets = 2
2025-12-13 21:24:52,488 - INFO - phi = [-0.33539415 -1.06219794 -0.23786325  0.2964478 ]
2025-12-13 21:24:52,504 - INFO - num_full_subsets = 2
2025-12-13 21:24:52,541 - INFO - phi = [-0.19940067  0.65273952 -0.65692045  0.0392013 ]
2025-12-13 21:24:52,558 - INFO - num_full_subsets = 2
2025-12-13 21:24:52,596 - INFO - phi = [-0.00297651  0.87718902  0.83472535  0.53434144]
2025-12-13 21:24:52,612 - INFO - num_full_subsets = 2
2025-12-13 21:24:52,650 - INFO - phi = [ 0.74196431  0.54617478 -0.39662603  0.65542091]
2025-12-13 21:24:52,666 - INFO - num_full_subsets = 2
2025-12-13 21:24:52,703 - INFO - phi = [-0.18967245 -1.23082129  1.04107725 -1.2540818 ]
2025-12-13 21:24:52,719 - INFO - num_full_subsets = 2
2025-12-13 21:24:52,757 - INFO - phi = [-0.13967666 -0.23230747 -0.84047101  0.82135057]
2025-12-13 21:24:52,774 - INFO - num_full_subsets = 2
2025-12-13 21:24:52,811 - INFO - phi = [-0.16836118 -0.78857369 -0.01188035 -0.77561166]
2025-12-13 21:24:52,827 - INFO - num_full_subsets = 2
2025-12-13 21:24:52,865 - INFO - phi = [-0.05940441 -1.05324625  1.0688849  -1.24118237]
2025-12-13 21:24:52,881 - INFO - num_full_subsets = 2
2025-12-13 21:24:52,918 - INFO - phi = [-0.36607197 -0.35384032  1.20556084  0.67925998]
2025-12-13 21:24:52,935 - INFO - num_full_subsets = 2
2025-12-13 21:24:52,973 - INFO - phi = [-0.3486713  -0.52547365 -0.64616539 -0.03334934]
2025-12-13 21:24:52,989 - INFO - num_full_subsets = 2
2025-12-13 21:24:53,027 - INFO - phi = [0.02838087 0.0850453  1.74612798 0.06712488]
2025-12-13 21:24:53,044 - INFO - num_full_subsets = 2
2025-12-13 21:24:53,081 - INFO - phi = [ 0.3038076   0.2261727  -0.25221818  0.65473949]
2025-12-13 21:24:53,098 - INFO - num_full_subsets = 2
2025-12-13 21:24:53,135 - INFO - phi = [-0.28404031 -0.75582587  0.02280097 -0.75508958]
2025-12-13 21:24:53,151 - INFO - num_full_subsets = 2
2025-12-13 21:24:53,188 - INFO - phi = [-0.16503045 -0.23940614 -0.6028721   0.80300218]
2025-12-13 21:24:53,205 - INFO - num_full_subsets = 2
2025-12-13 21:24:53,243 - INFO - phi = [ 0.74647354  0.08051339 -0.08343386 -1.10474596]
2025-12-13 21:24:53,259 - INFO - num_full_subsets = 2
2025-12-13 21:24:53,296 - INFO - phi = [ 0.47087952  0.58650096 -0.24412292  0.65778903]
2025-12-13 21:24:53,313 - INFO - num_full_subsets = 2
2025-12-13 21:24:53,350 - INFO - phi = [-0.38795334 -0.5842168  -0.17793239 -0.52114932]
2025-12-13 21:24:53,366 - INFO - num_full_subsets = 2
2025-12-13 21:24:53,404 - INFO - phi = [ 0.22637359 -0.00907764  0.41116954 -0.09091411]
2025-12-13 21:24:53,421 - INFO - num_full_subsets = 2
2025-12-13 21:24:53,458 - INFO - phi = [-0.25689482 -0.22715506 -0.14215271 -1.078617  ]
2025-12-13 21:24:53,474 - INFO - num_full_subsets = 2
2025-12-13 21:24:53,511 - INFO - phi = [-0.27488389  1.09546177  1.21602079  0.58421708]
2025-12-13 21:24:53,528 - INFO - num_full_subsets = 2
2025-12-13 21:24:53,565 - INFO - phi = [-0.45724865 -1.33283492 -0.3426485   0.1729408 ]
2025-12-13 21:24:53,581 - INFO - num_full_subsets = 2
2025-12-13 21:24:53,618 - INFO - phi = [0.31483203 0.4561427  0.0086136  0.9073049 ]
2025-12-13 21:24:53,635 - INFO - num_full_subsets = 2
2025-12-13 21:24:53,673 - INFO - phi = [-0.00137268  0.57845786 -0.46767147  0.73596907]
2025-12-13 21:24:53,689 - INFO - num_full_subsets = 2
2025-12-13 21:24:53,726 - INFO - phi = [0.18633089 0.89751256 1.10370635 1.07694718]
2025-12-13 21:24:53,743 - INFO - num_full_subsets = 2
2025-12-13 21:24:53,780 - INFO - phi = [-0.26561638 -0.07754009 -0.26091723  0.45868154]
2025-12-13 21:24:53,796 - INFO - num_full_subsets = 2
2025-12-13 21:24:53,834 - INFO - phi = [-0.08800196  1.00032706 -0.17521771 -0.21212779]
2025-12-13 21:24:53,851 - INFO - num_full_subsets = 2
2025-12-13 21:24:53,888 - INFO - phi = [-0.21788344 -0.10549919 -0.30759262  0.6888089 ]
2025-12-13 21:24:53,904 - INFO - num_full_subsets = 2
2025-12-13 21:24:53,941 - INFO - phi = [ 0.22712194  0.8430551  -0.15445593  0.69274355]
2025-12-13 21:24:53,958 - INFO - num_full_subsets = 2
2025-12-13 21:24:53,996 - INFO - phi = [-0.14236094  0.50885481 -0.96576743  0.25180109]
2025-12-13 21:24:54,012 - INFO - num_full_subsets = 2
2025-12-13 21:24:54,050 - INFO - phi = [ 0.71018229  0.6828195  -0.34255194  0.55693781]
2025-12-13 21:24:54,067 - INFO - num_full_subsets = 2
2025-12-13 21:24:54,105 - INFO - phi = [ 0.146677    0.35864954  0.81867281 -0.74495579]
2025-12-13 21:24:54,122 - INFO - num_full_subsets = 2
2025-12-13 21:24:54,159 - INFO - phi = [-0.09045618 -0.47795383  1.81620553 -0.54105593]
2025-12-13 21:24:54,176 - INFO - num_full_subsets = 2
2025-12-13 21:24:54,213 - INFO - phi = [-0.23990172 -0.53682827  0.21449516 -0.97346154]
2025-12-13 21:24:54,230 - INFO - num_full_subsets = 2
2025-12-13 21:24:54,267 - INFO - phi = [-0.30766644 -0.35294358 -0.17081164 -0.94633696]
2025-12-13 21:24:54,284 - INFO - num_full_subsets = 2
2025-12-13 21:24:54,321 - INFO - phi = [-0.20771181 -0.16445512 -0.39854648 -0.45508789]
2025-12-13 21:24:54,338 - INFO - num_full_subsets = 2
2025-12-13 21:24:54,375 - INFO - phi = [0.08312789 1.09825497 1.0657946  0.64420825]
2025-12-13 21:24:54,392 - INFO - num_full_subsets = 2
2025-12-13 21:24:54,429 - INFO - phi = [-0.31845956 -1.11199495 -0.17428505  0.19599031]
2025-12-13 21:24:54,445 - INFO - num_full_subsets = 2
2025-12-13 21:24:54,483 - INFO - phi = [-0.21782702 -0.96226904  0.99671192 -1.21455975]
2025-12-13 21:24:54,499 - INFO - num_full_subsets = 2
2025-12-13 21:24:54,536 - INFO - phi = [-0.27620777 -0.52771156 -0.11586661 -0.84107075]
2025-12-13 21:24:54,553 - INFO - num_full_subsets = 2
2025-12-13 21:24:54,590 - INFO - phi = [-0.07272553  0.71959504 -0.40297117  1.02544142]
2025-12-13 21:24:54,607 - INFO - num_full_subsets = 2
2025-12-13 21:24:54,644 - INFO - phi = [0.46011363 1.0541834  1.3311161  0.90628754]
2025-12-13 21:24:54,660 - INFO - num_full_subsets = 2
2025-12-13 21:24:54,697 - INFO - phi = [-0.19137336 -0.80680464  0.03574319  0.44137106]
2025-12-13 21:24:54,714 - INFO - num_full_subsets = 2
2025-12-13 21:24:54,751 - INFO - phi = [ 0.68493117 -0.05203045 -0.35816678  0.5741856 ]
2025-12-13 21:24:54,768 - INFO - num_full_subsets = 2
2025-12-13 21:24:54,805 - INFO - phi = [-0.20696154 -0.76063898  0.48150977 -1.14883918]
2025-12-13 21:24:54,821 - INFO - num_full_subsets = 2
2025-12-13 21:24:54,858 - INFO - phi = [-0.26483842  0.4384304  -0.5893715   0.00272317]
2025-12-13 21:24:54,875 - INFO - num_full_subsets = 2
2025-12-13 21:24:54,912 - INFO - phi = [-0.58679104  0.31286482  0.91819829  0.66233016]
2025-12-13 21:24:54,928 - INFO - num_full_subsets = 2
2025-12-13 21:24:54,965 - INFO - phi = [0.29193402 1.15683376 1.13833408 0.72067078]
2025-12-13 21:24:54,982 - INFO - num_full_subsets = 2
2025-12-13 21:24:55,020 - INFO - phi = [ 0.82396594  0.22738431 -0.43462133 -0.65392148]
2025-12-13 21:24:55,037 - INFO - num_full_subsets = 2
2025-12-13 21:24:55,075 - INFO - phi = [ 0.76899447  0.47400878  0.02694528 -1.03808477]
2025-12-13 21:24:55,091 - INFO - num_full_subsets = 2
2025-12-13 21:24:55,129 - INFO - phi = [-0.17095248  0.69352701 -0.57990216  0.36691424]
2025-12-13 21:24:55,145 - INFO - num_full_subsets = 2
2025-12-13 21:24:55,183 - INFO - phi = [-0.44528812 -0.77336585 -0.25132265 -0.14133817]
2025-12-13 21:24:55,200 - INFO - num_full_subsets = 2
2025-12-13 21:24:55,237 - INFO - phi = [-0.35920241 -0.57844603 -0.14259736 -0.63691321]
2025-12-13 21:24:55,254 - INFO - num_full_subsets = 2
2025-12-13 21:24:55,292 - INFO - phi = [-0.382384   -1.12527841 -0.49609036  0.34846979]
2025-12-13 21:24:55,308 - INFO - num_full_subsets = 2
2025-12-13 21:24:55,346 - INFO - phi = [-0.41214024 -1.05917358 -0.38996946  0.20567401]
2025-12-13 21:24:55,362 - INFO - num_full_subsets = 2
2025-12-13 21:24:55,400 - INFO - phi = [-0.45175154 -0.91693775 -0.17212534 -0.11857519]
2025-12-13 21:24:55,417 - INFO - num_full_subsets = 2
2025-12-13 21:24:55,454 - INFO - phi = [ 0.21184237  0.49606514  0.34984125 -0.5074785 ]
2025-12-13 21:24:55,471 - INFO - num_full_subsets = 2
2025-12-13 21:24:55,508 - INFO - phi = [-0.26019585 -0.58313397 -0.3103757  -0.55245578]
2025-12-13 21:24:55,524 - INFO - num_full_subsets = 2
2025-12-13 21:24:55,561 - INFO - phi = [-0.42330315 -0.64551977 -0.21533628  0.0425937 ]
2025-12-13 21:24:55,578 - INFO - num_full_subsets = 2
2025-12-13 21:24:55,615 - INFO - phi = [ 0.67624506 -0.00536954 -0.09246213 -1.47160202]
2025-12-13 21:24:55,631 - INFO - num_full_subsets = 2
2025-12-13 21:24:55,668 - INFO - phi = [ 0.00553816  0.71944839 -0.28070567  0.79362578]
2025-12-13 21:24:55,684 - INFO - num_full_subsets = 2
2025-12-13 21:24:55,722 - INFO - phi = [-0.30730218 -0.68265473 -0.10801529 -0.71755488]
2025-12-13 21:24:55,738 - INFO - num_full_subsets = 2
2025-12-13 21:24:55,775 - INFO - phi = [ 0.01155277  0.57077187 -1.02950399  0.71138549]
2025-12-13 21:24:55,792 - INFO - num_full_subsets = 2
2025-12-13 21:24:55,829 - INFO - phi = [-0.42325025 -0.82161697 -0.12617513 -0.31273944]
2025-12-13 21:24:55,845 - INFO - num_full_subsets = 2
2025-12-13 21:24:55,883 - INFO - phi = [-0.07010104 -0.81976503  1.62780406 -1.42136422]
2025-12-13 21:24:55,900 - INFO - num_full_subsets = 2
2025-12-13 21:24:55,937 - INFO - phi = [-0.24102098  0.29336177  0.27028455  0.51953424]
2025-12-13 21:24:55,953 - INFO - num_full_subsets = 2
2025-12-13 21:24:55,991 - INFO - phi = [ 0.07685042  0.06616161 -0.00597172  0.33340823]
2025-12-13 21:24:56,007 - INFO - num_full_subsets = 2
2025-12-13 21:24:56,045 - INFO - phi = [-0.10747854 -1.27412088  0.57298701 -1.01782871]
2025-12-13 21:24:56,062 - INFO - num_full_subsets = 2
2025-12-13 21:24:56,099 - INFO - phi = [ 0.7602061   0.36176848 -0.11926846  0.67780496]
2025-12-13 21:24:56,116 - INFO - num_full_subsets = 2
2025-12-13 21:24:56,154 - INFO - phi = [-0.10818701 -0.59505752 -1.26172044  0.03438025]
2025-12-13 21:24:56,171 - INFO - num_full_subsets = 2
2025-12-13 21:24:56,208 - INFO - phi = [-0.07533703  0.44330712  0.41938854 -1.07208007]
2025-12-13 21:24:56,225 - INFO - num_full_subsets = 2
2025-12-13 21:24:56,262 - INFO - phi = [ 0.51559864  0.27334827 -0.54135456  0.28846183]
2025-12-13 21:24:56,278 - INFO - num_full_subsets = 2
2025-12-13 21:24:56,316 - INFO - phi = [ 0.71912743  0.07795158 -0.21598886  0.38959872]
2025-12-13 21:24:56,333 - INFO - num_full_subsets = 2
2025-12-13 21:24:56,370 - INFO - phi = [-0.35116258 -1.08321505 -0.17510072 -0.03788349]
2025-12-13 21:24:56,387 - INFO - num_full_subsets = 2
2025-12-13 21:24:56,424 - INFO - phi = [-0.33454651 -0.5832088  -0.10847128 -0.6921563 ]
2025-12-13 21:24:56,441 - INFO - num_full_subsets = 2
2025-12-13 21:24:56,478 - INFO - phi = [-0.21223046  0.75915643 -0.46341984  0.6389181 ]
2025-12-13 21:24:56,495 - INFO - num_full_subsets = 2
2025-12-13 21:24:56,532 - INFO - phi = [ 0.82396594  0.22738431 -0.43462133 -0.65392148]
2025-12-13 21:24:56,548 - INFO - num_full_subsets = 2
2025-12-13 21:24:56,586 - INFO - phi = [-0.33725153 -0.196416   -0.40017568  0.19922606]
2025-12-13 21:24:56,602 - INFO - num_full_subsets = 2
2025-12-13 21:24:56,639 - INFO - phi = [-0.04867671  0.79881628 -0.38133502  0.860284  ]
2025-12-13 21:24:56,656 - INFO - num_full_subsets = 2
2025-12-13 21:24:56,693 - INFO - phi = [-0.28195049 -0.87551908  0.04715596 -0.76890081]
2025-12-13 21:24:56,709 - INFO - num_full_subsets = 2
2025-12-13 21:24:56,747 - INFO - phi = [ 0.78739634 -0.01223355 -0.16785095 -0.90656734]
2025-12-13 21:24:56,764 - INFO - num_full_subsets = 2
2025-12-13 21:24:56,802 - INFO - phi = [ 0.51140264  0.32357222 -0.07753525 -1.29667371]
2025-12-13 21:24:56,818 - INFO - num_full_subsets = 2
2025-12-13 21:24:56,855 - INFO - phi = [-0.18410607 -0.7034442  -0.00479018 -0.84058846]
2025-12-13 21:24:56,872 - INFO - num_full_subsets = 2
2025-12-13 21:24:56,909 - INFO - phi = [-0.39205574 -0.10935151 -0.2327404  -0.40819682]
2025-12-13 21:24:56,926 - INFO - num_full_subsets = 2
2025-12-13 21:24:56,963 - INFO - phi = [ 0.47933442  0.10346882 -0.0119291   0.77383403]
2025-12-13 21:24:56,980 - INFO - num_full_subsets = 2
2025-12-13 21:24:57,018 - INFO - phi = [-0.16237181  0.83644775 -0.36023308  0.92021995]
2025-12-13 21:24:57,034 - INFO - num_full_subsets = 2
2025-12-13 21:24:57,072 - INFO - phi = [-0.2548725  -0.65999736 -0.61750077  0.62651489]
2025-12-13 21:24:57,089 - INFO - num_full_subsets = 2
2025-12-13 21:24:57,127 - INFO - phi = [-0.25242753 -0.69255971 -0.6384946   0.61066523]
2025-12-13 21:24:57,143 - INFO - num_full_subsets = 2
2025-12-13 21:24:57,180 - INFO - phi = [-0.32598066 -0.70462297 -0.18228293 -0.52847411]
2025-12-13 21:24:57,197 - INFO - num_full_subsets = 2
2025-12-13 21:24:57,235 - INFO - phi = [ 0.74739725  0.20177885 -0.21194306  0.7098898 ]
2025-12-13 21:24:57,251 - INFO - num_full_subsets = 2
2025-12-13 21:24:57,289 - INFO - phi = [-0.14526785  0.52549835 -0.34128825  0.91445065]
2025-12-13 21:24:57,305 - INFO - num_full_subsets = 2
2025-12-13 21:24:57,343 - INFO - phi = [ 0.87908404  0.2922721  -0.18445092 -0.47556656]
2025-12-13 21:24:57,359 - INFO - num_full_subsets = 2
2025-12-13 21:24:57,397 - INFO - phi = [ 0.74739725  0.20177885 -0.21194306  0.7098898 ]
2025-12-13 21:24:57,414 - INFO - num_full_subsets = 2
2025-12-13 21:24:57,451 - INFO - phi = [-0.36435294 -0.95925235 -0.23510179  0.25521285]
2025-12-13 21:24:57,468 - INFO - num_full_subsets = 2
2025-12-13 21:24:57,505 - INFO - phi = [ 0.19717107  0.88348962 -0.635623    0.84307115]
2025-12-13 21:24:57,522 - INFO - num_full_subsets = 2
2025-12-13 21:24:57,559 - INFO - phi = [ 0.89430555  0.22704982 -0.08594173 -0.52961632]
2025-12-13 21:24:57,576 - INFO - num_full_subsets = 2
2025-12-13 21:24:57,613 - INFO - phi = [-0.2928522  -0.42869953 -0.29527832 -0.74165709]
2025-12-13 21:24:57,630 - INFO - num_full_subsets = 2
2025-12-13 21:24:57,666 - INFO - phi = [0.33194989 1.15217224 1.38999506 0.75814561]
2025-12-13 21:24:57,682 - INFO - num_full_subsets = 2
2025-12-13 21:24:57,720 - INFO - phi = [ 0.01663035  0.01152148 -0.04720916  0.61345185]
2025-12-13 21:24:57,736 - INFO - num_full_subsets = 2
2025-12-13 21:24:57,774 - INFO - phi = [-0.43814366 -1.02701714 -0.21144874 -0.13362754]
2025-12-13 21:24:57,790 - INFO - num_full_subsets = 2
2025-12-13 21:24:57,827 - INFO - phi = [-0.14292859 -0.37035354  1.21609691 -1.26255965]
2025-12-13 21:24:57,844 - INFO - num_full_subsets = 2
2025-12-13 21:24:57,881 - INFO - phi = [-0.24909168 -0.12768053 -0.38543249  0.64593872]
2025-12-13 21:24:57,897 - INFO - num_full_subsets = 2
2025-12-13 21:24:57,935 - INFO - phi = [-0.23638586  0.52527844 -0.60495184  0.249295  ]
2025-12-13 21:24:58,457 - INFO - Computing feature importance...
2025-12-13 21:24:59,358 - INFO - Experiment completed for SVM
2025-12-13 21:24:59,359 - INFO - Total time: 30.52s (0.51 min)
2025-12-13 21:24:59,359 - INFO - Starting comprehensive experiment for SVM
2025-12-13 21:25:07,471 - INFO - Performing feature analysis...
2025-12-13 21:25:08,657 - INFO - Model justification: Effective for high-dimensional spaces and non-linear relationships using kernel trick
2025-12-13 21:25:08,657 - INFO - Performing robust cross-validation...
2025-12-13 21:25:08,836 - INFO - CV Results - MSE: 1.8370 ± 0.4046
2025-12-13 21:25:08,836 - INFO - Starting hyperparameter optimization...
2025-12-13 21:25:13,186 - INFO - Best parameters for SVM: {'C': 18.68367397659231, 'epsilon': 0.0365607220228638, 'kernel': 'rbf'}
2025-12-13 21:25:13,186 - INFO - ⏱️ HPO took 4.35 seconds
2025-12-13 21:25:13,186 - INFO - Training final model...
2025-12-13 21:25:13,211 - INFO - ⏱️ Training took 0.02 seconds
2025-12-13 21:25:13,211 - INFO - Performing residual analysis...
2025-12-13 21:25:14,274 - INFO - Generating XAI explanations...
2025-12-13 21:25:14,276 - WARNING - Using 168 background data samples could cause slower run times. Consider using shap.sample(data, K) or shap.kmeans(data, K) to summarize the background as K samples.
2025-12-13 21:25:14,293 - INFO - num_full_subsets = 2
2025-12-13 21:25:14,326 - INFO - phi = [ 0.54670089  0.71352584  0.44596467 -0.05672355]
2025-12-13 21:25:14,343 - INFO - num_full_subsets = 2
2025-12-13 21:25:14,378 - INFO - phi = [ 0.30354383  0.00336923 -0.32974563 -0.49473122]
2025-12-13 21:25:14,395 - INFO - num_full_subsets = 2
2025-12-13 21:25:14,430 - INFO - phi = [-0.01333313  0.89157445 -0.31835894  0.84352705]
2025-12-13 21:25:14,447 - INFO - num_full_subsets = 2
2025-12-13 21:25:14,482 - INFO - phi = [0.00845823 0.73235286 0.95465554 0.61423529]
2025-12-13 21:25:14,500 - INFO - num_full_subsets = 2
2025-12-13 21:25:14,535 - INFO - phi = [-0.08679844  0.49112528 -0.15232576  0.67952073]
2025-12-13 21:25:14,551 - INFO - num_full_subsets = 2
2025-12-13 21:25:14,586 - INFO - phi = [-0.36265877 -0.95180403  1.06845974 -0.91770738]
2025-12-13 21:25:14,603 - INFO - num_full_subsets = 2
2025-12-13 21:25:14,637 - INFO - phi = [-0.23997163 -1.17235591  0.53454589 -1.11353512]
2025-12-13 21:25:14,654 - INFO - num_full_subsets = 2
2025-12-13 21:25:14,688 - INFO - phi = [-0.21626619 -0.95456995  1.04018049 -1.1993019 ]
2025-12-13 21:25:14,705 - INFO - num_full_subsets = 2
2025-12-13 21:25:14,739 - INFO - phi = [ 0.25953009  0.38616905  0.45376426 -1.233802  ]
2025-12-13 21:25:14,756 - INFO - num_full_subsets = 2
2025-12-13 21:25:14,790 - INFO - phi = [ 1.16758346 -0.25679405 -0.07418089 -0.90006931]
2025-12-13 21:25:14,807 - INFO - num_full_subsets = 2
2025-12-13 21:25:14,842 - INFO - phi = [-0.17420304  0.56866565 -0.12310902  0.54847369]
2025-12-13 21:25:14,858 - INFO - num_full_subsets = 2
2025-12-13 21:25:14,893 - INFO - phi = [0.04974971 0.19825285 1.26713309 1.12762527]
2025-12-13 21:25:14,910 - INFO - num_full_subsets = 2
2025-12-13 21:25:14,945 - INFO - phi = [-0.20070384  0.34873099 -0.95066096  0.20849956]
2025-12-13 21:25:14,961 - INFO - num_full_subsets = 2
2025-12-13 21:25:14,996 - INFO - phi = [-0.20914172 -0.94401778  0.84992831  0.75923123]
2025-12-13 21:25:15,013 - INFO - num_full_subsets = 2
2025-12-13 21:25:15,048 - INFO - phi = [ 0.1130252   0.90036089 -0.05591813  0.52097335]
2025-12-13 21:25:15,065 - INFO - num_full_subsets = 2
2025-12-13 21:25:15,100 - INFO - phi = [-0.08679844  0.49112528 -0.15232576  0.67952073]
2025-12-13 21:25:15,117 - INFO - num_full_subsets = 2
2025-12-13 21:25:15,152 - INFO - phi = [ 0.82905016  0.32325907 -0.18287672 -0.23495184]
2025-12-13 21:25:15,168 - INFO - num_full_subsets = 2
2025-12-13 21:25:15,203 - INFO - phi = [-0.38031915 -0.78550692 -0.26394777 -0.37889664]
2025-12-13 21:25:15,220 - INFO - num_full_subsets = 2
2025-12-13 21:25:15,255 - INFO - phi = [-0.36019669 -1.22098514 -0.47001645  0.3285064 ]
2025-12-13 21:25:15,271 - INFO - num_full_subsets = 2
2025-12-13 21:25:15,306 - INFO - phi = [-0.08611943  0.55019736 -0.71276165  0.59798367]
2025-12-13 21:25:15,323 - INFO - num_full_subsets = 2
2025-12-13 21:25:15,357 - INFO - phi = [-0.26159465  0.90608737 -0.0344895   0.48998276]
2025-12-13 21:25:15,374 - INFO - num_full_subsets = 2
2025-12-13 21:25:15,409 - INFO - phi = [-0.24804679 -0.71844201  1.55520331 -1.24051109]
2025-12-13 21:25:15,426 - INFO - num_full_subsets = 2
2025-12-13 21:25:15,461 - INFO - phi = [-0.21782814  0.75058614 -0.06012497  0.63163895]
2025-12-13 21:25:15,478 - INFO - num_full_subsets = 2
2025-12-13 21:25:15,512 - INFO - phi = [-0.41323109 -0.93135077 -0.14383044 -0.34977773]
2025-12-13 21:25:15,530 - INFO - num_full_subsets = 2
2025-12-13 21:25:15,564 - INFO - phi = [-0.26130331 -1.07061291 -1.54878255 -0.11543936]
2025-12-13 21:25:15,581 - INFO - num_full_subsets = 2
2025-12-13 21:25:15,616 - INFO - phi = [-0.24823471 -0.45136142  0.47029671  0.99920176]
2025-12-13 21:25:15,632 - INFO - num_full_subsets = 2
2025-12-13 21:25:15,667 - INFO - phi = [ 0.72213447 -0.09644026 -0.64108124  0.53347662]
2025-12-13 21:25:15,684 - INFO - num_full_subsets = 2
2025-12-13 21:25:15,718 - INFO - phi = [-0.0801133   0.66259112  0.81567703  0.91743757]
2025-12-13 21:25:15,735 - INFO - num_full_subsets = 2
2025-12-13 21:25:15,770 - INFO - phi = [ 0.27570188  0.28095196 -0.79894146  0.658376  ]
2025-12-13 21:25:15,787 - INFO - num_full_subsets = 2
2025-12-13 21:25:15,821 - INFO - phi = [0.97651515 0.40015493 0.32828494 0.19306217]
2025-12-13 21:25:15,837 - INFO - num_full_subsets = 2
2025-12-13 21:25:15,871 - INFO - phi = [-0.21481086 -0.1842723   0.387144   -1.38242611]
2025-12-13 21:25:15,888 - INFO - num_full_subsets = 2
2025-12-13 21:25:15,923 - INFO - phi = [-0.26435431  0.51759825  1.06406756  0.60065016]
2025-12-13 21:25:15,940 - INFO - num_full_subsets = 2
2025-12-13 21:25:15,974 - INFO - phi = [-0.24265751 -0.76657375 -0.06068005 -0.67296076]
2025-12-13 21:25:15,991 - INFO - num_full_subsets = 2
2025-12-13 21:25:16,026 - INFO - phi = [ 0.69030913  0.72061575 -0.39193681  0.74337089]
2025-12-13 21:25:16,043 - INFO - num_full_subsets = 2
2025-12-13 21:25:16,077 - INFO - phi = [ 0.44181092  0.2111925  -0.19740504  0.5644364 ]
2025-12-13 21:25:16,094 - INFO - num_full_subsets = 2
2025-12-13 21:25:16,129 - INFO - phi = [0.29718802 0.70546125 1.08477095 0.69484265]
2025-12-13 21:25:16,146 - INFO - num_full_subsets = 2
2025-12-13 21:25:16,181 - INFO - phi = [-0.3514832   0.75123363 -0.26459263 -0.56841578]
2025-12-13 21:25:16,198 - INFO - num_full_subsets = 2
2025-12-13 21:25:16,232 - INFO - phi = [-0.39061317 -0.79388037 -0.29199637 -0.28439721]
2025-12-13 21:25:16,249 - INFO - num_full_subsets = 2
2025-12-13 21:25:16,284 - INFO - phi = [-0.24711518 -0.65532179 -0.05984245 -0.65915765]
2025-12-13 21:25:16,300 - INFO - num_full_subsets = 2
2025-12-13 21:25:16,335 - INFO - phi = [-0.3960292  -1.18947618 -0.09047138  0.1151161 ]
2025-12-13 21:25:16,352 - INFO - num_full_subsets = 2
2025-12-13 21:25:16,386 - INFO - phi = [-0.28778899  0.43856154 -0.50493766 -0.04053105]
2025-12-13 21:25:16,403 - INFO - num_full_subsets = 2
2025-12-13 21:25:16,437 - INFO - phi = [-0.18387369  0.36912435 -0.66884641  0.52349174]
2025-12-13 21:25:16,454 - INFO - num_full_subsets = 2
2025-12-13 21:25:16,489 - INFO - phi = [0.20656911 0.73853999 1.10726768 0.84191769]
2025-12-13 21:25:16,506 - INFO - num_full_subsets = 2
2025-12-13 21:25:16,540 - INFO - phi = [-0.37917339 -0.65698333  0.16860809 -0.41307072]
2025-12-13 21:25:16,558 - INFO - num_full_subsets = 2
2025-12-13 21:25:16,592 - INFO - phi = [-0.17123984  0.55548606 -0.61442591  0.59454957]
2025-12-13 21:25:16,609 - INFO - num_full_subsets = 2
2025-12-13 21:25:16,643 - INFO - phi = [0.24101405 0.90567597 1.13464794 0.96665217]
2025-12-13 21:25:16,660 - INFO - num_full_subsets = 2
2025-12-13 21:25:16,695 - INFO - phi = [ 0.71975817 -0.1368704  -0.75925448  0.53005043]
2025-12-13 21:25:16,712 - INFO - num_full_subsets = 2
2025-12-13 21:25:16,746 - INFO - phi = [-0.34585508 -0.89828142  0.67808007 -1.09670855]
2025-12-13 21:25:16,763 - INFO - num_full_subsets = 2
2025-12-13 21:25:16,798 - INFO - phi = [-0.10480215  0.90722001 -0.68528684  0.71172015]
2025-12-13 21:25:16,814 - INFO - num_full_subsets = 2
2025-12-13 21:25:16,849 - INFO - phi = [-0.39941925 -0.93547502 -0.34382239 -0.15856714]
2025-12-13 21:25:16,866 - INFO - num_full_subsets = 2
2025-12-13 21:25:16,901 - INFO - phi = [ 0.60479615  0.5225513  -0.4005188   0.76485075]
2025-12-13 21:25:16,918 - INFO - num_full_subsets = 2
2025-12-13 21:25:16,953 - INFO - phi = [-0.35125875 -1.06554726  0.33337514 -0.30873354]
2025-12-13 21:25:16,969 - INFO - num_full_subsets = 2
2025-12-13 21:25:17,004 - INFO - phi = [-0.43822487 -0.60092852 -0.12235717 -0.6024797 ]
2025-12-13 21:25:17,021 - INFO - num_full_subsets = 2
2025-12-13 21:25:17,056 - INFO - phi = [-0.33676017 -0.78423554  1.45276072 -1.20542076]
2025-12-13 21:25:17,073 - INFO - num_full_subsets = 2
2025-12-13 21:25:17,107 - INFO - phi = [-0.01875499  1.13081354  0.16236357  0.23606379]
2025-12-13 21:25:17,123 - INFO - num_full_subsets = 2
2025-12-13 21:25:17,158 - INFO - phi = [-0.2348269   0.96503486 -0.19308236  0.89595404]
2025-12-13 21:25:17,174 - INFO - num_full_subsets = 2
2025-12-13 21:25:17,209 - INFO - phi = [-0.38633176 -1.05261468 -0.17690912 -0.22624141]
2025-12-13 21:25:17,225 - INFO - num_full_subsets = 2
2025-12-13 21:25:17,259 - INFO - phi = [ 0.07578543  0.89278257 -0.34628507  0.82859592]
2025-12-13 21:25:17,276 - INFO - num_full_subsets = 2
2025-12-13 21:25:17,310 - INFO - phi = [ 8.23836896e-01  1.32105592e-01  2.95870772e-04 -3.05822632e-01]
2025-12-13 21:25:17,327 - INFO - num_full_subsets = 2
2025-12-13 21:25:17,361 - INFO - phi = [-0.1267561   0.09358858  1.53343992 -0.03470557]
2025-12-13 21:25:17,378 - INFO - num_full_subsets = 2
2025-12-13 21:25:17,413 - INFO - phi = [-0.39632673 -1.07608433 -0.43095786 -0.01752409]
2025-12-13 21:25:17,430 - INFO - num_full_subsets = 2
2025-12-13 21:25:17,464 - INFO - phi = [-0.24305623  0.2068931  -0.76239009  0.49587871]
2025-12-13 21:25:17,481 - INFO - num_full_subsets = 2
2025-12-13 21:25:17,516 - INFO - phi = [ 0.45014105  0.58783013 -0.43670676  0.68099148]
2025-12-13 21:25:17,533 - INFO - num_full_subsets = 2
2025-12-13 21:25:17,568 - INFO - phi = [-0.06485976 -0.49745495  1.58026554 -1.34273363]
2025-12-13 21:25:17,584 - INFO - num_full_subsets = 2
2025-12-13 21:25:17,619 - INFO - phi = [-0.38260509 -0.61758022 -0.07830347 -0.68679483]
2025-12-13 21:25:17,636 - INFO - num_full_subsets = 2
2025-12-13 21:25:17,670 - INFO - phi = [ 0.97961452  0.19667796 -0.25426257 -0.90301303]
2025-12-13 21:25:17,687 - INFO - num_full_subsets = 2
2025-12-13 21:25:17,721 - INFO - phi = [ 0.10544102 -0.24518697 -0.15359072 -0.81934392]
2025-12-13 21:25:17,738 - INFO - num_full_subsets = 2
2025-12-13 21:25:17,772 - INFO - phi = [ 0.50619135  0.09896998 -0.18886899 -0.35215983]
2025-12-13 21:25:17,789 - INFO - num_full_subsets = 2
2025-12-13 21:25:17,823 - INFO - phi = [-0.4142548  -0.86158845 -0.12675133 -0.43353067]
2025-12-13 21:25:17,840 - INFO - num_full_subsets = 2
2025-12-13 21:25:17,875 - INFO - phi = [ 0.40762839  0.38549521  0.53616288 -0.94857787]
2025-12-13 21:25:17,892 - INFO - num_full_subsets = 2
2025-12-13 21:25:17,927 - INFO - phi = [-0.35672006 -1.17106909 -0.20471427  0.2228795 ]
2025-12-13 21:25:17,943 - INFO - num_full_subsets = 2
2025-12-13 21:25:17,978 - INFO - phi = [ 1.28014673  0.10592261 -0.01035169 -0.9821047 ]
2025-12-13 21:25:17,995 - INFO - num_full_subsets = 2
2025-12-13 21:25:18,031 - INFO - phi = [ 0.93180345 -0.23946584 -0.15802411 -1.2200851 ]
2025-12-13 21:25:18,048 - INFO - num_full_subsets = 2
2025-12-13 21:25:18,082 - INFO - phi = [-0.14982621  0.58653748 -0.60396922  0.6191229 ]
2025-12-13 21:25:18,099 - INFO - num_full_subsets = 2
2025-12-13 21:25:18,134 - INFO - phi = [-0.12417682  0.77833161 -0.15562677  0.81327958]
2025-12-13 21:25:18,150 - INFO - num_full_subsets = 2
2025-12-13 21:25:18,186 - INFO - phi = [-0.19847602  0.59448181 -0.197241    1.01018458]
2025-12-13 21:25:18,202 - INFO - num_full_subsets = 2
2025-12-13 21:25:18,237 - INFO - phi = [0.72606953 0.18065028 0.3431399  0.78125315]
2025-12-13 21:25:18,253 - INFO - num_full_subsets = 2
2025-12-13 21:25:18,288 - INFO - phi = [-0.32061064 -0.250836   -0.40957208  0.14276096]
2025-12-13 21:25:18,305 - INFO - num_full_subsets = 2
2025-12-13 21:25:18,339 - INFO - phi = [ 0.36252064  0.33115425  0.69445323 -0.98885267]
2025-12-13 21:25:18,356 - INFO - num_full_subsets = 2
2025-12-13 21:25:18,390 - INFO - phi = [-0.12417682  0.77833161 -0.15562677  0.81327958]
2025-12-13 21:25:18,407 - INFO - num_full_subsets = 2
2025-12-13 21:25:18,441 - INFO - phi = [ 0.25647437 -0.15541408  0.55080158 -0.24939961]
2025-12-13 21:25:18,458 - INFO - num_full_subsets = 2
2025-12-13 21:25:18,492 - INFO - phi = [-0.14614677  0.4478408  -0.25430444  0.90258986]
2025-12-13 21:25:18,509 - INFO - num_full_subsets = 2
2025-12-13 21:25:18,544 - INFO - phi = [-0.38508972 -0.2637151  -0.08979613 -1.22373656]
2025-12-13 21:25:18,560 - INFO - num_full_subsets = 2
2025-12-13 21:25:18,595 - INFO - phi = [ 0.63442807  0.2041976   0.1338867  -1.1343993 ]
2025-12-13 21:25:18,612 - INFO - num_full_subsets = 2
2025-12-13 21:25:18,646 - INFO - phi = [ 0.12975915  0.7570272  -0.61348893  0.66467755]
2025-12-13 21:25:18,662 - INFO - num_full_subsets = 2
2025-12-13 21:25:18,697 - INFO - phi = [-0.21836173  0.54875041 -0.59116205  0.019009  ]
2025-12-13 21:25:18,714 - INFO - num_full_subsets = 2
2025-12-13 21:25:18,748 - INFO - phi = [-0.1587936  -0.38473756  0.82171242 -0.19917319]
2025-12-13 21:25:18,764 - INFO - num_full_subsets = 2
2025-12-13 21:25:18,799 - INFO - phi = [ 1.09127285  0.27883277 -0.00152714 -1.25049757]
2025-12-13 21:25:18,816 - INFO - num_full_subsets = 2
2025-12-13 21:25:18,851 - INFO - phi = [-0.38486317 -1.04195581 -0.24368034 -0.17959005]
2025-12-13 21:25:18,867 - INFO - num_full_subsets = 2
2025-12-13 21:25:18,901 - INFO - phi = [-0.36801542 -0.94768364  0.90328706 -1.09874075]
2025-12-13 21:25:18,918 - INFO - num_full_subsets = 2
2025-12-13 21:25:18,953 - INFO - phi = [0.79593445 0.21077732 0.7167978  0.77761472]
2025-12-13 21:25:18,969 - INFO - num_full_subsets = 2
2025-12-13 21:25:19,004 - INFO - phi = [-0.15687743  0.14780375 -0.39640531  0.61689379]
2025-12-13 21:25:19,021 - INFO - num_full_subsets = 2
2025-12-13 21:25:19,056 - INFO - phi = [-0.43169533 -0.86060661  0.09046182 -0.776032  ]
2025-12-13 21:25:19,072 - INFO - num_full_subsets = 2
2025-12-13 21:25:19,106 - INFO - phi = [ 0.30354383  0.00336923 -0.32974563 -0.49473122]
2025-12-13 21:25:19,123 - INFO - num_full_subsets = 2
2025-12-13 21:25:19,157 - INFO - phi = [-0.36334713 -0.15169582 -0.13756713  0.42372819]
2025-12-13 21:25:19,174 - INFO - num_full_subsets = 2
2025-12-13 21:25:19,209 - INFO - phi = [0.59312406 0.1917311  1.43332666 0.82059042]
2025-12-13 21:25:19,225 - INFO - num_full_subsets = 2
2025-12-13 21:25:19,260 - INFO - phi = [-0.05340723  0.65733363  0.13246112  0.97640977]
2025-12-13 21:25:19,276 - INFO - num_full_subsets = 2
2025-12-13 21:25:19,311 - INFO - phi = [-0.26265304 -0.29534502 -0.89988037  0.18611356]
2025-12-13 21:25:19,327 - INFO - num_full_subsets = 2
2025-12-13 21:25:19,362 - INFO - phi = [-0.20500896  0.78622329  0.36127978  0.50998877]
2025-12-13 21:25:19,379 - INFO - num_full_subsets = 2
2025-12-13 21:25:19,413 - INFO - phi = [ 0.85834351 -0.11779279  0.07786357 -1.05927747]
2025-12-13 21:25:19,430 - INFO - num_full_subsets = 2
2025-12-13 21:25:19,464 - INFO - phi = [-0.35036352 -1.11195479 -0.49051297  0.30668823]
2025-12-13 21:25:19,481 - INFO - num_full_subsets = 2
2025-12-13 21:25:19,516 - INFO - phi = [0.27548483 0.75057508 0.93948278 0.68429887]
2025-12-13 21:25:19,533 - INFO - num_full_subsets = 2
2025-12-13 21:25:19,567 - INFO - phi = [-0.40216887 -0.95444309 -0.20479185 -0.19263792]
2025-12-13 21:25:19,584 - INFO - num_full_subsets = 2
2025-12-13 21:25:19,618 - INFO - phi = [-0.1303152   0.96721487 -0.43340072  0.86119666]
2025-12-13 21:25:19,635 - INFO - num_full_subsets = 2
2025-12-13 21:25:19,669 - INFO - phi = [-0.17123984  0.55548606 -0.61442591  0.59454957]
2025-12-13 21:25:19,686 - INFO - num_full_subsets = 2
2025-12-13 21:25:19,720 - INFO - phi = [ 0.27570188  0.28095196 -0.79894146  0.658376  ]
2025-12-13 21:25:19,737 - INFO - num_full_subsets = 2
2025-12-13 21:25:19,771 - INFO - phi = [-0.27377102 -0.3213937   0.3555775  -0.22308178]
2025-12-13 21:25:19,788 - INFO - num_full_subsets = 2
2025-12-13 21:25:19,822 - INFO - phi = [-0.26130331 -1.07061291 -1.54878255 -0.11543936]
2025-12-13 21:25:19,839 - INFO - num_full_subsets = 2
2025-12-13 21:25:19,873 - INFO - phi = [-0.27303609 -0.92211694  0.39639161  0.74722974]
2025-12-13 21:25:19,890 - INFO - num_full_subsets = 2
2025-12-13 21:25:19,925 - INFO - phi = [-0.26842049 -0.77124056  0.07157232 -0.94243545]
2025-12-13 21:25:19,942 - INFO - num_full_subsets = 2
2025-12-13 21:25:19,977 - INFO - phi = [ 0.68940265  0.38646252  0.19396683 -1.21155149]
2025-12-13 21:25:19,993 - INFO - num_full_subsets = 2
2025-12-13 21:25:20,028 - INFO - phi = [-0.33322911 -1.17575369 -0.45241604  0.46679625]
2025-12-13 21:25:20,045 - INFO - num_full_subsets = 2
2025-12-13 21:25:20,079 - INFO - phi = [ 0.04786982  0.88147075 -0.47812525  0.64711657]
2025-12-13 21:25:20,096 - INFO - num_full_subsets = 2
2025-12-13 21:25:20,130 - INFO - phi = [ 0.33952432  0.00628188 -0.38245883 -0.14897364]
2025-12-13 21:25:20,147 - INFO - num_full_subsets = 2
2025-12-13 21:25:20,182 - INFO - phi = [ 0.10535059  0.11627387 -0.37856795  0.37375193]
2025-12-13 21:25:20,199 - INFO - num_full_subsets = 2
2025-12-13 21:25:20,233 - INFO - phi = [-0.23638693 -0.34763225  0.21297074  0.69775403]
2025-12-13 21:25:20,250 - INFO - num_full_subsets = 2
2025-12-13 21:25:20,284 - INFO - phi = [-0.15150992  0.92372835  0.08741943  0.95337995]
2025-12-13 21:25:20,301 - INFO - num_full_subsets = 2
2025-12-13 21:25:20,336 - INFO - phi = [-0.38097681 -0.78339209 -0.31550014 -0.33373329]
2025-12-13 21:25:20,353 - INFO - num_full_subsets = 2
2025-12-13 21:25:20,388 - INFO - phi = [0.02937826 0.79043195 0.32753557 0.59016039]
2025-12-13 21:25:20,405 - INFO - num_full_subsets = 2
2025-12-13 21:25:20,439 - INFO - phi = [-0.06072307  0.33898916  0.45800607  0.50353676]
2025-12-13 21:25:20,456 - INFO - num_full_subsets = 2
2025-12-13 21:25:20,491 - INFO - phi = [-0.0453615   0.70633202 -0.39747416  0.26940058]
2025-12-13 21:25:20,507 - INFO - num_full_subsets = 2
2025-12-13 21:25:20,542 - INFO - phi = [-0.26826919 -0.33068043  0.12436712  0.96013951]
2025-12-13 21:25:20,558 - INFO - num_full_subsets = 2
2025-12-13 21:25:20,593 - INFO - phi = [ 1.07470914  0.26995749 -0.19352267 -0.90073468]
2025-12-13 21:25:20,610 - INFO - num_full_subsets = 2
2025-12-13 21:25:20,644 - INFO - phi = [-0.38198559 -0.64598414 -0.15786908 -0.57275766]
2025-12-13 21:25:20,661 - INFO - num_full_subsets = 2
2025-12-13 21:25:20,695 - INFO - phi = [0.01548558 0.81405086 0.99046671 1.10464045]
2025-12-13 21:25:20,711 - INFO - num_full_subsets = 2
2025-12-13 21:25:20,746 - INFO - phi = [ 0.0281664   0.28194733 -0.10125555  0.70233623]
2025-12-13 21:25:20,762 - INFO - num_full_subsets = 2
2025-12-13 21:25:20,797 - INFO - phi = [ 0.31522948  0.90841046 -0.5677061   0.6953864 ]
2025-12-13 21:25:20,813 - INFO - num_full_subsets = 2
2025-12-13 21:25:20,848 - INFO - phi = [-0.39260826 -0.66349307 -0.06386063 -0.74670333]
2025-12-13 21:25:20,865 - INFO - num_full_subsets = 2
2025-12-13 21:25:20,899 - INFO - phi = [-0.3879277  -1.07497435 -0.02546563 -0.01276221]
2025-12-13 21:25:20,916 - INFO - num_full_subsets = 2
2025-12-13 21:25:20,950 - INFO - phi = [0.38190167 0.6438755  0.1185652  0.25639727]
2025-12-13 21:25:20,967 - INFO - num_full_subsets = 2
2025-12-13 21:25:21,002 - INFO - phi = [-0.40294455 -0.9715904  -0.30781797 -0.19251122]
2025-12-13 21:25:21,019 - INFO - num_full_subsets = 2
2025-12-13 21:25:21,054 - INFO - phi = [-0.33118719 -0.52074275 -0.20888038 -0.77201311]
2025-12-13 21:25:21,071 - INFO - num_full_subsets = 2
2025-12-13 21:25:21,105 - INFO - phi = [ 0.69876509  0.31220755 -0.13737075 -1.51063084]
2025-12-13 21:25:21,122 - INFO - num_full_subsets = 2
2025-12-13 21:25:21,157 - INFO - phi = [-0.22113656  0.20931291 -0.61140831  0.5921968 ]
2025-12-13 21:25:21,173 - INFO - num_full_subsets = 2
2025-12-13 21:25:21,208 - INFO - phi = [-0.39607971 -0.88553236  0.29405238 -0.86243612]
2025-12-13 21:25:21,224 - INFO - num_full_subsets = 2
2025-12-13 21:25:21,259 - INFO - phi = [-0.31012788 -0.62002638  0.02769108 -0.90583787]
2025-12-13 21:25:21,275 - INFO - num_full_subsets = 2
2025-12-13 21:25:21,311 - INFO - phi = [ 1.02225388 -0.15601757 -0.14699456 -1.03727226]
2025-12-13 21:25:21,327 - INFO - num_full_subsets = 2
2025-12-13 21:25:21,362 - INFO - phi = [-0.34061117 -0.33610056 -0.42578611 -0.02751648]
2025-12-13 21:25:21,379 - INFO - num_full_subsets = 2
2025-12-13 21:25:21,414 - INFO - phi = [-0.33231665 -0.58205759  0.02686264 -0.93224569]
2025-12-13 21:25:21,430 - INFO - num_full_subsets = 2
2025-12-13 21:25:21,465 - INFO - phi = [-0.21833543 -0.22914539 -0.36833637 -0.50712295]
2025-12-13 21:25:21,482 - INFO - num_full_subsets = 2
2025-12-13 21:25:21,516 - INFO - phi = [-0.35111007 -0.72981554 -0.56402771  0.17231934]
2025-12-13 21:25:21,533 - INFO - num_full_subsets = 2
2025-12-13 21:25:21,567 - INFO - phi = [-0.40011857 -0.84801148 -0.14847536 -0.39725471]
2025-12-13 21:25:21,584 - INFO - num_full_subsets = 2
2025-12-13 21:25:21,619 - INFO - phi = [-0.3091689  -0.53512859 -0.70296167  0.50837909]
2025-12-13 21:25:21,636 - INFO - num_full_subsets = 2
2025-12-13 21:25:21,670 - INFO - phi = [-0.34061117 -0.33610056 -0.42578611 -0.02751648]
2025-12-13 21:25:21,687 - INFO - num_full_subsets = 2
2025-12-13 21:25:21,722 - INFO - phi = [0.01900791 0.93857328 0.41768375 0.6080252 ]
2025-12-13 21:25:21,738 - INFO - num_full_subsets = 2
2025-12-13 21:25:21,773 - INFO - phi = [-0.50970126  0.51059427  0.89453308  0.67208542]
2025-12-13 21:25:21,790 - INFO - num_full_subsets = 2
2025-12-13 21:25:21,825 - INFO - phi = [ 0.03408579 -0.01513445 -0.71317022 -0.01966653]
2025-12-13 21:25:21,841 - INFO - num_full_subsets = 2
2025-12-13 21:25:21,876 - INFO - phi = [-0.30194394 -0.59764416  0.03688967 -0.939245  ]
2025-12-13 21:25:21,893 - INFO - num_full_subsets = 2
2025-12-13 21:25:21,927 - INFO - phi = [-0.42198098  0.06802286 -0.14714478 -0.42014426]
2025-12-13 21:25:21,944 - INFO - num_full_subsets = 2
2025-12-13 21:25:21,978 - INFO - phi = [-0.09420752  0.21914585  0.88411843 -1.66727258]
2025-12-13 21:25:21,995 - INFO - num_full_subsets = 2
2025-12-13 21:25:22,029 - INFO - phi = [0.16613926 0.51575149 1.00643769 0.2714299 ]
2025-12-13 21:25:22,046 - INFO - num_full_subsets = 2
2025-12-13 21:25:22,080 - INFO - phi = [0.10779389 0.85165157 1.34220027 0.52818492]
2025-12-13 21:25:22,097 - INFO - num_full_subsets = 2
2025-12-13 21:25:22,131 - INFO - phi = [ 1.11940771  0.2874446   0.03171875 -0.77150498]
2025-12-13 21:25:22,148 - INFO - num_full_subsets = 2
2025-12-13 21:25:22,182 - INFO - phi = [ 0.22153329  0.47803165 -0.34415414 -0.12704982]
2025-12-13 21:25:22,199 - INFO - num_full_subsets = 2
2025-12-13 21:25:22,233 - INFO - phi = [ 1.04578389  0.32808734  0.04431492 -1.31781075]
2025-12-13 21:25:22,250 - INFO - num_full_subsets = 2
2025-12-13 21:25:22,284 - INFO - phi = [-0.17233294  0.63900074 -0.48205644  0.35369733]
2025-12-13 21:25:22,301 - INFO - num_full_subsets = 2
2025-12-13 21:25:22,336 - INFO - phi = [-0.36410492 -0.69359814 -0.41789678  0.07165705]
2025-12-13 21:25:22,352 - INFO - num_full_subsets = 2
2025-12-13 21:25:22,387 - INFO - phi = [-0.40954179 -0.58188488 -0.11216133 -0.73209819]
2025-12-13 21:25:22,403 - INFO - num_full_subsets = 2
2025-12-13 21:25:22,438 - INFO - phi = [-0.25636018  0.29723284 -0.60575378  0.17452137]
2025-12-13 21:25:22,455 - INFO - num_full_subsets = 2
2025-12-13 21:25:22,489 - INFO - phi = [-0.08972931  0.44819835 -0.04910462  0.78336603]
2025-12-13 21:25:22,506 - INFO - num_full_subsets = 2
2025-12-13 21:25:22,541 - INFO - phi = [ 0.41201356  0.39786086  0.39022164 -0.3666861 ]
2025-12-13 21:25:22,558 - INFO - num_full_subsets = 2
2025-12-13 21:25:22,592 - INFO - phi = [-0.25636018  0.29723284 -0.60575378  0.17452137]
2025-12-13 21:25:22,609 - INFO - num_full_subsets = 2
2025-12-13 21:25:22,643 - INFO - phi = [-0.18933664  0.5032068  -0.23474951  0.97185043]
2025-12-13 21:25:22,660 - INFO - num_full_subsets = 2
2025-12-13 21:25:22,694 - INFO - phi = [ 0.52985636  0.3385313  -0.12345565  0.56438672]
2025-12-13 21:25:22,711 - INFO - num_full_subsets = 2
2025-12-13 21:25:22,745 - INFO - phi = [-0.31253551 -0.53685736 -0.17966867 -0.72165716]
2025-12-13 21:25:22,762 - INFO - num_full_subsets = 2
2025-12-13 21:25:22,797 - INFO - phi = [-0.16560152  0.50818202  0.36079896  0.40514806]
2025-12-13 21:25:22,813 - INFO - num_full_subsets = 2
2025-12-13 21:25:22,848 - INFO - phi = [-0.31826716 -0.12248191 -0.18964854  0.41625274]
2025-12-13 21:25:22,865 - INFO - num_full_subsets = 2
2025-12-13 21:25:22,900 - INFO - phi = [-0.20665456  0.93191756 -0.37237565  0.44974923]
2025-12-13 21:25:23,426 - INFO - Computing feature importance...
2025-12-13 21:25:24,277 - INFO - Experiment completed for SVM
2025-12-13 21:25:24,277 - INFO - Total time: 24.53s (0.41 min)
2025-12-13 21:25:24,277 - INFO - Starting comprehensive experiment for SVM
2025-12-13 21:25:32,635 - INFO - Performing feature analysis...
2025-12-13 21:25:33,816 - INFO - Model justification: Effective for high-dimensional spaces and non-linear relationships using kernel trick
2025-12-13 21:25:33,816 - INFO - Performing robust cross-validation...
2025-12-13 21:25:33,996 - INFO - CV Results - MSE: 1.8821 ± 0.3520
2025-12-13 21:25:33,996 - INFO - Starting hyperparameter optimization...
2025-12-13 21:25:38,059 - INFO - Best parameters for SVM: {'C': 12.410019295186938, 'epsilon': 0.04876689840844261, 'kernel': 'rbf'}
2025-12-13 21:25:38,059 - INFO - ⏱️ HPO took 4.06 seconds
2025-12-13 21:25:38,059 - INFO - Training final model...
2025-12-13 21:25:38,080 - INFO - ⏱️ Training took 0.02 seconds
2025-12-13 21:25:38,080 - INFO - Performing residual analysis...
2025-12-13 21:25:39,251 - INFO - Generating XAI explanations...
2025-12-13 21:25:39,254 - WARNING - Using 168 background data samples could cause slower run times. Consider using shap.sample(data, K) or shap.kmeans(data, K) to summarize the background as K samples.
2025-12-13 21:25:39,272 - INFO - num_full_subsets = 2
2025-12-13 21:25:39,306 - INFO - phi = [ 0.13680142  0.22692774 -0.04621991  0.64123585]
2025-12-13 21:25:39,323 - INFO - num_full_subsets = 2
2025-12-13 21:25:39,357 - INFO - phi = [-0.32494103  0.87792142 -0.18040981 -0.05691142]
2025-12-13 21:25:39,374 - INFO - num_full_subsets = 2
2025-12-13 21:25:39,409 - INFO - phi = [-0.20706112  0.73373726 -0.21479531  0.4837755 ]
2025-12-13 21:25:39,425 - INFO - num_full_subsets = 2
2025-12-13 21:25:39,460 - INFO - phi = [ 0.6263084   0.0846191  -0.09292172 -0.17088847]
2025-12-13 21:25:39,476 - INFO - num_full_subsets = 2
2025-12-13 21:25:39,511 - INFO - phi = [-0.12420564  0.95074379 -0.30179785  0.66193622]
2025-12-13 21:25:39,528 - INFO - num_full_subsets = 2
2025-12-13 21:25:39,562 - INFO - phi = [-0.32152386 -0.52249701 -0.16201845 -0.60985556]
2025-12-13 21:25:39,579 - INFO - num_full_subsets = 2
2025-12-13 21:25:39,613 - INFO - phi = [ 0.75533564 -0.16698826 -0.04519042 -0.84232923]
2025-12-13 21:25:39,629 - INFO - num_full_subsets = 2
2025-12-13 21:25:39,664 - INFO - phi = [-0.4078502  -0.91820937 -0.06900327 -0.42483603]
2025-12-13 21:25:39,681 - INFO - num_full_subsets = 2
2025-12-13 21:25:39,716 - INFO - phi = [0.71182672 0.26359919 0.04007866 0.33943115]
2025-12-13 21:25:39,732 - INFO - num_full_subsets = 2
2025-12-13 21:25:39,767 - INFO - phi = [-0.12103521 -0.1533339   0.29358289 -1.18850612]
2025-12-13 21:25:39,784 - INFO - num_full_subsets = 2
2025-12-13 21:25:39,819 - INFO - phi = [-0.17809697 -0.95398242 -0.06317855 -0.56895164]
2025-12-13 21:25:39,835 - INFO - num_full_subsets = 2
2025-12-13 21:25:39,870 - INFO - phi = [-0.12402746 -0.45524453  0.35428597  0.8967126 ]
2025-12-13 21:25:39,887 - INFO - num_full_subsets = 2
2025-12-13 21:25:39,921 - INFO - phi = [ 0.72696639  0.21835198  0.01050553 -0.51740305]
2025-12-13 21:25:39,938 - INFO - num_full_subsets = 2
2025-12-13 21:25:39,973 - INFO - phi = [-0.36893833 -0.72523261 -0.05098726 -0.56690211]
2025-12-13 21:25:39,989 - INFO - num_full_subsets = 2
2025-12-13 21:25:40,025 - INFO - phi = [ 0.0634043   0.36798405  0.34929043 -1.23498747]
2025-12-13 21:25:40,041 - INFO - num_full_subsets = 2
2025-12-13 21:25:40,077 - INFO - phi = [-0.38598732 -0.68917816 -0.04638106 -0.52612295]
2025-12-13 21:25:40,093 - INFO - num_full_subsets = 2
2025-12-13 21:25:40,129 - INFO - phi = [ 0.15996294 -0.32121219  0.96989154  0.7280256 ]
2025-12-13 21:25:40,145 - INFO - num_full_subsets = 2
2025-12-13 21:25:40,180 - INFO - phi = [-0.33462967  0.09293752 -0.18230019 -0.39502972]
2025-12-13 21:25:40,197 - INFO - num_full_subsets = 2
2025-12-13 21:25:40,232 - INFO - phi = [ 0.15771739  0.69917676 -0.0238139   0.67740094]
2025-12-13 21:25:40,248 - INFO - num_full_subsets = 2
2025-12-13 21:25:40,283 - INFO - phi = [-0.29045006  0.32153398 -0.190326    0.15220834]
2025-12-13 21:25:40,300 - INFO - num_full_subsets = 2
2025-12-13 21:25:40,335 - INFO - phi = [-0.23226748  0.94776521  0.19040343  0.44815443]
2025-12-13 21:25:40,351 - INFO - num_full_subsets = 2
2025-12-13 21:25:40,386 - INFO - phi = [ 0.32681738  0.2397448   0.39816507 -0.9755387 ]
2025-12-13 21:25:40,403 - INFO - num_full_subsets = 2
2025-12-13 21:25:40,437 - INFO - phi = [ 0.68253175  0.11641757 -0.11292491  0.5924384 ]
2025-12-13 21:25:40,453 - INFO - num_full_subsets = 2
2025-12-13 21:25:40,488 - INFO - phi = [ 0.32327074 -0.03166735 -0.29797732 -0.10540278]
2025-12-13 21:25:40,504 - INFO - num_full_subsets = 2
2025-12-13 21:25:40,539 - INFO - phi = [ 0.54215924  0.32835179 -0.00643386  0.08364465]
2025-12-13 21:25:40,555 - INFO - num_full_subsets = 2
2025-12-13 21:25:40,590 - INFO - phi = [-0.40613394 -0.87463212 -0.19541274 -0.2676563 ]
2025-12-13 21:25:40,606 - INFO - num_full_subsets = 2
2025-12-13 21:25:40,641 - INFO - phi = [ 0.02434033  0.89086698 -0.12308924  0.40736465]
2025-12-13 21:25:40,658 - INFO - num_full_subsets = 2
2025-12-13 21:25:40,692 - INFO - phi = [-0.268967   -0.64364873 -0.55542878  0.48326168]
2025-12-13 21:25:40,709 - INFO - num_full_subsets = 2
2025-12-13 21:25:40,743 - INFO - phi = [-0.35529004 -1.08879252 -0.13433076 -0.17104635]
2025-12-13 21:25:40,760 - INFO - num_full_subsets = 2
2025-12-13 21:25:40,795 - INFO - phi = [ 0.6657541  -0.26954065 -0.14068254 -1.00696699]
2025-12-13 21:25:40,811 - INFO - num_full_subsets = 2
2025-12-13 21:25:40,846 - INFO - phi = [-0.37750403 -0.15839658 -0.0506014  -0.47717617]
2025-12-13 21:25:40,863 - INFO - num_full_subsets = 2
2025-12-13 21:25:40,898 - INFO - phi = [-0.15527971 -0.3526329   0.11050389  0.58219575]
2025-12-13 21:25:40,915 - INFO - num_full_subsets = 2
2025-12-13 21:25:40,950 - INFO - phi = [ 0.65285073  0.34451806 -0.3309351  -0.60103364]
2025-12-13 21:25:40,966 - INFO - num_full_subsets = 2
2025-12-13 21:25:41,001 - INFO - phi = [-0.33781769 -0.5699675  -0.60066738 -0.17422637]
2025-12-13 21:25:41,018 - INFO - num_full_subsets = 2
2025-12-13 21:25:41,053 - INFO - phi = [-0.05606543  0.83578485 -0.34396042  0.72077444]
2025-12-13 21:25:41,069 - INFO - num_full_subsets = 2
2025-12-13 21:25:41,104 - INFO - phi = [-0.14962762 -0.77589717 -0.11315316 -0.82316663]
2025-12-13 21:25:41,121 - INFO - num_full_subsets = 2
2025-12-13 21:25:41,155 - INFO - phi = [0.07069957 0.68582038 0.82574714 0.97511032]
2025-12-13 21:25:41,172 - INFO - num_full_subsets = 2
2025-12-13 21:25:41,207 - INFO - phi = [ 0.66372974 -0.22900206 -0.198748    0.52747401]
2025-12-13 21:25:41,224 - INFO - num_full_subsets = 2
2025-12-13 21:25:41,259 - INFO - phi = [-0.31291486 -0.50164662  0.11730004 -1.02164381]
2025-12-13 21:25:41,276 - INFO - num_full_subsets = 2
2025-12-13 21:25:41,311 - INFO - phi = [-0.03688978  0.7254979   0.17405351  0.43843459]
2025-12-13 21:25:41,328 - INFO - num_full_subsets = 2
2025-12-13 21:25:41,362 - INFO - phi = [-0.35731142 -1.02791521 -0.15543977  0.13459166]
2025-12-13 21:25:41,379 - INFO - num_full_subsets = 2
2025-12-13 21:25:41,414 - INFO - phi = [ 0.46844008  0.37083845 -0.11857445 -1.30009792]
2025-12-13 21:25:41,430 - INFO - num_full_subsets = 2
2025-12-13 21:25:41,465 - INFO - phi = [ 0.19498921 -0.02698128  0.02613241  0.36827999]
2025-12-13 21:25:41,481 - INFO - num_full_subsets = 2
2025-12-13 21:25:41,516 - INFO - phi = [-0.33272432 -1.11568113 -0.15966008  0.1850339 ]
2025-12-13 21:25:41,533 - INFO - num_full_subsets = 2
2025-12-13 21:25:41,568 - INFO - phi = [ 0.57490211 -0.20536011 -0.75964613 -0.07006957]
2025-12-13 21:25:41,585 - INFO - num_full_subsets = 2
2025-12-13 21:25:41,620 - INFO - phi = [-0.42943704 -0.8482534  -0.15512833 -0.22221606]
2025-12-13 21:25:41,637 - INFO - num_full_subsets = 2
2025-12-13 21:25:41,671 - INFO - phi = [ 0.11668718  0.44183205  0.88449467 -0.2592021 ]
2025-12-13 21:25:41,688 - INFO - num_full_subsets = 2
2025-12-13 21:25:41,723 - INFO - phi = [ 0.43123152  0.86555749 -0.08647398  0.68709659]
2025-12-13 21:25:41,740 - INFO - num_full_subsets = 2
2025-12-13 21:25:41,774 - INFO - phi = [-0.12154668 -1.25524752  0.79456241 -1.1661356 ]
2025-12-13 21:25:41,791 - INFO - num_full_subsets = 2
2025-12-13 21:25:41,825 - INFO - phi = [-0.21861362  0.51932775  0.38840321 -1.11671366]
2025-12-13 21:25:41,842 - INFO - num_full_subsets = 2
2025-12-13 21:25:41,876 - INFO - phi = [ 0.14273175  0.81799884 -0.12414322  0.83539531]
2025-12-13 21:25:41,893 - INFO - num_full_subsets = 2
2025-12-13 21:25:41,928 - INFO - phi = [-0.35972653 -0.49594154 -0.04335591 -0.63890476]
2025-12-13 21:25:41,945 - INFO - num_full_subsets = 2
2025-12-13 21:25:41,980 - INFO - phi = [0.19358745 0.78582225 0.78565818 0.90181037]
2025-12-13 21:25:41,996 - INFO - num_full_subsets = 2
2025-12-13 21:25:42,032 - INFO - phi = [ 0.36048725  0.98800157  0.27723545 -0.16913905]
2025-12-13 21:25:42,049 - INFO - num_full_subsets = 2
2025-12-13 21:25:42,084 - INFO - phi = [ 0.14350663  0.27020492 -0.2299333  -0.25379368]
2025-12-13 21:25:42,100 - INFO - num_full_subsets = 2
2025-12-13 21:25:42,135 - INFO - phi = [-0.01642819  0.74628968 -0.72441285  0.7806682 ]
2025-12-13 21:25:42,152 - INFO - num_full_subsets = 2
2025-12-13 21:25:42,187 - INFO - phi = [-0.33917469 -0.35195356 -0.32436899 -0.08770918]
2025-12-13 21:25:42,204 - INFO - num_full_subsets = 2
2025-12-13 21:25:42,238 - INFO - phi = [-0.24059101 -0.35718561  0.9017775  -1.2575048 ]
2025-12-13 21:25:42,255 - INFO - num_full_subsets = 2
2025-12-13 21:25:42,290 - INFO - phi = [-0.13570457  0.65432799 -0.35308036  0.66601303]
2025-12-13 21:25:42,306 - INFO - num_full_subsets = 2
2025-12-13 21:25:42,340 - INFO - phi = [-0.16542308 -0.79954997  0.02346999 -0.90299302]
2025-12-13 21:25:42,357 - INFO - num_full_subsets = 2
2025-12-13 21:25:42,392 - INFO - phi = [ 0.44597914  0.21922558 -0.03158782 -1.14472816]
2025-12-13 21:25:42,409 - INFO - num_full_subsets = 2
2025-12-13 21:25:42,444 - INFO - phi = [-0.3616953  -0.74813776 -0.22804486  0.03750866]
2025-12-13 21:25:42,461 - INFO - num_full_subsets = 2
2025-12-13 21:25:42,496 - INFO - phi = [-0.3912659  -0.96739803 -0.39753833 -0.10507556]
2025-12-13 21:25:42,512 - INFO - num_full_subsets = 2
2025-12-13 21:25:42,547 - INFO - phi = [-0.23917935 -0.88585797  0.05033197  0.53959411]
2025-12-13 21:25:42,564 - INFO - num_full_subsets = 2
2025-12-13 21:25:42,599 - INFO - phi = [ 0.62722331  0.4857177  -0.27337787  0.47654591]
2025-12-13 21:25:42,616 - INFO - num_full_subsets = 2
2025-12-13 21:25:42,651 - INFO - phi = [0.20512687 1.0070029  0.89210293 0.64338849]
2025-12-13 21:25:42,667 - INFO - num_full_subsets = 2
2025-12-13 21:25:42,702 - INFO - phi = [-0.16111701 -0.92487971  0.00276952 -0.54277624]
2025-12-13 21:25:42,719 - INFO - num_full_subsets = 2
2025-12-13 21:25:42,753 - INFO - phi = [-0.39256758 -0.69211278 -0.05023993 -0.45942143]
2025-12-13 21:25:42,770 - INFO - num_full_subsets = 2
2025-12-13 21:25:42,804 - INFO - phi = [ 0.02256519 -0.33192077  1.09791229  1.05631005]
2025-12-13 21:25:42,821 - INFO - num_full_subsets = 2
2025-12-13 21:25:42,856 - INFO - phi = [-0.02684653  0.99964504  0.86261493  0.57344119]
2025-12-13 21:25:42,872 - INFO - num_full_subsets = 2
2025-12-13 21:25:42,907 - INFO - phi = [0.48129826 0.59349842 0.5672052  0.47411012]
2025-12-13 21:25:42,924 - INFO - num_full_subsets = 2
2025-12-13 21:25:42,959 - INFO - phi = [-0.27225519 -0.37205829  1.07759509  0.59783319]
2025-12-13 21:25:42,976 - INFO - num_full_subsets = 2
2025-12-13 21:25:43,012 - INFO - phi = [-0.41163057 -0.96316273 -0.21067804 -0.25645175]
2025-12-13 21:25:43,028 - INFO - num_full_subsets = 2
2025-12-13 21:25:43,064 - INFO - phi = [-0.05858703  0.2041737   0.7917083  -1.23389854]
2025-12-13 21:25:43,080 - INFO - num_full_subsets = 2
2025-12-13 21:25:43,115 - INFO - phi = [0.0246477  0.00218156 0.32020229 0.65213556]
2025-12-13 21:25:43,131 - INFO - num_full_subsets = 2
2025-12-13 21:25:43,166 - INFO - phi = [-0.29980128  0.44840033 -0.07532491 -0.02655903]
2025-12-13 21:25:43,183 - INFO - num_full_subsets = 2
2025-12-13 21:25:43,217 - INFO - phi = [-0.05514444  0.74805011 -0.88100692  0.63186814]
2025-12-13 21:25:43,234 - INFO - num_full_subsets = 2
2025-12-13 21:25:43,268 - INFO - phi = [-0.19691967 -0.40359476 -0.56896184  0.64245041]
2025-12-13 21:25:43,285 - INFO - num_full_subsets = 2
2025-12-13 21:25:43,319 - INFO - phi = [-0.03347211  0.8941805  -0.37093489  0.50126186]
2025-12-13 21:25:43,336 - INFO - num_full_subsets = 2
2025-12-13 21:25:43,371 - INFO - phi = [ 0.84934272  0.24515268  0.0055643  -0.93074523]
2025-12-13 21:25:43,388 - INFO - num_full_subsets = 2
2025-12-13 21:25:43,422 - INFO - phi = [0.28087106 0.34897056 0.04458707 0.85274033]
2025-12-13 21:25:43,439 - INFO - num_full_subsets = 2
2025-12-13 21:25:43,473 - INFO - phi = [-0.29220356  0.87967198 -0.18109925  0.09782196]
2025-12-13 21:25:43,490 - INFO - num_full_subsets = 2
2025-12-13 21:25:43,525 - INFO - phi = [-0.21447016  0.74839476 -0.29704661  0.24792375]
2025-12-13 21:25:43,541 - INFO - num_full_subsets = 2
2025-12-13 21:25:43,576 - INFO - phi = [ 0.72672499  0.58638922 -0.02428491 -0.38919797]
2025-12-13 21:25:43,592 - INFO - num_full_subsets = 2
2025-12-13 21:25:43,627 - INFO - phi = [-0.32230017 -1.23059813 -0.31354567  0.45145208]
2025-12-13 21:25:43,644 - INFO - num_full_subsets = 2
2025-12-13 21:25:43,678 - INFO - phi = [-0.33073795 -1.10010305 -0.10510848  0.07674146]
2025-12-13 21:25:43,695 - INFO - num_full_subsets = 2
2025-12-13 21:25:43,729 - INFO - phi = [-0.14736157  0.09921127 -0.21726091  0.87553313]
2025-12-13 21:25:43,746 - INFO - num_full_subsets = 2
2025-12-13 21:25:43,780 - INFO - phi = [ 0.42683041  0.4972006  -0.10828594  0.63289536]
2025-12-13 21:25:43,797 - INFO - num_full_subsets = 2
2025-12-13 21:25:43,832 - INFO - phi = [-0.20112539  0.11248898 -0.61286462  0.42056304]
2025-12-13 21:25:43,848 - INFO - num_full_subsets = 2
2025-12-13 21:25:43,882 - INFO - phi = [-0.33029226 -0.78631484 -0.08915087 -0.64496288]
2025-12-13 21:25:43,899 - INFO - num_full_subsets = 2
2025-12-13 21:25:43,934 - INFO - phi = [ 0.38462223  0.51660686 -0.53309759  0.09646832]
2025-12-13 21:25:43,950 - INFO - num_full_subsets = 2
2025-12-13 21:25:43,985 - INFO - phi = [-0.07636048  0.38561017 -0.1339193   0.64492313]
2025-12-13 21:25:44,002 - INFO - num_full_subsets = 2
2025-12-13 21:25:44,037 - INFO - phi = [-0.37800578 -0.6023862  -0.10090179 -0.57892239]
2025-12-13 21:25:44,054 - INFO - num_full_subsets = 2
2025-12-13 21:25:44,088 - INFO - phi = [-0.09940089  0.79774959 -0.29426411  0.74044021]
2025-12-13 21:25:44,105 - INFO - num_full_subsets = 2
2025-12-13 21:25:44,140 - INFO - phi = [ 0.22033829  0.18164109 -0.12677013  0.79785609]
2025-12-13 21:25:44,157 - INFO - num_full_subsets = 2
2025-12-13 21:25:44,191 - INFO - phi = [-0.28053648 -0.17038167  0.11740902 -1.16421002]
2025-12-13 21:25:44,208 - INFO - num_full_subsets = 2
2025-12-13 21:25:44,243 - INFO - phi = [-0.32300505 -0.91120706 -0.18039836  0.30880656]
2025-12-13 21:25:44,260 - INFO - num_full_subsets = 2
2025-12-13 21:25:44,294 - INFO - phi = [-0.36039128 -0.97258117 -0.14389791  0.08101528]
2025-12-13 21:25:44,311 - INFO - num_full_subsets = 2
2025-12-13 21:25:44,346 - INFO - phi = [ 0.48121331 -0.22795018 -0.18553265  0.63680471]
2025-12-13 21:25:44,362 - INFO - num_full_subsets = 2
2025-12-13 21:25:44,397 - INFO - phi = [-0.168194   -0.85647632  0.31520444  0.66475509]
2025-12-13 21:25:44,414 - INFO - num_full_subsets = 2
2025-12-13 21:25:44,448 - INFO - phi = [-0.37314596 -0.71997105 -0.30878611  0.00639622]
2025-12-13 21:25:44,465 - INFO - num_full_subsets = 2
2025-12-13 21:25:44,500 - INFO - phi = [ 0.23077018 -0.25008525  0.30391477 -0.18295609]
2025-12-13 21:25:44,517 - INFO - num_full_subsets = 2
2025-12-13 21:25:44,553 - INFO - phi = [ 0.71614993  0.36940769 -0.02272117 -0.86409361]
2025-12-13 21:25:44,570 - INFO - num_full_subsets = 2
2025-12-13 21:25:44,604 - INFO - phi = [ 0.08640055  0.02629375 -0.14686698  0.24365847]
2025-12-13 21:25:44,621 - INFO - num_full_subsets = 2
2025-12-13 21:25:44,655 - INFO - phi = [-0.20917164 -0.66496295 -0.04858553 -0.87348915]
2025-12-13 21:25:44,672 - INFO - num_full_subsets = 2
2025-12-13 21:25:44,706 - INFO - phi = [ 0.40634135  0.46399771  0.31003129 -0.5874928 ]
2025-12-13 21:25:44,723 - INFO - num_full_subsets = 2
2025-12-13 21:25:44,757 - INFO - phi = [ 0.04489464  0.38984417  0.39352979 -1.14498078]
2025-12-13 21:25:44,774 - INFO - num_full_subsets = 2
2025-12-13 21:25:44,808 - INFO - phi = [-0.02915969  0.56255396 -0.01942013  0.81159965]
2025-12-13 21:25:44,825 - INFO - num_full_subsets = 2
2025-12-13 21:25:44,860 - INFO - phi = [ 0.51838488 -0.01159729  0.60163498 -0.69575613]
2025-12-13 21:25:44,876 - INFO - num_full_subsets = 2
2025-12-13 21:25:44,911 - INFO - phi = [-0.1701741   0.39986589 -0.28227323  0.66091722]
2025-12-13 21:25:44,928 - INFO - num_full_subsets = 2
2025-12-13 21:25:44,963 - INFO - phi = [-0.33600586 -0.56011119 -0.61374779 -0.1321328 ]
2025-12-13 21:25:44,979 - INFO - num_full_subsets = 2
2025-12-13 21:25:45,014 - INFO - phi = [-0.24091455 -0.85196821  0.24780913  0.21699134]
2025-12-13 21:25:45,032 - INFO - num_full_subsets = 2
2025-12-13 21:25:45,068 - INFO - phi = [-0.21820899  0.52180714 -0.76511414  0.08591247]
2025-12-13 21:25:45,085 - INFO - num_full_subsets = 2
2025-12-13 21:25:45,120 - INFO - phi = [-0.35951264 -0.22764176 -0.18777114 -0.81103626]
2025-12-13 21:25:45,137 - INFO - num_full_subsets = 2
2025-12-13 21:25:45,173 - INFO - phi = [-0.18767887  0.40582857  0.8557567   0.62596728]
2025-12-13 21:25:45,190 - INFO - num_full_subsets = 2
2025-12-13 21:25:45,225 - INFO - phi = [-0.3107263  -0.6742278  -0.3272939  -0.50866778]
2025-12-13 21:25:45,242 - INFO - num_full_subsets = 2
2025-12-13 21:25:45,277 - INFO - phi = [ 0.39115135  0.0041326  -0.01286923 -0.35390244]
2025-12-13 21:25:45,294 - INFO - num_full_subsets = 2
2025-12-13 21:25:45,329 - INFO - phi = [-0.16970363 -0.41093182 -0.85155342  0.68296495]
2025-12-13 21:25:45,345 - INFO - num_full_subsets = 2
2025-12-13 21:25:45,380 - INFO - phi = [-0.15607085  0.36989584  0.2906091   0.0860148 ]
2025-12-13 21:25:45,397 - INFO - num_full_subsets = 2
2025-12-13 21:25:45,432 - INFO - phi = [ 0.59095911  1.09126548  0.23732365 -0.01693266]
2025-12-13 21:25:45,449 - INFO - num_full_subsets = 2
2025-12-13 21:25:45,484 - INFO - phi = [-0.35767326 -0.89526959 -0.06871463 -0.47288853]
2025-12-13 21:25:45,500 - INFO - num_full_subsets = 2
2025-12-13 21:25:45,536 - INFO - phi = [ 0.19094075  0.35363065 -0.36115102  0.56868563]
2025-12-13 21:25:45,553 - INFO - num_full_subsets = 2
2025-12-13 21:25:45,588 - INFO - phi = [-0.01165402 -0.0384158  -0.00997941  0.65273702]
2025-12-13 21:25:45,604 - INFO - num_full_subsets = 2
2025-12-13 21:25:45,640 - INFO - phi = [ 0.69104169 -0.16819782 -0.39590702  0.42391424]
2025-12-13 21:25:45,656 - INFO - num_full_subsets = 2
2025-12-13 21:25:45,691 - INFO - phi = [-0.09247703 -0.2514628  -0.13450514  0.55631644]
2025-12-13 21:25:45,707 - INFO - num_full_subsets = 2
2025-12-13 21:25:45,742 - INFO - phi = [ 0.52320771 -0.02865185 -0.08523576 -1.39480408]
2025-12-13 21:25:45,758 - INFO - num_full_subsets = 2
2025-12-13 21:25:45,793 - INFO - phi = [ 0.51640584  0.21297146 -0.49222681 -0.7233062 ]
2025-12-13 21:25:45,809 - INFO - num_full_subsets = 2
2025-12-13 21:25:45,844 - INFO - phi = [-0.26784558  0.64814081 -0.40716785 -0.12091174]
2025-12-13 21:25:45,861 - INFO - num_full_subsets = 2
2025-12-13 21:25:45,895 - INFO - phi = [-0.06583343  0.3687825  -0.08947593  0.91157448]
2025-12-13 21:25:45,912 - INFO - num_full_subsets = 2
2025-12-13 21:25:45,946 - INFO - phi = [ 0.61809464  0.3476045  -0.12127264 -0.67075984]
2025-12-13 21:25:45,963 - INFO - num_full_subsets = 2
2025-12-13 21:25:45,998 - INFO - phi = [-0.28781383 -0.45806613  0.01220859 -1.04984982]
2025-12-13 21:25:46,014 - INFO - num_full_subsets = 2
2025-12-13 21:25:46,049 - INFO - phi = [-0.21018326  0.91829763 -0.16444385  0.33267442]
2025-12-13 21:25:46,066 - INFO - num_full_subsets = 2
2025-12-13 21:25:46,101 - INFO - phi = [ 0.66901936  0.26873075 -0.46201693 -0.42814669]
2025-12-13 21:25:46,118 - INFO - num_full_subsets = 2
2025-12-13 21:25:46,152 - INFO - phi = [-0.33923439  0.6595654  -0.19046522 -0.67098029]
2025-12-13 21:25:46,169 - INFO - num_full_subsets = 2
2025-12-13 21:25:46,204 - INFO - phi = [-0.13747004  0.76218126 -0.32894441  0.66338968]
2025-12-13 21:25:46,220 - INFO - num_full_subsets = 2
2025-12-13 21:25:46,256 - INFO - phi = [ 0.74806113  0.59215197  0.06936806 -0.32498261]
2025-12-13 21:25:46,272 - INFO - num_full_subsets = 2
2025-12-13 21:25:46,307 - INFO - phi = [-0.12571843  0.30504068 -0.1181897   0.69964664]
2025-12-13 21:25:46,323 - INFO - num_full_subsets = 2
2025-12-13 21:25:46,359 - INFO - phi = [-0.28331918 -0.23636278 -0.157275   -1.07645713]
2025-12-13 21:25:46,375 - INFO - num_full_subsets = 2
2025-12-13 21:25:46,410 - INFO - phi = [-0.22858613 -0.18721955 -0.161191    0.58663866]
2025-12-13 21:25:46,427 - INFO - num_full_subsets = 2
2025-12-13 21:25:46,461 - INFO - phi = [-0.36721351 -1.27580813 -0.34107958  0.28947907]
2025-12-13 21:25:46,478 - INFO - num_full_subsets = 2
2025-12-13 21:25:46,513 - INFO - phi = [-0.3305976  -0.50267108 -0.21469265 -0.67322948]
2025-12-13 21:25:46,529 - INFO - num_full_subsets = 2
2025-12-13 21:25:46,564 - INFO - phi = [0.29315602 0.60591504 0.00720641 0.69136092]
2025-12-13 21:25:46,580 - INFO - num_full_subsets = 2
2025-12-13 21:25:46,615 - INFO - phi = [-0.1151547  -0.9101586   0.75171086  0.67249387]
2025-12-13 21:25:46,631 - INFO - num_full_subsets = 2
2025-12-13 21:25:46,665 - INFO - phi = [ 0.26165363  0.29315851  0.64551463 -0.80642278]
2025-12-13 21:25:46,682 - INFO - num_full_subsets = 2
2025-12-13 21:25:46,717 - INFO - phi = [-0.29986687 -0.90043318 -0.16451309  0.36862209]
2025-12-13 21:25:46,734 - INFO - num_full_subsets = 2
2025-12-13 21:25:46,769 - INFO - phi = [-0.41464316  0.22725702  0.79340223  0.59200338]
2025-12-13 21:25:46,785 - INFO - num_full_subsets = 2
2025-12-13 21:25:46,820 - INFO - phi = [-0.33308011 -0.67772066 -0.10283302 -0.66005442]
2025-12-13 21:25:46,836 - INFO - num_full_subsets = 2
2025-12-13 21:25:46,871 - INFO - phi = [ 0.52959215 -0.39050274 -0.17635217 -0.71957919]
2025-12-13 21:25:46,888 - INFO - num_full_subsets = 2
2025-12-13 21:25:46,923 - INFO - phi = [-0.12866259  0.78843746 -0.21223331  0.07191262]
2025-12-13 21:25:46,939 - INFO - num_full_subsets = 2
2025-12-13 21:25:46,974 - INFO - phi = [-0.12420564  0.95074379 -0.30179785  0.66193622]
2025-12-13 21:25:46,991 - INFO - num_full_subsets = 2
2025-12-13 21:25:47,026 - INFO - phi = [-0.43016193 -0.99743508 -0.09680137 -0.22067267]
2025-12-13 21:25:47,042 - INFO - num_full_subsets = 2
2025-12-13 21:25:47,077 - INFO - phi = [-0.28233119 -0.1461288  -0.1527587   0.3391543 ]
2025-12-13 21:25:47,094 - INFO - num_full_subsets = 2
2025-12-13 21:25:47,128 - INFO - phi = [-0.22178272 -0.28360814 -0.17063198  0.69726707]
2025-12-13 21:25:47,145 - INFO - num_full_subsets = 2
2025-12-13 21:25:47,179 - INFO - phi = [0.09862931 0.0490943  1.0996541  1.01519793]
2025-12-13 21:25:47,196 - INFO - num_full_subsets = 2
2025-12-13 21:25:47,230 - INFO - phi = [-0.17449706 -0.77396865  1.26993105 -1.21847066]
2025-12-13 21:25:47,247 - INFO - num_full_subsets = 2
2025-12-13 21:25:47,281 - INFO - phi = [ 0.34387233  0.12918662 -0.10406123  0.59252532]
2025-12-13 21:25:47,298 - INFO - num_full_subsets = 2
2025-12-13 21:25:47,334 - INFO - phi = [ 0.59427864  0.62293473 -0.20098664  0.10384767]
2025-12-13 21:25:47,351 - INFO - num_full_subsets = 2
2025-12-13 21:25:47,386 - INFO - phi = [-0.10654088  0.22453655  0.26593325  0.39780483]
2025-12-13 21:25:47,402 - INFO - num_full_subsets = 2
2025-12-13 21:25:47,437 - INFO - phi = [ 0.21732401  0.83369656 -0.30603648  0.5873724 ]
2025-12-13 21:25:47,454 - INFO - num_full_subsets = 2
2025-12-13 21:25:47,489 - INFO - phi = [-0.11516425  1.02626512  1.00298813  0.47070061]
2025-12-13 21:25:47,506 - INFO - num_full_subsets = 2
2025-12-13 21:25:47,541 - INFO - phi = [0.34816619 0.86957218 0.47389951 0.74334244]
2025-12-13 21:25:47,558 - INFO - num_full_subsets = 2
2025-12-13 21:25:47,593 - INFO - phi = [-0.29926214 -0.87153443  0.00228226 -0.42429737]
2025-12-13 21:25:47,609 - INFO - num_full_subsets = 2
2025-12-13 21:25:47,645 - INFO - phi = [-0.03709069 -0.01101286  0.52394385  0.81276759]
2025-12-13 21:25:47,661 - INFO - num_full_subsets = 2
2025-12-13 21:25:47,696 - INFO - phi = [-0.07104092 -0.75758506  0.92184366 -1.1463236 ]
2025-12-13 21:25:47,713 - INFO - num_full_subsets = 2
2025-12-13 21:25:47,747 - INFO - phi = [-0.33792326  0.83003128 -0.18430305 -0.24023716]
2025-12-13 21:25:47,764 - INFO - num_full_subsets = 2
2025-12-13 21:25:47,799 - INFO - phi = [-0.30908847 -0.37620913 -0.1302149  -0.92525799]
2025-12-13 21:25:47,816 - INFO - num_full_subsets = 2
2025-12-13 21:25:47,850 - INFO - phi = [-0.12307752  0.61003531  0.04311401  0.76798008]
2025-12-13 21:25:47,867 - INFO - num_full_subsets = 2
2025-12-13 21:25:47,902 - INFO - phi = [ 0.08640055  0.02629375 -0.14686698  0.24365847]
2025-12-13 21:25:48,406 - INFO - Computing feature importance...
2025-12-13 21:25:49,266 - INFO - Experiment completed for SVM
2025-12-13 21:25:49,266 - INFO - Total time: 24.60s (0.41 min)
2025-12-13 21:25:49,267 - INFO - Starting comprehensive experiment for SVM
2025-12-13 21:25:56,770 - INFO - Performing feature analysis...
2025-12-13 21:25:57,949 - INFO - Model justification: Effective for high-dimensional spaces and non-linear relationships using kernel trick
2025-12-13 21:25:57,949 - INFO - Performing robust cross-validation...
2025-12-13 21:25:58,134 - INFO - CV Results - MSE: 1.8536 ± 0.4189
2025-12-13 21:25:58,134 - INFO - Starting hyperparameter optimization...
2025-12-13 21:26:02,619 - INFO - Best parameters for SVM: {'C': 16.795174579269194, 'epsilon': 0.056786742897511344, 'kernel': 'rbf'}
2025-12-13 21:26:02,619 - INFO - ⏱️ HPO took 4.48 seconds
2025-12-13 21:26:02,619 - INFO - Training final model...
2025-12-13 21:26:02,641 - INFO - ⏱️ Training took 0.02 seconds
2025-12-13 21:26:02,641 - INFO - Performing residual analysis...
2025-12-13 21:26:03,695 - INFO - Generating XAI explanations...
2025-12-13 21:26:03,698 - WARNING - Using 168 background data samples could cause slower run times. Consider using shap.sample(data, K) or shap.kmeans(data, K) to summarize the background as K samples.
2025-12-13 21:26:03,714 - INFO - num_full_subsets = 2
2025-12-13 21:26:03,747 - INFO - phi = [-0.22976366  0.82323132 -0.28020644  0.61705821]
2025-12-13 21:26:03,764 - INFO - num_full_subsets = 2
2025-12-13 21:26:03,797 - INFO - phi = [ 0.72998364  0.34524858 -0.00482811 -1.20643408]
2025-12-13 21:26:03,814 - INFO - num_full_subsets = 2
2025-12-13 21:26:03,847 - INFO - phi = [-0.26184812  0.53213587 -0.23844679  0.66496571]
2025-12-13 21:26:03,864 - INFO - num_full_subsets = 2
2025-12-13 21:26:03,898 - INFO - phi = [-0.56898586 -1.45132005 -0.2047243   0.09960566]
2025-12-13 21:26:03,914 - INFO - num_full_subsets = 2
2025-12-13 21:26:03,948 - INFO - phi = [0.80227994 0.68017865 0.02497905 0.47677098]
2025-12-13 21:26:03,964 - INFO - num_full_subsets = 2
2025-12-13 21:26:03,998 - INFO - phi = [0.43252129 0.49354819 0.01302339 0.59433322]
2025-12-13 21:26:04,015 - INFO - num_full_subsets = 2
2025-12-13 21:26:04,049 - INFO - phi = [ 0.33753892  0.24266842 -0.09525765  0.3838846 ]
2025-12-13 21:26:04,065 - INFO - num_full_subsets = 2
2025-12-13 21:26:04,099 - INFO - phi = [ 0.29440468 -0.01768649  0.34554236 -0.25183156]
2025-12-13 21:26:04,116 - INFO - num_full_subsets = 2
2025-12-13 21:26:04,150 - INFO - phi = [-0.46922601 -0.65888023 -0.09707201 -0.60694989]
2025-12-13 21:26:04,167 - INFO - num_full_subsets = 2
2025-12-13 21:26:04,200 - INFO - phi = [-0.46174751 -0.85933505 -0.12844775 -0.54234107]
2025-12-13 21:26:04,217 - INFO - num_full_subsets = 2
2025-12-13 21:26:04,251 - INFO - phi = [ 0.28789696  0.34397747  0.64610755 -0.87333757]
2025-12-13 21:26:04,268 - INFO - num_full_subsets = 2
2025-12-13 21:26:04,301 - INFO - phi = [-0.31915733  0.21335814 -0.57034618  0.19484563]
2025-12-13 21:26:04,317 - INFO - num_full_subsets = 2
2025-12-13 21:26:04,351 - INFO - phi = [-0.04125167  0.33560936  2.03187762 -1.19720191]
2025-12-13 21:26:04,367 - INFO - num_full_subsets = 2
2025-12-13 21:26:04,401 - INFO - phi = [-0.31119994  0.44097602 -0.472297    0.22077201]
2025-12-13 21:26:04,418 - INFO - num_full_subsets = 2
2025-12-13 21:26:04,452 - INFO - phi = [-0.49597308 -1.02289464 -0.19877887  0.34542778]
2025-12-13 21:26:04,469 - INFO - num_full_subsets = 2
2025-12-13 21:26:04,502 - INFO - phi = [-0.25126768  0.26204363 -0.13300639  0.72739775]
2025-12-13 21:26:04,520 - INFO - num_full_subsets = 2
2025-12-13 21:26:04,554 - INFO - phi = [ 0.03894436  0.32537164  0.47132183 -0.52345667]
2025-12-13 21:26:04,570 - INFO - num_full_subsets = 2
2025-12-13 21:26:04,604 - INFO - phi = [-0.19817937 -0.81981972  1.16819444  1.03829448]
2025-12-13 21:26:04,621 - INFO - num_full_subsets = 2
2025-12-13 21:26:04,655 - INFO - phi = [-0.03843391  0.58675314  1.13313299 -2.6378596 ]
2025-12-13 21:26:04,671 - INFO - num_full_subsets = 2
2025-12-13 21:26:04,704 - INFO - phi = [-0.51895151 -0.38984963 -0.21256392 -0.38665621]
2025-12-13 21:26:04,721 - INFO - num_full_subsets = 2
2025-12-13 21:26:04,755 - INFO - phi = [-0.07253323  0.473762    0.57877511  0.90115125]
2025-12-13 21:26:04,772 - INFO - num_full_subsets = 2
2025-12-13 21:26:04,805 - INFO - phi = [-0.24405713 -1.04550584  1.03077323 -1.15031435]
2025-12-13 21:26:04,822 - INFO - num_full_subsets = 2
2025-12-13 21:26:04,856 - INFO - phi = [-0.2636559   0.81648057 -0.18861507  0.41576735]
2025-12-13 21:26:04,872 - INFO - num_full_subsets = 2
2025-12-13 21:26:04,906 - INFO - phi = [-0.05132022  0.60410293  0.63110431  0.89605548]
2025-12-13 21:26:04,923 - INFO - num_full_subsets = 2
2025-12-13 21:26:04,957 - INFO - phi = [ 0.08943263  0.14977019 -0.23615339  0.29278674]
2025-12-13 21:26:04,973 - INFO - num_full_subsets = 2
2025-12-13 21:26:05,007 - INFO - phi = [-0.49111857 -1.04859685 -0.33908416 -0.08068899]
2025-12-13 21:26:05,023 - INFO - num_full_subsets = 2
2025-12-13 21:26:05,057 - INFO - phi = [-0.46365698 -0.28654222  0.10265682 -0.78512404]
2025-12-13 21:26:05,074 - INFO - num_full_subsets = 2
2025-12-13 21:26:05,108 - INFO - phi = [-0.42813269 -0.07881492 -0.17730807  0.21735927]
2025-12-13 21:26:05,124 - INFO - num_full_subsets = 2
2025-12-13 21:26:05,158 - INFO - phi = [0.2932551  0.8216058  1.01123575 0.67403797]
2025-12-13 21:26:05,174 - INFO - num_full_subsets = 2
2025-12-13 21:26:05,208 - INFO - phi = [-0.50076986 -0.80492267 -0.78584037  0.41946264]
2025-12-13 21:26:05,225 - INFO - num_full_subsets = 2
2025-12-13 21:26:05,260 - INFO - phi = [ 0.34134859  0.36296847  0.0132731  -1.39962792]
2025-12-13 21:26:05,277 - INFO - num_full_subsets = 2
2025-12-13 21:26:05,310 - INFO - phi = [-0.47837706 -0.7342261  -0.0928472  -0.44380323]
2025-12-13 21:26:05,327 - INFO - num_full_subsets = 2
2025-12-13 21:26:05,360 - INFO - phi = [ 0.08861928  0.2901402  -0.2940406  -0.26273939]
2025-12-13 21:26:05,377 - INFO - num_full_subsets = 2
2025-12-13 21:26:05,411 - INFO - phi = [ 0.42988591  0.31493615  0.0941554  -1.10869195]
2025-12-13 21:26:05,428 - INFO - num_full_subsets = 2
2025-12-13 21:26:05,461 - INFO - phi = [ 0.65734856  0.14342144  0.10507574 -1.08092118]
2025-12-13 21:26:05,478 - INFO - num_full_subsets = 2
2025-12-13 21:26:05,511 - INFO - phi = [-0.57427515 -1.29905404 -0.50874972  0.26092897]
2025-12-13 21:26:05,528 - INFO - num_full_subsets = 2
2025-12-13 21:26:05,562 - INFO - phi = [-0.11099058  0.65251317  0.39931954  0.86956399]
2025-12-13 21:26:05,579 - INFO - num_full_subsets = 2
2025-12-13 21:26:05,612 - INFO - phi = [-0.55907494 -1.42925773 -0.33601266  0.38580101]
2025-12-13 21:26:05,629 - INFO - num_full_subsets = 2
2025-12-13 21:26:05,663 - INFO - phi = [-0.48293339 -0.68262157 -0.13586248 -0.58340469]
2025-12-13 21:26:05,679 - INFO - num_full_subsets = 2
2025-12-13 21:26:05,713 - INFO - phi = [0.04380038 0.66192517 0.81804923 0.46859322]
2025-12-13 21:26:05,730 - INFO - num_full_subsets = 2
2025-12-13 21:26:05,763 - INFO - phi = [ 0.75247129  0.27606643 -0.06616811 -0.7043542 ]
2025-12-13 21:26:05,779 - INFO - num_full_subsets = 2
2025-12-13 21:26:05,813 - INFO - phi = [ 0.57323219  0.6445529  -0.14051515  0.72536741]
2025-12-13 21:26:05,829 - INFO - num_full_subsets = 2
2025-12-13 21:26:05,862 - INFO - phi = [ 0.49390681  0.39896146 -0.19716572  0.62975461]
2025-12-13 21:26:05,879 - INFO - num_full_subsets = 2
2025-12-13 21:26:05,913 - INFO - phi = [-0.26538312 -0.97096055 -0.01406685 -0.54678907]
2025-12-13 21:26:05,929 - INFO - num_full_subsets = 2
2025-12-13 21:26:05,963 - INFO - phi = [-0.26553603  0.39886973 -0.11728103  0.91045539]
2025-12-13 21:26:05,980 - INFO - num_full_subsets = 2
2025-12-13 21:26:06,013 - INFO - phi = [-0.46610325 -0.53541154 -0.1468198  -0.76432212]
2025-12-13 21:26:06,030 - INFO - num_full_subsets = 2
2025-12-13 21:26:06,064 - INFO - phi = [-0.12309051 -0.5576096   1.40807715 -1.37376934]
2025-12-13 21:26:06,080 - INFO - num_full_subsets = 2
2025-12-13 21:26:06,114 - INFO - phi = [-0.25486341  0.3622285  -0.6725572  -0.42294066]
2025-12-13 21:26:06,131 - INFO - num_full_subsets = 2
2025-12-13 21:26:06,164 - INFO - phi = [-0.35662168 -1.44139712  0.15034817  0.29166256]
2025-12-13 21:26:06,181 - INFO - num_full_subsets = 2
2025-12-13 21:26:06,215 - INFO - phi = [-0.25867818 -0.57096258 -0.19418747  0.30630887]
2025-12-13 21:26:06,231 - INFO - num_full_subsets = 2
2025-12-13 21:26:06,265 - INFO - phi = [ 0.20107145  0.15213045 -0.12298881  0.7861681 ]
2025-12-13 21:26:06,282 - INFO - num_full_subsets = 2
2025-12-13 21:26:06,316 - INFO - phi = [0.71162008 0.59712163 0.76025254 0.51262879]
2025-12-13 21:26:06,333 - INFO - num_full_subsets = 2
2025-12-13 21:26:06,366 - INFO - phi = [ 0.80596269  0.36339183 -0.11190466 -0.90805138]
2025-12-13 21:26:06,383 - INFO - num_full_subsets = 2
2025-12-13 21:26:06,416 - INFO - phi = [-0.0832549   0.00084624 -0.26451667  0.41199825]
2025-12-13 21:26:06,433 - INFO - num_full_subsets = 2
2025-12-13 21:26:06,467 - INFO - phi = [-0.03557833  0.38009531 -0.01170748  0.4104391 ]
2025-12-13 21:26:06,483 - INFO - num_full_subsets = 2
2025-12-13 21:26:06,517 - INFO - phi = [-0.39687113 -0.96829171  0.16408938  0.20417911]
2025-12-13 21:26:06,534 - INFO - num_full_subsets = 2
2025-12-13 21:26:06,567 - INFO - phi = [-0.4957015  -0.67578456 -0.18175059 -0.4287346 ]
2025-12-13 21:26:06,584 - INFO - num_full_subsets = 2
2025-12-13 21:26:06,617 - INFO - phi = [-0.46480193 -0.57703053 -0.22854384 -0.52674103]
2025-12-13 21:26:06,634 - INFO - num_full_subsets = 2
2025-12-13 21:26:06,668 - INFO - phi = [-0.07578101  0.65031515  0.13421465  0.49083109]
2025-12-13 21:26:06,684 - INFO - num_full_subsets = 2
2025-12-13 21:26:06,718 - INFO - phi = [-0.53243501  0.28394069 -0.32878247 -0.68087741]
2025-12-13 21:26:06,734 - INFO - num_full_subsets = 2
2025-12-13 21:26:06,768 - INFO - phi = [ 0.15095215  0.7242143  -0.63196774  0.60851581]
2025-12-13 21:26:06,784 - INFO - num_full_subsets = 2
2025-12-13 21:26:06,817 - INFO - phi = [ 0.61427796  0.12596488 -0.14463744  0.57513249]
2025-12-13 21:26:06,834 - INFO - num_full_subsets = 2
2025-12-13 21:26:06,868 - INFO - phi = [ 0.70045706  0.56150728 -0.17923388  0.55867239]
2025-12-13 21:26:06,884 - INFO - num_full_subsets = 2
2025-12-13 21:26:06,918 - INFO - phi = [-0.47980789 -0.82653635 -0.5208357   0.18684861]
2025-12-13 21:26:06,934 - INFO - num_full_subsets = 2
2025-12-13 21:26:06,969 - INFO - phi = [-0.25549534  0.70605984 -0.17034959  0.90333183]
2025-12-13 21:26:06,985 - INFO - num_full_subsets = 2
2025-12-13 21:26:07,019 - INFO - phi = [ 0.24624151  0.73558299 -0.42430812  0.58403661]
2025-12-13 21:26:07,036 - INFO - num_full_subsets = 2
2025-12-13 21:26:07,069 - INFO - phi = [-0.08381244  0.59764237 -0.2241257   0.6992012 ]
2025-12-13 21:26:07,086 - INFO - num_full_subsets = 2
2025-12-13 21:26:07,120 - INFO - phi = [-0.36461392  0.56801953  0.12727489  0.40803385]
2025-12-13 21:26:07,136 - INFO - num_full_subsets = 2
2025-12-13 21:26:07,170 - INFO - phi = [-0.44595565 -0.91767197 -0.24230388  0.37009839]
2025-12-13 21:26:07,186 - INFO - num_full_subsets = 2
2025-12-13 21:26:07,220 - INFO - phi = [0.95352934 0.31514181 0.05480227 0.16011996]
2025-12-13 21:26:07,236 - INFO - num_full_subsets = 2
2025-12-13 21:26:07,270 - INFO - phi = [-0.0538652   0.40687252 -1.19000568  0.4322006 ]
2025-12-13 21:26:07,287 - INFO - num_full_subsets = 2
2025-12-13 21:26:07,320 - INFO - phi = [-0.50832124 -0.76515519 -0.18410991 -0.54924326]
2025-12-13 21:26:07,337 - INFO - num_full_subsets = 2
2025-12-13 21:26:07,371 - INFO - phi = [ 0.34002749 -0.222563    1.1043986   0.50779048]
2025-12-13 21:26:07,388 - INFO - num_full_subsets = 2
2025-12-13 21:26:07,422 - INFO - phi = [-0.22141962  0.57039811 -0.2518859   0.80420352]
2025-12-13 21:26:07,438 - INFO - num_full_subsets = 2
2025-12-13 21:26:07,472 - INFO - phi = [-0.17039801  0.42579353 -0.22544888  0.71831122]
2025-12-13 21:26:07,488 - INFO - num_full_subsets = 2
2025-12-13 21:26:07,523 - INFO - phi = [-0.52117736 -0.5909845  -0.19754832 -0.04536301]
2025-12-13 21:26:07,539 - INFO - num_full_subsets = 2
2025-12-13 21:26:07,573 - INFO - phi = [-0.07007877  0.42499362  0.18892364 -0.83271966]
2025-12-13 21:26:07,590 - INFO - num_full_subsets = 2
2025-12-13 21:26:07,624 - INFO - phi = [ 1.14116409  0.14678419  0.00164404 -1.06178666]
2025-12-13 21:26:07,640 - INFO - num_full_subsets = 2
2025-12-13 21:26:07,674 - INFO - phi = [ 0.26126997 -0.10592846  0.06672896 -0.59881532]
2025-12-13 21:26:07,691 - INFO - num_full_subsets = 2
2025-12-13 21:26:07,725 - INFO - phi = [-0.34160689 -0.38973358  0.1964352  -0.22142984]
2025-12-13 21:26:07,741 - INFO - num_full_subsets = 2
2025-12-13 21:26:07,775 - INFO - phi = [0.31211664 0.91416958 0.40640173 0.38175166]
2025-12-13 21:26:07,792 - INFO - num_full_subsets = 2
2025-12-13 21:26:07,825 - INFO - phi = [ 0.80541834  0.00370378 -0.16435028 -1.06491486]
2025-12-13 21:26:07,842 - INFO - num_full_subsets = 2
2025-12-13 21:26:07,876 - INFO - phi = [-0.5514645  -1.35042287 -0.14407621 -0.00768081]
2025-12-13 21:26:07,893 - INFO - num_full_subsets = 2
2025-12-13 21:26:07,926 - INFO - phi = [-0.20719771 -0.20413937 -0.51156753  0.62560678]
2025-12-13 21:26:07,942 - INFO - num_full_subsets = 2
2025-12-13 21:26:07,976 - INFO - phi = [-0.32061293  0.10247279 -0.70316068  0.6270084 ]
2025-12-13 21:26:07,993 - INFO - num_full_subsets = 2
2025-12-13 21:26:08,027 - INFO - phi = [-8.48140196e-02  6.24864228e-05 -1.68054545e-01  5.31862161e-01]
2025-12-13 21:26:08,044 - INFO - num_full_subsets = 2
2025-12-13 21:26:08,078 - INFO - phi = [0.12577438 1.10741719 0.52182015 0.57623598]
2025-12-13 21:26:08,094 - INFO - num_full_subsets = 2
2025-12-13 21:26:08,129 - INFO - phi = [-0.41251467 -0.29192466 -0.25645865  0.53296764]
2025-12-13 21:26:08,145 - INFO - num_full_subsets = 2
2025-12-13 21:26:08,180 - INFO - phi = [-0.04795931  0.54729292 -0.49953068  0.59697731]
2025-12-13 21:26:08,196 - INFO - num_full_subsets = 2
2025-12-13 21:26:08,230 - INFO - phi = [-0.16290252  0.24119756 -0.19432441  0.7833659 ]
2025-12-13 21:26:08,247 - INFO - num_full_subsets = 2
2025-12-13 21:26:08,280 - INFO - phi = [ 0.43159296  0.44632348 -0.24627875  0.39155927]
2025-12-13 21:26:08,296 - INFO - num_full_subsets = 2
2025-12-13 21:26:08,330 - INFO - phi = [-0.05366609 -0.10779396  1.78255141 -1.29259509]
2025-12-13 21:26:08,346 - INFO - num_full_subsets = 2
2025-12-13 21:26:08,380 - INFO - phi = [0.39532037 0.6223658  0.42347258 0.54310121]
2025-12-13 21:26:08,396 - INFO - num_full_subsets = 2
2025-12-13 21:26:08,430 - INFO - phi = [ 0.87553376  0.57096134 -0.16025169  0.30212129]
2025-12-13 21:26:08,447 - INFO - num_full_subsets = 2
2025-12-13 21:26:08,481 - INFO - phi = [-0.52708807 -1.01663362 -0.09226607 -0.32741455]
2025-12-13 21:26:08,498 - INFO - num_full_subsets = 2
2025-12-13 21:26:08,531 - INFO - phi = [ 0.72998364  0.34524858 -0.00482811 -1.20643408]
2025-12-13 21:26:08,548 - INFO - num_full_subsets = 2
2025-12-13 21:26:08,581 - INFO - phi = [-0.49201776 -0.84808946 -0.21607097  0.12449779]
2025-12-13 21:26:08,598 - INFO - num_full_subsets = 2
2025-12-13 21:26:08,631 - INFO - phi = [-0.54294366 -1.38962197 -0.18051771  0.1012267 ]
2025-12-13 21:26:08,648 - INFO - num_full_subsets = 2
2025-12-13 21:26:08,682 - INFO - phi = [0.65440475 0.46601396 0.16779366 0.28906473]
2025-12-13 21:26:08,698 - INFO - num_full_subsets = 2
2025-12-13 21:26:08,732 - INFO - phi = [-0.17177033  0.34221881 -0.22284365  0.64192653]
2025-12-13 21:26:08,749 - INFO - num_full_subsets = 2
2025-12-13 21:26:08,782 - INFO - phi = [0.01233844 0.82854227 0.85639586 0.55471194]
2025-12-13 21:26:08,798 - INFO - num_full_subsets = 2
2025-12-13 21:26:08,832 - INFO - phi = [-0.49692173 -0.77162949 -0.06788683 -0.44430893]
2025-12-13 21:26:08,849 - INFO - num_full_subsets = 2
2025-12-13 21:26:08,883 - INFO - phi = [ 0.28304193  0.20595343 -0.16054537  0.5034037 ]
2025-12-13 21:26:08,899 - INFO - num_full_subsets = 2
2025-12-13 21:26:08,933 - INFO - phi = [-0.44846586 -0.70258073  0.02496634 -0.37557648]
2025-12-13 21:26:08,950 - INFO - num_full_subsets = 2
2025-12-13 21:26:08,984 - INFO - phi = [ 0.25310772  0.32566741 -1.19150993  0.28778942]
2025-12-13 21:26:09,000 - INFO - num_full_subsets = 2
2025-12-13 21:26:09,034 - INFO - phi = [ 0.71999024  0.14194517 -0.12631456 -0.22521195]
2025-12-13 21:26:09,051 - INFO - num_full_subsets = 2
2025-12-13 21:26:09,085 - INFO - phi = [0.13834894 0.36696208 0.84952263 0.74467794]
2025-12-13 21:26:09,101 - INFO - num_full_subsets = 2
2025-12-13 21:26:09,135 - INFO - phi = [-0.12591425  0.46612852 -0.44882632  0.58768658]
2025-12-13 21:26:09,152 - INFO - num_full_subsets = 2
2025-12-13 21:26:09,186 - INFO - phi = [-0.44368885 -0.342772   -0.25736457  0.16511094]
2025-12-13 21:26:09,203 - INFO - num_full_subsets = 2
2025-12-13 21:26:09,236 - INFO - phi = [-0.56588444 -1.33367652 -0.14933611 -0.00295927]
2025-12-13 21:26:09,253 - INFO - num_full_subsets = 2
2025-12-13 21:26:09,287 - INFO - phi = [-0.27421598 -0.18560156  0.34128152 -1.16440462]
2025-12-13 21:26:09,304 - INFO - num_full_subsets = 2
2025-12-13 21:26:09,337 - INFO - phi = [-0.26323603 -0.51426206  0.31405787  0.90339854]
2025-12-13 21:26:09,354 - INFO - num_full_subsets = 2
2025-12-13 21:26:09,388 - INFO - phi = [-0.26986243  0.10420634  0.36158266 -1.24146157]
2025-12-13 21:26:09,405 - INFO - num_full_subsets = 2
2025-12-13 21:26:09,439 - INFO - phi = [-0.43765472 -0.60261093 -0.351655   -0.550732  ]
2025-12-13 21:26:09,456 - INFO - num_full_subsets = 2
2025-12-13 21:26:09,491 - INFO - phi = [ 0.75391519  0.60265741 -0.31456149  0.45437797]
2025-12-13 21:26:09,508 - INFO - num_full_subsets = 2
2025-12-13 21:26:09,542 - INFO - phi = [-0.01078127  0.45285822 -0.11369101  0.40939798]
2025-12-13 21:26:09,559 - INFO - num_full_subsets = 2
2025-12-13 21:26:09,593 - INFO - phi = [-0.11596098  0.65680236  0.20505735  0.87079785]
2025-12-13 21:26:09,610 - INFO - num_full_subsets = 2
2025-12-13 21:26:09,644 - INFO - phi = [-0.39061299  0.64181855 -0.31178432 -0.14825075]
2025-12-13 21:26:09,661 - INFO - num_full_subsets = 2
2025-12-13 21:26:09,695 - INFO - phi = [-0.47724661 -0.60519241  0.05048073 -0.61825365]
2025-12-13 21:26:09,711 - INFO - num_full_subsets = 2
2025-12-13 21:26:09,745 - INFO - phi = [-0.25881235 -0.82776337  1.57820981 -1.2089882 ]
2025-12-13 21:26:09,762 - INFO - num_full_subsets = 2
2025-12-13 21:26:09,796 - INFO - phi = [ 0.06381621 -0.0217576  -0.1830412   0.32135211]
2025-12-13 21:26:09,813 - INFO - num_full_subsets = 2
2025-12-13 21:26:09,847 - INFO - phi = [-0.36413317 -0.22235941 -1.3241753   0.46317438]
2025-12-13 21:26:09,864 - INFO - num_full_subsets = 2
2025-12-13 21:26:09,897 - INFO - phi = [ 0.62193524  0.28560929 -0.04644172 -1.14658439]
2025-12-13 21:26:09,914 - INFO - num_full_subsets = 2
2025-12-13 21:26:09,948 - INFO - phi = [-0.06738996  0.70962466 -0.50686733  0.68928356]
2025-12-13 21:26:09,964 - INFO - num_full_subsets = 2
2025-12-13 21:26:09,999 - INFO - phi = [ 0.65560653  0.34632446 -0.00710878 -0.28965953]
2025-12-13 21:26:10,015 - INFO - num_full_subsets = 2
2025-12-13 21:26:10,049 - INFO - phi = [ 0.15162604  0.31914933 -0.48135177  0.56176956]
2025-12-13 21:26:10,066 - INFO - num_full_subsets = 2
2025-12-13 21:26:10,100 - INFO - phi = [0.3798995  0.81526129 1.1755931  0.65755658]
2025-12-13 21:26:10,116 - INFO - num_full_subsets = 2
2025-12-13 21:26:10,150 - INFO - phi = [-0.5211052  -1.10181387 -0.18332572  0.11565895]
2025-12-13 21:26:10,166 - INFO - num_full_subsets = 2
2025-12-13 21:26:10,200 - INFO - phi = [-0.39894267  0.28036092 -0.18703442  0.25022806]
2025-12-13 21:26:10,217 - INFO - num_full_subsets = 2
2025-12-13 21:26:10,250 - INFO - phi = [ 0.84334928 -0.23399036 -0.17358029 -1.13072852]
2025-12-13 21:26:10,267 - INFO - num_full_subsets = 2
2025-12-13 21:26:10,301 - INFO - phi = [-0.47487584  0.22962842 -0.10149275 -0.69617286]
2025-12-13 21:26:10,317 - INFO - num_full_subsets = 2
2025-12-13 21:26:10,351 - INFO - phi = [-0.42937542  0.63950461 -0.19095103 -0.52312635]
2025-12-13 21:26:10,367 - INFO - num_full_subsets = 2
2025-12-13 21:26:10,401 - INFO - phi = [-0.44258434 -0.66891697 -0.40910948 -0.40818286]
2025-12-13 21:26:10,417 - INFO - num_full_subsets = 2
2025-12-13 21:26:10,450 - INFO - phi = [ 0.30911434  0.05404888 -0.56895587 -0.03596518]
2025-12-13 21:26:10,467 - INFO - num_full_subsets = 2
2025-12-13 21:26:10,501 - INFO - phi = [ 0.86226255  0.46470924  0.00482996 -1.05306669]
2025-12-13 21:26:10,518 - INFO - num_full_subsets = 2
2025-12-13 21:26:10,551 - INFO - phi = [0.82024937 0.01450637 0.51602306 0.64302085]
2025-12-13 21:26:10,568 - INFO - num_full_subsets = 2
2025-12-13 21:26:10,601 - INFO - phi = [ 0.74117912  0.11722378 -0.2364184   0.54226516]
2025-12-13 21:26:10,618 - INFO - num_full_subsets = 2
2025-12-13 21:26:10,651 - INFO - phi = [-0.50300115 -1.21936583 -0.22939321 -0.1391187 ]
2025-12-13 21:26:10,668 - INFO - num_full_subsets = 2
2025-12-13 21:26:10,701 - INFO - phi = [ 0.27692944  0.45538293 -0.16229479 -0.68522686]
2025-12-13 21:26:10,718 - INFO - num_full_subsets = 2
2025-12-13 21:26:10,752 - INFO - phi = [-0.11677068  0.35477506  0.94930828  0.54859715]
2025-12-13 21:26:10,768 - INFO - num_full_subsets = 2
2025-12-13 21:26:10,802 - INFO - phi = [ 0.84663741  0.30325518 -0.19802593 -0.87820977]
2025-12-13 21:26:10,819 - INFO - num_full_subsets = 2
2025-12-13 21:26:10,852 - INFO - phi = [ 0.15137204  0.0085842  -0.05278819  0.34461037]
2025-12-13 21:26:10,869 - INFO - num_full_subsets = 2
2025-12-13 21:26:10,902 - INFO - phi = [ 0.32558306  0.39017344  0.49308342 -0.81700526]
2025-12-13 21:26:10,918 - INFO - num_full_subsets = 2
2025-12-13 21:26:10,952 - INFO - phi = [ 0.5510112   0.08860712  0.46942385 -1.0899658 ]
2025-12-13 21:26:10,969 - INFO - num_full_subsets = 2
2025-12-13 21:26:11,003 - INFO - phi = [0.83512703 0.77838656 0.40142153 0.57509101]
2025-12-13 21:26:11,019 - INFO - num_full_subsets = 2
2025-12-13 21:26:11,053 - INFO - phi = [ 0.47397039  0.40108312 -0.12355353 -0.32939053]
2025-12-13 21:26:11,070 - INFO - num_full_subsets = 2
2025-12-13 21:26:11,104 - INFO - phi = [ 0.06810217  0.23651055 -0.13037542  0.51402204]
2025-12-13 21:26:11,120 - INFO - num_full_subsets = 2
2025-12-13 21:26:11,155 - INFO - phi = [-0.335817    0.08787811 -0.73841552  0.4397478 ]
2025-12-13 21:26:11,171 - INFO - num_full_subsets = 2
2025-12-13 21:26:11,205 - INFO - phi = [-0.31101772 -0.96054981  0.24292719  0.65132327]
2025-12-13 21:26:11,221 - INFO - num_full_subsets = 2
2025-12-13 21:26:11,255 - INFO - phi = [ 0.48646624  0.33884229 -0.44162923 -0.30838332]
2025-12-13 21:26:11,272 - INFO - num_full_subsets = 2
2025-12-13 21:26:11,305 - INFO - phi = [ 0.34480399  0.06415321 -0.01736424 -0.52015375]
2025-12-13 21:26:11,322 - INFO - num_full_subsets = 2
2025-12-13 21:26:11,355 - INFO - phi = [ 0.5615633   0.69030991 -0.1763411   0.62120163]
2025-12-13 21:26:11,372 - INFO - num_full_subsets = 2
2025-12-13 21:26:11,405 - INFO - phi = [-0.44693752 -0.86699339 -0.37573377 -0.25107458]
2025-12-13 21:26:11,422 - INFO - num_full_subsets = 2
2025-12-13 21:26:11,455 - INFO - phi = [-8.48140196e-02  6.24864228e-05 -1.68054545e-01  5.31862161e-01]
2025-12-13 21:26:11,472 - INFO - num_full_subsets = 2
2025-12-13 21:26:11,506 - INFO - phi = [-0.44526956 -1.04901636  1.06636596 -1.13253296]
2025-12-13 21:26:11,523 - INFO - num_full_subsets = 2
2025-12-13 21:26:11,556 - INFO - phi = [0.22469027 0.69873737 0.82917217 0.84523124]
2025-12-13 21:26:11,572 - INFO - num_full_subsets = 2
2025-12-13 21:26:11,606 - INFO - phi = [ 0.52440448  0.10825996 -0.21236258  0.46644142]
2025-12-13 21:26:11,623 - INFO - num_full_subsets = 2
2025-12-13 21:26:11,657 - INFO - phi = [ 0.74347069  0.28786289 -0.59923574 -0.45736249]
2025-12-13 21:26:11,673 - INFO - num_full_subsets = 2
2025-12-13 21:26:11,707 - INFO - phi = [-0.47014171 -0.76157191 -0.14940207 -0.3668366 ]
2025-12-13 21:26:11,724 - INFO - num_full_subsets = 2
2025-12-13 21:26:11,758 - INFO - phi = [-0.58411314 -1.3474073  -0.39147388  0.30386348]
2025-12-13 21:26:11,774 - INFO - num_full_subsets = 2
2025-12-13 21:26:11,809 - INFO - phi = [-0.45569267 -1.11375157  0.90753232 -0.90991833]
2025-12-13 21:26:11,826 - INFO - num_full_subsets = 2
2025-12-13 21:26:11,860 - INFO - phi = [-0.35956629 -0.88786918  0.46404861 -0.07436526]
2025-12-13 21:26:11,877 - INFO - num_full_subsets = 2
2025-12-13 21:26:11,911 - INFO - phi = [-0.07822642  0.92379125 -0.13479922  0.58368412]
2025-12-13 21:26:11,928 - INFO - num_full_subsets = 2
2025-12-13 21:26:11,963 - INFO - phi = [-0.335817    0.08787811 -0.73841552  0.4397478 ]
2025-12-13 21:26:11,980 - INFO - num_full_subsets = 2
2025-12-13 21:26:12,014 - INFO - phi = [-0.27385648  0.47572235 -0.27301337  0.440782  ]
2025-12-13 21:26:12,030 - INFO - num_full_subsets = 2
2025-12-13 21:26:12,064 - INFO - phi = [ 0.27666419  0.52362871 -0.05773282  0.54072304]
2025-12-13 21:26:12,081 - INFO - num_full_subsets = 2
2025-12-13 21:26:12,114 - INFO - phi = [-0.17525369  0.56764649 -0.1667094  -0.15349194]
2025-12-13 21:26:12,131 - INFO - num_full_subsets = 2
2025-12-13 21:26:12,165 - INFO - phi = [ 0.86287965 -0.08926686  0.13211856 -0.91998685]
2025-12-13 21:26:12,671 - INFO - Computing feature importance...
2025-12-13 21:26:13,510 - INFO - Experiment completed for SVM
2025-12-13 21:26:13,510 - INFO - Total time: 23.86s (0.40 min)
2025-12-13 21:26:13,510 - INFO - Starting comprehensive experiment for SVM
2025-12-13 21:26:21,210 - INFO - Performing feature analysis...
2025-12-13 21:26:22,390 - INFO - Model justification: Effective for high-dimensional spaces and non-linear relationships using kernel trick
2025-12-13 21:26:22,390 - INFO - Performing robust cross-validation...
2025-12-13 21:26:22,572 - INFO - CV Results - MSE: 1.7525 ± 0.4331
2025-12-13 21:26:22,572 - INFO - Starting hyperparameter optimization...
2025-12-13 21:26:26,226 - INFO - Best parameters for SVM: {'C': 7.332319282503845, 'epsilon': 0.0016120234263357971, 'kernel': 'rbf'}
2025-12-13 21:26:26,226 - INFO - ⏱️ HPO took 3.65 seconds
2025-12-13 21:26:26,226 - INFO - Training final model...
2025-12-13 21:26:26,245 - INFO - ⏱️ Training took 0.02 seconds
2025-12-13 21:26:26,245 - INFO - Performing residual analysis...
2025-12-13 21:26:27,298 - INFO - Generating XAI explanations...
2025-12-13 21:26:27,301 - WARNING - Using 168 background data samples could cause slower run times. Consider using shap.sample(data, K) or shap.kmeans(data, K) to summarize the background as K samples.
2025-12-13 21:26:27,318 - INFO - num_full_subsets = 2
2025-12-13 21:26:27,354 - INFO - phi = [-0.01297507  0.78512429  0.71299456  0.75498602]
2025-12-13 21:26:27,370 - INFO - num_full_subsets = 2
2025-12-13 21:26:27,407 - INFO - phi = [-0.08033197  0.45043132 -0.17353271  0.32964011]
2025-12-13 21:26:27,424 - INFO - num_full_subsets = 2
2025-12-13 21:26:27,461 - INFO - phi = [-0.048395    0.58860363 -0.19513511  0.67656911]
2025-12-13 21:26:27,478 - INFO - num_full_subsets = 2
2025-12-13 21:26:27,516 - INFO - phi = [-0.11437703 -0.08589929  0.41094322 -1.30617755]
2025-12-13 21:26:27,533 - INFO - num_full_subsets = 2
2025-12-13 21:26:27,570 - INFO - phi = [-0.34951199 -0.98233133 -0.12387351 -0.29382644]
2025-12-13 21:26:27,587 - INFO - num_full_subsets = 2
2025-12-13 21:26:27,624 - INFO - phi = [-0.30791629 -1.02397936 -0.21318104  0.10617811]
2025-12-13 21:26:27,641 - INFO - num_full_subsets = 2
2025-12-13 21:26:27,678 - INFO - phi = [-0.21393584 -0.75667471  1.46872304 -1.2573618 ]
2025-12-13 21:26:27,694 - INFO - num_full_subsets = 2
2025-12-13 21:26:27,731 - INFO - phi = [ 0.02808924  0.15871683 -0.24918729  0.75708732]
2025-12-13 21:26:27,748 - INFO - num_full_subsets = 2
2025-12-13 21:26:27,785 - INFO - phi = [-0.16337066 -0.28002702  1.68938818 -0.56028676]
2025-12-13 21:26:27,801 - INFO - num_full_subsets = 2
2025-12-13 21:26:27,838 - INFO - phi = [0.27650083 0.18513864 0.0180361  0.28451878]
2025-12-13 21:26:27,855 - INFO - num_full_subsets = 2
2025-12-13 21:26:27,893 - INFO - phi = [-0.35292995 -1.25274444 -0.16485521 -0.0418941 ]
2025-12-13 21:26:27,910 - INFO - num_full_subsets = 2
2025-12-13 21:26:27,947 - INFO - phi = [ 0.56268679  0.30461441 -0.2059293  -0.43977302]
2025-12-13 21:26:27,964 - INFO - num_full_subsets = 2
2025-12-13 21:26:28,002 - INFO - phi = [-0.25257798 -0.97414661  0.87232536 -1.06719281]
2025-12-13 21:26:28,019 - INFO - num_full_subsets = 2
2025-12-13 21:26:28,057 - INFO - phi = [-0.07197112  0.30411843  0.85879959 -1.48353086]
2025-12-13 21:26:28,074 - INFO - num_full_subsets = 2
2025-12-13 21:26:28,111 - INFO - phi = [ 0.33756888  0.76602569 -0.08681429  0.69630345]
2025-12-13 21:26:28,128 - INFO - num_full_subsets = 2
2025-12-13 21:26:28,166 - INFO - phi = [-0.34329012 -1.41080717 -0.22581433  0.07861514]
2025-12-13 21:26:28,182 - INFO - num_full_subsets = 2
2025-12-13 21:26:28,220 - INFO - phi = [-0.24410903  0.41633641 -0.28582756  0.2361506 ]
2025-12-13 21:26:28,237 - INFO - num_full_subsets = 2
2025-12-13 21:26:28,274 - INFO - phi = [-0.33605531 -0.9657201  -0.24893768 -0.24597019]
2025-12-13 21:26:28,291 - INFO - num_full_subsets = 2
2025-12-13 21:26:28,328 - INFO - phi = [-0.33053951 -0.9929742  -0.20843022 -0.33352739]
2025-12-13 21:26:28,345 - INFO - num_full_subsets = 2
2025-12-13 21:26:28,382 - INFO - phi = [ 0.4675586   0.73156051 -0.09057883  0.77487221]
2025-12-13 21:26:28,399 - INFO - num_full_subsets = 2
2025-12-13 21:26:28,436 - INFO - phi = [ 0.05219701  0.11723727 -0.22971817  0.32564517]
2025-12-13 21:26:28,453 - INFO - num_full_subsets = 2
2025-12-13 21:26:28,491 - INFO - phi = [ 0.42614469  0.11433597 -0.10221497  0.46514263]
2025-12-13 21:26:28,507 - INFO - num_full_subsets = 2
2025-12-13 21:26:28,545 - INFO - phi = [-0.26010807 -0.7778402  -0.30599708  0.40741569]
2025-12-13 21:26:28,562 - INFO - num_full_subsets = 2
2025-12-13 21:26:28,600 - INFO - phi = [0.36391436 0.84146359 0.03195985 0.60225489]
2025-12-13 21:26:28,616 - INFO - num_full_subsets = 2
2025-12-13 21:26:28,654 - INFO - phi = [0.0675431  1.96255995 0.14183534 0.36987313]
2025-12-13 21:26:28,670 - INFO - num_full_subsets = 2
2025-12-13 21:26:28,707 - INFO - phi = [-0.34945761 -1.11331828 -0.16157511 -0.18367163]
2025-12-13 21:26:28,724 - INFO - num_full_subsets = 2
2025-12-13 21:26:28,761 - INFO - phi = [-0.00123059  0.79482261 -0.02236715  0.8302736 ]
2025-12-13 21:26:28,778 - INFO - num_full_subsets = 2
2025-12-13 21:26:28,816 - INFO - phi = [-0.07718953  0.54164702 -0.45515446  0.59277968]
2025-12-13 21:26:28,832 - INFO - num_full_subsets = 2
2025-12-13 21:26:28,870 - INFO - phi = [ 0.56268679  0.30461441 -0.2059293  -0.43977302]
2025-12-13 21:26:28,886 - INFO - num_full_subsets = 2
2025-12-13 21:26:28,924 - INFO - phi = [-0.15661444 -0.00648805 -0.62097933  0.36628605]
2025-12-13 21:26:28,941 - INFO - num_full_subsets = 2
2025-12-13 21:26:28,978 - INFO - phi = [ 0.70610015  0.3244386  -0.0417478  -0.96804525]
2025-12-13 21:26:28,995 - INFO - num_full_subsets = 2
2025-12-13 21:26:29,032 - INFO - phi = [ 0.64112225 -0.12609463 -0.16223627 -0.5870838 ]
2025-12-13 21:26:29,049 - INFO - num_full_subsets = 2
2025-12-13 21:26:29,087 - INFO - phi = [-0.29920114 -0.90014245 -0.00940336 -0.71225787]
2025-12-13 21:26:29,104 - INFO - num_full_subsets = 2
2025-12-13 21:26:29,141 - INFO - phi = [-0.35547981 -0.8421229  -0.1919712  -0.20161011]
2025-12-13 21:26:29,158 - INFO - num_full_subsets = 2
2025-12-13 21:26:29,195 - INFO - phi = [ 0.28319903  0.0404204   0.7008111  -0.56169256]
2025-12-13 21:26:29,212 - INFO - num_full_subsets = 2
2025-12-13 21:26:29,249 - INFO - phi = [-0.33457881 -1.13924568 -0.40534405 -0.01891449]
2025-12-13 21:26:29,266 - INFO - num_full_subsets = 2
2025-12-13 21:26:29,303 - INFO - phi = [-0.18840824 -0.68111548 -0.03386111 -0.8708191 ]
2025-12-13 21:26:29,320 - INFO - num_full_subsets = 2
2025-12-13 21:26:29,357 - INFO - phi = [-0.10292745  0.50069532 -0.4625221   0.56451356]
2025-12-13 21:26:29,373 - INFO - num_full_subsets = 2
2025-12-13 21:26:29,410 - INFO - phi = [-0.15262356  0.20459859  0.02684417  0.45195899]
2025-12-13 21:26:29,427 - INFO - num_full_subsets = 2
2025-12-13 21:26:29,464 - INFO - phi = [-0.31576549 -0.64572693 -0.20283035 -0.51890984]
2025-12-13 21:26:29,480 - INFO - num_full_subsets = 2
2025-12-13 21:26:29,518 - INFO - phi = [-0.11811531  0.54544491 -0.19566416 -0.25257095]
2025-12-13 21:26:29,534 - INFO - num_full_subsets = 2
2025-12-13 21:26:29,572 - INFO - phi = [ 0.6778753  -0.19459616 -0.3054146   0.60766539]
2025-12-13 21:26:29,589 - INFO - num_full_subsets = 2
2025-12-13 21:26:29,627 - INFO - phi = [-0.1140851   0.7328914  -0.37857691  0.1302031 ]
2025-12-13 21:26:29,643 - INFO - num_full_subsets = 2
2025-12-13 21:26:29,681 - INFO - phi = [-0.34946901 -0.79686301 -0.12175468 -0.37839877]
2025-12-13 21:26:29,698 - INFO - num_full_subsets = 2
2025-12-13 21:26:29,735 - INFO - phi = [-0.25658236 -0.98194371 -0.27978567  0.33549   ]
2025-12-13 21:26:29,751 - INFO - num_full_subsets = 2
2025-12-13 21:26:29,788 - INFO - phi = [0.24318524 0.51599357 0.49882441 0.70687155]
2025-12-13 21:26:29,805 - INFO - num_full_subsets = 2
2025-12-13 21:26:29,842 - INFO - phi = [-0.22109132 -1.00912968 -0.08024931  0.46400029]
2025-12-13 21:26:29,858 - INFO - num_full_subsets = 2
2025-12-13 21:26:29,896 - INFO - phi = [-0.22655776 -0.75611089  1.39420998 -1.19746284]
2025-12-13 21:26:29,913 - INFO - num_full_subsets = 2
2025-12-13 21:26:29,950 - INFO - phi = [ 0.03216136  0.73730315 -0.2277631   0.86924688]
2025-12-13 21:26:29,966 - INFO - num_full_subsets = 2
2025-12-13 21:26:30,003 - INFO - phi = [-0.09444024 -0.311344   -0.01417203  0.73788265]
2025-12-13 21:26:30,020 - INFO - num_full_subsets = 2
2025-12-13 21:26:30,057 - INFO - phi = [ 0.4400656   0.30625468 -0.38021393 -0.13559264]
2025-12-13 21:26:30,074 - INFO - num_full_subsets = 2
2025-12-13 21:26:30,111 - INFO - phi = [-0.17068126  0.23522259 -0.48328031  0.59512347]
2025-12-13 21:26:30,128 - INFO - num_full_subsets = 2
2025-12-13 21:26:30,165 - INFO - phi = [ 0.57829578  0.15957098 -0.2294044   0.60672612]
2025-12-13 21:26:30,181 - INFO - num_full_subsets = 2
2025-12-13 21:26:30,219 - INFO - phi = [-0.2535049  -0.45886726  0.19702907 -1.03116257]
2025-12-13 21:26:30,236 - INFO - num_full_subsets = 2
2025-12-13 21:26:30,273 - INFO - phi = [-0.26595613 -1.32399522 -0.30242681  0.35216324]
2025-12-13 21:26:30,290 - INFO - num_full_subsets = 2
2025-12-13 21:26:30,327 - INFO - phi = [-0.30366507 -0.79416738 -0.15844225 -0.54294498]
2025-12-13 21:26:30,343 - INFO - num_full_subsets = 2
2025-12-13 21:26:30,380 - INFO - phi = [-0.32273142 -0.49357151 -0.17454739 -0.22094871]
2025-12-13 21:26:30,397 - INFO - num_full_subsets = 2
2025-12-13 21:26:30,434 - INFO - phi = [-0.32368256 -1.2838899  -0.43105355  0.23100103]
2025-12-13 21:26:30,450 - INFO - num_full_subsets = 2
2025-12-13 21:26:30,488 - INFO - phi = [-0.31036743 -0.57267676 -0.30901151 -0.12797305]
2025-12-13 21:26:30,504 - INFO - num_full_subsets = 2
2025-12-13 21:26:30,541 - INFO - phi = [ 0.44179412  0.07073593 -0.15013569 -0.37047614]
2025-12-13 21:26:30,558 - INFO - num_full_subsets = 2
2025-12-13 21:26:30,595 - INFO - phi = [-0.28659058 -0.788578   -0.36450164 -0.36333984]
2025-12-13 21:26:30,611 - INFO - num_full_subsets = 2
2025-12-13 21:26:30,649 - INFO - phi = [-0.27444833  0.39657992 -0.26015957 -0.84772551]
2025-12-13 21:26:30,665 - INFO - num_full_subsets = 2
2025-12-13 21:26:30,703 - INFO - phi = [-0.35482756 -1.00273238 -0.13852068 -0.1856918 ]
2025-12-13 21:26:30,719 - INFO - num_full_subsets = 2
2025-12-13 21:26:30,756 - INFO - phi = [-0.19650378  0.37531189  0.32267413  0.43609132]
2025-12-13 21:26:30,773 - INFO - num_full_subsets = 2
2025-12-13 21:26:30,809 - INFO - phi = [-0.24720449 -0.14000029  0.1968102  -0.8885883 ]
2025-12-13 21:26:30,826 - INFO - num_full_subsets = 2
2025-12-13 21:26:30,863 - INFO - phi = [-0.11659308 -0.66782143  1.53589035 -1.38195182]
2025-12-13 21:26:30,880 - INFO - num_full_subsets = 2
2025-12-13 21:26:30,917 - INFO - phi = [-0.00514251  0.27846724 -0.24709365  0.74933739]
2025-12-13 21:26:30,933 - INFO - num_full_subsets = 2
2025-12-13 21:26:30,971 - INFO - phi = [-0.14181312  0.84307855  0.16084875  0.3441562 ]
2025-12-13 21:26:30,988 - INFO - num_full_subsets = 2
2025-12-13 21:26:31,025 - INFO - phi = [ 0.43828944  0.38549886 -0.17254084 -0.156172  ]
2025-12-13 21:26:31,042 - INFO - num_full_subsets = 2
2025-12-13 21:26:31,079 - INFO - phi = [-0.22884273 -0.64392343 -0.08064701 -0.88709013]
2025-12-13 21:26:31,096 - INFO - num_full_subsets = 2
2025-12-13 21:26:31,134 - INFO - phi = [-0.00791316  0.10844437  1.70939227 -1.52851318]
2025-12-13 21:26:31,151 - INFO - num_full_subsets = 2
2025-12-13 21:26:31,188 - INFO - phi = [-0.07074837  1.43209281  0.00256155 -0.53274362]
2025-12-13 21:26:31,205 - INFO - num_full_subsets = 2
2025-12-13 21:26:31,242 - INFO - phi = [-0.0748457   0.24564137 -0.25030171  0.75376931]
2025-12-13 21:26:31,259 - INFO - num_full_subsets = 2
2025-12-13 21:26:31,296 - INFO - phi = [ 0.17297254  0.85725026 -0.42838377  0.68787925]
2025-12-13 21:26:31,313 - INFO - num_full_subsets = 2
2025-12-13 21:26:31,351 - INFO - phi = [0.32924044 0.90825822 1.09405319 0.79543439]
2025-12-13 21:26:31,367 - INFO - num_full_subsets = 2
2025-12-13 21:26:31,405 - INFO - phi = [-0.32270721 -0.66645913 -0.11520529 -0.55854804]
2025-12-13 21:26:31,421 - INFO - num_full_subsets = 2
2025-12-13 21:26:31,459 - INFO - phi = [0.34197464 0.2225306  1.34458379 0.74082691]
2025-12-13 21:26:31,475 - INFO - num_full_subsets = 2
2025-12-13 21:26:31,512 - INFO - phi = [-0.06608698 -0.40219794  1.34037028 -1.58851255]
2025-12-13 21:26:31,529 - INFO - num_full_subsets = 2
2025-12-13 21:26:31,566 - INFO - phi = [-0.02485771  0.86442758 -0.50449688  0.65222019]
2025-12-13 21:26:31,583 - INFO - num_full_subsets = 2
2025-12-13 21:26:31,621 - INFO - phi = [ 0.22482165  0.67818363 -0.00669225  0.34789479]
2025-12-13 21:26:31,638 - INFO - num_full_subsets = 2
2025-12-13 21:26:31,675 - INFO - phi = [-0.26779571 -0.92169264 -0.0528638  -0.3729293 ]
2025-12-13 21:26:31,692 - INFO - num_full_subsets = 2
2025-12-13 21:26:31,729 - INFO - phi = [-0.17350251  0.6030325  -0.32438925  0.58987849]
2025-12-13 21:26:31,745 - INFO - num_full_subsets = 2
2025-12-13 21:26:31,782 - INFO - phi = [-0.15626819  0.95117619 -0.14213849  0.37362756]
2025-12-13 21:26:31,799 - INFO - num_full_subsets = 2
2025-12-13 21:26:31,836 - INFO - phi = [-0.2081805  -0.18701804 -0.43287863 -0.55885682]
2025-12-13 21:26:31,853 - INFO - num_full_subsets = 2
2025-12-13 21:26:31,890 - INFO - phi = [ 0.1447548   0.47037845 -0.46419499  0.67156059]
2025-12-13 21:26:31,906 - INFO - num_full_subsets = 2
2025-12-13 21:26:31,943 - INFO - phi = [ 0.23767514  0.03404853  0.52396386 -0.77943036]
2025-12-13 21:26:31,960 - INFO - num_full_subsets = 2
2025-12-13 21:26:31,998 - INFO - phi = [-0.2081805  -0.18701804 -0.43287863 -0.55885682]
2025-12-13 21:26:32,015 - INFO - num_full_subsets = 2
2025-12-13 21:26:32,052 - INFO - phi = [0.07089128 0.91624762 0.92038813 0.92271625]
2025-12-13 21:26:32,069 - INFO - num_full_subsets = 2
2025-12-13 21:26:32,107 - INFO - phi = [-0.07001563  0.77294866 -0.30657709  0.84990225]
2025-12-13 21:26:32,124 - INFO - num_full_subsets = 2
2025-12-13 21:26:32,161 - INFO - phi = [ 0.26316308  0.86490223  0.33711546 -0.10831639]
2025-12-13 21:26:32,178 - INFO - num_full_subsets = 2
2025-12-13 21:26:32,216 - INFO - phi = [ 0.3396502   0.18245561 -0.21657031 -0.10975952]
2025-12-13 21:26:32,232 - INFO - num_full_subsets = 2
2025-12-13 21:26:32,270 - INFO - phi = [-0.15964324  0.34371694 -0.80822745  0.12742136]
2025-12-13 21:26:32,287 - INFO - num_full_subsets = 2
2025-12-13 21:26:32,324 - INFO - phi = [-0.1250191   0.57476417  0.33255177  0.1075273 ]
2025-12-13 21:26:32,340 - INFO - num_full_subsets = 2
2025-12-13 21:26:32,377 - INFO - phi = [ 0.48372155 -0.32152389 -0.28104566  0.3885792 ]
2025-12-13 21:26:32,394 - INFO - num_full_subsets = 2
2025-12-13 21:26:32,432 - INFO - phi = [0.41297849 0.77402197 0.65729943 0.51568394]
2025-12-13 21:26:32,448 - INFO - num_full_subsets = 2
2025-12-13 21:26:32,486 - INFO - phi = [ 0.17375862  0.88209843 -0.20192604  0.75561802]
2025-12-13 21:26:32,503 - INFO - num_full_subsets = 2
2025-12-13 21:26:32,541 - INFO - phi = [-0.18825043 -0.35639583 -1.1601078   0.40994429]
2025-12-13 21:26:32,557 - INFO - num_full_subsets = 2
2025-12-13 21:26:32,594 - INFO - phi = [ 0.62593356  0.57882419 -0.42241692  0.62945736]
2025-12-13 21:26:32,611 - INFO - num_full_subsets = 2
2025-12-13 21:26:32,649 - INFO - phi = [ 0.67682866  0.23130486 -0.08980086 -0.46639074]
2025-12-13 21:26:32,665 - INFO - num_full_subsets = 2
2025-12-13 21:26:32,703 - INFO - phi = [-0.2207794  -0.96671228  0.63328905 -1.08582332]
2025-12-13 21:26:32,720 - INFO - num_full_subsets = 2
2025-12-13 21:26:32,757 - INFO - phi = [0.15858605 0.9717171  0.86216744 0.87470056]
2025-12-13 21:26:32,774 - INFO - num_full_subsets = 2
2025-12-13 21:26:32,811 - INFO - phi = [-0.30180982 -1.22799056 -0.32318147  0.27054723]
2025-12-13 21:26:32,828 - INFO - num_full_subsets = 2
2025-12-13 21:26:32,865 - INFO - phi = [-0.15953163 -0.74042801 -0.20598976 -0.71546174]
2025-12-13 21:26:32,881 - INFO - num_full_subsets = 2
2025-12-13 21:26:32,919 - INFO - phi = [-0.22364828 -0.65553536  0.47885979 -1.14091511]
2025-12-13 21:26:32,936 - INFO - num_full_subsets = 2
2025-12-13 21:26:32,974 - INFO - phi = [ 0.6045006   0.77259538 -0.21500908  0.78107984]
2025-12-13 21:26:32,991 - INFO - num_full_subsets = 2
2025-12-13 21:26:33,028 - INFO - phi = [-0.28727661 -0.82852779 -0.13971656 -0.6012449 ]
2025-12-13 21:26:33,045 - INFO - num_full_subsets = 2
2025-12-13 21:26:33,083 - INFO - phi = [-0.27686534 -0.90132032  0.23620518 -0.79450488]
2025-12-13 21:26:33,099 - INFO - num_full_subsets = 2
2025-12-13 21:26:33,137 - INFO - phi = [-0.27057547 -0.32756783 -0.16815301 -1.02509589]
2025-12-13 21:26:33,153 - INFO - num_full_subsets = 2
2025-12-13 21:26:33,191 - INFO - phi = [-0.23594828 -0.62915754 -0.12634318 -0.68829534]
2025-12-13 21:26:33,207 - INFO - num_full_subsets = 2
2025-12-13 21:26:33,244 - INFO - phi = [0.04294889 1.52911851 0.32213121 0.41121952]
2025-12-13 21:26:33,261 - INFO - num_full_subsets = 2
2025-12-13 21:26:33,299 - INFO - phi = [ 0.37052977  0.60593129 -0.46054812  0.66332812]
2025-12-13 21:26:33,315 - INFO - num_full_subsets = 2
2025-12-13 21:26:33,352 - INFO - phi = [-0.28974827 -0.30945768 -0.40494363 -0.03569746]
2025-12-13 21:26:33,369 - INFO - num_full_subsets = 2
2025-12-13 21:26:33,406 - INFO - phi = [ 0.39991428  0.56977857 -0.20562096  0.76712269]
2025-12-13 21:26:33,423 - INFO - num_full_subsets = 2
2025-12-13 21:26:33,460 - INFO - phi = [ 0.1447548   0.47037845 -0.46419499  0.67156059]
2025-12-13 21:26:33,477 - INFO - num_full_subsets = 2
2025-12-13 21:26:33,514 - INFO - phi = [-0.19373152 -0.57117666 -0.39015889 -0.69906853]
2025-12-13 21:26:33,530 - INFO - num_full_subsets = 2
2025-12-13 21:26:33,567 - INFO - phi = [ 0.66252706  0.22027551 -0.22042471  0.71301206]
2025-12-13 21:26:33,584 - INFO - num_full_subsets = 2
2025-12-13 21:26:33,621 - INFO - phi = [ 0.63595396  0.72468438 -0.1695388   0.76480129]
2025-12-13 21:26:33,638 - INFO - num_full_subsets = 2
2025-12-13 21:26:33,674 - INFO - phi = [-0.23735036 -0.85184649  1.24832005 -1.09134256]
2025-12-13 21:26:33,691 - INFO - num_full_subsets = 2
2025-12-13 21:26:33,728 - INFO - phi = [-0.1610009  -0.87250129 -0.10690297 -0.61674314]
2025-12-13 21:26:33,745 - INFO - num_full_subsets = 2
2025-12-13 21:26:33,782 - INFO - phi = [-0.14682879  0.74329403 -0.80896868  0.32138112]
2025-12-13 21:26:33,799 - INFO - num_full_subsets = 2
2025-12-13 21:26:33,836 - INFO - phi = [-0.11409572  0.89404517 -0.28714383  0.55619122]
2025-12-13 21:26:33,852 - INFO - num_full_subsets = 2
2025-12-13 21:26:33,889 - INFO - phi = [-0.31529541 -0.71075178 -0.33399813  0.06927594]
2025-12-13 21:26:33,906 - INFO - num_full_subsets = 2
2025-12-13 21:26:33,943 - INFO - phi = [-0.23253162 -0.77248654  1.01565056 -1.15087689]
2025-12-13 21:26:33,960 - INFO - num_full_subsets = 2
2025-12-13 21:26:33,997 - INFO - phi = [ 0.00110644  0.84627423 -0.19514316  0.73866355]
2025-12-13 21:26:34,014 - INFO - num_full_subsets = 2
2025-12-13 21:26:34,051 - INFO - phi = [-0.03595542  0.85612876 -0.4999944   0.5876032 ]
2025-12-13 21:26:34,067 - INFO - num_full_subsets = 2
2025-12-13 21:26:34,104 - INFO - phi = [ 0.56816139 -0.01694746 -0.46577893  0.59839122]
2025-12-13 21:26:34,121 - INFO - num_full_subsets = 2
2025-12-13 21:26:34,158 - INFO - phi = [-0.28040166 -0.75817177 -0.43542172 -0.33352937]
2025-12-13 21:26:34,175 - INFO - num_full_subsets = 2
2025-12-13 21:26:34,212 - INFO - phi = [ 0.10503735  0.31577151 -0.49133481  0.43756102]
2025-12-13 21:26:34,229 - INFO - num_full_subsets = 2
2025-12-13 21:26:34,266 - INFO - phi = [-0.30686818 -0.91978618 -0.12699974 -0.43257414]
2025-12-13 21:26:34,283 - INFO - num_full_subsets = 2
2025-12-13 21:26:34,319 - INFO - phi = [-0.30024893 -0.45994407 -0.13308303 -0.72916426]
2025-12-13 21:26:34,336 - INFO - num_full_subsets = 2
2025-12-13 21:26:34,373 - INFO - phi = [0.02384023 0.80430371 1.42250293 0.20026338]
2025-12-13 21:26:34,390 - INFO - num_full_subsets = 2
2025-12-13 21:26:34,426 - INFO - phi = [-0.03686244  0.85983729  0.12813072  0.32547578]
2025-12-13 21:26:34,443 - INFO - num_full_subsets = 2
2025-12-13 21:26:34,480 - INFO - phi = [0.54444644 0.20704708 0.08169144 0.77644466]
2025-12-13 21:26:34,497 - INFO - num_full_subsets = 2
2025-12-13 21:26:34,535 - INFO - phi = [ 0.65076359  0.21859397 -0.39600475 -0.5155767 ]
2025-12-13 21:26:34,552 - INFO - num_full_subsets = 2
2025-12-13 21:26:34,589 - INFO - phi = [-0.23577615 -0.61016136 -0.58357417  0.45591688]
2025-12-13 21:26:34,605 - INFO - num_full_subsets = 2
2025-12-13 21:26:34,643 - INFO - phi = [ 0.01891544  0.32247906  0.77547213 -0.697354  ]
2025-12-13 21:26:34,659 - INFO - num_full_subsets = 2
2025-12-13 21:26:34,697 - INFO - phi = [-0.08968836  0.82979631 -0.34315053  0.55965726]
2025-12-13 21:26:34,714 - INFO - num_full_subsets = 2
2025-12-13 21:26:34,752 - INFO - phi = [-0.13602546  0.91655341 -0.35457098  0.66488476]
2025-12-13 21:26:34,768 - INFO - num_full_subsets = 2
2025-12-13 21:26:34,806 - INFO - phi = [-0.08217254  0.44805636 -0.24901226  0.8309803 ]
2025-12-13 21:26:34,822 - INFO - num_full_subsets = 2
2025-12-13 21:26:34,860 - INFO - phi = [-0.03915463  0.76035966 -0.20131301  0.6720139 ]
2025-12-13 21:26:34,877 - INFO - num_full_subsets = 2
2025-12-13 21:26:34,914 - INFO - phi = [-0.29033957 -1.10201168 -0.18762083 -0.03359013]
2025-12-13 21:26:34,931 - INFO - num_full_subsets = 2
2025-12-13 21:26:34,968 - INFO - phi = [-0.0491886   0.41481238 -0.96773251  0.55686081]
2025-12-13 21:26:34,985 - INFO - num_full_subsets = 2
2025-12-13 21:26:35,022 - INFO - phi = [ 0.00473428  0.16954341 -0.23078911  0.36171692]
2025-12-13 21:26:35,039 - INFO - num_full_subsets = 2
2025-12-13 21:26:35,076 - INFO - phi = [ 0.40671879  0.2607968  -0.28124918  0.64117224]
2025-12-13 21:26:35,093 - INFO - num_full_subsets = 2
2025-12-13 21:26:35,131 - INFO - phi = [ 0.67736075  0.20429483 -0.46602057 -0.35958977]
2025-12-13 21:26:35,148 - INFO - num_full_subsets = 2
2025-12-13 21:26:35,185 - INFO - phi = [ 0.46816325  0.18286287 -0.18127663  0.47629329]
2025-12-13 21:26:35,202 - INFO - num_full_subsets = 2
2025-12-13 21:26:35,240 - INFO - phi = [-0.11414169  0.69863824 -0.234791    0.46764419]
2025-12-13 21:26:35,256 - INFO - num_full_subsets = 2
2025-12-13 21:26:35,293 - INFO - phi = [-0.20607203 -0.5897287  -0.11827169 -0.76256183]
2025-12-13 21:26:35,310 - INFO - num_full_subsets = 2
2025-12-13 21:26:35,347 - INFO - phi = [ 0.81525652  0.0967377  -0.12534466 -0.66926156]
2025-12-13 21:26:35,363 - INFO - num_full_subsets = 2
2025-12-13 21:26:35,401 - INFO - phi = [-0.23903804 -0.44355133  0.05723771 -1.09757542]
2025-12-13 21:26:35,418 - INFO - num_full_subsets = 2
2025-12-13 21:26:35,455 - INFO - phi = [ 0.05182823 -0.2268972   1.31635738  0.57615231]
2025-12-13 21:26:35,471 - INFO - num_full_subsets = 2
2025-12-13 21:26:35,509 - INFO - phi = [-0.20596718 -0.15353094 -0.27996607  0.5510945 ]
2025-12-13 21:26:35,525 - INFO - num_full_subsets = 2
2025-12-13 21:26:35,563 - INFO - phi = [-0.24386013 -0.79403743  0.87264141 -0.75016735]
2025-12-13 21:26:35,579 - INFO - num_full_subsets = 2
2025-12-13 21:26:35,616 - INFO - phi = [0.04081469 0.56827704 0.99954141 0.69140793]
2025-12-13 21:26:35,633 - INFO - num_full_subsets = 2
2025-12-13 21:26:35,670 - INFO - phi = [-0.08226013  0.21874423  1.51731352 -0.03710984]
2025-12-13 21:26:35,687 - INFO - num_full_subsets = 2
2025-12-13 21:26:35,724 - INFO - phi = [-0.28363756 -0.82150097  0.01707519 -0.79437477]
2025-12-13 21:26:35,741 - INFO - num_full_subsets = 2
2025-12-13 21:26:35,778 - INFO - phi = [-0.10042567  0.76909909 -0.16990968  0.75134104]
2025-12-13 21:26:35,795 - INFO - num_full_subsets = 2
2025-12-13 21:26:35,831 - INFO - phi = [0.27151193 0.56164206 1.10383933 0.42096242]
2025-12-13 21:26:35,848 - INFO - num_full_subsets = 2
2025-12-13 21:26:35,885 - INFO - phi = [ 0.23528234  0.11452197 -0.00480014  0.55988296]
2025-12-13 21:26:35,901 - INFO - num_full_subsets = 2
2025-12-13 21:26:35,939 - INFO - phi = [ 0.3084141   0.43419575 -0.12987565 -1.1386959 ]
2025-12-13 21:26:35,956 - INFO - num_full_subsets = 2
2025-12-13 21:26:35,993 - INFO - phi = [-0.29659703 -1.42695907 -0.29993105  0.29393802]
2025-12-13 21:26:36,009 - INFO - num_full_subsets = 2
2025-12-13 21:26:36,046 - INFO - phi = [ 0.39528215  0.78764796 -0.18075639  0.74475341]
2025-12-13 21:26:36,063 - INFO - num_full_subsets = 2
2025-12-13 21:26:36,100 - INFO - phi = [-0.0082799   1.07954735  0.04896407  0.40586468]
2025-12-13 21:26:36,117 - INFO - num_full_subsets = 2
2025-12-13 21:26:36,154 - INFO - phi = [ 0.10503735  0.31577151 -0.49133481  0.43756102]
2025-12-13 21:26:36,170 - INFO - num_full_subsets = 2
2025-12-13 21:26:36,208 - INFO - phi = [-0.33529551 -0.53638865 -0.19358899 -0.46053414]
2025-12-13 21:26:36,224 - INFO - num_full_subsets = 2
2025-12-13 21:26:36,262 - INFO - phi = [-0.18099407 -0.80788636 -0.05271059 -0.75405202]
2025-12-13 21:26:36,278 - INFO - num_full_subsets = 2
2025-12-13 21:26:36,316 - INFO - phi = [-0.35354963 -1.00557233 -0.1498462  -0.22546298]
2025-12-13 21:26:36,332 - INFO - num_full_subsets = 2
2025-12-13 21:26:36,369 - INFO - phi = [ 0.48486664 -0.02230864 -0.17417925 -1.14617623]
2025-12-13 21:26:36,885 - INFO - Computing feature importance...
2025-12-13 21:26:37,777 - INFO - Experiment completed for SVM
2025-12-13 21:26:37,777 - INFO - Total time: 23.88s (0.40 min)
2025-12-13 21:26:37,777 - INFO - Starting comprehensive experiment for SVM
2025-12-13 21:26:45,664 - INFO - Performing feature analysis...
2025-12-13 21:26:46,843 - INFO - Model justification: Effective for high-dimensional spaces and non-linear relationships using kernel trick
2025-12-13 21:26:46,844 - INFO - Performing robust cross-validation...
2025-12-13 21:26:47,023 - INFO - CV Results - MSE: 1.7159 ± 0.3378
2025-12-13 21:26:47,023 - INFO - Starting hyperparameter optimization...
2025-12-13 21:26:50,663 - INFO - Best parameters for SVM: {'C': 8.131095290595363, 'epsilon': 0.0625479269085027, 'kernel': 'rbf'}
2025-12-13 21:26:50,663 - INFO - ⏱️ HPO took 3.64 seconds
2025-12-13 21:26:50,663 - INFO - Training final model...
2025-12-13 21:26:50,681 - INFO - ⏱️ Training took 0.02 seconds
2025-12-13 21:26:50,681 - INFO - Performing residual analysis...
2025-12-13 21:26:51,748 - INFO - Generating XAI explanations...
2025-12-13 21:26:51,750 - WARNING - Using 168 background data samples could cause slower run times. Consider using shap.sample(data, K) or shap.kmeans(data, K) to summarize the background as K samples.
2025-12-13 21:26:51,767 - INFO - num_full_subsets = 2
2025-12-13 21:26:51,801 - INFO - phi = [ 0.0984805   0.81548817 -0.17200847  0.68555398]
2025-12-13 21:26:51,818 - INFO - num_full_subsets = 2
2025-12-13 21:26:51,852 - INFO - phi = [-0.26941948 -1.05663834  0.038908   -0.43967785]
2025-12-13 21:26:51,868 - INFO - num_full_subsets = 2
2025-12-13 21:26:51,902 - INFO - phi = [-0.24107655 -0.50309787 -0.10699829 -1.03063672]
2025-12-13 21:26:51,919 - INFO - num_full_subsets = 2
2025-12-13 21:26:51,953 - INFO - phi = [ 0.39258803  0.44667258 -0.26816664  0.61849428]
2025-12-13 21:26:51,969 - INFO - num_full_subsets = 2
2025-12-13 21:26:52,003 - INFO - phi = [0.54635891 0.07804859 0.26478262 0.74822613]
2025-12-13 21:26:52,020 - INFO - num_full_subsets = 2
2025-12-13 21:26:52,054 - INFO - phi = [-0.28268328 -0.07834907 -0.17741764 -0.68548728]
2025-12-13 21:26:52,070 - INFO - num_full_subsets = 2
2025-12-13 21:26:52,104 - INFO - phi = [ 0.70982997  0.40649215 -0.04212823 -1.27872907]
2025-12-13 21:26:52,120 - INFO - num_full_subsets = 2
2025-12-13 21:26:52,154 - INFO - phi = [-0.33916397 -1.12431562 -0.16699448 -0.11168739]
2025-12-13 21:26:52,171 - INFO - num_full_subsets = 2
2025-12-13 21:26:52,205 - INFO - phi = [ 0.46397327  0.09862368 -0.26519296 -0.58767574]
2025-12-13 21:26:52,221 - INFO - num_full_subsets = 2
2025-12-13 21:26:52,255 - INFO - phi = [-0.30213865 -0.66124442 -0.29465444 -0.16723425]
2025-12-13 21:26:52,272 - INFO - num_full_subsets = 2
2025-12-13 21:26:52,305 - INFO - phi = [-0.04688418  1.14910766  0.80270594  0.27416285]
2025-12-13 21:26:52,322 - INFO - num_full_subsets = 2
2025-12-13 21:26:52,355 - INFO - phi = [-0.3105251  -1.27667835 -0.20785433  0.14549626]
2025-12-13 21:26:52,372 - INFO - num_full_subsets = 2
2025-12-13 21:26:52,406 - INFO - phi = [-0.27470726 -0.32514581 -0.31962409  0.06735835]
2025-12-13 21:26:52,422 - INFO - num_full_subsets = 2
2025-12-13 21:26:52,456 - INFO - phi = [-0.35574599 -1.27150916 -0.18393568 -0.0657554 ]
2025-12-13 21:26:52,473 - INFO - num_full_subsets = 2
2025-12-13 21:26:52,507 - INFO - phi = [-0.32172841 -1.30920582 -0.14795969  0.03337935]
2025-12-13 21:26:52,524 - INFO - num_full_subsets = 2
2025-12-13 21:26:52,558 - INFO - phi = [ 0.22203929  0.6896066  -0.32798668  0.61653882]
2025-12-13 21:26:52,574 - INFO - num_full_subsets = 2
2025-12-13 21:26:52,609 - INFO - phi = [-0.17835012  0.72965043 -0.35310419  0.45740221]
2025-12-13 21:26:52,625 - INFO - num_full_subsets = 2
2025-12-13 21:26:52,659 - INFO - phi = [-0.08255834  0.93666448 -0.33538859  0.73093489]
2025-12-13 21:26:52,676 - INFO - num_full_subsets = 2
2025-12-13 21:26:52,710 - INFO - phi = [-0.11721372  0.459705    1.10208372  0.59252115]
2025-12-13 21:26:52,727 - INFO - num_full_subsets = 2
2025-12-13 21:26:52,761 - INFO - phi = [ 0.202524    0.58841613 -0.03471954  0.03044194]
2025-12-13 21:26:52,777 - INFO - num_full_subsets = 2
2025-12-13 21:26:52,811 - INFO - phi = [ 0.40726683  0.31426092  0.32828976 -1.12246006]
2025-12-13 21:26:52,828 - INFO - num_full_subsets = 2
2025-12-13 21:26:52,861 - INFO - phi = [-0.04667565 -0.54501634  1.58688137 -1.38117065]
2025-12-13 21:26:52,878 - INFO - num_full_subsets = 2
2025-12-13 21:26:52,912 - INFO - phi = [ 0.93647561  0.25002303 -0.09159193 -1.01203863]
2025-12-13 21:26:52,929 - INFO - num_full_subsets = 2
2025-12-13 21:26:52,963 - INFO - phi = [-0.30207824 -1.46232218 -0.12739001 -0.26915366]
2025-12-13 21:26:52,980 - INFO - num_full_subsets = 2
2025-12-13 21:26:53,014 - INFO - phi = [ 0.54663651  0.41626103 -0.18325031 -0.25679492]
2025-12-13 21:26:53,031 - INFO - num_full_subsets = 2
2025-12-13 21:26:53,065 - INFO - phi = [-0.09636647  0.93871126 -0.0481097  -0.40103578]
2025-12-13 21:26:53,082 - INFO - num_full_subsets = 2
2025-12-13 21:26:53,117 - INFO - phi = [-0.22122335 -0.34650301 -0.17860831  0.61601756]
2025-12-13 21:26:53,133 - INFO - num_full_subsets = 2
2025-12-13 21:26:53,167 - INFO - phi = [0.42470861 0.76575514 0.79043198 0.51334291]
2025-12-13 21:26:53,184 - INFO - num_full_subsets = 2
2025-12-13 21:26:53,218 - INFO - phi = [0.2090042  0.06665863 0.58419162 0.6496665 ]
2025-12-13 21:26:53,234 - INFO - num_full_subsets = 2
2025-12-13 21:26:53,268 - INFO - phi = [ 0.262996    0.01692396 -0.05646837  0.30704204]
2025-12-13 21:26:53,285 - INFO - num_full_subsets = 2
2025-12-13 21:26:53,319 - INFO - phi = [ 0.58678135  0.51682616 -0.28415811  0.54923594]
2025-12-13 21:26:53,335 - INFO - num_full_subsets = 2
2025-12-13 21:26:53,369 - INFO - phi = [-0.04903543  0.27225841 -0.28862304  0.68656148]
2025-12-13 21:26:53,386 - INFO - num_full_subsets = 2
2025-12-13 21:26:53,419 - INFO - phi = [-0.03363999  0.52929258 -0.9397422   0.4596839 ]
2025-12-13 21:26:53,436 - INFO - num_full_subsets = 2
2025-12-13 21:26:53,469 - INFO - phi = [-0.08374067  0.64827657 -0.33677329  0.12268326]
2025-12-13 21:26:53,486 - INFO - num_full_subsets = 2
2025-12-13 21:26:53,520 - INFO - phi = [0.51816839 0.8169472  0.16898584 0.452252  ]
2025-12-13 21:26:53,537 - INFO - num_full_subsets = 2
2025-12-13 21:26:53,571 - INFO - phi = [0.37234959 0.03187957 1.47709792 0.63319725]
2025-12-13 21:26:53,587 - INFO - num_full_subsets = 2
2025-12-13 21:26:53,622 - INFO - phi = [0.00752203 1.14518571 1.17791213 0.4102513 ]
2025-12-13 21:26:53,639 - INFO - num_full_subsets = 2
2025-12-13 21:26:53,673 - INFO - phi = [0.55669569 0.0754953  0.6602056  0.6980288 ]
2025-12-13 21:26:53,690 - INFO - num_full_subsets = 2
2025-12-13 21:26:53,725 - INFO - phi = [-0.17781825  0.0999164  -0.47917958  0.48304978]
2025-12-13 21:26:53,741 - INFO - num_full_subsets = 2
2025-12-13 21:26:53,775 - INFO - phi = [-0.22405299 -1.01195165  1.39785843 -1.04450063]
2025-12-13 21:26:53,792 - INFO - num_full_subsets = 2
2025-12-13 21:26:53,826 - INFO - phi = [ 0.05630098  0.43738913  0.51636845 -1.29755457]
2025-12-13 21:26:53,842 - INFO - num_full_subsets = 2
2025-12-13 21:26:53,876 - INFO - phi = [ 0.23682564  0.44354008  0.75113139 -0.80917509]
2025-12-13 21:26:53,893 - INFO - num_full_subsets = 2
2025-12-13 21:26:53,927 - INFO - phi = [ 0.16557337  0.16654457 -0.16117098  0.47214851]
2025-12-13 21:26:53,943 - INFO - num_full_subsets = 2
2025-12-13 21:26:53,977 - INFO - phi = [-0.09855769  0.65646612 -0.46969959  0.56238747]
2025-12-13 21:26:53,994 - INFO - num_full_subsets = 2
2025-12-13 21:26:54,028 - INFO - phi = [-0.2993008  -0.72794679 -0.08767607 -0.53079571]
2025-12-13 21:26:54,045 - INFO - num_full_subsets = 2
2025-12-13 21:26:54,079 - INFO - phi = [-0.15610799  0.65962884 -0.39602512  0.10983439]
2025-12-13 21:26:54,096 - INFO - num_full_subsets = 2
2025-12-13 21:26:54,130 - INFO - phi = [-0.05108883  0.83727912 -0.21593507  0.67823301]
2025-12-13 21:26:54,146 - INFO - num_full_subsets = 2
2025-12-13 21:26:54,180 - INFO - phi = [-0.10979805  0.92901397 -0.0441211   0.8106128 ]
2025-12-13 21:26:54,197 - INFO - num_full_subsets = 2
2025-12-13 21:26:54,231 - INFO - phi = [-0.34765823 -0.91449175 -0.19612774 -0.22261351]
2025-12-13 21:26:54,247 - INFO - num_full_subsets = 2
2025-12-13 21:26:54,281 - INFO - phi = [ 0.77603264  0.31358124 -0.38181074 -0.63822112]
2025-12-13 21:26:54,298 - INFO - num_full_subsets = 2
2025-12-13 21:26:54,332 - INFO - phi = [ 0.61817442  0.26977376 -0.13517224  0.27745622]
2025-12-13 21:26:54,349 - INFO - num_full_subsets = 2
2025-12-13 21:26:54,383 - INFO - phi = [-0.14257262 -1.09633233  1.10878609 -1.23002501]
2025-12-13 21:26:54,400 - INFO - num_full_subsets = 2
2025-12-13 21:26:54,434 - INFO - phi = [-0.14878515  0.10660429 -0.13150685  0.7345028 ]
2025-12-13 21:26:54,450 - INFO - num_full_subsets = 2
2025-12-13 21:26:54,484 - INFO - phi = [2.25332068e-04 9.46426396e-01 1.03714559e+00 4.65018379e-01]
2025-12-13 21:26:54,500 - INFO - num_full_subsets = 2
2025-12-13 21:26:54,535 - INFO - phi = [-0.33495528 -1.0417215  -0.26295664 -0.11823826]
2025-12-13 21:26:54,551 - INFO - num_full_subsets = 2
2025-12-13 21:26:54,585 - INFO - phi = [0.20649814 0.37218681 0.04502469 0.64700625]
2025-12-13 21:26:54,602 - INFO - num_full_subsets = 2
2025-12-13 21:26:54,636 - INFO - phi = [-0.2203528   0.81893801  1.20108836  0.42272413]
2025-12-13 21:26:54,652 - INFO - num_full_subsets = 2
2025-12-13 21:26:54,686 - INFO - phi = [-0.23415144 -1.12680881  1.18224155 -0.88002505]
2025-12-13 21:26:54,703 - INFO - num_full_subsets = 2
2025-12-13 21:26:54,737 - INFO - phi = [-0.31642808 -1.34436689 -0.44105145  0.20079413]
2025-12-13 21:26:54,754 - INFO - num_full_subsets = 2
2025-12-13 21:26:54,787 - INFO - phi = [-0.25797723 -0.29970112 -0.11283041 -1.21125969]
2025-12-13 21:26:54,804 - INFO - num_full_subsets = 2
2025-12-13 21:26:54,838 - INFO - phi = [ 0.58475932  0.6216119  -0.23716387  0.09485656]
2025-12-13 21:26:54,855 - INFO - num_full_subsets = 2
2025-12-13 21:26:54,889 - INFO - phi = [0.01181564 0.55343743 0.05747758 0.51779588]
2025-12-13 21:26:54,905 - INFO - num_full_subsets = 2
2025-12-13 21:26:54,940 - INFO - phi = [-0.26901016  0.55691276  0.61814767 -1.06330015]
2025-12-13 21:26:54,956 - INFO - num_full_subsets = 2
2025-12-13 21:26:54,990 - INFO - phi = [-0.27671519 -0.74034156 -0.5616964  -0.31837458]
2025-12-13 21:26:55,007 - INFO - num_full_subsets = 2
2025-12-13 21:26:55,042 - INFO - phi = [0.45426077 0.6191401  1.23086919 0.732077  ]
2025-12-13 21:26:55,059 - INFO - num_full_subsets = 2
2025-12-13 21:26:55,093 - INFO - phi = [ 0.301537    0.53537141  0.52958865 -0.66002528]
2025-12-13 21:26:55,110 - INFO - num_full_subsets = 2
2025-12-13 21:26:55,144 - INFO - phi = [ 0.04642778  0.92744623 -0.11016878  0.32865124]
2025-12-13 21:26:55,161 - INFO - num_full_subsets = 2
2025-12-13 21:26:55,195 - INFO - phi = [ 0.53353401  0.59186378 -0.17164494 -0.27237663]
2025-12-13 21:26:55,212 - INFO - num_full_subsets = 2
2025-12-13 21:26:55,246 - INFO - phi = [0.46580973 0.69485627 0.85353116 0.44035902]
2025-12-13 21:26:55,262 - INFO - num_full_subsets = 2
2025-12-13 21:26:55,296 - INFO - phi = [-0.19064219 -0.86729365 -0.10066552 -0.7895585 ]
2025-12-13 21:26:55,313 - INFO - num_full_subsets = 2
2025-12-13 21:26:55,348 - INFO - phi = [-0.03703219  0.69827763 -0.82321637  0.58760442]
2025-12-13 21:26:55,364 - INFO - num_full_subsets = 2
2025-12-13 21:26:55,398 - INFO - phi = [-0.28820411 -1.3691244  -0.33622706  0.33558062]
2025-12-13 21:26:55,415 - INFO - num_full_subsets = 2
2025-12-13 21:26:55,449 - INFO - phi = [ 0.48618163 -0.45552151 -0.10859814 -0.88025882]
2025-12-13 21:26:55,465 - INFO - num_full_subsets = 2
2025-12-13 21:26:55,499 - INFO - phi = [ 0.6618409   0.23486146 -0.52794781 -0.81331599]
2025-12-13 21:26:55,516 - INFO - num_full_subsets = 2
2025-12-13 21:26:55,549 - INFO - phi = [-0.02683425  0.58145984 -0.52862397  0.47988099]
2025-12-13 21:26:55,566 - INFO - num_full_subsets = 2
2025-12-13 21:26:55,600 - INFO - phi = [-0.32386693 -0.94900265 -0.23434141 -0.28018955]
2025-12-13 21:26:55,616 - INFO - num_full_subsets = 2
2025-12-13 21:26:55,650 - INFO - phi = [-0.13256187  0.64871582 -0.05918027  0.67061603]
2025-12-13 21:26:55,667 - INFO - num_full_subsets = 2
2025-12-13 21:26:55,700 - INFO - phi = [-0.16921225  0.86683679 -0.33263964  0.28591338]
2025-12-13 21:26:55,717 - INFO - num_full_subsets = 2
2025-12-13 21:26:55,751 - INFO - phi = [-0.23065832 -0.22017471  0.30134058 -1.27639282]
2025-12-13 21:26:55,768 - INFO - num_full_subsets = 2
2025-12-13 21:26:55,802 - INFO - phi = [-0.04055784  0.32201259 -0.82084754  0.47355702]
2025-12-13 21:26:55,819 - INFO - num_full_subsets = 2
2025-12-13 21:26:55,853 - INFO - phi = [-0.31189774 -1.08744817 -0.40074655 -0.10273748]
2025-12-13 21:26:55,869 - INFO - num_full_subsets = 2
2025-12-13 21:26:55,902 - INFO - phi = [-0.30900649 -1.46044182 -0.3351551   0.27516657]
2025-12-13 21:26:55,919 - INFO - num_full_subsets = 2
2025-12-13 21:26:55,953 - INFO - phi = [-0.24871794 -0.53799049 -0.23193396  0.55986224]
2025-12-13 21:26:55,969 - INFO - num_full_subsets = 2
2025-12-13 21:26:56,004 - INFO - phi = [ 0.56891785  0.66457505 -0.24057832  0.58789249]
2025-12-13 21:26:56,020 - INFO - num_full_subsets = 2
2025-12-13 21:26:56,054 - INFO - phi = [ 0.34200487 -0.30040001  1.19922952  0.48387278]
2025-12-13 21:26:56,070 - INFO - num_full_subsets = 2
2025-12-13 21:26:56,104 - INFO - phi = [-0.07565085  0.01650255  1.65524467 -0.1007401 ]
2025-12-13 21:26:56,121 - INFO - num_full_subsets = 2
2025-12-13 21:26:56,155 - INFO - phi = [-0.10515741  0.0099283  -0.83850428  0.2536546 ]
2025-12-13 21:26:56,172 - INFO - num_full_subsets = 2
2025-12-13 21:26:56,206 - INFO - phi = [ 0.12987885  0.45681711 -0.53118564  0.39682462]
2025-12-13 21:26:56,223 - INFO - num_full_subsets = 2
2025-12-13 21:26:56,257 - INFO - phi = [0.02694932 0.96438921 1.02355781 0.55559484]
2025-12-13 21:26:56,273 - INFO - num_full_subsets = 2
2025-12-13 21:26:56,307 - INFO - phi = [-0.31945314 -0.45977914 -0.24200327 -0.25078301]
2025-12-13 21:26:56,324 - INFO - num_full_subsets = 2
2025-12-13 21:26:56,358 - INFO - phi = [-0.22899465 -0.32140197 -0.46880686  0.32945462]
2025-12-13 21:26:56,374 - INFO - num_full_subsets = 2
2025-12-13 21:26:56,408 - INFO - phi = [-0.16946706 -1.12779158  0.83097878  0.54358846]
2025-12-13 21:26:56,425 - INFO - num_full_subsets = 2
2025-12-13 21:26:56,458 - INFO - phi = [-0.10938026  0.7328011   0.18324393  0.70729272]
2025-12-13 21:26:56,474 - INFO - num_full_subsets = 2
2025-12-13 21:26:56,509 - INFO - phi = [-0.17694307  0.31521041 -0.74463387 -0.02168181]
2025-12-13 21:26:56,526 - INFO - num_full_subsets = 2
2025-12-13 21:26:56,560 - INFO - phi = [ 0.65184367  0.33531808 -0.0948139  -0.19856274]
2025-12-13 21:26:56,576 - INFO - num_full_subsets = 2
2025-12-13 21:26:56,610 - INFO - phi = [-0.3316276  -1.34756522 -0.2017682   0.04914942]
2025-12-13 21:26:56,627 - INFO - num_full_subsets = 2
2025-12-13 21:26:56,661 - INFO - phi = [-0.16356638 -1.31965457  0.8384087  -1.13017592]
2025-12-13 21:26:56,678 - INFO - num_full_subsets = 2
2025-12-13 21:26:56,712 - INFO - phi = [ 0.07253082  0.43853318 -0.27625587 -0.26509789]
2025-12-13 21:26:56,729 - INFO - num_full_subsets = 2
2025-12-13 21:26:56,763 - INFO - phi = [-0.21689191 -1.09523662  0.73905327 -1.11650154]
2025-12-13 21:26:56,780 - INFO - num_full_subsets = 2
2025-12-13 21:26:56,813 - INFO - phi = [-0.02380398  0.88155965  0.6206934   0.78815603]
2025-12-13 21:26:56,830 - INFO - num_full_subsets = 2
2025-12-13 21:26:56,864 - INFO - phi = [-0.35065101 -1.05669501 -0.14570391 -0.21145614]
2025-12-13 21:26:56,881 - INFO - num_full_subsets = 2
2025-12-13 21:26:56,916 - INFO - phi = [-0.02372898  0.67746382  0.11429338  0.75335594]
2025-12-13 21:26:56,933 - INFO - num_full_subsets = 2
2025-12-13 21:26:56,967 - INFO - phi = [ 0.34402414  0.29788854 -0.14931987 -0.34539576]
2025-12-13 21:26:56,983 - INFO - num_full_subsets = 2
2025-12-13 21:26:57,018 - INFO - phi = [0.41473414 0.62610142 0.07245159 0.50840022]
2025-12-13 21:26:57,035 - INFO - num_full_subsets = 2
2025-12-13 21:26:57,069 - INFO - phi = [-0.13689313  0.81577    -0.64999034  0.37465564]
2025-12-13 21:26:57,085 - INFO - num_full_subsets = 2
2025-12-13 21:26:57,119 - INFO - phi = [-0.2852895  -0.6736674  -0.11173686 -0.71192324]
2025-12-13 21:26:57,136 - INFO - num_full_subsets = 2
2025-12-13 21:26:57,171 - INFO - phi = [-0.28392868  0.34521368 -0.20324442 -0.88236142]
2025-12-13 21:26:57,188 - INFO - num_full_subsets = 2
2025-12-13 21:26:57,222 - INFO - phi = [0.26984934 0.4347908  0.21378256 0.79277512]
2025-12-13 21:26:57,239 - INFO - num_full_subsets = 2
2025-12-13 21:26:57,274 - INFO - phi = [-0.06522989  0.94294231  0.05833073 -0.20820141]
2025-12-13 21:26:57,290 - INFO - num_full_subsets = 2
2025-12-13 21:26:57,325 - INFO - phi = [-0.04148167  0.94785186 -0.33598902  0.69229784]
2025-12-13 21:26:57,342 - INFO - num_full_subsets = 2
2025-12-13 21:26:57,376 - INFO - phi = [ 0.79705352  0.30199652 -0.40776581 -0.62972033]
2025-12-13 21:26:57,393 - INFO - num_full_subsets = 2
2025-12-13 21:26:57,427 - INFO - phi = [-0.09739148  0.82052743 -0.32051732  0.70100962]
2025-12-13 21:26:57,443 - INFO - num_full_subsets = 2
2025-12-13 21:26:57,478 - INFO - phi = [-0.29827007  0.22800906 -0.22943008 -0.9149838 ]
2025-12-13 21:26:57,494 - INFO - num_full_subsets = 2
2025-12-13 21:26:57,528 - INFO - phi = [-0.14412015  0.85051827 -0.24364123  0.30812166]
2025-12-13 21:26:57,546 - INFO - num_full_subsets = 2
2025-12-13 21:26:57,580 - INFO - phi = [-0.32238266 -1.20242736 -0.34102029  0.21297537]
2025-12-13 21:26:57,596 - INFO - num_full_subsets = 2
2025-12-13 21:26:57,630 - INFO - phi = [0.31537435 0.68719015 0.11805601 0.61005107]
2025-12-13 21:26:57,647 - INFO - num_full_subsets = 2
2025-12-13 21:26:57,681 - INFO - phi = [-0.26594147 -1.23430123 -0.00578122  0.56619483]
2025-12-13 21:26:57,698 - INFO - num_full_subsets = 2
2025-12-13 21:26:57,732 - INFO - phi = [-0.1118735   0.68955217 -0.51537355  0.47841562]
2025-12-13 21:26:57,749 - INFO - num_full_subsets = 2
2025-12-13 21:26:57,782 - INFO - phi = [-0.31844552 -1.07922098 -0.19596317  0.06438843]
2025-12-13 21:26:57,799 - INFO - num_full_subsets = 2
2025-12-13 21:26:57,833 - INFO - phi = [-0.30900649 -1.46044182 -0.3351551   0.27516657]
2025-12-13 21:26:57,850 - INFO - num_full_subsets = 2
2025-12-13 21:26:57,884 - INFO - phi = [-0.30498235 -0.96966141 -0.1151891  -0.47313769]
2025-12-13 21:26:57,907 - INFO - num_full_subsets = 2
2025-12-13 21:26:57,942 - INFO - phi = [-0.07248187 -0.00650725  0.66521801  0.70671191]
2025-12-13 21:26:57,988 - INFO - num_full_subsets = 2
2025-12-13 21:26:58,023 - INFO - phi = [-0.09740043  0.55193018 -0.48720007  0.54125646]
2025-12-13 21:26:58,046 - INFO - num_full_subsets = 2
2025-12-13 21:26:58,080 - INFO - phi = [-0.34724893 -1.28810523 -0.17704332 -0.06834765]
2025-12-13 21:26:58,097 - INFO - num_full_subsets = 2
2025-12-13 21:26:58,131 - INFO - phi = [0.03778597 0.06997326 1.26175942 0.82775004]
2025-12-13 21:26:58,148 - INFO - num_full_subsets = 2
2025-12-13 21:26:58,182 - INFO - phi = [-0.17355081 -0.52799963 -0.05303876  0.67735078]
2025-12-13 21:26:58,198 - INFO - num_full_subsets = 2
2025-12-13 21:26:58,232 - INFO - phi = [-0.32190191 -0.6703671  -0.18440927 -0.61999544]
2025-12-13 21:26:58,249 - INFO - num_full_subsets = 2
2025-12-13 21:26:58,283 - INFO - phi = [ 0.50634117  0.38285919 -0.37156672  0.58474254]
2025-12-13 21:26:58,299 - INFO - num_full_subsets = 2
2025-12-13 21:26:58,334 - INFO - phi = [-0.23480651 -1.1463523   0.97930501 -1.09801992]
2025-12-13 21:26:58,350 - INFO - num_full_subsets = 2
2025-12-13 21:26:58,383 - INFO - phi = [-0.25570186  0.44111027 -0.21968375 -0.08388983]
2025-12-13 21:26:58,400 - INFO - num_full_subsets = 2
2025-12-13 21:26:58,435 - INFO - phi = [0.08824484 0.02155894 0.04730331 0.39964715]
2025-12-13 21:26:58,452 - INFO - num_full_subsets = 2
2025-12-13 21:26:58,486 - INFO - phi = [-0.19639222 -1.22816743 -0.07306908 -0.63889214]
2025-12-13 21:26:58,503 - INFO - num_full_subsets = 2
2025-12-13 21:26:58,537 - INFO - phi = [-0.1266901   0.39891361 -0.84415188  0.15693217]
2025-12-13 21:26:58,554 - INFO - num_full_subsets = 2
2025-12-13 21:26:58,589 - INFO - phi = [-0.1531561  -0.87554874  1.55606395 -1.34211413]
2025-12-13 21:26:58,605 - INFO - num_full_subsets = 2
2025-12-13 21:26:58,640 - INFO - phi = [-0.13250126  0.5006343   1.13977984 -0.31434911]
2025-12-13 21:26:58,656 - INFO - num_full_subsets = 2
2025-12-13 21:26:58,690 - INFO - phi = [-0.0202005   0.84680352 -0.50663321  0.53196335]
2025-12-13 21:26:58,707 - INFO - num_full_subsets = 2
2025-12-13 21:26:58,740 - INFO - phi = [-0.32664227 -0.52010429 -0.17479559 -0.53949116]
2025-12-13 21:26:58,757 - INFO - num_full_subsets = 2
2025-12-13 21:26:58,790 - INFO - phi = [-0.19268186 -0.23985365  0.40396802 -0.52922304]
2025-12-13 21:26:58,807 - INFO - num_full_subsets = 2
2025-12-13 21:26:58,841 - INFO - phi = [-0.08738562  0.37359688 -0.23478789  0.60160715]
2025-12-13 21:26:58,857 - INFO - num_full_subsets = 2
2025-12-13 21:26:58,892 - INFO - phi = [ 0.3428003   0.64779244 -0.08056841  0.65068089]
2025-12-13 21:26:58,909 - INFO - num_full_subsets = 2
2025-12-13 21:26:58,943 - INFO - phi = [-0.06452745  0.49161954 -0.29492941  0.57249161]
2025-12-13 21:26:58,960 - INFO - num_full_subsets = 2
2025-12-13 21:26:58,994 - INFO - phi = [-0.03725304  0.75545567 -0.49202981  0.61213494]
2025-12-13 21:26:59,011 - INFO - num_full_subsets = 2
2025-12-13 21:26:59,045 - INFO - phi = [ 0.24099448  0.16465003 -0.32723846  0.46808699]
2025-12-13 21:26:59,062 - INFO - num_full_subsets = 2
2025-12-13 21:26:59,096 - INFO - phi = [ 0.51225613 -0.2066479  -0.44085712  0.40501646]
2025-12-13 21:26:59,113 - INFO - num_full_subsets = 2
2025-12-13 21:26:59,148 - INFO - phi = [-0.02834567  0.87154766 -0.50798404  0.47221624]
2025-12-13 21:26:59,164 - INFO - num_full_subsets = 2
2025-12-13 21:26:59,198 - INFO - phi = [-0.09701068  0.65224883 -0.33859491  0.73985187]
2025-12-13 21:26:59,215 - INFO - num_full_subsets = 2
2025-12-13 21:26:59,249 - INFO - phi = [-0.35778443 -1.15803358 -0.16721478 -0.14674774]
2025-12-13 21:26:59,266 - INFO - num_full_subsets = 2
2025-12-13 21:26:59,300 - INFO - phi = [-0.20699216  0.46969391 -0.52212479  0.08621344]
2025-12-13 21:26:59,317 - INFO - num_full_subsets = 2
2025-12-13 21:26:59,351 - INFO - phi = [ 0.18383376  0.83870513 -0.45558015  0.55555601]
2025-12-13 21:26:59,368 - INFO - num_full_subsets = 2
2025-12-13 21:26:59,402 - INFO - phi = [-0.34480472 -1.18232812 -0.16183093 -0.27920906]
2025-12-13 21:26:59,419 - INFO - num_full_subsets = 2
2025-12-13 21:26:59,453 - INFO - phi = [-0.1416284  -0.55509226 -0.19430307  0.24867854]
2025-12-13 21:26:59,469 - INFO - num_full_subsets = 2
2025-12-13 21:26:59,503 - INFO - phi = [-0.13428909 -0.40781819  0.65824172 -1.32088208]
2025-12-13 21:26:59,519 - INFO - num_full_subsets = 2
2025-12-13 21:26:59,553 - INFO - phi = [ 0.54663651  0.41626103 -0.18325031 -0.25679492]
2025-12-13 21:26:59,570 - INFO - num_full_subsets = 2
2025-12-13 21:26:59,604 - INFO - phi = [-0.20680333  0.22722227 -0.57353063  0.07138548]
2025-12-13 21:26:59,620 - INFO - num_full_subsets = 2
2025-12-13 21:26:59,654 - INFO - phi = [ 0.43396368 -0.13039741 -0.51846709  0.47190592]
2025-12-13 21:26:59,671 - INFO - num_full_subsets = 2
2025-12-13 21:26:59,704 - INFO - phi = [-0.29310572 -0.73796565 -0.13100682 -0.71817808]
2025-12-13 21:26:59,721 - INFO - num_full_subsets = 2
2025-12-13 21:26:59,755 - INFO - phi = [-0.26336188 -0.61070253 -0.10736705 -0.89474255]
2025-12-13 21:26:59,772 - INFO - num_full_subsets = 2
2025-12-13 21:26:59,805 - INFO - phi = [-0.18435408  0.15382736 -0.64300493  0.14138512]
2025-12-13 21:26:59,822 - INFO - num_full_subsets = 2
2025-12-13 21:26:59,856 - INFO - phi = [-0.22974377 -0.67675243 -0.06384985 -0.86546209]
2025-12-13 21:26:59,872 - INFO - num_full_subsets = 2
2025-12-13 21:26:59,906 - INFO - phi = [-0.29501581 -1.02578278  0.07311031 -0.76729817]
2025-12-13 21:26:59,923 - INFO - num_full_subsets = 2
2025-12-13 21:26:59,957 - INFO - phi = [-0.03091335  0.97290128  0.07867386  0.11323401]
2025-12-13 21:26:59,974 - INFO - num_full_subsets = 2
2025-12-13 21:27:00,008 - INFO - phi = [-0.31222397 -0.73135177 -0.1959129  -0.51488956]
2025-12-13 21:27:00,025 - INFO - num_full_subsets = 2
2025-12-13 21:27:00,060 - INFO - phi = [ 0.83358143  0.37586543 -0.07659443 -0.96794555]
2025-12-13 21:27:00,076 - INFO - num_full_subsets = 2
2025-12-13 21:27:00,111 - INFO - phi = [-0.19966542 -0.26601414 -0.37635846 -0.57704223]
2025-12-13 21:27:00,127 - INFO - num_full_subsets = 2
2025-12-13 21:27:00,162 - INFO - phi = [0.40298783 0.68559088 0.11300963 0.5703801 ]
2025-12-13 21:27:00,178 - INFO - num_full_subsets = 2
2025-12-13 21:27:00,212 - INFO - phi = [-0.25724326 -0.66119182 -0.36115077 -0.6430844 ]
2025-12-13 21:27:00,229 - INFO - num_full_subsets = 2
2025-12-13 21:27:00,263 - INFO - phi = [-0.17571242  0.39168856 -0.77743417 -0.12108887]
2025-12-13 21:27:00,279 - INFO - num_full_subsets = 2
2025-12-13 21:27:00,313 - INFO - phi = [ 0.67676845 -0.18521022  0.18001107 -0.96774331]
2025-12-13 21:27:00,833 - INFO - Computing feature importance...
2025-12-13 21:27:01,677 - INFO - Experiment completed for SVM
2025-12-13 21:27:01,677 - INFO - Total time: 23.52s (0.39 min)
2025-12-13 21:27:01,677 - INFO - Starting comprehensive experiment for SVM
2025-12-13 21:27:10,596 - INFO - Performing feature analysis...
2025-12-13 21:27:11,938 - INFO - Model justification: Effective for high-dimensional spaces and non-linear relationships using kernel trick
2025-12-13 21:27:11,938 - INFO - Performing robust cross-validation...
2025-12-13 21:27:12,121 - INFO - CV Results - MSE: 1.6533 ± 0.3213
2025-12-13 21:27:12,121 - INFO - Starting hyperparameter optimization...
2025-12-13 21:27:17,325 - INFO - Best parameters for SVM: {'C': 19.768198182779454, 'epsilon': 0.013615464943678534, 'kernel': 'rbf'}
2025-12-13 21:27:17,325 - INFO - ⏱️ HPO took 5.20 seconds
2025-12-13 21:27:17,325 - INFO - Training final model...
2025-12-13 21:27:17,352 - INFO - ⏱️ Training took 0.03 seconds
2025-12-13 21:27:17,352 - INFO - Performing residual analysis...
2025-12-13 21:27:18,403 - INFO - Generating XAI explanations...
2025-12-13 21:27:18,406 - WARNING - Using 168 background data samples could cause slower run times. Consider using shap.sample(data, K) or shap.kmeans(data, K) to summarize the background as K samples.
2025-12-13 21:27:18,422 - INFO - num_full_subsets = 2
2025-12-13 21:27:18,457 - INFO - phi = [-0.02498229  0.09166754  0.74469768  0.70264446]
2025-12-13 21:27:18,473 - INFO - num_full_subsets = 2
2025-12-13 21:27:18,509 - INFO - phi = [-0.3853207  -1.26907341 -0.23335677  0.29821899]
2025-12-13 21:27:18,525 - INFO - num_full_subsets = 2
2025-12-13 21:27:18,561 - INFO - phi = [-0.23360597 -0.39984932  0.46423381 -0.91545859]
2025-12-13 21:27:18,577 - INFO - num_full_subsets = 2
2025-12-13 21:27:18,613 - INFO - phi = [ 0.50608064  0.55601555  0.51911335 -0.88750017]
2025-12-13 21:27:18,630 - INFO - num_full_subsets = 2
2025-12-13 21:27:18,666 - INFO - phi = [-0.35646149 -0.68192611 -0.10938188 -0.64915408]
2025-12-13 21:27:18,682 - INFO - num_full_subsets = 2
2025-12-13 21:27:18,719 - INFO - phi = [ 0.59418293 -0.06247975  0.41398738 -0.29327223]
2025-12-13 21:27:18,735 - INFO - num_full_subsets = 2
2025-12-13 21:27:18,772 - INFO - phi = [-0.55340972 -0.44659346 -0.62900687  0.2271739 ]
2025-12-13 21:27:18,788 - INFO - num_full_subsets = 2
2025-12-13 21:27:18,824 - INFO - phi = [ 0.31800606 -0.05228236 -0.35807884 -0.01083668]
2025-12-13 21:27:18,840 - INFO - num_full_subsets = 2
2025-12-13 21:27:18,876 - INFO - phi = [-0.06568756 -0.42068437  1.00317691 -1.03977154]
2025-12-13 21:27:18,892 - INFO - num_full_subsets = 2
2025-12-13 21:27:18,928 - INFO - phi = [-0.38364169 -0.43737992 -0.41353987  0.30081813]
2025-12-13 21:27:18,944 - INFO - num_full_subsets = 2
2025-12-13 21:27:18,981 - INFO - phi = [ 0.31380222  0.52946825 -0.38423228  0.53664091]
2025-12-13 21:27:18,997 - INFO - num_full_subsets = 2
2025-12-13 21:27:19,033 - INFO - phi = [-0.13265325  0.878178    0.6617387   0.6907095 ]
2025-12-13 21:27:19,050 - INFO - num_full_subsets = 2
2025-12-13 21:27:19,086 - INFO - phi = [-0.36193381 -0.42291707 -0.01443491  0.99333806]
2025-12-13 21:27:19,102 - INFO - num_full_subsets = 2
2025-12-13 21:27:19,138 - INFO - phi = [-0.12070303  0.22246684 -0.22786229  0.64724846]
2025-12-13 21:27:19,154 - INFO - num_full_subsets = 2
2025-12-13 21:27:19,190 - INFO - phi = [-0.42388588 -1.15281366 -0.15985137 -0.13326657]
2025-12-13 21:27:19,206 - INFO - num_full_subsets = 2
2025-12-13 21:27:19,242 - INFO - phi = [-0.2723181  -1.03999903 -0.05601785 -0.58543284]
2025-12-13 21:27:19,259 - INFO - num_full_subsets = 2
2025-12-13 21:27:19,295 - INFO - phi = [-0.17503114  0.58833539 -0.08261363  0.97669951]
2025-12-13 21:27:19,310 - INFO - num_full_subsets = 2
2025-12-13 21:27:19,346 - INFO - phi = [ 0.17783011  1.16381872  1.6724941  -0.88176526]
2025-12-13 21:27:19,363 - INFO - num_full_subsets = 2
2025-12-13 21:27:19,399 - INFO - phi = [ 0.70921171 -0.54052924 -0.33556692 -1.27149757]
2025-12-13 21:27:19,415 - INFO - num_full_subsets = 2
2025-12-13 21:27:19,451 - INFO - phi = [-0.41041503 -1.00161439  1.29503435 -1.11262492]
2025-12-13 21:27:19,467 - INFO - num_full_subsets = 2
2025-12-13 21:27:19,503 - INFO - phi = [ 0.69744173  0.2139432   0.08717968 -1.33915509]
2025-12-13 21:27:19,519 - INFO - num_full_subsets = 2
2025-12-13 21:27:19,556 - INFO - phi = [-0.06657863 -0.90239704  1.62519432 -1.1315691 ]
2025-12-13 21:27:19,572 - INFO - num_full_subsets = 2
2025-12-13 21:27:19,608 - INFO - phi = [ 0.7926825   0.52308762 -0.46288279  0.04455971]
2025-12-13 21:27:19,624 - INFO - num_full_subsets = 2
2025-12-13 21:27:19,660 - INFO - phi = [-0.41789644 -1.00452337  0.18250755 -0.71984186]
2025-12-13 21:27:19,676 - INFO - num_full_subsets = 2
2025-12-13 21:27:19,712 - INFO - phi = [ 0.67251191  0.67149693  0.30697249 -0.75267332]
2025-12-13 21:27:19,728 - INFO - num_full_subsets = 2
2025-12-13 21:27:19,765 - INFO - phi = [ 0.98080824  0.29352549 -0.42446647 -0.92855474]
2025-12-13 21:27:19,782 - INFO - num_full_subsets = 2
2025-12-13 21:27:19,818 - INFO - phi = [-0.41935596 -0.88654875 -0.19609064 -0.23830722]
2025-12-13 21:27:19,834 - INFO - num_full_subsets = 2
2025-12-13 21:27:19,870 - INFO - phi = [0.18863562 1.00920753 0.75825066 0.76364388]
2025-12-13 21:27:19,886 - INFO - num_full_subsets = 2
2025-12-13 21:27:19,922 - INFO - phi = [ 0.76598189  0.50038122 -0.29259305  0.66246611]
2025-12-13 21:27:19,938 - INFO - num_full_subsets = 2
2025-12-13 21:27:19,974 - INFO - phi = [-0.32786223 -0.29521814  0.20844755 -0.4273864 ]
2025-12-13 21:27:19,991 - INFO - num_full_subsets = 2
2025-12-13 21:27:20,027 - INFO - phi = [-0.43375764 -0.65090348  0.06778158 -0.61034188]
2025-12-13 21:27:20,043 - INFO - num_full_subsets = 2
2025-12-13 21:27:20,079 - INFO - phi = [-0.17303732  0.88908808 -0.53262471  0.85504808]
2025-12-13 21:27:20,095 - INFO - num_full_subsets = 2
2025-12-13 21:27:20,132 - INFO - phi = [-0.5050937  -0.86633493 -0.2053611  -0.28675783]
2025-12-13 21:27:20,148 - INFO - num_full_subsets = 2
2025-12-13 21:27:20,184 - INFO - phi = [-0.38479155 -0.92614976 -0.11247468 -0.36904386]
2025-12-13 21:27:20,200 - INFO - num_full_subsets = 2
2025-12-13 21:27:20,236 - INFO - phi = [-0.2483849   0.806284   -0.50605639  0.82747871]
2025-12-13 21:27:20,252 - INFO - num_full_subsets = 2
2025-12-13 21:27:20,288 - INFO - phi = [-0.27093525 -1.21349968 -0.06432554 -0.61216373]
2025-12-13 21:27:20,304 - INFO - num_full_subsets = 2
2025-12-13 21:27:20,340 - INFO - phi = [ 1.0229639   0.28296338 -0.43832368 -0.89802152]
2025-12-13 21:27:20,356 - INFO - num_full_subsets = 2
2025-12-13 21:27:20,392 - INFO - phi = [-0.22982378  0.81207834  0.13205022  1.03467819]
2025-12-13 21:27:20,408 - INFO - num_full_subsets = 2
2025-12-13 21:27:20,444 - INFO - phi = [-0.42878871 -1.45541062 -0.43500825  0.45572778]
2025-12-13 21:27:20,460 - INFO - num_full_subsets = 2
2025-12-13 21:27:20,496 - INFO - phi = [0.40169879 0.79358082 0.07668499 0.67779254]
2025-12-13 21:27:20,512 - INFO - num_full_subsets = 2
2025-12-13 21:27:20,548 - INFO - phi = [-0.43990302  0.76681638 -0.3126669  -0.05593177]
2025-12-13 21:27:20,564 - INFO - num_full_subsets = 2
2025-12-13 21:27:20,600 - INFO - phi = [-0.26063952  0.60345463 -0.84104624  0.30533449]
2025-12-13 21:27:20,616 - INFO - num_full_subsets = 2
2025-12-13 21:27:20,653 - INFO - phi = [0.03273159 1.37836161 0.59528319 0.42719242]
2025-12-13 21:27:20,669 - INFO - num_full_subsets = 2
2025-12-13 21:27:20,705 - INFO - phi = [ 0.74763094  0.35801499 -0.11564794 -1.70597438]
2025-12-13 21:27:20,721 - INFO - num_full_subsets = 2
2025-12-13 21:27:20,757 - INFO - phi = [-0.23547632  0.43851374 -0.82268259  0.21226897]
2025-12-13 21:27:20,773 - INFO - num_full_subsets = 2
2025-12-13 21:27:20,809 - INFO - phi = [-0.30938523 -0.90267076 -0.07320637 -0.59517283]
2025-12-13 21:27:20,825 - INFO - num_full_subsets = 2
2025-12-13 21:27:20,861 - INFO - phi = [-0.23840944  0.08495319 -0.41686097  0.52881021]
2025-12-13 21:27:20,877 - INFO - num_full_subsets = 2
2025-12-13 21:27:20,912 - INFO - phi = [-0.31881519 -0.92437205  0.42469001  0.01049788]
2025-12-13 21:27:20,928 - INFO - num_full_subsets = 2
2025-12-13 21:27:20,964 - INFO - phi = [ 0.12715291 -0.05488258 -0.28597039  0.39746955]
2025-12-13 21:27:20,980 - INFO - num_full_subsets = 2
2025-12-13 21:27:21,016 - INFO - phi = [ 0.29291636  0.05382444 -0.33659324 -0.52860761]
2025-12-13 21:27:21,033 - INFO - num_full_subsets = 2
2025-12-13 21:27:21,069 - INFO - phi = [-0.05583289  0.90387474  0.84857546  0.68642451]
2025-12-13 21:27:21,085 - INFO - num_full_subsets = 2
2025-12-13 21:27:21,121 - INFO - phi = [-0.36105333  0.84706733 -0.19213854  1.05865223]
2025-12-13 21:27:21,137 - INFO - num_full_subsets = 2
2025-12-13 21:27:21,173 - INFO - phi = [-0.43688533 -0.78460229 -0.14731372 -0.55242711]
2025-12-13 21:27:21,189 - INFO - num_full_subsets = 2
2025-12-13 21:27:21,225 - INFO - phi = [-0.06279847 -0.51412407  1.33914844 -1.25190643]
2025-12-13 21:27:21,242 - INFO - num_full_subsets = 2
2025-12-13 21:27:21,278 - INFO - phi = [ 0.4430001   0.12935493 -0.5921579   0.40648187]
2025-12-13 21:27:21,293 - INFO - num_full_subsets = 2
2025-12-13 21:27:21,329 - INFO - phi = [ 0.13601855  0.20959586 -0.45724287  0.6247398 ]
2025-12-13 21:27:21,346 - INFO - num_full_subsets = 2
2025-12-13 21:27:21,382 - INFO - phi = [-0.25199435  1.00598601 -0.47757257  0.852142  ]
2025-12-13 21:27:21,398 - INFO - num_full_subsets = 2
2025-12-13 21:27:21,433 - INFO - phi = [-0.44321347 -0.7648418  -0.16456691 -0.50507559]
2025-12-13 21:27:21,449 - INFO - num_full_subsets = 2
2025-12-13 21:27:21,486 - INFO - phi = [-0.15913707  0.87392933 -0.53987523  0.95142841]
2025-12-13 21:27:21,502 - INFO - num_full_subsets = 2
2025-12-13 21:27:21,537 - INFO - phi = [-0.43195141 -1.00444256  1.1906628  -1.11451562]
2025-12-13 21:27:21,554 - INFO - num_full_subsets = 2
2025-12-13 21:27:21,590 - INFO - phi = [-0.07034909  0.85860566  0.01992908  0.26498127]
2025-12-13 21:27:21,606 - INFO - num_full_subsets = 2
2025-12-13 21:27:21,642 - INFO - phi = [ 0.23969787  0.37731002 -0.50606261 -1.13514698]
2025-12-13 21:27:21,659 - INFO - num_full_subsets = 2
2025-12-13 21:27:21,695 - INFO - phi = [-0.16075988  0.2551216  -0.25273738  0.65806969]
2025-12-13 21:27:21,711 - INFO - num_full_subsets = 2
2025-12-13 21:27:21,746 - INFO - phi = [ 1.18647412  0.44035041  0.12648623 -1.6050236 ]
2025-12-13 21:27:21,763 - INFO - num_full_subsets = 2
2025-12-13 21:27:21,799 - INFO - phi = [-0.29492566 -0.97272317 -0.02709773 -0.65688154]
2025-12-13 21:27:21,815 - INFO - num_full_subsets = 2
2025-12-13 21:27:21,851 - INFO - phi = [-0.23840944  0.08495319 -0.41686097  0.52881021]
2025-12-13 21:27:21,868 - INFO - num_full_subsets = 2
2025-12-13 21:27:21,904 - INFO - phi = [ 1.54974272e-03  4.58367280e-01  1.98913140e+00 -8.73668657e-01]
2025-12-13 21:27:21,920 - INFO - num_full_subsets = 2
2025-12-13 21:27:21,956 - INFO - phi = [ 0.61486761  0.34973835 -0.18543817 -0.92163234]
2025-12-13 21:27:21,973 - INFO - num_full_subsets = 2
2025-12-13 21:27:22,009 - INFO - phi = [ 0.30180439  0.54304403 -0.135671    0.51290542]
2025-12-13 21:27:22,026 - INFO - num_full_subsets = 2
2025-12-13 21:27:22,063 - INFO - phi = [ 0.108947    0.37983009  0.02303035 -1.33559475]
2025-12-13 21:27:22,079 - INFO - num_full_subsets = 2
2025-12-13 21:27:22,115 - INFO - phi = [ 0.82990789  0.78359559 -0.5822241   0.65212646]
2025-12-13 21:27:22,131 - INFO - num_full_subsets = 2
2025-12-13 21:27:22,168 - INFO - phi = [-0.34400411  0.8778121  -0.16249973  1.11155522]
2025-12-13 21:27:22,184 - INFO - num_full_subsets = 2
2025-12-13 21:27:22,220 - INFO - phi = [ 0.42519108  0.87900093 -0.00727233  0.36813814]
2025-12-13 21:27:22,235 - INFO - num_full_subsets = 2
2025-12-13 21:27:22,272 - INFO - phi = [ 1.29935453  0.4354783  -0.13282563 -0.90326659]
2025-12-13 21:27:22,288 - INFO - num_full_subsets = 2
2025-12-13 21:27:22,324 - INFO - phi = [-0.41412933 -1.19420263 -0.09554562  0.79496585]
2025-12-13 21:27:22,339 - INFO - num_full_subsets = 2
2025-12-13 21:27:22,375 - INFO - phi = [-0.46986247 -0.87205869 -0.1575469  -0.30361841]
2025-12-13 21:27:22,391 - INFO - num_full_subsets = 2
2025-12-13 21:27:22,428 - INFO - phi = [0.15416262 0.87601868 0.94025268 0.95656059]
2025-12-13 21:27:22,444 - INFO - num_full_subsets = 2
2025-12-13 21:27:22,480 - INFO - phi = [-0.22821533  0.78641493 -0.45264264  0.43628169]
2025-12-13 21:27:22,496 - INFO - num_full_subsets = 2
2025-12-13 21:27:22,532 - INFO - phi = [-0.29041576  0.91780601  0.04295623  0.58950158]
2025-12-13 21:27:22,549 - INFO - num_full_subsets = 2
2025-12-13 21:27:22,585 - INFO - phi = [ 0.95917597 -0.34413643 -0.16631055 -0.0198898 ]
2025-12-13 21:27:22,601 - INFO - num_full_subsets = 2
2025-12-13 21:27:22,637 - INFO - phi = [-0.3853207  -1.26907341 -0.23335677  0.29821899]
2025-12-13 21:27:22,653 - INFO - num_full_subsets = 2
2025-12-13 21:27:22,689 - INFO - phi = [0.44385224 0.76327043 0.442686   0.61783522]
2025-12-13 21:27:22,705 - INFO - num_full_subsets = 2
2025-12-13 21:27:22,742 - INFO - phi = [-0.50172473 -1.02657118 -0.27854979  0.00811752]
2025-12-13 21:27:22,758 - INFO - num_full_subsets = 2
2025-12-13 21:27:22,793 - INFO - phi = [ 0.62416556  0.00140261  0.46484992 -0.85792984]
2025-12-13 21:27:22,810 - INFO - num_full_subsets = 2
2025-12-13 21:27:22,846 - INFO - phi = [-0.45485677 -0.11374029 -0.13861947 -0.3784019 ]
2025-12-13 21:27:22,862 - INFO - num_full_subsets = 2
2025-12-13 21:27:22,898 - INFO - phi = [-0.22415033  0.28418105 -0.19687718  0.8915549 ]
2025-12-13 21:27:22,915 - INFO - num_full_subsets = 2
2025-12-13 21:27:22,951 - INFO - phi = [-0.33658458  0.29454073 -0.44020655  0.88086419]
2025-12-13 21:27:22,967 - INFO - num_full_subsets = 2
2025-12-13 21:27:23,004 - INFO - phi = [-0.18215755 -0.04948741  0.45701961  0.94373772]
2025-12-13 21:27:23,020 - INFO - num_full_subsets = 2
2025-12-13 21:27:23,057 - INFO - phi = [ 0.33318823  0.88125194  0.55152162 -0.50254027]
2025-12-13 21:27:23,073 - INFO - num_full_subsets = 2
2025-12-13 21:27:23,110 - INFO - phi = [-0.49310899 -0.5605595  -0.20384711 -0.42602035]
2025-12-13 21:27:23,126 - INFO - num_full_subsets = 2
2025-12-13 21:27:23,163 - INFO - phi = [-0.28655085 -0.91214586  1.37528772 -0.94485042]
2025-12-13 21:27:23,179 - INFO - num_full_subsets = 2
2025-12-13 21:27:23,215 - INFO - phi = [ 0.92439714  0.64604331 -0.20596002  0.34691557]
2025-12-13 21:27:23,231 - INFO - num_full_subsets = 2
2025-12-13 21:27:23,267 - INFO - phi = [0.6274746  0.98376366 0.20834492 0.12825859]
2025-12-13 21:27:23,283 - INFO - num_full_subsets = 2
2025-12-13 21:27:23,319 - INFO - phi = [-0.08365441 -0.01586311 -0.19071402  0.94007188]
2025-12-13 21:27:23,335 - INFO - num_full_subsets = 2
2025-12-13 21:27:23,372 - INFO - phi = [-0.28990501  0.46129061 -0.17703654  1.01769141]
2025-12-13 21:27:23,388 - INFO - num_full_subsets = 2
2025-12-13 21:27:23,424 - INFO - phi = [-0.49737775 -0.87214952 -0.68135768  0.54055114]
2025-12-13 21:27:23,440 - INFO - num_full_subsets = 2
2025-12-13 21:27:23,477 - INFO - phi = [-0.40669603 -1.37276304 -0.43099262  0.53933627]
2025-12-13 21:27:23,493 - INFO - num_full_subsets = 2
2025-12-13 21:27:23,529 - INFO - phi = [ 0.74763094  0.35801499 -0.11564794 -1.70597438]
2025-12-13 21:27:23,545 - INFO - num_full_subsets = 2
2025-12-13 21:27:23,582 - INFO - phi = [-0.21937719  0.62284775 -1.02921096  0.61492663]
2025-12-13 21:27:23,598 - INFO - num_full_subsets = 2
2025-12-13 21:27:23,634 - INFO - phi = [ 0.56413972  0.12606977 -0.19562622  0.67804678]
2025-12-13 21:27:23,650 - INFO - num_full_subsets = 2
2025-12-13 21:27:23,686 - INFO - phi = [-0.18225309 -0.26618185 -0.56700435  0.75007288]
2025-12-13 21:27:23,702 - INFO - num_full_subsets = 2
2025-12-13 21:27:23,739 - INFO - phi = [0.96413876 0.66629982 0.03823393 0.36792538]
2025-12-13 21:27:23,755 - INFO - num_full_subsets = 2
2025-12-13 21:27:23,791 - INFO - phi = [-0.29841044 -0.45056137  0.03003479  0.70326238]
2025-12-13 21:27:23,807 - INFO - num_full_subsets = 2
2025-12-13 21:27:23,843 - INFO - phi = [ 0.01395322  0.50984539 -0.52848102  0.55065334]
2025-12-13 21:27:23,859 - INFO - num_full_subsets = 2
2025-12-13 21:27:23,895 - INFO - phi = [0.24422453 0.37532236 0.8650735  0.31718016]
2025-12-13 21:27:23,911 - INFO - num_full_subsets = 2
2025-12-13 21:27:23,948 - INFO - phi = [ 0.49263537  0.90560931 -0.11053278  0.69687283]
2025-12-13 21:27:23,964 - INFO - num_full_subsets = 2
2025-12-13 21:27:24,000 - INFO - phi = [-0.4303533  -0.71098145 -0.13934559 -0.41236231]
2025-12-13 21:27:24,016 - INFO - num_full_subsets = 2
2025-12-13 21:27:24,053 - INFO - phi = [ 0.59092644  0.45737525 -0.23810048 -1.67304419]
2025-12-13 21:27:24,069 - INFO - num_full_subsets = 2
2025-12-13 21:27:24,106 - INFO - phi = [-0.41140084 -0.60412639 -0.13424944 -0.70112375]
2025-12-13 21:27:24,122 - INFO - num_full_subsets = 2
2025-12-13 21:27:24,158 - INFO - phi = [ 0.47753623 -0.3252845  -0.3270752   0.60798111]
2025-12-13 21:27:24,174 - INFO - num_full_subsets = 2
2025-12-13 21:27:24,211 - INFO - phi = [-0.5181857  -0.8735843  -0.2327691  -0.19936067]
2025-12-13 21:27:24,227 - INFO - num_full_subsets = 2
2025-12-13 21:27:24,263 - INFO - phi = [-0.34703355 -0.52674181 -0.13176813  0.94993899]
2025-12-13 21:27:24,280 - INFO - num_full_subsets = 2
2025-12-13 21:27:24,315 - INFO - phi = [-0.2228961   0.87508338  0.91104825  0.43111121]
2025-12-13 21:27:24,331 - INFO - num_full_subsets = 2
2025-12-13 21:27:24,368 - INFO - phi = [ 0.33918379 -0.29740152  0.42915948 -0.30273741]
2025-12-13 21:27:24,384 - INFO - num_full_subsets = 2
2025-12-13 21:27:24,421 - INFO - phi = [-0.30002725  0.63656709 -0.02859712  0.93926372]
2025-12-13 21:27:24,437 - INFO - num_full_subsets = 2
2025-12-13 21:27:24,473 - INFO - phi = [-0.0227056   1.02762167 -0.23478819  1.0080037 ]
2025-12-13 21:27:24,489 - INFO - num_full_subsets = 2
2025-12-13 21:27:24,526 - INFO - phi = [ 1.16993617 -0.01447731 -0.02555552 -1.11049721]
2025-12-13 21:27:24,542 - INFO - num_full_subsets = 2
2025-12-13 21:27:24,578 - INFO - phi = [-0.02957623  0.72895633  0.81605047  1.04683466]
2025-12-13 21:27:24,594 - INFO - num_full_subsets = 2
2025-12-13 21:27:24,630 - INFO - phi = [ 0.51640904 -0.5562365  -0.30372149  0.46547632]
2025-12-13 21:27:24,646 - INFO - num_full_subsets = 2
2025-12-13 21:27:24,683 - INFO - phi = [-0.62389636 -0.71748507 -0.26997992 -0.25725255]
2025-12-13 21:27:24,699 - INFO - num_full_subsets = 2
2025-12-13 21:27:24,735 - INFO - phi = [-0.23552902  0.54039395 -0.8125615   0.11197759]
2025-12-13 21:27:24,751 - INFO - num_full_subsets = 2
2025-12-13 21:27:24,787 - INFO - phi = [-0.40990262 -0.9013034   0.40295177 -0.89921352]
2025-12-13 21:27:24,804 - INFO - num_full_subsets = 2
2025-12-13 21:27:24,839 - INFO - phi = [-0.19083265  0.55774284 -0.29255154 -0.21464165]
2025-12-13 21:27:24,856 - INFO - num_full_subsets = 2
2025-12-13 21:27:24,892 - INFO - phi = [0.48211746 0.53664504 0.96209698 0.76514251]
2025-12-13 21:27:24,908 - INFO - num_full_subsets = 2
2025-12-13 21:27:24,944 - INFO - phi = [-0.52984926 -1.14205973 -0.32364017  0.06574499]
2025-12-13 21:27:24,960 - INFO - num_full_subsets = 2
2025-12-13 21:27:24,997 - INFO - phi = [-0.14037407  0.57034305  0.52035089  1.06618085]
2025-12-13 21:27:25,013 - INFO - num_full_subsets = 2
2025-12-13 21:27:25,050 - INFO - phi = [-0.21545238 -1.14247521  0.90800173 -0.87696735]
2025-12-13 21:27:25,066 - INFO - num_full_subsets = 2
2025-12-13 21:27:25,102 - INFO - phi = [-0.41528714 -0.68551518 -0.14424319 -0.58302339]
2025-12-13 21:27:25,118 - INFO - num_full_subsets = 2
2025-12-13 21:27:25,155 - INFO - phi = [ 0.31677014 -0.02273506 -0.45567554  0.47634422]
2025-12-13 21:27:25,171 - INFO - num_full_subsets = 2
2025-12-13 21:27:25,208 - INFO - phi = [-0.25755716  0.24727541 -0.40392719  0.56610038]
2025-12-13 21:27:25,224 - INFO - num_full_subsets = 2
2025-12-13 21:27:25,260 - INFO - phi = [ 0.98016591  0.44147631 -0.16279327 -0.33908874]
2025-12-13 21:27:25,276 - INFO - num_full_subsets = 2
2025-12-13 21:27:25,313 - INFO - phi = [-0.08036141  1.01771741  0.75657958  0.72796195]
2025-12-13 21:27:25,329 - INFO - num_full_subsets = 2
2025-12-13 21:27:25,366 - INFO - phi = [-0.25755716  0.24727541 -0.40392719  0.56610038]
2025-12-13 21:27:25,382 - INFO - num_full_subsets = 2
2025-12-13 21:27:25,418 - INFO - phi = [-0.47680526 -1.14890948 -0.20770204 -0.03094894]
2025-12-13 21:27:25,434 - INFO - num_full_subsets = 2
2025-12-13 21:27:25,471 - INFO - phi = [0.11556084 1.15117669 0.86192374 0.77901562]
2025-12-13 21:27:25,487 - INFO - num_full_subsets = 2
2025-12-13 21:27:25,523 - INFO - phi = [-0.49330575 -0.85011379 -0.48571406  0.24776028]
2025-12-13 21:27:25,539 - INFO - num_full_subsets = 2
2025-12-13 21:27:25,576 - INFO - phi = [-0.46000645 -1.14121367 -0.19920012 -0.08070391]
2025-12-13 21:27:25,592 - INFO - num_full_subsets = 2
2025-12-13 21:27:25,628 - INFO - phi = [-0.12367499  1.03126153 -0.3506642   0.98903591]
2025-12-13 21:27:25,645 - INFO - num_full_subsets = 2
2025-12-13 21:27:25,681 - INFO - phi = [-0.46423067 -0.5568556  -0.26656039 -0.59449467]
2025-12-13 21:27:25,697 - INFO - num_full_subsets = 2
2025-12-13 21:27:25,733 - INFO - phi = [ 0.0373909  -0.00494876 -0.29313945  0.42996326]
2025-12-13 21:27:25,749 - INFO - num_full_subsets = 2
2025-12-13 21:27:25,786 - INFO - phi = [ 0.71192722  0.75521288 -0.28748358  0.72769955]
2025-12-13 21:27:25,802 - INFO - num_full_subsets = 2
2025-12-13 21:27:25,838 - INFO - phi = [-0.44314452 -0.6690543  -0.15511416 -0.610871  ]
2025-12-13 21:27:25,854 - INFO - num_full_subsets = 2
2025-12-13 21:27:25,890 - INFO - phi = [-0.4094145  -1.34643617 -0.24995209  0.18904924]
2025-12-13 21:27:25,906 - INFO - num_full_subsets = 2
2025-12-13 21:27:25,942 - INFO - phi = [-0.14897945  0.40127787  0.93340223  0.58228757]
2025-12-13 21:27:25,958 - INFO - num_full_subsets = 2
2025-12-13 21:27:25,995 - INFO - phi = [ 0.55963776 -0.09265981 -0.33068523  0.27035404]
2025-12-13 21:27:26,011 - INFO - num_full_subsets = 2
2025-12-13 21:27:26,047 - INFO - phi = [-0.47434831 -0.71754507 -0.20071993 -0.42368436]
2025-12-13 21:27:26,063 - INFO - num_full_subsets = 2
2025-12-13 21:27:26,100 - INFO - phi = [-0.04879845  0.00322073 -0.40317549  0.31573891]
2025-12-13 21:27:26,116 - INFO - num_full_subsets = 2
2025-12-13 21:27:26,152 - INFO - phi = [-0.33677619 -1.00674559 -0.39615096  0.64598719]
2025-12-13 21:27:26,168 - INFO - num_full_subsets = 2
2025-12-13 21:27:26,205 - INFO - phi = [-0.38964207 -0.67478334 -0.26746628 -0.48768351]
2025-12-13 21:27:26,221 - INFO - num_full_subsets = 2
2025-12-13 21:27:26,256 - INFO - phi = [-0.27559899  0.45584272 -0.16186712  1.0966869 ]
2025-12-13 21:27:26,273 - INFO - num_full_subsets = 2
2025-12-13 21:27:26,310 - INFO - phi = [-0.29623179 -0.91330763 -0.10875305 -0.46640865]
2025-12-13 21:27:26,326 - INFO - num_full_subsets = 2
2025-12-13 21:27:26,362 - INFO - phi = [ 0.13304182  0.53286495  0.2393482  -1.47736905]
2025-12-13 21:27:26,378 - INFO - num_full_subsets = 2
2025-12-13 21:27:26,415 - INFO - phi = [-0.43896778 -0.33971903  0.12427959 -0.80615842]
2025-12-13 21:27:26,431 - INFO - num_full_subsets = 2
2025-12-13 21:27:26,467 - INFO - phi = [-0.10894701  0.70417406  1.04713756  0.52344907]
2025-12-13 21:27:26,484 - INFO - num_full_subsets = 2
2025-12-13 21:27:26,519 - INFO - phi = [ 0.32442881  0.59096257  1.08480254 -0.25186929]
2025-12-13 21:27:26,535 - INFO - num_full_subsets = 2
2025-12-13 21:27:26,571 - INFO - phi = [-0.44006463 -1.27132315 -0.45134755  0.39044083]
2025-12-13 21:27:26,587 - INFO - num_full_subsets = 2
2025-12-13 21:27:26,623 - INFO - phi = [-0.43988171 -1.28754864 -0.41579229  0.44606076]
2025-12-13 21:27:26,639 - INFO - num_full_subsets = 2
2025-12-13 21:27:26,675 - INFO - phi = [ 0.18247887  0.34149555 -0.38979166 -0.46127749]
2025-12-13 21:27:26,691 - INFO - num_full_subsets = 2
2025-12-13 21:27:26,727 - INFO - phi = [ 0.84174784  0.18130254 -0.18436063 -1.29781485]
2025-12-13 21:27:26,743 - INFO - num_full_subsets = 2
2025-12-13 21:27:26,779 - INFO - phi = [ 1.42217456  0.22143468  0.02050962 -1.23086392]
2025-12-13 21:27:26,795 - INFO - num_full_subsets = 2
2025-12-13 21:27:26,831 - INFO - phi = [-0.33724539  0.99534871 -0.18240521  1.01122663]
2025-12-13 21:27:26,847 - INFO - num_full_subsets = 2
2025-12-13 21:27:26,883 - INFO - phi = [ 0.40105417  0.74837545 -0.20788407  0.88243248]
2025-12-13 21:27:26,900 - INFO - num_full_subsets = 2
2025-12-13 21:27:26,936 - INFO - phi = [-0.17360722  0.68053714 -0.23706041  0.87393316]
2025-12-13 21:27:26,952 - INFO - num_full_subsets = 2
2025-12-13 21:27:26,988 - INFO - phi = [-0.24806392 -1.07575962  0.21768845 -0.84736649]
2025-12-13 21:27:27,004 - INFO - num_full_subsets = 2
2025-12-13 21:27:27,040 - INFO - phi = [-0.36396653 -0.33920752  0.07569624 -0.81253569]
2025-12-13 21:27:27,057 - INFO - num_full_subsets = 2
2025-12-13 21:27:27,093 - INFO - phi = [-0.13731049  0.63791721 -0.33223438  0.31876748]
2025-12-13 21:27:27,110 - INFO - num_full_subsets = 2
2025-12-13 21:27:27,146 - INFO - phi = [ 0.76036781 -0.2997695  -0.29085416 -1.36443049]
2025-12-13 21:27:27,162 - INFO - num_full_subsets = 2
2025-12-13 21:27:27,198 - INFO - phi = [-0.05223744  0.64817613  1.07202728 -2.588129  ]
2025-12-13 21:27:27,696 - INFO - Computing feature importance...
2025-12-13 21:27:28,567 - INFO - Experiment completed for SVM
2025-12-13 21:27:28,568 - INFO - Total time: 26.51s (0.44 min)
2025-12-13 21:27:28,568 - INFO - Starting comprehensive experiment for SVM
2025-12-13 21:27:35,853 - INFO - Performing feature analysis...
2025-12-13 21:27:37,015 - INFO - Model justification: Effective for high-dimensional spaces and non-linear relationships using kernel trick
2025-12-13 21:27:37,015 - INFO - Performing robust cross-validation...
2025-12-13 21:27:37,196 - INFO - CV Results - MSE: 1.8001 ± 0.5203
2025-12-13 21:27:37,196 - INFO - Starting hyperparameter optimization...
2025-12-13 21:27:40,924 - INFO - Best parameters for SVM: {'C': 10.027470363150698, 'epsilon': 0.038653750950768034, 'kernel': 'rbf'}
2025-12-13 21:27:40,924 - INFO - ⏱️ HPO took 3.73 seconds
2025-12-13 21:27:40,924 - INFO - Training final model...
2025-12-13 21:27:40,942 - INFO - ⏱️ Training took 0.02 seconds
2025-12-13 21:27:40,942 - INFO - Performing residual analysis...
2025-12-13 21:27:41,982 - INFO - Generating XAI explanations...
2025-12-13 21:27:41,985 - WARNING - Using 168 background data samples could cause slower run times. Consider using shap.sample(data, K) or shap.kmeans(data, K) to summarize the background as K samples.
2025-12-13 21:27:42,001 - INFO - num_full_subsets = 2
2025-12-13 21:27:42,035 - INFO - phi = [-0.52789583 -1.51008493 -0.27917131  0.18714758]
2025-12-13 21:27:42,051 - INFO - num_full_subsets = 2
2025-12-13 21:27:42,086 - INFO - phi = [-0.05147334  0.47907631 -0.37166864  0.58082974]
2025-12-13 21:27:42,103 - INFO - num_full_subsets = 2
2025-12-13 21:27:42,137 - INFO - phi = [-0.43437785 -0.81058308 -0.46157454 -0.08755058]
2025-12-13 21:27:42,153 - INFO - num_full_subsets = 2
2025-12-13 21:27:42,187 - INFO - phi = [-0.19299035  0.27839652 -0.13941522  0.70741023]
2025-12-13 21:27:42,204 - INFO - num_full_subsets = 2
2025-12-13 21:27:42,238 - INFO - phi = [-0.34843697 -0.36442117 -0.42671998  0.35946668]
2025-12-13 21:27:42,254 - INFO - num_full_subsets = 2
2025-12-13 21:27:42,289 - INFO - phi = [-0.43168204 -0.57656753 -0.13904045 -0.47350101]
2025-12-13 21:27:42,305 - INFO - num_full_subsets = 2
2025-12-13 21:27:42,340 - INFO - phi = [-0.02508941  0.00782697 -0.19679813  0.32954436]
2025-12-13 21:27:42,356 - INFO - num_full_subsets = 2
2025-12-13 21:27:42,391 - INFO - phi = [-0.29125895 -1.3385516  -0.08511883 -0.44525814]
2025-12-13 21:27:42,407 - INFO - num_full_subsets = 2
2025-12-13 21:27:42,442 - INFO - phi = [ 0.82433654  0.34187446 -0.05417347 -1.39073692]
2025-12-13 21:27:42,458 - INFO - num_full_subsets = 2
2025-12-13 21:27:42,493 - INFO - phi = [-0.36540781 -0.05171622 -0.22033356  0.15893992]
2025-12-13 21:27:42,509 - INFO - num_full_subsets = 2
2025-12-13 21:27:42,544 - INFO - phi = [ 0.60265811  0.58393489 -0.15491414  0.64186591]
2025-12-13 21:27:42,560 - INFO - num_full_subsets = 2
2025-12-13 21:27:42,595 - INFO - phi = [-0.24407448  0.41454467  0.83468361  0.50942951]
2025-12-13 21:27:42,611 - INFO - num_full_subsets = 2
2025-12-13 21:27:42,646 - INFO - phi = [ 0.34399959  0.02342959 -0.38765746 -0.15528309]
2025-12-13 21:27:42,662 - INFO - num_full_subsets = 2
2025-12-13 21:27:42,697 - INFO - phi = [-0.20721525  0.26635679 -0.12879647  0.82428669]
2025-12-13 21:27:42,713 - INFO - num_full_subsets = 2
2025-12-13 21:27:42,747 - INFO - phi = [ 0.01850241 -0.02277091  0.02673641  0.46781931]
2025-12-13 21:27:42,763 - INFO - num_full_subsets = 2
2025-12-13 21:27:42,799 - INFO - phi = [ 0.84577738  0.24556731 -0.47435893 -0.79781885]
2025-12-13 21:27:42,815 - INFO - num_full_subsets = 2
2025-12-13 21:27:42,850 - INFO - phi = [-0.32932481 -0.85559211  0.45704202 -0.97316522]
2025-12-13 21:27:42,866 - INFO - num_full_subsets = 2
2025-12-13 21:27:42,901 - INFO - phi = [ 0.23074434  0.81833303 -0.40576787  0.60330636]
2025-12-13 21:27:42,917 - INFO - num_full_subsets = 2
2025-12-13 21:27:42,952 - INFO - phi = [0.56131422 0.31888768 0.05936854 0.08046385]
2025-12-13 21:27:42,968 - INFO - num_full_subsets = 2
2025-12-13 21:27:43,003 - INFO - phi = [0.09803231 1.93758411 0.14639448 0.37931752]
2025-12-13 21:27:43,019 - INFO - num_full_subsets = 2
2025-12-13 21:27:43,054 - INFO - phi = [ 0.35847787  0.65960495 -0.01700217  0.63905058]
2025-12-13 21:27:43,070 - INFO - num_full_subsets = 2
2025-12-13 21:27:43,105 - INFO - phi = [-0.09915894  0.38667232  0.20463323  0.13424048]
2025-12-13 21:27:43,121 - INFO - num_full_subsets = 2
2025-12-13 21:27:43,156 - INFO - phi = [-0.13733309  0.67888664 -0.50384659  0.52434321]
2025-12-13 21:27:43,172 - INFO - num_full_subsets = 2
2025-12-13 21:27:43,207 - INFO - phi = [ 0.59213692  0.54751161  0.38059132 -0.74242413]
2025-12-13 21:27:43,223 - INFO - num_full_subsets = 2
2025-12-13 21:27:43,258 - INFO - phi = [-0.37611408 -1.80299283  0.0580389   0.20917873]
2025-12-13 21:27:43,274 - INFO - num_full_subsets = 2
2025-12-13 21:27:43,308 - INFO - phi = [-0.37801067 -1.02115132  0.03872302 -0.67396417]
2025-12-13 21:27:43,324 - INFO - num_full_subsets = 2
2025-12-13 21:27:43,359 - INFO - phi = [-3.32516688e-01  3.98393133e-01 -1.81341605e-01 -8.17656044e-05]
2025-12-13 21:27:43,375 - INFO - num_full_subsets = 2
2025-12-13 21:27:43,410 - INFO - phi = [ 0.24697921  0.65520342 -0.27109079  0.66360502]
2025-12-13 21:27:43,427 - INFO - num_full_subsets = 2
2025-12-13 21:27:43,461 - INFO - phi = [0.05021799 0.44712405 0.95891855 0.25543969]
2025-12-13 21:27:43,477 - INFO - num_full_subsets = 2
2025-12-13 21:27:43,512 - INFO - phi = [-0.42288085 -1.59706371 -0.15122847 -0.17070875]
2025-12-13 21:27:43,528 - INFO - num_full_subsets = 2
2025-12-13 21:27:43,563 - INFO - phi = [-0.39142442 -0.84733956 -0.12802545 -0.62390233]
2025-12-13 21:27:43,579 - INFO - num_full_subsets = 2
2025-12-13 21:27:43,614 - INFO - phi = [-0.20139283 -0.77715014  0.46326525  0.65479582]
2025-12-13 21:27:43,630 - INFO - num_full_subsets = 2
2025-12-13 21:27:43,665 - INFO - phi = [ 0.3799223   1.41634078  0.28963282 -0.23806615]
2025-12-13 21:27:43,681 - INFO - num_full_subsets = 2
2025-12-13 21:27:43,716 - INFO - phi = [-0.06918545  0.45308045  0.0813874   0.50320369]
2025-12-13 21:27:43,732 - INFO - num_full_subsets = 2
2025-12-13 21:27:43,768 - INFO - phi = [ 0.5611959   0.49151181 -0.11447087 -0.1903155 ]
2025-12-13 21:27:43,784 - INFO - num_full_subsets = 2
2025-12-13 21:27:43,819 - INFO - phi = [-0.12797687  0.45079196 -0.32193518  0.54614836]
2025-12-13 21:27:43,835 - INFO - num_full_subsets = 2
2025-12-13 21:27:43,870 - INFO - phi = [-0.04993209  0.57087504 -0.12518414  0.83602568]
2025-12-13 21:27:43,886 - INFO - num_full_subsets = 2
2025-12-13 21:27:43,921 - INFO - phi = [-0.37611408 -1.80299283  0.0580389   0.20917873]
2025-12-13 21:27:43,937 - INFO - num_full_subsets = 2
2025-12-13 21:27:43,972 - INFO - phi = [ 0.26928326  0.09887268 -0.14187512  0.32536828]
2025-12-13 21:27:43,988 - INFO - num_full_subsets = 2
2025-12-13 21:27:44,023 - INFO - phi = [-0.31850468  0.59357208 -0.3238075  -0.72567901]
2025-12-13 21:27:44,040 - INFO - num_full_subsets = 2
2025-12-13 21:27:44,075 - INFO - phi = [-0.34425033 -0.58086502  0.12386492 -0.65016039]
2025-12-13 21:27:44,091 - INFO - num_full_subsets = 2
2025-12-13 21:27:44,126 - INFO - phi = [ 0.64894695 -0.22082011  0.4623176  -0.42832403]
2025-12-13 21:27:44,143 - INFO - num_full_subsets = 2
2025-12-13 21:27:44,177 - INFO - phi = [-0.26287203 -1.16286394  0.93682116 -0.9009832 ]
2025-12-13 21:27:44,193 - INFO - num_full_subsets = 2
2025-12-13 21:27:44,229 - INFO - phi = [ 0.43533304  0.11512038 -0.10814748  0.6102374 ]
2025-12-13 21:27:44,245 - INFO - num_full_subsets = 2
2025-12-13 21:27:44,281 - INFO - phi = [-0.51192806 -1.33306062 -0.09587232 -0.01188164]
2025-12-13 21:27:44,297 - INFO - num_full_subsets = 2
2025-12-13 21:27:44,332 - INFO - phi = [-0.48140199 -1.24546986 -0.09964712 -0.20705247]
2025-12-13 21:27:44,348 - INFO - num_full_subsets = 2
2025-12-13 21:27:44,383 - INFO - phi = [-0.1250231   0.9018042  -0.32229296  0.74576177]
2025-12-13 21:27:44,399 - INFO - num_full_subsets = 2
2025-12-13 21:27:44,434 - INFO - phi = [-0.08037342  0.65399271 -0.34728429  0.10194568]
2025-12-13 21:27:44,450 - INFO - num_full_subsets = 2
2025-12-13 21:27:44,485 - INFO - phi = [-0.18505987 -0.35260531 -0.12545742  0.5556762 ]
2025-12-13 21:27:44,501 - INFO - num_full_subsets = 2
2025-12-13 21:27:44,537 - INFO - phi = [ 0.24967143  0.58199032 -0.04233291  0.35898722]
2025-12-13 21:27:44,553 - INFO - num_full_subsets = 2
2025-12-13 21:27:44,588 - INFO - phi = [-0.35984017 -0.85915928  0.06580768 -0.3656564 ]
2025-12-13 21:27:44,604 - INFO - num_full_subsets = 2
2025-12-13 21:27:44,639 - INFO - phi = [ 0.26658446 -0.01028229 -0.49161847 -0.02359827]
2025-12-13 21:27:44,656 - INFO - num_full_subsets = 2
2025-12-13 21:27:44,691 - INFO - phi = [ 0.14572815  0.36314174 -0.09676977  0.087004  ]
2025-12-13 21:27:44,707 - INFO - num_full_subsets = 2
2025-12-13 21:27:44,742 - INFO - phi = [ 0.21395217  0.01927267 -0.20626419 -0.09246236]
2025-12-13 21:27:44,758 - INFO - num_full_subsets = 2
2025-12-13 21:27:44,793 - INFO - phi = [ 0.10118165  0.10485508 -0.11318246  0.51201814]
2025-12-13 21:27:44,809 - INFO - num_full_subsets = 2
2025-12-13 21:27:44,843 - INFO - phi = [-0.1500731   0.44058009 -0.77368011  0.17653857]
2025-12-13 21:27:44,859 - INFO - num_full_subsets = 2
2025-12-13 21:27:44,894 - INFO - phi = [-0.45914102 -1.11748191 -0.1290149  -0.30010472]
2025-12-13 21:27:44,910 - INFO - num_full_subsets = 2
2025-12-13 21:27:44,945 - INFO - phi = [-0.33542612 -0.83651995 -0.28387173 -0.46524424]
2025-12-13 21:27:44,961 - INFO - num_full_subsets = 2
2025-12-13 21:27:44,996 - INFO - phi = [-0.14087745  0.61204778 -0.46452043  0.56244691]
2025-12-13 21:27:45,012 - INFO - num_full_subsets = 2
2025-12-13 21:27:45,049 - INFO - phi = [-0.42444958 -0.7244208  -0.14362436 -0.65619036]
2025-12-13 21:27:45,066 - INFO - num_full_subsets = 2
2025-12-13 21:27:45,102 - INFO - phi = [-0.0460109   0.25581115  0.24785617  0.34982132]
2025-12-13 21:27:45,119 - INFO - num_full_subsets = 2
2025-12-13 21:27:45,154 - INFO - phi = [ 0.05992399  0.78569956 -0.13336434  0.75411316]
2025-12-13 21:27:45,171 - INFO - num_full_subsets = 2
2025-12-13 21:27:45,206 - INFO - phi = [-0.53962337 -1.58242194 -0.17200672  0.10928203]
2025-12-13 21:27:45,223 - INFO - num_full_subsets = 2
2025-12-13 21:27:45,259 - INFO - phi = [ 0.56019631 -0.49351484 -0.12483456 -0.69272078]
2025-12-13 21:27:45,276 - INFO - num_full_subsets = 2
2025-12-13 21:27:45,311 - INFO - phi = [-0.26248959 -0.4763021   0.24511992 -0.23789208]
2025-12-13 21:27:45,327 - INFO - num_full_subsets = 2
2025-12-13 21:27:45,363 - INFO - phi = [-0.14193888  0.45349343 -0.1869105  -0.22644233]
2025-12-13 21:27:45,380 - INFO - num_full_subsets = 2
2025-12-13 21:27:45,415 - INFO - phi = [-0.29839371 -0.9156291  -0.02566074 -0.63668156]
2025-12-13 21:27:45,432 - INFO - num_full_subsets = 2
2025-12-13 21:27:45,467 - INFO - phi = [-0.28140318  0.0563394  -0.63789932  0.41376206]
2025-12-13 21:27:45,484 - INFO - num_full_subsets = 2
2025-12-13 21:27:45,520 - INFO - phi = [-0.36326749 -0.26414638 -0.13878988  0.55029895]
2025-12-13 21:27:45,536 - INFO - num_full_subsets = 2
2025-12-13 21:27:45,572 - INFO - phi = [ 0.62987709 -0.32660579 -0.62949075 -0.03994861]
2025-12-13 21:27:45,588 - INFO - num_full_subsets = 2
2025-12-13 21:27:45,624 - INFO - phi = [-0.05005255  0.4736934   0.6929507   0.09874069]
2025-12-13 21:27:45,641 - INFO - num_full_subsets = 2
2025-12-13 21:27:45,676 - INFO - phi = [ 0.66700719  0.34546455  0.31300071 -1.12359156]
2025-12-13 21:27:45,692 - INFO - num_full_subsets = 2
2025-12-13 21:27:45,728 - INFO - phi = [-0.45434279 -1.38237878 -0.13941708  0.18381253]
2025-12-13 21:27:45,744 - INFO - num_full_subsets = 2
2025-12-13 21:27:45,779 - INFO - phi = [-0.33471005 -0.72768824 -0.15048676 -0.64791612]
2025-12-13 21:27:45,796 - INFO - num_full_subsets = 2
2025-12-13 21:27:45,831 - INFO - phi = [ 0.66267136 -0.29733804 -0.23391192  0.49595665]
2025-12-13 21:27:45,847 - INFO - num_full_subsets = 2
2025-12-13 21:27:45,882 - INFO - phi = [0.13958334 1.56621046 0.8907585  0.45197284]
2025-12-13 21:27:45,899 - INFO - num_full_subsets = 2
2025-12-13 21:27:45,935 - INFO - phi = [-0.14743748 -0.4725131   1.10445019 -1.00067905]
2025-12-13 21:27:45,952 - INFO - num_full_subsets = 2
2025-12-13 21:27:45,988 - INFO - phi = [ 0.72551696  0.25605318 -0.33375033 -0.88987668]
2025-12-13 21:27:46,004 - INFO - num_full_subsets = 2
2025-12-13 21:27:46,039 - INFO - phi = [ 0.42932236 -0.02105524  0.30343961 -0.35366392]
2025-12-13 21:27:46,056 - INFO - num_full_subsets = 2
2025-12-13 21:27:46,091 - INFO - phi = [ 0.03761189 -0.04181593 -0.18952011  0.29950697]
2025-12-13 21:27:46,108 - INFO - num_full_subsets = 2
2025-12-13 21:27:46,143 - INFO - phi = [-0.1261814   0.41725744 -0.51230543  0.50676141]
2025-12-13 21:27:46,159 - INFO - num_full_subsets = 2
2025-12-13 21:27:46,195 - INFO - phi = [0.06612496 1.55556007 0.31145116 0.4075105 ]
2025-12-13 21:27:46,211 - INFO - num_full_subsets = 2
2025-12-13 21:27:46,247 - INFO - phi = [-0.38581747  0.02120895 -0.18234929 -0.41539628]
2025-12-13 21:27:46,263 - INFO - num_full_subsets = 2
2025-12-13 21:27:46,298 - INFO - phi = [-0.34820908 -0.33839973 -0.15025288  0.25338925]
2025-12-13 21:27:46,315 - INFO - num_full_subsets = 2
2025-12-13 21:27:46,350 - INFO - phi = [-0.28140318  0.0563394  -0.63789932  0.41376206]
2025-12-13 21:27:46,366 - INFO - num_full_subsets = 2
2025-12-13 21:27:46,401 - INFO - phi = [ 0.58793562  0.53221642  0.60398322 -1.18782419]
2025-12-13 21:27:46,418 - INFO - num_full_subsets = 2
2025-12-13 21:27:46,452 - INFO - phi = [ 0.19385064  0.44484328  0.16748311 -1.15025351]
2025-12-13 21:27:46,469 - INFO - num_full_subsets = 2
2025-12-13 21:27:46,504 - INFO - phi = [-0.23204375 -0.86749124  1.5003107  -1.05055383]
2025-12-13 21:27:46,521 - INFO - num_full_subsets = 2
2025-12-13 21:27:46,555 - INFO - phi = [-0.27304224 -0.60770612 -0.59110936  0.03723646]
2025-12-13 21:27:46,572 - INFO - num_full_subsets = 2
2025-12-13 21:27:46,607 - INFO - phi = [ 0.64627699  0.19076265 -0.5642569  -0.90235376]
2025-12-13 21:27:46,623 - INFO - num_full_subsets = 2
2025-12-13 21:27:46,659 - INFO - phi = [ 0.03042579  0.02707393  0.68959164 -0.27949827]
2025-12-13 21:27:46,675 - INFO - num_full_subsets = 2
2025-12-13 21:27:46,710 - INFO - phi = [ 0.0694048   0.17781028 -0.57731549  0.33598512]
2025-12-13 21:27:46,726 - INFO - num_full_subsets = 2
2025-12-13 21:27:46,762 - INFO - phi = [0.03068165 1.87941523 0.68925808 0.34027351]
2025-12-13 21:27:46,778 - INFO - num_full_subsets = 2
2025-12-13 21:27:46,813 - INFO - phi = [ 0.86045132  0.30278062 -0.06147243 -0.27002247]
2025-12-13 21:27:46,830 - INFO - num_full_subsets = 2
2025-12-13 21:27:46,864 - INFO - phi = [-0.1042716   0.71501747 -0.33149406  0.14356034]
2025-12-13 21:27:46,881 - INFO - num_full_subsets = 2
2025-12-13 21:27:46,916 - INFO - phi = [-0.1180626   0.64094912 -0.45153286  0.56682303]
2025-12-13 21:27:46,933 - INFO - num_full_subsets = 2
2025-12-13 21:27:46,967 - INFO - phi = [ 1.0357357  -0.04105814 -0.09777869 -1.17380145]
2025-12-13 21:27:46,984 - INFO - num_full_subsets = 2
2025-12-13 21:27:47,019 - INFO - phi = [-0.1948219   0.5470732  -0.14568075  0.44907283]
2025-12-13 21:27:47,036 - INFO - num_full_subsets = 2
2025-12-13 21:27:47,071 - INFO - phi = [ 0.95804626  0.54754005  0.31779263 -1.17343676]
2025-12-13 21:27:47,087 - INFO - num_full_subsets = 2
2025-12-13 21:27:47,122 - INFO - phi = [-0.33603904 -0.32308599 -0.25691403  0.4947448 ]
2025-12-13 21:27:47,139 - INFO - num_full_subsets = 2
2025-12-13 21:27:47,175 - INFO - phi = [-0.29936526  0.67185952 -0.28255852 -0.26483834]
2025-12-13 21:27:47,192 - INFO - num_full_subsets = 2
2025-12-13 21:27:47,226 - INFO - phi = [-0.41516483 -0.90750134 -0.25945081  0.37808161]
2025-12-13 21:27:47,243 - INFO - num_full_subsets = 2
2025-12-13 21:27:47,277 - INFO - phi = [-0.14674615  0.7897447  -0.29952883  0.73236866]
2025-12-13 21:27:47,294 - INFO - num_full_subsets = 2
2025-12-13 21:27:47,329 - INFO - phi = [ 0.42879065  0.40418653 -0.18771238  0.66405931]
2025-12-13 21:27:47,346 - INFO - num_full_subsets = 2
2025-12-13 21:27:47,382 - INFO - phi = [ 0.6321687   0.65412498 -0.19615391  0.66273646]
2025-12-13 21:27:47,398 - INFO - num_full_subsets = 2
2025-12-13 21:27:47,434 - INFO - phi = [-0.38800776 -0.43177507 -0.17887493 -1.00066522]
2025-12-13 21:27:47,450 - INFO - num_full_subsets = 2
2025-12-13 21:27:47,485 - INFO - phi = [-0.10694574  0.97415745  0.04206709  0.78157633]
2025-12-13 21:27:47,502 - INFO - num_full_subsets = 2
2025-12-13 21:27:47,537 - INFO - phi = [-0.07746135 -0.02733497 -0.13026803  0.74035301]
2025-12-13 21:27:47,554 - INFO - num_full_subsets = 2
2025-12-13 21:27:47,589 - INFO - phi = [ 1.00114677  0.29676117 -0.24691835 -1.13351577]
2025-12-13 21:27:47,605 - INFO - num_full_subsets = 2
2025-12-13 21:27:47,640 - INFO - phi = [-0.47138976 -1.18787361 -0.3007373  -0.02202827]
2025-12-13 21:27:47,657 - INFO - num_full_subsets = 2
2025-12-13 21:27:47,692 - INFO - phi = [ 0.1811417   0.44550291 -0.49044933  0.47428884]
2025-12-13 21:27:47,709 - INFO - num_full_subsets = 2
2025-12-13 21:27:47,744 - INFO - phi = [-0.14951219  0.91587167 -0.02608461  0.84833064]
2025-12-13 21:27:47,761 - INFO - num_full_subsets = 2
2025-12-13 21:27:47,796 - INFO - phi = [-0.46217766 -1.15627716 -0.10900787  0.11736628]
2025-12-13 21:27:47,813 - INFO - num_full_subsets = 2
2025-12-13 21:27:47,848 - INFO - phi = [0.08407898 0.84637988 0.93109456 0.81201586]
2025-12-13 21:27:47,865 - INFO - num_full_subsets = 2
2025-12-13 21:27:47,900 - INFO - phi = [-0.13810688  0.89428243 -0.29956089  0.52807716]
2025-12-13 21:27:47,917 - INFO - num_full_subsets = 2
2025-12-13 21:27:47,952 - INFO - phi = [-0.39872463 -1.3601739  -0.14261644  0.37840725]
2025-12-13 21:27:47,969 - INFO - num_full_subsets = 2
2025-12-13 21:27:48,005 - INFO - phi = [-0.23595263 -1.3054689   1.19106878 -0.88867405]
2025-12-13 21:27:48,022 - INFO - num_full_subsets = 2
2025-12-13 21:27:48,057 - INFO - phi = [0.37009891 0.05052015 1.07739642 0.81530848]
2025-12-13 21:27:48,074 - INFO - num_full_subsets = 2
2025-12-13 21:27:48,110 - INFO - phi = [-0.47824634 -1.32283763 -0.21265738  0.30701574]
2025-12-13 21:27:48,126 - INFO - num_full_subsets = 2
2025-12-13 21:27:48,162 - INFO - phi = [ 0.60099116  0.5643937   0.6737472  -1.13850486]
2025-12-13 21:27:48,178 - INFO - num_full_subsets = 2
2025-12-13 21:27:48,214 - INFO - phi = [-0.43401627 -0.6903244  -0.18070596 -0.40954969]
2025-12-13 21:27:48,230 - INFO - num_full_subsets = 2
2025-12-13 21:27:48,264 - INFO - phi = [ 0.61087269  0.62801611 -0.69236954  0.51184556]
2025-12-13 21:27:48,281 - INFO - num_full_subsets = 2
2025-12-13 21:27:48,317 - INFO - phi = [-0.21444248  0.92463612 -0.06834341  0.39008086]
2025-12-13 21:27:48,333 - INFO - num_full_subsets = 2
2025-12-13 21:27:48,368 - INFO - phi = [-0.37451982 -0.86365325 -0.1008653  -0.57615662]
2025-12-13 21:27:48,386 - INFO - num_full_subsets = 2
2025-12-13 21:27:48,421 - INFO - phi = [-0.50082212 -1.38657208 -0.35600361  0.21652782]
2025-12-13 21:27:48,437 - INFO - num_full_subsets = 2
2025-12-13 21:27:48,472 - INFO - phi = [ 0.88085541  0.2433733  -0.50116068 -0.78553466]
2025-12-13 21:27:48,489 - INFO - num_full_subsets = 2
2025-12-13 21:27:48,525 - INFO - phi = [-0.21132946  0.85296961 -0.11956367  0.83415596]
2025-12-13 21:27:48,541 - INFO - num_full_subsets = 2
2025-12-13 21:27:48,576 - INFO - phi = [ 1.11843834 -0.1060904  -0.14422177 -1.18686468]
2025-12-13 21:27:48,593 - INFO - num_full_subsets = 2
2025-12-13 21:27:48,629 - INFO - phi = [-0.14087745  0.61204778 -0.46452043  0.56244691]
2025-12-13 21:27:48,646 - INFO - num_full_subsets = 2
2025-12-13 21:27:48,680 - INFO - phi = [-0.14231028  0.81380343 -0.67389425  0.3068942 ]
2025-12-13 21:27:48,697 - INFO - num_full_subsets = 2
2025-12-13 21:27:48,732 - INFO - phi = [ 0.65396242  0.18884056 -0.25909656 -1.32055076]
2025-12-13 21:27:48,749 - INFO - num_full_subsets = 2
2025-12-13 21:27:48,784 - INFO - phi = [-0.08984064  0.42208103  0.78194415 -0.43055042]
2025-12-13 21:27:48,801 - INFO - num_full_subsets = 2
2025-12-13 21:27:48,836 - INFO - phi = [ 0.91914799  0.24815388 -0.49525948 -0.5843432 ]
2025-12-13 21:27:48,852 - INFO - num_full_subsets = 2
2025-12-13 21:27:48,887 - INFO - phi = [-0.47138976 -1.18787361 -0.3007373  -0.02202827]
2025-12-13 21:27:48,903 - INFO - num_full_subsets = 2
2025-12-13 21:27:48,938 - INFO - phi = [-0.24808234  0.67490676 -0.30101116  0.28860715]
2025-12-13 21:27:48,954 - INFO - num_full_subsets = 2
2025-12-13 21:27:48,990 - INFO - phi = [0.00434872 1.48842355 0.97607986 0.17772581]
2025-12-13 21:27:49,006 - INFO - num_full_subsets = 2
2025-12-13 21:27:49,042 - INFO - phi = [-0.15775012  0.82404927 -0.62168958  0.42834015]
2025-12-13 21:27:49,058 - INFO - num_full_subsets = 2
2025-12-13 21:27:49,093 - INFO - phi = [ 0.00315392  0.45917922 -0.07850626  0.40519478]
2025-12-13 21:27:49,109 - INFO - num_full_subsets = 2
2025-12-13 21:27:49,145 - INFO - phi = [-0.26368666  0.75301987 -0.3194624   0.12744943]
2025-12-13 21:27:49,161 - INFO - num_full_subsets = 2
2025-12-13 21:27:49,196 - INFO - phi = [-0.48761403 -0.87168981 -0.10670358 -0.03477171]
2025-12-13 21:27:49,213 - INFO - num_full_subsets = 2
2025-12-13 21:27:49,248 - INFO - phi = [-0.24318216 -0.25737218  0.40864342 -1.20313692]
2025-12-13 21:27:49,264 - INFO - num_full_subsets = 2
2025-12-13 21:27:49,299 - INFO - phi = [-0.0584805   0.66273932  0.06563617  0.78187528]
2025-12-13 21:27:49,316 - INFO - num_full_subsets = 2
2025-12-13 21:27:49,351 - INFO - phi = [-0.32638506 -0.86738364  0.09795732 -0.78842177]
2025-12-13 21:27:49,367 - INFO - num_full_subsets = 2
2025-12-13 21:27:49,402 - INFO - phi = [-0.11320893 -0.05837808  0.50295091  0.70148331]
2025-12-13 21:27:49,419 - INFO - num_full_subsets = 2
2025-12-13 21:27:49,453 - INFO - phi = [ 0.86854023  0.13214518 -0.05150245 -0.32136366]
2025-12-13 21:27:49,469 - INFO - num_full_subsets = 2
2025-12-13 21:27:49,504 - INFO - phi = [-0.38800113 -0.80942326 -0.10909863 -0.65261913]
2025-12-13 21:27:49,521 - INFO - num_full_subsets = 2
2025-12-13 21:27:49,556 - INFO - phi = [ 0.21560388  0.51948518  0.7151305  -0.98359659]
2025-12-13 21:27:49,572 - INFO - num_full_subsets = 2
2025-12-13 21:27:49,607 - INFO - phi = [-0.44938388 -0.91591281 -0.12702882 -0.22349175]
2025-12-13 21:27:49,624 - INFO - num_full_subsets = 2
2025-12-13 21:27:49,659 - INFO - phi = [-1.65281346e-03  1.66284529e+00  7.55875983e-01  3.28251020e-01]
2025-12-13 21:27:49,675 - INFO - num_full_subsets = 2
2025-12-13 21:27:49,711 - INFO - phi = [-0.24584461  0.61927591  0.95986915  0.46571571]
2025-12-13 21:27:49,727 - INFO - num_full_subsets = 2
2025-12-13 21:27:49,762 - INFO - phi = [-0.47061422 -1.25699583 -0.13000717  0.15145016]
2025-12-13 21:27:49,779 - INFO - num_full_subsets = 2
2025-12-13 21:27:49,814 - INFO - phi = [0.26184743 0.52281998 0.02083139 0.15145488]
2025-12-13 21:27:49,830 - INFO - num_full_subsets = 2
2025-12-13 21:27:49,865 - INFO - phi = [ 0.25048493 -0.03567011  0.01415312  0.36052478]
2025-12-13 21:27:49,881 - INFO - num_full_subsets = 2
2025-12-13 21:27:49,916 - INFO - phi = [0.12334171 0.02918271 0.05895967 0.14258897]
2025-12-13 21:27:49,933 - INFO - num_full_subsets = 2
2025-12-13 21:27:49,968 - INFO - phi = [-0.33818443 -0.96622626  0.44879598 -0.91858546]
2025-12-13 21:27:49,984 - INFO - num_full_subsets = 2
2025-12-13 21:27:50,019 - INFO - phi = [-0.10739937  0.08491031 -0.13265916  0.72334368]
2025-12-13 21:27:50,036 - INFO - num_full_subsets = 2
2025-12-13 21:27:50,071 - INFO - phi = [ 1.34335197  0.1234678  -0.05236631 -1.25793907]
2025-12-13 21:27:50,088 - INFO - num_full_subsets = 2
2025-12-13 21:27:50,123 - INFO - phi = [-0.28722982 -1.18215765 -0.0942334  -0.41956027]
2025-12-13 21:27:50,140 - INFO - num_full_subsets = 2
2025-12-13 21:27:50,175 - INFO - phi = [-0.44663574 -0.86463039 -0.25880024  0.07872051]
2025-12-13 21:27:50,191 - INFO - num_full_subsets = 2
2025-12-13 21:27:50,226 - INFO - phi = [-0.1870355   0.62232995 -0.06413876  0.72144418]
2025-12-13 21:27:50,242 - INFO - num_full_subsets = 2
2025-12-13 21:27:50,278 - INFO - phi = [-0.40235297 -1.08071513 -0.15230219  0.33596958]
2025-12-13 21:27:50,294 - INFO - num_full_subsets = 2
2025-12-13 21:27:50,329 - INFO - phi = [-0.0160325   0.79244657  0.83808388  0.29803952]
2025-12-13 21:27:50,346 - INFO - num_full_subsets = 2
2025-12-13 21:27:50,381 - INFO - phi = [0.72132672 0.43940539 0.14049039 0.24981049]
2025-12-13 21:27:50,397 - INFO - num_full_subsets = 2
2025-12-13 21:27:50,432 - INFO - phi = [0.04752667 0.93469624 0.86735483 0.48131666]
2025-12-13 21:27:50,449 - INFO - num_full_subsets = 2
2025-12-13 21:27:50,484 - INFO - phi = [-0.31479511 -1.26943172  0.94967118 -0.92890755]
2025-12-13 21:27:50,500 - INFO - num_full_subsets = 2
2025-12-13 21:27:50,535 - INFO - phi = [-0.24341941 -0.63019996 -0.12868508  0.30567992]
2025-12-13 21:27:50,552 - INFO - num_full_subsets = 2
2025-12-13 21:27:50,587 - INFO - phi = [ 0.22983544 -0.25868305  1.00208302  0.43588609]
2025-12-13 21:27:50,603 - INFO - num_full_subsets = 2
2025-12-13 21:27:50,638 - INFO - phi = [0.0676954  0.86759704 0.90922193 0.83864821]
2025-12-13 21:27:51,157 - INFO - Computing feature importance...
2025-12-13 21:27:52,013 - INFO - Experiment completed for SVM
2025-12-13 21:27:52,013 - INFO - Total time: 23.06s (0.38 min)
2025-12-13 21:27:52,013 - INFO - Starting comprehensive experiment for SVM
2025-12-13 21:28:00,754 - INFO - Performing feature analysis...
2025-12-13 21:28:01,931 - INFO - Model justification: Effective for high-dimensional spaces and non-linear relationships using kernel trick
2025-12-13 21:28:01,931 - INFO - Performing robust cross-validation...
2025-12-13 21:28:02,115 - INFO - CV Results - MSE: 1.7789 ± 0.3223
2025-12-13 21:28:02,115 - INFO - Starting hyperparameter optimization...
2025-12-13 21:28:07,132 - INFO - Best parameters for SVM: {'C': 25.737438872792538, 'epsilon': 0.01752158722173062, 'kernel': 'rbf'}
2025-12-13 21:28:07,132 - INFO - ⏱️ HPO took 5.02 seconds
2025-12-13 21:28:07,132 - INFO - Training final model...
2025-12-13 21:28:07,162 - INFO - ⏱️ Training took 0.03 seconds
2025-12-13 21:28:07,162 - INFO - Performing residual analysis...
2025-12-13 21:28:08,231 - INFO - Generating XAI explanations...
2025-12-13 21:28:08,233 - WARNING - Using 168 background data samples could cause slower run times. Consider using shap.sample(data, K) or shap.kmeans(data, K) to summarize the background as K samples.
2025-12-13 21:28:08,250 - INFO - num_full_subsets = 2
2025-12-13 21:28:08,285 - INFO - phi = [-0.14850775  0.17904318 -0.14260928  0.56658644]
2025-12-13 21:28:08,302 - INFO - num_full_subsets = 2
2025-12-13 21:28:08,338 - INFO - phi = [-0.169252    0.04038509 -0.19205803  0.35097121]
2025-12-13 21:28:08,355 - INFO - num_full_subsets = 2
2025-12-13 21:28:08,391 - INFO - phi = [-0.47010037  0.47012453 -0.16147327  0.05975392]
2025-12-13 21:28:08,407 - INFO - num_full_subsets = 2
2025-12-13 21:28:08,443 - INFO - phi = [0.06871769 0.76663945 0.89818798 0.85828691]
2025-12-13 21:28:08,459 - INFO - num_full_subsets = 2
2025-12-13 21:28:08,495 - INFO - phi = [-0.14227287  0.68464038 -0.23254867  0.279607  ]
2025-12-13 21:28:08,512 - INFO - num_full_subsets = 2
2025-12-13 21:28:08,548 - INFO - phi = [ 1.2686601   0.3360882   0.09368306 -0.86485697]
2025-12-13 21:28:08,565 - INFO - num_full_subsets = 2
2025-12-13 21:28:08,601 - INFO - phi = [-0.17579491  0.53345524 -0.13968215 -0.1201878 ]
2025-12-13 21:28:08,617 - INFO - num_full_subsets = 2
2025-12-13 21:28:08,653 - INFO - phi = [ 0.49963428  0.37254569 -0.1212724  -0.17195967]
2025-12-13 21:28:08,670 - INFO - num_full_subsets = 2
2025-12-13 21:28:08,706 - INFO - phi = [-0.47199875 -0.0893308   0.1606381  -1.14773394]
2025-12-13 21:28:08,723 - INFO - num_full_subsets = 2
2025-12-13 21:28:08,759 - INFO - phi = [-0.42055555 -0.5880923  -0.54541135  0.48604492]
2025-12-13 21:28:08,776 - INFO - num_full_subsets = 2
2025-12-13 21:28:08,811 - INFO - phi = [-0.23780175  0.90448124 -0.22741112  0.54340886]
2025-12-13 21:28:08,828 - INFO - num_full_subsets = 2
2025-12-13 21:28:08,864 - INFO - phi = [ 0.62640673  0.27458612 -0.13246954 -0.32435464]
2025-12-13 21:28:08,881 - INFO - num_full_subsets = 2
2025-12-13 21:28:08,917 - INFO - phi = [ 0.21443197  0.39192275 -0.41360737  0.60101515]
2025-12-13 21:28:08,933 - INFO - num_full_subsets = 2
2025-12-13 21:28:08,969 - INFO - phi = [-0.13791647 -0.14060208 -0.43214174  0.68099212]
2025-12-13 21:28:08,986 - INFO - num_full_subsets = 2
2025-12-13 21:28:09,022 - INFO - phi = [-0.35943635  0.88450452 -0.23469935  0.39914311]
2025-12-13 21:28:09,039 - INFO - num_full_subsets = 2
2025-12-13 21:28:09,075 - INFO - phi = [0.94525553 0.42540766 0.04448254 0.1605788 ]
2025-12-13 21:28:09,092 - INFO - num_full_subsets = 2
2025-12-13 21:28:09,129 - INFO - phi = [-0.14302786 -0.91407065 -0.06094094 -0.74674487]
2025-12-13 21:28:09,146 - INFO - num_full_subsets = 2
2025-12-13 21:28:09,182 - INFO - phi = [-0.51874245 -0.95760474 -0.2850081  -0.12365341]
2025-12-13 21:28:09,199 - INFO - num_full_subsets = 2
2025-12-13 21:28:09,236 - INFO - phi = [-0.04686932  1.06867429  0.93055955  0.50514002]
2025-12-13 21:28:09,252 - INFO - num_full_subsets = 2
2025-12-13 21:28:09,288 - INFO - phi = [ 0.18427369  0.82864118 -0.52313933  0.65675014]
2025-12-13 21:28:09,305 - INFO - num_full_subsets = 2
2025-12-13 21:28:09,341 - INFO - phi = [-0.52311361 -1.16507262 -0.30026977  0.17103631]
2025-12-13 21:28:09,358 - INFO - num_full_subsets = 2
2025-12-13 21:28:09,394 - INFO - phi = [-0.35382514  0.74218409 -0.26338251  0.54623487]
2025-12-13 21:28:09,411 - INFO - num_full_subsets = 2
2025-12-13 21:28:09,447 - INFO - phi = [-0.41607815 -0.76359178 -0.17312139 -0.53832391]
2025-12-13 21:28:09,464 - INFO - num_full_subsets = 2
2025-12-13 21:28:09,501 - INFO - phi = [-0.56458994 -0.95445837 -0.11068499 -0.26595537]
2025-12-13 21:28:09,517 - INFO - num_full_subsets = 2
2025-12-13 21:28:09,554 - INFO - phi = [ 0.25703267  0.67798549 -0.11394307  0.59289172]
2025-12-13 21:28:09,571 - INFO - num_full_subsets = 2
2025-12-13 21:28:09,608 - INFO - phi = [0.80160527 0.10993784 0.46551863 0.56366017]
2025-12-13 21:28:09,625 - INFO - num_full_subsets = 2
2025-12-13 21:28:09,661 - INFO - phi = [ 0.18377212  0.09310738 -0.17669116 -0.43375016]
2025-12-13 21:28:09,678 - INFO - num_full_subsets = 2
2025-12-13 21:28:09,714 - INFO - phi = [-0.10165794  0.83961149  1.10534782  0.38884546]
2025-12-13 21:28:09,732 - INFO - num_full_subsets = 2
2025-12-13 21:28:09,768 - INFO - phi = [-0.19058329 -0.89978805  0.97959186 -1.23863156]
2025-12-13 21:28:09,785 - INFO - num_full_subsets = 2
2025-12-13 21:28:09,821 - INFO - phi = [-0.49205267 -1.33889691 -0.31750893  0.36714942]
2025-12-13 21:28:09,838 - INFO - num_full_subsets = 2
2025-12-13 21:28:09,874 - INFO - phi = [-0.52128709 -1.00848944 -0.25292572 -0.15912989]
2025-12-13 21:28:09,890 - INFO - num_full_subsets = 2
2025-12-13 21:28:09,927 - INFO - phi = [-0.46926639 -0.3321097  -0.32633425  0.01033034]
2025-12-13 21:28:09,944 - INFO - num_full_subsets = 2
2025-12-13 21:28:09,980 - INFO - phi = [ 0.10609862  0.04651527 -0.19615137  0.35062086]
2025-12-13 21:28:09,997 - INFO - num_full_subsets = 2
2025-12-13 21:28:10,033 - INFO - phi = [-0.31970262 -0.14701739 -0.88406524  0.72690971]
2025-12-13 21:28:10,050 - INFO - num_full_subsets = 2
2025-12-13 21:28:10,087 - INFO - phi = [ 0.95452913  0.28268453 -0.01259799 -0.50070959]
2025-12-13 21:28:10,103 - INFO - num_full_subsets = 2
2025-12-13 21:28:10,139 - INFO - phi = [-0.28680775 -0.2539364   0.3416596   0.22943639]
2025-12-13 21:28:10,156 - INFO - num_full_subsets = 2
2025-12-13 21:28:10,192 - INFO - phi = [ 0.33148709  0.32578288 -0.15625724  0.5712223 ]
2025-12-13 21:28:10,209 - INFO - num_full_subsets = 2
2025-12-13 21:28:10,244 - INFO - phi = [ 0.58533686 -0.09937179 -0.23004501 -0.77463807]
2025-12-13 21:28:10,261 - INFO - num_full_subsets = 2
2025-12-13 21:28:10,297 - INFO - phi = [-0.26292287 -1.04505216  1.46410487  0.04460084]
2025-12-13 21:28:10,314 - INFO - num_full_subsets = 2
2025-12-13 21:28:10,350 - INFO - phi = [-0.49519249 -0.76640548  0.01049329 -0.73822733]
2025-12-13 21:28:10,367 - INFO - num_full_subsets = 2
2025-12-13 21:28:10,403 - INFO - phi = [-0.5436968  -1.22602762 -0.15411945  0.01601165]
2025-12-13 21:28:10,419 - INFO - num_full_subsets = 2
2025-12-13 21:28:10,455 - INFO - phi = [0.09364162 1.19981194 0.69796543 0.55434309]
2025-12-13 21:28:10,472 - INFO - num_full_subsets = 2
2025-12-13 21:28:10,508 - INFO - phi = [-0.24228026 -0.68910683 -0.09080496 -0.73694044]
2025-12-13 21:28:10,525 - INFO - num_full_subsets = 2
2025-12-13 21:28:10,561 - INFO - phi = [-0.13287682 -0.87088605  1.01132972 -1.29122601]
2025-12-13 21:28:10,577 - INFO - num_full_subsets = 2
2025-12-13 21:28:10,613 - INFO - phi = [ 0.99084509  0.17205721 -0.31563325 -0.40528076]
2025-12-13 21:28:10,630 - INFO - num_full_subsets = 2
2025-12-13 21:28:10,666 - INFO - phi = [ 0.58919322  0.48694042  0.03907918 -0.88838486]
2025-12-13 21:28:10,682 - INFO - num_full_subsets = 2
2025-12-13 21:28:10,719 - INFO - phi = [ 0.7079729  -0.21581325 -0.52786128  0.48660106]
2025-12-13 21:28:10,735 - INFO - num_full_subsets = 2
2025-12-13 21:28:10,771 - INFO - phi = [-0.3983282  -1.15930134  0.34257888 -0.24537315]
2025-12-13 21:28:10,788 - INFO - num_full_subsets = 2
2025-12-13 21:28:10,824 - INFO - phi = [ 1.36672277  0.1980692   0.10418519 -0.83773887]
2025-12-13 21:28:10,841 - INFO - num_full_subsets = 2
2025-12-13 21:28:10,877 - INFO - phi = [-0.41191412 -0.84064926  0.76677807 -0.73904834]
2025-12-13 21:28:10,893 - INFO - num_full_subsets = 2
2025-12-13 21:28:10,930 - INFO - phi = [-0.36665836  0.70210661  0.16894987  0.3468782 ]
2025-12-13 21:28:10,946 - INFO - num_full_subsets = 2
2025-12-13 21:28:10,982 - INFO - phi = [ 0.9227751   0.18591682 -0.30638225 -0.45184823]
2025-12-13 21:28:10,999 - INFO - num_full_subsets = 2
2025-12-13 21:28:11,036 - INFO - phi = [ 0.6225922   0.20008081 -0.22431927 -0.092199  ]
2025-12-13 21:28:11,053 - INFO - num_full_subsets = 2
2025-12-13 21:28:11,088 - INFO - phi = [-0.43259245 -0.76708078 -0.62284669  0.45093027]
2025-12-13 21:28:11,105 - INFO - num_full_subsets = 2
2025-12-13 21:28:11,142 - INFO - phi = [0.07353396 1.01725774 1.3777968  0.51178447]
2025-12-13 21:28:11,158 - INFO - num_full_subsets = 2
2025-12-13 21:28:11,194 - INFO - phi = [ 0.62507047 -0.45560509 -0.16578455  0.4351259 ]
2025-12-13 21:28:11,211 - INFO - num_full_subsets = 2
2025-12-13 21:28:11,247 - INFO - phi = [-0.30359165  0.89780098 -0.29321639  0.61651099]
2025-12-13 21:28:11,263 - INFO - num_full_subsets = 2
2025-12-13 21:28:11,299 - INFO - phi = [ 0.78587299  0.14900699 -0.06102852 -1.16938281]
2025-12-13 21:28:11,316 - INFO - num_full_subsets = 2
2025-12-13 21:28:11,352 - INFO - phi = [-0.03437916  0.39560846  0.35807061 -0.68624193]
2025-12-13 21:28:11,368 - INFO - num_full_subsets = 2
2025-12-13 21:28:11,404 - INFO - phi = [-0.12835207  0.29828396 -1.06189554  0.39009418]
2025-12-13 21:28:11,421 - INFO - num_full_subsets = 2
2025-12-13 21:28:11,456 - INFO - phi = [-0.54962247 -0.5615317  -0.14644938 -0.63842667]
2025-12-13 21:28:11,473 - INFO - num_full_subsets = 2
2025-12-13 21:28:11,508 - INFO - phi = [0.69149408 0.81143473 0.16845667 0.53283755]
2025-12-13 21:28:11,525 - INFO - num_full_subsets = 2
2025-12-13 21:28:11,561 - INFO - phi = [ 0.13892678  0.35469458 -0.32544912 -0.92544194]
2025-12-13 21:28:11,578 - INFO - num_full_subsets = 2
2025-12-13 21:28:11,614 - INFO - phi = [ 0.68431805 -0.07098901  0.79261701  0.74326991]
2025-12-13 21:28:11,631 - INFO - num_full_subsets = 2
2025-12-13 21:28:11,666 - INFO - phi = [-0.17951045 -0.73641035 -0.19393798 -0.82773123]
2025-12-13 21:28:11,683 - INFO - num_full_subsets = 2
2025-12-13 21:28:11,718 - INFO - phi = [-0.08150275  0.46009214  1.05753561  0.44491496]
2025-12-13 21:28:11,735 - INFO - num_full_subsets = 2
2025-12-13 21:28:11,771 - INFO - phi = [-0.53774687 -1.04474175 -0.14809871 -0.02392807]
2025-12-13 21:28:11,788 - INFO - num_full_subsets = 2
2025-12-13 21:28:11,824 - INFO - phi = [-0.11164751 -0.64380177  0.96201249 -1.30337269]
2025-12-13 21:28:11,841 - INFO - num_full_subsets = 2
2025-12-13 21:28:11,878 - INFO - phi = [-0.15776941  0.11077575  1.45820182 -0.01184683]
2025-12-13 21:28:11,895 - INFO - num_full_subsets = 2
2025-12-13 21:28:11,931 - INFO - phi = [-0.30359165  0.89780098 -0.29321639  0.61651099]
2025-12-13 21:28:11,948 - INFO - num_full_subsets = 2
2025-12-13 21:28:11,985 - INFO - phi = [-0.39973943 -0.23223679 -0.42759767  0.40296487]
2025-12-13 21:28:12,001 - INFO - num_full_subsets = 2
2025-12-13 21:28:12,037 - INFO - phi = [ 0.67916244  0.20299663 -0.16701657  0.57383182]
2025-12-13 21:28:12,054 - INFO - num_full_subsets = 2
2025-12-13 21:28:12,090 - INFO - phi = [-0.17566642  0.5965256  -0.10408053  0.48289247]
2025-12-13 21:28:12,107 - INFO - num_full_subsets = 2
2025-12-13 21:28:12,143 - INFO - phi = [-0.54609803 -1.32190363 -0.19834883  0.12295427]
2025-12-13 21:28:12,160 - INFO - num_full_subsets = 2
2025-12-13 21:28:12,196 - INFO - phi = [-0.3309754   0.29697751  0.06019792  0.32296074]
2025-12-13 21:28:12,212 - INFO - num_full_subsets = 2
2025-12-13 21:28:12,248 - INFO - phi = [ 0.24225516 -0.10586787 -0.50750194  0.52632394]
2025-12-13 21:28:12,265 - INFO - num_full_subsets = 2
2025-12-13 21:28:12,301 - INFO - phi = [-0.15913751 -0.51358113  0.48868502  0.76768745]
2025-12-13 21:28:12,318 - INFO - num_full_subsets = 2
2025-12-13 21:28:12,354 - INFO - phi = [ 0.85945419  0.73279989 -0.26270795  0.5334243 ]
2025-12-13 21:28:12,370 - INFO - num_full_subsets = 2
2025-12-13 21:28:12,407 - INFO - phi = [ 1.00296806  0.41627334  0.09238297 -1.24538096]
2025-12-13 21:28:12,424 - INFO - num_full_subsets = 2
2025-12-13 21:28:12,460 - INFO - phi = [-0.47182993 -0.747563   -0.43943087  0.18814091]
2025-12-13 21:28:12,477 - INFO - num_full_subsets = 2
2025-12-13 21:28:12,513 - INFO - phi = [ 0.9038273   0.29602581 -0.07660812  0.44599929]
2025-12-13 21:28:12,530 - INFO - num_full_subsets = 2
2025-12-13 21:28:12,566 - INFO - phi = [-0.24078627 -0.05079784  0.33634514 -1.25972466]
2025-12-13 21:28:12,583 - INFO - num_full_subsets = 2
2025-12-13 21:28:12,619 - INFO - phi = [-0.16344748  0.0718599  -0.30485806 -0.05480267]
2025-12-13 21:28:12,636 - INFO - num_full_subsets = 2
2025-12-13 21:28:12,672 - INFO - phi = [-0.25560854  0.60219678 -0.66047372  0.30897308]
2025-12-13 21:28:12,689 - INFO - num_full_subsets = 2
2025-12-13 21:28:12,725 - INFO - phi = [-0.32285606 -0.81387616  0.62169446 -0.22857459]
2025-12-13 21:28:12,741 - INFO - num_full_subsets = 2
2025-12-13 21:28:12,777 - INFO - phi = [-0.35586649 -1.05409616  0.99883518 -1.17951739]
2025-12-13 21:28:12,795 - INFO - num_full_subsets = 2
2025-12-13 21:28:12,830 - INFO - phi = [-0.10659191  0.78480175  0.50130293  0.65132495]
2025-12-13 21:28:12,847 - INFO - num_full_subsets = 2
2025-12-13 21:28:12,883 - INFO - phi = [-0.17398446 -0.22250459 -0.19943283  0.56321782]
2025-12-13 21:28:12,899 - INFO - num_full_subsets = 2
2025-12-13 21:28:12,936 - INFO - phi = [-0.0122232  -0.24430245  1.08981696 -1.47052598]
2025-12-13 21:28:12,953 - INFO - num_full_subsets = 2
2025-12-13 21:28:12,989 - INFO - phi = [-0.4043006  -0.62525648 -0.26216207 -0.54044278]
2025-12-13 21:28:13,006 - INFO - num_full_subsets = 2
2025-12-13 21:28:13,042 - INFO - phi = [ 0.33148709  0.32578288 -0.15625724  0.5712223 ]
2025-12-13 21:28:13,058 - INFO - num_full_subsets = 2
2025-12-13 21:28:13,094 - INFO - phi = [0.72195435 0.71463857 0.58690693 0.4839086 ]
2025-12-13 21:28:13,111 - INFO - num_full_subsets = 2
2025-12-13 21:28:13,147 - INFO - phi = [-0.49813657 -0.85462536 -0.07289378 -0.39569757]
2025-12-13 21:28:13,163 - INFO - num_full_subsets = 2
2025-12-13 21:28:13,199 - INFO - phi = [-0.0930132   0.17628503 -0.23374511  0.71942635]
2025-12-13 21:28:13,216 - INFO - num_full_subsets = 2
2025-12-13 21:28:13,251 - INFO - phi = [-0.38322042 -0.73544465 -0.23540719  0.69123457]
2025-12-13 21:28:13,268 - INFO - num_full_subsets = 2
2025-12-13 21:28:13,303 - INFO - phi = [-0.54061468 -0.67395744 -0.17276442 -0.56408764]
2025-12-13 21:28:13,320 - INFO - num_full_subsets = 2
2025-12-13 21:28:13,356 - INFO - phi = [ 0.23257116 -0.18028906  0.27024568 -0.20105844]
2025-12-13 21:28:13,373 - INFO - num_full_subsets = 2
2025-12-13 21:28:13,408 - INFO - phi = [ 0.57966495  0.07373165 -0.08505936 -1.82092079]
2025-12-13 21:28:13,425 - INFO - num_full_subsets = 2
2025-12-13 21:28:13,461 - INFO - phi = [-0.15318877  0.01691846 -0.72922251 -0.03439875]
2025-12-13 21:28:13,478 - INFO - num_full_subsets = 2
2025-12-13 21:28:13,513 - INFO - phi = [-0.40026661 -0.93169821  0.58620706 -1.09520928]
2025-12-13 21:28:13,530 - INFO - num_full_subsets = 2
2025-12-13 21:28:13,566 - INFO - phi = [ 0.71824409  0.56407606 -0.41608597  0.5812017 ]
2025-12-13 21:28:13,582 - INFO - num_full_subsets = 2
2025-12-13 21:28:13,618 - INFO - phi = [-0.0728636   0.83518725 -0.42717979  0.59304161]
2025-12-13 21:28:13,635 - INFO - num_full_subsets = 2
2025-12-13 21:28:13,671 - INFO - phi = [-0.14227287  0.68464038 -0.23254867  0.279607  ]
2025-12-13 21:28:13,687 - INFO - num_full_subsets = 2
2025-12-13 21:28:13,723 - INFO - phi = [-0.47420877 -1.13918054 -0.23452328  0.20495226]
2025-12-13 21:28:13,740 - INFO - num_full_subsets = 2
2025-12-13 21:28:13,776 - INFO - phi = [-0.50340299 -0.5662863  -0.26887133 -0.37070796]
2025-12-13 21:28:13,792 - INFO - num_full_subsets = 2
2025-12-13 21:28:13,828 - INFO - phi = [ 0.82115334  0.7641814  -0.20565068  0.67134717]
2025-12-13 21:28:13,845 - INFO - num_full_subsets = 2
2025-12-13 21:28:13,881 - INFO - phi = [ 0.37219751  0.35495143 -0.45714727  0.27131243]
2025-12-13 21:28:13,897 - INFO - num_full_subsets = 2
2025-12-13 21:28:13,933 - INFO - phi = [-0.39530079 -0.51385434 -0.10093776 -0.82524855]
2025-12-13 21:28:13,950 - INFO - num_full_subsets = 2
2025-12-13 21:28:13,986 - INFO - phi = [-0.47320126 -0.17039242  0.13227902 -0.79268193]
2025-12-13 21:28:14,002 - INFO - num_full_subsets = 2
2025-12-13 21:28:14,038 - INFO - phi = [ 0.27941201  0.7635197  -0.24127308  0.68160918]
2025-12-13 21:28:14,055 - INFO - num_full_subsets = 2
2025-12-13 21:28:14,091 - INFO - phi = [-0.37191374  0.2775022  -0.52119028  0.1774129 ]
2025-12-13 21:28:14,108 - INFO - num_full_subsets = 2
2025-12-13 21:28:14,144 - INFO - phi = [ 0.9038273   0.29602581 -0.07660812  0.44599929]
2025-12-13 21:28:14,160 - INFO - num_full_subsets = 2
2025-12-13 21:28:14,197 - INFO - phi = [0.04160361 0.92946818 0.13608386 0.53283996]
2025-12-13 21:28:14,213 - INFO - num_full_subsets = 2
2025-12-13 21:28:14,249 - INFO - phi = [ 0.82624576  0.55189713 -0.21477714  0.63176636]
2025-12-13 21:28:14,265 - INFO - num_full_subsets = 2
2025-12-13 21:28:14,301 - INFO - phi = [ 0.24225516 -0.10586787 -0.50750194  0.52632394]
2025-12-13 21:28:14,318 - INFO - num_full_subsets = 2
2025-12-13 21:28:14,354 - INFO - phi = [-0.1338296  -1.03452653  1.25016204 -1.35086902]
2025-12-13 21:28:14,371 - INFO - num_full_subsets = 2
2025-12-13 21:28:14,406 - INFO - phi = [-0.10334577  0.46863618  0.13912725 -1.20011496]
2025-12-13 21:28:14,423 - INFO - num_full_subsets = 2
2025-12-13 21:28:14,459 - INFO - phi = [-0.04702353 -0.70408853  1.68373423 -1.53285835]
2025-12-13 21:28:14,476 - INFO - num_full_subsets = 2
2025-12-13 21:28:14,512 - INFO - phi = [-0.1744127  -0.79011511  1.08290573  0.97240039]
2025-12-13 21:28:14,529 - INFO - num_full_subsets = 2
2025-12-13 21:28:14,565 - INFO - phi = [0.71729968 0.60536666 1.11249559 0.60468894]
2025-12-13 21:28:14,582 - INFO - num_full_subsets = 2
2025-12-13 21:28:14,619 - INFO - phi = [ 0.45622665  0.33937328 -0.11328305 -0.50912189]
2025-12-13 21:28:14,636 - INFO - num_full_subsets = 2
2025-12-13 21:28:14,672 - INFO - phi = [-0.18653471  0.78557029 -0.27824124  0.52946431]
2025-12-13 21:28:14,689 - INFO - num_full_subsets = 2
2025-12-13 21:28:14,726 - INFO - phi = [-0.30056469  0.49473077 -0.20477055  0.80093858]
2025-12-13 21:28:14,742 - INFO - num_full_subsets = 2
2025-12-13 21:28:14,779 - INFO - phi = [-0.52005419 -0.52709679 -0.14500908 -0.14639771]
2025-12-13 21:28:14,795 - INFO - num_full_subsets = 2
2025-12-13 21:28:14,831 - INFO - phi = [-0.57203496 -0.72753024 -0.16218791 -0.00358809]
2025-12-13 21:28:14,848 - INFO - num_full_subsets = 2
2025-12-13 21:28:14,883 - INFO - phi = [-0.54973469 -0.14449304 -0.13225042 -0.43272106]
2025-12-13 21:28:14,900 - INFO - num_full_subsets = 2
2025-12-13 21:28:14,936 - INFO - phi = [-0.48142078 -0.73639105 -0.30936311 -0.34746218]
2025-12-13 21:28:14,952 - INFO - num_full_subsets = 2
2025-12-13 21:28:14,988 - INFO - phi = [ 0.41799581  0.43253179 -0.00807639  0.7531112 ]
2025-12-13 21:28:15,005 - INFO - num_full_subsets = 2
2025-12-13 21:28:15,041 - INFO - phi = [ 1.12238749 -0.03196728  0.01264549 -1.05446566]
2025-12-13 21:28:15,058 - INFO - num_full_subsets = 2
2025-12-13 21:28:15,094 - INFO - phi = [-0.57405531 -1.00468151 -0.12090456 -0.12873394]
2025-12-13 21:28:15,111 - INFO - num_full_subsets = 2
2025-12-13 21:28:15,147 - INFO - phi = [ 0.87199277  0.05006098 -0.1221334  -0.90713858]
2025-12-13 21:28:15,164 - INFO - num_full_subsets = 2
2025-12-13 21:28:15,200 - INFO - phi = [-0.182711    0.45598696 -0.29369727  0.70165762]
2025-12-13 21:28:15,217 - INFO - num_full_subsets = 2
2025-12-13 21:28:15,253 - INFO - phi = [-0.13604547  0.9019992  -0.2423949   0.72463928]
2025-12-13 21:28:15,270 - INFO - num_full_subsets = 2
2025-12-13 21:28:15,306 - INFO - phi = [-0.12973263  0.46128787 -0.20125235  0.59307298]
2025-12-13 21:28:15,323 - INFO - num_full_subsets = 2
2025-12-13 21:28:15,358 - INFO - phi = [-0.31366034  0.43446374 -0.33095166  0.67367439]
2025-12-13 21:28:15,375 - INFO - num_full_subsets = 2
2025-12-13 21:28:15,410 - INFO - phi = [-0.54380168 -1.01843907 -0.20147027  0.07534859]
2025-12-13 21:28:15,427 - INFO - num_full_subsets = 2
2025-12-13 21:28:15,463 - INFO - phi = [ 0.46429959  0.31577124 -0.16773921  0.54317544]
2025-12-13 21:28:15,480 - INFO - num_full_subsets = 2
2025-12-13 21:28:15,516 - INFO - phi = [ 1.38570604  0.36567535  0.158749   -0.36068497]
2025-12-13 21:28:15,533 - INFO - num_full_subsets = 2
2025-12-13 21:28:15,569 - INFO - phi = [ 0.58989354  0.8477098  -0.08702366  0.65032073]
2025-12-13 21:28:15,586 - INFO - num_full_subsets = 2
2025-12-13 21:28:15,622 - INFO - phi = [ 0.18679007  1.04493424  1.68476981 -1.44434462]
2025-12-13 21:28:15,638 - INFO - num_full_subsets = 2
2025-12-13 21:28:15,675 - INFO - phi = [-0.19266709 -1.1220042   0.49260079 -1.15838924]
2025-12-13 21:28:15,691 - INFO - num_full_subsets = 2
2025-12-13 21:28:15,727 - INFO - phi = [-0.27682496  0.32493328 -0.21906247  0.8870168 ]
2025-12-13 21:28:15,744 - INFO - num_full_subsets = 2
2025-12-13 21:28:15,780 - INFO - phi = [ 0.21143573  0.83662304 -0.17575972  0.77368706]
2025-12-13 21:28:15,796 - INFO - num_full_subsets = 2
2025-12-13 21:28:15,832 - INFO - phi = [-0.08507172  0.67606375 -0.56653211  0.5773479 ]
2025-12-13 21:28:15,849 - INFO - num_full_subsets = 2
2025-12-13 21:28:15,885 - INFO - phi = [-0.2163618   0.40933693 -0.4403186   0.5290465 ]
2025-12-13 21:28:15,902 - INFO - num_full_subsets = 2
2025-12-13 21:28:15,938 - INFO - phi = [0.14480681 0.8635669  0.81427426 0.41956302]
2025-12-13 21:28:15,954 - INFO - num_full_subsets = 2
2025-12-13 21:28:15,990 - INFO - phi = [-0.37191374  0.2775022  -0.52119028  0.1774129 ]
2025-12-13 21:28:16,007 - INFO - num_full_subsets = 2
2025-12-13 21:28:16,043 - INFO - phi = [ 0.34715823 -0.24980405  1.17117055  0.53232207]
2025-12-13 21:28:16,060 - INFO - num_full_subsets = 2
2025-12-13 21:28:16,095 - INFO - phi = [-0.08035099  0.02863655 -0.03218859  0.54612285]
2025-12-13 21:28:16,112 - INFO - num_full_subsets = 2
2025-12-13 21:28:16,148 - INFO - phi = [-0.12441699  0.39348301  0.44981043  0.90948053]
2025-12-13 21:28:16,165 - INFO - num_full_subsets = 2
2025-12-13 21:28:16,201 - INFO - phi = [-0.54033765 -0.5041466  -0.23439168 -0.36503283]
2025-12-13 21:28:16,217 - INFO - num_full_subsets = 2
2025-12-13 21:28:16,253 - INFO - phi = [ 0.68410813 -0.43819121 -0.29017263 -1.00227919]
2025-12-13 21:28:16,270 - INFO - num_full_subsets = 2
2025-12-13 21:28:16,305 - INFO - phi = [-0.24288279  0.34783832 -0.18831658  0.70881193]
2025-12-13 21:28:16,322 - INFO - num_full_subsets = 2
2025-12-13 21:28:16,358 - INFO - phi = [-0.04751242  0.07659248 -0.2140895   0.7631251 ]
2025-12-13 21:28:16,374 - INFO - num_full_subsets = 2
2025-12-13 21:28:16,410 - INFO - phi = [-0.41127107  0.80410941 -0.24151387  0.19992531]
2025-12-13 21:28:16,426 - INFO - num_full_subsets = 2
2025-12-13 21:28:16,462 - INFO - phi = [-0.51268356 -0.97801219 -0.36024065 -0.02490884]
2025-12-13 21:28:16,479 - INFO - num_full_subsets = 2
2025-12-13 21:28:16,514 - INFO - phi = [-0.43817951 -0.35465811 -0.14397928 -0.94704766]
2025-12-13 21:28:16,531 - INFO - num_full_subsets = 2
2025-12-13 21:28:16,566 - INFO - phi = [ 0.10256614  0.06408326 -0.39487603 -0.14577279]
2025-12-13 21:28:16,583 - INFO - num_full_subsets = 2
2025-12-13 21:28:16,619 - INFO - phi = [ 0.19454293  0.05347132  0.14814721 -0.64511197]
2025-12-13 21:28:16,636 - INFO - num_full_subsets = 2
2025-12-13 21:28:16,671 - INFO - phi = [-0.48022226  0.73464413 -0.32145173 -0.46608205]
2025-12-13 21:28:16,688 - INFO - num_full_subsets = 2
2025-12-13 21:28:16,724 - INFO - phi = [-0.57671658  0.35259397 -0.31980414 -0.71424316]
2025-12-13 21:28:16,740 - INFO - num_full_subsets = 2
2025-12-13 21:28:16,776 - INFO - phi = [-0.44357496 -0.13198053 -0.2319852   0.55837333]
2025-12-13 21:28:16,793 - INFO - num_full_subsets = 2
2025-12-13 21:28:16,829 - INFO - phi = [-0.26939795  0.22476576 -0.71488968  0.11429062]
2025-12-13 21:28:16,845 - INFO - num_full_subsets = 2
2025-12-13 21:28:16,881 - INFO - phi = [-0.39973943 -0.23223679 -0.42759767  0.40296487]
2025-12-13 21:28:16,898 - INFO - num_full_subsets = 2
2025-12-13 21:28:16,934 - INFO - phi = [ 1.08006611  0.21033466 -0.30776201 -0.2499245 ]
2025-12-13 21:28:16,950 - INFO - num_full_subsets = 2
2025-12-13 21:28:16,985 - INFO - phi = [-0.47683736 -0.76807348 -0.12419063 -0.53079673]
2025-12-13 21:28:17,002 - INFO - num_full_subsets = 2
2025-12-13 21:28:17,038 - INFO - phi = [-0.43446112 -0.73970294 -0.5978381   0.46656968]
2025-12-13 21:28:17,054 - INFO - num_full_subsets = 2
2025-12-13 21:28:17,090 - INFO - phi = [-0.50924085 -1.04107146 -0.22314091  0.1708543 ]
2025-12-13 21:28:17,599 - INFO - Computing feature importance...
2025-12-13 21:28:18,472 - INFO - Experiment completed for SVM
2025-12-13 21:28:18,472 - INFO - Total time: 26.08s (0.43 min)
2025-12-13 21:28:18,473 - INFO - Starting comprehensive experiment for SVM
2025-12-13 21:28:26,364 - INFO - Performing feature analysis...
2025-12-13 21:28:27,550 - INFO - Model justification: Effective for high-dimensional spaces and non-linear relationships using kernel trick
2025-12-13 21:28:27,550 - INFO - Performing robust cross-validation...
2025-12-13 21:28:27,734 - INFO - CV Results - MSE: 1.7503 ± 0.3088
2025-12-13 21:28:27,734 - INFO - Starting hyperparameter optimization...
2025-12-13 21:28:32,463 - INFO - Best parameters for SVM: {'C': 23.38280178919615, 'epsilon': 0.05301516229793256, 'kernel': 'rbf'}
2025-12-13 21:28:32,463 - INFO - ⏱️ HPO took 4.73 seconds
2025-12-13 21:28:32,463 - INFO - Training final model...
2025-12-13 21:28:32,487 - INFO - ⏱️ Training took 0.02 seconds
2025-12-13 21:28:32,487 - INFO - Performing residual analysis...
2025-12-13 21:28:33,670 - INFO - Generating XAI explanations...
2025-12-13 21:28:33,672 - WARNING - Using 168 background data samples could cause slower run times. Consider using shap.sample(data, K) or shap.kmeans(data, K) to summarize the background as K samples.
2025-12-13 21:28:33,689 - INFO - num_full_subsets = 2
2025-12-13 21:28:33,723 - INFO - phi = [-0.32445198 -0.59729636 -0.60465011 -0.15702311]
2025-12-13 21:28:33,740 - INFO - num_full_subsets = 2
2025-12-13 21:28:33,774 - INFO - phi = [0.02306036 1.58661109 0.55671957 0.34553851]
2025-12-13 21:28:33,791 - INFO - num_full_subsets = 2
2025-12-13 21:28:33,825 - INFO - phi = [-0.34181131 -0.92122622 -0.01104124  0.28810115]
2025-12-13 21:28:33,841 - INFO - num_full_subsets = 2
2025-12-13 21:28:33,875 - INFO - phi = [-0.36946521 -0.83491452 -0.20719348 -0.05057666]
2025-12-13 21:28:33,892 - INFO - num_full_subsets = 2
2025-12-13 21:28:33,927 - INFO - phi = [ 0.35704492  0.07377769 -0.41828565 -0.21460494]
2025-12-13 21:28:33,944 - INFO - num_full_subsets = 2
2025-12-13 21:28:33,978 - INFO - phi = [ 0.152121    0.15339858 -0.21409034  0.31244614]
2025-12-13 21:28:33,995 - INFO - num_full_subsets = 2
2025-12-13 21:28:34,030 - INFO - phi = [-0.01916559  1.24154429  0.11144891  0.18889278]
2025-12-13 21:28:34,047 - INFO - num_full_subsets = 2
2025-12-13 21:28:34,081 - INFO - phi = [-0.37266432 -0.95534638 -0.17558735 -0.30336356]
2025-12-13 21:28:34,098 - INFO - num_full_subsets = 2
2025-12-13 21:28:34,133 - INFO - phi = [ 0.71209064 -0.16931214 -0.3605306   0.46870185]
2025-12-13 21:28:34,149 - INFO - num_full_subsets = 2
2025-12-13 21:28:34,184 - INFO - phi = [-0.31407658 -0.85504986 -0.33098533 -0.30203005]
2025-12-13 21:28:34,200 - INFO - num_full_subsets = 2
2025-12-13 21:28:34,235 - INFO - phi = [-0.13467903  0.61626486 -0.79321932  0.29378815]
2025-12-13 21:28:34,252 - INFO - num_full_subsets = 2
2025-12-13 21:28:34,286 - INFO - phi = [-0.37125845 -0.59938343  0.20252978 -0.80542653]
2025-12-13 21:28:34,302 - INFO - num_full_subsets = 2
2025-12-13 21:28:34,337 - INFO - phi = [-0.11916803 -0.38328756  0.89951618  0.79644481]
2025-12-13 21:28:34,353 - INFO - num_full_subsets = 2
2025-12-13 21:28:34,388 - INFO - phi = [0.61101058 0.12202018 1.08295791 0.71577752]
2025-12-13 21:28:34,404 - INFO - num_full_subsets = 2
2025-12-13 21:28:34,439 - INFO - phi = [-0.35975063 -0.42467086 -0.2194431  -0.18403289]
2025-12-13 21:28:34,455 - INFO - num_full_subsets = 2
2025-12-13 21:28:34,490 - INFO - phi = [-0.0660057   0.79701129 -0.35608082  0.15161183]
2025-12-13 21:28:34,507 - INFO - num_full_subsets = 2
2025-12-13 21:28:34,542 - INFO - phi = [-0.13771571  0.41118156 -0.27845225  0.47376669]
2025-12-13 21:28:34,558 - INFO - num_full_subsets = 2
2025-12-13 21:28:34,593 - INFO - phi = [ 0.46932546  0.61973635 -0.27372681  0.4371219 ]
2025-12-13 21:28:34,609 - INFO - num_full_subsets = 2
2025-12-13 21:28:34,644 - INFO - phi = [-0.26321045 -0.32596209  0.00749351  0.70629994]
2025-12-13 21:28:34,660 - INFO - num_full_subsets = 2
2025-12-13 21:28:34,695 - INFO - phi = [ 0.24508436  0.48595382 -0.45660107  0.59531897]
2025-12-13 21:28:34,711 - INFO - num_full_subsets = 2
2025-12-13 21:28:34,746 - INFO - phi = [-0.39893279 -1.30531193 -0.41973565  0.20214066]
2025-12-13 21:28:34,762 - INFO - num_full_subsets = 2
2025-12-13 21:28:34,797 - INFO - phi = [-0.34336804 -1.59718746  0.08069648  0.23133787]
2025-12-13 21:28:34,814 - INFO - num_full_subsets = 2
2025-12-13 21:28:34,849 - INFO - phi = [-0.3431558  -1.29393209  0.9987659  -0.86050382]
2025-12-13 21:28:34,865 - INFO - num_full_subsets = 2
2025-12-13 21:28:34,899 - INFO - phi = [-0.3255686  -1.18633531  1.27213093 -0.91352324]
2025-12-13 21:28:34,916 - INFO - num_full_subsets = 2
2025-12-13 21:28:34,951 - INFO - phi = [ 0.38749895 -0.11941018  0.19283662 -0.65238948]
2025-12-13 21:28:34,967 - INFO - num_full_subsets = 2
2025-12-13 21:28:35,002 - INFO - phi = [-0.36157812 -0.26991448  0.18860847 -0.71884109]
2025-12-13 21:28:35,019 - INFO - num_full_subsets = 2
2025-12-13 21:28:35,053 - INFO - phi = [-0.15327041  1.00629025 -0.28711714  0.64885173]
2025-12-13 21:28:35,070 - INFO - num_full_subsets = 2
2025-12-13 21:28:35,104 - INFO - phi = [-0.41679393 -1.12251239 -0.08875814  0.05814939]
2025-12-13 21:28:35,121 - INFO - num_full_subsets = 2
2025-12-13 21:28:35,156 - INFO - phi = [0.49288557 0.61889831 0.10635991 0.42221453]
2025-12-13 21:28:35,172 - INFO - num_full_subsets = 2
2025-12-13 21:28:35,206 - INFO - phi = [-0.34371403 -0.78655939 -0.02961689 -0.58412335]
2025-12-13 21:28:35,223 - INFO - num_full_subsets = 2
2025-12-13 21:28:35,258 - INFO - phi = [ 0.47656927  0.41200465  0.05863449 -0.31999101]
2025-12-13 21:28:35,275 - INFO - num_full_subsets = 2
2025-12-13 21:28:35,309 - INFO - phi = [ 0.29757353  0.3089761  -0.04747304  0.73984548]
2025-12-13 21:28:35,326 - INFO - num_full_subsets = 2
2025-12-13 21:28:35,361 - INFO - phi = [-0.12215134  0.89930537  0.18894489  0.68989719]
2025-12-13 21:28:35,377 - INFO - num_full_subsets = 2
2025-12-13 21:28:35,411 - INFO - phi = [ 0.37278913  0.53379168  0.17166199 -0.3988746 ]
2025-12-13 21:28:35,428 - INFO - num_full_subsets = 2
2025-12-13 21:28:35,462 - INFO - phi = [ 0.74530069 -0.10703515 -0.58356486  0.44540922]
2025-12-13 21:28:35,479 - INFO - num_full_subsets = 2
2025-12-13 21:28:35,513 - INFO - phi = [ 0.67040064  0.42829258 -0.44038604 -0.26070383]
2025-12-13 21:28:35,530 - INFO - num_full_subsets = 2
2025-12-13 21:28:35,564 - INFO - phi = [ 0.21224999  0.59284014 -0.01578215  0.56311399]
2025-12-13 21:28:35,581 - INFO - num_full_subsets = 2
2025-12-13 21:28:35,615 - INFO - phi = [-0.33885327 -1.18569695  1.17542002 -0.90807375]
2025-12-13 21:28:35,632 - INFO - num_full_subsets = 2
2025-12-13 21:28:35,666 - INFO - phi = [-0.12536393  0.25877349 -1.04179856  0.2026778 ]
2025-12-13 21:28:35,683 - INFO - num_full_subsets = 2
2025-12-13 21:28:35,717 - INFO - phi = [-0.26614694 -0.21514153  0.25141978 -0.38859255]
2025-12-13 21:28:35,734 - INFO - num_full_subsets = 2
2025-12-13 21:28:35,768 - INFO - phi = [-0.40427558 -1.31813653 -0.1011464  -0.02009342]
2025-12-13 21:28:35,785 - INFO - num_full_subsets = 2
2025-12-13 21:28:35,819 - INFO - phi = [-0.05834567  0.55055797 -0.15270935 -0.20829277]
2025-12-13 21:28:35,835 - INFO - num_full_subsets = 2
2025-12-13 21:28:35,870 - INFO - phi = [ 0.49406124  0.41319166 -0.26523575 -0.85963632]
2025-12-13 21:28:35,886 - INFO - num_full_subsets = 2
2025-12-13 21:28:35,921 - INFO - phi = [0.54321659 1.00537579 1.11146182 0.44136355]
2025-12-13 21:28:35,938 - INFO - num_full_subsets = 2
2025-12-13 21:28:35,972 - INFO - phi = [0.61721112 0.767042   0.76453535 0.32419699]
2025-12-13 21:28:35,989 - INFO - num_full_subsets = 2
2025-12-13 21:28:36,024 - INFO - phi = [-0.40621305 -0.82325748  0.00905075 -0.64436333]
2025-12-13 21:28:36,041 - INFO - num_full_subsets = 2
2025-12-13 21:28:36,075 - INFO - phi = [-0.35898166 -0.51992139 -0.12658963 -0.66139486]
2025-12-13 21:28:36,092 - INFO - num_full_subsets = 2
2025-12-13 21:28:36,126 - INFO - phi = [-0.12045332  0.42789093 -0.04906264  0.75291875]
2025-12-13 21:28:36,143 - INFO - num_full_subsets = 2
2025-12-13 21:28:36,177 - INFO - phi = [ 0.83078163  0.394283    0.02598359 -1.32747505]
2025-12-13 21:28:36,194 - INFO - num_full_subsets = 2
2025-12-13 21:28:36,229 - INFO - phi = [-0.10399513  0.93970192 -0.18892074  0.78257643]
2025-12-13 21:28:36,246 - INFO - num_full_subsets = 2
2025-12-13 21:28:36,281 - INFO - phi = [-0.31610108 -0.34342363 -0.36957306 -0.02652231]
2025-12-13 21:28:36,298 - INFO - num_full_subsets = 2
2025-12-13 21:28:36,332 - INFO - phi = [0.75259299 0.8114657  0.13472423 0.44679556]
2025-12-13 21:28:36,349 - INFO - num_full_subsets = 2
2025-12-13 21:28:36,384 - INFO - phi = [-0.37467412 -1.07342702 -0.08095315  0.12261588]
2025-12-13 21:28:36,400 - INFO - num_full_subsets = 2
2025-12-13 21:28:36,434 - INFO - phi = [-0.25231248 -0.81586384 -0.25889516 -0.45248029]
2025-12-13 21:28:36,451 - INFO - num_full_subsets = 2
2025-12-13 21:28:36,486 - INFO - phi = [ 0.21713279  0.36902035 -0.53796605  0.43966459]
2025-12-13 21:28:36,502 - INFO - num_full_subsets = 2
2025-12-13 21:28:36,537 - INFO - phi = [ 0.73756412  0.41306459 -0.1044281  -0.26064143]
2025-12-13 21:28:36,553 - INFO - num_full_subsets = 2
2025-12-13 21:28:36,588 - INFO - phi = [ 0.19233878  0.46456213 -0.25349324  0.46023997]
2025-12-13 21:28:36,605 - INFO - num_full_subsets = 2
2025-12-13 21:28:36,640 - INFO - phi = [0.24220892 1.04182306 0.50834923 0.33938863]
2025-12-13 21:28:36,657 - INFO - num_full_subsets = 2
2025-12-13 21:28:36,692 - INFO - phi = [ 0.03774879  0.85659513  0.53429683 -0.44918427]
2025-12-13 21:28:36,709 - INFO - num_full_subsets = 2
2025-12-13 21:28:36,744 - INFO - phi = [-0.17661499  0.08735761 -0.07240983  0.76308876]
2025-12-13 21:28:36,761 - INFO - num_full_subsets = 2
2025-12-13 21:28:36,796 - INFO - phi = [-0.15185494  0.82402292 -0.80623164  0.30943218]
2025-12-13 21:28:36,813 - INFO - num_full_subsets = 2
2025-12-13 21:28:36,847 - INFO - phi = [0.01895793 1.09962738 0.25084688 0.49514662]
2025-12-13 21:28:36,864 - INFO - num_full_subsets = 2
2025-12-13 21:28:36,898 - INFO - phi = [ 0.42354889  0.09483883 -0.15648263 -0.48595506]
2025-12-13 21:28:36,915 - INFO - num_full_subsets = 2
2025-12-13 21:28:36,950 - INFO - phi = [0.17936213 1.00599938 0.98006144 0.3714464 ]
2025-12-13 21:28:36,967 - INFO - num_full_subsets = 2
2025-12-13 21:28:37,002 - INFO - phi = [ 0.83278485  0.39971914 -0.25720474 -0.69907127]
2025-12-13 21:28:37,018 - INFO - num_full_subsets = 2
2025-12-13 21:28:37,053 - INFO - phi = [-0.4107788  -1.04278166 -0.06156468 -0.2568046 ]
2025-12-13 21:28:37,070 - INFO - num_full_subsets = 2
2025-12-13 21:28:37,104 - INFO - phi = [ 0.26478977  0.15239785 -0.62001374  0.08991242]
2025-12-13 21:28:37,121 - INFO - num_full_subsets = 2
2025-12-13 21:28:37,155 - INFO - phi = [-0.07551135  0.71229513  0.51542721  0.74183639]
2025-12-13 21:28:37,172 - INFO - num_full_subsets = 2
2025-12-13 21:28:37,207 - INFO - phi = [ 0.14734382  0.05903924 -0.70479879 -0.12241304]
2025-12-13 21:28:37,223 - INFO - num_full_subsets = 2
2025-12-13 21:28:37,257 - INFO - phi = [ 0.35704492  0.07377769 -0.41828565 -0.21460494]
2025-12-13 21:28:37,274 - INFO - num_full_subsets = 2
2025-12-13 21:28:37,307 - INFO - phi = [ 0.71937587 -0.07189564 -0.45005317  0.44650182]
2025-12-13 21:28:37,324 - INFO - num_full_subsets = 2
2025-12-13 21:28:37,358 - INFO - phi = [0.25752862 1.09273584 1.01029648 0.46217708]
2025-12-13 21:28:37,375 - INFO - num_full_subsets = 2
2025-12-13 21:28:37,410 - INFO - phi = [0.60999837 0.86889103 0.09412898 0.56713717]
2025-12-13 21:28:37,426 - INFO - num_full_subsets = 2
2025-12-13 21:28:37,460 - INFO - phi = [-0.41745231 -0.66749017 -0.10739457 -0.59677635]
2025-12-13 21:28:37,477 - INFO - num_full_subsets = 2
2025-12-13 21:28:37,511 - INFO - phi = [0.11607856 0.02585791 0.07209873 0.45961565]
2025-12-13 21:28:37,528 - INFO - num_full_subsets = 2
2025-12-13 21:28:37,563 - INFO - phi = [ 0.74205744 -0.3855175  -0.07253189  0.41865253]
2025-12-13 21:28:37,580 - INFO - num_full_subsets = 2
2025-12-13 21:28:37,615 - INFO - phi = [-0.28465496  0.50986345 -0.11970016  0.02736145]
2025-12-13 21:28:37,631 - INFO - num_full_subsets = 2
2025-12-13 21:28:37,666 - INFO - phi = [ 0.38707952  0.301508    0.23734657 -0.0489024 ]
2025-12-13 21:28:37,683 - INFO - num_full_subsets = 2
2025-12-13 21:28:37,718 - INFO - phi = [ 0.42327555  0.31500059 -0.62123064  0.53321819]
2025-12-13 21:28:37,734 - INFO - num_full_subsets = 2
2025-12-13 21:28:37,769 - INFO - phi = [-0.31743953 -0.52620938 -0.31643676 -0.66443615]
2025-12-13 21:28:37,785 - INFO - num_full_subsets = 2
2025-12-13 21:28:37,820 - INFO - phi = [-0.38779149 -0.64007478  0.08784237 -0.55199859]
2025-12-13 21:28:37,837 - INFO - num_full_subsets = 2
2025-12-13 21:28:37,871 - INFO - phi = [-0.2781346   0.09012259 -0.01033008  0.41861552]
2025-12-13 21:28:37,888 - INFO - num_full_subsets = 2
2025-12-13 21:28:37,924 - INFO - phi = [-0.09303299  1.08515098  1.25144547  0.32817905]
2025-12-13 21:28:37,940 - INFO - num_full_subsets = 2
2025-12-13 21:28:37,975 - INFO - phi = [-0.05607846  0.57747267  2.29346826 -0.93543715]
2025-12-13 21:28:37,992 - INFO - num_full_subsets = 2
2025-12-13 21:28:38,027 - INFO - phi = [-0.1542155   0.58807157 -0.04190706  0.87189123]
2025-12-13 21:28:38,044 - INFO - num_full_subsets = 2
2025-12-13 21:28:38,078 - INFO - phi = [-0.29463721  0.76896154 -0.28203703 -0.00817538]
2025-12-13 21:28:38,095 - INFO - num_full_subsets = 2
2025-12-13 21:28:38,130 - INFO - phi = [-0.33929317 -0.81413954 -0.63247975  0.34645622]
2025-12-13 21:28:38,147 - INFO - num_full_subsets = 2
2025-12-13 21:28:38,181 - INFO - phi = [-0.29043627  0.02771816 -0.20250015  0.2043031 ]
2025-12-13 21:28:38,198 - INFO - num_full_subsets = 2
2025-12-13 21:28:38,233 - INFO - phi = [-0.42630165 -0.77865723 -0.13427668 -0.54362584]
2025-12-13 21:28:38,249 - INFO - num_full_subsets = 2
2025-12-13 21:28:38,284 - INFO - phi = [-0.30651434 -0.81120316 -0.38174213 -0.31646603]
2025-12-13 21:28:38,301 - INFO - num_full_subsets = 2
2025-12-13 21:28:38,335 - INFO - phi = [-0.31108262 -0.12255609 -0.07761024  0.59094824]
2025-12-13 21:28:38,352 - INFO - num_full_subsets = 2
2025-12-13 21:28:38,386 - INFO - phi = [ 0.0737401   0.89817491 -0.16655828  0.44916084]
2025-12-13 21:28:38,402 - INFO - num_full_subsets = 2
2025-12-13 21:28:38,437 - INFO - phi = [-0.36875288 -1.36455953  0.6982137  -0.7956995 ]
2025-12-13 21:28:38,453 - INFO - num_full_subsets = 2
2025-12-13 21:28:38,488 - INFO - phi = [-0.34336804 -1.59718746  0.08069648  0.23133787]
2025-12-13 21:28:38,504 - INFO - num_full_subsets = 2
2025-12-13 21:28:38,539 - INFO - phi = [-0.35543128 -1.34125716 -0.24365102  0.34284474]
2025-12-13 21:28:38,556 - INFO - num_full_subsets = 2
2025-12-13 21:28:38,590 - INFO - phi = [-0.35531427 -0.67869417 -0.0145817  -0.68134537]
2025-12-13 21:28:38,607 - INFO - num_full_subsets = 2
2025-12-13 21:28:38,642 - INFO - phi = [ 0.47772226  0.00331949 -0.49014284  0.49400669]
2025-12-13 21:28:38,658 - INFO - num_full_subsets = 2
2025-12-13 21:28:38,692 - INFO - phi = [-0.34476278 -0.60355993 -0.31948863 -0.12997649]
2025-12-13 21:28:38,709 - INFO - num_full_subsets = 2
2025-12-13 21:28:38,743 - INFO - phi = [-0.1698309   0.95637705 -0.2128216   0.42781292]
2025-12-13 21:28:38,759 - INFO - num_full_subsets = 2
2025-12-13 21:28:38,794 - INFO - phi = [-0.37592444 -1.26531747 -0.10230005  0.19176776]
2025-12-13 21:28:38,811 - INFO - num_full_subsets = 2
2025-12-13 21:28:38,845 - INFO - phi = [ 0.70073934 -0.09875214  0.18873948 -1.00647155]
2025-12-13 21:28:38,862 - INFO - num_full_subsets = 2
2025-12-13 21:28:38,896 - INFO - phi = [-0.0584932   1.0033103   0.96723687  0.387297  ]
2025-12-13 21:28:38,913 - INFO - num_full_subsets = 2
2025-12-13 21:28:38,948 - INFO - phi = [ 0.74016681  0.65853662 -0.25999618  0.19070668]
2025-12-13 21:28:38,964 - INFO - num_full_subsets = 2
2025-12-13 21:28:38,998 - INFO - phi = [-0.42309004 -0.62888932 -0.12870471 -0.63408631]
2025-12-13 21:28:39,015 - INFO - num_full_subsets = 2
2025-12-13 21:28:39,050 - INFO - phi = [-0.38571947 -0.51962638  0.08477328 -0.85528611]
2025-12-13 21:28:39,066 - INFO - num_full_subsets = 2
2025-12-13 21:28:39,101 - INFO - phi = [-0.43037452 -0.97149395 -0.05960552 -0.35799631]
2025-12-13 21:28:39,118 - INFO - num_full_subsets = 2
2025-12-13 21:28:39,153 - INFO - phi = [ 0.76249917  0.29503842 -0.16077419 -1.10900863]
2025-12-13 21:28:39,169 - INFO - num_full_subsets = 2
2025-12-13 21:28:39,204 - INFO - phi = [-0.30284327 -0.44662784 -0.07995196  0.63725014]
2025-12-13 21:28:39,221 - INFO - num_full_subsets = 2
2025-12-13 21:28:39,256 - INFO - phi = [-0.20364632  0.60831948 -0.26224571  0.55922242]
2025-12-13 21:28:39,273 - INFO - num_full_subsets = 2
2025-12-13 21:28:39,307 - INFO - phi = [-0.07529913  0.56147025 -0.26754819  0.70136244]
2025-12-13 21:28:39,324 - INFO - num_full_subsets = 2
2025-12-13 21:28:39,359 - INFO - phi = [ 0.45286802  0.60037407 -0.76651832  0.14373129]
2025-12-13 21:28:39,375 - INFO - num_full_subsets = 2
2025-12-13 21:28:39,410 - INFO - phi = [-0.36741496 -1.17463439 -0.36614339 -0.015668  ]
2025-12-13 21:28:39,426 - INFO - num_full_subsets = 2
2025-12-13 21:28:39,461 - INFO - phi = [-0.30325311 -0.62779859 -0.36940891 -0.5065643 ]
2025-12-13 21:28:39,478 - INFO - num_full_subsets = 2
2025-12-13 21:28:39,512 - INFO - phi = [-0.12022942  1.21796508  0.64226826  0.34244778]
2025-12-13 21:28:39,529 - INFO - num_full_subsets = 2
2025-12-13 21:28:39,563 - INFO - phi = [-0.09660781  0.63109699 -0.28823585 -0.28418533]
2025-12-13 21:28:39,580 - INFO - num_full_subsets = 2
2025-12-13 21:28:39,614 - INFO - phi = [0.71208212 0.70080947 1.12640261 0.51039722]
2025-12-13 21:28:39,631 - INFO - num_full_subsets = 2
2025-12-13 21:28:39,666 - INFO - phi = [-0.35506301 -1.03951111 -0.03892173 -0.31493696]
2025-12-13 21:28:39,683 - INFO - num_full_subsets = 2
2025-12-13 21:28:39,717 - INFO - phi = [-0.26944546 -0.36478614  0.20606812 -0.18905928]
2025-12-13 21:28:39,733 - INFO - num_full_subsets = 2
2025-12-13 21:28:39,767 - INFO - phi = [ 0.13657391  0.096223   -0.26366613 -0.15428993]
2025-12-13 21:28:39,784 - INFO - num_full_subsets = 2
2025-12-13 21:28:39,818 - INFO - phi = [ 0.70353217  0.46243064 -0.07012934 -0.84191828]
2025-12-13 21:28:39,835 - INFO - num_full_subsets = 2
2025-12-13 21:28:39,869 - INFO - phi = [-0.12536393  0.25877349 -1.04179856  0.2026778 ]
2025-12-13 21:28:39,886 - INFO - num_full_subsets = 2
2025-12-13 21:28:39,920 - INFO - phi = [-0.42468435 -1.45523386 -0.08878033  0.09809437]
2025-12-13 21:28:39,937 - INFO - num_full_subsets = 2
2025-12-13 21:28:39,971 - INFO - phi = [ 0.19083113  0.89443764 -0.09145939  0.76550053]
2025-12-13 21:28:39,988 - INFO - num_full_subsets = 2
2025-12-13 21:28:40,022 - INFO - phi = [-0.3656238  -0.88184077 -0.11477009 -0.39059068]
2025-12-13 21:28:40,039 - INFO - num_full_subsets = 2
2025-12-13 21:28:40,074 - INFO - phi = [-0.19089335  0.46799231  0.62483994 -1.10407598]
2025-12-13 21:28:40,091 - INFO - num_full_subsets = 2
2025-12-13 21:28:40,125 - INFO - phi = [ 0.19988699  0.5061709  -0.26329764 -0.16379406]
2025-12-13 21:28:40,142 - INFO - num_full_subsets = 2
2025-12-13 21:28:40,176 - INFO - phi = [-0.3471627   0.24988022 -0.21979107 -0.86602994]
2025-12-13 21:28:40,193 - INFO - num_full_subsets = 2
2025-12-13 21:28:40,227 - INFO - phi = [-0.21816805  0.48677186  0.27028522  0.11853885]
2025-12-13 21:28:40,243 - INFO - num_full_subsets = 2
2025-12-13 21:28:40,278 - INFO - phi = [-0.42551838 -1.08455271 -0.07103693 -0.16023022]
2025-12-13 21:28:40,294 - INFO - num_full_subsets = 2
2025-12-13 21:28:40,328 - INFO - phi = [-0.08896778  0.62634218 -0.23722994  0.49647888]
2025-12-13 21:28:40,345 - INFO - num_full_subsets = 2
2025-12-13 21:28:40,379 - INFO - phi = [-0.15460736  0.29784199 -0.93358523  0.01199347]
2025-12-13 21:28:40,395 - INFO - num_full_subsets = 2
2025-12-13 21:28:40,429 - INFO - phi = [-0.2642501  -1.15608561  0.51664396  0.5138954 ]
2025-12-13 21:28:40,446 - INFO - num_full_subsets = 2
2025-12-13 21:28:40,480 - INFO - phi = [-0.14998286 -0.32386085 -1.17914935 -0.0457844 ]
2025-12-13 21:28:40,497 - INFO - num_full_subsets = 2
2025-12-13 21:28:40,531 - INFO - phi = [ 0.49389402 -0.14449342  0.80634576 -0.64937138]
2025-12-13 21:28:40,548 - INFO - num_full_subsets = 2
2025-12-13 21:28:40,582 - INFO - phi = [-0.41730462 -0.37620229 -0.18367412 -0.93818332]
2025-12-13 21:28:40,598 - INFO - num_full_subsets = 2
2025-12-13 21:28:40,633 - INFO - phi = [ 0.61306281  0.47897005 -0.22154606 -0.31439807]
2025-12-13 21:28:40,650 - INFO - num_full_subsets = 2
2025-12-13 21:28:40,684 - INFO - phi = [-0.03340434  0.65120987  0.40992734 -0.89529023]
2025-12-13 21:28:40,701 - INFO - num_full_subsets = 2
2025-12-13 21:28:40,735 - INFO - phi = [-0.42721071 -1.03843693 -0.06289377 -0.28912698]
2025-12-13 21:28:40,752 - INFO - num_full_subsets = 2
2025-12-13 21:28:40,787 - INFO - phi = [ 0.42246501  0.67641555 -0.00733754  0.40993041]
2025-12-13 21:28:40,803 - INFO - num_full_subsets = 2
2025-12-13 21:28:40,838 - INFO - phi = [-0.05915532  0.87403791  0.58072579  0.71924947]
2025-12-13 21:28:40,855 - INFO - num_full_subsets = 2
2025-12-13 21:28:40,889 - INFO - phi = [-0.029853    1.01382611 -0.2065375   0.75616733]
2025-12-13 21:28:40,906 - INFO - num_full_subsets = 2
2025-12-13 21:28:40,940 - INFO - phi = [-0.09485186  0.82559069 -0.15032695 -0.30996754]
2025-12-13 21:28:40,957 - INFO - num_full_subsets = 2
2025-12-13 21:28:40,991 - INFO - phi = [0.02229655 0.33469435 0.2962408  0.38380569]
2025-12-13 21:28:41,008 - INFO - num_full_subsets = 2
2025-12-13 21:28:41,042 - INFO - phi = [0.22592161 1.05779612 1.03152302 0.62610777]
2025-12-13 21:28:41,059 - INFO - num_full_subsets = 2
2025-12-13 21:28:41,093 - INFO - phi = [ 0.64026174  0.48739019 -0.16510303 -0.13682345]
2025-12-13 21:28:41,110 - INFO - num_full_subsets = 2
2025-12-13 21:28:41,144 - INFO - phi = [-0.10253088  0.72518911  0.84610683  0.16397059]
2025-12-13 21:28:41,161 - INFO - num_full_subsets = 2
2025-12-13 21:28:41,195 - INFO - phi = [-0.38400428 -1.1866531  -0.14084409 -0.13824623]
2025-12-13 21:28:41,212 - INFO - num_full_subsets = 2
2025-12-13 21:28:41,247 - INFO - phi = [-0.40038672 -0.91280992 -0.1677075  -0.16220284]
2025-12-13 21:28:41,263 - INFO - num_full_subsets = 2
2025-12-13 21:28:41,298 - INFO - phi = [-0.30762016 -1.39974247  0.64800902 -0.7290118 ]
2025-12-13 21:28:41,314 - INFO - num_full_subsets = 2
2025-12-13 21:28:41,348 - INFO - phi = [ 0.953263    0.38404866 -0.00894458 -1.0548786 ]
2025-12-13 21:28:41,365 - INFO - num_full_subsets = 2
2025-12-13 21:28:41,400 - INFO - phi = [-0.3852429  -0.90791675 -0.08738901 -0.49801373]
2025-12-13 21:28:41,416 - INFO - num_full_subsets = 2
2025-12-13 21:28:41,450 - INFO - phi = [-0.40069796 -1.18933598 -0.05967064 -0.17926907]
2025-12-13 21:28:41,467 - INFO - num_full_subsets = 2
2025-12-13 21:28:41,502 - INFO - phi = [-0.34001608 -0.85339613  0.03165228 -0.6488383 ]
2025-12-13 21:28:41,518 - INFO - num_full_subsets = 2
2025-12-13 21:28:41,552 - INFO - phi = [0.080695   0.9079743  1.28163754 0.35484759]
2025-12-13 21:28:41,568 - INFO - num_full_subsets = 2
2025-12-13 21:28:41,603 - INFO - phi = [-0.06940029  0.70225706 -0.0477057   0.75907182]
2025-12-13 21:28:41,619 - INFO - num_full_subsets = 2
2025-12-13 21:28:41,653 - INFO - phi = [ 0.88382479  0.37619393 -0.41610426 -0.5475913 ]
2025-12-13 21:28:41,670 - INFO - num_full_subsets = 2
2025-12-13 21:28:41,705 - INFO - phi = [ 0.5851173  -0.20262039  0.58967419 -0.3213386 ]
2025-12-13 21:28:41,722 - INFO - num_full_subsets = 2
2025-12-13 21:28:41,757 - INFO - phi = [0.02726368 0.89091009 0.83593092 0.69869069]
2025-12-13 21:28:41,774 - INFO - num_full_subsets = 2
2025-12-13 21:28:41,809 - INFO - phi = [ 0.01951171  0.63839701 -0.34190981  0.62048036]
2025-12-13 21:28:41,825 - INFO - num_full_subsets = 2
2025-12-13 21:28:41,860 - INFO - phi = [-0.16581564  0.53941398 -0.51972003 -0.02263561]
2025-12-13 21:28:41,877 - INFO - num_full_subsets = 2
2025-12-13 21:28:41,911 - INFO - phi = [ 0.14734382  0.05903924 -0.70479879 -0.12241304]
2025-12-13 21:28:41,928 - INFO - num_full_subsets = 2
2025-12-13 21:28:41,963 - INFO - phi = [-0.39355939 -1.18060798 -0.28870892  0.23812418]
2025-12-13 21:28:41,980 - INFO - num_full_subsets = 2
2025-12-13 21:28:42,015 - INFO - phi = [-0.38792548 -0.73269286 -0.08401876 -0.43667292]
2025-12-13 21:28:42,032 - INFO - num_full_subsets = 2
2025-12-13 21:28:42,067 - INFO - phi = [-0.23273889  0.90464612 -0.1243421   0.86702583]
2025-12-13 21:28:42,083 - INFO - num_full_subsets = 2
2025-12-13 21:28:42,118 - INFO - phi = [ 0.3029237   0.35320849 -0.19813582 -0.40696434]
2025-12-13 21:28:42,135 - INFO - num_full_subsets = 2
2025-12-13 21:28:42,169 - INFO - phi = [0.81179485 0.12421843 0.48835535 0.53245386]
2025-12-13 21:28:42,186 - INFO - num_full_subsets = 2
2025-12-13 21:28:42,220 - INFO - phi = [-0.40479324 -1.35361003 -0.32163154  0.23614771]
2025-12-13 21:28:42,237 - INFO - num_full_subsets = 2
2025-12-13 21:28:42,271 - INFO - phi = [-0.35327371 -0.75593068 -0.30814773  0.06993341]
2025-12-13 21:28:42,785 - INFO - Computing feature importance...
2025-12-13 21:28:43,637 - INFO - Experiment completed for SVM
2025-12-13 21:28:43,637 - INFO - Total time: 24.78s (0.41 min)
2025-12-13 21:28:43,638 - INFO - Starting comprehensive experiment for SVM
2025-12-13 21:28:51,453 - INFO - Performing feature analysis...
2025-12-13 21:28:52,620 - INFO - Model justification: Effective for high-dimensional spaces and non-linear relationships using kernel trick
2025-12-13 21:28:52,620 - INFO - Performing robust cross-validation...
2025-12-13 21:28:52,802 - INFO - CV Results - MSE: 1.6791 ± 0.2342
2025-12-13 21:28:52,802 - INFO - Starting hyperparameter optimization...
2025-12-13 21:28:57,024 - INFO - Best parameters for SVM: {'C': 16.39583852803689, 'epsilon': 0.01857325399620039, 'kernel': 'rbf'}
2025-12-13 21:28:57,024 - INFO - ⏱️ HPO took 4.22 seconds
2025-12-13 21:28:57,024 - INFO - Training final model...
2025-12-13 21:28:57,047 - INFO - ⏱️ Training took 0.02 seconds
2025-12-13 21:28:57,047 - INFO - Performing residual analysis...
2025-12-13 21:28:58,070 - INFO - Generating XAI explanations...
2025-12-13 21:28:58,072 - WARNING - Using 168 background data samples could cause slower run times. Consider using shap.sample(data, K) or shap.kmeans(data, K) to summarize the background as K samples.
2025-12-13 21:28:58,090 - INFO - num_full_subsets = 2
2025-12-13 21:28:58,127 - INFO - phi = [ 0.33384414  0.77156667 -0.51490878  0.291161  ]
2025-12-13 21:28:58,143 - INFO - num_full_subsets = 2
2025-12-13 21:28:58,179 - INFO - phi = [-0.35878679 -1.20737062 -0.18511907 -0.09069174]
2025-12-13 21:28:58,196 - INFO - num_full_subsets = 2
2025-12-13 21:28:58,232 - INFO - phi = [-0.08852062  1.01266454 -0.176709    0.71193398]
2025-12-13 21:28:58,249 - INFO - num_full_subsets = 2
2025-12-13 21:28:58,285 - INFO - phi = [-0.26829978 -0.43114701 -0.20897278 -0.92923706]
2025-12-13 21:28:58,302 - INFO - num_full_subsets = 2
2025-12-13 21:28:58,339 - INFO - phi = [-0.35878679 -1.20737062 -0.18511907 -0.09069174]
2025-12-13 21:28:58,356 - INFO - num_full_subsets = 2
2025-12-13 21:28:58,392 - INFO - phi = [-0.31869735 -1.00093104 -0.21297497  0.36040707]
2025-12-13 21:28:58,409 - INFO - num_full_subsets = 2
2025-12-13 21:28:58,446 - INFO - phi = [-0.05563117  0.85877767 -0.47342958  0.5341752 ]
2025-12-13 21:28:58,462 - INFO - num_full_subsets = 2
2025-12-13 21:28:58,498 - INFO - phi = [-0.14857272 -0.62370686 -1.11788762  0.40255897]
2025-12-13 21:28:58,515 - INFO - num_full_subsets = 2
2025-12-13 21:28:58,552 - INFO - phi = [-0.2617774  -1.01485526  0.83541334 -1.0354593 ]
2025-12-13 21:28:58,568 - INFO - num_full_subsets = 2
2025-12-13 21:28:58,604 - INFO - phi = [-0.3996624  -1.26169664 -0.16954715  0.15922436]
2025-12-13 21:28:58,621 - INFO - num_full_subsets = 2
2025-12-13 21:28:58,658 - INFO - phi = [-0.2691509  -0.41913617 -0.20755751  0.62355729]
2025-12-13 21:28:58,674 - INFO - num_full_subsets = 2
2025-12-13 21:28:58,711 - INFO - phi = [0.27126863 0.87932548 0.25199915 0.56609719]
2025-12-13 21:28:58,728 - INFO - num_full_subsets = 2
2025-12-13 21:28:58,764 - INFO - phi = [-0.27027746 -0.0856433  -0.21588438  0.58226049]
2025-12-13 21:28:58,781 - INFO - num_full_subsets = 2
2025-12-13 21:28:58,818 - INFO - phi = [-0.06108989  0.79840121 -0.22868944  0.61691342]
2025-12-13 21:28:58,834 - INFO - num_full_subsets = 2
2025-12-13 21:28:58,870 - INFO - phi = [ 0.09014538  0.27844843 -0.10237702  0.21805103]
2025-12-13 21:28:58,887 - INFO - num_full_subsets = 2
2025-12-13 21:28:58,923 - INFO - phi = [-0.20088417  0.69698048 -0.08568597  0.23261032]
2025-12-13 21:28:58,940 - INFO - num_full_subsets = 2
2025-12-13 21:28:58,977 - INFO - phi = [-0.39485985 -1.16806589 -0.18890962  0.2535542 ]
2025-12-13 21:28:58,993 - INFO - num_full_subsets = 2
2025-12-13 21:28:59,029 - INFO - phi = [-0.23691677  0.78487029 -0.18705194 -0.44392408]
2025-12-13 21:28:59,046 - INFO - num_full_subsets = 2
2025-12-13 21:28:59,082 - INFO - phi = [ 0.33006231 -0.12988344 -0.17520931  0.52118593]
2025-12-13 21:28:59,099 - INFO - num_full_subsets = 2
2025-12-13 21:28:59,136 - INFO - phi = [0.28507206 0.554757   0.07720519 0.87293862]
2025-12-13 21:28:59,153 - INFO - num_full_subsets = 2
2025-12-13 21:28:59,189 - INFO - phi = [-0.38172396 -0.92420813 -0.01092936 -0.23719055]
2025-12-13 21:28:59,206 - INFO - num_full_subsets = 2
2025-12-13 21:28:59,242 - INFO - phi = [-0.12795368  0.44225573 -0.46586449  0.40031052]
2025-12-13 21:28:59,259 - INFO - num_full_subsets = 2
2025-12-13 21:28:59,295 - INFO - phi = [-0.29972169 -0.55920019 -0.01015205 -0.55711232]
2025-12-13 21:28:59,312 - INFO - num_full_subsets = 2
2025-12-13 21:28:59,348 - INFO - phi = [-0.16381721 -0.85733862 -0.22384199 -0.6463622 ]
2025-12-13 21:28:59,365 - INFO - num_full_subsets = 2
2025-12-13 21:28:59,401 - INFO - phi = [-0.16836206  0.2850642  -0.4364699   0.07339207]
2025-12-13 21:28:59,418 - INFO - num_full_subsets = 2
2025-12-13 21:28:59,455 - INFO - phi = [-0.31978877 -0.91825753 -0.16131576 -0.50949161]
2025-12-13 21:28:59,471 - INFO - num_full_subsets = 2
2025-12-13 21:28:59,507 - INFO - phi = [-0.25053796 -1.03817514  0.605445   -0.90778586]
2025-12-13 21:28:59,524 - INFO - num_full_subsets = 2
2025-12-13 21:28:59,561 - INFO - phi = [-0.05100911  1.01050053 -0.03887752  0.82687091]
2025-12-13 21:28:59,578 - INFO - num_full_subsets = 2
2025-12-13 21:28:59,615 - INFO - phi = [-0.24308588 -0.57177987 -0.11891462 -0.73242446]
2025-12-13 21:28:59,631 - INFO - num_full_subsets = 2
2025-12-13 21:28:59,667 - INFO - phi = [-0.10355328  0.583405    1.01789954 -0.17312449]
2025-12-13 21:28:59,685 - INFO - num_full_subsets = 2
2025-12-13 21:28:59,721 - INFO - phi = [-0.21857223 -0.35517342  1.16407691  0.61221468]
2025-12-13 21:28:59,738 - INFO - num_full_subsets = 2
2025-12-13 21:28:59,775 - INFO - phi = [-0.3794828  -1.00979845 -0.03861391 -0.24349148]
2025-12-13 21:28:59,791 - INFO - num_full_subsets = 2
2025-12-13 21:28:59,828 - INFO - phi = [-0.21496688  0.76015135 -0.22271224  0.23825755]
2025-12-13 21:28:59,844 - INFO - num_full_subsets = 2
2025-12-13 21:28:59,881 - INFO - phi = [-0.01321636  0.45946358  0.54674308 -0.9416505 ]
2025-12-13 21:28:59,898 - INFO - num_full_subsets = 2
2025-12-13 21:28:59,934 - INFO - phi = [-0.38926676 -1.1072548  -0.02038056 -0.16737329]
2025-12-13 21:28:59,950 - INFO - num_full_subsets = 2
2025-12-13 21:28:59,987 - INFO - phi = [-0.16160096  0.7493528  -0.29939604  0.27128553]
2025-12-13 21:29:00,004 - INFO - num_full_subsets = 2
2025-12-13 21:29:00,041 - INFO - phi = [-0.10634398 -0.17858617 -0.17498488  0.57474615]
2025-12-13 21:29:00,058 - INFO - num_full_subsets = 2
2025-12-13 21:29:00,095 - INFO - phi = [-0.1976144  -0.8127536   0.04121795 -0.78663259]
2025-12-13 21:29:00,112 - INFO - num_full_subsets = 2
2025-12-13 21:29:00,148 - INFO - phi = [-0.21765993 -0.43217421 -0.68491718  0.1551943 ]
2025-12-13 21:29:00,165 - INFO - num_full_subsets = 2
2025-12-13 21:29:00,201 - INFO - phi = [-0.15561065 -0.32469006  0.35349369  0.26986972]
2025-12-13 21:29:00,219 - INFO - num_full_subsets = 2
2025-12-13 21:29:00,255 - INFO - phi = [0.45401342 0.81425257 0.01570692 0.6785013 ]
2025-12-13 21:29:00,271 - INFO - num_full_subsets = 2
2025-12-13 21:29:00,308 - INFO - phi = [-0.35234651 -0.79479217 -0.21093661 -0.52674042]
2025-12-13 21:29:00,325 - INFO - num_full_subsets = 2
2025-12-13 21:29:00,362 - INFO - phi = [ 0.22394171  0.50266174 -0.22962435  0.21303304]
2025-12-13 21:29:00,378 - INFO - num_full_subsets = 2
2025-12-13 21:29:00,415 - INFO - phi = [ 0.71490413  0.02662878  0.50619907 -0.69733903]
2025-12-13 21:29:00,432 - INFO - num_full_subsets = 2
2025-12-13 21:29:00,468 - INFO - phi = [-0.0340748   0.8965277  -0.11042316  0.33522949]
2025-12-13 21:29:00,485 - INFO - num_full_subsets = 2
2025-12-13 21:29:00,521 - INFO - phi = [-0.29200539 -0.6540038  -0.12615934 -0.26207771]
2025-12-13 21:29:00,538 - INFO - num_full_subsets = 2
2025-12-13 21:29:00,574 - INFO - phi = [0.5655621  0.44752328 0.04407718 0.19551647]
2025-12-13 21:29:00,590 - INFO - num_full_subsets = 2
2025-12-13 21:29:00,626 - INFO - phi = [-0.22941769  1.01995415  1.21900568  0.46102985]
2025-12-13 21:29:00,643 - INFO - num_full_subsets = 2
2025-12-13 21:29:00,679 - INFO - phi = [-0.28008037  0.71033998 -0.36131541 -0.54608843]
2025-12-13 21:29:00,696 - INFO - num_full_subsets = 2
2025-12-13 21:29:00,732 - INFO - phi = [ 1.08386634  0.40166642 -0.03414194 -1.18740336]
2025-12-13 21:29:00,749 - INFO - num_full_subsets = 2
2025-12-13 21:29:00,785 - INFO - phi = [-0.32780933  0.57253127  1.02441155  0.61310937]
2025-12-13 21:29:00,801 - INFO - num_full_subsets = 2
2025-12-13 21:29:00,838 - INFO - phi = [-0.35826336 -0.85216481 -0.14352198 -0.14016755]
2025-12-13 21:29:00,855 - INFO - num_full_subsets = 2
2025-12-13 21:29:00,891 - INFO - phi = [-0.12375057  0.39372209 -0.73770585  0.25172417]
2025-12-13 21:29:00,907 - INFO - num_full_subsets = 2
2025-12-13 21:29:00,943 - INFO - phi = [ 0.02541923  0.24349441 -0.0633347   0.40539125]
2025-12-13 21:29:00,960 - INFO - num_full_subsets = 2
2025-12-13 21:29:00,996 - INFO - phi = [0.40863627 0.15285635 0.11255623 0.70995548]
2025-12-13 21:29:01,013 - INFO - num_full_subsets = 2
2025-12-13 21:29:01,049 - INFO - phi = [-0.17871965 -0.83949485 -0.16720805 -0.72874975]
2025-12-13 21:29:01,066 - INFO - num_full_subsets = 2
2025-12-13 21:29:01,102 - INFO - phi = [-0.14549115  0.1452362   0.00726877  0.52656367]
2025-12-13 21:29:01,118 - INFO - num_full_subsets = 2
2025-12-13 21:29:01,155 - INFO - phi = [ 0.00204172  0.9909369  -0.37387385  0.50899398]
2025-12-13 21:29:01,171 - INFO - num_full_subsets = 2
2025-12-13 21:29:01,208 - INFO - phi = [ 1.17936961 -0.03698012  0.0444535  -1.1706727 ]
2025-12-13 21:29:01,224 - INFO - num_full_subsets = 2
2025-12-13 21:29:01,260 - INFO - phi = [-0.01675412  1.1580307   0.80497958  0.43711311]
2025-12-13 21:29:01,277 - INFO - num_full_subsets = 2
2025-12-13 21:29:01,314 - INFO - phi = [ 0.50953842  0.2593962  -0.10520986  0.63653289]
2025-12-13 21:29:01,330 - INFO - num_full_subsets = 2
2025-12-13 21:29:01,366 - INFO - phi = [-3.13424376e-01 -7.63940820e-01  1.77883040e-04 -4.24757702e-01]
2025-12-13 21:29:01,383 - INFO - num_full_subsets = 2
2025-12-13 21:29:01,419 - INFO - phi = [ 0.50953842  0.2593962  -0.10520986  0.63653289]
2025-12-13 21:29:01,435 - INFO - num_full_subsets = 2
2025-12-13 21:29:01,472 - INFO - phi = [-0.19212361 -0.81781462 -0.08360125 -0.67262418]
2025-12-13 21:29:01,488 - INFO - num_full_subsets = 2
2025-12-13 21:29:01,525 - INFO - phi = [-0.35664354 -1.12727145 -0.20209696 -0.0618711 ]
2025-12-13 21:29:01,541 - INFO - num_full_subsets = 2
2025-12-13 21:29:01,578 - INFO - phi = [-0.02193081  0.69974764  1.15025638 -2.57348334]
2025-12-13 21:29:01,594 - INFO - num_full_subsets = 2
2025-12-13 21:29:01,631 - INFO - phi = [-0.18401949  0.36723763 -0.51469023  0.44656548]
2025-12-13 21:29:01,648 - INFO - num_full_subsets = 2
2025-12-13 21:29:01,685 - INFO - phi = [ 1.31375157  0.35949963 -0.0605838  -0.54832941]
2025-12-13 21:29:01,702 - INFO - num_full_subsets = 2
2025-12-13 21:29:01,739 - INFO - phi = [-0.17697236 -1.12455973  0.07116785 -0.31302324]
2025-12-13 21:29:01,755 - INFO - num_full_subsets = 2
2025-12-13 21:29:01,792 - INFO - phi = [-0.3125778  -0.81911777 -0.04121794 -0.50160509]
2025-12-13 21:29:01,809 - INFO - num_full_subsets = 2
2025-12-13 21:29:01,845 - INFO - phi = [0.02494722 0.74272622 0.33697724 0.32771553]
2025-12-13 21:29:01,862 - INFO - num_full_subsets = 2
2025-12-13 21:29:01,898 - INFO - phi = [ 0.22987996  0.40968797  0.24847956 -1.3211783 ]
2025-12-13 21:29:01,915 - INFO - num_full_subsets = 2
2025-12-13 21:29:01,952 - INFO - phi = [-0.02303029  0.41213992  0.8829054   0.36588683]
2025-12-13 21:29:01,968 - INFO - num_full_subsets = 2
2025-12-13 21:29:02,004 - INFO - phi = [-0.00265033  0.58867474  0.17425762  0.35071686]
2025-12-13 21:29:02,021 - INFO - num_full_subsets = 2
2025-12-13 21:29:02,058 - INFO - phi = [0.28507206 0.554757   0.07720519 0.87293862]
2025-12-13 21:29:02,075 - INFO - num_full_subsets = 2
2025-12-13 21:29:02,112 - INFO - phi = [ 0.11431602  0.35596467  0.70231236 -0.5324192 ]
2025-12-13 21:29:02,129 - INFO - num_full_subsets = 2
2025-12-13 21:29:02,165 - INFO - phi = [ 1.3449066   0.16728001 -0.09375869 -0.9987928 ]
2025-12-13 21:29:02,182 - INFO - num_full_subsets = 2
2025-12-13 21:29:02,218 - INFO - phi = [-0.08464519  0.74460777  0.03514891 -0.2121904 ]
2025-12-13 21:29:02,235 - INFO - num_full_subsets = 2
2025-12-13 21:29:02,272 - INFO - phi = [-0.34699075 -1.29061126 -0.17824264  0.10858871]
2025-12-13 21:29:02,288 - INFO - num_full_subsets = 2
2025-12-13 21:29:02,325 - INFO - phi = [-0.06678521 -0.94369854  1.16392032  1.01518757]
2025-12-13 21:29:02,342 - INFO - num_full_subsets = 2
2025-12-13 21:29:02,378 - INFO - phi = [-0.29958711 -0.65966543 -0.00658828 -0.60274433]
2025-12-13 21:29:02,395 - INFO - num_full_subsets = 2
2025-12-13 21:29:02,431 - INFO - phi = [ 0.03131069  1.01552767 -0.20950502  0.57553046]
2025-12-13 21:29:02,448 - INFO - num_full_subsets = 2
2025-12-13 21:29:02,484 - INFO - phi = [-0.3376268  -0.96355328 -0.06028913 -0.31241623]
2025-12-13 21:29:02,501 - INFO - num_full_subsets = 2
2025-12-13 21:29:02,537 - INFO - phi = [-0.14196361 -0.16719045 -1.04499191  0.13868372]
2025-12-13 21:29:02,554 - INFO - num_full_subsets = 2
2025-12-13 21:29:02,591 - INFO - phi = [-0.3386614  -0.82930901 -0.1120574  -0.42460341]
2025-12-13 21:29:02,607 - INFO - num_full_subsets = 2
2025-12-13 21:29:02,644 - INFO - phi = [-0.12095859  0.04317806 -0.64128005 -0.33202429]
2025-12-13 21:29:02,660 - INFO - num_full_subsets = 2
2025-12-13 21:29:02,697 - INFO - phi = [0.48391345 1.01801549 0.46430732 0.62737225]
2025-12-13 21:29:02,714 - INFO - num_full_subsets = 2
2025-12-13 21:29:02,750 - INFO - phi = [ 0.32432101 -0.33336382 -0.24625445  0.3818997 ]
2025-12-13 21:29:02,767 - INFO - num_full_subsets = 2
2025-12-13 21:29:02,803 - INFO - phi = [-0.40013199 -1.12397786 -0.01817135 -0.07161913]
2025-12-13 21:29:02,820 - INFO - num_full_subsets = 2
2025-12-13 21:29:02,856 - INFO - phi = [-0.29288841 -0.25652364 -0.27626954 -1.12867947]
2025-12-13 21:29:02,873 - INFO - num_full_subsets = 2
2025-12-13 21:29:02,910 - INFO - phi = [-0.29229235 -0.91410373 -0.21767453  0.37685492]
2025-12-13 21:29:02,926 - INFO - num_full_subsets = 2
2025-12-13 21:29:02,962 - INFO - phi = [-0.29518824 -0.76798218 -0.52307375  0.38481508]
2025-12-13 21:29:02,979 - INFO - num_full_subsets = 2
2025-12-13 21:29:03,017 - INFO - phi = [-0.28021538 -0.76151579 -0.0175389  -0.33172359]
2025-12-13 21:29:03,033 - INFO - num_full_subsets = 2
2025-12-13 21:29:03,070 - INFO - phi = [-0.24948519  0.87989838 -0.32503042  0.05566914]
2025-12-13 21:29:03,087 - INFO - num_full_subsets = 2
2025-12-13 21:29:03,123 - INFO - phi = [-0.07665762  0.66865181 -0.19403395  0.6707007 ]
2025-12-13 21:29:03,140 - INFO - num_full_subsets = 2
2025-12-13 21:29:03,177 - INFO - phi = [-0.10127065 -1.04430029  0.99745787 -1.02183972]
2025-12-13 21:29:03,194 - INFO - num_full_subsets = 2
2025-12-13 21:29:03,231 - INFO - phi = [-0.32280894 -0.39350715 -0.01282735 -0.06272548]
2025-12-13 21:29:03,247 - INFO - num_full_subsets = 2
2025-12-13 21:29:03,283 - INFO - phi = [ 0.05883848  0.05104803  1.73520068 -1.31190183]
2025-12-13 21:29:03,300 - INFO - num_full_subsets = 2
2025-12-13 21:29:03,336 - INFO - phi = [-0.42889611 -1.46633596 -0.24115885  0.18496021]
2025-12-13 21:29:03,353 - INFO - num_full_subsets = 2
2025-12-13 21:29:03,390 - INFO - phi = [-0.27296063 -0.93691274 -0.35577583 -0.23203855]
2025-12-13 21:29:03,407 - INFO - num_full_subsets = 2
2025-12-13 21:29:03,443 - INFO - phi = [-0.06593441  0.02854166 -0.01873674  0.58387004]
2025-12-13 21:29:03,460 - INFO - num_full_subsets = 2
2025-12-13 21:29:03,497 - INFO - phi = [-0.05980135  0.74227086 -0.11601376  0.66784378]
2025-12-13 21:29:03,513 - INFO - num_full_subsets = 2
2025-12-13 21:29:03,550 - INFO - phi = [-0.09921487  0.43291316 -0.39569991  0.46799261]
2025-12-13 21:29:03,567 - INFO - num_full_subsets = 2
2025-12-13 21:29:03,603 - INFO - phi = [-0.00409525  0.76276539 -0.22119463  0.60086867]
2025-12-13 21:29:03,620 - INFO - num_full_subsets = 2
2025-12-13 21:29:03,657 - INFO - phi = [ 0.55248266  0.26788314 -0.5127033  -0.90221597]
2025-12-13 21:29:03,674 - INFO - num_full_subsets = 2
2025-12-13 21:29:03,710 - INFO - phi = [ 0.96670165 -0.2348726  -0.28546928 -1.14755726]
2025-12-13 21:29:03,727 - INFO - num_full_subsets = 2
2025-12-13 21:29:03,763 - INFO - phi = [ 0.15389788  0.12606356 -0.48643774  0.3541949 ]
2025-12-13 21:29:03,780 - INFO - num_full_subsets = 2
2025-12-13 21:29:03,816 - INFO - phi = [-0.35939882 -0.89754834 -0.21657317 -0.2019033 ]
2025-12-13 21:29:03,833 - INFO - num_full_subsets = 2
2025-12-13 21:29:03,869 - INFO - phi = [ 1.17353952  0.32868789 -0.23694846 -0.53748601]
2025-12-13 21:29:03,885 - INFO - num_full_subsets = 2
2025-12-13 21:29:03,921 - INFO - phi = [ 0.9827947   0.32982787 -0.07328784 -1.13750597]
2025-12-13 21:29:03,938 - INFO - num_full_subsets = 2
2025-12-13 21:29:03,974 - INFO - phi = [ 0.10243607  0.74160247 -0.04949165  0.59133127]
2025-12-13 21:29:03,991 - INFO - num_full_subsets = 2
2025-12-13 21:29:04,027 - INFO - phi = [-0.11619842 -0.49439649  0.35612897  0.8954019 ]
2025-12-13 21:29:04,044 - INFO - num_full_subsets = 2
2025-12-13 21:29:04,080 - INFO - phi = [ 1.20365945  0.38295505 -0.19737203 -0.85987201]
2025-12-13 21:29:04,097 - INFO - num_full_subsets = 2
2025-12-13 21:29:04,134 - INFO - phi = [-0.24713998 -0.77479919 -0.15329616 -0.48579771]
2025-12-13 21:29:04,151 - INFO - num_full_subsets = 2
2025-12-13 21:29:04,187 - INFO - phi = [-0.32551203 -0.81606589 -0.0758777  -0.71230972]
2025-12-13 21:29:04,204 - INFO - num_full_subsets = 2
2025-12-13 21:29:04,241 - INFO - phi = [-0.04049463  0.66159677 -0.24661037  0.77144869]
2025-12-13 21:29:04,257 - INFO - num_full_subsets = 2
2025-12-13 21:29:04,293 - INFO - phi = [ 0.21700468  0.70675081 -0.02966764  0.68063353]
2025-12-13 21:29:04,310 - INFO - num_full_subsets = 2
2025-12-13 21:29:04,346 - INFO - phi = [-0.27296063 -0.93691274 -0.35577583 -0.23203855]
2025-12-13 21:29:04,363 - INFO - num_full_subsets = 2
2025-12-13 21:29:04,400 - INFO - phi = [ 6.48391692e-04  8.66001585e-01 -1.61719576e-01  6.58855894e-01]
2025-12-13 21:29:04,416 - INFO - num_full_subsets = 2
2025-12-13 21:29:04,452 - INFO - phi = [-0.4042475  -1.34161328 -0.22705839  0.24990856]
2025-12-13 21:29:04,469 - INFO - num_full_subsets = 2
2025-12-13 21:29:04,505 - INFO - phi = [ 0.9361399   0.38202346  0.01529501 -0.91655677]
2025-12-13 21:29:04,522 - INFO - num_full_subsets = 2
2025-12-13 21:29:04,558 - INFO - phi = [-0.01744272  1.23097711  1.20398951  0.16739601]
2025-12-13 21:29:04,575 - INFO - num_full_subsets = 2
2025-12-13 21:29:04,611 - INFO - phi = [ 0.07936155  0.27145675 -0.11305985  0.66338014]
2025-12-13 21:29:04,628 - INFO - num_full_subsets = 2
2025-12-13 21:29:04,665 - INFO - phi = [ 0.9090753   0.3213269  -0.35211242 -0.42465401]
2025-12-13 21:29:04,681 - INFO - num_full_subsets = 2
2025-12-13 21:29:04,718 - INFO - phi = [-0.20947788 -0.23422165 -0.46498166  0.54344143]
2025-12-13 21:29:04,735 - INFO - num_full_subsets = 2
2025-12-13 21:29:04,771 - INFO - phi = [ 0.53553629  0.69442221 -0.09154423  0.67061841]
2025-12-13 21:29:04,788 - INFO - num_full_subsets = 2
2025-12-13 21:29:04,824 - INFO - phi = [ 0.10527183  0.34895965 -0.50809625  0.59297849]
2025-12-13 21:29:04,840 - INFO - num_full_subsets = 2
2025-12-13 21:29:04,877 - INFO - phi = [-0.17491577  0.73821226 -0.16471263  0.55008357]
2025-12-13 21:29:04,893 - INFO - num_full_subsets = 2
2025-12-13 21:29:04,930 - INFO - phi = [ 0.07247895  0.79942427  0.54277737 -0.27410189]
2025-12-13 21:29:04,947 - INFO - num_full_subsets = 2
2025-12-13 21:29:04,983 - INFO - phi = [-0.16878636  0.57040346 -0.20513126  0.68073252]
2025-12-13 21:29:05,000 - INFO - num_full_subsets = 2
2025-12-13 21:29:05,036 - INFO - phi = [0.12256854 0.22918338 1.23603402 1.0472027 ]
2025-12-13 21:29:05,053 - INFO - num_full_subsets = 2
2025-12-13 21:29:05,089 - INFO - phi = [ 0.51844911  0.43200425 -0.02260396 -0.17711118]
2025-12-13 21:29:05,105 - INFO - num_full_subsets = 2
2025-12-13 21:29:05,141 - INFO - phi = [-0.15965529 -1.27906962  0.73005998 -0.89322744]
2025-12-13 21:29:05,158 - INFO - num_full_subsets = 2
2025-12-13 21:29:05,195 - INFO - phi = [-0.28953993 -0.70143172 -0.02436729 -0.50971475]
2025-12-13 21:29:05,211 - INFO - num_full_subsets = 2
2025-12-13 21:29:05,248 - INFO - phi = [ 0.83922005  0.13749535  0.01421724 -1.22972312]
2025-12-13 21:29:05,264 - INFO - num_full_subsets = 2
2025-12-13 21:29:05,300 - INFO - phi = [ 0.91190611  0.33643325  0.06920814 -0.60037917]
2025-12-13 21:29:05,317 - INFO - num_full_subsets = 2
2025-12-13 21:29:05,353 - INFO - phi = [-0.397949   -1.38415733 -0.08502202  0.12536094]
2025-12-13 21:29:05,370 - INFO - num_full_subsets = 2
2025-12-13 21:29:05,406 - INFO - phi = [-0.12216764  0.56272837 -0.48373662  0.64726975]
2025-12-13 21:29:05,423 - INFO - num_full_subsets = 2
2025-12-13 21:29:05,459 - INFO - phi = [-0.06157406  0.85101475  0.05828926  0.85367585]
2025-12-13 21:29:05,475 - INFO - num_full_subsets = 2
2025-12-13 21:29:05,511 - INFO - phi = [ 0.11413808  0.92215286 -0.22226626  0.7738204 ]
2025-12-13 21:29:05,528 - INFO - num_full_subsets = 2
2025-12-13 21:29:05,564 - INFO - phi = [-0.14665771  1.0086162  -0.16787522  0.43963991]
2025-12-13 21:29:05,581 - INFO - num_full_subsets = 2
2025-12-13 21:29:05,617 - INFO - phi = [ 0.44069977  0.53743523  0.31936409 -0.50327802]
2025-12-13 21:29:05,634 - INFO - num_full_subsets = 2
2025-12-13 21:29:05,670 - INFO - phi = [-0.25087529  0.75023608 -0.2564329   0.09299933]
2025-12-13 21:29:05,687 - INFO - num_full_subsets = 2
2025-12-13 21:29:05,723 - INFO - phi = [-0.24806995 -0.18158101 -0.27285813  0.33474999]
2025-12-13 21:29:05,740 - INFO - num_full_subsets = 2
2025-12-13 21:29:05,776 - INFO - phi = [-0.00613795 -0.38463786  1.09130862 -1.16141291]
2025-12-13 21:29:05,793 - INFO - num_full_subsets = 2
2025-12-13 21:29:05,829 - INFO - phi = [-0.12880078 -0.14174562  0.30917837 -1.30369195]
2025-12-13 21:29:05,846 - INFO - num_full_subsets = 2
2025-12-13 21:29:05,882 - INFO - phi = [-0.12873316  0.1013342  -0.2602186   0.82007156]
2025-12-13 21:29:05,898 - INFO - num_full_subsets = 2
2025-12-13 21:29:05,934 - INFO - phi = [-0.17086605  0.66517248 -0.26258095  0.09136498]
2025-12-13 21:29:05,951 - INFO - num_full_subsets = 2
2025-12-13 21:29:05,988 - INFO - phi = [0.01580036 1.1722935  0.07496999 0.2291209 ]
2025-12-13 21:29:06,004 - INFO - num_full_subsets = 2
2025-12-13 21:29:06,041 - INFO - phi = [-0.27748129 -1.29240295  0.15548683 -0.25940558]
2025-12-13 21:29:06,058 - INFO - num_full_subsets = 2
2025-12-13 21:29:06,095 - INFO - phi = [-0.25734733 -1.04548918  1.16086198 -1.08149581]
2025-12-13 21:29:06,111 - INFO - num_full_subsets = 2
2025-12-13 21:29:06,148 - INFO - phi = [-0.36368612 -1.24919719 -0.18342546 -0.07427597]
2025-12-13 21:29:06,165 - INFO - num_full_subsets = 2
2025-12-13 21:29:06,201 - INFO - phi = [ 0.51844911  0.43200425 -0.02260396 -0.17711118]
2025-12-13 21:29:06,218 - INFO - num_full_subsets = 2
2025-12-13 21:29:06,254 - INFO - phi = [ 0.01535977 -0.25327776 -0.14562065 -0.66708923]
2025-12-13 21:29:06,270 - INFO - num_full_subsets = 2
2025-12-13 21:29:06,307 - INFO - phi = [-0.04516229  0.99504418  0.00600869 -0.09712088]
2025-12-13 21:29:06,323 - INFO - num_full_subsets = 2
2025-12-13 21:29:06,360 - INFO - phi = [-0.28520123 -0.28055351 -0.14904972  0.07560635]
2025-12-13 21:29:06,376 - INFO - num_full_subsets = 2
2025-12-13 21:29:06,413 - INFO - phi = [-0.28851163 -1.06425008 -0.08897674 -0.31602474]
2025-12-13 21:29:06,429 - INFO - num_full_subsets = 2
2025-12-13 21:29:06,466 - INFO - phi = [ 0.00669075  1.01234674 -0.365064    0.55195748]
2025-12-13 21:29:06,482 - INFO - num_full_subsets = 2
2025-12-13 21:29:06,519 - INFO - phi = [-0.39469277 -1.12910874 -0.14444129  0.09609309]
2025-12-13 21:29:06,535 - INFO - num_full_subsets = 2
2025-12-13 21:29:06,572 - INFO - phi = [0.37797855 0.67645287 0.1043572  0.47538548]
2025-12-13 21:29:06,589 - INFO - num_full_subsets = 2
2025-12-13 21:29:06,625 - INFO - phi = [-0.13137508  0.22726663 -0.22439558  0.87543735]
2025-12-13 21:29:06,641 - INFO - num_full_subsets = 2
2025-12-13 21:29:06,677 - INFO - phi = [-0.2175209  -0.69358129 -0.25327022 -0.48841329]
2025-12-13 21:29:06,694 - INFO - num_full_subsets = 2
2025-12-13 21:29:06,731 - INFO - phi = [0.07315105 0.23931536 0.04006069 0.65978914]
2025-12-13 21:29:06,747 - INFO - num_full_subsets = 2
2025-12-13 21:29:06,783 - INFO - phi = [-0.21831428  0.3272295   0.13371817  0.43923223]
2025-12-13 21:29:06,800 - INFO - num_full_subsets = 2
2025-12-13 21:29:06,837 - INFO - phi = [0.2571201  1.15194182 1.27720292 0.86429725]
2025-12-13 21:29:06,853 - INFO - num_full_subsets = 2
2025-12-13 21:29:06,890 - INFO - phi = [0.46322504 0.91701739 0.10580816 0.62547167]
2025-12-13 21:29:06,907 - INFO - num_full_subsets = 2
2025-12-13 21:29:06,943 - INFO - phi = [ 0.09030522  0.53143061 -0.07901032  0.49336251]
2025-12-13 21:29:06,959 - INFO - num_full_subsets = 2
2025-12-13 21:29:06,995 - INFO - phi = [-0.27072866  0.18180426 -0.0540789   0.25097489]
2025-12-13 21:29:07,490 - INFO - Computing feature importance...
2025-12-13 21:29:08,369 - INFO - Experiment completed for SVM
2025-12-13 21:29:08,369 - INFO - Total time: 24.35s (0.41 min)
2025-12-13 21:29:08,369 - INFO - Starting comprehensive experiment for SVM
2025-12-13 21:29:15,932 - INFO - Performing feature analysis...
2025-12-13 21:29:17,106 - INFO - Model justification: Effective for high-dimensional spaces and non-linear relationships using kernel trick
2025-12-13 21:29:17,106 - INFO - Performing robust cross-validation...
2025-12-13 21:29:17,289 - INFO - CV Results - MSE: 1.6700 ± 0.2318
2025-12-13 21:29:17,289 - INFO - Starting hyperparameter optimization...
2025-12-13 21:29:20,103 - INFO - Best parameters for SVM: {'C': 2.8450927913849537, 'epsilon': 0.08878454734014639, 'kernel': 'rbf'}
2025-12-13 21:29:20,103 - INFO - ⏱️ HPO took 2.81 seconds
2025-12-13 21:29:20,103 - INFO - Training final model...
2025-12-13 21:29:20,118 - INFO - ⏱️ Training took 0.01 seconds
2025-12-13 21:29:20,118 - INFO - Performing residual analysis...
2025-12-13 21:29:21,134 - INFO - Generating XAI explanations...
2025-12-13 21:29:21,136 - WARNING - Using 168 background data samples could cause slower run times. Consider using shap.sample(data, K) or shap.kmeans(data, K) to summarize the background as K samples.
2025-12-13 21:29:21,153 - INFO - num_full_subsets = 2
2025-12-13 21:29:21,185 - INFO - phi = [-0.26192114 -1.24632863 -0.22683995  0.17116725]
2025-12-13 21:29:21,201 - INFO - num_full_subsets = 2
2025-12-13 21:29:21,234 - INFO - phi = [ 0.24943693  0.28303535  0.10731473 -0.97911161]
2025-12-13 21:29:21,251 - INFO - num_full_subsets = 2
2025-12-13 21:29:21,284 - INFO - phi = [-0.01588781  0.77084549  0.06668256  0.23166274]
2025-12-13 21:29:21,301 - INFO - num_full_subsets = 2
2025-12-13 21:29:21,333 - INFO - phi = [0.49276877 0.43902517 0.16010197 0.12580388]
2025-12-13 21:29:21,350 - INFO - num_full_subsets = 2
2025-12-13 21:29:21,383 - INFO - phi = [-0.2180166  -0.8142483  -0.06546523 -0.50711585]
2025-12-13 21:29:21,399 - INFO - num_full_subsets = 2
2025-12-13 21:29:21,432 - INFO - phi = [-0.26091821 -1.25985961 -0.16585384 -0.19011642]
2025-12-13 21:29:21,449 - INFO - num_full_subsets = 2
2025-12-13 21:29:21,482 - INFO - phi = [-0.21192109 -1.27829328 -0.31036139  0.38496565]
2025-12-13 21:29:21,498 - INFO - num_full_subsets = 2
2025-12-13 21:29:21,531 - INFO - phi = [-0.24836619  0.43296554  0.60170258 -0.27367984]
2025-12-13 21:29:21,547 - INFO - num_full_subsets = 2
2025-12-13 21:29:21,581 - INFO - phi = [-0.2470259  -0.47737911  0.12971845 -0.60797378]
2025-12-13 21:29:21,598 - INFO - num_full_subsets = 2
2025-12-13 21:29:21,631 - INFO - phi = [-0.20767127 -0.13440703 -0.21649455  0.32694706]
2025-12-13 21:29:21,647 - INFO - num_full_subsets = 2
2025-12-13 21:29:21,680 - INFO - phi = [-0.2725833  -1.09917553 -0.12424898 -0.41048515]
2025-12-13 21:29:21,696 - INFO - num_full_subsets = 2
2025-12-13 21:29:21,730 - INFO - phi = [-0.17581489  0.51071006 -0.70355972  0.15719339]
2025-12-13 21:29:21,746 - INFO - num_full_subsets = 2
2025-12-13 21:29:21,780 - INFO - phi = [ 0.42157876  0.79849473 -0.11533539  0.63679227]
2025-12-13 21:29:21,796 - INFO - num_full_subsets = 2
2025-12-13 21:29:21,829 - INFO - phi = [-0.05999524  0.03534547  1.2773009   0.00656404]
2025-12-13 21:29:21,845 - INFO - num_full_subsets = 2
2025-12-13 21:29:21,878 - INFO - phi = [-0.09292815  0.99267349 -0.37737766  0.58723918]
2025-12-13 21:29:21,894 - INFO - num_full_subsets = 2
2025-12-13 21:29:21,927 - INFO - phi = [-0.13307488  1.00997619 -0.24606057  0.351012  ]
2025-12-13 21:29:21,944 - INFO - num_full_subsets = 2
2025-12-13 21:29:21,977 - INFO - phi = [-0.25046221 -0.58170969 -0.10982909 -0.41330178]
2025-12-13 21:29:21,993 - INFO - num_full_subsets = 2
2025-12-13 21:29:22,026 - INFO - phi = [-0.06930169  0.41233834 -0.20741471  0.6230182 ]
2025-12-13 21:29:22,043 - INFO - num_full_subsets = 2
2025-12-13 21:29:22,077 - INFO - phi = [ 0.3076547   0.53809808 -0.107189   -0.16258958]
2025-12-13 21:29:22,094 - INFO - num_full_subsets = 2
2025-12-13 21:29:22,129 - INFO - phi = [ 0.1148558   0.8697543  -0.14897588  0.67732048]
2025-12-13 21:29:22,145 - INFO - num_full_subsets = 2
2025-12-13 21:29:22,179 - INFO - phi = [-0.24159195 -0.85548745 -0.47853872 -0.23320486]
2025-12-13 21:29:22,196 - INFO - num_full_subsets = 2
2025-12-13 21:29:22,230 - INFO - phi = [-0.22864615 -0.84039173 -0.30056602  0.02913058]
2025-12-13 21:29:22,246 - INFO - num_full_subsets = 2
2025-12-13 21:29:22,307 - INFO - phi = [-0.06249138  0.94506842  0.01680238 -0.13914376]
2025-12-13 21:29:22,324 - INFO - num_full_subsets = 2
2025-12-13 21:29:22,357 - INFO - phi = [-0.18727387 -0.85725882 -0.11851347 -0.52428439]
2025-12-13 21:29:22,374 - INFO - num_full_subsets = 2
2025-12-13 21:29:22,408 - INFO - phi = [-0.23862185 -1.00923457 -0.22567473  0.33456539]
2025-12-13 21:29:22,424 - INFO - num_full_subsets = 2
2025-12-13 21:29:22,457 - INFO - phi = [ 0.40492635  0.62156977 -0.23969923  0.58499304]
2025-12-13 21:29:22,474 - INFO - num_full_subsets = 2
2025-12-13 21:29:22,508 - INFO - phi = [-0.07139799 -0.92017509  1.24919545 -0.9020119 ]
2025-12-13 21:29:22,525 - INFO - num_full_subsets = 2
2025-12-13 21:29:22,558 - INFO - phi = [-0.24608872 -0.68145413 -0.15884523 -0.75985481]
2025-12-13 21:29:22,574 - INFO - num_full_subsets = 2
2025-12-13 21:29:22,608 - INFO - phi = [0.1033954  0.72445446 0.94221527 0.68344696]
2025-12-13 21:29:22,625 - INFO - num_full_subsets = 2
2025-12-13 21:29:22,658 - INFO - phi = [0.00821744 1.30199652 0.47601282 0.27786614]
2025-12-13 21:29:22,675 - INFO - num_full_subsets = 2
2025-12-13 21:29:22,709 - INFO - phi = [0.27973519 1.04766726 0.42149946 0.01299839]
2025-12-13 21:29:22,725 - INFO - num_full_subsets = 2
2025-12-13 21:29:22,758 - INFO - phi = [-0.25882881 -1.35207867 -0.21416993  0.05192949]
2025-12-13 21:29:22,775 - INFO - num_full_subsets = 2
2025-12-13 21:29:22,808 - INFO - phi = [-0.0129953   0.88941266  0.49045644  0.84678194]
2025-12-13 21:29:22,825 - INFO - num_full_subsets = 2
2025-12-13 21:29:22,858 - INFO - phi = [-0.19553201 -0.74328422 -0.05671642 -0.80582997]
2025-12-13 21:29:22,874 - INFO - num_full_subsets = 2
2025-12-13 21:29:22,907 - INFO - phi = [ 0.52264494  0.05635222 -0.03055953 -0.73002209]
2025-12-13 21:29:22,923 - INFO - num_full_subsets = 2
2025-12-13 21:29:22,956 - INFO - phi = [-0.27846566 -0.87017113 -0.1705746  -0.65102636]
2025-12-13 21:29:22,973 - INFO - num_full_subsets = 2
2025-12-13 21:29:23,007 - INFO - phi = [-0.17745496 -0.32006307 -0.20339882  0.62923313]
2025-12-13 21:29:23,023 - INFO - num_full_subsets = 2
2025-12-13 21:29:23,057 - INFO - phi = [ 0.73098869 -0.46358356 -0.08347379 -0.82319356]
2025-12-13 21:29:23,073 - INFO - num_full_subsets = 2
2025-12-13 21:29:23,107 - INFO - phi = [ 0.2677359  -0.2122343   0.56675569 -0.22723699]
2025-12-13 21:29:23,123 - INFO - num_full_subsets = 2
2025-12-13 21:29:23,157 - INFO - phi = [-0.10166024  0.66794447  0.0640055   0.31616332]
2025-12-13 21:29:23,173 - INFO - num_full_subsets = 2
2025-12-13 21:29:23,207 - INFO - phi = [-0.20128988  0.9065141  -0.23996982 -0.05020312]
2025-12-13 21:29:23,223 - INFO - num_full_subsets = 2
2025-12-13 21:29:23,256 - INFO - phi = [-0.29603808 -1.12171303 -0.18645844 -0.32347141]
2025-12-13 21:29:23,273 - INFO - num_full_subsets = 2
2025-12-13 21:29:23,306 - INFO - phi = [ 0.41662086  0.59684396 -0.13077948 -0.90903699]
2025-12-13 21:29:23,322 - INFO - num_full_subsets = 2
2025-12-13 21:29:23,355 - INFO - phi = [-0.09910682  1.04435494 -0.29090903  0.62452231]
2025-12-13 21:29:23,372 - INFO - num_full_subsets = 2
2025-12-13 21:29:23,405 - INFO - phi = [0.17720528 0.44706599 0.16267596 0.82311567]
2025-12-13 21:29:23,421 - INFO - num_full_subsets = 2
2025-12-13 21:29:23,454 - INFO - phi = [ 0.36443379 -0.04699204 -0.305044   -0.11401167]
2025-12-13 21:29:23,470 - INFO - num_full_subsets = 2
2025-12-13 21:29:23,503 - INFO - phi = [ 0.47446471 -0.51612776 -0.18381339  0.53229596]
2025-12-13 21:29:23,519 - INFO - num_full_subsets = 2
2025-12-13 21:29:23,553 - INFO - phi = [-0.2039895  -0.84757589 -0.20803909 -0.46945705]
2025-12-13 21:29:23,569 - INFO - num_full_subsets = 2
2025-12-13 21:29:23,602 - INFO - phi = [ 0.51038029  0.46621006 -0.17687265 -0.4100679 ]
2025-12-13 21:29:23,618 - INFO - num_full_subsets = 2
2025-12-13 21:29:23,651 - INFO - phi = [-0.16463194 -0.40560309  0.13830516  0.55141957]
2025-12-13 21:29:23,668 - INFO - num_full_subsets = 2
2025-12-13 21:29:23,701 - INFO - phi = [-0.2333036  -0.95187095 -0.11193065 -0.4065228 ]
2025-12-13 21:29:23,717 - INFO - num_full_subsets = 2
2025-12-13 21:29:23,750 - INFO - phi = [-0.19439622 -0.83507751 -0.2099645   0.60006853]
2025-12-13 21:29:23,767 - INFO - num_full_subsets = 2
2025-12-13 21:29:23,800 - INFO - phi = [-0.21623321 -0.89476532 -0.43834889  0.12283089]
2025-12-13 21:29:23,816 - INFO - num_full_subsets = 2
2025-12-13 21:29:23,850 - INFO - phi = [-0.16000579 -0.26314815 -0.26827872  0.45687796]
2025-12-13 21:29:23,866 - INFO - num_full_subsets = 2
2025-12-13 21:29:23,899 - INFO - phi = [-0.09429407  0.35330772 -0.19992635  0.63488783]
2025-12-13 21:29:23,915 - INFO - num_full_subsets = 2
2025-12-13 21:29:23,948 - INFO - phi = [-0.07793037 -0.8186605   1.01018309 -0.93492053]
2025-12-13 21:29:23,965 - INFO - num_full_subsets = 2
2025-12-13 21:29:23,998 - INFO - phi = [-0.17798367  0.3659136  -0.22253965  0.19255985]
2025-12-13 21:29:24,015 - INFO - num_full_subsets = 2
2025-12-13 21:29:24,048 - INFO - phi = [-0.07839027  0.76492869 -0.23857238  0.19924412]
2025-12-13 21:29:24,064 - INFO - num_full_subsets = 2
2025-12-13 21:29:24,097 - INFO - phi = [0.27344368 0.10773614 0.1295325  0.25278808]
2025-12-13 21:29:24,114 - INFO - num_full_subsets = 2
2025-12-13 21:29:24,147 - INFO - phi = [-0.03049766  1.16291918  0.62934727  0.36467491]
2025-12-13 21:29:24,163 - INFO - num_full_subsets = 2
2025-12-13 21:29:24,196 - INFO - phi = [-0.23972058 -0.92613001 -0.18367691  0.34788303]
2025-12-13 21:29:24,213 - INFO - num_full_subsets = 2
2025-12-13 21:29:24,246 - INFO - phi = [-0.25608623 -1.08518099 -0.21005237  0.08287618]
2025-12-13 21:29:24,262 - INFO - num_full_subsets = 2
2025-12-13 21:29:24,295 - INFO - phi = [0.05380932 0.90597544 0.91458902 0.59376629]
2025-12-13 21:29:24,312 - INFO - num_full_subsets = 2
2025-12-13 21:29:24,344 - INFO - phi = [ 0.42147683  0.96037404 -0.67569698  0.47505111]
2025-12-13 21:29:24,361 - INFO - num_full_subsets = 2
2025-12-13 21:29:24,394 - INFO - phi = [ 0.47120966  0.94489761 -0.13075232  0.60433652]
2025-12-13 21:29:24,410 - INFO - num_full_subsets = 2
2025-12-13 21:29:24,443 - INFO - phi = [ 0.3395117  -0.30886178 -0.52091066  0.38464968]
2025-12-13 21:29:24,459 - INFO - num_full_subsets = 2
2025-12-13 21:29:24,492 - INFO - phi = [-0.12551033 -0.16775246  0.27654478 -1.19308616]
2025-12-13 21:29:24,508 - INFO - num_full_subsets = 2
2025-12-13 21:29:24,541 - INFO - phi = [ 0.13173562  0.78011025 -0.26369205  0.60824405]
2025-12-13 21:29:24,558 - INFO - num_full_subsets = 2
2025-12-13 21:29:24,591 - INFO - phi = [-0.04220139 -0.37088986  1.03991403  0.88501486]
2025-12-13 21:29:24,608 - INFO - num_full_subsets = 2
2025-12-13 21:29:24,641 - INFO - phi = [-0.27050705 -0.83494911 -0.17641441 -0.0536315 ]
2025-12-13 21:29:24,657 - INFO - num_full_subsets = 2
2025-12-13 21:29:24,690 - INFO - phi = [-0.04085872 -0.29034617  1.10426755 -1.01928124]
2025-12-13 21:29:24,707 - INFO - num_full_subsets = 2
2025-12-13 21:29:24,740 - INFO - phi = [-0.23670541 -1.45301829  0.24720171  0.30044187]
2025-12-13 21:29:24,756 - INFO - num_full_subsets = 2
2025-12-13 21:29:24,789 - INFO - phi = [-0.25293353 -1.15325791 -0.3081943  -0.18580109]
2025-12-13 21:29:24,806 - INFO - num_full_subsets = 2
2025-12-13 21:29:24,839 - INFO - phi = [-0.23124652 -1.02411786  0.04480748  0.49378073]
2025-12-13 21:29:24,856 - INFO - num_full_subsets = 2
2025-12-13 21:29:24,889 - INFO - phi = [-0.02960602  0.0379027  -0.20551822  0.70315674]
2025-12-13 21:29:24,905 - INFO - num_full_subsets = 2
2025-12-13 21:29:24,938 - INFO - phi = [ 0.59786029  0.41321269 -0.05567541 -0.70466271]
2025-12-13 21:29:24,955 - INFO - num_full_subsets = 2
2025-12-13 21:29:24,988 - INFO - phi = [ 0.10366736  0.97318008 -0.3607354   0.56008441]
2025-12-13 21:29:25,005 - INFO - num_full_subsets = 2
2025-12-13 21:29:25,039 - INFO - phi = [-0.21988881 -0.73086782 -0.1350585  -0.74853385]
2025-12-13 21:29:25,055 - INFO - num_full_subsets = 2
2025-12-13 21:29:25,089 - INFO - phi = [-0.177562   -0.34047277  0.43530182  0.22593131]
2025-12-13 21:29:25,105 - INFO - num_full_subsets = 2
2025-12-13 21:29:25,138 - INFO - phi = [ 0.05030208  0.58247415 -0.48420768  0.41381142]
2025-12-13 21:29:25,155 - INFO - num_full_subsets = 2
2025-12-13 21:29:25,188 - INFO - phi = [-0.05937696  1.02771727  0.00646267  0.7592525 ]
2025-12-13 21:29:25,205 - INFO - num_full_subsets = 2
2025-12-13 21:29:25,238 - INFO - phi = [-0.05922681  0.62084682 -0.2630202   0.54331348]
2025-12-13 21:29:25,254 - INFO - num_full_subsets = 2
2025-12-13 21:29:25,287 - INFO - phi = [-0.27135107 -0.84746018 -0.1603975  -0.68514559]
2025-12-13 21:29:25,303 - INFO - num_full_subsets = 2
2025-12-13 21:29:25,337 - INFO - phi = [-0.1930331  -0.99109015  0.94030423 -0.75981716]
2025-12-13 21:29:25,353 - INFO - num_full_subsets = 2
2025-12-13 21:29:25,386 - INFO - phi = [-0.04988579  0.89338705 -0.22127397  0.63418251]
2025-12-13 21:29:25,402 - INFO - num_full_subsets = 2
2025-12-13 21:29:25,435 - INFO - phi = [ 0.43058164  0.29916254 -0.01802449 -0.830991  ]
2025-12-13 21:29:25,452 - INFO - num_full_subsets = 2
2025-12-13 21:29:25,485 - INFO - phi = [ 0.70439373 -0.16962377 -0.09008729 -0.67795371]
2025-12-13 21:29:25,501 - INFO - num_full_subsets = 2
2025-12-13 21:29:25,534 - INFO - phi = [-0.23648107  0.31086816 -0.11601737 -0.66072447]
2025-12-13 21:29:25,550 - INFO - num_full_subsets = 2
2025-12-13 21:29:25,584 - INFO - phi = [0.40527721 0.82817911 0.03405797 0.59154739]
2025-12-13 21:29:25,600 - INFO - num_full_subsets = 2
2025-12-13 21:29:25,633 - INFO - phi = [-0.20020936 -0.89054308  0.78197185 -0.67479645]
2025-12-13 21:29:25,650 - INFO - num_full_subsets = 2
2025-12-13 21:29:25,683 - INFO - phi = [-0.18919054 -0.85062887 -0.06646395 -0.70880698]
2025-12-13 21:29:25,699 - INFO - num_full_subsets = 2
2025-12-13 21:29:25,732 - INFO - phi = [ 0.19851866  0.64828225 -0.21529001  0.05490008]
2025-12-13 21:29:25,748 - INFO - num_full_subsets = 2
2025-12-13 21:29:25,782 - INFO - phi = [-0.03733551 -0.36564873  1.38566562 -1.05843497]
2025-12-13 21:29:25,798 - INFO - num_full_subsets = 2
2025-12-13 21:29:25,831 - INFO - phi = [ 0.31750644  0.39503751 -0.07927173 -0.23071717]
2025-12-13 21:29:25,847 - INFO - num_full_subsets = 2
2025-12-13 21:29:25,880 - INFO - phi = [-0.14951363 -0.42745191 -0.5315286   0.52593116]
2025-12-13 21:29:25,897 - INFO - num_full_subsets = 2
2025-12-13 21:29:25,930 - INFO - phi = [-0.2235746  -1.25232449 -0.33200893  0.24604915]
2025-12-13 21:29:25,946 - INFO - num_full_subsets = 2
2025-12-13 21:29:25,980 - INFO - phi = [ 0.50359952  0.14369171  0.01981252 -0.09646251]
2025-12-13 21:29:25,996 - INFO - num_full_subsets = 2
2025-12-13 21:29:26,030 - INFO - phi = [-0.25708766 -1.20810397 -0.27702894 -0.21715651]
2025-12-13 21:29:26,046 - INFO - num_full_subsets = 2
2025-12-13 21:29:26,079 - INFO - phi = [ 0.19454668 -0.02303591  0.43366951 -0.14336554]
2025-12-13 21:29:26,096 - INFO - num_full_subsets = 2
2025-12-13 21:29:26,129 - INFO - phi = [-0.00078131  0.0106781  -0.22436689  0.23997566]
2025-12-13 21:29:26,146 - INFO - num_full_subsets = 2
2025-12-13 21:29:26,180 - INFO - phi = [0.4813782  0.92279728 0.08849075 0.50500264]
2025-12-13 21:29:26,196 - INFO - num_full_subsets = 2
2025-12-13 21:29:26,229 - INFO - phi = [-0.23597926 -1.32684919 -0.34468281  0.24704232]
2025-12-13 21:29:26,246 - INFO - num_full_subsets = 2
2025-12-13 21:29:26,280 - INFO - phi = [-0.29630218 -0.88981852 -0.17520167 -0.58675373]
2025-12-13 21:29:26,296 - INFO - num_full_subsets = 2
2025-12-13 21:29:26,330 - INFO - phi = [-0.28607691 -0.67456237 -0.16975413 -0.38670875]
2025-12-13 21:29:26,346 - INFO - num_full_subsets = 2
2025-12-13 21:29:26,380 - INFO - phi = [-0.24515492  0.17511518 -0.12057952 -0.71767597]
2025-12-13 21:29:26,396 - INFO - num_full_subsets = 2
2025-12-13 21:29:26,429 - INFO - phi = [-0.13442246 -0.35168949  0.91275443 -1.1106908 ]
2025-12-13 21:29:26,445 - INFO - num_full_subsets = 2
2025-12-13 21:29:26,479 - INFO - phi = [-0.04204216  0.70016988  0.37763295  0.30719465]
2025-12-13 21:29:26,495 - INFO - num_full_subsets = 2
2025-12-13 21:29:26,529 - INFO - phi = [ 0.16069806  0.65742308 -0.531725    0.12741813]
2025-12-13 21:29:26,545 - INFO - num_full_subsets = 2
2025-12-13 21:29:26,578 - INFO - phi = [-0.06140478  0.5301364  -0.25859862  0.56896728]
2025-12-13 21:29:26,594 - INFO - num_full_subsets = 2
2025-12-13 21:29:26,628 - INFO - phi = [ 0.35322944  0.20705826  0.07178593 -0.80617747]
2025-12-13 21:29:26,645 - INFO - num_full_subsets = 2
2025-12-13 21:29:26,677 - INFO - phi = [-0.07289474  0.70657089 -0.27078253  0.7148701 ]
2025-12-13 21:29:26,694 - INFO - num_full_subsets = 2
2025-12-13 21:29:26,727 - INFO - phi = [ 0.3395117  -0.30886178 -0.52091066  0.38464968]
2025-12-13 21:29:26,743 - INFO - num_full_subsets = 2
2025-12-13 21:29:26,776 - INFO - phi = [ 0.56413054  0.43605012 -0.35540926  0.09301132]
2025-12-13 21:29:26,793 - INFO - num_full_subsets = 2
2025-12-13 21:29:26,826 - INFO - phi = [-0.18920024 -0.98744653  0.32571356  0.59828311]
2025-12-13 21:29:26,843 - INFO - num_full_subsets = 2
2025-12-13 21:29:26,876 - INFO - phi = [-0.04407777  1.05558276 -0.27512948  0.67063812]
2025-12-13 21:29:26,892 - INFO - num_full_subsets = 2
2025-12-13 21:29:26,926 - INFO - phi = [ 0.3912286   0.03539058 -0.0879097  -0.30131347]
2025-12-13 21:29:26,942 - INFO - num_full_subsets = 2
2025-12-13 21:29:26,975 - INFO - phi = [ 0.35003229  0.38403227 -0.08533376 -0.11518585]
2025-12-13 21:29:26,991 - INFO - num_full_subsets = 2
2025-12-13 21:29:27,024 - INFO - phi = [0.04792442 0.79205233 0.67587511 0.33652567]
2025-12-13 21:29:27,041 - INFO - num_full_subsets = 2
2025-12-13 21:29:27,074 - INFO - phi = [-0.26267079 -0.83028454 -0.09500201 -0.39254649]
2025-12-13 21:29:27,090 - INFO - num_full_subsets = 2
2025-12-13 21:29:27,123 - INFO - phi = [ 0.17063778  0.6314437  -0.02484125  0.53291066]
2025-12-13 21:29:27,140 - INFO - num_full_subsets = 2
2025-12-13 21:29:27,173 - INFO - phi = [-0.01495206  1.04464442 -0.21404081  0.50709638]
2025-12-13 21:29:27,189 - INFO - num_full_subsets = 2
2025-12-13 21:29:27,223 - INFO - phi = [-0.11056343  0.34108613 -0.27564647  0.39968455]
2025-12-13 21:29:27,240 - INFO - num_full_subsets = 2
2025-12-13 21:29:27,273 - INFO - phi = [-0.27156847 -1.16533895 -0.17751788 -0.08922662]
2025-12-13 21:29:27,289 - INFO - num_full_subsets = 2
2025-12-13 21:29:27,322 - INFO - phi = [ 0.36902426  0.20800852 -0.54172441  0.53598098]
2025-12-13 21:29:27,338 - INFO - num_full_subsets = 2
2025-12-13 21:29:27,371 - INFO - phi = [-0.05195033  0.88416608 -0.52467844  0.56674037]
2025-12-13 21:29:27,388 - INFO - num_full_subsets = 2
2025-12-13 21:29:27,420 - INFO - phi = [-0.1288155   0.82479126 -0.26175137  0.48137481]
2025-12-13 21:29:27,437 - INFO - num_full_subsets = 2
2025-12-13 21:29:27,470 - INFO - phi = [-0.17202552 -0.94728607  0.54871369 -0.99508744]
2025-12-13 21:29:27,486 - INFO - num_full_subsets = 2
2025-12-13 21:29:27,519 - INFO - phi = [-0.13193709  0.1322722  -0.39462747  0.48740278]
2025-12-13 21:29:27,536 - INFO - num_full_subsets = 2
2025-12-13 21:29:27,569 - INFO - phi = [-0.21888113  0.82093509 -0.24730913 -0.45130873]
2025-12-13 21:29:27,586 - INFO - num_full_subsets = 2
2025-12-13 21:29:27,619 - INFO - phi = [ 0.10337306  0.32111465  0.34985466 -0.62099726]
2025-12-13 21:29:27,636 - INFO - num_full_subsets = 2
2025-12-13 21:29:27,670 - INFO - phi = [-0.24716035 -0.19738063 -0.10670619 -0.39664523]
2025-12-13 21:29:27,686 - INFO - num_full_subsets = 2
2025-12-13 21:29:27,719 - INFO - phi = [-0.17220261 -0.83213652  0.83181502 -1.04811271]
2025-12-13 21:29:27,736 - INFO - num_full_subsets = 2
2025-12-13 21:29:27,770 - INFO - phi = [-0.12461021  0.70956845 -0.19297177 -0.2228674 ]
2025-12-13 21:29:27,786 - INFO - num_full_subsets = 2
2025-12-13 21:29:27,819 - INFO - phi = [ 0.42098046  0.66380618 -0.11865244 -0.7953236 ]
2025-12-13 21:29:27,835 - INFO - num_full_subsets = 2
2025-12-13 21:29:27,869 - INFO - phi = [-0.14704021 -0.17466705 -0.84707544  0.17294369]
2025-12-13 21:29:27,885 - INFO - num_full_subsets = 2
2025-12-13 21:29:27,918 - INFO - phi = [-0.19033071 -0.21694005  0.29549725 -0.39083032]
2025-12-13 21:29:27,935 - INFO - num_full_subsets = 2
2025-12-13 21:29:27,968 - INFO - phi = [-0.13681975 -0.43827802  0.6948884  -1.37985154]
2025-12-13 21:29:27,985 - INFO - num_full_subsets = 2
2025-12-13 21:29:28,019 - INFO - phi = [-0.2650671  -0.9166395  -0.15418734 -0.6345091 ]
2025-12-13 21:29:28,036 - INFO - num_full_subsets = 2
2025-12-13 21:29:28,069 - INFO - phi = [-0.19689436 -0.84499841 -0.3049994   0.35602514]
2025-12-13 21:29:28,086 - INFO - num_full_subsets = 2
2025-12-13 21:29:28,119 - INFO - phi = [-0.20075666 -0.82316326  0.38749191 -1.01945033]
2025-12-13 21:29:28,136 - INFO - num_full_subsets = 2
2025-12-13 21:29:28,169 - INFO - phi = [-0.28492092 -0.65228284 -0.21228011 -0.37437846]
2025-12-13 21:29:28,185 - INFO - num_full_subsets = 2
2025-12-13 21:29:28,218 - INFO - phi = [ 0.29466076 -0.02012746  0.43524534 -0.7321239 ]
2025-12-13 21:29:28,235 - INFO - num_full_subsets = 2
2025-12-13 21:29:28,268 - INFO - phi = [-0.02738349  0.54320028  0.25334735  0.33528365]
2025-12-13 21:29:28,284 - INFO - num_full_subsets = 2
2025-12-13 21:29:28,317 - INFO - phi = [0.42992201 1.03161057 0.41102335 0.62558096]
2025-12-13 21:29:28,334 - INFO - num_full_subsets = 2
2025-12-13 21:29:28,367 - INFO - phi = [-0.24984816 -0.79661855 -0.08582996 -0.45286236]
2025-12-13 21:29:28,383 - INFO - num_full_subsets = 2
2025-12-13 21:29:28,417 - INFO - phi = [-0.11398529  0.12384342 -0.1518752   0.77674618]
2025-12-13 21:29:28,433 - INFO - num_full_subsets = 2
2025-12-13 21:29:28,466 - INFO - phi = [ 0.2917192   0.6645669  -0.42555434  0.43348779]
2025-12-13 21:29:28,483 - INFO - num_full_subsets = 2
2025-12-13 21:29:28,516 - INFO - phi = [ 0.12507361  0.61782396  0.18430362 -0.01065786]
2025-12-13 21:29:28,532 - INFO - num_full_subsets = 2
2025-12-13 21:29:28,565 - INFO - phi = [ 0.63793251 -0.1644226   0.12987629 -0.81137111]
2025-12-13 21:29:28,582 - INFO - num_full_subsets = 2
2025-12-13 21:29:28,615 - INFO - phi = [0.01458117 0.82483681 0.67147463 0.8695754 ]
2025-12-13 21:29:28,632 - INFO - num_full_subsets = 2
2025-12-13 21:29:28,665 - INFO - phi = [-0.24954241 -0.88375633 -0.05381002 -0.47353514]
2025-12-13 21:29:28,681 - INFO - num_full_subsets = 2
2025-12-13 21:29:28,714 - INFO - phi = [-0.21003102 -0.79657036  0.03522789 -0.88288385]
2025-12-13 21:29:28,731 - INFO - num_full_subsets = 2
2025-12-13 21:29:28,764 - INFO - phi = [-0.02052685  0.77157466  0.76594442  0.45517833]
2025-12-13 21:29:28,780 - INFO - num_full_subsets = 2
2025-12-13 21:29:28,814 - INFO - phi = [-0.06401453  0.36141227 -0.71398687  0.47226775]
2025-12-13 21:29:28,830 - INFO - num_full_subsets = 2
2025-12-13 21:29:28,863 - INFO - phi = [-0.09846998 -0.10852512 -0.43063291  0.29984488]
2025-12-13 21:29:28,880 - INFO - num_full_subsets = 2
2025-12-13 21:29:28,912 - INFO - phi = [-0.24632851 -0.79636574 -0.08602243 -0.55932711]
2025-12-13 21:29:28,929 - INFO - num_full_subsets = 2
2025-12-13 21:29:28,962 - INFO - phi = [-0.03218079  0.69594533  0.05418756  0.77948964]
2025-12-13 21:29:28,978 - INFO - num_full_subsets = 2
2025-12-13 21:29:29,010 - INFO - phi = [ 0.16372024  0.7109936  -0.03863462  0.25607266]
2025-12-13 21:29:29,028 - INFO - num_full_subsets = 2
2025-12-13 21:29:29,061 - INFO - phi = [-0.1297603   0.93536953 -0.58962479  0.29262034]
2025-12-13 21:29:29,078 - INFO - num_full_subsets = 2
2025-12-13 21:29:29,111 - INFO - phi = [0.06934944 1.76555454 0.09113476 0.35769536]
2025-12-13 21:29:29,128 - INFO - num_full_subsets = 2
2025-12-13 21:29:29,160 - INFO - phi = [ 0.18028928 -0.29183209 -0.26201413  0.47292974]
2025-12-13 21:29:29,177 - INFO - num_full_subsets = 2
2025-12-13 21:29:29,210 - INFO - phi = [-0.15084459 -0.88366881 -0.31574301  0.46026841]
2025-12-13 21:29:29,227 - INFO - num_full_subsets = 2
2025-12-13 21:29:29,260 - INFO - phi = [ 0.08239209  0.92405752  1.47024771 -1.12339958]
2025-12-13 21:29:29,277 - INFO - num_full_subsets = 2
2025-12-13 21:29:29,311 - INFO - phi = [ 0.43099355  0.31063288 -0.14185974  0.28663601]
2025-12-13 21:29:29,327 - INFO - num_full_subsets = 2
2025-12-13 21:29:29,361 - INFO - phi = [-0.0935501   0.51006402 -0.20251783  0.76029788]
2025-12-13 21:29:29,377 - INFO - num_full_subsets = 2
2025-12-13 21:29:29,411 - INFO - phi = [-0.00442581  0.65573535  0.62773564  0.86542506]
2025-12-13 21:29:29,427 - INFO - num_full_subsets = 2
2025-12-13 21:29:29,461 - INFO - phi = [ 0.06521779  0.39564955 -0.3986239   0.53480798]
2025-12-13 21:29:29,477 - INFO - num_full_subsets = 2
2025-12-13 21:29:29,511 - INFO - phi = [ 0.35003229  0.38403227 -0.08533376 -0.11518585]
2025-12-13 21:29:30,017 - INFO - Computing feature importance...
2025-12-13 21:29:30,847 - INFO - Experiment completed for SVM
2025-12-13 21:29:30,847 - INFO - Total time: 22.10s (0.37 min)
2025-12-13 21:29:30,847 - INFO - Starting comprehensive experiment for SVM
2025-12-13 21:29:39,245 - INFO - Performing feature analysis...
2025-12-13 21:29:40,406 - INFO - Model justification: Effective for high-dimensional spaces and non-linear relationships using kernel trick
2025-12-13 21:29:40,406 - INFO - Performing robust cross-validation...
2025-12-13 21:29:40,584 - INFO - CV Results - MSE: 1.7136 ± 0.3770
2025-12-13 21:29:40,584 - INFO - Starting hyperparameter optimization...
2025-12-13 21:29:45,341 - INFO - Best parameters for SVM: {'C': 20.776465186998514, 'epsilon': 0.07345977733550518, 'kernel': 'rbf'}
2025-12-13 21:29:45,341 - INFO - ⏱️ HPO took 4.76 seconds
2025-12-13 21:29:45,341 - INFO - Training final model...
2025-12-13 21:29:45,363 - INFO - ⏱️ Training took 0.02 seconds
2025-12-13 21:29:45,363 - INFO - Performing residual analysis...
2025-12-13 21:29:46,403 - INFO - Generating XAI explanations...
2025-12-13 21:29:46,405 - WARNING - Using 168 background data samples could cause slower run times. Consider using shap.sample(data, K) or shap.kmeans(data, K) to summarize the background as K samples.
2025-12-13 21:29:46,421 - INFO - num_full_subsets = 2
2025-12-13 21:29:46,454 - INFO - phi = [0.01737648 0.74862876 0.24589291 0.45070131]
2025-12-13 21:29:46,470 - INFO - num_full_subsets = 2
2025-12-13 21:29:46,503 - INFO - phi = [ 0.85662878  0.27966373  0.44209761 -1.29235657]
2025-12-13 21:29:46,519 - INFO - num_full_subsets = 2
2025-12-13 21:29:46,552 - INFO - phi = [-0.14235659  0.43211838 -0.23328609  0.41516737]
2025-12-13 21:29:46,568 - INFO - num_full_subsets = 2
2025-12-13 21:29:46,601 - INFO - phi = [-0.0614776  -0.10551328 -0.36523047  0.67830209]
2025-12-13 21:29:46,617 - INFO - num_full_subsets = 2
2025-12-13 21:29:46,650 - INFO - phi = [ 0.35227519  0.5449678   0.36462083 -0.74941856]
2025-12-13 21:29:46,666 - INFO - num_full_subsets = 2
2025-12-13 21:29:46,699 - INFO - phi = [-0.04291681  0.87976808 -0.43264491  0.74020983]
2025-12-13 21:29:46,715 - INFO - num_full_subsets = 2
2025-12-13 21:29:46,749 - INFO - phi = [-0.32145996 -0.58966    -0.07240969 -0.21338686]
2025-12-13 21:29:46,765 - INFO - num_full_subsets = 2
2025-12-13 21:29:46,798 - INFO - phi = [ 1.16895495  0.31185417  0.04384479 -1.55509387]
2025-12-13 21:29:46,814 - INFO - num_full_subsets = 2
2025-12-13 21:29:46,847 - INFO - phi = [ 0.07709766 -0.10283332 -0.45335189  0.51962335]
2025-12-13 21:29:46,863 - INFO - num_full_subsets = 2
2025-12-13 21:29:46,896 - INFO - phi = [-0.31768932 -0.94614048 -0.35198124 -0.36672785]
2025-12-13 21:29:46,912 - INFO - num_full_subsets = 2
2025-12-13 21:29:46,945 - INFO - phi = [-0.3498875  -1.20785701 -0.11435946 -0.21590867]
2025-12-13 21:29:46,961 - INFO - num_full_subsets = 2
2025-12-13 21:29:46,994 - INFO - phi = [-0.28523673  0.13414103 -0.25461533  0.26101511]
2025-12-13 21:29:47,011 - INFO - num_full_subsets = 2
2025-12-13 21:29:47,044 - INFO - phi = [ 1.14433074  0.21015426  0.1669367  -1.3601487 ]
2025-12-13 21:29:47,060 - INFO - num_full_subsets = 2
2025-12-13 21:29:47,093 - INFO - phi = [ 0.22926072  0.84995186 -0.20207079  0.70993958]
2025-12-13 21:29:47,109 - INFO - num_full_subsets = 2
2025-12-13 21:29:47,142 - INFO - phi = [-0.20189766 -1.04364515  0.79089912  0.66680234]
2025-12-13 21:29:47,158 - INFO - num_full_subsets = 2
2025-12-13 21:29:47,191 - INFO - phi = [-0.28013711 -0.80333545  0.67002899 -0.94719211]
2025-12-13 21:29:47,207 - INFO - num_full_subsets = 2
2025-12-13 21:29:47,239 - INFO - phi = [-0.14938217  0.72183617 -0.2883531   0.70207581]
2025-12-13 21:29:47,255 - INFO - num_full_subsets = 2
2025-12-13 21:29:47,288 - INFO - phi = [0.20074205 0.90964213 1.01348142 0.9439465 ]
2025-12-13 21:29:47,305 - INFO - num_full_subsets = 2
2025-12-13 21:29:47,339 - INFO - phi = [ 0.7521949   0.78644102 -0.03317606  0.18480146]
2025-12-13 21:29:47,355 - INFO - num_full_subsets = 2
2025-12-13 21:29:47,388 - INFO - phi = [-0.36176536  0.21760109 -0.27132935  0.46770929]
2025-12-13 21:29:47,404 - INFO - num_full_subsets = 2
2025-12-13 21:29:47,438 - INFO - phi = [-0.24779912  0.52335682 -0.26722031 -0.07173033]
2025-12-13 21:29:47,454 - INFO - num_full_subsets = 2
2025-12-13 21:29:47,488 - INFO - phi = [-0.2760779  -0.69209227 -0.29029049 -0.63617731]
2025-12-13 21:29:47,504 - INFO - num_full_subsets = 2
2025-12-13 21:29:47,537 - INFO - phi = [-0.40508748 -0.74689972 -0.17930514 -0.66735822]
2025-12-13 21:29:47,553 - INFO - num_full_subsets = 2
2025-12-13 21:29:47,586 - INFO - phi = [ 0.59892844 -0.14896032 -0.34478001  0.42252937]
2025-12-13 21:29:47,603 - INFO - num_full_subsets = 2
2025-12-13 21:29:47,636 - INFO - phi = [ 1.3334981   0.04671774 -0.08995635 -1.53792363]
2025-12-13 21:29:47,652 - INFO - num_full_subsets = 2
2025-12-13 21:29:47,686 - INFO - phi = [-0.2264279  -1.14733417 -0.07949233 -0.39650726]
2025-12-13 21:29:47,702 - INFO - num_full_subsets = 2
2025-12-13 21:29:47,735 - INFO - phi = [ 1.01900477  0.07261828  0.41842628 -1.59216138]
2025-12-13 21:29:47,751 - INFO - num_full_subsets = 2
2025-12-13 21:29:47,784 - INFO - phi = [-0.3480922  -0.85985729  0.18800043 -0.9324553 ]
2025-12-13 21:29:47,800 - INFO - num_full_subsets = 2
2025-12-13 21:29:47,833 - INFO - phi = [-0.129064    0.52904757 -0.18172682  0.67330382]
2025-12-13 21:29:47,849 - INFO - num_full_subsets = 2
2025-12-13 21:29:47,882 - INFO - phi = [-0.08041775  0.81634498 -0.151959   -0.33449764]
2025-12-13 21:29:47,899 - INFO - num_full_subsets = 2
2025-12-13 21:29:47,932 - INFO - phi = [-0.21890492  0.68294218 -0.30107948  0.87777006]
2025-12-13 21:29:47,948 - INFO - num_full_subsets = 2
2025-12-13 21:29:47,980 - INFO - phi = [ 0.23709973  0.40678667 -0.17390778  0.42711712]
2025-12-13 21:29:47,997 - INFO - num_full_subsets = 2
2025-12-13 21:29:48,031 - INFO - phi = [ 0.93876725  0.32898335  0.30447667 -1.2776049 ]
2025-12-13 21:29:48,047 - INFO - num_full_subsets = 2
2025-12-13 21:29:48,081 - INFO - phi = [-0.32312916  0.67932846 -0.28700882 -0.09341259]
2025-12-13 21:29:48,097 - INFO - num_full_subsets = 2
2025-12-13 21:29:48,129 - INFO - phi = [-0.21676141  0.24269601 -0.38594188  0.51810366]
2025-12-13 21:29:48,145 - INFO - num_full_subsets = 2
2025-12-13 21:29:48,178 - INFO - phi = [-0.21676141  0.24269601 -0.38594188  0.51810366]
2025-12-13 21:29:48,195 - INFO - num_full_subsets = 2
2025-12-13 21:29:48,228 - INFO - phi = [-0.293572    0.68354721 -0.09679763 -0.65442   ]
2025-12-13 21:29:48,244 - INFO - num_full_subsets = 2
2025-12-13 21:29:48,277 - INFO - phi = [-0.39067344 -0.62315228 -0.16047779 -0.55328559]
2025-12-13 21:29:48,293 - INFO - num_full_subsets = 2
2025-12-13 21:29:48,326 - INFO - phi = [-0.31330288 -0.91682311  0.72986273 -1.18247384]
2025-12-13 21:29:48,342 - INFO - num_full_subsets = 2
2025-12-13 21:29:48,375 - INFO - phi = [-0.33649781 -1.32077427 -0.33386794  0.26528892]
2025-12-13 21:29:48,391 - INFO - num_full_subsets = 2
2025-12-13 21:29:48,425 - INFO - phi = [-0.36721401 -0.94274626 -0.08649289 -0.34688982]
2025-12-13 21:29:48,440 - INFO - num_full_subsets = 2
2025-12-13 21:29:48,473 - INFO - phi = [-0.31748692 -0.94253241  0.24957811  0.21332221]
2025-12-13 21:29:48,490 - INFO - num_full_subsets = 2
2025-12-13 21:29:48,523 - INFO - phi = [ 0.23709973  0.40678667 -0.17390778  0.42711712]
2025-12-13 21:29:48,539 - INFO - num_full_subsets = 2
2025-12-13 21:29:48,572 - INFO - phi = [-0.27275637  0.44251069 -0.14075506  0.18511078]
2025-12-13 21:29:48,588 - INFO - num_full_subsets = 2
2025-12-13 21:29:48,621 - INFO - phi = [ 0.22348733  0.1163792  -0.18990928 -0.61119618]
2025-12-13 21:29:48,637 - INFO - num_full_subsets = 2
2025-12-13 21:29:48,670 - INFO - phi = [-0.1255093   0.03008335 -0.01551393  0.07980273]
2025-12-13 21:29:48,686 - INFO - num_full_subsets = 2
2025-12-13 21:29:48,720 - INFO - phi = [ 1.79822826  0.40260266  0.06330747 -1.11502628]
2025-12-13 21:29:48,735 - INFO - num_full_subsets = 2
2025-12-13 21:29:48,769 - INFO - phi = [-0.07275295 -0.32171542  1.13019342  1.07202526]
2025-12-13 21:29:48,785 - INFO - num_full_subsets = 2
2025-12-13 21:29:48,818 - INFO - phi = [-0.35790465 -0.54965872 -0.13180412 -0.85621086]
2025-12-13 21:29:48,834 - INFO - num_full_subsets = 2
2025-12-13 21:29:48,867 - INFO - phi = [-0.0195392   0.61292956 -0.24088789  0.08582815]
2025-12-13 21:29:48,883 - INFO - num_full_subsets = 2
2025-12-13 21:29:48,916 - INFO - phi = [-0.19710882  0.44431805  0.24471659  0.02292056]
2025-12-13 21:29:48,932 - INFO - num_full_subsets = 2
2025-12-13 21:29:48,965 - INFO - phi = [-0.36533522 -0.75821848 -0.11683696 -0.66023732]
2025-12-13 21:29:48,981 - INFO - num_full_subsets = 2
2025-12-13 21:29:49,014 - INFO - phi = [ 0.01882356  0.92683496 -0.22269503  0.49758718]
2025-12-13 21:29:49,030 - INFO - num_full_subsets = 2
2025-12-13 21:29:49,063 - INFO - phi = [-0.01116111  1.56493719  0.52857151  0.22889643]
2025-12-13 21:29:49,079 - INFO - num_full_subsets = 2
2025-12-13 21:29:49,113 - INFO - phi = [ 8.52111482e-01  2.92708374e-01 -3.01972704e-04 -1.00720900e+00]
2025-12-13 21:29:49,129 - INFO - num_full_subsets = 2
2025-12-13 21:29:49,162 - INFO - phi = [-0.35824854 -0.91843603 -0.25654937  0.35651141]
2025-12-13 21:29:49,178 - INFO - num_full_subsets = 2
2025-12-13 21:29:49,212 - INFO - phi = [-0.25448878 -0.18173917 -0.27840152  0.4895805 ]
2025-12-13 21:29:49,228 - INFO - num_full_subsets = 2
2025-12-13 21:29:49,260 - INFO - phi = [-0.24232781 -1.27620553 -0.08640712 -0.64929454]
2025-12-13 21:29:49,276 - INFO - num_full_subsets = 2
2025-12-13 21:29:49,310 - INFO - phi = [ 0.40219801  0.88695503 -0.10567556  0.5424614 ]
2025-12-13 21:29:49,326 - INFO - num_full_subsets = 2
2025-12-13 21:29:49,359 - INFO - phi = [-0.14548263 -0.50463869 -0.25825051  0.27419502]
2025-12-13 21:29:49,375 - INFO - num_full_subsets = 2
2025-12-13 21:29:49,408 - INFO - phi = [-0.0443226   0.85136246 -0.35380834  0.67820939]
2025-12-13 21:29:49,424 - INFO - num_full_subsets = 2
2025-12-13 21:29:49,457 - INFO - phi = [-0.48546759  0.65733423  0.85616316  0.6443662 ]
2025-12-13 21:29:49,473 - INFO - num_full_subsets = 2
2025-12-13 21:29:49,506 - INFO - phi = [-0.16318998  0.50983338 -0.34814974  0.23612206]
2025-12-13 21:29:49,522 - INFO - num_full_subsets = 2
2025-12-13 21:29:49,556 - INFO - phi = [-0.39282401 -1.24572535 -0.18334739 -0.21757766]
2025-12-13 21:29:49,572 - INFO - num_full_subsets = 2
2025-12-13 21:29:49,605 - INFO - phi = [-0.30004726 -0.66654912 -0.49942412  0.4811907 ]
2025-12-13 21:29:49,621 - INFO - num_full_subsets = 2
2025-12-13 21:29:49,654 - INFO - phi = [-0.03784468  0.64059467  0.02043715 -0.03048818]
2025-12-13 21:29:49,671 - INFO - num_full_subsets = 2
2025-12-13 21:29:49,704 - INFO - phi = [ 0.24959062  0.64675098 -0.06867082  0.62462869]
2025-12-13 21:29:49,720 - INFO - num_full_subsets = 2
2025-12-13 21:29:49,753 - INFO - phi = [-0.36204062 -1.22673675 -0.10853606  0.64798603]
2025-12-13 21:29:49,769 - INFO - num_full_subsets = 2
2025-12-13 21:29:49,802 - INFO - phi = [0.05933573 0.63562419 1.11415393 0.09183176]
2025-12-13 21:29:49,818 - INFO - num_full_subsets = 2
2025-12-13 21:29:49,851 - INFO - phi = [-0.01184008  0.91704418 -0.39444585  0.53800756]
2025-12-13 21:29:49,868 - INFO - num_full_subsets = 2
2025-12-13 21:29:49,900 - INFO - phi = [ 1.42593801  0.2240681   0.00698154 -0.46370675]
2025-12-13 21:29:49,916 - INFO - num_full_subsets = 2
2025-12-13 21:29:49,949 - INFO - phi = [ 0.23388289  0.29788087 -0.27333336  0.71802327]
2025-12-13 21:29:49,966 - INFO - num_full_subsets = 2
2025-12-13 21:29:49,999 - INFO - phi = [ 0.72608217  0.83569658 -0.16042988  0.40504683]
2025-12-13 21:29:50,015 - INFO - num_full_subsets = 2
2025-12-13 21:29:50,049 - INFO - phi = [ 0.66899184  0.65534739 -0.1783783   0.54359316]
2025-12-13 21:29:50,065 - INFO - num_full_subsets = 2
2025-12-13 21:29:50,098 - INFO - phi = [-0.1877278   0.90379074 -0.20973493  0.34554166]
2025-12-13 21:29:50,114 - INFO - num_full_subsets = 2
2025-12-13 21:29:50,148 - INFO - phi = [-0.21097938  0.72379339 -0.20193549  0.69109656]
2025-12-13 21:29:50,164 - INFO - num_full_subsets = 2
2025-12-13 21:29:50,197 - INFO - phi = [-0.18843197  0.10185921  0.52945912  0.70220172]
2025-12-13 21:29:50,213 - INFO - num_full_subsets = 2
2025-12-13 21:29:50,246 - INFO - phi = [-0.2421252   0.23978465 -0.57256157  0.43649217]
2025-12-13 21:29:50,262 - INFO - num_full_subsets = 2
2025-12-13 21:29:50,295 - INFO - phi = [-0.01648772  0.77645148  0.94231735  0.80225305]
2025-12-13 21:29:50,311 - INFO - num_full_subsets = 2
2025-12-13 21:29:50,344 - INFO - phi = [-0.02304535  0.81669662 -0.09455026  0.60234605]
2025-12-13 21:29:50,360 - INFO - num_full_subsets = 2
2025-12-13 21:29:50,393 - INFO - phi = [-0.1931971  -0.13304386  0.31463032 -1.37302221]
2025-12-13 21:29:50,409 - INFO - num_full_subsets = 2
2025-12-13 21:29:50,442 - INFO - phi = [-0.26298649 -0.79526929 -0.16063903 -0.68640493]
2025-12-13 21:29:50,458 - INFO - num_full_subsets = 2
2025-12-13 21:29:50,491 - INFO - phi = [ 0.1969458   0.2431269   0.43881758 -0.93493288]
2025-12-13 21:29:50,507 - INFO - num_full_subsets = 2
2025-12-13 21:29:50,540 - INFO - phi = [ 0.26063346  0.45445469 -0.16776196  0.02621793]
2025-12-13 21:29:50,557 - INFO - num_full_subsets = 2
2025-12-13 21:29:50,590 - INFO - phi = [-0.3960518  -1.66681299 -0.28123246  0.07639931]
2025-12-13 21:29:50,605 - INFO - num_full_subsets = 2
2025-12-13 21:29:50,639 - INFO - phi = [-0.11296806 -0.24949579 -0.11151344  0.26362342]
2025-12-13 21:29:50,655 - INFO - num_full_subsets = 2
2025-12-13 21:29:50,688 - INFO - phi = [ 1.1731425   0.33133438 -0.10173022 -0.95327109]
2025-12-13 21:29:50,704 - INFO - num_full_subsets = 2
2025-12-13 21:29:50,737 - INFO - phi = [-0.3696456  -1.38172505 -0.39790442  0.2352182 ]
2025-12-13 21:29:50,753 - INFO - num_full_subsets = 2
2025-12-13 21:29:50,786 - INFO - phi = [-0.26299391  0.12535569  0.05957595  0.45293989]
2025-12-13 21:29:50,802 - INFO - num_full_subsets = 2
2025-12-13 21:29:50,835 - INFO - phi = [-0.32416156  0.19773603 -0.04417332 -0.90931034]
2025-12-13 21:29:50,851 - INFO - num_full_subsets = 2
2025-12-13 21:29:50,885 - INFO - phi = [ 0.56845405 -0.20699351 -0.46073312  0.4230585 ]
2025-12-13 21:29:50,901 - INFO - num_full_subsets = 2
2025-12-13 21:29:50,933 - INFO - phi = [-0.22404867  0.5970729  -0.28991166  0.77292515]
2025-12-13 21:29:50,949 - INFO - num_full_subsets = 2
2025-12-13 21:29:50,982 - INFO - phi = [-0.25715043  0.20460125 -0.2708466   0.88450541]
2025-12-13 21:29:50,999 - INFO - num_full_subsets = 2
2025-12-13 21:29:51,032 - INFO - phi = [-0.25300308 -0.3161107  -0.50398898  0.63409965]
2025-12-13 21:29:51,048 - INFO - num_full_subsets = 2
2025-12-13 21:29:51,082 - INFO - phi = [ 0.40561327 -0.38546131 -0.30232147  0.37787658]
2025-12-13 21:29:51,098 - INFO - num_full_subsets = 2
2025-12-13 21:29:51,131 - INFO - phi = [-0.36222379 -1.10815515 -0.25100996  0.08813399]
2025-12-13 21:29:51,147 - INFO - num_full_subsets = 2
2025-12-13 21:29:51,180 - INFO - phi = [ 0.57380579  0.17682198 -0.24699255  0.53646161]
2025-12-13 21:29:51,196 - INFO - num_full_subsets = 2
2025-12-13 21:29:51,229 - INFO - phi = [-0.27672571 -0.74900813 -0.1310561  -0.68802449]
2025-12-13 21:29:51,245 - INFO - num_full_subsets = 2
2025-12-13 21:29:51,278 - INFO - phi = [0.06985714 0.86594888 1.32141835 0.47622278]
2025-12-13 21:29:51,294 - INFO - num_full_subsets = 2
2025-12-13 21:29:51,328 - INFO - phi = [-0.08723714  0.72763079  0.02166524  0.89976137]
2025-12-13 21:29:51,344 - INFO - num_full_subsets = 2
2025-12-13 21:29:51,376 - INFO - phi = [-0.28711867 -0.22743972 -0.00339632 -1.10317937]
2025-12-13 21:29:51,392 - INFO - num_full_subsets = 2
2025-12-13 21:29:51,425 - INFO - phi = [ 0.60600324  0.89538658 -0.18032148  0.59715954]
2025-12-13 21:29:51,441 - INFO - num_full_subsets = 2
2025-12-13 21:29:51,474 - INFO - phi = [-0.20327419  0.25957482 -0.48890633  0.72195652]
2025-12-13 21:29:51,490 - INFO - num_full_subsets = 2
2025-12-13 21:29:51,524 - INFO - phi = [-0.11580319  0.18896701 -0.31511219  0.36551036]
2025-12-13 21:29:51,539 - INFO - num_full_subsets = 2
2025-12-13 21:29:51,573 - INFO - phi = [-0.36077568 -1.29785519 -0.13834002 -0.1908933 ]
2025-12-13 21:29:51,589 - INFO - num_full_subsets = 2
2025-12-13 21:29:51,622 - INFO - phi = [-0.3855953  -1.06727317 -0.12089958 -0.35787561]
2025-12-13 21:29:51,637 - INFO - num_full_subsets = 2
2025-12-13 21:29:51,671 - INFO - phi = [-0.16790603 -0.56564352  0.62159266  0.84901909]
2025-12-13 21:29:51,687 - INFO - num_full_subsets = 2
2025-12-13 21:29:51,720 - INFO - phi = [-0.23752089 -1.2980517   0.52736023 -1.0674583 ]
2025-12-13 21:29:51,737 - INFO - num_full_subsets = 2
2025-12-13 21:29:51,770 - INFO - phi = [-0.34484997  0.71811163  0.59588709  0.47828788]
2025-12-13 21:29:51,785 - INFO - num_full_subsets = 2
2025-12-13 21:29:51,818 - INFO - phi = [-0.24764424  0.92835413 -0.13787142  0.96702351]
2025-12-13 21:29:51,834 - INFO - num_full_subsets = 2
2025-12-13 21:29:51,867 - INFO - phi = [-0.3163313  -0.61803737 -0.06223334 -0.93028809]
2025-12-13 21:29:51,883 - INFO - num_full_subsets = 2
2025-12-13 21:29:51,917 - INFO - phi = [-0.08069609  0.94047165 -0.30632239  0.66566789]
2025-12-13 21:29:51,932 - INFO - num_full_subsets = 2
2025-12-13 21:29:51,965 - INFO - phi = [-0.39258615 -0.85855465 -0.00173394 -0.81149947]
2025-12-13 21:29:51,981 - INFO - num_full_subsets = 2
2025-12-13 21:29:52,014 - INFO - phi = [-0.16355857  0.05293638  0.19293259  0.70421944]
2025-12-13 21:29:52,031 - INFO - num_full_subsets = 2
2025-12-13 21:29:52,063 - INFO - phi = [-0.19770775  0.95355871 -0.31538313  0.61768014]
2025-12-13 21:29:52,079 - INFO - num_full_subsets = 2
2025-12-13 21:29:52,112 - INFO - phi = [-0.3604955  -1.44601935 -0.24386231  0.06566455]
2025-12-13 21:29:52,128 - INFO - num_full_subsets = 2
2025-12-13 21:29:52,161 - INFO - phi = [-0.35009819 -1.19839532 -0.21800929  0.42875478]
2025-12-13 21:29:52,177 - INFO - num_full_subsets = 2
2025-12-13 21:29:52,211 - INFO - phi = [-0.32323588 -0.44276188 -0.08934127 -0.21562401]
2025-12-13 21:29:52,227 - INFO - num_full_subsets = 2
2025-12-13 21:29:52,260 - INFO - phi = [ 1.3621418   0.41982713  0.03944009 -1.99956875]
2025-12-13 21:29:52,276 - INFO - num_full_subsets = 2
2025-12-13 21:29:52,310 - INFO - phi = [ 0.25359343  0.30822254 -0.47848628  0.38063372]
2025-12-13 21:29:52,326 - INFO - num_full_subsets = 2
2025-12-13 21:29:52,359 - INFO - phi = [-0.391185   -1.06442062 -0.18836163 -0.31946687]
2025-12-13 21:29:52,375 - INFO - num_full_subsets = 2
2025-12-13 21:29:52,408 - INFO - phi = [-0.28522479 -0.14122373  0.07142954 -0.11435551]
2025-12-13 21:29:52,424 - INFO - num_full_subsets = 2
2025-12-13 21:29:52,456 - INFO - phi = [-0.24357495  0.23889635 -0.15549558  0.62393592]
2025-12-13 21:29:52,473 - INFO - num_full_subsets = 2
2025-12-13 21:29:52,505 - INFO - phi = [-0.34567743 -1.03168114 -0.11569308 -0.37900313]
2025-12-13 21:29:52,521 - INFO - num_full_subsets = 2
2025-12-13 21:29:52,554 - INFO - phi = [-0.17689924  0.58705909 -0.05254832  0.27851368]
2025-12-13 21:29:52,570 - INFO - num_full_subsets = 2
2025-12-13 21:29:52,603 - INFO - phi = [-0.37463158 -0.78302589  0.00963232 -0.89974046]
2025-12-13 21:29:52,619 - INFO - num_full_subsets = 2
2025-12-13 21:29:52,653 - INFO - phi = [-0.15089524 -0.21199958 -0.18301104 -0.53085694]
2025-12-13 21:29:52,669 - INFO - num_full_subsets = 2
2025-12-13 21:29:52,702 - INFO - phi = [-0.31296664 -0.9281873   0.6066633  -1.12600466]
2025-12-13 21:29:52,718 - INFO - num_full_subsets = 2
2025-12-13 21:29:52,751 - INFO - phi = [ 1.42593801  0.2240681   0.00698154 -0.46370675]
2025-12-13 21:29:52,767 - INFO - num_full_subsets = 2
2025-12-13 21:29:52,800 - INFO - phi = [-0.06803911  0.68057904  0.71119368  0.84429451]
2025-12-13 21:29:52,816 - INFO - num_full_subsets = 2
2025-12-13 21:29:52,849 - INFO - phi = [ 0.07709766 -0.10283332 -0.45335189  0.51962335]
2025-12-13 21:29:52,865 - INFO - num_full_subsets = 2
2025-12-13 21:29:52,898 - INFO - phi = [0.12945366 0.55667711 0.84003827 0.83588409]
2025-12-13 21:29:52,915 - INFO - num_full_subsets = 2
2025-12-13 21:29:52,948 - INFO - phi = [-0.35071472 -1.04241717  0.00926885  0.5288947 ]
2025-12-13 21:29:52,964 - INFO - num_full_subsets = 2
2025-12-13 21:29:52,997 - INFO - phi = [-0.05939494  0.40561178 -0.27332145  0.73862185]
2025-12-13 21:29:53,014 - INFO - num_full_subsets = 2
2025-12-13 21:29:53,047 - INFO - phi = [-0.37584349 -1.28808534 -0.14488382 -0.12304849]
2025-12-13 21:29:53,064 - INFO - num_full_subsets = 2
2025-12-13 21:29:53,097 - INFO - phi = [-0.28684282 -0.80390557  1.00169107 -1.19221723]
2025-12-13 21:29:53,113 - INFO - num_full_subsets = 2
2025-12-13 21:29:53,146 - INFO - phi = [ 0.15537231  0.35305824  0.50007268 -0.61726661]
2025-12-13 21:29:53,161 - INFO - num_full_subsets = 2
2025-12-13 21:29:53,195 - INFO - phi = [ 0.55199387  0.79627139  0.24441888 -0.098971  ]
2025-12-13 21:29:53,211 - INFO - num_full_subsets = 2
2025-12-13 21:29:53,244 - INFO - phi = [-0.19605372  0.6509267  -0.21664556  0.33814869]
2025-12-13 21:29:53,260 - INFO - num_full_subsets = 2
2025-12-13 21:29:53,292 - INFO - phi = [-0.36184836 -1.33192285 -0.34391455 -0.06325487]
2025-12-13 21:29:53,308 - INFO - num_full_subsets = 2
2025-12-13 21:29:53,341 - INFO - phi = [-0.57775738  0.67034519  0.74385925  0.38955563]
2025-12-13 21:29:53,357 - INFO - num_full_subsets = 2
2025-12-13 21:29:53,390 - INFO - phi = [ 0.57666342  0.27089093 -0.18970835  0.54984791]
2025-12-13 21:29:53,406 - INFO - num_full_subsets = 2
2025-12-13 21:29:53,439 - INFO - phi = [-0.01687533  0.68514501  0.98391362  0.77527338]
2025-12-13 21:29:53,455 - INFO - num_full_subsets = 2
2025-12-13 21:29:53,488 - INFO - phi = [-0.18343476  0.45214136 -0.49099037  0.50652966]
2025-12-13 21:29:53,504 - INFO - num_full_subsets = 2
2025-12-13 21:29:53,537 - INFO - phi = [-0.18364765  0.93659259 -0.03710321  0.86777387]
2025-12-13 21:29:53,553 - INFO - num_full_subsets = 2
2025-12-13 21:29:53,586 - INFO - phi = [ 0.05647903  0.87194896 -0.21201917  0.36448182]
2025-12-13 21:29:53,602 - INFO - num_full_subsets = 2
2025-12-13 21:29:53,635 - INFO - phi = [-0.08130113 -0.36989392  1.01843878 -1.19891358]
2025-12-13 21:29:53,651 - INFO - num_full_subsets = 2
2025-12-13 21:29:53,684 - INFO - phi = [-0.33351793 -0.13857238 -0.02825411 -0.49136936]
2025-12-13 21:29:53,700 - INFO - num_full_subsets = 2
2025-12-13 21:29:53,733 - INFO - phi = [ 1.10730235  0.23529286 -0.40817156 -1.06182104]
2025-12-13 21:29:53,749 - INFO - num_full_subsets = 2
2025-12-13 21:29:53,782 - INFO - phi = [-0.23290232 -1.09228867 -0.08864437 -0.54435465]
2025-12-13 21:29:53,798 - INFO - num_full_subsets = 2
2025-12-13 21:29:53,832 - INFO - phi = [-0.0944763   0.559451   -0.29758594  0.66170708]
2025-12-13 21:29:53,848 - INFO - num_full_subsets = 2
2025-12-13 21:29:53,881 - INFO - phi = [-0.34849046 -1.17489117 -0.26590597 -0.19834188]
2025-12-13 21:29:53,897 - INFO - num_full_subsets = 2
2025-12-13 21:29:53,929 - INFO - phi = [0.01411744 0.84914678 0.93447452 1.13168652]
2025-12-13 21:29:53,945 - INFO - num_full_subsets = 2
2025-12-13 21:29:53,979 - INFO - phi = [-0.32245321 -0.42737201 -0.14197507 -1.00728227]
2025-12-13 21:29:53,995 - INFO - num_full_subsets = 2
2025-12-13 21:29:54,028 - INFO - phi = [-0.0265647   0.45601045  0.79581626 -2.27244131]
2025-12-13 21:29:54,044 - INFO - num_full_subsets = 2
2025-12-13 21:29:54,078 - INFO - phi = [0.38684903 0.88335572 1.01175581 0.9693144 ]
2025-12-13 21:29:54,094 - INFO - num_full_subsets = 2
2025-12-13 21:29:54,126 - INFO - phi = [ 1.41782421 -0.02050119 -0.10816868 -1.49744875]
2025-12-13 21:29:54,142 - INFO - num_full_subsets = 2
2025-12-13 21:29:54,175 - INFO - phi = [-0.39067344 -0.62315228 -0.16047779 -0.55328559]
2025-12-13 21:29:54,191 - INFO - num_full_subsets = 2
2025-12-13 21:29:54,224 - INFO - phi = [ 0.79478554  0.26773638 -0.42263864 -0.05156599]
2025-12-13 21:29:54,240 - INFO - num_full_subsets = 2
2025-12-13 21:29:54,274 - INFO - phi = [-0.22735011 -0.31772213  0.84724351 -1.45044368]
2025-12-13 21:29:54,289 - INFO - num_full_subsets = 2
2025-12-13 21:29:54,322 - INFO - phi = [-0.38093748 -0.3280097  -0.21372827 -0.47488125]
2025-12-13 21:29:54,338 - INFO - num_full_subsets = 2
2025-12-13 21:29:54,370 - INFO - phi = [ 0.481343   -0.51259861 -0.25269263  0.41191599]
2025-12-13 21:29:54,387 - INFO - num_full_subsets = 2
2025-12-13 21:29:54,420 - INFO - phi = [-0.31924334 -0.79960739 -0.52167555  0.48877546]
2025-12-13 21:29:54,436 - INFO - num_full_subsets = 2
2025-12-13 21:29:54,468 - INFO - phi = [-0.18787837  0.19904807 -0.69000661  0.01534849]
2025-12-13 21:29:54,484 - INFO - num_full_subsets = 2
2025-12-13 21:29:54,517 - INFO - phi = [0.44753424 0.14742184 0.19787618 0.77104064]
2025-12-13 21:29:54,534 - INFO - num_full_subsets = 2
2025-12-13 21:29:54,567 - INFO - phi = [-0.40564999  0.17645     0.7426064   0.80707962]
2025-12-13 21:29:54,583 - INFO - num_full_subsets = 2
2025-12-13 21:29:54,615 - INFO - phi = [-0.15687625  0.04563233 -0.09888228  0.25483105]
2025-12-13 21:29:54,631 - INFO - num_full_subsets = 2
2025-12-13 21:29:54,664 - INFO - phi = [-0.2369938   0.70415568 -0.16299514  0.77056672]
2025-12-13 21:29:55,174 - INFO - Computing feature importance...
2025-12-13 21:29:55,997 - INFO - Experiment completed for SVM
2025-12-13 21:29:55,997 - INFO - Total time: 24.77s (0.41 min)
2025-12-13 21:29:55,997 - INFO - Starting comprehensive experiment for SVM
2025-12-13 21:30:04,518 - INFO - Performing feature analysis...
2025-12-13 21:30:05,848 - INFO - Model justification: Effective for high-dimensional spaces and non-linear relationships using kernel trick
2025-12-13 21:30:05,848 - INFO - Performing robust cross-validation...
2025-12-13 21:30:06,030 - INFO - CV Results - MSE: 1.6591 ± 0.2059
2025-12-13 21:30:06,030 - INFO - Starting hyperparameter optimization...
2025-12-13 21:30:11,105 - INFO - Best parameters for SVM: {'C': 18.708429518727716, 'epsilon': 0.007543695991995835, 'kernel': 'rbf'}
2025-12-13 21:30:11,105 - INFO - ⏱️ HPO took 5.07 seconds
2025-12-13 21:30:11,105 - INFO - Training final model...
2025-12-13 21:30:11,130 - INFO - ⏱️ Training took 0.03 seconds
2025-12-13 21:30:11,130 - INFO - Performing residual analysis...
2025-12-13 21:30:12,191 - INFO - Generating XAI explanations...
2025-12-13 21:30:12,193 - WARNING - Using 168 background data samples could cause slower run times. Consider using shap.sample(data, K) or shap.kmeans(data, K) to summarize the background as K samples.
2025-12-13 21:30:12,209 - INFO - num_full_subsets = 2
2025-12-13 21:30:12,247 - INFO - phi = [0.25533264 0.85191261 1.13312337 0.78627576]
2025-12-13 21:30:12,263 - INFO - num_full_subsets = 2
2025-12-13 21:30:12,300 - INFO - phi = [0.02100813 1.00493033 1.33704149 0.59682121]
2025-12-13 21:30:12,317 - INFO - num_full_subsets = 2
2025-12-13 21:30:12,354 - INFO - phi = [0.04577436 0.32794274 0.85111439 0.7221647 ]
2025-12-13 21:30:12,370 - INFO - num_full_subsets = 2
2025-12-13 21:30:12,407 - INFO - phi = [-0.18266207  1.05184514 -0.24888333  0.74827136]
2025-12-13 21:30:12,423 - INFO - num_full_subsets = 2
2025-12-13 21:30:12,460 - INFO - phi = [-0.22182193 -0.91439345  0.71476506  0.78640217]
2025-12-13 21:30:12,476 - INFO - num_full_subsets = 2
2025-12-13 21:30:12,514 - INFO - phi = [ 0.61731317  0.42147139 -0.35441634 -0.16213151]
2025-12-13 21:30:12,530 - INFO - num_full_subsets = 2
2025-12-13 21:30:12,567 - INFO - phi = [ 1.05187577  0.68240756 -0.02762749 -0.8867314 ]
2025-12-13 21:30:12,583 - INFO - num_full_subsets = 2
2025-12-13 21:30:12,620 - INFO - phi = [-0.3380322  -0.96871911 -0.12625169  0.16596676]
2025-12-13 21:30:12,637 - INFO - num_full_subsets = 2
2025-12-13 21:30:12,674 - INFO - phi = [-0.25671987 -0.19972013 -0.26735385 -0.465503  ]
2025-12-13 21:30:12,690 - INFO - num_full_subsets = 2
2025-12-13 21:30:12,727 - INFO - phi = [-0.3749603  -0.65100346 -0.02214983 -0.44584387]
2025-12-13 21:30:12,743 - INFO - num_full_subsets = 2
2025-12-13 21:30:12,780 - INFO - phi = [ 0.77009354 -0.40408579 -0.14447819  0.46870134]
2025-12-13 21:30:12,796 - INFO - num_full_subsets = 2
2025-12-13 21:30:12,834 - INFO - phi = [-0.15039085  0.45415061 -0.26938292  0.55435066]
2025-12-13 21:30:12,850 - INFO - num_full_subsets = 2
2025-12-13 21:30:12,887 - INFO - phi = [ 0.37676115  0.10907173 -0.16424455 -0.35743103]
2025-12-13 21:30:12,903 - INFO - num_full_subsets = 2
2025-12-13 21:30:12,940 - INFO - phi = [-0.39840968 -0.83450668 -0.13676769 -0.19884458]
2025-12-13 21:30:12,956 - INFO - num_full_subsets = 2
2025-12-13 21:30:12,993 - INFO - phi = [-0.39523273 -0.45415296 -0.0830101  -0.43424071]
2025-12-13 21:30:13,009 - INFO - num_full_subsets = 2
2025-12-13 21:30:13,046 - INFO - phi = [-0.28168403 -1.21997912 -0.31086496  0.42838345]
2025-12-13 21:30:13,063 - INFO - num_full_subsets = 2
2025-12-13 21:30:13,100 - INFO - phi = [-0.37329688 -0.1630646   0.04052724 -0.86265543]
2025-12-13 21:30:13,117 - INFO - num_full_subsets = 2
2025-12-13 21:30:13,154 - INFO - phi = [-0.26395082 -0.52909627 -0.48025012  0.5519649 ]
2025-12-13 21:30:13,170 - INFO - num_full_subsets = 2
2025-12-13 21:30:13,208 - INFO - phi = [-0.40408175 -0.75334956 -0.11202265 -0.53729294]
2025-12-13 21:30:13,224 - INFO - num_full_subsets = 2
2025-12-13 21:30:13,261 - INFO - phi = [-0.27954758 -0.97106935  0.65041528 -0.80566064]
2025-12-13 21:30:13,277 - INFO - num_full_subsets = 2
2025-12-13 21:30:13,314 - INFO - phi = [-0.22438049  0.2462625  -0.58815775  0.55352338]
2025-12-13 21:30:13,330 - INFO - num_full_subsets = 2
2025-12-13 21:30:13,367 - INFO - phi = [ 0.31475504  0.76801205 -0.51477632  0.63084113]
2025-12-13 21:30:13,383 - INFO - num_full_subsets = 2
2025-12-13 21:30:13,420 - INFO - phi = [-0.25749543 -0.78228525  0.13117055 -0.86397604]
2025-12-13 21:30:13,437 - INFO - num_full_subsets = 2
2025-12-13 21:30:13,473 - INFO - phi = [ 0.49523852  0.48611962 -0.1766077   0.44045687]
2025-12-13 21:30:13,490 - INFO - num_full_subsets = 2
2025-12-13 21:30:13,527 - INFO - phi = [ 0.7349179  -0.12264288 -0.53689719  0.47395867]
2025-12-13 21:30:13,543 - INFO - num_full_subsets = 2
2025-12-13 21:30:13,580 - INFO - phi = [-0.39950775 -0.63391918 -0.09561186 -0.58600043]
2025-12-13 21:30:13,596 - INFO - num_full_subsets = 2
2025-12-13 21:30:13,633 - INFO - phi = [ 0.73101876 -0.47445316 -0.2331158  -0.86979857]
2025-12-13 21:30:13,649 - INFO - num_full_subsets = 2
2025-12-13 21:30:13,687 - INFO - phi = [-0.18154474  0.58398735 -0.47803949 -0.41489295]
2025-12-13 21:30:13,703 - INFO - num_full_subsets = 2
2025-12-13 21:30:13,740 - INFO - phi = [ 0.77674808  0.69129952  0.45631333 -0.56671537]
2025-12-13 21:30:13,756 - INFO - num_full_subsets = 2
2025-12-13 21:30:13,793 - INFO - phi = [-0.37244559 -1.18412964 -0.11138239  0.01754272]
2025-12-13 21:30:13,810 - INFO - num_full_subsets = 2
2025-12-13 21:30:13,847 - INFO - phi = [-0.40807571 -0.51428793 -0.20795833 -0.54218028]
2025-12-13 21:30:13,863 - INFO - num_full_subsets = 2
2025-12-13 21:30:13,899 - INFO - phi = [-0.12857971  1.51859414  0.06103591 -0.43205002]
2025-12-13 21:30:13,916 - INFO - num_full_subsets = 2
2025-12-13 21:30:13,953 - INFO - phi = [-0.39736139 -0.97514612 -0.05758119 -0.11315856]
2025-12-13 21:30:13,969 - INFO - num_full_subsets = 2
2025-12-13 21:30:14,006 - INFO - phi = [0.51234352 0.29339949 1.31702205 1.16547147]
2025-12-13 21:30:14,023 - INFO - num_full_subsets = 2
2025-12-13 21:30:14,060 - INFO - phi = [ 0.00200667  0.6849371  -0.33461409  0.72341352]
2025-12-13 21:30:14,076 - INFO - num_full_subsets = 2
2025-12-13 21:30:14,114 - INFO - phi = [-0.27574529 -0.68439425 -0.48559431  0.53206937]
2025-12-13 21:30:14,130 - INFO - num_full_subsets = 2
2025-12-13 21:30:14,167 - INFO - phi = [-0.17854194  0.44281009 -0.67931134  0.26566138]
2025-12-13 21:30:14,183 - INFO - num_full_subsets = 2
2025-12-13 21:30:14,220 - INFO - phi = [-0.25671987 -0.19972013 -0.26735385 -0.465503  ]
2025-12-13 21:30:14,237 - INFO - num_full_subsets = 2
2025-12-13 21:30:14,274 - INFO - phi = [-0.39995009 -0.92300522  0.61242959 -1.04470896]
2025-12-13 21:30:14,290 - INFO - num_full_subsets = 2
2025-12-13 21:30:14,327 - INFO - phi = [ 1.16884878  0.52465339 -0.00256393 -0.59747353]
2025-12-13 21:30:14,343 - INFO - num_full_subsets = 2
2025-12-13 21:30:14,379 - INFO - phi = [-0.16666218  0.68445624 -0.57970378  0.39662367]
2025-12-13 21:30:14,395 - INFO - num_full_subsets = 2
2025-12-13 21:30:14,432 - INFO - phi = [ 0.16480368  0.86925033 -0.51320673  0.58201588]
2025-12-13 21:30:14,449 - INFO - num_full_subsets = 2
2025-12-13 21:30:14,487 - INFO - phi = [-0.22152211 -0.3576575  -0.20397941  0.79998003]
2025-12-13 21:30:14,503 - INFO - num_full_subsets = 2
2025-12-13 21:30:14,540 - INFO - phi = [0.84511673 1.0327095  0.50354099 0.75662427]
2025-12-13 21:30:14,556 - INFO - num_full_subsets = 2
2025-12-13 21:30:14,593 - INFO - phi = [ 0.48383939  0.55007148  0.20153714 -0.31117074]
2025-12-13 21:30:14,609 - INFO - num_full_subsets = 2
2025-12-13 21:30:14,647 - INFO - phi = [-0.37591732 -0.6615109  -0.02663743 -0.37764496]
2025-12-13 21:30:14,663 - INFO - num_full_subsets = 2
2025-12-13 21:30:14,700 - INFO - phi = [-0.18237637 -0.31375981  0.66889027 -1.73010381]
2025-12-13 21:30:14,717 - INFO - num_full_subsets = 2
2025-12-13 21:30:14,754 - INFO - phi = [-0.17871509  0.80645636 -0.24994025  0.32054866]
2025-12-13 21:30:14,770 - INFO - num_full_subsets = 2
2025-12-13 21:30:14,806 - INFO - phi = [ 0.12716569  0.97699767 -0.07028215  0.90878538]
2025-12-13 21:30:14,822 - INFO - num_full_subsets = 2
2025-12-13 21:30:14,860 - INFO - phi = [-0.39473227 -0.57558477 -0.17070256 -0.51747725]
2025-12-13 21:30:14,876 - INFO - num_full_subsets = 2
2025-12-13 21:30:14,912 - INFO - phi = [-0.31219603 -0.50281408 -0.06995758 -0.59574663]
2025-12-13 21:30:14,929 - INFO - num_full_subsets = 2
2025-12-13 21:30:14,965 - INFO - phi = [-0.22222373  0.7126271  -0.14029924  0.59605272]
2025-12-13 21:30:14,982 - INFO - num_full_subsets = 2
2025-12-13 21:30:15,020 - INFO - phi = [-0.39679614 -0.77696559 -0.03043111 -0.28487962]
2025-12-13 21:30:15,036 - INFO - num_full_subsets = 2
2025-12-13 21:30:15,074 - INFO - phi = [-0.39202685 -0.54757414 -0.18416431 -0.48302904]
2025-12-13 21:30:15,090 - INFO - num_full_subsets = 2
2025-12-13 21:30:15,127 - INFO - phi = [-0.35254251 -1.0377385  -0.14842825  0.20444984]
2025-12-13 21:30:15,144 - INFO - num_full_subsets = 2
2025-12-13 21:30:15,181 - INFO - phi = [-0.20890797  0.299687   -0.23417225  0.92813733]
2025-12-13 21:30:15,197 - INFO - num_full_subsets = 2
2025-12-13 21:30:15,235 - INFO - phi = [-0.35596384 -0.4640365  -0.0459488  -0.59260724]
2025-12-13 21:30:15,251 - INFO - num_full_subsets = 2
2025-12-13 21:30:15,288 - INFO - phi = [0.90123877 0.52068552 0.01517213 0.68496006]
2025-12-13 21:30:15,305 - INFO - num_full_subsets = 2
2025-12-13 21:30:15,342 - INFO - phi = [-0.17218268  0.58831152 -0.32190614  0.79877369]
2025-12-13 21:30:15,358 - INFO - num_full_subsets = 2
2025-12-13 21:30:15,395 - INFO - phi = [ 0.81528232  0.5581824   0.19997517 -1.14159299]
2025-12-13 21:30:15,412 - INFO - num_full_subsets = 2
2025-12-13 21:30:15,449 - INFO - phi = [-0.35495033 -1.25076187 -0.13055743 -0.14394293]
2025-12-13 21:30:15,465 - INFO - num_full_subsets = 2
2025-12-13 21:30:15,502 - INFO - phi = [-0.26979531 -0.273426   -0.29621622  0.26444129]
2025-12-13 21:30:15,518 - INFO - num_full_subsets = 2
2025-12-13 21:30:15,555 - INFO - phi = [0.73304214 0.83914353 0.16883209 0.33836706]
2025-12-13 21:30:15,571 - INFO - num_full_subsets = 2
2025-12-13 21:30:15,608 - INFO - phi = [-0.19542238 -0.83712664  1.23086747 -0.94769103]
2025-12-13 21:30:15,624 - INFO - num_full_subsets = 2
2025-12-13 21:30:15,662 - INFO - phi = [ 0.81464463  0.41531271 -0.22015035 -0.59059413]
2025-12-13 21:30:15,678 - INFO - num_full_subsets = 2
2025-12-13 21:30:15,715 - INFO - phi = [-0.32550683 -0.76464426  0.03149946  0.41145318]
2025-12-13 21:30:15,731 - INFO - num_full_subsets = 2
2025-12-13 21:30:15,768 - INFO - phi = [-0.14687329  0.31230293 -0.50007852  0.85532924]
2025-12-13 21:30:15,784 - INFO - num_full_subsets = 2
2025-12-13 21:30:15,821 - INFO - phi = [ 0.99057613  0.35808042 -0.35686113 -0.42982115]
2025-12-13 21:30:15,837 - INFO - num_full_subsets = 2
2025-12-13 21:30:15,874 - INFO - phi = [ 0.21010799  0.43385589 -0.43095346  0.51637239]
2025-12-13 21:30:15,890 - INFO - num_full_subsets = 2
2025-12-13 21:30:15,927 - INFO - phi = [-0.40408175 -0.75334956 -0.11202265 -0.53729294]
2025-12-13 21:30:15,943 - INFO - num_full_subsets = 2
2025-12-13 21:30:15,980 - INFO - phi = [-0.17988831  0.52368265 -0.29590671  0.85037025]
2025-12-13 21:30:15,996 - INFO - num_full_subsets = 2
2025-12-13 21:30:16,034 - INFO - phi = [0.18732234 0.80413572 0.18626824 0.68095774]
2025-12-13 21:30:16,051 - INFO - num_full_subsets = 2
2025-12-13 21:30:16,088 - INFO - phi = [ 0.61463642  0.12686425  0.5261046  -1.1102298 ]
2025-12-13 21:30:16,104 - INFO - num_full_subsets = 2
2025-12-13 21:30:16,142 - INFO - phi = [ 0.28703891  0.10689818 -0.23265117  0.00282195]
2025-12-13 21:30:16,158 - INFO - num_full_subsets = 2
2025-12-13 21:30:16,196 - INFO - phi = [-0.22476721 -0.22062274 -0.52973601  0.79806915]
2025-12-13 21:30:16,212 - INFO - num_full_subsets = 2
2025-12-13 21:30:16,249 - INFO - phi = [-0.38746713 -0.96354028 -0.06120919 -0.11028513]
2025-12-13 21:30:16,265 - INFO - num_full_subsets = 2
2025-12-13 21:30:16,302 - INFO - phi = [ 0.95972231  0.37227338 -0.33090623 -0.45009557]
2025-12-13 21:30:16,318 - INFO - num_full_subsets = 2
2025-12-13 21:30:16,354 - INFO - phi = [ 0.75865571  0.90310763 -0.25296299  0.76710144]
2025-12-13 21:30:16,371 - INFO - num_full_subsets = 2
2025-12-13 21:30:16,408 - INFO - phi = [-0.26888944  0.36602249 -0.74806032  0.30594265]
2025-12-13 21:30:16,424 - INFO - num_full_subsets = 2
2025-12-13 21:30:16,461 - INFO - phi = [-0.32145432 -0.21349494  0.18310384 -0.19253572]
2025-12-13 21:30:16,477 - INFO - num_full_subsets = 2
2025-12-13 21:30:16,514 - INFO - phi = [ 0.3693392   0.28900676 -0.68454404  0.37386903]
2025-12-13 21:30:16,530 - INFO - num_full_subsets = 2
2025-12-13 21:30:16,567 - INFO - phi = [0.08014475 2.40646362 0.29484981 0.45338377]
2025-12-13 21:30:16,583 - INFO - num_full_subsets = 2
2025-12-13 21:30:16,620 - INFO - phi = [-0.17644391  0.92237038 -0.54923185  0.5527114 ]
2025-12-13 21:30:16,637 - INFO - num_full_subsets = 2
2025-12-13 21:30:16,673 - INFO - phi = [-0.34710853 -1.21903806 -0.33156027  0.29463783]
2025-12-13 21:30:16,690 - INFO - num_full_subsets = 2
2025-12-13 21:30:16,727 - INFO - phi = [-0.39114818 -0.66393045 -0.06968591 -0.5343685 ]
2025-12-13 21:30:16,743 - INFO - num_full_subsets = 2
2025-12-13 21:30:16,780 - INFO - phi = [-0.34021468 -0.71836552  1.21070239 -1.2090873 ]
2025-12-13 21:30:16,796 - INFO - num_full_subsets = 2
2025-12-13 21:30:16,833 - INFO - phi = [-0.31866854 -0.5953745  -0.11291079 -0.5456758 ]
2025-12-13 21:30:16,849 - INFO - num_full_subsets = 2
2025-12-13 21:30:16,886 - INFO - phi = [-0.0894807   0.49815093 -0.10415009  0.65703844]
2025-12-13 21:30:16,903 - INFO - num_full_subsets = 2
2025-12-13 21:30:16,939 - INFO - phi = [ 0.46554291 -0.00235291 -0.52289371  0.46524314]
2025-12-13 21:30:16,955 - INFO - num_full_subsets = 2
2025-12-13 21:30:16,993 - INFO - phi = [ 0.07373703  0.95732647 -0.17163128  0.834116  ]
2025-12-13 21:30:17,009 - INFO - num_full_subsets = 2
2025-12-13 21:30:17,046 - INFO - phi = [-0.43500412 -0.42849131  0.09147548 -0.94826558]
2025-12-13 21:30:17,063 - INFO - num_full_subsets = 2
2025-12-13 21:30:17,100 - INFO - phi = [-0.37952201 -0.736856    0.74843562 -1.1260626 ]
2025-12-13 21:30:17,116 - INFO - num_full_subsets = 2
2025-12-13 21:30:17,153 - INFO - phi = [-0.28249182  0.57022074 -0.19704782  0.20060088]
2025-12-13 21:30:17,169 - INFO - num_full_subsets = 2
2025-12-13 21:30:17,207 - INFO - phi = [ 0.06542945  0.96901911  1.56029991 -1.29335285]
2025-12-13 21:30:17,223 - INFO - num_full_subsets = 2
2025-12-13 21:30:17,260 - INFO - phi = [0.2466941  0.16579711 0.19558645 0.60903448]
2025-12-13 21:30:17,276 - INFO - num_full_subsets = 2
2025-12-13 21:30:17,313 - INFO - phi = [-0.3434028  -0.71287871 -0.38244885  0.18945933]
2025-12-13 21:30:17,330 - INFO - num_full_subsets = 2
2025-12-13 21:30:17,366 - INFO - phi = [-0.40497013 -0.91497212 -0.24900301 -0.04124288]
2025-12-13 21:30:17,383 - INFO - num_full_subsets = 2
2025-12-13 21:30:17,419 - INFO - phi = [-0.30383723  0.85953467 -0.14131867  0.29866338]
2025-12-13 21:30:17,436 - INFO - num_full_subsets = 2
2025-12-13 21:30:17,472 - INFO - phi = [-0.41562642 -0.54967651 -0.1959649  -0.37102468]
2025-12-13 21:30:17,488 - INFO - num_full_subsets = 2
2025-12-13 21:30:17,525 - INFO - phi = [ 0.46933022 -0.14141213 -0.25680795  0.58151961]
2025-12-13 21:30:17,541 - INFO - num_full_subsets = 2
2025-12-13 21:30:17,579 - INFO - phi = [-0.3147691  -0.90795696 -0.18170023  0.40747699]
2025-12-13 21:30:17,595 - INFO - num_full_subsets = 2
2025-12-13 21:30:17,632 - INFO - phi = [0.40295128 0.93702312 0.11724153 0.69835113]
2025-12-13 21:30:17,648 - INFO - num_full_subsets = 2
2025-12-13 21:30:17,685 - INFO - phi = [ 0.70436959  0.44687301  0.23480781 -1.0247767 ]
2025-12-13 21:30:17,701 - INFO - num_full_subsets = 2
2025-12-13 21:30:17,738 - INFO - phi = [-0.41702192 -0.51676448 -0.38907196 -0.0898705 ]
2025-12-13 21:30:17,755 - INFO - num_full_subsets = 2
2025-12-13 21:30:17,792 - INFO - phi = [-0.38731742 -1.16697757 -0.1199132   0.01685026]
2025-12-13 21:30:17,808 - INFO - num_full_subsets = 2
2025-12-13 21:30:17,845 - INFO - phi = [ 0.38519     0.32823642 -0.62098559  0.51339841]
2025-12-13 21:30:17,862 - INFO - num_full_subsets = 2
2025-12-13 21:30:17,899 - INFO - phi = [-0.40525618 -0.90463475 -0.13127225 -0.1883909 ]
2025-12-13 21:30:17,915 - INFO - num_full_subsets = 2
2025-12-13 21:30:17,952 - INFO - phi = [-0.39314334 -1.38871247 -0.23300144  0.12296489]
2025-12-13 21:30:17,969 - INFO - num_full_subsets = 2
2025-12-13 21:30:18,006 - INFO - phi = [-0.47728316  0.36179766 -0.23283    -0.73994181]
2025-12-13 21:30:18,023 - INFO - num_full_subsets = 2
2025-12-13 21:30:18,060 - INFO - phi = [-0.26707281  0.53331695  1.06312237  0.59005078]
2025-12-13 21:30:18,077 - INFO - num_full_subsets = 2
2025-12-13 21:30:18,114 - INFO - phi = [-0.36601999 -0.02326827 -0.1580314   0.45366361]
2025-12-13 21:30:18,130 - INFO - num_full_subsets = 2
2025-12-13 21:30:18,168 - INFO - phi = [ 0.65541466  0.57002502  0.59727437 -0.74160204]
2025-12-13 21:30:18,184 - INFO - num_full_subsets = 2
2025-12-13 21:30:18,222 - INFO - phi = [-0.1862898   0.6838159  -0.12600655  0.94963189]
2025-12-13 21:30:18,238 - INFO - num_full_subsets = 2
2025-12-13 21:30:18,276 - INFO - phi = [ 0.72957954 -0.06651825  0.82025212 -0.67293761]
2025-12-13 21:30:18,292 - INFO - num_full_subsets = 2
2025-12-13 21:30:18,329 - INFO - phi = [-0.44285725 -0.15689986  0.07266122 -0.85491173]
2025-12-13 21:30:18,346 - INFO - num_full_subsets = 2
2025-12-13 21:30:18,382 - INFO - phi = [-0.09789062  0.0241017  -0.44541373  0.41404338]
2025-12-13 21:30:18,399 - INFO - num_full_subsets = 2
2025-12-13 21:30:18,436 - INFO - phi = [-0.27216811 -0.58534961  1.34300556 -1.00526734]
2025-12-13 21:30:18,452 - INFO - num_full_subsets = 2
2025-12-13 21:30:18,490 - INFO - phi = [-0.42490351 -0.83790757  0.09519417 -0.77202015]
2025-12-13 21:30:18,506 - INFO - num_full_subsets = 2
2025-12-13 21:30:18,544 - INFO - phi = [-0.06407835  0.66879509 -0.42540945  0.64703564]
2025-12-13 21:30:18,560 - INFO - num_full_subsets = 2
2025-12-13 21:30:18,597 - INFO - phi = [-0.26657091 -0.16426603  0.47343    -0.98521946]
2025-12-13 21:30:18,613 - INFO - num_full_subsets = 2
2025-12-13 21:30:18,651 - INFO - phi = [ 1.03974856  0.39175648 -0.16767247 -0.82708559]
2025-12-13 21:30:18,667 - INFO - num_full_subsets = 2
2025-12-13 21:30:18,704 - INFO - phi = [ 0.27074604  0.45596844 -0.03814542  0.60944833]
2025-12-13 21:30:18,721 - INFO - num_full_subsets = 2
2025-12-13 21:30:18,758 - INFO - phi = [-0.37002058 -1.31278462 -0.14789096  0.13803491]
2025-12-13 21:30:18,774 - INFO - num_full_subsets = 2
2025-12-13 21:30:18,811 - INFO - phi = [-0.42842292 -0.56096624 -0.13102686 -0.41531357]
2025-12-13 21:30:18,827 - INFO - num_full_subsets = 2
2025-12-13 21:30:18,864 - INFO - phi = [ 0.8408166  -0.20085196 -0.5408261   0.00707267]
2025-12-13 21:30:18,880 - INFO - num_full_subsets = 2
2025-12-13 21:30:18,918 - INFO - phi = [-0.35046648 -0.5052375  -0.05548487 -0.62962374]
2025-12-13 21:30:18,934 - INFO - num_full_subsets = 2
2025-12-13 21:30:18,971 - INFO - phi = [0.36520342 0.57381034 0.12868263 0.67879957]
2025-12-13 21:30:18,987 - INFO - num_full_subsets = 2
2025-12-13 21:30:19,025 - INFO - phi = [-0.36831301 -0.77899995 -0.05052012 -0.37295623]
2025-12-13 21:30:19,041 - INFO - num_full_subsets = 2
2025-12-13 21:30:19,078 - INFO - phi = [0.2466941  0.16579711 0.19558645 0.60903448]
2025-12-13 21:30:19,095 - INFO - num_full_subsets = 2
2025-12-13 21:30:19,131 - INFO - phi = [-0.19863082  0.27168115 -0.42482201  0.64471178]
2025-12-13 21:30:19,148 - INFO - num_full_subsets = 2
2025-12-13 21:30:19,185 - INFO - phi = [ 0.18067204  0.03595552  1.06098661 -0.08948897]
2025-12-13 21:30:19,201 - INFO - num_full_subsets = 2
2025-12-13 21:30:19,238 - INFO - phi = [0.73268044 0.91730417 0.4432819  0.74066066]
2025-12-13 21:30:19,254 - INFO - num_full_subsets = 2
2025-12-13 21:30:19,291 - INFO - phi = [-0.33916517 -0.08885775  0.17399456 -0.45686782]
2025-12-13 21:30:19,307 - INFO - num_full_subsets = 2
2025-12-13 21:30:19,345 - INFO - phi = [-0.33975349 -0.52932016 -0.08346539 -0.62777594]
2025-12-13 21:30:19,361 - INFO - num_full_subsets = 2
2025-12-13 21:30:19,398 - INFO - phi = [-0.40842969 -0.68038066  0.33862809 -0.94208396]
2025-12-13 21:30:19,414 - INFO - num_full_subsets = 2
2025-12-13 21:30:19,451 - INFO - phi = [-0.36493755 -0.54610005 -0.03940962 -0.7087386 ]
2025-12-13 21:30:19,467 - INFO - num_full_subsets = 2
2025-12-13 21:30:19,505 - INFO - phi = [-0.26396824  0.33484234 -0.47415947  0.21275836]
2025-12-13 21:30:19,521 - INFO - num_full_subsets = 2
2025-12-13 21:30:19,558 - INFO - phi = [ 0.3733096  -0.148236    1.20881397  0.56398921]
2025-12-13 21:30:19,574 - INFO - num_full_subsets = 2
2025-12-13 21:30:19,612 - INFO - phi = [ 0.81695243  0.17462823 -0.16961898 -0.90850531]
2025-12-13 21:30:19,628 - INFO - num_full_subsets = 2
2025-12-13 21:30:19,665 - INFO - phi = [-0.15039085  0.45415061 -0.26938292  0.55435066]
2025-12-13 21:30:19,681 - INFO - num_full_subsets = 2
2025-12-13 21:30:19,718 - INFO - phi = [-0.27132553 -0.66396196 -0.16753397 -0.45277094]
2025-12-13 21:30:19,735 - INFO - num_full_subsets = 2
2025-12-13 21:30:19,772 - INFO - phi = [0.27175569 0.90458557 0.84773313 0.60875563]
2025-12-13 21:30:19,788 - INFO - num_full_subsets = 2
2025-12-13 21:30:19,825 - INFO - phi = [-0.39964232 -0.62337116 -0.06286201 -0.28940321]
2025-12-13 21:30:19,841 - INFO - num_full_subsets = 2
2025-12-13 21:30:19,878 - INFO - phi = [-0.38473736 -0.47742465 -0.14097065 -0.52915693]
2025-12-13 21:30:19,894 - INFO - num_full_subsets = 2
2025-12-13 21:30:19,931 - INFO - phi = [-0.11599859  1.14518212  0.90402419  0.64565199]
2025-12-13 21:30:19,947 - INFO - num_full_subsets = 2
2025-12-13 21:30:19,984 - INFO - phi = [-0.34509925 -0.53896211 -0.01608749 -0.64541328]
2025-12-13 21:30:20,001 - INFO - num_full_subsets = 2
2025-12-13 21:30:20,038 - INFO - phi = [ 0.47405035  0.05440471 -0.44330967  0.05462195]
2025-12-13 21:30:20,054 - INFO - num_full_subsets = 2
2025-12-13 21:30:20,091 - INFO - phi = [-0.3845491  -1.05418613 -0.09394084 -0.11378591]
2025-12-13 21:30:20,108 - INFO - num_full_subsets = 2
2025-12-13 21:30:20,145 - INFO - phi = [-0.19075586  0.43997291 -0.63932893  0.13441843]
2025-12-13 21:30:20,161 - INFO - num_full_subsets = 2
2025-12-13 21:30:20,198 - INFO - phi = [0.75084556 0.25544255 0.26624736 0.76485866]
2025-12-13 21:30:20,214 - INFO - num_full_subsets = 2
2025-12-13 21:30:20,251 - INFO - phi = [1.04324903 0.5372729  0.22688109 0.22100689]
2025-12-13 21:30:20,267 - INFO - num_full_subsets = 2
2025-12-13 21:30:20,304 - INFO - phi = [ 0.48634951 -0.11882699 -0.32501414  0.56872878]
2025-12-13 21:30:20,320 - INFO - num_full_subsets = 2
2025-12-13 21:30:20,357 - INFO - phi = [-0.33950778  0.98328024 -0.10609837  0.54138351]
2025-12-13 21:30:20,373 - INFO - num_full_subsets = 2
2025-12-13 21:30:20,410 - INFO - phi = [ 0.43832466  0.07309655 -0.22564998 -0.08037907]
2025-12-13 21:30:20,427 - INFO - num_full_subsets = 2
2025-12-13 21:30:20,463 - INFO - phi = [-0.29391744  0.4470795  -0.18787063  0.30801714]
2025-12-13 21:30:20,479 - INFO - num_full_subsets = 2
2025-12-13 21:30:20,516 - INFO - phi = [0.07224631 0.82317444 1.15856834 0.66915077]
2025-12-13 21:30:20,532 - INFO - num_full_subsets = 2
2025-12-13 21:30:20,569 - INFO - phi = [-0.3259769  -0.65687992 -0.03586147 -0.55861922]
2025-12-13 21:30:20,585 - INFO - num_full_subsets = 2
2025-12-13 21:30:20,622 - INFO - phi = [-0.25010832 -0.83859143 -0.01815387 -0.48795185]
2025-12-13 21:30:20,638 - INFO - num_full_subsets = 2
2025-12-13 21:30:20,675 - INFO - phi = [ 0.97366537  0.56152308 -0.00819634 -0.99437795]
2025-12-13 21:30:20,691 - INFO - num_full_subsets = 2
2025-12-13 21:30:20,729 - INFO - phi = [-0.11528754  0.5889378  -0.37532984  0.63213528]
2025-12-13 21:30:20,745 - INFO - num_full_subsets = 2
2025-12-13 21:30:20,782 - INFO - phi = [-0.1428584   0.56760921 -0.38005706  0.61144537]
2025-12-13 21:30:20,798 - INFO - num_full_subsets = 2
2025-12-13 21:30:20,835 - INFO - phi = [-0.43946594 -0.52772177 -0.14279608 -0.48652856]
2025-12-13 21:30:20,852 - INFO - num_full_subsets = 2
2025-12-13 21:30:20,888 - INFO - phi = [-0.02795986  0.48464998 -0.21890851  0.89651097]
2025-12-13 21:30:20,904 - INFO - num_full_subsets = 2
2025-12-13 21:30:20,941 - INFO - phi = [0.23541543 0.22550925 0.15827729 0.22015903]
2025-12-13 21:30:20,958 - INFO - num_full_subsets = 2
2025-12-13 21:30:20,995 - INFO - phi = [ 0.73871492  0.24126563 -0.31646714  0.62955375]
2025-12-13 21:30:21,011 - INFO - num_full_subsets = 2
2025-12-13 21:30:21,049 - INFO - phi = [-0.29017155  0.55918474  0.25345647  0.20388959]
2025-12-13 21:30:21,065 - INFO - num_full_subsets = 2
2025-12-13 21:30:21,102 - INFO - phi = [-0.06317187  0.76467375  0.97682823  0.51232429]
2025-12-13 21:30:21,118 - INFO - num_full_subsets = 2
2025-12-13 21:30:21,155 - INFO - phi = [-0.37979801 -0.60353885  0.05391995 -0.72525703]
2025-12-13 21:30:21,654 - INFO - Computing feature importance...
2025-12-13 21:30:22,539 - INFO - Experiment completed for SVM
2025-12-13 21:30:22,539 - INFO - Total time: 26.16s (0.44 min)
2025-12-13 21:30:22,539 - INFO - Starting comprehensive experiment for SVM
2025-12-13 21:30:31,702 - INFO - Performing feature analysis...
2025-12-13 21:30:32,878 - INFO - Model justification: Effective for high-dimensional spaces and non-linear relationships using kernel trick
2025-12-13 21:30:32,878 - INFO - Performing robust cross-validation...
2025-12-13 21:30:33,064 - INFO - CV Results - MSE: 1.6360 ± 0.2753
2025-12-13 21:30:33,064 - INFO - Starting hyperparameter optimization...
2025-12-13 21:30:37,763 - INFO - Best parameters for SVM: {'C': 26.95154073448084, 'epsilon': 0.06545056451398787, 'kernel': 'rbf'}
2025-12-13 21:30:37,763 - INFO - ⏱️ HPO took 4.70 seconds
2025-12-13 21:30:37,764 - INFO - Training final model...
2025-12-13 21:30:37,788 - INFO - ⏱️ Training took 0.02 seconds
2025-12-13 21:30:37,788 - INFO - Performing residual analysis...
2025-12-13 21:30:38,848 - INFO - Generating XAI explanations...
2025-12-13 21:30:38,851 - WARNING - Using 168 background data samples could cause slower run times. Consider using shap.sample(data, K) or shap.kmeans(data, K) to summarize the background as K samples.
2025-12-13 21:30:38,867 - INFO - num_full_subsets = 2
2025-12-13 21:30:38,900 - INFO - phi = [-0.19515297 -0.11876354 -0.83687576  0.12619988]
2025-12-13 21:30:38,916 - INFO - num_full_subsets = 2
2025-12-13 21:30:38,949 - INFO - phi = [-0.00623265  0.57589571 -0.40807337  0.55966234]
2025-12-13 21:30:38,965 - INFO - num_full_subsets = 2
2025-12-13 21:30:38,999 - INFO - phi = [-0.33971763 -0.88770454 -0.7282374   0.35526951]
2025-12-13 21:30:39,016 - INFO - num_full_subsets = 2
2025-12-13 21:30:39,049 - INFO - phi = [0.31260951 0.39078112 0.0093385  0.7482011 ]
2025-12-13 21:30:39,065 - INFO - num_full_subsets = 2
2025-12-13 21:30:39,099 - INFO - phi = [ 0.09487958  0.91140507 -0.12138674  0.35257452]
2025-12-13 21:30:39,115 - INFO - num_full_subsets = 2
2025-12-13 21:30:39,148 - INFO - phi = [-0.32763742 -0.77450592 -0.08316331 -0.74450735]
2025-12-13 21:30:39,165 - INFO - num_full_subsets = 2
2025-12-13 21:30:39,198 - INFO - phi = [-0.3248002  -1.09334448  0.00528587 -0.6351351 ]
2025-12-13 21:30:39,214 - INFO - num_full_subsets = 2
2025-12-13 21:30:39,247 - INFO - phi = [-0.30509641 -1.02456185 -0.0271091  -0.4531849 ]
2025-12-13 21:30:39,264 - INFO - num_full_subsets = 2
2025-12-13 21:30:39,297 - INFO - phi = [-0.37486938 -1.22972667 -0.44796462 -0.0101175 ]
2025-12-13 21:30:39,314 - INFO - num_full_subsets = 2
2025-12-13 21:30:39,347 - INFO - phi = [ 0.03208132  0.89212528 -0.36273745  0.53485707]
2025-12-13 21:30:39,363 - INFO - num_full_subsets = 2
2025-12-13 21:30:39,396 - INFO - phi = [ 0.9053109  -0.23911935  0.66396733 -0.35853694]
2025-12-13 21:30:39,412 - INFO - num_full_subsets = 2
2025-12-13 21:30:39,446 - INFO - phi = [-0.30509641 -1.02456185 -0.0271091  -0.4531849 ]
2025-12-13 21:30:39,462 - INFO - num_full_subsets = 2
2025-12-13 21:30:39,495 - INFO - phi = [ 0.08724326  0.44569415 -0.15633491  0.41893361]
2025-12-13 21:30:39,511 - INFO - num_full_subsets = 2
2025-12-13 21:30:39,545 - INFO - phi = [-0.36939463 -0.98576518 -0.06403774 -0.42219248]
2025-12-13 21:30:39,561 - INFO - num_full_subsets = 2
2025-12-13 21:30:39,594 - INFO - phi = [ 0.0038344   0.73403699 -0.12727025  0.6628708 ]
2025-12-13 21:30:39,610 - INFO - num_full_subsets = 2
2025-12-13 21:30:39,644 - INFO - phi = [-0.17337001  0.4888525   0.02603574  0.5126317 ]
2025-12-13 21:30:39,660 - INFO - num_full_subsets = 2
2025-12-13 21:30:39,693 - INFO - phi = [-0.01893091  0.12680811 -0.04457176  0.53467476]
2025-12-13 21:30:39,709 - INFO - num_full_subsets = 2
2025-12-13 21:30:39,742 - INFO - phi = [-0.16420759  0.92512418 -0.09163054  0.82388805]
2025-12-13 21:30:39,759 - INFO - num_full_subsets = 2
2025-12-13 21:30:39,792 - INFO - phi = [-0.16354385 -1.28319504  0.01654189 -0.32531526]
2025-12-13 21:30:39,809 - INFO - num_full_subsets = 2
2025-12-13 21:30:39,842 - INFO - phi = [-0.00623265  0.57589571 -0.40807337  0.55966234]
2025-12-13 21:30:39,858 - INFO - num_full_subsets = 2
2025-12-13 21:30:39,892 - INFO - phi = [-0.27908625 -1.81035581  0.04319118  0.17788345]
2025-12-13 21:30:39,909 - INFO - num_full_subsets = 2
2025-12-13 21:30:39,941 - INFO - phi = [-0.20508587 -0.57334234 -0.0095232   0.46835172]
2025-12-13 21:30:39,958 - INFO - num_full_subsets = 2
2025-12-13 21:30:39,991 - INFO - phi = [-0.07634674  0.87537477 -0.67746854  0.60772864]
2025-12-13 21:30:40,007 - INFO - num_full_subsets = 2
2025-12-13 21:30:40,040 - INFO - phi = [ 0.14063653  0.24181615  0.54682854 -0.74096271]
2025-12-13 21:30:40,057 - INFO - num_full_subsets = 2
2025-12-13 21:30:40,091 - INFO - phi = [0.09244703 1.50230087 0.44435329 0.42595554]
2025-12-13 21:30:40,107 - INFO - num_full_subsets = 2
2025-12-13 21:30:40,141 - INFO - phi = [0.01339576 1.04314465 0.92350602 0.54733227]
2025-12-13 21:30:40,157 - INFO - num_full_subsets = 2
2025-12-13 21:30:40,190 - INFO - phi = [-0.18505709  0.08288741 -0.02060007  0.59943582]
2025-12-13 21:30:40,207 - INFO - num_full_subsets = 2
2025-12-13 21:30:40,240 - INFO - phi = [-0.25621249  0.43216891 -0.56647929 -0.07558343]
2025-12-13 21:30:40,256 - INFO - num_full_subsets = 2
2025-12-13 21:30:40,289 - INFO - phi = [-0.15199845 -1.04599333 -0.05127792 -0.6953901 ]
2025-12-13 21:30:40,305 - INFO - num_full_subsets = 2
2025-12-13 21:30:40,338 - INFO - phi = [-0.22939206 -0.4203986  -0.08414604  0.64111496]
2025-12-13 21:30:40,355 - INFO - num_full_subsets = 2
2025-12-13 21:30:40,388 - INFO - phi = [-0.31355633  0.75100401  0.67967659  0.45376741]
2025-12-13 21:30:40,404 - INFO - num_full_subsets = 2
2025-12-13 21:30:40,437 - INFO - phi = [ 0.57195741 -0.57471609 -0.0454465   0.476344  ]
2025-12-13 21:30:40,453 - INFO - num_full_subsets = 2
2025-12-13 21:30:40,486 - INFO - phi = [ 0.15761078  0.75098388 -0.78046302  0.42953934]
2025-12-13 21:30:40,503 - INFO - num_full_subsets = 2
2025-12-13 21:30:40,535 - INFO - phi = [-0.33049592 -1.39441218 -0.12967358 -0.17263759]
2025-12-13 21:30:40,552 - INFO - num_full_subsets = 2
2025-12-13 21:30:40,585 - INFO - phi = [-0.11670089  0.98522352  0.14657043  0.66044712]
2025-12-13 21:30:40,601 - INFO - num_full_subsets = 2
2025-12-13 21:30:40,634 - INFO - phi = [-0.07988674  0.41854089 -1.31175424  0.53144007]
2025-12-13 21:30:40,650 - INFO - num_full_subsets = 2
2025-12-13 21:30:40,683 - INFO - phi = [-0.05921572  1.1473477   0.65630744  0.28608023]
2025-12-13 21:30:40,699 - INFO - num_full_subsets = 2
2025-12-13 21:30:40,732 - INFO - phi = [0.78445546 0.26345554 0.01312354 0.38489093]
2025-12-13 21:30:40,748 - INFO - num_full_subsets = 2
2025-12-13 21:30:40,781 - INFO - phi = [-0.00777225  1.59994724  1.0328024   0.05891013]
2025-12-13 21:30:40,798 - INFO - num_full_subsets = 2
2025-12-13 21:30:40,831 - INFO - phi = [-0.30948148 -1.42880675 -0.09190074  0.12094033]
2025-12-13 21:30:40,848 - INFO - num_full_subsets = 2
2025-12-13 21:30:40,881 - INFO - phi = [0.04224526 0.58867139 0.03603151 0.4235523 ]
2025-12-13 21:30:40,897 - INFO - num_full_subsets = 2
2025-12-13 21:30:40,930 - INFO - phi = [0.00395889 0.90108272 0.21454808 0.32057625]
2025-12-13 21:30:40,947 - INFO - num_full_subsets = 2
2025-12-13 21:30:40,980 - INFO - phi = [ 0.62564829  0.36722177 -0.41036041 -0.00330442]
2025-12-13 21:30:40,996 - INFO - num_full_subsets = 2
2025-12-13 21:30:41,029 - INFO - phi = [ 0.03435885 -0.29389566  1.55658584 -1.45162102]
2025-12-13 21:30:41,045 - INFO - num_full_subsets = 2
2025-12-13 21:30:41,079 - INFO - phi = [-0.07021696  0.39161908 -1.06196354  0.44695594]
2025-12-13 21:30:41,096 - INFO - num_full_subsets = 2
2025-12-13 21:30:41,129 - INFO - phi = [0.63760963 0.27518836 0.00742152 0.07526041]
2025-12-13 21:30:41,146 - INFO - num_full_subsets = 2
2025-12-13 21:30:41,179 - INFO - phi = [ 0.42144098 -0.26303883 -0.2410009   0.53130489]
2025-12-13 21:30:41,195 - INFO - num_full_subsets = 2
2025-12-13 21:30:41,228 - INFO - phi = [-0.16885519 -0.92208034 -0.02086244 -0.61008924]
2025-12-13 21:30:41,245 - INFO - num_full_subsets = 2
2025-12-13 21:30:41,277 - INFO - phi = [-0.11754318  0.32199857 -0.59689956  0.49372677]
2025-12-13 21:30:41,294 - INFO - num_full_subsets = 2
2025-12-13 21:30:41,327 - INFO - phi = [-0.09793579  0.44559553 -1.46570488  0.43037934]
2025-12-13 21:30:41,343 - INFO - num_full_subsets = 2
2025-12-13 21:30:41,376 - INFO - phi = [-0.29865496 -1.40377339 -0.10477608  0.50449339]
2025-12-13 21:30:41,392 - INFO - num_full_subsets = 2
2025-12-13 21:30:41,425 - INFO - phi = [-0.05435786  0.6483689   0.50216763  0.80686666]
2025-12-13 21:30:41,441 - INFO - num_full_subsets = 2
2025-12-13 21:30:41,474 - INFO - phi = [-0.14206194  0.50196623 -0.96637208  0.23623933]
2025-12-13 21:30:41,490 - INFO - num_full_subsets = 2
2025-12-13 21:30:41,524 - INFO - phi = [ 0.71132957  0.50933575  0.62695358 -0.97153726]
2025-12-13 21:30:41,540 - INFO - num_full_subsets = 2
2025-12-13 21:30:41,573 - INFO - phi = [-0.27908625 -1.81035581  0.04319118  0.17788345]
2025-12-13 21:30:41,589 - INFO - num_full_subsets = 2
2025-12-13 21:30:41,622 - INFO - phi = [ 0.59108771 -0.04274738  0.40297372 -0.31139132]
2025-12-13 21:30:41,639 - INFO - num_full_subsets = 2
2025-12-13 21:30:41,672 - INFO - phi = [-0.07201078  0.41645023  0.06744758  0.96959159]
2025-12-13 21:30:41,689 - INFO - num_full_subsets = 2
2025-12-13 21:30:41,722 - INFO - phi = [0.24380866 0.19133935 0.00414857 0.77466007]
2025-12-13 21:30:41,738 - INFO - num_full_subsets = 2
2025-12-13 21:30:41,772 - INFO - phi = [-0.22647024 -0.70025992  1.37009589 -0.72348523]
2025-12-13 21:30:41,788 - INFO - num_full_subsets = 2
2025-12-13 21:30:41,821 - INFO - phi = [-0.02279027  1.0331408   0.94928909  0.3105922 ]
2025-12-13 21:30:41,838 - INFO - num_full_subsets = 2
2025-12-13 21:30:41,870 - INFO - phi = [-0.11746578  0.48701084 -0.54774854  0.51605626]
2025-12-13 21:30:41,887 - INFO - num_full_subsets = 2
2025-12-13 21:30:41,920 - INFO - phi = [-0.27486751 -0.67185425  0.03938205 -1.07916227]
2025-12-13 21:30:41,936 - INFO - num_full_subsets = 2
2025-12-13 21:30:41,969 - INFO - phi = [-0.32165925 -1.35078281 -0.12801883 -0.07322089]
2025-12-13 21:30:41,985 - INFO - num_full_subsets = 2
2025-12-13 21:30:42,019 - INFO - phi = [-0.24470807 -0.59974691 -0.0847915  -1.02635778]
2025-12-13 21:30:42,036 - INFO - num_full_subsets = 2
2025-12-13 21:30:42,069 - INFO - phi = [-0.16409273 -1.23297978 -0.00358876 -0.45317324]
2025-12-13 21:30:42,086 - INFO - num_full_subsets = 2
2025-12-13 21:30:42,119 - INFO - phi = [-0.25356431 -0.59399861 -0.02581466  0.6363488 ]
2025-12-13 21:30:42,136 - INFO - num_full_subsets = 2
2025-12-13 21:30:42,169 - INFO - phi = [ 0.39029484 -0.4610241  -0.07580394  0.48164087]
2025-12-13 21:30:42,186 - INFO - num_full_subsets = 2
2025-12-13 21:30:42,220 - INFO - phi = [-0.16031297  0.97149954 -0.36637963  0.56499093]
2025-12-13 21:30:42,236 - INFO - num_full_subsets = 2
2025-12-13 21:30:42,270 - INFO - phi = [-0.21119516  0.54320576 -0.31597452  0.48463006]
2025-12-13 21:30:42,286 - INFO - num_full_subsets = 2
2025-12-13 21:30:42,319 - INFO - phi = [-0.14742122  0.27172337 -0.93967324 -0.57592106]
2025-12-13 21:30:42,336 - INFO - num_full_subsets = 2
2025-12-13 21:30:42,369 - INFO - phi = [-0.39698737  0.58940507  0.19937202  0.35450022]
2025-12-13 21:30:42,385 - INFO - num_full_subsets = 2
2025-12-13 21:30:42,419 - INFO - phi = [ 0.50438205  0.85657584 -0.11876928  0.6364672 ]
2025-12-13 21:30:42,435 - INFO - num_full_subsets = 2
2025-12-13 21:30:42,468 - INFO - phi = [-0.35819637 -0.85761001 -0.34940134  0.0451684 ]
2025-12-13 21:30:42,485 - INFO - num_full_subsets = 2
2025-12-13 21:30:42,518 - INFO - phi = [ 0.73516382 -0.56369611 -0.07338001 -0.71527942]
2025-12-13 21:30:42,534 - INFO - num_full_subsets = 2
2025-12-13 21:30:42,567 - INFO - phi = [-0.30612754 -1.01770614  0.02416755 -0.71832736]
2025-12-13 21:30:42,584 - INFO - num_full_subsets = 2
2025-12-13 21:30:42,618 - INFO - phi = [ 0.05056661  0.63413359  0.37291693 -0.54404041]
2025-12-13 21:30:42,634 - INFO - num_full_subsets = 2
2025-12-13 21:30:42,667 - INFO - phi = [-0.12313939 -0.3850637   0.29257476 -1.34136556]
2025-12-13 21:30:42,683 - INFO - num_full_subsets = 2
2025-12-13 21:30:42,716 - INFO - phi = [-0.29750671 -1.13649352 -0.07693232  0.26713027]
2025-12-13 21:30:42,733 - INFO - num_full_subsets = 2
2025-12-13 21:30:42,766 - INFO - phi = [-0.0539949   0.17617327  1.02100106  0.68599202]
2025-12-13 21:30:42,783 - INFO - num_full_subsets = 2
2025-12-13 21:30:42,816 - INFO - phi = [ 0.04241643  0.21552457  1.85129273 -1.4433136 ]
2025-12-13 21:30:42,832 - INFO - num_full_subsets = 2
2025-12-13 21:30:42,866 - INFO - phi = [ 0.82979352  0.34259106 -0.08833656 -0.32309934]
2025-12-13 21:30:42,882 - INFO - num_full_subsets = 2
2025-12-13 21:30:42,916 - INFO - phi = [-0.23464655 -0.79719105 -0.03025827 -0.83779221]
2025-12-13 21:30:42,932 - INFO - num_full_subsets = 2
2025-12-13 21:30:42,965 - INFO - phi = [-0.38718305 -1.01512081 -0.18166852 -0.19732464]
2025-12-13 21:30:42,981 - INFO - num_full_subsets = 2
2025-12-13 21:30:43,014 - INFO - phi = [-0.21363932 -0.71567198 -0.03458441 -0.78769249]
2025-12-13 21:30:43,031 - INFO - num_full_subsets = 2
2025-12-13 21:30:43,065 - INFO - phi = [-0.35488032 -1.0951412  -0.28374611 -0.19832027]
2025-12-13 21:30:43,081 - INFO - num_full_subsets = 2
2025-12-13 21:30:43,115 - INFO - phi = [-0.11673003  0.71240587 -0.2549846   0.80227392]
2025-12-13 21:30:43,131 - INFO - num_full_subsets = 2
2025-12-13 21:30:43,165 - INFO - phi = [0.27315496 0.13728645 0.05557267 0.61394393]
2025-12-13 21:30:43,181 - INFO - num_full_subsets = 2
2025-12-13 21:30:43,215 - INFO - phi = [-0.0285002   0.66335041 -0.8186504   0.53222189]
2025-12-13 21:30:43,231 - INFO - num_full_subsets = 2
2025-12-13 21:30:43,265 - INFO - phi = [ 0.3239144   0.2826978  -0.06224364  0.55023826]
2025-12-13 21:30:43,281 - INFO - num_full_subsets = 2
2025-12-13 21:30:43,314 - INFO - phi = [ 0.7569977   0.34327744 -0.45711637 -0.34577255]
2025-12-13 21:30:43,331 - INFO - num_full_subsets = 2
2025-12-13 21:30:43,364 - INFO - phi = [-0.30948148 -1.42880675 -0.09190074  0.12094033]
2025-12-13 21:30:43,380 - INFO - num_full_subsets = 2
2025-12-13 21:30:43,414 - INFO - phi = [-0.1010883  -0.6630778  -0.07260953  0.2451049 ]
2025-12-13 21:30:43,430 - INFO - num_full_subsets = 2
2025-12-13 21:30:43,463 - INFO - phi = [-0.09193605  0.5406718  -0.51899687  0.57004004]
2025-12-13 21:30:43,480 - INFO - num_full_subsets = 2
2025-12-13 21:30:43,514 - INFO - phi = [-0.32599848 -1.22168994 -0.07000375  0.0451084 ]
2025-12-13 21:30:43,530 - INFO - num_full_subsets = 2
2025-12-13 21:30:43,563 - INFO - phi = [-0.22114345 -0.58417243  0.94477209 -1.34357119]
2025-12-13 21:30:43,580 - INFO - num_full_subsets = 2
2025-12-13 21:30:43,614 - INFO - phi = [ 1.02689789  0.304548   -0.53348127 -0.84573285]
2025-12-13 21:30:43,630 - INFO - num_full_subsets = 2
2025-12-13 21:30:43,663 - INFO - phi = [0.01192134 1.8934962  0.67620301 0.23669993]
2025-12-13 21:30:43,680 - INFO - num_full_subsets = 2
2025-12-13 21:30:43,713 - INFO - phi = [-0.3962303  -1.39400488 -0.4919683   0.16839122]
2025-12-13 21:30:43,729 - INFO - num_full_subsets = 2
2025-12-13 21:30:43,762 - INFO - phi = [ 1.06527698  0.54276172  0.08426488 -1.44936058]
2025-12-13 21:30:43,779 - INFO - num_full_subsets = 2
2025-12-13 21:30:43,812 - INFO - phi = [-0.00706313 -0.02316291  0.94660938  0.82698267]
2025-12-13 21:30:43,829 - INFO - num_full_subsets = 2
2025-12-13 21:30:43,862 - INFO - phi = [-0.19435523  0.81307718  0.25544876  0.32393496]
2025-12-13 21:30:43,878 - INFO - num_full_subsets = 2
2025-12-13 21:30:43,911 - INFO - phi = [-0.34157208 -0.86054415 -0.06573988 -0.53190395]
2025-12-13 21:30:43,928 - INFO - num_full_subsets = 2
2025-12-13 21:30:43,961 - INFO - phi = [-0.12794861  0.50234238  0.00820324  0.88416811]
2025-12-13 21:30:43,977 - INFO - num_full_subsets = 2
2025-12-13 21:30:44,010 - INFO - phi = [-0.00302575  1.18156911  0.97104305  0.4441596 ]
2025-12-13 21:30:44,027 - INFO - num_full_subsets = 2
2025-12-13 21:30:44,061 - INFO - phi = [-0.08968335  0.47941636 -0.31611934  0.65583529]
2025-12-13 21:30:44,077 - INFO - num_full_subsets = 2
2025-12-13 21:30:44,111 - INFO - phi = [-0.34505679 -0.67951432 -0.13057971 -0.24797337]
2025-12-13 21:30:44,128 - INFO - num_full_subsets = 2
2025-12-13 21:30:44,161 - INFO - phi = [ 0.14434595  0.00138241 -0.19246586  0.27533002]
2025-12-13 21:30:44,177 - INFO - num_full_subsets = 2
2025-12-13 21:30:44,210 - INFO - phi = [-0.32582249 -0.61049517 -0.74396165 -0.1256938 ]
2025-12-13 21:30:44,227 - INFO - num_full_subsets = 2
2025-12-13 21:30:44,259 - INFO - phi = [-0.16031297  0.97149954 -0.36637963  0.56499093]
2025-12-13 21:30:44,276 - INFO - num_full_subsets = 2
2025-12-13 21:30:44,309 - INFO - phi = [-0.18146939 -0.84171059  0.3490505   0.61081918]
2025-12-13 21:30:44,325 - INFO - num_full_subsets = 2
2025-12-13 21:30:44,358 - INFO - phi = [ 0.09440218  0.52680339 -1.23235058  0.50480013]
2025-12-13 21:30:44,375 - INFO - num_full_subsets = 2
2025-12-13 21:30:44,407 - INFO - phi = [-0.35312711 -1.30007968 -0.06256645 -0.27941019]
2025-12-13 21:30:44,423 - INFO - num_full_subsets = 2
2025-12-13 21:30:44,457 - INFO - phi = [ 0.69501346  0.36257298  0.45718718 -1.34971842]
2025-12-13 21:30:44,473 - INFO - num_full_subsets = 2
2025-12-13 21:30:44,507 - INFO - phi = [-0.28498793 -0.31585628 -0.53158095  0.3267525 ]
2025-12-13 21:30:44,523 - INFO - num_full_subsets = 2
2025-12-13 21:30:44,557 - INFO - phi = [ 0.93065066 -0.23079113  0.11565596 -1.25190669]
2025-12-13 21:30:44,573 - INFO - num_full_subsets = 2
2025-12-13 21:30:44,606 - INFO - phi = [-0.25189526 -0.63858156 -0.4792852  -0.60267601]
2025-12-13 21:30:44,623 - INFO - num_full_subsets = 2
2025-12-13 21:30:44,656 - INFO - phi = [-0.35514556 -1.29827698 -0.05413003 -0.24332153]
2025-12-13 21:30:44,672 - INFO - num_full_subsets = 2
2025-12-13 21:30:44,705 - INFO - phi = [-0.22416002 -0.75261337 -0.04902707 -0.8092224 ]
2025-12-13 21:30:44,722 - INFO - num_full_subsets = 2
2025-12-13 21:30:44,755 - INFO - phi = [0.028766   0.66254146 1.30546935 0.14832088]
2025-12-13 21:30:44,771 - INFO - num_full_subsets = 2
2025-12-13 21:30:44,804 - INFO - phi = [-0.18013445 -0.03304796 -1.07511129  0.01054823]
2025-12-13 21:30:44,821 - INFO - num_full_subsets = 2
2025-12-13 21:30:44,854 - INFO - phi = [-0.05200263  0.15185885  0.88361082 -1.17748393]
2025-12-13 21:30:44,870 - INFO - num_full_subsets = 2
2025-12-13 21:30:44,903 - INFO - phi = [-0.0829152  -0.21523503 -0.47510964  0.60962538]
2025-12-13 21:30:44,920 - INFO - num_full_subsets = 2
2025-12-13 21:30:44,953 - INFO - phi = [-0.37252903 -0.93773278 -0.07057583 -0.12024839]
2025-12-13 21:30:44,970 - INFO - num_full_subsets = 2
2025-12-13 21:30:45,003 - INFO - phi = [-0.29928092  0.68362882 -0.22047143 -0.67560077]
2025-12-13 21:30:45,019 - INFO - num_full_subsets = 2
2025-12-13 21:30:45,053 - INFO - phi = [ 0.22116158  0.26680299 -0.72469271  0.5143739 ]
2025-12-13 21:30:45,070 - INFO - num_full_subsets = 2
2025-12-13 21:30:45,104 - INFO - phi = [-0.03011216 -1.18292958  1.41589904 -1.38130905]
2025-12-13 21:30:45,121 - INFO - num_full_subsets = 2
2025-12-13 21:30:45,154 - INFO - phi = [-0.34918925 -1.39830217 -0.07791284  0.07241527]
2025-12-13 21:30:45,171 - INFO - num_full_subsets = 2
2025-12-13 21:30:45,205 - INFO - phi = [-0.04197583 -0.79354265  1.44627519 -1.2929909 ]
2025-12-13 21:30:45,221 - INFO - num_full_subsets = 2
2025-12-13 21:30:45,255 - INFO - phi = [-0.1754373  -0.27906342 -0.42095181 -0.51984081]
2025-12-13 21:30:45,272 - INFO - num_full_subsets = 2
2025-12-13 21:30:45,305 - INFO - phi = [-0.10802506  0.22383492  0.16940065  0.35180863]
2025-12-13 21:30:45,321 - INFO - num_full_subsets = 2
2025-12-13 21:30:45,355 - INFO - phi = [-0.03871933  0.65292279 -0.04412501  0.74409648]
2025-12-13 21:30:45,371 - INFO - num_full_subsets = 2
2025-12-13 21:30:45,404 - INFO - phi = [-0.22360212 -0.29786508 -0.08674189  0.54031541]
2025-12-13 21:30:45,421 - INFO - num_full_subsets = 2
2025-12-13 21:30:45,454 - INFO - phi = [-0.17625632  0.9865487  -0.06104579  0.74467509]
2025-12-13 21:30:45,470 - INFO - num_full_subsets = 2
2025-12-13 21:30:45,504 - INFO - phi = [-0.24524945  0.14595493 -0.8155958   0.39359013]
2025-12-13 21:30:45,520 - INFO - num_full_subsets = 2
2025-12-13 21:30:45,554 - INFO - phi = [ 0.20807898  0.51808985  0.49004538 -1.692062  ]
2025-12-13 21:30:45,570 - INFO - num_full_subsets = 2
2025-12-13 21:30:45,604 - INFO - phi = [ 0.57250002  0.57110623 -0.46684498  0.54871297]
2025-12-13 21:30:45,620 - INFO - num_full_subsets = 2
2025-12-13 21:30:45,653 - INFO - phi = [-0.04954865  0.61099855 -0.61241356  0.55583102]
2025-12-13 21:30:45,670 - INFO - num_full_subsets = 2
2025-12-13 21:30:45,703 - INFO - phi = [-0.02721928 -0.82308422  1.16744295 -1.42877205]
2025-12-13 21:30:45,720 - INFO - num_full_subsets = 2
2025-12-13 21:30:45,753 - INFO - phi = [0.03205668 2.06383697 0.4382912  0.26611139]
2025-12-13 21:30:45,769 - INFO - num_full_subsets = 2
2025-12-13 21:30:45,803 - INFO - phi = [ 0.74237777  0.66231732 -0.11343485  0.2657362 ]
2025-12-13 21:30:45,819 - INFO - num_full_subsets = 2
2025-12-13 21:30:45,852 - INFO - phi = [-0.17004305 -0.64430975 -0.47450411 -0.65854698]
2025-12-13 21:30:45,868 - INFO - num_full_subsets = 2
2025-12-13 21:30:45,901 - INFO - phi = [ 0.63400596  0.13312081 -0.22055328  0.57349638]
2025-12-13 21:30:45,918 - INFO - num_full_subsets = 2
2025-12-13 21:30:45,951 - INFO - phi = [0.21162158 1.06544183 1.03495119 0.57608495]
2025-12-13 21:30:45,967 - INFO - num_full_subsets = 2
2025-12-13 21:30:46,000 - INFO - phi = [-0.24591179 -1.00216391 -0.06433542  0.60616063]
2025-12-13 21:30:46,017 - INFO - num_full_subsets = 2
2025-12-13 21:30:46,050 - INFO - phi = [0.32286873 0.44948169 0.26042553 0.08532456]
2025-12-13 21:30:46,066 - INFO - num_full_subsets = 2
2025-12-13 21:30:46,100 - INFO - phi = [-0.18688655 -0.43776754 -0.89624796 -0.02950366]
2025-12-13 21:30:46,116 - INFO - num_full_subsets = 2
2025-12-13 21:30:46,149 - INFO - phi = [-0.31341823  0.56981529 -0.23637989 -0.91080719]
2025-12-13 21:30:46,166 - INFO - num_full_subsets = 2
2025-12-13 21:30:46,199 - INFO - phi = [-0.10220281 -0.0814912  -0.57545786  0.31103   ]
2025-12-13 21:30:46,215 - INFO - num_full_subsets = 2
2025-12-13 21:30:46,248 - INFO - phi = [0.07086049 1.99780166 0.21544793 0.39167147]
2025-12-13 21:30:46,264 - INFO - num_full_subsets = 2
2025-12-13 21:30:46,298 - INFO - phi = [-0.25291952 -0.30377804 -0.24342749  0.46687417]
2025-12-13 21:30:46,314 - INFO - num_full_subsets = 2
2025-12-13 21:30:46,347 - INFO - phi = [ 0.51406477  0.00228166 -0.24348606  0.29498259]
2025-12-13 21:30:46,363 - INFO - num_full_subsets = 2
2025-12-13 21:30:46,397 - INFO - phi = [-0.08190087 -1.01587155  1.41828158 -1.22983758]
2025-12-13 21:30:46,413 - INFO - num_full_subsets = 2
2025-12-13 21:30:46,446 - INFO - phi = [-0.07405854  1.30039015 -0.05001796  0.46748084]
2025-12-13 21:30:46,463 - INFO - num_full_subsets = 2
2025-12-13 21:30:46,496 - INFO - phi = [-0.01415883  0.91722003 -0.58660755  0.4921994 ]
2025-12-13 21:30:46,513 - INFO - num_full_subsets = 2
2025-12-13 21:30:46,545 - INFO - phi = [0.34421223 0.75476462 0.10572543 0.59307038]
2025-12-13 21:30:46,562 - INFO - num_full_subsets = 2
2025-12-13 21:30:46,595 - INFO - phi = [-0.11746578  0.48701084 -0.54774854  0.51605626]
2025-12-13 21:30:46,611 - INFO - num_full_subsets = 2
2025-12-13 21:30:46,644 - INFO - phi = [-0.29274386 -0.73244963  0.13430772 -1.01580885]
2025-12-13 21:30:46,660 - INFO - num_full_subsets = 2
2025-12-13 21:30:46,694 - INFO - phi = [ 0.98752118  0.50402087  0.07437712 -1.30131297]
2025-12-13 21:30:46,710 - INFO - num_full_subsets = 2
2025-12-13 21:30:46,744 - INFO - phi = [0.16062745 0.73096472 0.93878007 0.6547796 ]
2025-12-13 21:30:46,761 - INFO - num_full_subsets = 2
2025-12-13 21:30:46,794 - INFO - phi = [-0.11839505 -0.57781985  0.44138746 -1.26996261]
2025-12-13 21:30:46,810 - INFO - num_full_subsets = 2
2025-12-13 21:30:46,843 - INFO - phi = [-0.0812088   0.19476696 -0.03882977  0.56765732]
2025-12-13 21:30:46,859 - INFO - num_full_subsets = 2
2025-12-13 21:30:46,892 - INFO - phi = [-0.07134896  0.91036094  0.06504152 -0.36974478]
2025-12-13 21:30:46,909 - INFO - num_full_subsets = 2
2025-12-13 21:30:46,942 - INFO - phi = [0.24579219 1.05167062 1.00671801 0.54044084]
2025-12-13 21:30:46,958 - INFO - num_full_subsets = 2
2025-12-13 21:30:46,991 - INFO - phi = [-0.03821933 -0.10983129 -0.0259588   0.5927049 ]
2025-12-13 21:30:47,007 - INFO - num_full_subsets = 2
2025-12-13 21:30:47,040 - INFO - phi = [ 0.87814002 -0.60448465 -0.16385394 -1.25062183]
2025-12-13 21:30:47,057 - INFO - num_full_subsets = 2
2025-12-13 21:30:47,090 - INFO - phi = [-0.24764439 -0.36691393  0.03238342 -0.08407931]
2025-12-13 21:30:47,107 - INFO - num_full_subsets = 2
2025-12-13 21:30:47,140 - INFO - phi = [ 0.80490062  0.60298934  0.44853602 -0.75405214]
2025-12-13 21:30:47,156 - INFO - num_full_subsets = 2
2025-12-13 21:30:47,189 - INFO - phi = [ 0.18090136  0.54822861  0.37879841 -0.9720901 ]
2025-12-13 21:30:47,715 - INFO - Computing feature importance...
2025-12-13 21:30:48,547 - INFO - Experiment completed for SVM
2025-12-13 21:30:48,547 - INFO - Total time: 25.63s (0.43 min)
2025-12-13 21:30:48,547 - INFO - Starting comprehensive experiment for SVM
2025-12-13 21:30:56,819 - INFO - Performing feature analysis...
2025-12-13 21:30:57,995 - INFO - Model justification: Effective for high-dimensional spaces and non-linear relationships using kernel trick
2025-12-13 21:30:57,995 - INFO - Performing robust cross-validation...
2025-12-13 21:30:58,176 - INFO - CV Results - MSE: 1.8393 ± 0.3611
2025-12-13 21:30:58,176 - INFO - Starting hyperparameter optimization...
2025-12-13 21:31:02,494 - INFO - Best parameters for SVM: {'C': 15.59864319752155, 'epsilon': 0.044001270903884705, 'kernel': 'rbf'}
2025-12-13 21:31:02,494 - INFO - ⏱️ HPO took 4.32 seconds
2025-12-13 21:31:02,494 - INFO - Training final model...
2025-12-13 21:31:02,514 - INFO - ⏱️ Training took 0.02 seconds
2025-12-13 21:31:02,514 - INFO - Performing residual analysis...
2025-12-13 21:31:03,546 - INFO - Generating XAI explanations...
2025-12-13 21:31:03,549 - WARNING - Using 168 background data samples could cause slower run times. Consider using shap.sample(data, K) or shap.kmeans(data, K) to summarize the background as K samples.
2025-12-13 21:31:03,565 - INFO - num_full_subsets = 2
2025-12-13 21:31:03,600 - INFO - phi = [-0.38200846 -0.58647065 -0.11049963 -0.40664523]
2025-12-13 21:31:03,616 - INFO - num_full_subsets = 2
2025-12-13 21:31:03,652 - INFO - phi = [-0.41036453 -0.81292481 -0.13265076 -0.49826039]
2025-12-13 21:31:03,668 - INFO - num_full_subsets = 2
2025-12-13 21:31:03,704 - INFO - phi = [-0.11595622  0.59146529 -1.21148588  0.65660428]
2025-12-13 21:31:03,720 - INFO - num_full_subsets = 2
2025-12-13 21:31:03,755 - INFO - phi = [0.07432645 1.2965559  0.67162089 0.47081663]
2025-12-13 21:31:03,772 - INFO - num_full_subsets = 2
2025-12-13 21:31:03,807 - INFO - phi = [ 0.10099403  0.09296978 -0.26925002  0.15103113]
2025-12-13 21:31:03,823 - INFO - num_full_subsets = 2
2025-12-13 21:31:03,858 - INFO - phi = [-0.31995646  0.63199063 -0.2203585  -0.6031707 ]
2025-12-13 21:31:03,875 - INFO - num_full_subsets = 2
2025-12-13 21:31:03,911 - INFO - phi = [-0.12997706  0.84307916 -0.46922833  0.69238624]
2025-12-13 21:31:03,927 - INFO - num_full_subsets = 2
2025-12-13 21:31:03,962 - INFO - phi = [-0.39070575 -0.95936678 -0.15525525 -0.49555256]
2025-12-13 21:31:03,979 - INFO - num_full_subsets = 2
2025-12-13 21:31:04,015 - INFO - phi = [-0.06410179  1.13453516 -0.1207375   0.34204378]
2025-12-13 21:31:04,031 - INFO - num_full_subsets = 2
2025-12-13 21:31:04,067 - INFO - phi = [-0.13260636  0.89092363 -0.26789441  0.55773303]
2025-12-13 21:31:04,083 - INFO - num_full_subsets = 2
2025-12-13 21:31:04,118 - INFO - phi = [-0.27945441 -0.26849479 -0.26718263  0.64267797]
2025-12-13 21:31:04,134 - INFO - num_full_subsets = 2
2025-12-13 21:31:04,170 - INFO - phi = [ 0.82898794  0.48884986 -0.02334685 -1.02731772]
2025-12-13 21:31:04,186 - INFO - num_full_subsets = 2
2025-12-13 21:31:04,221 - INFO - phi = [-0.29997136 -1.09381354  1.16688776 -1.05739315]
2025-12-13 21:31:04,238 - INFO - num_full_subsets = 2
2025-12-13 21:31:04,273 - INFO - phi = [-0.27004532  0.33329216 -0.20278523  0.27397454]
2025-12-13 21:31:04,289 - INFO - num_full_subsets = 2
2025-12-13 21:31:04,324 - INFO - phi = [-0.34694442 -1.25448562  0.20388779 -0.23075917]
2025-12-13 21:31:04,341 - INFO - num_full_subsets = 2
2025-12-13 21:31:04,376 - INFO - phi = [-0.35757193 -0.60573091 -0.77181744 -0.02373358]
2025-12-13 21:31:04,392 - INFO - num_full_subsets = 2
2025-12-13 21:31:04,428 - INFO - phi = [-0.06993512  1.13014512  0.6556821   0.37859422]
2025-12-13 21:31:04,444 - INFO - num_full_subsets = 2
2025-12-13 21:31:04,478 - INFO - phi = [ 0.57452055  0.51000349 -0.38217725  0.07203923]
2025-12-13 21:31:04,495 - INFO - num_full_subsets = 2
2025-12-13 21:31:04,530 - INFO - phi = [-0.40125863 -0.88804094 -0.08708035 -0.46999311]
2025-12-13 21:31:04,547 - INFO - num_full_subsets = 2
2025-12-13 21:31:04,582 - INFO - phi = [0.0704963  0.96640378 1.02996678 0.76002043]
2025-12-13 21:31:04,599 - INFO - num_full_subsets = 2
2025-12-13 21:31:04,634 - INFO - phi = [ 0.71322676  0.36042389 -0.15825743 -0.92382518]
2025-12-13 21:31:04,651 - INFO - num_full_subsets = 2
2025-12-13 21:31:04,686 - INFO - phi = [-0.28213867  0.37358872  0.33969276 -1.28462515]
2025-12-13 21:31:04,702 - INFO - num_full_subsets = 2
2025-12-13 21:31:04,737 - INFO - phi = [-0.31800971 -0.90666386 -0.15745429 -0.6601197 ]
2025-12-13 21:31:04,753 - INFO - num_full_subsets = 2
2025-12-13 21:31:04,788 - INFO - phi = [-0.05367099  0.69377658 -0.24982299  0.78505537]
2025-12-13 21:31:04,805 - INFO - num_full_subsets = 2
2025-12-13 21:31:04,841 - INFO - phi = [-0.33945647 -0.84256821 -0.13520575 -0.54282001]
2025-12-13 21:31:04,857 - INFO - num_full_subsets = 2
2025-12-13 21:31:04,892 - INFO - phi = [-0.2194679   0.70609249 -0.24567277  0.32930299]
2025-12-13 21:31:04,909 - INFO - num_full_subsets = 2
2025-12-13 21:31:04,944 - INFO - phi = [-0.39864143 -0.84946947 -0.13383852 -0.50655744]
2025-12-13 21:31:04,960 - INFO - num_full_subsets = 2
2025-12-13 21:31:04,996 - INFO - phi = [ 0.76764806 -0.09887872 -0.15973495 -0.9775979 ]
2025-12-13 21:31:05,012 - INFO - num_full_subsets = 2
2025-12-13 21:31:05,048 - INFO - phi = [-0.15354627  0.93210711 -0.19915844  1.02891399]
2025-12-13 21:31:05,065 - INFO - num_full_subsets = 2
2025-12-13 21:31:05,100 - INFO - phi = [-0.23013058 -1.16705503 -0.37601712  0.35342686]
2025-12-13 21:31:05,117 - INFO - num_full_subsets = 2
2025-12-13 21:31:05,153 - INFO - phi = [ 0.60248527  0.90814718  0.27571016 -0.12423957]
2025-12-13 21:31:05,169 - INFO - num_full_subsets = 2
2025-12-13 21:31:05,205 - INFO - phi = [ 0.62789338 -0.20840227 -0.18647594 -0.62999118]
2025-12-13 21:31:05,222 - INFO - num_full_subsets = 2
2025-12-13 21:31:05,256 - INFO - phi = [-0.18932077  0.53057118 -0.29036505  0.50670246]
2025-12-13 21:31:05,273 - INFO - num_full_subsets = 2
2025-12-13 21:31:05,308 - INFO - phi = [0.17575965 0.66579356 1.03529826 0.78030269]
2025-12-13 21:31:05,325 - INFO - num_full_subsets = 2
2025-12-13 21:31:05,360 - INFO - phi = [ 0.20700915 -0.05153201  0.01799048  0.21987789]
2025-12-13 21:31:05,376 - INFO - num_full_subsets = 2
2025-12-13 21:31:05,411 - INFO - phi = [-0.16666295 -0.06498464 -0.2487481   0.85402681]
2025-12-13 21:31:05,428 - INFO - num_full_subsets = 2
2025-12-13 21:31:05,463 - INFO - phi = [-0.38114016 -0.65740897 -0.25291523 -0.50373296]
2025-12-13 21:31:05,479 - INFO - num_full_subsets = 2
2025-12-13 21:31:05,515 - INFO - phi = [-0.32197436 -0.19023263 -0.2778397   0.40550813]
2025-12-13 21:31:05,532 - INFO - num_full_subsets = 2
2025-12-13 21:31:05,567 - INFO - phi = [-0.43794227 -1.27230725 -0.14066889 -0.04820119]
2025-12-13 21:31:05,583 - INFO - num_full_subsets = 2
2025-12-13 21:31:05,618 - INFO - phi = [-0.1362254   0.31695311 -0.17753628  0.78382813]
2025-12-13 21:31:05,635 - INFO - num_full_subsets = 2
2025-12-13 21:31:05,671 - INFO - phi = [-0.41232029 -0.90957289 -0.17889252 -0.17146107]
2025-12-13 21:31:05,687 - INFO - num_full_subsets = 2
2025-12-13 21:31:05,722 - INFO - phi = [-0.00883028  1.12235953  0.02543447  0.22261974]
2025-12-13 21:31:05,739 - INFO - num_full_subsets = 2
2025-12-13 21:31:05,774 - INFO - phi = [-0.41572216 -0.91685559 -0.12723137 -0.41541987]
2025-12-13 21:31:05,790 - INFO - num_full_subsets = 2
2025-12-13 21:31:05,826 - INFO - phi = [ 0.58680703  0.3069141  -0.10138023 -0.19666564]
2025-12-13 21:31:05,842 - INFO - num_full_subsets = 2
2025-12-13 21:31:05,877 - INFO - phi = [ 0.12534067  0.22654808 -0.06610962  0.59229541]
2025-12-13 21:31:05,893 - INFO - num_full_subsets = 2
2025-12-13 21:31:05,928 - INFO - phi = [ 0.22620535  0.64203296 -0.06605289  0.70947259]
2025-12-13 21:31:05,945 - INFO - num_full_subsets = 2
2025-12-13 21:31:05,980 - INFO - phi = [0.45503432 0.56548294 0.59277915 0.52201203]
2025-12-13 21:31:05,996 - INFO - num_full_subsets = 2
2025-12-13 21:31:06,031 - INFO - phi = [-0.01854876  0.92617146 -0.34947657  0.84554202]
2025-12-13 21:31:06,048 - INFO - num_full_subsets = 2
2025-12-13 21:31:06,084 - INFO - phi = [-0.05514832 -0.04529088  1.51594475  0.00797738]
2025-12-13 21:31:06,100 - INFO - num_full_subsets = 2
2025-12-13 21:31:06,136 - INFO - phi = [-0.40138912 -1.42971802 -0.48939545  0.26013701]
2025-12-13 21:31:06,152 - INFO - num_full_subsets = 2
2025-12-13 21:31:06,187 - INFO - phi = [ 0.12259236 -0.09651093  0.01217352  0.55906259]
2025-12-13 21:31:06,203 - INFO - num_full_subsets = 2
2025-12-13 21:31:06,239 - INFO - phi = [ 0.7363592   0.04663037 -0.1085095  -0.2443512 ]
2025-12-13 21:31:06,255 - INFO - num_full_subsets = 2
2025-12-13 21:31:06,290 - INFO - phi = [0.30280141 0.90355382 0.50446746 0.79542134]
2025-12-13 21:31:06,306 - INFO - num_full_subsets = 2
2025-12-13 21:31:06,341 - INFO - phi = [-0.16567928  0.79105894 -0.70689412  0.46844294]
2025-12-13 21:31:06,358 - INFO - num_full_subsets = 2
2025-12-13 21:31:06,393 - INFO - phi = [-0.39365741 -1.09762665 -0.19410709 -0.27531457]
2025-12-13 21:31:06,409 - INFO - num_full_subsets = 2
2025-12-13 21:31:06,445 - INFO - phi = [ 0.80358666  0.49174291 -0.00306694 -1.29693569]
2025-12-13 21:31:06,462 - INFO - num_full_subsets = 2
2025-12-13 21:31:06,497 - INFO - phi = [ 0.48675872  0.01290243  0.56555167 -1.10234648]
2025-12-13 21:31:06,513 - INFO - num_full_subsets = 2
2025-12-13 21:31:06,547 - INFO - phi = [-0.41106745 -1.45471388 -0.18229165  0.13151287]
2025-12-13 21:31:06,564 - INFO - num_full_subsets = 2
2025-12-13 21:31:06,599 - INFO - phi = [-0.40575254 -0.76405644 -0.20773447 -0.38773646]
2025-12-13 21:31:06,616 - INFO - num_full_subsets = 2
2025-12-13 21:31:06,651 - INFO - phi = [-0.35238213  0.71483703 -0.33151494 -0.49979751]
2025-12-13 21:31:06,667 - INFO - num_full_subsets = 2
2025-12-13 21:31:06,702 - INFO - phi = [ 0.41288845  0.77691816 -0.16616041  0.68322898]
2025-12-13 21:31:06,719 - INFO - num_full_subsets = 2
2025-12-13 21:31:06,754 - INFO - phi = [ 0.45120946 -0.17220408  0.1388988  -0.70982285]
2025-12-13 21:31:06,771 - INFO - num_full_subsets = 2
2025-12-13 21:31:06,806 - INFO - phi = [ 0.7363592   0.04663037 -0.1085095  -0.2443512 ]
2025-12-13 21:31:06,822 - INFO - num_full_subsets = 2
2025-12-13 21:31:06,857 - INFO - phi = [-0.36849658 -0.82667082 -0.17285481 -0.38073841]
2025-12-13 21:31:06,874 - INFO - num_full_subsets = 2
2025-12-13 21:31:06,909 - INFO - phi = [-0.36685098 -0.69198797  0.03740906 -0.57979855]
2025-12-13 21:31:06,925 - INFO - num_full_subsets = 2
2025-12-13 21:31:06,961 - INFO - phi = [ 0.15599755  0.33588335  0.4812411  -1.24335473]
2025-12-13 21:31:06,977 - INFO - num_full_subsets = 2
2025-12-13 21:31:07,012 - INFO - phi = [-0.40398162 -1.47476625 -0.37727186  0.29614651]
2025-12-13 21:31:07,029 - INFO - num_full_subsets = 2
2025-12-13 21:31:07,064 - INFO - phi = [-0.01903797  0.58819277 -0.23493321  0.92745649]
2025-12-13 21:31:07,081 - INFO - num_full_subsets = 2
2025-12-13 21:31:07,116 - INFO - phi = [ 0.48676176 -0.0052536   0.40764747  0.68316219]
2025-12-13 21:31:07,133 - INFO - num_full_subsets = 2
2025-12-13 21:31:07,168 - INFO - phi = [-0.25406802 -0.94099901  1.3615034  -1.27496088]
2025-12-13 21:31:07,184 - INFO - num_full_subsets = 2
2025-12-13 21:31:07,220 - INFO - phi = [-0.05720177  0.3392927   0.95911611  0.38904675]
2025-12-13 21:31:07,236 - INFO - num_full_subsets = 2
2025-12-13 21:31:07,271 - INFO - phi = [-0.36784815 -1.02525733 -0.2792564   0.39053493]
2025-12-13 21:31:07,288 - INFO - num_full_subsets = 2
2025-12-13 21:31:07,323 - INFO - phi = [-0.28451389 -1.34629455  0.5135058  -0.93419252]
2025-12-13 21:31:07,339 - INFO - num_full_subsets = 2
2025-12-13 21:31:07,374 - INFO - phi = [-0.2374112   0.819391    0.22007067  0.32783896]
2025-12-13 21:31:07,391 - INFO - num_full_subsets = 2
2025-12-13 21:31:07,426 - INFO - phi = [ 0.36363019 -0.08434551  0.42696817 -0.27487635]
2025-12-13 21:31:07,443 - INFO - num_full_subsets = 2
2025-12-13 21:31:07,478 - INFO - phi = [-0.36566324  0.08751493 -0.12270977 -0.80453121]
2025-12-13 21:31:07,495 - INFO - num_full_subsets = 2
2025-12-13 21:31:07,530 - INFO - phi = [ 0.63596543  0.10620554 -0.19586006  0.58085696]
2025-12-13 21:31:07,546 - INFO - num_full_subsets = 2
2025-12-13 21:31:07,581 - INFO - phi = [ 0.27715389 -0.03704569 -0.45966967 -0.14778569]
2025-12-13 21:31:07,598 - INFO - num_full_subsets = 2
2025-12-13 21:31:07,634 - INFO - phi = [ 0.23576399  0.35753172 -0.00751918  0.87356769]
2025-12-13 21:31:07,650 - INFO - num_full_subsets = 2
2025-12-13 21:31:07,685 - INFO - phi = [-0.31800971 -0.90666386 -0.15745429 -0.6601197 ]
2025-12-13 21:31:07,702 - INFO - num_full_subsets = 2
2025-12-13 21:31:07,738 - INFO - phi = [-0.40957115 -1.05198508 -0.09501884 -0.31395972]
2025-12-13 21:31:07,754 - INFO - num_full_subsets = 2
2025-12-13 21:31:07,790 - INFO - phi = [-0.26650891  0.07430033 -0.93654041 -0.01435127]
2025-12-13 21:31:07,806 - INFO - num_full_subsets = 2
2025-12-13 21:31:07,841 - INFO - phi = [ 0.62346051  0.49866242 -0.17001731  0.61109844]
2025-12-13 21:31:07,857 - INFO - num_full_subsets = 2
2025-12-13 21:31:07,893 - INFO - phi = [-0.04455167 -0.14426977  1.83285866 -1.38266242]
2025-12-13 21:31:07,909 - INFO - num_full_subsets = 2
2025-12-13 21:31:07,945 - INFO - phi = [ 0.19980043  0.42612227 -0.03729666  0.62545137]
2025-12-13 21:31:07,962 - INFO - num_full_subsets = 2
2025-12-13 21:31:07,996 - INFO - phi = [-0.26861706 -0.38744058 -0.30772849  0.27423746]
2025-12-13 21:31:08,013 - INFO - num_full_subsets = 2
2025-12-13 21:31:08,048 - INFO - phi = [ 0.51888089  0.1362746  -0.13868214  0.61707673]
2025-12-13 21:31:08,065 - INFO - num_full_subsets = 2
2025-12-13 21:31:08,100 - INFO - phi = [ 0.00333013  0.52478969  0.21412762 -1.05426841]
2025-12-13 21:31:08,116 - INFO - num_full_subsets = 2
2025-12-13 21:31:08,152 - INFO - phi = [0.19681961 1.02952411 1.0229747  0.69891056]
2025-12-13 21:31:08,168 - INFO - num_full_subsets = 2
2025-12-13 21:31:08,204 - INFO - phi = [ 0.55382371 -0.0059039  -0.30536721  0.27001082]
2025-12-13 21:31:08,221 - INFO - num_full_subsets = 2
2025-12-13 21:31:08,256 - INFO - phi = [-0.36454347 -1.06551192  0.19010936 -0.69520152]
2025-12-13 21:31:08,272 - INFO - num_full_subsets = 2
2025-12-13 21:31:08,307 - INFO - phi = [-0.01381504  0.32695905  1.99823045 -1.36142374]
2025-12-13 21:31:08,324 - INFO - num_full_subsets = 2
2025-12-13 21:31:08,359 - INFO - phi = [ 0.39301068 -0.11093535 -0.52072849  0.47534457]
2025-12-13 21:31:08,376 - INFO - num_full_subsets = 2
2025-12-13 21:31:08,410 - INFO - phi = [-0.40894963 -1.48450362 -0.19375676 -0.15272769]
2025-12-13 21:31:08,427 - INFO - num_full_subsets = 2
2025-12-13 21:31:08,462 - INFO - phi = [ 0.6914001   0.27560457 -0.03196885  0.56633563]
2025-12-13 21:31:08,478 - INFO - num_full_subsets = 2
2025-12-13 21:31:08,513 - INFO - phi = [ 0.34416633  0.35611447 -0.03157276 -0.93557619]
2025-12-13 21:31:08,529 - INFO - num_full_subsets = 2
2025-12-13 21:31:08,564 - INFO - phi = [ 0.12657562  0.77018729 -0.06922196  0.67121615]
2025-12-13 21:31:08,580 - INFO - num_full_subsets = 2
2025-12-13 21:31:08,615 - INFO - phi = [-0.29447712  0.71747454 -0.30463819  0.12012805]
2025-12-13 21:31:08,631 - INFO - num_full_subsets = 2
2025-12-13 21:31:08,667 - INFO - phi = [-0.31175264 -1.16709932  1.00922281 -0.80508513]
2025-12-13 21:31:08,683 - INFO - num_full_subsets = 2
2025-12-13 21:31:08,718 - INFO - phi = [-0.34238478 -0.54594621  0.03906198 -0.6059224 ]
2025-12-13 21:31:08,735 - INFO - num_full_subsets = 2
2025-12-13 21:31:08,770 - INFO - phi = [ 0.23403059  0.54402932 -0.11020826  0.47719894]
2025-12-13 21:31:08,786 - INFO - num_full_subsets = 2
2025-12-13 21:31:08,822 - INFO - phi = [ 0.2200878   0.60525696 -0.07900074  0.47256643]
2025-12-13 21:31:08,839 - INFO - num_full_subsets = 2
2025-12-13 21:31:08,874 - INFO - phi = [ 0.26469576  0.22403522 -0.84792592  0.33725432]
2025-12-13 21:31:08,890 - INFO - num_full_subsets = 2
2025-12-13 21:31:08,925 - INFO - phi = [ 0.27715389 -0.03704569 -0.45966967 -0.14778569]
2025-12-13 21:31:08,942 - INFO - num_full_subsets = 2
2025-12-13 21:31:08,977 - INFO - phi = [-0.37960825 -0.80407828 -0.11101154 -0.4492149 ]
2025-12-13 21:31:08,994 - INFO - num_full_subsets = 2
2025-12-13 21:31:09,029 - INFO - phi = [-0.07073818  0.66224593 -0.23151357  0.26081972]
2025-12-13 21:31:09,046 - INFO - num_full_subsets = 2
2025-12-13 21:31:09,082 - INFO - phi = [ 0.60275308 -0.19261559 -0.58392074  0.46278027]
2025-12-13 21:31:09,098 - INFO - num_full_subsets = 2
2025-12-13 21:31:09,134 - INFO - phi = [0.32958211 0.90625461 1.12034409 0.87261406]
2025-12-13 21:31:09,151 - INFO - num_full_subsets = 2
2025-12-13 21:31:09,186 - INFO - phi = [ 0.05486637  0.93928943 -0.25103045  0.86600015]
2025-12-13 21:31:09,203 - INFO - num_full_subsets = 2
2025-12-13 21:31:09,238 - INFO - phi = [ 0.19544409 -0.30508526  1.11608734  0.4682779 ]
2025-12-13 21:31:09,255 - INFO - num_full_subsets = 2
2025-12-13 21:31:09,291 - INFO - phi = [ 0.73556457  0.52144486  0.00886166 -1.19485764]
2025-12-13 21:31:09,307 - INFO - num_full_subsets = 2
2025-12-13 21:31:09,343 - INFO - phi = [0.19011052 1.03986583 1.07879779 0.77141729]
2025-12-13 21:31:09,360 - INFO - num_full_subsets = 2
2025-12-13 21:31:09,395 - INFO - phi = [-0.34421688 -0.69644706 -0.01645879 -0.8521953 ]
2025-12-13 21:31:09,412 - INFO - num_full_subsets = 2
2025-12-13 21:31:09,447 - INFO - phi = [-0.33974119 -0.83171556  0.03083646 -0.78298676]
2025-12-13 21:31:09,463 - INFO - num_full_subsets = 2
2025-12-13 21:31:09,499 - INFO - phi = [-0.36189649 -0.59729824 -0.01227226 -0.94000362]
2025-12-13 21:31:09,516 - INFO - num_full_subsets = 2
2025-12-13 21:31:09,550 - INFO - phi = [-0.25157471  0.19063001 -0.3202758   0.35157485]
2025-12-13 21:31:09,567 - INFO - num_full_subsets = 2
2025-12-13 21:31:09,601 - INFO - phi = [ 0.00391306  0.85426943 -0.22846286  0.44564843]
2025-12-13 21:31:09,618 - INFO - num_full_subsets = 2
2025-12-13 21:31:09,653 - INFO - phi = [-0.35440622 -1.48981413 -0.32692701  0.39948516]
2025-12-13 21:31:09,669 - INFO - num_full_subsets = 2
2025-12-13 21:31:09,704 - INFO - phi = [ 0.55932279  0.60585759 -0.11698389  0.62888045]
2025-12-13 21:31:09,721 - INFO - num_full_subsets = 2
2025-12-13 21:31:09,756 - INFO - phi = [ 0.16747089  0.38482196 -0.43559576  0.63628861]
2025-12-13 21:31:09,773 - INFO - num_full_subsets = 2
2025-12-13 21:31:09,808 - INFO - phi = [-0.3552305  -0.54795475 -0.17316549 -0.82460594]
2025-12-13 21:31:09,824 - INFO - num_full_subsets = 2
2025-12-13 21:31:09,860 - INFO - phi = [-0.27854692 -1.0690291  -0.12143896 -0.4030745 ]
2025-12-13 21:31:09,876 - INFO - num_full_subsets = 2
2025-12-13 21:31:09,912 - INFO - phi = [ 0.19022654  0.35581407  0.04798669 -0.78734342]
2025-12-13 21:31:09,928 - INFO - num_full_subsets = 2
2025-12-13 21:31:09,963 - INFO - phi = [-0.2491567  -0.44484132  0.19349486 -0.16702502]
2025-12-13 21:31:09,980 - INFO - num_full_subsets = 2
2025-12-13 21:31:10,015 - INFO - phi = [-0.03638227  0.85015417 -0.4993923   0.57095957]
2025-12-13 21:31:10,031 - INFO - num_full_subsets = 2
2025-12-13 21:31:10,067 - INFO - phi = [-0.43518265 -1.05570781 -0.09816704 -0.27715711]
2025-12-13 21:31:10,084 - INFO - num_full_subsets = 2
2025-12-13 21:31:10,120 - INFO - phi = [-0.14843936  0.67845824 -0.02579121  0.87569786]
2025-12-13 21:31:10,136 - INFO - num_full_subsets = 2
2025-12-13 21:31:10,171 - INFO - phi = [-0.08432721  0.18585723  0.8453798   0.33407975]
2025-12-13 21:31:10,188 - INFO - num_full_subsets = 2
2025-12-13 21:31:10,223 - INFO - phi = [-0.3058388  -0.47937874 -1.19351907  0.44268389]
2025-12-13 21:31:10,239 - INFO - num_full_subsets = 2
2025-12-13 21:31:10,274 - INFO - phi = [ 0.19169573  0.3274214  -0.21328837  0.14936467]
2025-12-13 21:31:10,291 - INFO - num_full_subsets = 2
2025-12-13 21:31:10,327 - INFO - phi = [ 0.34800058 -0.08456615  0.0089909   0.38658439]
2025-12-13 21:31:10,343 - INFO - num_full_subsets = 2
2025-12-13 21:31:10,378 - INFO - phi = [ 0.23576399  0.35753172 -0.00751918  0.87356769]
2025-12-13 21:31:10,395 - INFO - num_full_subsets = 2
2025-12-13 21:31:10,430 - INFO - phi = [-0.44351663 -0.68232623 -0.1662837  -0.36462468]
2025-12-13 21:31:10,446 - INFO - num_full_subsets = 2
2025-12-13 21:31:10,481 - INFO - phi = [-0.36068462 -0.83187192 -0.30950297  0.12824944]
2025-12-13 21:31:10,498 - INFO - num_full_subsets = 2
2025-12-13 21:31:10,533 - INFO - phi = [ 0.82230248  0.34383296 -0.40101246 -0.65426658]
2025-12-13 21:31:10,549 - INFO - num_full_subsets = 2
2025-12-13 21:31:10,584 - INFO - phi = [-0.14355598  0.48400693 -0.19928482  0.94918986]
2025-12-13 21:31:10,601 - INFO - num_full_subsets = 2
2025-12-13 21:31:10,636 - INFO - phi = [-0.05721008  0.71581812 -0.71748552  0.67524581]
2025-12-13 21:31:10,652 - INFO - num_full_subsets = 2
2025-12-13 21:31:10,687 - INFO - phi = [-0.21105328 -0.28493128  0.27857666 -1.18333378]
2025-12-13 21:31:10,704 - INFO - num_full_subsets = 2
2025-12-13 21:31:10,739 - INFO - phi = [-0.0445492   0.29659376 -0.21454623  0.82398039]
2025-12-13 21:31:10,755 - INFO - num_full_subsets = 2
2025-12-13 21:31:10,791 - INFO - phi = [ 0.0396902   0.23054325 -0.41017718 -0.28822704]
2025-12-13 21:31:10,807 - INFO - num_full_subsets = 2
2025-12-13 21:31:10,843 - INFO - phi = [ 0.55315478  0.00089806  0.68673418 -0.82651596]
2025-12-13 21:31:10,859 - INFO - num_full_subsets = 2
2025-12-13 21:31:10,894 - INFO - phi = [0.01990458 0.18481586 1.1842543  0.85538402]
2025-12-13 21:31:10,911 - INFO - num_full_subsets = 2
2025-12-13 21:31:10,946 - INFO - phi = [-0.30399833 -1.05864539  1.20828926 -0.98886838]
2025-12-13 21:31:10,962 - INFO - num_full_subsets = 2
2025-12-13 21:31:10,997 - INFO - phi = [ 0.91719379  0.23940755 -0.06787781 -1.00849444]
2025-12-13 21:31:11,014 - INFO - num_full_subsets = 2
2025-12-13 21:31:11,050 - INFO - phi = [-0.20801494 -0.89945598  1.53842688 -1.2990646 ]
2025-12-13 21:31:11,066 - INFO - num_full_subsets = 2
2025-12-13 21:31:11,102 - INFO - phi = [-0.12050244  0.86457503  0.86391519  0.43781544]
2025-12-13 21:31:11,118 - INFO - num_full_subsets = 2
2025-12-13 21:31:11,153 - INFO - phi = [-0.30774162  0.65118199 -0.05118917  0.2997275 ]
2025-12-13 21:31:11,170 - INFO - num_full_subsets = 2
2025-12-13 21:31:11,205 - INFO - phi = [ 0.77530817  0.35115156 -0.37328124 -0.66864944]
2025-12-13 21:31:11,222 - INFO - num_full_subsets = 2
2025-12-13 21:31:11,258 - INFO - phi = [ 0.74224933  0.5132554  -0.11095247 -0.36090177]
2025-12-13 21:31:11,274 - INFO - num_full_subsets = 2
2025-12-13 21:31:11,310 - INFO - phi = [ 0.1994871   0.17314726 -0.17539363  0.7878955 ]
2025-12-13 21:31:11,327 - INFO - num_full_subsets = 2
2025-12-13 21:31:11,363 - INFO - phi = [ 0.13854607  0.54702175 -1.04183638  0.57405192]
2025-12-13 21:31:11,379 - INFO - num_full_subsets = 2
2025-12-13 21:31:11,414 - INFO - phi = [-0.17832814  0.65665931 -0.42256433 -0.04115716]
2025-12-13 21:31:11,431 - INFO - num_full_subsets = 2
2025-12-13 21:31:11,468 - INFO - phi = [-0.28099535 -0.3962669  -0.27778266  0.72868258]
2025-12-13 21:31:11,484 - INFO - num_full_subsets = 2
2025-12-13 21:31:11,519 - INFO - phi = [-0.38906404 -0.95617126 -0.01229962 -0.66942266]
2025-12-13 21:31:11,536 - INFO - num_full_subsets = 2
2025-12-13 21:31:11,572 - INFO - phi = [-0.25503041 -0.48337061 -0.7044651   0.53702657]
2025-12-13 21:31:11,589 - INFO - num_full_subsets = 2
2025-12-13 21:31:11,625 - INFO - phi = [-0.16041147  0.91693584 -0.3421597   0.66988411]
2025-12-13 21:31:11,641 - INFO - num_full_subsets = 2
2025-12-13 21:31:11,677 - INFO - phi = [-0.25210135  0.46229895 -0.22945003  0.15793091]
2025-12-13 21:31:11,694 - INFO - num_full_subsets = 2
2025-12-13 21:31:11,729 - INFO - phi = [-0.10226935  1.01657234  0.13298296  0.91591101]
2025-12-13 21:31:11,746 - INFO - num_full_subsets = 2
2025-12-13 21:31:11,781 - INFO - phi = [-0.38667286 -1.10754299 -0.36942771 -0.07985689]
2025-12-13 21:31:11,797 - INFO - num_full_subsets = 2
2025-12-13 21:31:11,833 - INFO - phi = [0.25101968 0.49529564 1.02157713 0.78372276]
2025-12-13 21:31:11,850 - INFO - num_full_subsets = 2
2025-12-13 21:31:11,885 - INFO - phi = [ 0.73556457  0.52144486  0.00886166 -1.19485764]
2025-12-13 21:31:11,901 - INFO - num_full_subsets = 2
2025-12-13 21:31:11,936 - INFO - phi = [-0.4273932  -0.3377657  -0.28209597 -0.74207193]
2025-12-13 21:31:11,953 - INFO - num_full_subsets = 2
2025-12-13 21:31:11,989 - INFO - phi = [-0.32314511 -0.87515869 -0.06769239 -0.62209865]
2025-12-13 21:31:12,005 - INFO - num_full_subsets = 2
2025-12-13 21:31:12,040 - INFO - phi = [-0.33928486 -0.64633399 -0.63915623 -0.25785996]
2025-12-13 21:31:12,057 - INFO - num_full_subsets = 2
2025-12-13 21:31:12,093 - INFO - phi = [ 0.43479414  0.64462956 -0.00859632  0.61704493]
2025-12-13 21:31:12,109 - INFO - num_full_subsets = 2
2025-12-13 21:31:12,144 - INFO - phi = [-0.33980445 -0.88750962 -0.48041566 -0.23204483]
2025-12-13 21:31:12,161 - INFO - num_full_subsets = 2
2025-12-13 21:31:12,196 - INFO - phi = [-0.03462341  0.99689854  0.61684418  0.82113143]
2025-12-13 21:31:12,212 - INFO - num_full_subsets = 2
2025-12-13 21:31:12,248 - INFO - phi = [-0.35255289 -0.23050965 -0.29995196  0.40121072]
2025-12-13 21:31:12,761 - INFO - Computing feature importance...
2025-12-13 21:31:13,621 - INFO - Experiment completed for SVM
2025-12-13 21:31:13,621 - INFO - Total time: 24.69s (0.41 min)
2025-12-13 21:31:13,621 - INFO - Starting comprehensive experiment for SVM
2025-12-13 21:31:22,224 - INFO - Performing feature analysis...
2025-12-13 21:31:23,388 - INFO - Model justification: Effective for high-dimensional spaces and non-linear relationships using kernel trick
2025-12-13 21:31:23,388 - INFO - Performing robust cross-validation...
2025-12-13 21:31:23,568 - INFO - CV Results - MSE: 1.6521 ± 0.2441
2025-12-13 21:31:23,569 - INFO - Starting hyperparameter optimization...
2025-12-13 21:31:27,779 - INFO - Best parameters for SVM: {'C': 16.065587846331958, 'epsilon': 0.04709616756221362, 'kernel': 'rbf'}
2025-12-13 21:31:27,779 - INFO - ⏱️ HPO took 4.21 seconds
2025-12-13 21:31:27,779 - INFO - Training final model...
2025-12-13 21:31:27,801 - INFO - ⏱️ Training took 0.02 seconds
2025-12-13 21:31:27,801 - INFO - Performing residual analysis...
2025-12-13 21:31:28,833 - INFO - Generating XAI explanations...
2025-12-13 21:31:28,835 - WARNING - Using 168 background data samples could cause slower run times. Consider using shap.sample(data, K) or shap.kmeans(data, K) to summarize the background as K samples.
2025-12-13 21:31:28,851 - INFO - num_full_subsets = 2
2025-12-13 21:31:28,885 - INFO - phi = [-0.28366278 -0.5793845  -0.60095998  0.45807899]
2025-12-13 21:31:28,901 - INFO - num_full_subsets = 2
2025-12-13 21:31:28,934 - INFO - phi = [ 0.34583055  0.23998243 -0.725739    0.3111012 ]
2025-12-13 21:31:28,950 - INFO - num_full_subsets = 2
2025-12-13 21:31:28,984 - INFO - phi = [0.53076467 0.08526956 0.03583804 0.52403427]
2025-12-13 21:31:29,000 - INFO - num_full_subsets = 2
2025-12-13 21:31:29,034 - INFO - phi = [-0.18579475  0.5290986  -0.52557611 -0.09284293]
2025-12-13 21:31:29,050 - INFO - num_full_subsets = 2
2025-12-13 21:31:29,084 - INFO - phi = [-0.33023313 -0.61500317 -0.12523292 -0.46342193]
2025-12-13 21:31:29,100 - INFO - num_full_subsets = 2
2025-12-13 21:31:29,135 - INFO - phi = [-0.13610647 -0.42076262  0.66912349 -1.69029348]
2025-12-13 21:31:29,151 - INFO - num_full_subsets = 2
2025-12-13 21:31:29,185 - INFO - phi = [-0.26406737 -0.15951621 -0.18531881  0.6126121 ]
2025-12-13 21:31:29,201 - INFO - num_full_subsets = 2
2025-12-13 21:31:29,236 - INFO - phi = [-0.04288087  0.60174378  0.64821821  0.93424651]
2025-12-13 21:31:29,252 - INFO - num_full_subsets = 2
2025-12-13 21:31:29,286 - INFO - phi = [0.03396653 0.64346707 1.42830095 0.20450818]
2025-12-13 21:31:29,302 - INFO - num_full_subsets = 2
2025-12-13 21:31:29,337 - INFO - phi = [ 0.94665774  0.23732474 -0.09817027 -0.64259886]
2025-12-13 21:31:29,353 - INFO - num_full_subsets = 2
2025-12-13 21:31:29,387 - INFO - phi = [-0.31166955 -0.78196729 -0.34741867 -0.38053257]
2025-12-13 21:31:29,404 - INFO - num_full_subsets = 2
2025-12-13 21:31:29,437 - INFO - phi = [ 0.70814047  0.67898353 -0.20510114  0.67553744]
2025-12-13 21:31:29,453 - INFO - num_full_subsets = 2
2025-12-13 21:31:29,487 - INFO - phi = [-0.1808674  -0.76072439 -0.22580878 -0.49017533]
2025-12-13 21:31:29,503 - INFO - num_full_subsets = 2
2025-12-13 21:31:29,537 - INFO - phi = [-0.03542958  0.79282745 -0.50581792  0.583741  ]
2025-12-13 21:31:29,553 - INFO - num_full_subsets = 2
2025-12-13 21:31:29,587 - INFO - phi = [-0.32261349 -0.50900069 -0.10105548 -0.82727537]
2025-12-13 21:31:29,603 - INFO - num_full_subsets = 2
2025-12-13 21:31:29,637 - INFO - phi = [-0.37115732 -0.643084   -0.14375655 -0.37787164]
2025-12-13 21:31:29,652 - INFO - num_full_subsets = 2
2025-12-13 21:31:29,687 - INFO - phi = [ 0.08200406  1.10178261  1.78716405 -1.04499037]
2025-12-13 21:31:29,702 - INFO - num_full_subsets = 2
2025-12-13 21:31:29,737 - INFO - phi = [-0.10440224  0.36679474  0.53251433  0.97510574]
2025-12-13 21:31:29,752 - INFO - num_full_subsets = 2
2025-12-13 21:31:29,787 - INFO - phi = [ 0.13366816  0.78416066 -0.61462548  0.65864746]
2025-12-13 21:31:29,803 - INFO - num_full_subsets = 2
2025-12-13 21:31:29,837 - INFO - phi = [-0.18233494  0.32481636 -0.16511414  0.89101098]
2025-12-13 21:31:29,853 - INFO - num_full_subsets = 2
2025-12-13 21:31:29,887 - INFO - phi = [-0.00391308  0.78370819 -0.34417553  0.57769082]
2025-12-13 21:31:29,902 - INFO - num_full_subsets = 2
2025-12-13 21:31:29,937 - INFO - phi = [-0.21097476  0.83030092 -0.14018295  0.85558245]
2025-12-13 21:31:29,953 - INFO - num_full_subsets = 2
2025-12-13 21:31:29,987 - INFO - phi = [-0.35671598 -1.00701846 -0.29671908 -0.21422436]
2025-12-13 21:31:30,003 - INFO - num_full_subsets = 2
2025-12-13 21:31:30,037 - INFO - phi = [-0.14153541  0.65228501 -0.33788229  0.80964851]
2025-12-13 21:31:30,053 - INFO - num_full_subsets = 2
2025-12-13 21:31:30,087 - INFO - phi = [-0.02965511  0.06958286 -0.1655322   0.78424851]
2025-12-13 21:31:30,103 - INFO - num_full_subsets = 2
2025-12-13 21:31:30,137 - INFO - phi = [-0.06208028  0.62924939  0.01368602  0.82602975]
2025-12-13 21:31:30,153 - INFO - num_full_subsets = 2
2025-12-13 21:31:30,187 - INFO - phi = [-0.10850479  0.75060509 -0.33208592  0.51461549]
2025-12-13 21:31:30,203 - INFO - num_full_subsets = 2
2025-12-13 21:31:30,237 - INFO - phi = [ 0.4266871   0.52735993 -0.44986931  0.59123172]
2025-12-13 21:31:30,253 - INFO - num_full_subsets = 2
2025-12-13 21:31:30,287 - INFO - phi = [-0.21746237  0.72056068 -0.30710726  0.54323279]
2025-12-13 21:31:30,303 - INFO - num_full_subsets = 2
2025-12-13 21:31:30,337 - INFO - phi = [-0.16368367  0.34088455 -0.31074401  0.47046041]
2025-12-13 21:31:30,352 - INFO - num_full_subsets = 2
2025-12-13 21:31:30,386 - INFO - phi = [-0.30004325  0.05777084 -0.2262783   0.17155479]
2025-12-13 21:31:30,402 - INFO - num_full_subsets = 2
2025-12-13 21:31:30,436 - INFO - phi = [ 0.00131427  0.88365273 -0.14268966  0.56716354]
2025-12-13 21:31:30,451 - INFO - num_full_subsets = 2
2025-12-13 21:31:30,485 - INFO - phi = [-0.23537755 -0.23418109  0.12205744 -0.87497071]
2025-12-13 21:31:30,501 - INFO - num_full_subsets = 2
2025-12-13 21:31:30,534 - INFO - phi = [-0.28750029 -0.40586522  0.11036956 -0.67934433]
2025-12-13 21:31:30,550 - INFO - num_full_subsets = 2
2025-12-13 21:31:30,584 - INFO - phi = [-0.32775339 -0.66076617 -0.19423158 -0.50424341]
2025-12-13 21:31:30,600 - INFO - num_full_subsets = 2
2025-12-13 21:31:30,634 - INFO - phi = [-0.34961824 -0.96397476 -0.24666708 -0.2473005 ]
2025-12-13 21:31:30,650 - INFO - num_full_subsets = 2
2025-12-13 21:31:30,684 - INFO - phi = [ 0.4076607   0.28826346  0.45506689 -1.04810865]
2025-12-13 21:31:30,700 - INFO - num_full_subsets = 2
2025-12-13 21:31:30,734 - INFO - phi = [-0.19002203 -0.74748929 -0.1958484  -0.58104684]
2025-12-13 21:31:30,749 - INFO - num_full_subsets = 2
2025-12-13 21:31:30,783 - INFO - phi = [-0.32620159 -0.67707533 -0.11702466 -0.6941831 ]
2025-12-13 21:31:30,799 - INFO - num_full_subsets = 2
2025-12-13 21:31:30,833 - INFO - phi = [-0.31968628 -1.30944435 -0.1270884  -0.21193806]
2025-12-13 21:31:30,849 - INFO - num_full_subsets = 2
2025-12-13 21:31:30,884 - INFO - phi = [ 0.8164757   0.41949223 -0.16638012 -0.45859977]
2025-12-13 21:31:30,899 - INFO - num_full_subsets = 2
2025-12-13 21:31:30,933 - INFO - phi = [-0.34481208 -1.16628273 -0.19560726  0.20290823]
2025-12-13 21:31:30,949 - INFO - num_full_subsets = 2
2025-12-13 21:31:30,984 - INFO - phi = [0.55857225 0.84207264 0.36110292 0.5632986 ]
2025-12-13 21:31:31,000 - INFO - num_full_subsets = 2
2025-12-13 21:31:31,034 - INFO - phi = [-0.3539277  -1.17241776 -0.16793392  0.08907782]
2025-12-13 21:31:31,049 - INFO - num_full_subsets = 2
2025-12-13 21:31:31,083 - INFO - phi = [0.37298416 0.06496439 0.08379146 0.65129908]
2025-12-13 21:31:31,099 - INFO - num_full_subsets = 2
2025-12-13 21:31:31,132 - INFO - phi = [0.52558047 0.62452272 0.62308701 0.47097688]
2025-12-13 21:31:31,148 - INFO - num_full_subsets = 2
2025-12-13 21:31:31,182 - INFO - phi = [-0.08934905 -0.78600926  1.7773246  -1.36350782]
2025-12-13 21:31:31,198 - INFO - num_full_subsets = 2
2025-12-13 21:31:31,232 - INFO - phi = [ 0.80482015 -0.43590992 -0.17543596 -1.04003674]
2025-12-13 21:31:31,247 - INFO - num_full_subsets = 2
2025-12-13 21:31:31,281 - INFO - phi = [-0.32555274 -0.59191392 -0.08895904 -0.68640852]
2025-12-13 21:31:31,297 - INFO - num_full_subsets = 2
2025-12-13 21:31:31,331 - INFO - phi = [-0.37451939 -0.9578176  -0.11191245 -0.29780979]
2025-12-13 21:31:31,346 - INFO - num_full_subsets = 2
2025-12-13 21:31:31,380 - INFO - phi = [-0.29039626 -0.76179069 -0.20093936 -0.51851824]
2025-12-13 21:31:31,396 - INFO - num_full_subsets = 2
2025-12-13 21:31:31,430 - INFO - phi = [ 0.73145404  0.46199989 -0.03522706 -0.17337386]
2025-12-13 21:31:31,446 - INFO - num_full_subsets = 2
2025-12-13 21:31:31,480 - INFO - phi = [-0.35307431 -0.98375595 -0.16944768  0.12617213]
2025-12-13 21:31:31,496 - INFO - num_full_subsets = 2
2025-12-13 21:31:31,530 - INFO - phi = [ 0.87146967  0.29989475 -0.13342    -0.76288766]
2025-12-13 21:31:31,545 - INFO - num_full_subsets = 2
2025-12-13 21:31:31,579 - INFO - phi = [0.41407906 0.3731182  0.00888089 0.66264628]
2025-12-13 21:31:31,596 - INFO - num_full_subsets = 2
2025-12-13 21:31:31,629 - INFO - phi = [-0.03243775  0.25079973  1.17487601  0.77465067]
2025-12-13 21:31:31,645 - INFO - num_full_subsets = 2
2025-12-13 21:31:31,679 - INFO - phi = [-0.08907954  0.04974167  1.5206324  -0.04225258]
2025-12-13 21:31:31,695 - INFO - num_full_subsets = 2
2025-12-13 21:31:31,729 - INFO - phi = [ 0.78723108  0.57735523 -0.15353523  0.22147046]
2025-12-13 21:31:31,745 - INFO - num_full_subsets = 2
2025-12-13 21:31:31,779 - INFO - phi = [ 0.10202842  0.0679161  -0.20924835  0.31817315]
2025-12-13 21:31:31,795 - INFO - num_full_subsets = 2
2025-12-13 21:31:31,830 - INFO - phi = [ 0.81785489  0.2992968  -0.03809785  0.38933511]
2025-12-13 21:31:31,845 - INFO - num_full_subsets = 2
2025-12-13 21:31:31,880 - INFO - phi = [0.64637544 0.07969501 0.05367233 0.42651899]
2025-12-13 21:31:31,896 - INFO - num_full_subsets = 2
2025-12-13 21:31:31,930 - INFO - phi = [-0.25829791 -0.80304532  0.02344332 -0.78180634]
2025-12-13 21:31:31,945 - INFO - num_full_subsets = 2
2025-12-13 21:31:31,980 - INFO - phi = [-0.33460839 -1.05362282 -0.12447932 -0.02784465]
2025-12-13 21:31:31,996 - INFO - num_full_subsets = 2
2025-12-13 21:31:32,030 - INFO - phi = [0.4832757  0.54253897 0.02230859 0.67297311]
2025-12-13 21:31:32,046 - INFO - num_full_subsets = 2
2025-12-13 21:31:32,081 - INFO - phi = [-0.07036615  0.94515343 -0.01017639  0.40449598]
2025-12-13 21:31:32,096 - INFO - num_full_subsets = 2
2025-12-13 21:31:32,130 - INFO - phi = [ 0.24007238  0.32440371 -0.0361673   0.58980307]
2025-12-13 21:31:32,146 - INFO - num_full_subsets = 2
2025-12-13 21:31:32,180 - INFO - phi = [-0.36638855 -0.94760015 -0.2625818  -0.07821817]
2025-12-13 21:31:32,196 - INFO - num_full_subsets = 2
2025-12-13 21:31:32,230 - INFO - phi = [-0.08531435  0.49557742 -0.1524165  -0.21143233]
2025-12-13 21:31:32,246 - INFO - num_full_subsets = 2
2025-12-13 21:31:32,280 - INFO - phi = [-0.00424888  0.41752422  0.86122414  0.64267529]
2025-12-13 21:31:32,296 - INFO - num_full_subsets = 2
2025-12-13 21:31:32,329 - INFO - phi = [-0.35710583 -1.09920757 -0.38852524 -0.02604722]
2025-12-13 21:31:32,345 - INFO - num_full_subsets = 2
2025-12-13 21:31:32,380 - INFO - phi = [-0.1875751  -0.13960944  0.34182228 -1.18789651]
2025-12-13 21:31:32,396 - INFO - num_full_subsets = 2
2025-12-13 21:31:32,429 - INFO - phi = [ 0.53389875  0.21975356 -0.26541684  0.60385535]
2025-12-13 21:31:32,445 - INFO - num_full_subsets = 2
2025-12-13 21:31:32,479 - INFO - phi = [-0.16560967  0.56796148  0.53046138 -0.99219737]
2025-12-13 21:31:32,495 - INFO - num_full_subsets = 2
2025-12-13 21:31:32,529 - INFO - phi = [-0.04071918  0.80675544 -0.50586617  0.52913183]
2025-12-13 21:31:32,545 - INFO - num_full_subsets = 2
2025-12-13 21:31:32,579 - INFO - phi = [ 0.81192054  0.32345964 -0.06870421 -0.23279925]
2025-12-13 21:31:32,595 - INFO - num_full_subsets = 2
2025-12-13 21:31:32,629 - INFO - phi = [-0.05206206  0.36300033 -0.85048504  0.50423417]
2025-12-13 21:31:32,645 - INFO - num_full_subsets = 2
2025-12-13 21:31:32,679 - INFO - phi = [-0.04831789  1.13112304  0.65492881  0.33432646]
2025-12-13 21:31:32,694 - INFO - num_full_subsets = 2
2025-12-13 21:31:32,728 - INFO - phi = [-0.29631396 -0.50111189  0.18296492 -0.99919178]
2025-12-13 21:31:32,744 - INFO - num_full_subsets = 2
2025-12-13 21:31:32,779 - INFO - phi = [0.09827891 0.47905297 0.87503321 0.7567051 ]
2025-12-13 21:31:32,795 - INFO - num_full_subsets = 2
2025-12-13 21:31:32,829 - INFO - phi = [-0.20089139  0.89926643 -0.09317233  0.38724365]
2025-12-13 21:31:32,845 - INFO - num_full_subsets = 2
2025-12-13 21:31:32,879 - INFO - phi = [-0.16476535 -1.10686518  1.30523041 -1.18059626]
2025-12-13 21:31:32,895 - INFO - num_full_subsets = 2
2025-12-13 21:31:32,929 - INFO - phi = [-0.12775532  0.88368015 -0.30965301  0.78406911]
2025-12-13 21:31:32,945 - INFO - num_full_subsets = 2
2025-12-13 21:31:32,979 - INFO - phi = [-0.25866945  0.45942475 -0.28285514  0.11413377]
2025-12-13 21:31:32,995 - INFO - num_full_subsets = 2
2025-12-13 21:31:33,030 - INFO - phi = [-0.31166955 -0.78196729 -0.34741867 -0.38053257]
2025-12-13 21:31:33,046 - INFO - num_full_subsets = 2
2025-12-13 21:31:33,081 - INFO - phi = [-0.2081298  -0.97149326 -0.07371828 -0.45870272]
2025-12-13 21:31:33,097 - INFO - num_full_subsets = 2
2025-12-13 21:31:33,131 - INFO - phi = [-0.35576377 -1.28414557 -0.35246513  0.3044324 ]
2025-12-13 21:31:33,147 - INFO - num_full_subsets = 2
2025-12-13 21:31:33,182 - INFO - phi = [-0.11359695  0.44488315 -0.53705421  0.71824926]
2025-12-13 21:31:33,198 - INFO - num_full_subsets = 2
2025-12-13 21:31:33,231 - INFO - phi = [-0.2323141   0.6806624  -0.28993569  0.29318187]
2025-12-13 21:31:33,247 - INFO - num_full_subsets = 2
2025-12-13 21:31:33,281 - INFO - phi = [-0.02392094  0.61899005  1.06439919  0.59007535]
2025-12-13 21:31:33,297 - INFO - num_full_subsets = 2
2025-12-13 21:31:33,332 - INFO - phi = [ 0.14722331  0.4454665  -0.22188983 -0.15501422]
2025-12-13 21:31:33,348 - INFO - num_full_subsets = 2
2025-12-13 21:31:33,383 - INFO - phi = [-0.34979482 -0.97407267 -0.39973652 -0.06692388]
2025-12-13 21:31:33,399 - INFO - num_full_subsets = 2
2025-12-13 21:31:33,433 - INFO - phi = [-0.18251392 -0.19490534 -0.34385484 -0.51791796]
2025-12-13 21:31:33,449 - INFO - num_full_subsets = 2
2025-12-13 21:31:33,483 - INFO - phi = [ 0.69847708 -0.17811556 -0.91509689 -0.08765357]
2025-12-13 21:31:33,499 - INFO - num_full_subsets = 2
2025-12-13 21:31:33,533 - INFO - phi = [-0.24959865 -0.82545057  1.43761134 -1.19028419]
2025-12-13 21:31:33,549 - INFO - num_full_subsets = 2
2025-12-13 21:31:33,583 - INFO - phi = [-0.31313964 -0.80522414 -0.08600481 -0.59961847]
2025-12-13 21:31:33,599 - INFO - num_full_subsets = 2
2025-12-13 21:31:33,633 - INFO - phi = [ 0.54488435  0.24514519 -0.62800748  0.53128913]
2025-12-13 21:31:33,649 - INFO - num_full_subsets = 2
2025-12-13 21:31:33,683 - INFO - phi = [-0.14109694  0.61835635 -0.53793174  0.5055606 ]
2025-12-13 21:31:33,699 - INFO - num_full_subsets = 2
2025-12-13 21:31:33,733 - INFO - phi = [-0.28795563 -0.19179701 -0.18998541  0.27660341]
2025-12-13 21:31:33,749 - INFO - num_full_subsets = 2
2025-12-13 21:31:33,783 - INFO - phi = [ 0.66657102 -0.01653722 -0.46310786  0.53604125]
2025-12-13 21:31:33,799 - INFO - num_full_subsets = 2
2025-12-13 21:31:33,833 - INFO - phi = [-0.0840741   0.50548302 -0.37453262  0.73047303]
2025-12-13 21:31:33,849 - INFO - num_full_subsets = 2
2025-12-13 21:31:33,884 - INFO - phi = [ 0.61154848  0.06438386 -0.15969165 -0.52612799]
2025-12-13 21:31:33,900 - INFO - num_full_subsets = 2
2025-12-13 21:31:33,934 - INFO - phi = [-0.1544675   0.35051402 -0.15196955  0.73568144]
2025-12-13 21:31:33,950 - INFO - num_full_subsets = 2
2025-12-13 21:31:33,984 - INFO - phi = [-0.12015419  0.34009644  0.91181218  0.53620212]
2025-12-13 21:31:34,001 - INFO - num_full_subsets = 2
2025-12-13 21:31:34,035 - INFO - phi = [ 0.12511344  0.69685816 -0.63886532  0.4510394 ]
2025-12-13 21:31:34,051 - INFO - num_full_subsets = 2
2025-12-13 21:31:34,086 - INFO - phi = [-0.15117092 -0.47074744 -0.1642462   0.32402311]
2025-12-13 21:31:34,102 - INFO - num_full_subsets = 2
2025-12-13 21:31:34,136 - INFO - phi = [-0.33126392 -0.81770788 -0.24654652 -0.39906965]
2025-12-13 21:31:34,152 - INFO - num_full_subsets = 2
2025-12-13 21:31:34,186 - INFO - phi = [0.41086746 0.22158474 0.04438841 0.67690025]
2025-12-13 21:31:34,202 - INFO - num_full_subsets = 2
2025-12-13 21:31:34,236 - INFO - phi = [ 0.47754003  0.05702529 -0.4159717   0.06433676]
2025-12-13 21:31:34,252 - INFO - num_full_subsets = 2
2025-12-13 21:31:34,285 - INFO - phi = [ 0.13985739  0.85775932 -0.0404709   0.83782948]
2025-12-13 21:31:34,301 - INFO - num_full_subsets = 2
2025-12-13 21:31:34,335 - INFO - phi = [-0.09259749 -0.33649196  1.12553578 -1.19178242]
2025-12-13 21:31:34,351 - INFO - num_full_subsets = 2
2025-12-13 21:31:34,385 - INFO - phi = [-0.18811165 -0.87197118 -0.46194213  0.52509266]
2025-12-13 21:31:34,401 - INFO - num_full_subsets = 2
2025-12-13 21:31:34,436 - INFO - phi = [-0.29040487 -0.41107659 -0.11200369 -0.94697747]
2025-12-13 21:31:34,451 - INFO - num_full_subsets = 2
2025-12-13 21:31:34,486 - INFO - phi = [-0.35089484 -0.66961601 -0.11134267 -0.48139864]
2025-12-13 21:31:34,502 - INFO - num_full_subsets = 2
2025-12-13 21:31:34,536 - INFO - phi = [-0.3695443  -0.87446749 -0.10558618 -0.38274488]
2025-12-13 21:31:34,551 - INFO - num_full_subsets = 2
2025-12-13 21:31:34,585 - INFO - phi = [-0.15228753  0.60404143 -0.40103258  0.26427984]
2025-12-13 21:31:34,601 - INFO - num_full_subsets = 2
2025-12-13 21:31:34,635 - INFO - phi = [ 0.52925912 -0.11828977  0.35655981 -0.25416923]
2025-12-13 21:31:34,651 - INFO - num_full_subsets = 2
2025-12-13 21:31:34,685 - INFO - phi = [-0.27975695 -1.00058209  0.87327325 -1.07308531]
2025-12-13 21:31:34,701 - INFO - num_full_subsets = 2
2025-12-13 21:31:34,734 - INFO - phi = [0.13509829 0.666647   1.02327239 0.69098426]
2025-12-13 21:31:34,750 - INFO - num_full_subsets = 2
2025-12-13 21:31:34,785 - INFO - phi = [0.29159492 0.60298666 0.25210012 0.52193185]
2025-12-13 21:31:34,801 - INFO - num_full_subsets = 2
2025-12-13 21:31:34,835 - INFO - phi = [-0.3468488  -0.86627079 -0.23460884 -0.25647   ]
2025-12-13 21:31:34,851 - INFO - num_full_subsets = 2
2025-12-13 21:31:34,885 - INFO - phi = [-0.03657838  0.79165582 -0.54855151  0.74094353]
2025-12-13 21:31:34,901 - INFO - num_full_subsets = 2
2025-12-13 21:31:34,935 - INFO - phi = [ 0.51353919  0.00838534  0.67353475 -0.85078655]
2025-12-13 21:31:34,951 - INFO - num_full_subsets = 2
2025-12-13 21:31:34,986 - INFO - phi = [-0.10103737  0.02993624  0.52538943  0.8116958 ]
2025-12-13 21:31:35,002 - INFO - num_full_subsets = 2
2025-12-13 21:31:35,036 - INFO - phi = [ 0.7697211   0.39320708 -0.04175962 -0.87252588]
2025-12-13 21:31:35,052 - INFO - num_full_subsets = 2
2025-12-13 21:31:35,086 - INFO - phi = [-0.15393191  0.56247307 -0.77705368  0.25201616]
2025-12-13 21:31:35,102 - INFO - num_full_subsets = 2
2025-12-13 21:31:35,136 - INFO - phi = [-0.19358137 -0.33070543  0.07499053  0.9420537 ]
2025-12-13 21:31:35,152 - INFO - num_full_subsets = 2
2025-12-13 21:31:35,186 - INFO - phi = [ 0.37403779  0.30311409  0.62472831 -0.7109622 ]
2025-12-13 21:31:35,202 - INFO - num_full_subsets = 2
2025-12-13 21:31:35,236 - INFO - phi = [ 0.14911446  0.41788494  0.42650441 -1.17151561]
2025-12-13 21:31:35,252 - INFO - num_full_subsets = 2
2025-12-13 21:31:35,286 - INFO - phi = [-0.28156768  0.62939972 -0.27510829 -0.69289862]
2025-12-13 21:31:35,301 - INFO - num_full_subsets = 2
2025-12-13 21:31:35,335 - INFO - phi = [-0.16979957 -0.94898869  1.03590531 -1.11705006]
2025-12-13 21:31:35,351 - INFO - num_full_subsets = 2
2025-12-13 21:31:35,385 - INFO - phi = [-0.2507924   0.40403303 -0.4825183  -0.06570663]
2025-12-13 21:31:35,402 - INFO - num_full_subsets = 2
2025-12-13 21:31:35,435 - INFO - phi = [-0.27594032 -0.82376365  0.02433914  0.33267515]
2025-12-13 21:31:35,451 - INFO - num_full_subsets = 2
2025-12-13 21:31:35,485 - INFO - phi = [-0.32430183 -0.70385395 -0.08374203 -0.65558906]
2025-12-13 21:31:35,501 - INFO - num_full_subsets = 2
2025-12-13 21:31:35,534 - INFO - phi = [-0.03155264  1.64728538  0.54266409  0.32246984]
2025-12-13 21:31:35,550 - INFO - num_full_subsets = 2
2025-12-13 21:31:35,584 - INFO - phi = [0.43910758 0.71927296 0.68266529 0.555066  ]
2025-12-13 21:31:35,600 - INFO - num_full_subsets = 2
2025-12-13 21:31:35,634 - INFO - phi = [-0.23510809  0.76997878 -0.26929355  0.11564144]
2025-12-13 21:31:35,650 - INFO - num_full_subsets = 2
2025-12-13 21:31:35,684 - INFO - phi = [-0.37734037 -0.83167968 -0.1914029  -0.19033069]
2025-12-13 21:31:35,700 - INFO - num_full_subsets = 2
2025-12-13 21:31:35,735 - INFO - phi = [ 0.47756747  0.31517412 -0.0738165  -1.20200679]
2025-12-13 21:31:35,750 - INFO - num_full_subsets = 2
2025-12-13 21:31:35,784 - INFO - phi = [-0.31063021 -0.7497915  -0.33793836  0.41686267]
2025-12-13 21:31:35,800 - INFO - num_full_subsets = 2
2025-12-13 21:31:35,834 - INFO - phi = [ 0.69726203  0.38197076 -0.17908269 -0.29304039]
2025-12-13 21:31:35,850 - INFO - num_full_subsets = 2
2025-12-13 21:31:35,884 - INFO - phi = [-0.33023313 -0.61500317 -0.12523292 -0.46342193]
2025-12-13 21:31:35,900 - INFO - num_full_subsets = 2
2025-12-13 21:31:35,934 - INFO - phi = [-0.16554983 -0.41192027  1.72686406 -0.57468689]
2025-12-13 21:31:35,950 - INFO - num_full_subsets = 2
2025-12-13 21:31:35,984 - INFO - phi = [-0.13860143  0.29385236 -0.97815219  0.16985216]
2025-12-13 21:31:36,000 - INFO - num_full_subsets = 2
2025-12-13 21:31:36,034 - INFO - phi = [ 0.24007238  0.32440371 -0.0361673   0.58980307]
2025-12-13 21:31:36,050 - INFO - num_full_subsets = 2
2025-12-13 21:31:36,084 - INFO - phi = [-0.17333091  0.34056468 -0.86702096 -0.06073027]
2025-12-13 21:31:36,100 - INFO - num_full_subsets = 2
2025-12-13 21:31:36,134 - INFO - phi = [-0.15860056  0.67659108  0.06876476  0.78501813]
2025-12-13 21:31:36,150 - INFO - num_full_subsets = 2
2025-12-13 21:31:36,184 - INFO - phi = [-0.34388994 -0.3165271  -0.18245268 -0.45306347]
2025-12-13 21:31:36,200 - INFO - num_full_subsets = 2
2025-12-13 21:31:36,233 - INFO - phi = [-0.20222374  0.91860601 -0.14007244  0.79807776]
2025-12-13 21:31:36,249 - INFO - num_full_subsets = 2
2025-12-13 21:31:36,283 - INFO - phi = [-0.27937156  0.34809605 -0.25411622  0.23035959]
2025-12-13 21:31:36,299 - INFO - num_full_subsets = 2
2025-12-13 21:31:36,333 - INFO - phi = [-0.26912252 -1.40515003  0.16134352  0.30170571]
2025-12-13 21:31:36,349 - INFO - num_full_subsets = 2
2025-12-13 21:31:36,382 - INFO - phi = [ 0.60801518  0.33147165  0.01658725 -0.37930901]
2025-12-13 21:31:36,398 - INFO - num_full_subsets = 2
2025-12-13 21:31:36,432 - INFO - phi = [ 0.41990302 -0.18461649 -0.21954402  0.54829207]
2025-12-13 21:31:36,448 - INFO - num_full_subsets = 2
2025-12-13 21:31:36,482 - INFO - phi = [-0.25498882  0.77574427 -0.27498809 -0.58914666]
2025-12-13 21:31:36,497 - INFO - num_full_subsets = 2
2025-12-13 21:31:36,531 - INFO - phi = [-0.1619655   0.41938777  0.30589579  0.11245532]
2025-12-13 21:31:36,547 - INFO - num_full_subsets = 2
2025-12-13 21:31:36,581 - INFO - phi = [0.49906128 0.86831044 0.10969802 0.57771084]
2025-12-13 21:31:36,597 - INFO - num_full_subsets = 2
2025-12-13 21:31:36,631 - INFO - phi = [-0.32601764 -0.93607296 -0.20080831  0.3772872 ]
2025-12-13 21:31:36,646 - INFO - num_full_subsets = 2
2025-12-13 21:31:36,681 - INFO - phi = [0.39852823 0.5777298  0.02878611 0.57731561]
2025-12-13 21:31:36,697 - INFO - num_full_subsets = 2
2025-12-13 21:31:36,731 - INFO - phi = [-0.33558209 -0.87258741  0.02643208 -0.71364362]
2025-12-13 21:31:36,747 - INFO - num_full_subsets = 2
2025-12-13 21:31:36,781 - INFO - phi = [-0.36780316 -1.08382042 -0.34817587  0.27390839]
2025-12-13 21:31:36,797 - INFO - num_full_subsets = 2
2025-12-13 21:31:36,831 - INFO - phi = [ 0.0404635   0.84719311 -0.26444359  0.76233949]
2025-12-13 21:31:36,847 - INFO - num_full_subsets = 2
2025-12-13 21:31:36,881 - INFO - phi = [-0.31058588 -0.82051375 -0.30686617 -0.38553264]
2025-12-13 21:31:36,897 - INFO - num_full_subsets = 2
2025-12-13 21:31:36,931 - INFO - phi = [-0.22167801  0.0712537   0.03481269  0.44752677]
2025-12-13 21:31:36,947 - INFO - num_full_subsets = 2
2025-12-13 21:31:36,981 - INFO - phi = [ 0.56702446  0.30013656  0.22495216 -1.14826559]
2025-12-13 21:31:36,997 - INFO - num_full_subsets = 2
2025-12-13 21:31:37,031 - INFO - phi = [-0.17587076  0.27539582 -0.82588092  0.02552654]
2025-12-13 21:31:37,047 - INFO - num_full_subsets = 2
2025-12-13 21:31:37,081 - INFO - phi = [-0.33354897 -0.65545035 -0.096419   -0.64727927]
2025-12-13 21:31:37,097 - INFO - num_full_subsets = 2
2025-12-13 21:31:37,131 - INFO - phi = [-0.22790507 -0.82917546  0.6748688  -0.26724492]
2025-12-13 21:31:37,147 - INFO - num_full_subsets = 2
2025-12-13 21:31:37,181 - INFO - phi = [-0.22177841 -1.09053887 -0.06229119 -0.57818248]
2025-12-13 21:31:37,198 - INFO - num_full_subsets = 2
2025-12-13 21:31:37,232 - INFO - phi = [ 0.87146967  0.29989475 -0.13342    -0.76288766]
2025-12-13 21:31:37,906 - INFO - Computing feature importance...
2025-12-13 21:31:38,751 - INFO - Experiment completed for SVM
2025-12-13 21:31:38,751 - INFO - Total time: 24.75s (0.41 min)
2025-12-13 21:31:38,751 - INFO - Starting comprehensive experiment for SVM
2025-12-13 21:31:47,801 - INFO - Performing feature analysis...
2025-12-13 21:31:48,969 - INFO - Model justification: Effective for high-dimensional spaces and non-linear relationships using kernel trick
2025-12-13 21:31:48,969 - INFO - Performing robust cross-validation...
2025-12-13 21:31:49,149 - INFO - CV Results - MSE: 1.7309 ± 0.1907
2025-12-13 21:31:49,149 - INFO - Starting hyperparameter optimization...
2025-12-13 21:31:52,798 - INFO - Best parameters for SVM: {'C': 8.335515133449624, 'epsilon': 0.04767526473151195, 'kernel': 'rbf'}
2025-12-13 21:31:52,798 - INFO - ⏱️ HPO took 3.65 seconds
2025-12-13 21:31:52,798 - INFO - Training final model...
2025-12-13 21:31:52,816 - INFO - ⏱️ Training took 0.02 seconds
2025-12-13 21:31:52,816 - INFO - Performing residual analysis...
2025-12-13 21:31:53,857 - INFO - Generating XAI explanations...
2025-12-13 21:31:53,860 - WARNING - Using 168 background data samples could cause slower run times. Consider using shap.sample(data, K) or shap.kmeans(data, K) to summarize the background as K samples.
2025-12-13 21:31:53,876 - INFO - num_full_subsets = 2
2025-12-13 21:31:53,909 - INFO - phi = [-0.08016647  0.03126398  0.66249739  0.91228775]
2025-12-13 21:31:53,926 - INFO - num_full_subsets = 2
2025-12-13 21:31:53,959 - INFO - phi = [ 0.77014029 -0.26353334 -0.12833558 -1.05059748]
2025-12-13 21:31:53,976 - INFO - num_full_subsets = 2
2025-12-13 21:31:54,010 - INFO - phi = [-0.09489724  0.54084188 -0.50038844  0.52438476]
2025-12-13 21:31:54,027 - INFO - num_full_subsets = 2
2025-12-13 21:31:54,061 - INFO - phi = [-0.29316666 -0.35514026 -0.27485277  0.07968686]
2025-12-13 21:31:54,077 - INFO - num_full_subsets = 2
2025-12-13 21:31:54,111 - INFO - phi = [-0.35716236 -1.02262462 -0.2971302  -0.06154259]
2025-12-13 21:31:54,128 - INFO - num_full_subsets = 2
2025-12-13 21:31:54,162 - INFO - phi = [-0.05048892  0.73330629 -0.21943762  0.32961032]
2025-12-13 21:31:54,178 - INFO - num_full_subsets = 2
2025-12-13 21:31:54,212 - INFO - phi = [ 0.59231233  0.33471934 -0.14566326 -0.02236161]
2025-12-13 21:31:54,229 - INFO - num_full_subsets = 2
2025-12-13 21:31:54,263 - INFO - phi = [-0.09757452  0.81286331  0.40135805  0.31228365]
2025-12-13 21:31:54,279 - INFO - num_full_subsets = 2
2025-12-13 21:31:54,313 - INFO - phi = [-0.33218691  0.23902311 -0.18041138 -0.6925366 ]
2025-12-13 21:31:54,329 - INFO - num_full_subsets = 2
2025-12-13 21:31:54,364 - INFO - phi = [0.11224535 0.49636888 0.92108845 0.87281585]
2025-12-13 21:31:54,380 - INFO - num_full_subsets = 2
2025-12-13 21:31:54,414 - INFO - phi = [ 0.50146088  0.36824439 -0.32891664 -0.05912852]
2025-12-13 21:31:54,430 - INFO - num_full_subsets = 2
2025-12-13 21:31:54,464 - INFO - phi = [-0.16279402  0.56781796 -0.18566785  0.53948904]
2025-12-13 21:31:54,480 - INFO - num_full_subsets = 2
2025-12-13 21:31:54,514 - INFO - phi = [-0.1100662   0.02927915  1.21196964  0.02757025]
2025-12-13 21:31:54,530 - INFO - num_full_subsets = 2
2025-12-13 21:31:54,564 - INFO - phi = [-0.30297693 -0.90571073 -0.2270246   0.41063054]
2025-12-13 21:31:54,581 - INFO - num_full_subsets = 2
2025-12-13 21:31:54,615 - INFO - phi = [-0.32306138 -0.44834176  0.15461885 -0.62045189]
2025-12-13 21:31:54,631 - INFO - num_full_subsets = 2
2025-12-13 21:31:54,665 - INFO - phi = [-0.36369435 -1.3545805  -0.44176205  0.2113413 ]
2025-12-13 21:31:54,682 - INFO - num_full_subsets = 2
2025-12-13 21:31:54,715 - INFO - phi = [-0.22140129  0.86242966  0.24497516  0.4409909 ]
2025-12-13 21:31:54,731 - INFO - num_full_subsets = 2
2025-12-13 21:31:54,766 - INFO - phi = [-0.27682161 -0.5117655   0.11186939 -1.00587699]
2025-12-13 21:31:54,782 - INFO - num_full_subsets = 2
2025-12-13 21:31:54,816 - INFO - phi = [ 0.72250736  0.31710599 -0.1132601   0.4422029 ]
2025-12-13 21:31:54,832 - INFO - num_full_subsets = 2
2025-12-13 21:31:54,866 - INFO - phi = [-0.12310357  1.01061961 -0.03219626 -0.19560915]
2025-12-13 21:31:54,883 - INFO - num_full_subsets = 2
2025-12-13 21:31:54,917 - INFO - phi = [-0.13150395  0.48005057  0.54427424 -1.13832553]
2025-12-13 21:31:54,933 - INFO - num_full_subsets = 2
2025-12-13 21:31:54,967 - INFO - phi = [-0.1241801  -0.32569304  1.1065404   0.72405638]
2025-12-13 21:31:54,984 - INFO - num_full_subsets = 2
2025-12-13 21:31:55,018 - INFO - phi = [-0.21225018 -0.8805485   0.45026714  0.72688056]
2025-12-13 21:31:55,034 - INFO - num_full_subsets = 2
2025-12-13 21:31:55,068 - INFO - phi = [ 1.03821224  0.06519924 -0.1274032  -0.83493368]
2025-12-13 21:31:55,085 - INFO - num_full_subsets = 2
2025-12-13 21:31:55,119 - INFO - phi = [0.18514848 0.05998758 0.20043693 0.34761253]
2025-12-13 21:31:55,136 - INFO - num_full_subsets = 2
2025-12-13 21:31:55,170 - INFO - phi = [-0.31794855 -0.64532721 -0.56869509 -0.00963267]
2025-12-13 21:31:55,187 - INFO - num_full_subsets = 2
2025-12-13 21:31:55,220 - INFO - phi = [-0.08186358 -0.22517194 -0.23426679  0.6087668 ]
2025-12-13 21:31:55,237 - INFO - num_full_subsets = 2
2025-12-13 21:31:55,271 - INFO - phi = [-0.3561065  -0.17410459 -0.14571039 -0.36616724]
2025-12-13 21:31:55,287 - INFO - num_full_subsets = 2
2025-12-13 21:31:55,321 - INFO - phi = [0.17525533 0.90132738 0.03711148 0.92734151]
2025-12-13 21:31:55,338 - INFO - num_full_subsets = 2
2025-12-13 21:31:55,371 - INFO - phi = [-0.38294171 -0.28107221 -0.21260606 -0.7509693 ]
2025-12-13 21:31:55,388 - INFO - num_full_subsets = 2
2025-12-13 21:31:55,422 - INFO - phi = [ 0.34858417  1.5220686   0.29387372 -0.13006497]
2025-12-13 21:31:55,438 - INFO - num_full_subsets = 2
2025-12-13 21:31:55,472 - INFO - phi = [-0.23146607 -0.20274629 -1.10936612  0.3173514 ]
2025-12-13 21:31:55,489 - INFO - num_full_subsets = 2
2025-12-13 21:31:55,523 - INFO - phi = [-0.3518865  -0.7599016  -0.1294336  -0.47238264]
2025-12-13 21:31:55,539 - INFO - num_full_subsets = 2
2025-12-13 21:31:55,573 - INFO - phi = [-0.37934356 -1.02037752 -0.17453763 -0.12360037]
2025-12-13 21:31:55,589 - INFO - num_full_subsets = 2
2025-12-13 21:31:55,623 - INFO - phi = [-0.35111882 -0.85108299 -0.13405658 -0.36378943]
2025-12-13 21:31:55,640 - INFO - num_full_subsets = 2
2025-12-13 21:31:55,674 - INFO - phi = [-0.178741   -0.75554206 -0.23890666 -0.55973142]
2025-12-13 21:31:55,690 - INFO - num_full_subsets = 2
2025-12-13 21:31:55,724 - INFO - phi = [ 0.71673872  0.11715003 -0.02091628 -0.06285984]
2025-12-13 21:31:55,740 - INFO - num_full_subsets = 2
2025-12-13 21:31:55,774 - INFO - phi = [ 0.65601227  0.59320533 -0.25770383  0.6535401 ]
2025-12-13 21:31:55,791 - INFO - num_full_subsets = 2
2025-12-13 21:31:55,825 - INFO - phi = [ 0.29135364  0.69214411 -1.014355    0.46450124]
2025-12-13 21:31:55,841 - INFO - num_full_subsets = 2
2025-12-13 21:31:55,876 - INFO - phi = [-0.07022928 -0.14391135 -0.50284274  0.55794984]
2025-12-13 21:31:55,892 - INFO - num_full_subsets = 2
2025-12-13 21:31:55,926 - INFO - phi = [ 0.55165582 -0.04238171 -0.20317913 -1.44351704]
2025-12-13 21:31:55,943 - INFO - num_full_subsets = 2
2025-12-13 21:31:55,976 - INFO - phi = [-0.07928917  0.37969332  0.66486309  1.05293976]
2025-12-13 21:31:55,993 - INFO - num_full_subsets = 2
2025-12-13 21:31:56,028 - INFO - phi = [0.05044335 0.77254591 0.99668976 1.00542755]
2025-12-13 21:31:56,044 - INFO - num_full_subsets = 2
2025-12-13 21:31:56,078 - INFO - phi = [-0.17439995 -0.90379795 -0.02326175 -0.54391046]
2025-12-13 21:31:56,095 - INFO - num_full_subsets = 2
2025-12-13 21:31:56,129 - INFO - phi = [-0.37831566 -0.87701723 -0.18355313 -0.09016115]
2025-12-13 21:31:56,145 - INFO - num_full_subsets = 2
2025-12-13 21:31:56,179 - INFO - phi = [ 0.4541942   0.52319408 -0.24474568  0.7086595 ]
2025-12-13 21:31:56,196 - INFO - num_full_subsets = 2
2025-12-13 21:31:56,230 - INFO - phi = [-0.18973685 -1.07368753  0.83035912 -1.09113475]
2025-12-13 21:31:56,246 - INFO - num_full_subsets = 2
2025-12-13 21:31:56,281 - INFO - phi = [0.36609159 0.66369946 0.23234515 0.77689582]
2025-12-13 21:31:56,298 - INFO - num_full_subsets = 2
2025-12-13 21:31:56,332 - INFO - phi = [-0.32213176 -0.74228773 -0.29823352  0.14295716]
2025-12-13 21:31:56,348 - INFO - num_full_subsets = 2
2025-12-13 21:31:56,382 - INFO - phi = [-0.34391425 -0.54381326 -0.15614311 -0.09691775]
2025-12-13 21:31:56,399 - INFO - num_full_subsets = 2
2025-12-13 21:31:56,432 - INFO - phi = [-0.34147809 -0.97144497 -0.2452831   0.16305357]
2025-12-13 21:31:56,449 - INFO - num_full_subsets = 2
2025-12-13 21:31:56,482 - INFO - phi = [-0.10377171 -0.76055828  1.22512337  1.05849481]
2025-12-13 21:31:56,499 - INFO - num_full_subsets = 2
2025-12-13 21:31:56,533 - INFO - phi = [ 0.7535903   0.30178961 -0.0408512  -1.24925432]
2025-12-13 21:31:56,549 - INFO - num_full_subsets = 2
2025-12-13 21:31:56,583 - INFO - phi = [-0.14924897 -0.925175   -0.13445418 -0.47301015]
2025-12-13 21:31:56,600 - INFO - num_full_subsets = 2
2025-12-13 21:31:56,634 - INFO - phi = [-0.32626495 -0.65074404  0.15418965 -0.31704673]
2025-12-13 21:31:56,650 - INFO - num_full_subsets = 2
2025-12-13 21:31:56,684 - INFO - phi = [-0.34003936 -1.23411696 -0.5021071   0.24074095]
2025-12-13 21:31:56,701 - INFO - num_full_subsets = 2
2025-12-13 21:31:56,735 - INFO - phi = [-0.1152349   0.68024227 -0.64364198  0.34979702]
2025-12-13 21:31:56,751 - INFO - num_full_subsets = 2
2025-12-13 21:31:56,786 - INFO - phi = [ 0.48091182  0.18071272  0.1428712  -0.9723009 ]
2025-12-13 21:31:56,803 - INFO - num_full_subsets = 2
2025-12-13 21:31:56,837 - INFO - phi = [-0.38120983 -0.73528627 -0.21544514  0.02636184]
2025-12-13 21:31:56,854 - INFO - num_full_subsets = 2
2025-12-13 21:31:56,888 - INFO - phi = [ 0.24798964  0.30993755 -0.1664099  -0.17351334]
2025-12-13 21:31:56,904 - INFO - num_full_subsets = 2
2025-12-13 21:31:56,938 - INFO - phi = [-0.13613598 -0.79930633 -0.09985435 -0.74127874]
2025-12-13 21:31:56,955 - INFO - num_full_subsets = 2
2025-12-13 21:31:56,989 - INFO - phi = [-0.30917708  0.79527784 -0.30715595 -0.43487368]
2025-12-13 21:31:57,006 - INFO - num_full_subsets = 2
2025-12-13 21:31:57,040 - INFO - phi = [-0.05556974  0.85863437 -0.2802283   0.58601599]
2025-12-13 21:31:57,056 - INFO - num_full_subsets = 2
2025-12-13 21:31:57,090 - INFO - phi = [-0.04202085  0.65490942  0.78721793 -2.03640997]
2025-12-13 21:31:57,107 - INFO - num_full_subsets = 2
2025-12-13 21:31:57,141 - INFO - phi = [-0.09692685  0.5331358  -0.17207769 -0.09060512]
2025-12-13 21:31:57,157 - INFO - num_full_subsets = 2
2025-12-13 21:31:57,191 - INFO - phi = [-0.26836361 -0.34861728 -0.70432846  0.22996583]
2025-12-13 21:31:57,207 - INFO - num_full_subsets = 2
2025-12-13 21:31:57,241 - INFO - phi = [-0.26440189 -0.14226685 -0.24515805  0.61236368]
2025-12-13 21:31:57,257 - INFO - num_full_subsets = 2
2025-12-13 21:31:57,292 - INFO - phi = [-0.23421413 -0.62160822 -0.04706605 -0.7792852 ]
2025-12-13 21:31:57,308 - INFO - num_full_subsets = 2
2025-12-13 21:31:57,342 - INFO - phi = [-0.23819731 -0.7121763   0.43749846 -1.07168158]
2025-12-13 21:31:57,358 - INFO - num_full_subsets = 2
2025-12-13 21:31:57,392 - INFO - phi = [ 0.39876079 -0.07119159 -0.55388688  0.47390734]
2025-12-13 21:31:57,409 - INFO - num_full_subsets = 2
2025-12-13 21:31:57,443 - INFO - phi = [-0.27671612 -0.26538783 -0.25257047  0.2175306 ]
2025-12-13 21:31:57,459 - INFO - num_full_subsets = 2
2025-12-13 21:31:57,493 - INFO - phi = [-0.38859797 -1.05210984 -0.18230265 -0.17201964]
2025-12-13 21:31:57,510 - INFO - num_full_subsets = 2
2025-12-13 21:31:57,544 - INFO - phi = [ 0.39876079 -0.07119159 -0.55388688  0.47390734]
2025-12-13 21:31:57,560 - INFO - num_full_subsets = 2
2025-12-13 21:31:57,594 - INFO - phi = [ 0.93629364 -0.11634745 -0.05069652 -0.80897798]
2025-12-13 21:31:57,611 - INFO - num_full_subsets = 2
2025-12-13 21:31:57,645 - INFO - phi = [-0.07323705  0.93587181 -0.40569658  0.66835754]
2025-12-13 21:31:57,661 - INFO - num_full_subsets = 2
2025-12-13 21:31:57,695 - INFO - phi = [-0.28186429 -0.80740189 -0.7273406   0.33076693]
2025-12-13 21:31:57,712 - INFO - num_full_subsets = 2
2025-12-13 21:31:57,746 - INFO - phi = [-0.29821838 -0.9075428  -0.28118795  0.35747431]
2025-12-13 21:31:57,762 - INFO - num_full_subsets = 2
2025-12-13 21:31:57,797 - INFO - phi = [-0.28696478 -0.29927886 -0.11764793 -1.03793264]
2025-12-13 21:31:57,813 - INFO - num_full_subsets = 2
2025-12-13 21:31:57,847 - INFO - phi = [-0.33213382 -0.86052341 -0.33806777 -0.23516793]
2025-12-13 21:31:57,864 - INFO - num_full_subsets = 2
2025-12-13 21:31:57,897 - INFO - phi = [-0.28952342  0.79374992 -0.28063913 -0.1433948 ]
2025-12-13 21:31:57,914 - INFO - num_full_subsets = 2
2025-12-13 21:31:57,948 - INFO - phi = [-0.34003936 -1.23411696 -0.5021071   0.24074095]
2025-12-13 21:31:57,964 - INFO - num_full_subsets = 2
2025-12-13 21:31:57,999 - INFO - phi = [-0.39227927 -0.89668167 -0.14513958 -0.31914022]
2025-12-13 21:31:58,015 - INFO - num_full_subsets = 2
2025-12-13 21:31:58,050 - INFO - phi = [-0.30859984 -0.53523107 -0.21766252 -0.63573034]
2025-12-13 21:31:58,066 - INFO - num_full_subsets = 2
2025-12-13 21:31:58,100 - INFO - phi = [-0.39502513 -0.94910712 -0.16571112 -0.2434515 ]
2025-12-13 21:31:58,117 - INFO - num_full_subsets = 2
2025-12-13 21:31:58,151 - INFO - phi = [ 0.16138265  0.3203247   0.42425587 -1.35245997]
2025-12-13 21:31:58,167 - INFO - num_full_subsets = 2
2025-12-13 21:31:58,202 - INFO - phi = [0.15115659 1.96527407 0.37336747 0.50934644]
2025-12-13 21:31:58,218 - INFO - num_full_subsets = 2
2025-12-13 21:31:58,252 - INFO - phi = [-0.18015596  0.72144242  0.07773126  0.32060793]
2025-12-13 21:31:58,268 - INFO - num_full_subsets = 2
2025-12-13 21:31:58,302 - INFO - phi = [-0.27039597 -0.28588738  0.15206702 -0.81788614]
2025-12-13 21:31:58,319 - INFO - num_full_subsets = 2
2025-12-13 21:31:58,353 - INFO - phi = [-0.11473869  0.85818426 -0.60498052  0.39363686]
2025-12-13 21:31:58,369 - INFO - num_full_subsets = 2
2025-12-13 21:31:58,403 - INFO - phi = [-0.35316837 -1.10945067 -0.09845104  0.15337674]
2025-12-13 21:31:58,419 - INFO - num_full_subsets = 2
2025-12-13 21:31:58,453 - INFO - phi = [ 0.01593656  0.93019531 -0.42132288  0.64103469]
2025-12-13 21:31:58,469 - INFO - num_full_subsets = 2
2025-12-13 21:31:58,503 - INFO - phi = [-0.11238863  0.28734005 -0.21382854  0.32592411]
2025-12-13 21:31:58,520 - INFO - num_full_subsets = 2
2025-12-13 21:31:58,554 - INFO - phi = [-0.38601795 -0.98853244 -0.18082501 -0.09905657]
2025-12-13 21:31:58,570 - INFO - num_full_subsets = 2
2025-12-13 21:31:58,604 - INFO - phi = [-0.34191895 -0.81120463 -0.02556248 -0.54981122]
2025-12-13 21:31:58,621 - INFO - num_full_subsets = 2
2025-12-13 21:31:58,654 - INFO - phi = [-0.3650818  -0.62463256 -0.15545165 -0.59899961]
2025-12-13 21:31:58,671 - INFO - num_full_subsets = 2
2025-12-13 21:31:58,705 - INFO - phi = [-0.31630704 -0.62828844 -0.12443839 -0.60160169]
2025-12-13 21:31:58,722 - INFO - num_full_subsets = 2
2025-12-13 21:31:58,756 - INFO - phi = [ 0.66071989  0.47361596 -0.08360069 -1.00329308]
2025-12-13 21:31:58,772 - INFO - num_full_subsets = 2
2025-12-13 21:31:58,806 - INFO - phi = [0.04381189 1.80504383 0.54397975 0.36445451]
2025-12-13 21:31:58,823 - INFO - num_full_subsets = 2
2025-12-13 21:31:58,857 - INFO - phi = [ 0.07405639  0.13282536 -0.24667162  0.19975737]
2025-12-13 21:31:58,873 - INFO - num_full_subsets = 2
2025-12-13 21:31:58,907 - INFO - phi = [ 0.0271582   0.95151263 -0.25166801  0.78654869]
2025-12-13 21:31:58,924 - INFO - num_full_subsets = 2
2025-12-13 21:31:58,957 - INFO - phi = [ 0.5218734  -0.18525348  0.6554201  -0.78460011]
2025-12-13 21:31:58,974 - INFO - num_full_subsets = 2
2025-12-13 21:31:59,008 - INFO - phi = [ 0.77591804  0.27025578 -0.27834661 -0.41801201]
2025-12-13 21:31:59,025 - INFO - num_full_subsets = 2
2025-12-13 21:31:59,058 - INFO - phi = [ 0.30536146  0.29986915  0.60000591 -0.94808424]
2025-12-13 21:31:59,075 - INFO - num_full_subsets = 2
2025-12-13 21:31:59,109 - INFO - phi = [-0.23015886 -0.73359704  0.14744999 -0.90309493]
2025-12-13 21:31:59,126 - INFO - num_full_subsets = 2
2025-12-13 21:31:59,159 - INFO - phi = [ 0.57938563  0.00275869  0.47654409 -1.09944139]
2025-12-13 21:31:59,176 - INFO - num_full_subsets = 2
2025-12-13 21:31:59,210 - INFO - phi = [-0.04816075  0.40088283 -0.81100848  0.50075598]
2025-12-13 21:31:59,227 - INFO - num_full_subsets = 2
2025-12-13 21:31:59,260 - INFO - phi = [ 0.45467367  0.41616537 -0.21575648 -0.08475069]
2025-12-13 21:31:59,276 - INFO - num_full_subsets = 2
2025-12-13 21:31:59,310 - INFO - phi = [-0.04231188  0.6468513   0.13036503  0.9244985 ]
2025-12-13 21:31:59,327 - INFO - num_full_subsets = 2
2025-12-13 21:31:59,361 - INFO - phi = [ 0.47358329  0.33574806 -0.08493299  0.58549685]
2025-12-13 21:31:59,378 - INFO - num_full_subsets = 2
2025-12-13 21:31:59,412 - INFO - phi = [-0.2840225   0.29094645  0.92582423  0.7412    ]
2025-12-13 21:31:59,429 - INFO - num_full_subsets = 2
2025-12-13 21:31:59,463 - INFO - phi = [ 0.24158737  0.53067535  0.22060693 -0.69201122]
2025-12-13 21:31:59,479 - INFO - num_full_subsets = 2
2025-12-13 21:31:59,513 - INFO - phi = [-0.14246928  0.03568128 -0.19366909  0.84371797]
2025-12-13 21:31:59,530 - INFO - num_full_subsets = 2
2025-12-13 21:31:59,564 - INFO - phi = [-0.31064942 -1.12097976  0.45330344 -0.22980886]
2025-12-13 21:31:59,580 - INFO - num_full_subsets = 2
2025-12-13 21:31:59,614 - INFO - phi = [-0.21774759  0.36718527  0.97933636  0.66911155]
2025-12-13 21:31:59,631 - INFO - num_full_subsets = 2
2025-12-13 21:31:59,664 - INFO - phi = [-0.11912175  0.6449507  -0.17457673 -0.13846834]
2025-12-13 21:31:59,681 - INFO - num_full_subsets = 2
2025-12-13 21:31:59,715 - INFO - phi = [ 0.3237557   0.24247271 -0.71047529  0.46330195]
2025-12-13 21:31:59,731 - INFO - num_full_subsets = 2
2025-12-13 21:31:59,764 - INFO - phi = [ 0.72554982  0.26394537 -0.11336468 -1.31720207]
2025-12-13 21:31:59,781 - INFO - num_full_subsets = 2
2025-12-13 21:31:59,815 - INFO - phi = [-0.35294082 -1.23458632 -0.26314841  0.13152326]
2025-12-13 21:31:59,831 - INFO - num_full_subsets = 2
2025-12-13 21:31:59,865 - INFO - phi = [-0.26921724  0.47560912 -0.19426714  0.10989188]
2025-12-13 21:31:59,881 - INFO - num_full_subsets = 2
2025-12-13 21:31:59,915 - INFO - phi = [ 0.01096111  0.59435546 -0.34107757  0.64842132]
2025-12-13 21:31:59,932 - INFO - num_full_subsets = 2
2025-12-13 21:31:59,965 - INFO - phi = [-0.14201051 -0.48126748 -0.22755636  0.36573924]
2025-12-13 21:31:59,982 - INFO - num_full_subsets = 2
2025-12-13 21:32:00,017 - INFO - phi = [ 0.24624119  0.73568312 -0.49301055  0.58327497]
2025-12-13 21:32:00,033 - INFO - num_full_subsets = 2
2025-12-13 21:32:00,068 - INFO - phi = [-0.26982937 -0.67012294 -0.16353037 -0.60162485]
2025-12-13 21:32:00,084 - INFO - num_full_subsets = 2
2025-12-13 21:32:00,119 - INFO - phi = [-0.12847233 -1.211593    0.72998274 -1.04098841]
2025-12-13 21:32:00,135 - INFO - num_full_subsets = 2
2025-12-13 21:32:00,169 - INFO - phi = [-0.06235194  0.62249061  0.77588724  0.86291518]
2025-12-13 21:32:00,186 - INFO - num_full_subsets = 2
2025-12-13 21:32:00,220 - INFO - phi = [-0.06426608  0.96948182  0.05000186 -0.10350248]
2025-12-13 21:32:00,237 - INFO - num_full_subsets = 2
2025-12-13 21:32:00,271 - INFO - phi = [0.62381982 0.95342913 0.56797781 0.72729747]
2025-12-13 21:32:00,287 - INFO - num_full_subsets = 2
2025-12-13 21:32:00,321 - INFO - phi = [0.52724844 0.93934427 0.47423902 0.09323168]
2025-12-13 21:32:00,337 - INFO - num_full_subsets = 2
2025-12-13 21:32:00,372 - INFO - phi = [-0.01986605 -0.47170601  1.36192496 -1.07945909]
2025-12-13 21:32:00,388 - INFO - num_full_subsets = 2
2025-12-13 21:32:00,422 - INFO - phi = [ 0.52416348 -0.18668254 -0.602298    0.45669536]
2025-12-13 21:32:00,438 - INFO - num_full_subsets = 2
2025-12-13 21:32:00,472 - INFO - phi = [-0.00531256  0.80187192  1.05233606  0.5963423 ]
2025-12-13 21:32:00,488 - INFO - num_full_subsets = 2
2025-12-13 21:32:00,522 - INFO - phi = [-0.2697639  -0.19629733  0.18251735  0.05585669]
2025-12-13 21:32:00,539 - INFO - num_full_subsets = 2
2025-12-13 21:32:00,572 - INFO - phi = [-0.31836304 -0.89529765  0.07773273 -0.31511005]
2025-12-13 21:32:00,589 - INFO - num_full_subsets = 2
2025-12-13 21:32:00,623 - INFO - phi = [ 0.75737077  0.30051365 -0.14030576 -0.74098746]
2025-12-13 21:32:00,640 - INFO - num_full_subsets = 2
2025-12-13 21:32:00,673 - INFO - phi = [ 0.43744728 -0.0583477   0.48187134 -0.11587596]
2025-12-13 21:32:00,690 - INFO - num_full_subsets = 2
2025-12-13 21:32:00,724 - INFO - phi = [ 0.09607019  0.96161025 -0.2574433   0.76429413]
2025-12-13 21:32:00,741 - INFO - num_full_subsets = 2
2025-12-13 21:32:00,774 - INFO - phi = [-0.31121636 -0.60247405 -0.14416517 -0.6377278 ]
2025-12-13 21:32:00,791 - INFO - num_full_subsets = 2
2025-12-13 21:32:00,825 - INFO - phi = [-0.35599079 -0.51338371 -0.23483972  0.018641  ]
2025-12-13 21:32:00,841 - INFO - num_full_subsets = 2
2025-12-13 21:32:00,875 - INFO - phi = [ 0.66071989  0.47361596 -0.08360069 -1.00329308]
2025-12-13 21:32:00,892 - INFO - num_full_subsets = 2
2025-12-13 21:32:00,925 - INFO - phi = [ 0.51926188 -0.13928686 -0.45801384  0.47919532]
2025-12-13 21:32:00,942 - INFO - num_full_subsets = 2
2025-12-13 21:32:00,975 - INFO - phi = [-0.34556426 -1.01023786 -0.0243301   0.04224691]
2025-12-13 21:32:00,992 - INFO - num_full_subsets = 2
2025-12-13 21:32:01,026 - INFO - phi = [0.50339557 0.78533469 0.8677143  0.62490946]
2025-12-13 21:32:01,043 - INFO - num_full_subsets = 2
2025-12-13 21:32:01,077 - INFO - phi = [-0.36188609 -0.9995058  -0.25122281  0.00610316]
2025-12-13 21:32:01,093 - INFO - num_full_subsets = 2
2025-12-13 21:32:01,127 - INFO - phi = [ 0.24058266  0.67309119 -0.07296959  0.4130949 ]
2025-12-13 21:32:01,144 - INFO - num_full_subsets = 2
2025-12-13 21:32:01,178 - INFO - phi = [-0.29316666 -0.35514026 -0.27485277  0.07968686]
2025-12-13 21:32:01,194 - INFO - num_full_subsets = 2
2025-12-13 21:32:01,228 - INFO - phi = [0.62705041 0.09431706 0.67046426 0.85026408]
2025-12-13 21:32:01,245 - INFO - num_full_subsets = 2
2025-12-13 21:32:01,279 - INFO - phi = [ 0.12682751  0.68238123 -0.24981994  0.50293649]
2025-12-13 21:32:01,295 - INFO - num_full_subsets = 2
2025-12-13 21:32:01,329 - INFO - phi = [-0.38832222 -0.60093095 -0.1721054  -0.4818571 ]
2025-12-13 21:32:01,346 - INFO - num_full_subsets = 2
2025-12-13 21:32:01,379 - INFO - phi = [0.0126777  0.65993025 1.2192648  0.29269129]
2025-12-13 21:32:01,395 - INFO - num_full_subsets = 2
2025-12-13 21:32:01,430 - INFO - phi = [-0.11338491  0.99292928 -0.31295979  0.67560845]
2025-12-13 21:32:01,446 - INFO - num_full_subsets = 2
2025-12-13 21:32:01,480 - INFO - phi = [-0.35608214  0.48891674  0.9395455   0.72855781]
2025-12-13 21:32:01,496 - INFO - num_full_subsets = 2
2025-12-13 21:32:01,530 - INFO - phi = [-0.28264186 -0.87467297  0.33970245  0.318555  ]
2025-12-13 21:32:01,547 - INFO - num_full_subsets = 2
2025-12-13 21:32:01,580 - INFO - phi = [ 0.21174479  0.87892158  0.57032239 -0.34830992]
2025-12-13 21:32:01,597 - INFO - num_full_subsets = 2
2025-12-13 21:32:01,631 - INFO - phi = [-0.11338491  0.99292928 -0.31295979  0.67560845]
2025-12-13 21:32:01,648 - INFO - num_full_subsets = 2
2025-12-13 21:32:01,682 - INFO - phi = [ 0.23616216  0.92743094 -0.38599036  0.66569998]
2025-12-13 21:32:01,699 - INFO - num_full_subsets = 2
2025-12-13 21:32:01,733 - INFO - phi = [-0.05569456  0.82860244  0.6131562   0.99022343]
2025-12-13 21:32:01,750 - INFO - num_full_subsets = 2
2025-12-13 21:32:01,784 - INFO - phi = [ 0.98429166  0.25635492 -0.0430962  -0.51767223]
2025-12-13 21:32:01,801 - INFO - num_full_subsets = 2
2025-12-13 21:32:01,835 - INFO - phi = [ 0.64424121  0.04879542 -0.12230716 -0.95455525]
2025-12-13 21:32:01,851 - INFO - num_full_subsets = 2
2025-12-13 21:32:01,885 - INFO - phi = [-0.26112497 -0.65638962 -0.6364636   0.38900845]
2025-12-13 21:32:01,901 - INFO - num_full_subsets = 2
2025-12-13 21:32:01,935 - INFO - phi = [ 0.23520521  0.07353962 -0.18378117  0.04562716]
2025-12-13 21:32:01,952 - INFO - num_full_subsets = 2
2025-12-13 21:32:01,986 - INFO - phi = [ 0.47769511  0.34203385  0.13178843 -0.11479303]
2025-12-13 21:32:02,002 - INFO - num_full_subsets = 2
2025-12-13 21:32:02,037 - INFO - phi = [0.17107883 0.92516188 0.92546278 0.68048176]
2025-12-13 21:32:02,054 - INFO - num_full_subsets = 2
2025-12-13 21:32:02,088 - INFO - phi = [-0.12024578  0.93565908  0.06753949  0.88780968]
2025-12-13 21:32:02,105 - INFO - num_full_subsets = 2
2025-12-13 21:32:02,138 - INFO - phi = [-0.16139019  0.56697284 -0.27776817  0.59561874]
2025-12-13 21:32:02,155 - INFO - num_full_subsets = 2
2025-12-13 21:32:02,189 - INFO - phi = [-0.31251843 -0.65165006 -0.28040109 -0.47695352]
2025-12-13 21:32:02,205 - INFO - num_full_subsets = 2
2025-12-13 21:32:02,240 - INFO - phi = [-0.36486379 -1.071763   -0.27500288 -0.09886668]
2025-12-13 21:32:02,257 - INFO - num_full_subsets = 2
2025-12-13 21:32:02,290 - INFO - phi = [-0.15785413  0.15361212 -0.09040286  0.90991536]
2025-12-13 21:32:02,306 - INFO - num_full_subsets = 2
2025-12-13 21:32:02,341 - INFO - phi = [-0.15390461 -0.84074064  0.12046219 -0.84695342]
2025-12-13 21:32:02,860 - INFO - Computing feature importance...
2025-12-13 21:32:03,706 - INFO - Experiment completed for SVM
2025-12-13 21:32:03,706 - INFO - Total time: 24.57s (0.41 min)
2025-12-13 21:32:03,707 - INFO - Starting comprehensive experiment for SVM
2025-12-13 21:32:13,727 - INFO - Performing feature analysis...
2025-12-13 21:32:14,896 - INFO - Model justification: Effective for high-dimensional spaces and non-linear relationships using kernel trick
2025-12-13 21:32:14,896 - INFO - Performing robust cross-validation...
2025-12-13 21:32:15,077 - INFO - CV Results - MSE: 1.7013 ± 0.4473
2025-12-13 21:32:15,077 - INFO - Starting hyperparameter optimization...
2025-12-13 21:32:18,813 - INFO - Best parameters for SVM: {'C': 10.52831331508552, 'epsilon': 0.05548546240685874, 'kernel': 'rbf'}
2025-12-13 21:32:18,813 - INFO - ⏱️ HPO took 3.74 seconds
2025-12-13 21:32:18,813 - INFO - Training final model...
2025-12-13 21:32:18,831 - INFO - ⏱️ Training took 0.02 seconds
2025-12-13 21:32:18,831 - INFO - Performing residual analysis...
2025-12-13 21:32:19,891 - INFO - Generating XAI explanations...
2025-12-13 21:32:19,894 - WARNING - Using 168 background data samples could cause slower run times. Consider using shap.sample(data, K) or shap.kmeans(data, K) to summarize the background as K samples.
2025-12-13 21:32:19,910 - INFO - num_full_subsets = 2
2025-12-13 21:32:19,944 - INFO - phi = [-0.09664529  0.52310073  0.65527612  0.71673863]
2025-12-13 21:32:19,960 - INFO - num_full_subsets = 2
2025-12-13 21:32:19,995 - INFO - phi = [ 0.50661456  0.23027593 -0.14995061 -0.85126896]
2025-12-13 21:32:20,011 - INFO - num_full_subsets = 2
2025-12-13 21:32:20,045 - INFO - phi = [0.12619711 0.53354359 0.18839865 0.56720942]
2025-12-13 21:32:20,062 - INFO - num_full_subsets = 2
2025-12-13 21:32:20,096 - INFO - phi = [0.0788569  0.40201858 0.81634373 0.7268818 ]
2025-12-13 21:32:20,112 - INFO - num_full_subsets = 2
2025-12-13 21:32:20,147 - INFO - phi = [ 0.43761076  0.46624335 -0.20084856 -0.02673602]
2025-12-13 21:32:20,163 - INFO - num_full_subsets = 2
2025-12-13 21:32:20,197 - INFO - phi = [-0.36142742 -1.1073386  -0.17369317 -0.18308053]
2025-12-13 21:32:20,213 - INFO - num_full_subsets = 2
2025-12-13 21:32:20,248 - INFO - phi = [-0.31187926  0.85124319 -0.14112891 -0.05035912]
2025-12-13 21:32:20,264 - INFO - num_full_subsets = 2
2025-12-13 21:32:20,298 - INFO - phi = [-0.19212018 -0.48289238 -0.88582953  0.59444637]
2025-12-13 21:32:20,315 - INFO - num_full_subsets = 2
2025-12-13 21:32:20,348 - INFO - phi = [-0.32326328 -0.9895267   0.82363426 -0.98968721]
2025-12-13 21:32:20,364 - INFO - num_full_subsets = 2
2025-12-13 21:32:20,398 - INFO - phi = [ 0.59141679  0.5610185  -0.13577235 -0.1622819 ]
2025-12-13 21:32:20,414 - INFO - num_full_subsets = 2
2025-12-13 21:32:20,448 - INFO - phi = [-0.22898387  0.32394885  0.30738282  0.02495365]
2025-12-13 21:32:20,464 - INFO - num_full_subsets = 2
2025-12-13 21:32:20,498 - INFO - phi = [-0.34859389 -0.63658992 -0.29004352 -0.37961411]
2025-12-13 21:32:20,514 - INFO - num_full_subsets = 2
2025-12-13 21:32:20,548 - INFO - phi = [ 0.51072808 -0.15961636  0.19904547 -0.75850584]
2025-12-13 21:32:20,563 - INFO - num_full_subsets = 2
2025-12-13 21:32:20,598 - INFO - phi = [-0.36378756 -0.78407081 -0.10297519 -0.53259584]
2025-12-13 21:32:20,614 - INFO - num_full_subsets = 2
2025-12-13 21:32:20,648 - INFO - phi = [ 0.02343168  0.77344934 -0.31823441  0.5590134 ]
2025-12-13 21:32:20,664 - INFO - num_full_subsets = 2
2025-12-13 21:32:20,698 - INFO - phi = [-0.05028087  0.34964898  0.53178005 -0.92576744]
2025-12-13 21:32:20,714 - INFO - num_full_subsets = 2
2025-12-13 21:32:20,748 - INFO - phi = [-0.24369247 -0.83384859 -0.07216584 -0.70102549]
2025-12-13 21:32:20,764 - INFO - num_full_subsets = 2
2025-12-13 21:32:20,798 - INFO - phi = [ 0.64881354  0.33645157 -0.06624228 -0.77759165]
2025-12-13 21:32:20,814 - INFO - num_full_subsets = 2
2025-12-13 21:32:20,847 - INFO - phi = [-0.08971617  0.93143251  0.06358362 -0.14855439]
2025-12-13 21:32:20,863 - INFO - num_full_subsets = 2
2025-12-13 21:32:20,898 - INFO - phi = [-0.34035809 -1.39904615 -0.41411166  0.15832706]
2025-12-13 21:32:20,914 - INFO - num_full_subsets = 2
2025-12-13 21:32:20,948 - INFO - phi = [-0.37259236 -0.09156051 -0.04606011 -0.46294258]
2025-12-13 21:32:20,964 - INFO - num_full_subsets = 2
2025-12-13 21:32:20,998 - INFO - phi = [ 0.3907879   0.44275221  0.017469   -0.80996066]
2025-12-13 21:32:21,014 - INFO - num_full_subsets = 2
2025-12-13 21:32:21,049 - INFO - phi = [-0.40774249 -0.63138928 -0.13518765 -0.46418243]
2025-12-13 21:32:21,066 - INFO - num_full_subsets = 2
2025-12-13 21:32:21,100 - INFO - phi = [ 0.16572264  0.49122107 -0.46900724  0.46547898]
2025-12-13 21:32:21,116 - INFO - num_full_subsets = 2
2025-12-13 21:32:21,151 - INFO - phi = [-0.12058785 -0.84512117  1.52830055 -1.23439476]
2025-12-13 21:32:21,167 - INFO - num_full_subsets = 2
2025-12-13 21:32:21,201 - INFO - phi = [ 0.58059024  0.37582726 -0.24252833 -0.40619283]
2025-12-13 21:32:21,218 - INFO - num_full_subsets = 2
2025-12-13 21:32:21,252 - INFO - phi = [0.67292654 0.04471899 0.53415997 0.74413774]
2025-12-13 21:32:21,269 - INFO - num_full_subsets = 2
2025-12-13 21:32:21,304 - INFO - phi = [-0.112149    0.12234537 -0.04758993  0.48789329]
2025-12-13 21:32:21,320 - INFO - num_full_subsets = 2
2025-12-13 21:32:21,355 - INFO - phi = [-0.32498407 -0.8478837   0.77946163 -0.78204229]
2025-12-13 21:32:21,371 - INFO - num_full_subsets = 2
2025-12-13 21:32:21,406 - INFO - phi = [-0.29667341 -0.70084584  0.51320358 -0.9937722 ]
2025-12-13 21:32:21,422 - INFO - num_full_subsets = 2
2025-12-13 21:32:21,456 - INFO - phi = [ 0.63749278 -0.07537758 -0.11837317 -0.77327604]
2025-12-13 21:32:21,472 - INFO - num_full_subsets = 2
2025-12-13 21:32:21,506 - INFO - phi = [-0.24269194 -0.97867288  0.32625027  0.61339548]
2025-12-13 21:32:21,522 - INFO - num_full_subsets = 2
2025-12-13 21:32:21,557 - INFO - phi = [-0.3581806   0.63634587 -0.2038941  -0.69134104]
2025-12-13 21:32:21,573 - INFO - num_full_subsets = 2
2025-12-13 21:32:21,607 - INFO - phi = [ 0.43433548  0.09954362 -0.17080277  0.56565058]
2025-12-13 21:32:21,623 - INFO - num_full_subsets = 2
2025-12-13 21:32:21,657 - INFO - phi = [0.21671481 0.79119306 0.06389949 0.70659076]
2025-12-13 21:32:21,673 - INFO - num_full_subsets = 2
2025-12-13 21:32:21,708 - INFO - phi = [-0.38552494 -0.75935497 -0.11429047 -0.62007231]
2025-12-13 21:32:21,724 - INFO - num_full_subsets = 2
2025-12-13 21:32:21,758 - INFO - phi = [-0.03788592  0.530872    1.20335025  0.08212293]
2025-12-13 21:32:21,774 - INFO - num_full_subsets = 2
2025-12-13 21:32:21,808 - INFO - phi = [0.14776214 0.76238042 0.76632674 0.90230174]
2025-12-13 21:32:21,824 - INFO - num_full_subsets = 2
2025-12-13 21:32:21,858 - INFO - phi = [ 0.55599622  0.50510959 -0.27829533  0.67816396]
2025-12-13 21:32:21,874 - INFO - num_full_subsets = 2
2025-12-13 21:32:21,908 - INFO - phi = [-0.22566174 -1.05244524  0.25952993 -0.73349164]
2025-12-13 21:32:21,924 - INFO - num_full_subsets = 2
2025-12-13 21:32:21,958 - INFO - phi = [-0.05101461  0.61781761  0.13457844  0.47811582]
2025-12-13 21:32:21,974 - INFO - num_full_subsets = 2
2025-12-13 21:32:22,009 - INFO - phi = [ 0.03909061  0.10507271 -0.27323359  0.43968686]
2025-12-13 21:32:22,025 - INFO - num_full_subsets = 2
2025-12-13 21:32:22,060 - INFO - phi = [-0.09414629  0.59197321 -0.26422645  0.16335092]
2025-12-13 21:32:22,076 - INFO - num_full_subsets = 2
2025-12-13 21:32:22,110 - INFO - phi = [-0.29985125 -0.83326216 -0.49278802  0.10978362]
2025-12-13 21:32:22,127 - INFO - num_full_subsets = 2
2025-12-13 21:32:22,161 - INFO - phi = [-0.25553474 -0.80872002  0.01734467 -0.73111187]
2025-12-13 21:32:22,177 - INFO - num_full_subsets = 2
2025-12-13 21:32:22,211 - INFO - phi = [-0.00136008  0.73639307 -0.15550188  0.40070792]
2025-12-13 21:32:22,227 - INFO - num_full_subsets = 2
2025-12-13 21:32:22,261 - INFO - phi = [-0.35980231 -0.60664359 -0.16805867 -0.23151244]
2025-12-13 21:32:22,277 - INFO - num_full_subsets = 2
2025-12-13 21:32:22,310 - INFO - phi = [ 0.01473223  0.45301602 -0.37176225  0.59953105]
2025-12-13 21:32:22,326 - INFO - num_full_subsets = 2
2025-12-13 21:32:22,360 - INFO - phi = [-0.34287192 -0.84283246 -0.23897065 -0.34063261]
2025-12-13 21:32:22,376 - INFO - num_full_subsets = 2
2025-12-13 21:32:22,410 - INFO - phi = [ 0.25192961  0.800108   -0.39821495  0.61957889]
2025-12-13 21:32:22,426 - INFO - num_full_subsets = 2
2025-12-13 21:32:22,460 - INFO - phi = [-0.37464251 -1.02117167 -0.15760516 -0.222045  ]
2025-12-13 21:32:22,476 - INFO - num_full_subsets = 2
2025-12-13 21:32:22,510 - INFO - phi = [0.16192772 0.84172103 0.85999126 0.70654222]
2025-12-13 21:32:22,527 - INFO - num_full_subsets = 2
2025-12-13 21:32:22,561 - INFO - phi = [0.10701405 0.58046911 0.91440867 0.65130438]
2025-12-13 21:32:22,577 - INFO - num_full_subsets = 2
2025-12-13 21:32:22,611 - INFO - phi = [-0.17939103 -1.17448799  1.18181217 -1.11841925]
2025-12-13 21:32:22,626 - INFO - num_full_subsets = 2
2025-12-13 21:32:22,661 - INFO - phi = [ 0.11141656  0.74235714 -0.10342968  0.77413838]
2025-12-13 21:32:22,677 - INFO - num_full_subsets = 2
2025-12-13 21:32:22,712 - INFO - phi = [-0.05896485  0.59539514 -0.1382741   0.65988681]
2025-12-13 21:32:22,728 - INFO - num_full_subsets = 2
2025-12-13 21:32:22,762 - INFO - phi = [-0.31423922 -0.6262769  -0.13713853 -0.66375913]
2025-12-13 21:32:22,779 - INFO - num_full_subsets = 2
2025-12-13 21:32:22,813 - INFO - phi = [-0.23906791  0.63240322 -0.27131305  0.23071302]
2025-12-13 21:32:22,829 - INFO - num_full_subsets = 2
2025-12-13 21:32:22,863 - INFO - phi = [-0.17963013  0.9177495  -0.11219246  0.81031848]
2025-12-13 21:32:22,880 - INFO - num_full_subsets = 2
2025-12-13 21:32:22,914 - INFO - phi = [-0.33258894 -1.07042623  0.27670985 -0.34029468]
2025-12-13 21:32:22,930 - INFO - num_full_subsets = 2
2025-12-13 21:32:22,964 - INFO - phi = [0.15493577 0.77619844 0.94993873 0.81781942]
2025-12-13 21:32:22,981 - INFO - num_full_subsets = 2
2025-12-13 21:32:23,015 - INFO - phi = [ 0.75720566  0.05734856 -0.03875118 -0.7437352 ]
2025-12-13 21:32:23,031 - INFO - num_full_subsets = 2
2025-12-13 21:32:23,066 - INFO - phi = [-0.35289736 -0.98257551 -0.23967092 -0.22522216]
2025-12-13 21:32:23,082 - INFO - num_full_subsets = 2
2025-12-13 21:32:23,117 - INFO - phi = [ 0.03909061  0.10507271 -0.27323359  0.43968686]
2025-12-13 21:32:23,133 - INFO - num_full_subsets = 2
2025-12-13 21:32:23,168 - INFO - phi = [ 0.09864858  1.03854199  1.70137131 -0.82871932]
2025-12-13 21:32:23,184 - INFO - num_full_subsets = 2
2025-12-13 21:32:23,219 - INFO - phi = [-0.0396871   0.64426585 -0.09116005  0.72093913]
2025-12-13 21:32:23,235 - INFO - num_full_subsets = 2
2025-12-13 21:32:23,270 - INFO - phi = [ 0.2678283   0.58063495 -0.2242494   0.56374696]
2025-12-13 21:32:23,286 - INFO - num_full_subsets = 2
2025-12-13 21:32:23,320 - INFO - phi = [ 0.30650245  0.63696896 -0.2734616   0.69754196]
2025-12-13 21:32:23,336 - INFO - num_full_subsets = 2
2025-12-13 21:32:23,370 - INFO - phi = [-0.12605855  0.89050749 -0.23335108  0.50555558]
2025-12-13 21:32:23,387 - INFO - num_full_subsets = 2
2025-12-13 21:32:23,421 - INFO - phi = [-0.23227576 -0.37463572 -0.15120954  0.69705332]
2025-12-13 21:32:23,438 - INFO - num_full_subsets = 2
2025-12-13 21:32:23,472 - INFO - phi = [ 0.68097312  0.22735    -0.10563185 -0.2921838 ]
2025-12-13 21:32:23,488 - INFO - num_full_subsets = 2
2025-12-13 21:32:23,522 - INFO - phi = [-0.06874626  0.94398022  0.82873534  0.41345963]
2025-12-13 21:32:23,538 - INFO - num_full_subsets = 2
2025-12-13 21:32:23,573 - INFO - phi = [-0.29243859 -0.84885158  0.64200108 -0.34387148]
2025-12-13 21:32:23,589 - INFO - num_full_subsets = 2
2025-12-13 21:32:23,624 - INFO - phi = [0.2979178  0.35010623 0.1244667  0.87460556]
2025-12-13 21:32:23,640 - INFO - num_full_subsets = 2
2025-12-13 21:32:23,674 - INFO - phi = [-0.34088796 -0.27808497 -0.09719706 -1.05879843]
2025-12-13 21:32:23,690 - INFO - num_full_subsets = 2
2025-12-13 21:32:23,724 - INFO - phi = [-0.30185074 -0.65607686 -0.16134597 -0.6334301 ]
2025-12-13 21:32:23,741 - INFO - num_full_subsets = 2
2025-12-13 21:32:23,775 - INFO - phi = [-0.19084045 -0.47942915  0.6904978  -1.58806641]
2025-12-13 21:32:23,791 - INFO - num_full_subsets = 2
2025-12-13 21:32:23,825 - INFO - phi = [-0.28405517 -1.15741457 -0.09969298  0.42489951]
2025-12-13 21:32:23,841 - INFO - num_full_subsets = 2
2025-12-13 21:32:23,875 - INFO - phi = [-0.12122429 -0.98540157 -0.31356061  0.59054397]
2025-12-13 21:32:23,892 - INFO - num_full_subsets = 2
2025-12-13 21:32:23,925 - INFO - phi = [-0.02206687  0.07053586 -0.14188934  0.76331816]
2025-12-13 21:32:23,941 - INFO - num_full_subsets = 2
2025-12-13 21:32:23,976 - INFO - phi = [-0.11440765 -0.20050849 -0.91750117  0.29682883]
2025-12-13 21:32:23,992 - INFO - num_full_subsets = 2
2025-12-13 21:32:24,027 - INFO - phi = [-0.31918168 -0.19903088  0.25516403 -1.10271027]
2025-12-13 21:32:24,042 - INFO - num_full_subsets = 2
2025-12-13 21:32:24,077 - INFO - phi = [0.34667205 0.81524635 0.47428528 0.74196984]
2025-12-13 21:32:24,093 - INFO - num_full_subsets = 2
2025-12-13 21:32:24,128 - INFO - phi = [ 0.66250386  0.44460871 -0.00542016 -1.04506837]
2025-12-13 21:32:24,144 - INFO - num_full_subsets = 2
2025-12-13 21:32:24,178 - INFO - phi = [-0.07849314  0.47797498 -0.23132203  0.9004199 ]
2025-12-13 21:32:24,194 - INFO - num_full_subsets = 2
2025-12-13 21:32:24,228 - INFO - phi = [-0.31583026 -0.82331098 -0.26568904  0.04506975]
2025-12-13 21:32:24,244 - INFO - num_full_subsets = 2
2025-12-13 21:32:24,278 - INFO - phi = [-0.1509642   0.89670896 -0.31038157  0.6118494 ]
2025-12-13 21:32:24,295 - INFO - num_full_subsets = 2
2025-12-13 21:32:24,329 - INFO - phi = [ 0.42452362  0.26134312 -0.59026748 -0.52487587]
2025-12-13 21:32:24,345 - INFO - num_full_subsets = 2
2025-12-13 21:32:24,379 - INFO - phi = [ 0.46899085  0.01923939  0.25638978 -0.64602602]
2025-12-13 21:32:24,396 - INFO - num_full_subsets = 2
2025-12-13 21:32:24,430 - INFO - phi = [1.52279660e-04 3.89393108e-01 9.89322616e-01 6.47827680e-01]
2025-12-13 21:32:24,446 - INFO - num_full_subsets = 2
2025-12-13 21:32:24,480 - INFO - phi = [ 0.53291675  0.243585   -0.04835148 -0.53717523]
2025-12-13 21:32:24,496 - INFO - num_full_subsets = 2
2025-12-13 21:32:24,531 - INFO - phi = [-0.03386922  0.48093254 -1.00050278  0.47567932]
2025-12-13 21:32:24,547 - INFO - num_full_subsets = 2
2025-12-13 21:32:24,581 - INFO - phi = [-0.30794293 -0.81984776  1.26862617 -1.10598291]
2025-12-13 21:32:24,597 - INFO - num_full_subsets = 2
2025-12-13 21:32:24,631 - INFO - phi = [-0.23382654 -0.8712364  -0.16533075  0.65894685]
2025-12-13 21:32:24,647 - INFO - num_full_subsets = 2
2025-12-13 21:32:24,681 - INFO - phi = [-0.34041111 -1.13344825 -0.39584342 -0.05308497]
2025-12-13 21:32:24,698 - INFO - num_full_subsets = 2
2025-12-13 21:32:24,731 - INFO - phi = [-0.34296136 -1.3126113  -0.09091713 -0.24278689]
2025-12-13 21:32:24,747 - INFO - num_full_subsets = 2
2025-12-13 21:32:24,782 - INFO - phi = [-0.36375548 -0.39333535 -0.16278123 -0.93415755]
2025-12-13 21:32:24,798 - INFO - num_full_subsets = 2
2025-12-13 21:32:24,832 - INFO - phi = [-0.09513091 -0.39234151  1.10820046 -1.04653553]
2025-12-13 21:32:24,848 - INFO - num_full_subsets = 2
2025-12-13 21:32:24,882 - INFO - phi = [-0.0911016   0.45152199  0.16622647  0.36288165]
2025-12-13 21:32:24,899 - INFO - num_full_subsets = 2
2025-12-13 21:32:24,933 - INFO - phi = [ 0.39467141  0.48539934 -0.58630469  0.09977982]
2025-12-13 21:32:24,949 - INFO - num_full_subsets = 2
2025-12-13 21:32:24,983 - INFO - phi = [0.27342172 0.03292928 0.25696644 0.20153704]
2025-12-13 21:32:24,999 - INFO - num_full_subsets = 2
2025-12-13 21:32:25,034 - INFO - phi = [-0.28500016 -0.5996595   0.11551134 -0.8862687 ]
2025-12-13 21:32:25,050 - INFO - num_full_subsets = 2
2025-12-13 21:32:25,084 - INFO - phi = [-0.38634309 -0.41943876 -0.15912962 -0.47118755]
2025-12-13 21:32:25,101 - INFO - num_full_subsets = 2
2025-12-13 21:32:25,136 - INFO - phi = [-0.22849142 -0.7623207  -0.62141     0.43670893]
2025-12-13 21:32:25,151 - INFO - num_full_subsets = 2
2025-12-13 21:32:25,186 - INFO - phi = [-0.17358134 -0.76185177  1.5200929  -1.11978977]
2025-12-13 21:32:25,202 - INFO - num_full_subsets = 2
2025-12-13 21:32:25,237 - INFO - phi = [-0.11520005 -0.04234652  0.54992934  0.78258045]
2025-12-13 21:32:25,253 - INFO - num_full_subsets = 2
2025-12-13 21:32:25,287 - INFO - phi = [-0.29654912 -1.25446918 -0.33223258  0.2982312 ]
2025-12-13 21:32:25,303 - INFO - num_full_subsets = 2
2025-12-13 21:32:25,337 - INFO - phi = [-0.29945262 -0.36505529 -0.31069951  0.07304779]
2025-12-13 21:32:25,353 - INFO - num_full_subsets = 2
2025-12-13 21:32:25,387 - INFO - phi = [-0.31798951 -0.70206006 -0.52218681 -0.24734459]
2025-12-13 21:32:25,404 - INFO - num_full_subsets = 2
2025-12-13 21:32:25,438 - INFO - phi = [ 0.34449109  0.47135041 -0.05990974 -0.95057753]
2025-12-13 21:32:25,454 - INFO - num_full_subsets = 2
2025-12-13 21:32:25,488 - INFO - phi = [-0.09441852  0.56070669 -0.624454    0.45616238]
2025-12-13 21:32:25,504 - INFO - num_full_subsets = 2
2025-12-13 21:32:25,538 - INFO - phi = [0.50140592 0.65502024 0.60368351 0.66517068]
2025-12-13 21:32:25,554 - INFO - num_full_subsets = 2
2025-12-13 21:32:25,588 - INFO - phi = [-0.35739756 -0.6930341  -0.10304422 -0.62183186]
2025-12-13 21:32:25,604 - INFO - num_full_subsets = 2
2025-12-13 21:32:25,638 - INFO - phi = [-0.0185289   0.28960051 -0.81195336  0.49409643]
2025-12-13 21:32:25,654 - INFO - num_full_subsets = 2
2025-12-13 21:32:25,688 - INFO - phi = [ 0.75935324  0.2033404  -0.10518327  0.34317081]
2025-12-13 21:32:25,704 - INFO - num_full_subsets = 2
2025-12-13 21:32:25,738 - INFO - phi = [ 0.47118624 -0.31212142 -0.25927053  0.54590617]
2025-12-13 21:32:25,754 - INFO - num_full_subsets = 2
2025-12-13 21:32:25,788 - INFO - phi = [ 0.60505929  0.6081698  -0.0313413  -0.11937826]
2025-12-13 21:32:25,804 - INFO - num_full_subsets = 2
2025-12-13 21:32:25,837 - INFO - phi = [-0.11022744  0.30224344  0.52300843  0.959713  ]
2025-12-13 21:32:25,854 - INFO - num_full_subsets = 2
2025-12-13 21:32:25,888 - INFO - phi = [-0.11726997  0.41171967 -0.15284792  0.91103248]
2025-12-13 21:32:25,904 - INFO - num_full_subsets = 2
2025-12-13 21:32:25,939 - INFO - phi = [0.52724683 0.60151038 0.0968743  0.19732723]
2025-12-13 21:32:25,956 - INFO - num_full_subsets = 2
2025-12-13 21:32:25,990 - INFO - phi = [-0.35777689 -0.71872183 -0.10021985 -0.66960794]
2025-12-13 21:32:26,005 - INFO - num_full_subsets = 2
2025-12-13 21:32:26,040 - INFO - phi = [-0.17029989 -0.47534739 -0.63635133  0.59408674]
2025-12-13 21:32:26,057 - INFO - num_full_subsets = 2
2025-12-13 21:32:26,091 - INFO - phi = [-0.13985822  0.23160096 -0.32166318  0.41448142]
2025-12-13 21:32:26,107 - INFO - num_full_subsets = 2
2025-12-13 21:32:26,142 - INFO - phi = [-0.39201186 -1.04013259 -0.1255065  -0.20644891]
2025-12-13 21:32:26,158 - INFO - num_full_subsets = 2
2025-12-13 21:32:26,192 - INFO - phi = [-0.02729833  0.40776025  1.94223014 -1.02941101]
2025-12-13 21:32:26,208 - INFO - num_full_subsets = 2
2025-12-13 21:32:26,243 - INFO - phi = [ 0.5723363  -0.30789232 -0.31552985  0.6478611 ]
2025-12-13 21:32:26,259 - INFO - num_full_subsets = 2
2025-12-13 21:32:26,293 - INFO - phi = [ 0.76614707  0.060389   -0.29218234  0.62921901]
2025-12-13 21:32:26,309 - INFO - num_full_subsets = 2
2025-12-13 21:32:26,344 - INFO - phi = [ 0.29144026  0.01207452  0.66879998 -0.83244026]
2025-12-13 21:32:26,360 - INFO - num_full_subsets = 2
2025-12-13 21:32:26,394 - INFO - phi = [-0.14679802  0.41622535 -0.14278835  0.83553496]
2025-12-13 21:32:26,410 - INFO - num_full_subsets = 2
2025-12-13 21:32:26,444 - INFO - phi = [ 0.21214063 -0.06083648 -0.47143275 -0.004297  ]
2025-12-13 21:32:26,460 - INFO - num_full_subsets = 2
2025-12-13 21:32:26,494 - INFO - phi = [-0.30352687  0.82970093 -0.12083557 -0.21849824]
2025-12-13 21:32:26,510 - INFO - num_full_subsets = 2
2025-12-13 21:32:26,544 - INFO - phi = [-0.28191125 -1.41433859 -0.34715333  0.31434702]
2025-12-13 21:32:26,560 - INFO - num_full_subsets = 2
2025-12-13 21:32:26,593 - INFO - phi = [ 0.04454239 -0.01165153 -0.23572385  0.2857895 ]
2025-12-13 21:32:26,609 - INFO - num_full_subsets = 2
2025-12-13 21:32:26,644 - INFO - phi = [ 0.65431836  0.26217299 -0.08087985 -0.54229647]
2025-12-13 21:32:26,659 - INFO - num_full_subsets = 2
2025-12-13 21:32:26,693 - INFO - phi = [-0.07800295  0.76811501  0.25285686  0.92092778]
2025-12-13 21:32:26,709 - INFO - num_full_subsets = 2
2025-12-13 21:32:26,743 - INFO - phi = [-0.14305666  0.42408556 -0.13369051 -0.25359529]
2025-12-13 21:32:26,759 - INFO - num_full_subsets = 2
2025-12-13 21:32:26,793 - INFO - phi = [0.31014749 0.32532601 0.10972004 0.67103361]
2025-12-13 21:32:26,809 - INFO - num_full_subsets = 2
2025-12-13 21:32:26,844 - INFO - phi = [-0.04016133 -0.30464263 -0.13334809 -0.77845948]
2025-12-13 21:32:26,860 - INFO - num_full_subsets = 2
2025-12-13 21:32:26,895 - INFO - phi = [ 0.13950742  0.79309759 -0.55866087  0.45158976]
2025-12-13 21:32:26,911 - INFO - num_full_subsets = 2
2025-12-13 21:32:26,945 - INFO - phi = [-0.38420068 -0.64343443 -0.12612142 -0.66416395]
2025-12-13 21:32:26,962 - INFO - num_full_subsets = 2
2025-12-13 21:32:26,996 - INFO - phi = [-0.35978741 -1.37841565 -0.17085615  0.06013767]
2025-12-13 21:32:27,012 - INFO - num_full_subsets = 2
2025-12-13 21:32:27,046 - INFO - phi = [ 0.23826456  0.22898195 -0.05948791  0.59690719]
2025-12-13 21:32:27,062 - INFO - num_full_subsets = 2
2025-12-13 21:32:27,097 - INFO - phi = [-0.15936941  0.39533489 -0.88597226  0.1642234 ]
2025-12-13 21:32:27,113 - INFO - num_full_subsets = 2
2025-12-13 21:32:27,147 - INFO - phi = [-0.1919697   0.05825393 -0.6581173   0.42249044]
2025-12-13 21:32:27,164 - INFO - num_full_subsets = 2
2025-12-13 21:32:27,198 - INFO - phi = [ 0.38780485  0.64712594  0.28493372 -0.21423755]
2025-12-13 21:32:27,214 - INFO - num_full_subsets = 2
2025-12-13 21:32:27,248 - INFO - phi = [-0.38319236 -1.11582173 -0.1624225  -0.14164195]
2025-12-13 21:32:27,265 - INFO - num_full_subsets = 2
2025-12-13 21:32:27,298 - INFO - phi = [-0.21969965  0.81576918 -0.07832658  0.54685915]
2025-12-13 21:32:27,315 - INFO - num_full_subsets = 2
2025-12-13 21:32:27,349 - INFO - phi = [ 6.59850124e-01  5.14012346e-01  4.37369691e-04 -9.14280903e-01]
2025-12-13 21:32:27,365 - INFO - num_full_subsets = 2
2025-12-13 21:32:27,399 - INFO - phi = [-0.39549614  0.25572211 -0.18376992 -0.80765838]
2025-12-13 21:32:27,415 - INFO - num_full_subsets = 2
2025-12-13 21:32:27,449 - INFO - phi = [-0.17290289  0.75355662 -0.69948752  0.22992948]
2025-12-13 21:32:27,466 - INFO - num_full_subsets = 2
2025-12-13 21:32:27,500 - INFO - phi = [-0.25206946 -1.33048687 -0.33975735  0.40627745]
2025-12-13 21:32:27,516 - INFO - num_full_subsets = 2
2025-12-13 21:32:27,550 - INFO - phi = [-0.19981126  0.86326204 -0.21795208  0.34858736]
2025-12-13 21:32:27,567 - INFO - num_full_subsets = 2
2025-12-13 21:32:27,600 - INFO - phi = [ 0.61650512  0.33039424  0.00417421 -1.06459117]
2025-12-13 21:32:27,616 - INFO - num_full_subsets = 2
2025-12-13 21:32:27,651 - INFO - phi = [-0.35650834 -0.59153366 -0.13860975 -0.6098408 ]
2025-12-13 21:32:27,667 - INFO - num_full_subsets = 2
2025-12-13 21:32:27,702 - INFO - phi = [0.43744321 0.67145029 0.46024809 0.69576913]
2025-12-13 21:32:27,718 - INFO - num_full_subsets = 2
2025-12-13 21:32:27,753 - INFO - phi = [-0.2226146  -0.76772808 -0.22181128 -0.64250993]
2025-12-13 21:32:27,769 - INFO - num_full_subsets = 2
2025-12-13 21:32:27,803 - INFO - phi = [ 0.69748846  0.38052223 -0.12482909 -0.59002762]
2025-12-13 21:32:27,819 - INFO - num_full_subsets = 2
2025-12-13 21:32:27,854 - INFO - phi = [-0.18957942  0.54254664 -0.07441428  0.73299028]
2025-12-13 21:32:27,870 - INFO - num_full_subsets = 2
2025-12-13 21:32:27,904 - INFO - phi = [ 0.40583886  0.6186375  -0.04489906  0.70213558]
2025-12-13 21:32:27,920 - INFO - num_full_subsets = 2
2025-12-13 21:32:27,955 - INFO - phi = [0.01084054 0.68589969 0.82434107 0.98178769]
2025-12-13 21:32:27,971 - INFO - num_full_subsets = 2
2025-12-13 21:32:28,005 - INFO - phi = [-0.31338715 -0.68141945 -0.26625573 -0.51866115]
2025-12-13 21:32:28,021 - INFO - num_full_subsets = 2
2025-12-13 21:32:28,055 - INFO - phi = [ 0.53259663  0.30249585 -0.53239124 -0.23334556]
2025-12-13 21:32:28,071 - INFO - num_full_subsets = 2
2025-12-13 21:32:28,106 - INFO - phi = [-0.08227748  0.7740898  -0.25481014  0.79728235]
2025-12-13 21:32:28,122 - INFO - num_full_subsets = 2
2025-12-13 21:32:28,157 - INFO - phi = [-0.21338648  0.14974592 -0.6375708   0.20345081]
2025-12-13 21:32:28,173 - INFO - num_full_subsets = 2
2025-12-13 21:32:28,208 - INFO - phi = [-0.14305666  0.42408556 -0.13369051 -0.25359529]
2025-12-13 21:32:28,224 - INFO - num_full_subsets = 2
2025-12-13 21:32:28,258 - INFO - phi = [-0.23647708 -0.98472943  0.01842784 -0.4516553 ]
2025-12-13 21:32:28,274 - INFO - num_full_subsets = 2
2025-12-13 21:32:28,309 - INFO - phi = [-0.02687137  0.66117061 -0.83318852  0.67920275]
2025-12-13 21:32:28,324 - INFO - num_full_subsets = 2
2025-12-13 21:32:28,359 - INFO - phi = [ 0.15822442  0.28021113 -0.42057937 -0.16838829]
2025-12-13 21:32:28,864 - INFO - Computing feature importance...
2025-12-13 21:32:29,705 - INFO - Experiment completed for SVM
2025-12-13 21:32:29,705 - INFO - Total time: 25.62s (0.43 min)
2025-12-13 21:32:29,705 - INFO - Starting comprehensive experiment for SVM
2025-12-13 21:32:37,870 - INFO - Performing feature analysis...
2025-12-13 21:32:39,029 - INFO - Model justification: Effective for high-dimensional spaces and non-linear relationships using kernel trick
2025-12-13 21:32:39,029 - INFO - Performing robust cross-validation...
2025-12-13 21:32:39,209 - INFO - CV Results - MSE: 1.6799 ± 0.2308
2025-12-13 21:32:39,209 - INFO - Starting hyperparameter optimization...
2025-12-13 21:32:43,055 - INFO - Best parameters for SVM: {'C': 10.474077260556015, 'epsilon': 0.061723208258189985, 'kernel': 'rbf'}
2025-12-13 21:32:43,055 - INFO - ⏱️ HPO took 3.85 seconds
2025-12-13 21:32:43,055 - INFO - Training final model...
2025-12-13 21:32:43,073 - INFO - ⏱️ Training took 0.02 seconds
2025-12-13 21:32:43,073 - INFO - Performing residual analysis...
2025-12-13 21:32:44,109 - INFO - Generating XAI explanations...
2025-12-13 21:32:44,111 - WARNING - Using 168 background data samples could cause slower run times. Consider using shap.sample(data, K) or shap.kmeans(data, K) to summarize the background as K samples.
2025-12-13 21:32:44,127 - INFO - num_full_subsets = 2
2025-12-13 21:32:44,159 - INFO - phi = [-0.29798636  0.92879124 -0.11061859 -0.15140477]
2025-12-13 21:32:44,175 - INFO - num_full_subsets = 2
2025-12-13 21:32:44,208 - INFO - phi = [-0.086551    1.08572108  0.33879379  0.70027827]
2025-12-13 21:32:44,224 - INFO - num_full_subsets = 2
2025-12-13 21:32:44,257 - INFO - phi = [-0.16886939  0.90753266  0.07774234  0.41279798]
2025-12-13 21:32:44,274 - INFO - num_full_subsets = 2
2025-12-13 21:32:44,307 - INFO - phi = [-0.39340281 -1.12807925 -0.06339501 -0.25000058]
2025-12-13 21:32:44,322 - INFO - num_full_subsets = 2
2025-12-13 21:32:44,355 - INFO - phi = [ 0.6329142  -0.13888559 -0.42764067  0.32947672]
2025-12-13 21:32:44,371 - INFO - num_full_subsets = 2
2025-12-13 21:32:44,405 - INFO - phi = [ 0.14230277  0.65185917  0.05621882 -1.3545693 ]
2025-12-13 21:32:44,421 - INFO - num_full_subsets = 2
2025-12-13 21:32:44,455 - INFO - phi = [-0.16473345  0.77483482 -0.26696393  0.13203872]
2025-12-13 21:32:44,471 - INFO - num_full_subsets = 2
2025-12-13 21:32:44,504 - INFO - phi = [-0.11735095 -0.2355044  -0.05131198  0.44116887]
2025-12-13 21:32:44,520 - INFO - num_full_subsets = 2
2025-12-13 21:32:44,554 - INFO - phi = [-0.3285439  -0.39014716 -0.16501458 -0.17079369]
2025-12-13 21:32:44,570 - INFO - num_full_subsets = 2
2025-12-13 21:32:44,604 - INFO - phi = [-0.04287053  0.90390356 -0.49956571  0.50891815]
2025-12-13 21:32:44,620 - INFO - num_full_subsets = 2
2025-12-13 21:32:44,653 - INFO - phi = [-0.08998376  1.48104545  0.80274625  0.1820697 ]
2025-12-13 21:32:44,669 - INFO - num_full_subsets = 2
2025-12-13 21:32:44,702 - INFO - phi = [0.53957192 0.85570239 0.17712812 0.58086562]
2025-12-13 21:32:44,718 - INFO - num_full_subsets = 2
2025-12-13 21:32:44,751 - INFO - phi = [0.83468012 0.9653292  0.15972617 0.5657041 ]
2025-12-13 21:32:44,767 - INFO - num_full_subsets = 2
2025-12-13 21:32:44,800 - INFO - phi = [ 1.18546741  0.13456768  0.08079738 -1.05453802]
2025-12-13 21:32:44,816 - INFO - num_full_subsets = 2
2025-12-13 21:32:44,849 - INFO - phi = [-0.32095789 -0.71461895 -0.29171498  0.03371092]
2025-12-13 21:32:44,865 - INFO - num_full_subsets = 2
2025-12-13 21:32:44,898 - INFO - phi = [-0.00919868 -0.04859437  1.98126036 -1.46813301]
2025-12-13 21:32:44,914 - INFO - num_full_subsets = 2
2025-12-13 21:32:44,946 - INFO - phi = [ 0.67185458  0.58443996 -0.17682093  0.37968654]
2025-12-13 21:32:44,962 - INFO - num_full_subsets = 2
2025-12-13 21:32:44,996 - INFO - phi = [-0.37829341 -0.83711128 -0.04224705 -0.33467193]
2025-12-13 21:32:45,012 - INFO - num_full_subsets = 2
2025-12-13 21:32:45,046 - INFO - phi = [-0.32208747 -0.90767467 -0.09106265 -0.41865528]
2025-12-13 21:32:45,062 - INFO - num_full_subsets = 2
2025-12-13 21:32:45,096 - INFO - phi = [0.23329515 1.15253785 1.118682   0.51678517]
2025-12-13 21:32:45,112 - INFO - num_full_subsets = 2
2025-12-13 21:32:45,146 - INFO - phi = [-0.33714802 -1.20746934 -0.44652697  0.16038026]
2025-12-13 21:32:45,162 - INFO - num_full_subsets = 2
2025-12-13 21:32:45,196 - INFO - phi = [0.90689475 0.39631925 0.10834805 0.49563609]
2025-12-13 21:32:45,212 - INFO - num_full_subsets = 2
2025-12-13 21:32:45,245 - INFO - phi = [-0.22230576 -0.92764073  0.39035872  0.54847748]
2025-12-13 21:32:45,262 - INFO - num_full_subsets = 2
2025-12-13 21:32:45,295 - INFO - phi = [0.66541073 0.83893477 0.05096457 0.48845957]
2025-12-13 21:32:45,312 - INFO - num_full_subsets = 2
2025-12-13 21:32:45,345 - INFO - phi = [-0.32413048 -1.02949458 -0.38037576 -0.06409731]
2025-12-13 21:32:45,361 - INFO - num_full_subsets = 2
2025-12-13 21:32:45,395 - INFO - phi = [ 0.63220611  0.35136796 -0.00587766 -0.15972225]
2025-12-13 21:32:45,411 - INFO - num_full_subsets = 2
2025-12-13 21:32:45,445 - INFO - phi = [-0.28848141 -0.59921272 -0.49069626 -0.14150467]
2025-12-13 21:32:45,461 - INFO - num_full_subsets = 2
2025-12-13 21:32:45,495 - INFO - phi = [ 0.50980406  0.22519114  0.1101883  -0.94647177]
2025-12-13 21:32:45,511 - INFO - num_full_subsets = 2
2025-12-13 21:32:45,545 - INFO - phi = [-0.0084735   1.21294577  1.13069178  0.36983748]
2025-12-13 21:32:45,561 - INFO - num_full_subsets = 2
2025-12-13 21:32:45,594 - INFO - phi = [-0.16810514  0.83711925 -0.36600632  0.46613336]
2025-12-13 21:32:45,610 - INFO - num_full_subsets = 2
2025-12-13 21:32:45,643 - INFO - phi = [ 0.40104615  0.12770405 -0.22792032 -0.54995409]
2025-12-13 21:32:45,659 - INFO - num_full_subsets = 2
2025-12-13 21:32:45,692 - INFO - phi = [-0.34245569 -0.7927929  -0.1896264  -0.06583513]
2025-12-13 21:32:45,708 - INFO - num_full_subsets = 2
2025-12-13 21:32:45,740 - INFO - phi = [-0.33307315 -0.47619092 -0.09497892 -0.43140367]
2025-12-13 21:32:45,756 - INFO - num_full_subsets = 2
2025-12-13 21:32:45,789 - INFO - phi = [-0.27372699  0.40144963 -0.18299483  0.14285409]
2025-12-13 21:32:45,805 - INFO - num_full_subsets = 2
2025-12-13 21:32:45,838 - INFO - phi = [-0.25701884 -0.58229288 -0.56875535  0.30781716]
2025-12-13 21:32:45,854 - INFO - num_full_subsets = 2
2025-12-13 21:32:45,887 - INFO - phi = [-0.12007386 -0.95459695 -0.03298488 -0.24989395]
2025-12-13 21:32:45,903 - INFO - num_full_subsets = 2
2025-12-13 21:32:45,936 - INFO - phi = [-0.2507908  -0.29763239 -0.2983838   0.14339847]
2025-12-13 21:32:45,952 - INFO - num_full_subsets = 2
2025-12-13 21:32:45,985 - INFO - phi = [-0.31333216  0.72290519 -0.17499135 -0.7563922 ]
2025-12-13 21:32:46,001 - INFO - num_full_subsets = 2
2025-12-13 21:32:46,034 - INFO - phi = [-0.35056448 -1.09195253 -0.30956274  0.17754993]
2025-12-13 21:32:46,051 - INFO - num_full_subsets = 2
2025-12-13 21:32:46,084 - INFO - phi = [ 0.5469013   0.26176333 -0.06733624 -0.68514841]
2025-12-13 21:32:46,100 - INFO - num_full_subsets = 2
2025-12-13 21:32:46,132 - INFO - phi = [-0.27275077  0.94809831 -0.11458207  0.03409086]
2025-12-13 21:32:46,148 - INFO - num_full_subsets = 2
2025-12-13 21:32:46,181 - INFO - phi = [-0.35167825 -0.9950532  -0.23788071 -0.07615151]
2025-12-13 21:32:46,197 - INFO - num_full_subsets = 2
2025-12-13 21:32:46,230 - INFO - phi = [-0.20946374 -0.33014685 -0.63524698  0.36784629]
2025-12-13 21:32:46,246 - INFO - num_full_subsets = 2
2025-12-13 21:32:46,280 - INFO - phi = [-0.36720219 -0.87809514 -0.14910544 -0.16308666]
2025-12-13 21:32:46,296 - INFO - num_full_subsets = 2
2025-12-13 21:32:46,329 - INFO - phi = [-0.20151086  1.00390737  0.32207634  0.32401722]
2025-12-13 21:32:46,345 - INFO - num_full_subsets = 2
2025-12-13 21:32:46,378 - INFO - phi = [ 0.16587778  0.42497495 -0.44169143  0.41415295]
2025-12-13 21:32:46,394 - INFO - num_full_subsets = 2
2025-12-13 21:32:46,427 - INFO - phi = [ 0.49034008 -0.24093405 -0.28402197  0.36108124]
2025-12-13 21:32:46,443 - INFO - num_full_subsets = 2
2025-12-13 21:32:46,476 - INFO - phi = [-0.07805711 -0.14992622 -0.47256045  0.41642073]
2025-12-13 21:32:46,492 - INFO - num_full_subsets = 2
2025-12-13 21:32:46,525 - INFO - phi = [ 0.83346107  0.74972891 -0.07197487  0.1418315 ]
2025-12-13 21:32:46,541 - INFO - num_full_subsets = 2
2025-12-13 21:32:46,574 - INFO - phi = [-0.36831207 -1.17202321 -0.08614665  0.02446649]
2025-12-13 21:32:46,590 - INFO - num_full_subsets = 2
2025-12-13 21:32:46,623 - INFO - phi = [0.49171861 0.4894849  0.18991252 0.2232335 ]
2025-12-13 21:32:46,639 - INFO - num_full_subsets = 2
2025-12-13 21:32:46,673 - INFO - phi = [ 0.13356509  0.55014709 -0.13483687 -0.16188887]
2025-12-13 21:32:46,689 - INFO - num_full_subsets = 2
2025-12-13 21:32:46,722 - INFO - phi = [0.5044448  0.03384308 0.11501346 0.3306669 ]
2025-12-13 21:32:46,737 - INFO - num_full_subsets = 2
2025-12-13 21:32:46,771 - INFO - phi = [-0.24490611 -0.21508967 -0.43186507  0.26292791]
2025-12-13 21:32:46,787 - INFO - num_full_subsets = 2
2025-12-13 21:32:46,820 - INFO - phi = [-0.19243548  0.19516298 -0.62279913  0.30818734]
2025-12-13 21:32:46,836 - INFO - num_full_subsets = 2
2025-12-13 21:32:46,870 - INFO - phi = [-0.2097051   0.57710079 -0.42516074  0.11037033]
2025-12-13 21:32:46,886 - INFO - num_full_subsets = 2
2025-12-13 21:32:46,919 - INFO - phi = [-0.25159378  0.54159177 -0.20283774  0.05674451]
2025-12-13 21:32:46,935 - INFO - num_full_subsets = 2
2025-12-13 21:32:46,969 - INFO - phi = [-0.29703395 -0.65912764 -0.03830205 -0.70017434]
2025-12-13 21:32:46,985 - INFO - num_full_subsets = 2
2025-12-13 21:32:47,017 - INFO - phi = [-0.36001793 -0.74770643 -0.14180273 -0.64657863]
2025-12-13 21:32:47,033 - INFO - num_full_subsets = 2
2025-12-13 21:32:47,067 - INFO - phi = [0.27313868 0.02150934 0.13034215 0.52776799]
2025-12-13 21:32:47,083 - INFO - num_full_subsets = 2
2025-12-13 21:32:47,116 - INFO - phi = [-0.36001793 -0.74770643 -0.14180273 -0.64657863]
2025-12-13 21:32:47,133 - INFO - num_full_subsets = 2
2025-12-13 21:32:47,166 - INFO - phi = [0.68914879 0.75545745 0.17453014 0.5988267 ]
2025-12-13 21:32:47,182 - INFO - num_full_subsets = 2
2025-12-13 21:32:47,215 - INFO - phi = [-0.10616885  0.05630466  1.66237735 -0.11298369]
2025-12-13 21:32:47,232 - INFO - num_full_subsets = 2
2025-12-13 21:32:47,265 - INFO - phi = [ 0.45939037  0.37046726 -0.38351423 -0.17889876]
2025-12-13 21:32:47,281 - INFO - num_full_subsets = 2
2025-12-13 21:32:47,314 - INFO - phi = [-0.39263708 -1.44614731 -0.25385177  0.06108603]
2025-12-13 21:32:47,331 - INFO - num_full_subsets = 2
2025-12-13 21:32:47,363 - INFO - phi = [-0.31140547 -0.57571599 -0.27160405 -0.12310698]
2025-12-13 21:32:47,380 - INFO - num_full_subsets = 2
2025-12-13 21:32:47,412 - INFO - phi = [-0.08448172  0.89395159  1.07808942  0.37274285]
2025-12-13 21:32:47,428 - INFO - num_full_subsets = 2
2025-12-13 21:32:47,461 - INFO - phi = [ 0.39069117  0.64198948 -0.61042523  0.1025906 ]
2025-12-13 21:32:47,477 - INFO - num_full_subsets = 2
2025-12-13 21:32:47,510 - INFO - phi = [-0.36518774 -0.54151688 -0.15027461 -0.44316552]
2025-12-13 21:32:47,526 - INFO - num_full_subsets = 2
2025-12-13 21:32:47,560 - INFO - phi = [-0.14420015 -1.02116444  1.11891438 -1.27806425]
2025-12-13 21:32:47,576 - INFO - num_full_subsets = 2
2025-12-13 21:32:47,609 - INFO - phi = [-0.0564225   0.91687134  1.07177846  0.35529362]
2025-12-13 21:32:47,624 - INFO - num_full_subsets = 2
2025-12-13 21:32:47,657 - INFO - phi = [0.04371443 0.99028374 1.13526802 0.51048096]
2025-12-13 21:32:47,674 - INFO - num_full_subsets = 2
2025-12-13 21:32:47,707 - INFO - phi = [ 0.00128946  0.66559814  0.37876102 -0.85608284]
2025-12-13 21:32:47,723 - INFO - num_full_subsets = 2
2025-12-13 21:32:47,756 - INFO - phi = [0.18129459 0.51221753 0.0746002  0.35186339]
2025-12-13 21:32:47,772 - INFO - num_full_subsets = 2
2025-12-13 21:32:47,805 - INFO - phi = [-0.16810514  0.83711925 -0.36600632  0.46613336]
2025-12-13 21:32:47,821 - INFO - num_full_subsets = 2
2025-12-13 21:32:47,854 - INFO - phi = [ 0.68699113 -0.17753987 -0.57327508  0.31966963]
2025-12-13 21:32:47,870 - INFO - num_full_subsets = 2
2025-12-13 21:32:47,904 - INFO - phi = [0.06836072 0.14760695 0.73641216 0.54201963]
2025-12-13 21:32:47,919 - INFO - num_full_subsets = 2
2025-12-13 21:32:47,952 - INFO - phi = [-0.0435806   0.98685113 -0.42696309  0.38756676]
2025-12-13 21:32:47,968 - INFO - num_full_subsets = 2
2025-12-13 21:32:48,001 - INFO - phi = [-0.19405276  1.0352779  -0.26033256  0.45796774]
2025-12-13 21:32:48,017 - INFO - num_full_subsets = 2
2025-12-13 21:32:48,050 - INFO - phi = [-0.26351083 -0.78533691 -0.03787664  0.5642623 ]
2025-12-13 21:32:48,066 - INFO - num_full_subsets = 2
2025-12-13 21:32:48,100 - INFO - phi = [ 0.65838342  0.32281055 -0.39553084 -0.53975054]
2025-12-13 21:32:48,116 - INFO - num_full_subsets = 2
2025-12-13 21:32:48,149 - INFO - phi = [-0.38110261 -0.9861326  -0.08953321 -0.34993941]
2025-12-13 21:32:48,165 - INFO - num_full_subsets = 2
2025-12-13 21:32:48,199 - INFO - phi = [0.70567943 0.09817773 0.60842921 0.61674524]
2025-12-13 21:32:48,215 - INFO - num_full_subsets = 2
2025-12-13 21:32:48,248 - INFO - phi = [ 0.71713642  0.28923666 -0.47989526 -0.35601556]
2025-12-13 21:32:48,264 - INFO - num_full_subsets = 2
2025-12-13 21:32:48,297 - INFO - phi = [-0.35411729 -1.16736365 -0.086772    0.1336071 ]
2025-12-13 21:32:48,313 - INFO - num_full_subsets = 2
2025-12-13 21:32:48,346 - INFO - phi = [-0.20491392  0.77480835  0.2789885   0.26326181]
2025-12-13 21:32:48,362 - INFO - num_full_subsets = 2
2025-12-13 21:32:48,395 - INFO - phi = [ 0.27640118  0.66439771 -0.48406062  0.42789648]
2025-12-13 21:32:48,411 - INFO - num_full_subsets = 2
2025-12-13 21:32:48,444 - INFO - phi = [-0.28043079 -1.03249091  1.16068655 -0.87910469]
2025-12-13 21:32:48,460 - INFO - num_full_subsets = 2
2025-12-13 21:32:48,493 - INFO - phi = [-0.30318929 -1.08616821  0.28272414 -0.35119522]
2025-12-13 21:32:48,509 - INFO - num_full_subsets = 2
2025-12-13 21:32:48,543 - INFO - phi = [ 0.45714663  0.08835582 -0.11568812 -0.0817957 ]
2025-12-13 21:32:48,559 - INFO - num_full_subsets = 2
2025-12-13 21:32:48,591 - INFO - phi = [-0.30122745 -0.08720463 -0.09353376  0.25828994]
2025-12-13 21:32:48,607 - INFO - num_full_subsets = 2
2025-12-13 21:32:48,640 - INFO - phi = [-0.27233153 -0.89546139  0.91713739 -0.78993781]
2025-12-13 21:32:48,656 - INFO - num_full_subsets = 2
2025-12-13 21:32:48,689 - INFO - phi = [-0.32095789 -0.71461895 -0.29171498  0.03371092]
2025-12-13 21:32:48,705 - INFO - num_full_subsets = 2
2025-12-13 21:32:48,739 - INFO - phi = [ 0.05752444  1.02159202 -0.03233929  0.29645598]
2025-12-13 21:32:48,755 - INFO - num_full_subsets = 2
2025-12-13 21:32:48,788 - INFO - phi = [-0.27834499 -0.49022072  0.05847458 -1.09744076]
2025-12-13 21:32:48,803 - INFO - num_full_subsets = 2
2025-12-13 21:32:48,836 - INFO - phi = [ 0.58706891 -0.25431096 -0.91610156 -0.07689613]
2025-12-13 21:32:48,852 - INFO - num_full_subsets = 2
2025-12-13 21:32:48,886 - INFO - phi = [-0.33917061 -0.94621415 -0.03323162 -0.44286899]
2025-12-13 21:32:48,901 - INFO - num_full_subsets = 2
2025-12-13 21:32:48,935 - INFO - phi = [0.50120404 0.30084465 0.12228297 0.52062053]
2025-12-13 21:32:48,950 - INFO - num_full_subsets = 2
2025-12-13 21:32:48,984 - INFO - phi = [-0.2650059  -0.16584458 -0.06083735  0.47910204]
2025-12-13 21:32:49,000 - INFO - num_full_subsets = 2
2025-12-13 21:32:49,033 - INFO - phi = [-0.13801906 -0.36846904  0.5937378  -1.32395044]
2025-12-13 21:32:49,048 - INFO - num_full_subsets = 2
2025-12-13 21:32:49,081 - INFO - phi = [-0.28936359 -0.9538984   0.10890775  0.43699491]
2025-12-13 21:32:49,097 - INFO - num_full_subsets = 2
2025-12-13 21:32:49,131 - INFO - phi = [0.78095469 0.87850232 0.1102934  0.40936204]
2025-12-13 21:32:49,147 - INFO - num_full_subsets = 2
2025-12-13 21:32:49,180 - INFO - phi = [-0.03447967  1.05066635  0.75491347  0.5990879 ]
2025-12-13 21:32:49,196 - INFO - num_full_subsets = 2
2025-12-13 21:32:49,229 - INFO - phi = [ 0.76436593  0.26429313 -0.0563811  -0.55493385]
2025-12-13 21:32:49,245 - INFO - num_full_subsets = 2
2025-12-13 21:32:49,278 - INFO - phi = [-0.28496941 -0.31617471 -0.31012057 -0.03891364]
2025-12-13 21:32:49,294 - INFO - num_full_subsets = 2
2025-12-13 21:32:49,327 - INFO - phi = [-0.10411452  0.27257668  0.30024269  0.34344559]
2025-12-13 21:32:49,343 - INFO - num_full_subsets = 2
2025-12-13 21:32:49,376 - INFO - phi = [-0.28980652 -0.45466599 -0.08553031  0.51208345]
2025-12-13 21:32:49,391 - INFO - num_full_subsets = 2
2025-12-13 21:32:49,425 - INFO - phi = [ 0.77092685  0.02919592 -0.26371286  0.18861222]
2025-12-13 21:32:49,441 - INFO - num_full_subsets = 2
2025-12-13 21:32:49,474 - INFO - phi = [-0.39404122 -1.04452756 -0.08098115  0.00170674]
2025-12-13 21:32:49,489 - INFO - num_full_subsets = 2
2025-12-13 21:32:49,523 - INFO - phi = [-0.25632799 -0.16111778  0.12324129 -0.11200206]
2025-12-13 21:32:49,538 - INFO - num_full_subsets = 2
2025-12-13 21:32:49,571 - INFO - phi = [-0.34019546 -1.09216404 -0.28759805 -0.17162368]
2025-12-13 21:32:49,587 - INFO - num_full_subsets = 2
2025-12-13 21:32:49,620 - INFO - phi = [-0.09815735  0.80396884  0.01519779  0.55543844]
2025-12-13 21:32:49,636 - INFO - num_full_subsets = 2
2025-12-13 21:32:49,669 - INFO - phi = [0.33626121 0.34544055 0.12010225 0.45830874]
2025-12-13 21:32:49,685 - INFO - num_full_subsets = 2
2025-12-13 21:32:49,718 - INFO - phi = [-0.18124444  0.37850097 -0.77095191  0.15283069]
2025-12-13 21:32:49,734 - INFO - num_full_subsets = 2
2025-12-13 21:32:49,767 - INFO - phi = [-0.2259701   0.50131372 -0.39734907 -0.06531687]
2025-12-13 21:32:49,783 - INFO - num_full_subsets = 2
2025-12-13 21:32:49,816 - INFO - phi = [-0.12007386 -0.95459695 -0.03298488 -0.24989395]
2025-12-13 21:32:49,832 - INFO - num_full_subsets = 2
2025-12-13 21:32:49,865 - INFO - phi = [-0.31680527 -0.84972936 -0.07148967  0.29115915]
2025-12-13 21:32:49,881 - INFO - num_full_subsets = 2
2025-12-13 21:32:49,914 - INFO - phi = [ 0.83542952 -0.1181394   0.09911975 -1.00221101]
2025-12-13 21:32:49,930 - INFO - num_full_subsets = 2
2025-12-13 21:32:49,963 - INFO - phi = [-0.25299724 -0.65096482 -0.03239377 -0.90882764]
2025-12-13 21:32:49,980 - INFO - num_full_subsets = 2
2025-12-13 21:32:50,013 - INFO - phi = [-0.22919629 -0.31010475  0.27693207 -0.29154604]
2025-12-13 21:32:50,029 - INFO - num_full_subsets = 2
2025-12-13 21:32:50,063 - INFO - phi = [-0.35702783 -0.21833913 -0.19759047 -0.84888195]
2025-12-13 21:32:50,079 - INFO - num_full_subsets = 2
2025-12-13 21:32:50,112 - INFO - phi = [ 0.72261495  0.06014437 -0.18828292  0.37894624]
2025-12-13 21:32:50,128 - INFO - num_full_subsets = 2
2025-12-13 21:32:50,161 - INFO - phi = [-0.32836082 -0.9256883  -0.10670289  0.2418727 ]
2025-12-13 21:32:50,177 - INFO - num_full_subsets = 2
2025-12-13 21:32:50,210 - INFO - phi = [ 0.07474993  0.41058092  0.49660658 -1.29288185]
2025-12-13 21:32:50,226 - INFO - num_full_subsets = 2
2025-12-13 21:32:50,259 - INFO - phi = [-0.10499292  0.89940626  0.05472372  0.55129536]
2025-12-13 21:32:50,275 - INFO - num_full_subsets = 2
2025-12-13 21:32:50,308 - INFO - phi = [-0.1849119   1.05189838 -0.24123265  0.51762285]
2025-12-13 21:32:50,324 - INFO - num_full_subsets = 2
2025-12-13 21:32:50,358 - INFO - phi = [-0.37483277 -0.82302751 -0.13136646 -0.31983202]
2025-12-13 21:32:50,374 - INFO - num_full_subsets = 2
2025-12-13 21:32:50,407 - INFO - phi = [-0.17726966 -0.98323692  0.86161223  0.5432473 ]
2025-12-13 21:32:50,423 - INFO - num_full_subsets = 2
2025-12-13 21:32:50,455 - INFO - phi = [-0.27269716 -1.39523879  0.26253167  0.22805865]
2025-12-13 21:32:50,471 - INFO - num_full_subsets = 2
2025-12-13 21:32:50,504 - INFO - phi = [-0.28458505 -0.57422821 -0.51072308 -0.10025398]
2025-12-13 21:32:50,520 - INFO - num_full_subsets = 2
2025-12-13 21:32:50,553 - INFO - phi = [-0.177398   -0.01871644 -0.98258035  0.22492964]
2025-12-13 21:32:50,569 - INFO - num_full_subsets = 2
2025-12-13 21:32:50,602 - INFO - phi = [-0.15592759  0.66558011  0.27962376  0.35707432]
2025-12-13 21:32:50,618 - INFO - num_full_subsets = 2
2025-12-13 21:32:50,651 - INFO - phi = [-0.13725064 -0.18575367  0.4082583  -1.35093318]
2025-12-13 21:32:50,667 - INFO - num_full_subsets = 2
2025-12-13 21:32:50,700 - INFO - phi = [0.79388607 0.971662   0.20455548 0.59702359]
2025-12-13 21:32:50,716 - INFO - num_full_subsets = 2
2025-12-13 21:32:50,748 - INFO - phi = [-0.25158478 -0.67744778 -0.07609382 -0.7256761 ]
2025-12-13 21:32:50,764 - INFO - num_full_subsets = 2
2025-12-13 21:32:50,797 - INFO - phi = [-0.03147298  0.58413951 -0.33141898  0.43146692]
2025-12-13 21:32:50,813 - INFO - num_full_subsets = 2
2025-12-13 21:32:50,846 - INFO - phi = [-0.18801849 -0.4449809   1.85859127 -0.59845095]
2025-12-13 21:32:50,862 - INFO - num_full_subsets = 2
2025-12-13 21:32:50,894 - INFO - phi = [-0.33489946 -0.93108218 -0.2092289  -0.20615896]
2025-12-13 21:32:50,910 - INFO - num_full_subsets = 2
2025-12-13 21:32:50,944 - INFO - phi = [ 0.7567423   0.39802936 -0.27628821  0.02089468]
2025-12-13 21:32:50,960 - INFO - num_full_subsets = 2
2025-12-13 21:32:50,993 - INFO - phi = [-0.17080673  0.46511423  0.35572012  0.01488619]
2025-12-13 21:32:51,009 - INFO - num_full_subsets = 2
2025-12-13 21:32:51,042 - INFO - phi = [-0.38604786 -1.02221683 -0.06451674 -0.17092374]
2025-12-13 21:32:51,058 - INFO - num_full_subsets = 2
2025-12-13 21:32:51,092 - INFO - phi = [-0.11295789  0.87319514 -0.25362775  0.36800589]
2025-12-13 21:32:51,108 - INFO - num_full_subsets = 2
2025-12-13 21:32:51,141 - INFO - phi = [ 0.69762815 -0.02228871 -0.0328329  -1.68301644]
2025-12-13 21:32:51,157 - INFO - num_full_subsets = 2
2025-12-13 21:32:51,189 - INFO - phi = [-0.14688193 -0.98037602 -0.17111982 -0.28581084]
2025-12-13 21:32:51,205 - INFO - num_full_subsets = 2
2025-12-13 21:32:51,238 - INFO - phi = [-0.22430136  0.66028481 -0.36118423 -0.12846904]
2025-12-13 21:32:51,254 - INFO - num_full_subsets = 2
2025-12-13 21:32:51,287 - INFO - phi = [-0.38149872 -1.01289592 -0.04296533 -0.27077164]
2025-12-13 21:32:51,303 - INFO - num_full_subsets = 2
2025-12-13 21:32:51,336 - INFO - phi = [-0.14153699  1.03054803 -0.21577575  0.58735413]
2025-12-13 21:32:51,352 - INFO - num_full_subsets = 2
2025-12-13 21:32:51,385 - INFO - phi = [-0.34500283  0.1453387  -0.19728713 -0.45150772]
2025-12-13 21:32:51,401 - INFO - num_full_subsets = 2
2025-12-13 21:32:51,434 - INFO - phi = [-0.05985809  0.91176667 -0.60771725  0.44172093]
2025-12-13 21:32:51,450 - INFO - num_full_subsets = 2
2025-12-13 21:32:51,484 - INFO - phi = [-0.36071019 -1.16056091 -0.14323577 -0.15286499]
2025-12-13 21:32:51,500 - INFO - num_full_subsets = 2
2025-12-13 21:32:51,533 - INFO - phi = [-0.34584648 -1.16717002 -0.26571491  0.2320449 ]
2025-12-13 21:32:51,549 - INFO - num_full_subsets = 2
2025-12-13 21:32:51,581 - INFO - phi = [-0.11239513  0.48696407 -0.2841583   0.49805943]
2025-12-13 21:32:51,597 - INFO - num_full_subsets = 2
2025-12-13 21:32:51,630 - INFO - phi = [-0.39781442 -1.03427266 -0.05827414 -0.17816235]
2025-12-13 21:32:51,646 - INFO - num_full_subsets = 2
2025-12-13 21:32:51,679 - INFO - phi = [-0.32679565 -0.72020147 -0.11854658 -0.71215779]
2025-12-13 21:32:51,695 - INFO - num_full_subsets = 2
2025-12-13 21:32:51,728 - INFO - phi = [-0.02402368  0.26944031  1.33394643  0.63494339]
2025-12-13 21:32:51,744 - INFO - num_full_subsets = 2
2025-12-13 21:32:51,777 - INFO - phi = [-0.32886242 -0.93866265 -0.07883419  0.2869478 ]
2025-12-13 21:32:51,793 - INFO - num_full_subsets = 2
2025-12-13 21:32:51,826 - INFO - phi = [-0.10171165  0.84275743 -0.25510095  0.07373047]
2025-12-13 21:32:51,842 - INFO - num_full_subsets = 2
2025-12-13 21:32:51,875 - INFO - phi = [-0.09430075  0.68744042 -1.05890448  0.33716306]
2025-12-13 21:32:51,891 - INFO - num_full_subsets = 2
2025-12-13 21:32:51,923 - INFO - phi = [-0.1049149   0.52398877 -0.30447962  0.45516078]
2025-12-13 21:32:51,940 - INFO - num_full_subsets = 2
2025-12-13 21:32:51,973 - INFO - phi = [-0.3242362  -0.68517202 -0.07690119 -0.69360115]
2025-12-13 21:32:51,989 - INFO - num_full_subsets = 2
2025-12-13 21:32:52,022 - INFO - phi = [ 0.84711565 -0.47091049  0.04855432  0.43733459]
2025-12-13 21:32:52,039 - INFO - num_full_subsets = 2
2025-12-13 21:32:52,072 - INFO - phi = [0.65744174 0.89828254 0.21591356 0.53481741]
2025-12-13 21:32:52,088 - INFO - num_full_subsets = 2
2025-12-13 21:32:52,121 - INFO - phi = [0.68914879 0.75545745 0.17453014 0.5988267 ]
2025-12-13 21:32:52,137 - INFO - num_full_subsets = 2
2025-12-13 21:32:52,169 - INFO - phi = [ 0.34914658  0.5558056  -0.57595392  0.38487082]
2025-12-13 21:32:52,185 - INFO - num_full_subsets = 2
2025-12-13 21:32:52,218 - INFO - phi = [ 0.83251102 -0.37482964 -0.0834834  -1.08030111]
2025-12-13 21:32:52,235 - INFO - num_full_subsets = 2
2025-12-13 21:32:52,267 - INFO - phi = [-0.04040487  0.68867476  0.1369675   0.70642174]
2025-12-13 21:32:52,284 - INFO - num_full_subsets = 2
2025-12-13 21:32:52,317 - INFO - phi = [-0.06748101  1.26944639  0.74543151  0.23232874]
2025-12-13 21:32:52,333 - INFO - num_full_subsets = 2
2025-12-13 21:32:52,366 - INFO - phi = [-0.16412184  0.57286304 -0.17973033  0.60064739]
2025-12-13 21:32:52,878 - INFO - Computing feature importance...
2025-12-13 21:32:53,705 - INFO - Experiment completed for SVM
2025-12-13 21:32:53,705 - INFO - Total time: 23.62s (0.39 min)
2025-12-13 21:32:53,705 - INFO - Starting comprehensive experiment for SVM
2025-12-13 21:33:02,013 - INFO - Performing feature analysis...
2025-12-13 21:33:03,342 - INFO - Model justification: Effective for high-dimensional spaces and non-linear relationships using kernel trick
2025-12-13 21:33:03,342 - INFO - Performing robust cross-validation...
2025-12-13 21:33:03,524 - INFO - CV Results - MSE: 1.6727 ± 0.3054
2025-12-13 21:33:03,524 - INFO - Starting hyperparameter optimization...
2025-12-13 21:33:08,046 - INFO - Best parameters for SVM: {'C': 20.449523965915972, 'epsilon': 0.0780817538322618, 'kernel': 'rbf'}
2025-12-13 21:33:08,046 - INFO - ⏱️ HPO took 4.52 seconds
2025-12-13 21:33:08,046 - INFO - Training final model...
2025-12-13 21:33:08,069 - INFO - ⏱️ Training took 0.02 seconds
2025-12-13 21:33:08,069 - INFO - Performing residual analysis...
2025-12-13 21:33:09,101 - INFO - Generating XAI explanations...
2025-12-13 21:33:09,103 - WARNING - Using 168 background data samples could cause slower run times. Consider using shap.sample(data, K) or shap.kmeans(data, K) to summarize the background as K samples.
2025-12-13 21:33:09,120 - INFO - num_full_subsets = 2
2025-12-13 21:33:09,154 - INFO - phi = [-0.36272666 -0.5759942  -0.15185856 -0.07988358]
2025-12-13 21:33:09,170 - INFO - num_full_subsets = 2
2025-12-13 21:33:09,204 - INFO - phi = [-0.12633739  0.35498304 -0.90573418  0.08249386]
2025-12-13 21:33:09,221 - INFO - num_full_subsets = 2
2025-12-13 21:33:09,254 - INFO - phi = [-0.30289986 -0.44408578 -0.13932351 -0.9562826 ]
2025-12-13 21:33:09,271 - INFO - num_full_subsets = 2
2025-12-13 21:33:09,304 - INFO - phi = [-0.3563676  -0.13357351 -0.18593961  0.32405807]
2025-12-13 21:33:09,321 - INFO - num_full_subsets = 2
2025-12-13 21:33:09,355 - INFO - phi = [ 0.89901637  0.0666491   0.5937766  -1.27985544]
2025-12-13 21:33:09,371 - INFO - num_full_subsets = 2
2025-12-13 21:33:09,405 - INFO - phi = [-0.3441789  -0.94340794  0.03326914  0.27916977]
2025-12-13 21:33:09,422 - INFO - num_full_subsets = 2
2025-12-13 21:33:09,454 - INFO - phi = [-0.33281897 -0.81030969 -0.445006   -0.22969703]
2025-12-13 21:33:09,471 - INFO - num_full_subsets = 2
2025-12-13 21:33:09,504 - INFO - phi = [-0.2462684   0.02679678 -0.06730703  0.75601436]
2025-12-13 21:33:09,520 - INFO - num_full_subsets = 2
2025-12-13 21:33:09,553 - INFO - phi = [-0.34133228 -0.84460806 -0.19859907  0.10328268]
2025-12-13 21:33:09,570 - INFO - num_full_subsets = 2
2025-12-13 21:33:09,603 - INFO - phi = [-0.37481582 -1.22188075 -0.14195355 -0.12774936]
2025-12-13 21:33:09,619 - INFO - num_full_subsets = 2
2025-12-13 21:33:09,652 - INFO - phi = [-0.19172376  0.89475868 -0.2487013   0.5024588 ]
2025-12-13 21:33:09,668 - INFO - num_full_subsets = 2
2025-12-13 21:33:09,702 - INFO - phi = [0.38535836 0.64471396 0.90692536 0.38034872]
2025-12-13 21:33:09,718 - INFO - num_full_subsets = 2
2025-12-13 21:33:09,751 - INFO - phi = [ 0.65857047  0.65522692  0.39278961 -0.10750186]
2025-12-13 21:33:09,767 - INFO - num_full_subsets = 2
2025-12-13 21:33:09,800 - INFO - phi = [-0.18697759 -0.25797979 -0.36118857 -0.45809767]
2025-12-13 21:33:09,816 - INFO - num_full_subsets = 2
2025-12-13 21:33:09,849 - INFO - phi = [ 0.65963656  0.26540737 -0.167726   -0.95694171]
2025-12-13 21:33:09,866 - INFO - num_full_subsets = 2
2025-12-13 21:33:09,899 - INFO - phi = [ 0.25081642  0.90836057 -0.59310178  0.4150462 ]
2025-12-13 21:33:09,915 - INFO - num_full_subsets = 2
2025-12-13 21:33:09,948 - INFO - phi = [-0.3245883  -0.57439564  0.29849925  0.6956046 ]
2025-12-13 21:33:09,964 - INFO - num_full_subsets = 2
2025-12-13 21:33:09,998 - INFO - phi = [ 0.16049073  0.13951759 -0.28943255  0.08364746]
2025-12-13 21:33:10,014 - INFO - num_full_subsets = 2
2025-12-13 21:33:10,047 - INFO - phi = [-0.30739745  0.13194349 -0.14663493 -0.95003716]
2025-12-13 21:33:10,064 - INFO - num_full_subsets = 2
2025-12-13 21:33:10,097 - INFO - phi = [-0.07169828  0.7343333  -0.38367246  0.53036225]
2025-12-13 21:33:10,113 - INFO - num_full_subsets = 2
2025-12-13 21:33:10,146 - INFO - phi = [-0.33482939 -1.25399733  0.71591806 -0.85121976]
2025-12-13 21:33:10,163 - INFO - num_full_subsets = 2
2025-12-13 21:33:10,196 - INFO - phi = [ 0.66625192 -0.1916891  -0.61350809  0.43844085]
2025-12-13 21:33:10,212 - INFO - num_full_subsets = 2
2025-12-13 21:33:10,245 - INFO - phi = [0.03690677 0.4713714  0.01189573 0.73204269]
2025-12-13 21:33:10,261 - INFO - num_full_subsets = 2
2025-12-13 21:33:10,294 - INFO - phi = [-0.24906925 -0.86928566  1.48343273 -0.92337218]
2025-12-13 21:33:10,310 - INFO - num_full_subsets = 2
2025-12-13 21:33:10,344 - INFO - phi = [-0.14996406  1.04957533 -0.07353765  0.60975577]
2025-12-13 21:33:10,360 - INFO - num_full_subsets = 2
2025-12-13 21:33:10,393 - INFO - phi = [-0.18697759 -0.25797979 -0.36118857 -0.45809767]
2025-12-13 21:33:10,408 - INFO - num_full_subsets = 2
2025-12-13 21:33:10,441 - INFO - phi = [-0.37998223 -1.06548623 -0.40600507  0.01198866]
2025-12-13 21:33:10,458 - INFO - num_full_subsets = 2
2025-12-13 21:33:10,491 - INFO - phi = [ 0.10849986 -0.13895481  1.15564005  0.58619886]
2025-12-13 21:33:10,507 - INFO - num_full_subsets = 2
2025-12-13 21:33:10,539 - INFO - phi = [-0.33525612 -0.15867436 -0.12222609  0.53882427]
2025-12-13 21:33:10,555 - INFO - num_full_subsets = 2
2025-12-13 21:33:10,588 - INFO - phi = [-0.27639959 -0.36213302 -0.30336443  0.21653123]
2025-12-13 21:33:10,604 - INFO - num_full_subsets = 2
2025-12-13 21:33:10,637 - INFO - phi = [-0.18133502  0.61910249 -0.23271153  0.52304106]
2025-12-13 21:33:10,653 - INFO - num_full_subsets = 2
2025-12-13 21:33:10,686 - INFO - phi = [-0.13480209  0.58329022 -0.46910564 -0.10302294]
2025-12-13 21:33:10,702 - INFO - num_full_subsets = 2
2025-12-13 21:33:10,735 - INFO - phi = [0.32783099 1.00817379 0.45025543 0.24795127]
2025-12-13 21:33:10,751 - INFO - num_full_subsets = 2
2025-12-13 21:33:10,784 - INFO - phi = [-0.24836624  0.57943173  0.93971605  0.54711254]
2025-12-13 21:33:10,800 - INFO - num_full_subsets = 2
2025-12-13 21:33:10,833 - INFO - phi = [0.14792382 0.74907592 0.39609113 0.53948655]
2025-12-13 21:33:10,849 - INFO - num_full_subsets = 2
2025-12-13 21:33:10,882 - INFO - phi = [ 0.79067404  0.3760341  -0.15370267 -1.55734014]
2025-12-13 21:33:10,898 - INFO - num_full_subsets = 2
2025-12-13 21:33:10,932 - INFO - phi = [-0.2468541   0.77211847 -0.23145013 -0.71256695]
2025-12-13 21:33:10,947 - INFO - num_full_subsets = 2
2025-12-13 21:33:10,981 - INFO - phi = [-0.05103004  0.94235106 -0.27712513  0.47614005]
2025-12-13 21:33:10,996 - INFO - num_full_subsets = 2
2025-12-13 21:33:11,030 - INFO - phi = [-0.19221622  0.72534949 -0.07945627  0.88788659]
2025-12-13 21:33:11,046 - INFO - num_full_subsets = 2
2025-12-13 21:33:11,080 - INFO - phi = [-0.3942194  -1.27005417 -0.2783752   0.14414994]
2025-12-13 21:33:11,096 - INFO - num_full_subsets = 2
2025-12-13 21:33:11,129 - INFO - phi = [ 0.31498003  0.46773034 -0.44778339  0.35666832]
2025-12-13 21:33:11,145 - INFO - num_full_subsets = 2
2025-12-13 21:33:11,178 - INFO - phi = [-0.19911434  0.2560323  -0.22172993  0.5266353 ]
2025-12-13 21:33:11,194 - INFO - num_full_subsets = 2
2025-12-13 21:33:11,228 - INFO - phi = [ 0.73401105  0.77098622 -0.15170301  0.12009293]
2025-12-13 21:33:11,244 - INFO - num_full_subsets = 2
2025-12-13 21:33:11,277 - INFO - phi = [-0.42556444 -1.55461334 -0.21859028  0.11160053]
2025-12-13 21:33:11,293 - INFO - num_full_subsets = 2
2025-12-13 21:33:11,326 - INFO - phi = [-0.03992416  0.51773554  0.91758713 -0.40741731]
2025-12-13 21:33:11,342 - INFO - num_full_subsets = 2
2025-12-13 21:33:11,375 - INFO - phi = [-0.13538416  0.82565764  0.14125596  0.31543024]
2025-12-13 21:33:11,391 - INFO - num_full_subsets = 2
2025-12-13 21:33:11,424 - INFO - phi = [ 0.78455616  0.35775834 -0.07382306  0.29821549]
2025-12-13 21:33:11,440 - INFO - num_full_subsets = 2
2025-12-13 21:33:11,474 - INFO - phi = [-0.21926453  0.40450518 -0.08612213  0.84109502]
2025-12-13 21:33:11,490 - INFO - num_full_subsets = 2
2025-12-13 21:33:11,524 - INFO - phi = [-0.46904174 -0.45783616 -1.25994228  0.18732382]
2025-12-13 21:33:11,540 - INFO - num_full_subsets = 2
2025-12-13 21:33:11,574 - INFO - phi = [-0.35778474 -1.22912102 -0.14135304 -0.13079136]
2025-12-13 21:33:11,591 - INFO - num_full_subsets = 2
2025-12-13 21:33:11,625 - INFO - phi = [ 1.04001414  0.08260606 -0.12638617 -1.44156008]
2025-12-13 21:33:11,641 - INFO - num_full_subsets = 2
2025-12-13 21:33:11,674 - INFO - phi = [0.00712928 0.16405252 1.00686808 0.79818063]
2025-12-13 21:33:11,691 - INFO - num_full_subsets = 2
2025-12-13 21:33:11,724 - INFO - phi = [ 0.32179295  0.9062577  -0.13832074  0.70650298]
2025-12-13 21:33:11,740 - INFO - num_full_subsets = 2
2025-12-13 21:33:11,773 - INFO - phi = [-0.37140894 -1.38507399 -0.11923821  0.08878156]
2025-12-13 21:33:11,789 - INFO - num_full_subsets = 2
2025-12-13 21:33:11,822 - INFO - phi = [-7.24568101e-04  1.12706431e+00 -2.06114648e-01  7.03066578e-01]
2025-12-13 21:33:11,838 - INFO - num_full_subsets = 2
2025-12-13 21:33:11,871 - INFO - phi = [0.3535987  1.05013881 0.92459234 0.46277094]
2025-12-13 21:33:11,887 - INFO - num_full_subsets = 2
2025-12-13 21:33:11,920 - INFO - phi = [-0.34265876 -1.38143643  0.31367711 -0.25796073]
2025-12-13 21:33:11,936 - INFO - num_full_subsets = 2
2025-12-13 21:33:11,969 - INFO - phi = [-0.24631589 -0.81021549 -0.08463454 -0.51612949]
2025-12-13 21:33:11,986 - INFO - num_full_subsets = 2
2025-12-13 21:33:12,019 - INFO - phi = [0.02187979 1.225821   0.64672595 0.29119823]
2025-12-13 21:33:12,035 - INFO - num_full_subsets = 2
2025-12-13 21:33:12,068 - INFO - phi = [-0.38759344 -1.12487777 -0.08796136 -0.16829204]
2025-12-13 21:33:12,085 - INFO - num_full_subsets = 2
2025-12-13 21:33:12,118 - INFO - phi = [-0.31101883 -1.09462308  1.23749245 -1.00803628]
2025-12-13 21:33:12,134 - INFO - num_full_subsets = 2
2025-12-13 21:33:12,167 - INFO - phi = [-0.14538993  0.40656243 -0.26957285  0.43315054]
2025-12-13 21:33:12,184 - INFO - num_full_subsets = 2
2025-12-13 21:33:12,217 - INFO - phi = [-0.10945752  1.00106898 -0.20499609  0.72552404]
2025-12-13 21:33:12,233 - INFO - num_full_subsets = 2
2025-12-13 21:33:12,266 - INFO - phi = [ 0.61536447 -0.15911893  1.03505299  0.55313566]
2025-12-13 21:33:12,282 - INFO - num_full_subsets = 2
2025-12-13 21:33:12,315 - INFO - phi = [ 0.49741556 -0.23273205 -0.20715065  0.5146315 ]
2025-12-13 21:33:12,331 - INFO - num_full_subsets = 2
2025-12-13 21:33:12,363 - INFO - phi = [-0.00625187  0.74909008 -0.41148689  0.47321132]
2025-12-13 21:33:12,380 - INFO - num_full_subsets = 2
2025-12-13 21:33:12,413 - INFO - phi = [-0.33570534 -0.67955122 -0.25189276 -0.07924985]
2025-12-13 21:33:12,429 - INFO - num_full_subsets = 2
2025-12-13 21:33:12,462 - INFO - phi = [-0.0276729  -0.01540191  0.74430341 -0.32724417]
2025-12-13 21:33:12,478 - INFO - num_full_subsets = 2
2025-12-13 21:33:12,511 - INFO - phi = [-0.23276554  0.84101863 -0.28862754 -0.12130214]
2025-12-13 21:33:12,527 - INFO - num_full_subsets = 2
2025-12-13 21:33:12,560 - INFO - phi = [ 0.03792032  1.10482267 -0.24211056  0.71206763]
2025-12-13 21:33:12,576 - INFO - num_full_subsets = 2
2025-12-13 21:33:12,609 - INFO - phi = [-0.15522814  0.51637346  0.29937436  0.07185904]
2025-12-13 21:33:12,625 - INFO - num_full_subsets = 2
2025-12-13 21:33:12,658 - INFO - phi = [-0.07614339  1.326306   -0.00167239 -0.47887172]
2025-12-13 21:33:12,674 - INFO - num_full_subsets = 2
2025-12-13 21:33:12,708 - INFO - phi = [-0.35778474 -1.22912102 -0.14135304 -0.13079136]
2025-12-13 21:33:12,724 - INFO - num_full_subsets = 2
2025-12-13 21:33:12,757 - INFO - phi = [-0.37077847 -1.18540386 -0.10235849 -0.21953406]
2025-12-13 21:33:12,773 - INFO - num_full_subsets = 2
2025-12-13 21:33:12,806 - INFO - phi = [-0.36763889 -1.09626719 -0.30033955 -0.11434358]
2025-12-13 21:33:12,823 - INFO - num_full_subsets = 2
2025-12-13 21:33:12,856 - INFO - phi = [-0.38555671  0.6102572   0.31556355  0.33611416]
2025-12-13 21:33:12,871 - INFO - num_full_subsets = 2
2025-12-13 21:33:12,905 - INFO - phi = [-0.34697333 -0.83604903  0.00769083 -0.72274095]
2025-12-13 21:33:12,921 - INFO - num_full_subsets = 2
2025-12-13 21:33:12,954 - INFO - phi = [ 0.11532238  0.70268991  0.02975496 -0.84579763]
2025-12-13 21:33:12,970 - INFO - num_full_subsets = 2
2025-12-13 21:33:13,002 - INFO - phi = [-0.27888742  0.65519719 -0.46911947  0.51741729]
2025-12-13 21:33:13,018 - INFO - num_full_subsets = 2
2025-12-13 21:33:13,051 - INFO - phi = [ 0.89161717  0.39323039  0.16105768 -1.17021314]
2025-12-13 21:33:13,067 - INFO - num_full_subsets = 2
2025-12-13 21:33:13,100 - INFO - phi = [-0.35916135 -0.81004476 -0.14255994 -0.58758279]
2025-12-13 21:33:13,117 - INFO - num_full_subsets = 2
2025-12-13 21:33:13,150 - INFO - phi = [-0.43668219  0.47853928  0.98829612  0.41919244]
2025-12-13 21:33:13,167 - INFO - num_full_subsets = 2
2025-12-13 21:33:13,200 - INFO - phi = [-0.28218318 -0.71500978 -0.03073716 -0.75614459]
2025-12-13 21:33:13,216 - INFO - num_full_subsets = 2
2025-12-13 21:33:13,249 - INFO - phi = [-0.44750583 -0.30617147 -1.29003234  0.1775075 ]
2025-12-13 21:33:13,265 - INFO - num_full_subsets = 2
2025-12-13 21:33:13,298 - INFO - phi = [ 1.51630958  0.33766565 -0.09639858 -1.07562205]
2025-12-13 21:33:13,314 - INFO - num_full_subsets = 2
2025-12-13 21:33:13,347 - INFO - phi = [-0.3006756   0.76760606  1.09734269  0.4245223 ]
2025-12-13 21:33:13,362 - INFO - num_full_subsets = 2
2025-12-13 21:33:13,396 - INFO - phi = [-0.40139283 -1.49301384 -0.23323019  0.27561063]
2025-12-13 21:33:13,412 - INFO - num_full_subsets = 2
2025-12-13 21:33:13,445 - INFO - phi = [-0.34426929 -0.66921542 -0.3061803  -0.33017816]
2025-12-13 21:33:13,461 - INFO - num_full_subsets = 2
2025-12-13 21:33:13,494 - INFO - phi = [ 0.81332287 -0.44800177 -0.05736489 -0.79284453]
2025-12-13 21:33:13,510 - INFO - num_full_subsets = 2
2025-12-13 21:33:13,542 - INFO - phi = [-0.25464852  0.86529364 -0.28750957 -0.16991512]
2025-12-13 21:33:13,558 - INFO - num_full_subsets = 2
2025-12-13 21:33:13,591 - INFO - phi = [ 1.05136839  0.293416   -0.04805324 -1.95206629]
2025-12-13 21:33:13,607 - INFO - num_full_subsets = 2
2025-12-13 21:33:13,640 - INFO - phi = [ 0.88173252 -0.13598037  0.83873796 -0.86196783]
2025-12-13 21:33:13,656 - INFO - num_full_subsets = 2
2025-12-13 21:33:13,689 - INFO - phi = [-0.12956402  0.69304011  0.07985954  0.22757861]
2025-12-13 21:33:13,705 - INFO - num_full_subsets = 2
2025-12-13 21:33:13,738 - INFO - phi = [-0.23907169 -0.86447692  0.95171607 -0.898756  ]
2025-12-13 21:33:13,754 - INFO - num_full_subsets = 2
2025-12-13 21:33:13,786 - INFO - phi = [-0.28671981 -1.13365833  0.93733806 -0.81885613]
2025-12-13 21:33:13,802 - INFO - num_full_subsets = 2
2025-12-13 21:33:13,835 - INFO - phi = [-0.37851491 -1.33840773 -0.11401867 -0.01999521]
2025-12-13 21:33:13,851 - INFO - num_full_subsets = 2
2025-12-13 21:33:13,884 - INFO - phi = [-0.2163139  -0.78897488 -0.30852381 -0.46578503]
2025-12-13 21:33:13,900 - INFO - num_full_subsets = 2
2025-12-13 21:33:13,933 - INFO - phi = [-0.33104944 -0.75753942  0.05764223 -0.38312117]
2025-12-13 21:33:13,949 - INFO - num_full_subsets = 2
2025-12-13 21:33:13,983 - INFO - phi = [-0.38544951 -1.19215163 -0.38334006  0.03908512]
2025-12-13 21:33:13,999 - INFO - num_full_subsets = 2
2025-12-13 21:33:14,032 - INFO - phi = [ 0.97391856 -0.16985839  0.48692142 -0.4780309 ]
2025-12-13 21:33:14,048 - INFO - num_full_subsets = 2
2025-12-13 21:33:14,082 - INFO - phi = [-0.30273292 -1.1061381   0.69575885 -0.68223576]
2025-12-13 21:33:14,098 - INFO - num_full_subsets = 2
2025-12-13 21:33:14,132 - INFO - phi = [ 0.60231338  0.37483508 -0.03370656 -0.48654553]
2025-12-13 21:33:14,148 - INFO - num_full_subsets = 2
2025-12-13 21:33:14,181 - INFO - phi = [ 1.22233062  0.3006099  -0.06768902 -0.87765122]
2025-12-13 21:33:14,197 - INFO - num_full_subsets = 2
2025-12-13 21:33:14,229 - INFO - phi = [0.17147998 0.67318468 0.83694647 0.6796901 ]
2025-12-13 21:33:14,245 - INFO - num_full_subsets = 2
2025-12-13 21:33:14,278 - INFO - phi = [-0.35220616 -0.52051778 -0.10213561  0.59323452]
2025-12-13 21:33:14,294 - INFO - num_full_subsets = 2
2025-12-13 21:33:14,327 - INFO - phi = [ 0.19779044  0.94562136 -0.12440077  0.73613152]
2025-12-13 21:33:14,343 - INFO - num_full_subsets = 2
2025-12-13 21:33:14,376 - INFO - phi = [-0.35693661 -1.00329676 -0.07865396 -0.34480769]
2025-12-13 21:33:14,392 - INFO - num_full_subsets = 2
2025-12-13 21:33:14,425 - INFO - phi = [-0.13759379  0.07171524  0.48375902  0.7051312 ]
2025-12-13 21:33:14,441 - INFO - num_full_subsets = 2
2025-12-13 21:33:14,475 - INFO - phi = [ 0.51565698  0.68910099 -0.25473689  0.61589423]
2025-12-13 21:33:14,491 - INFO - num_full_subsets = 2
2025-12-13 21:33:14,525 - INFO - phi = [-0.29005826  0.00071467 -0.18181638  0.17991779]
2025-12-13 21:33:14,541 - INFO - num_full_subsets = 2
2025-12-13 21:33:14,574 - INFO - phi = [ 0.01449639  0.6182504  -0.10461344  0.57420879]
2025-12-13 21:33:14,590 - INFO - num_full_subsets = 2
2025-12-13 21:33:14,624 - INFO - phi = [-0.40102468 -1.27228188 -0.12598244  0.07306568]
2025-12-13 21:33:14,639 - INFO - num_full_subsets = 2
2025-12-13 21:33:14,672 - INFO - phi = [ 0.77155802  0.22725706  0.05902381 -1.24976174]
2025-12-13 21:33:14,688 - INFO - num_full_subsets = 2
2025-12-13 21:33:14,721 - INFO - phi = [-0.06340613  1.08850781  0.27410658  0.8091779 ]
2025-12-13 21:33:14,737 - INFO - num_full_subsets = 2
2025-12-13 21:33:14,770 - INFO - phi = [0.10956168 1.08344706 0.86843915 0.49007744]
2025-12-13 21:33:14,786 - INFO - num_full_subsets = 2
2025-12-13 21:33:14,819 - INFO - phi = [ 0.09331076  0.12334282 -0.17781469  0.31182923]
2025-12-13 21:33:14,835 - INFO - num_full_subsets = 2
2025-12-13 21:33:14,868 - INFO - phi = [ 0.33459813  1.01651477 -0.39392985  0.57603978]
2025-12-13 21:33:14,884 - INFO - num_full_subsets = 2
2025-12-13 21:33:14,917 - INFO - phi = [-0.14448058  0.89195275 -0.80519072  0.2739058 ]
2025-12-13 21:33:14,933 - INFO - num_full_subsets = 2
2025-12-13 21:33:14,966 - INFO - phi = [ 0.7649038   0.42787955 -0.16328948 -0.40958689]
2025-12-13 21:33:14,982 - INFO - num_full_subsets = 2
2025-12-13 21:33:15,015 - INFO - phi = [ 0.99158097  0.05448544  0.59648937 -1.00366358]
2025-12-13 21:33:15,032 - INFO - num_full_subsets = 2
2025-12-13 21:33:15,064 - INFO - phi = [0.09408674 1.00929578 0.90121092 0.40007982]
2025-12-13 21:33:15,080 - INFO - num_full_subsets = 2
2025-12-13 21:33:15,114 - INFO - phi = [-0.32497517 -1.24427849  0.20425235 -0.26223984]
2025-12-13 21:33:15,130 - INFO - num_full_subsets = 2
2025-12-13 21:33:15,164 - INFO - phi = [ 0.01824701  0.85162978 -0.14836464  0.70110337]
2025-12-13 21:33:15,180 - INFO - num_full_subsets = 2
2025-12-13 21:33:15,213 - INFO - phi = [-0.35019745  0.09780409 -0.26853705 -0.46715806]
2025-12-13 21:33:15,230 - INFO - num_full_subsets = 2
2025-12-13 21:33:15,262 - INFO - phi = [0.4801829  0.85688468 0.07493384 0.68369022]
2025-12-13 21:33:15,278 - INFO - num_full_subsets = 2
2025-12-13 21:33:15,311 - INFO - phi = [-0.05461401  0.72771345  0.08773401  0.29137239]
2025-12-13 21:33:15,327 - INFO - num_full_subsets = 2
2025-12-13 21:33:15,360 - INFO - phi = [ 0.06108207  0.54128583 -0.11455596  0.43866509]
2025-12-13 21:33:15,376 - INFO - num_full_subsets = 2
2025-12-13 21:33:15,408 - INFO - phi = [-0.18665483  0.87359056 -0.24711553  0.05573986]
2025-12-13 21:33:15,424 - INFO - num_full_subsets = 2
2025-12-13 21:33:15,457 - INFO - phi = [ 0.5819641   0.58966228 -0.17937312  0.6525778 ]
2025-12-13 21:33:15,473 - INFO - num_full_subsets = 2
2025-12-13 21:33:15,506 - INFO - phi = [-0.03664037  0.83554068  0.60942163  0.82076079]
2025-12-13 21:33:15,522 - INFO - num_full_subsets = 2
2025-12-13 21:33:15,555 - INFO - phi = [-0.35160529 -0.87602459 -0.26175829  0.36122224]
2025-12-13 21:33:15,571 - INFO - num_full_subsets = 2
2025-12-13 21:33:15,604 - INFO - phi = [-0.00937902  0.61857001 -0.06169524  0.65155448]
2025-12-13 21:33:15,620 - INFO - num_full_subsets = 2
2025-12-13 21:33:15,653 - INFO - phi = [ 1.10302927  0.32623061 -0.02175555 -1.8585732 ]
2025-12-13 21:33:15,669 - INFO - num_full_subsets = 2
2025-12-13 21:33:15,702 - INFO - phi = [0.9442676  0.56853678 0.08809746 0.22011395]
2025-12-13 21:33:15,718 - INFO - num_full_subsets = 2
2025-12-13 21:33:15,751 - INFO - phi = [-0.3775763  -0.65156513 -0.13794596 -0.46185151]
2025-12-13 21:33:15,767 - INFO - num_full_subsets = 2
2025-12-13 21:33:15,800 - INFO - phi = [-0.36333446 -1.015954   -0.07836378 -0.36469036]
2025-12-13 21:33:15,816 - INFO - num_full_subsets = 2
2025-12-13 21:33:15,849 - INFO - phi = [-0.35469269 -0.92230768 -0.2613062  -0.21266265]
2025-12-13 21:33:15,865 - INFO - num_full_subsets = 2
2025-12-13 21:33:15,898 - INFO - phi = [-0.24504444 -1.0196531  -0.06792121 -0.39030543]
2025-12-13 21:33:15,914 - INFO - num_full_subsets = 2
2025-12-13 21:33:15,947 - INFO - phi = [-0.3923321  -1.32334826 -0.12327994 -0.01557546]
2025-12-13 21:33:15,963 - INFO - num_full_subsets = 2
2025-12-13 21:33:15,996 - INFO - phi = [-0.04705437  1.0590281   0.46209629  0.80772   ]
2025-12-13 21:33:16,011 - INFO - num_full_subsets = 2
2025-12-13 21:33:16,045 - INFO - phi = [ 0.19106835  0.35652838 -0.67311627  0.61944932]
2025-12-13 21:33:16,061 - INFO - num_full_subsets = 2
2025-12-13 21:33:16,094 - INFO - phi = [ 0.49542081  0.12772255 -0.31101472  0.58837477]
2025-12-13 21:33:16,110 - INFO - num_full_subsets = 2
2025-12-13 21:33:16,143 - INFO - phi = [-0.23345482 -0.66229552  0.46699287  0.64141711]
2025-12-13 21:33:16,159 - INFO - num_full_subsets = 2
2025-12-13 21:33:16,192 - INFO - phi = [-0.37116651 -1.07467439 -0.08720221 -0.29905751]
2025-12-13 21:33:16,208 - INFO - num_full_subsets = 2
2025-12-13 21:33:16,241 - INFO - phi = [ 0.70191695  0.29287126  0.4422769  -1.30844539]
2025-12-13 21:33:16,257 - INFO - num_full_subsets = 2
2025-12-13 21:33:16,290 - INFO - phi = [-0.31785926 -0.6083609  -0.10929549 -0.75968728]
2025-12-13 21:33:16,306 - INFO - num_full_subsets = 2
2025-12-13 21:33:16,339 - INFO - phi = [-0.30687254 -0.73695214 -0.30814049 -0.4923255 ]
2025-12-13 21:33:16,355 - INFO - num_full_subsets = 2
2025-12-13 21:33:16,388 - INFO - phi = [ 0.36268985  0.28552019 -0.84546982  0.30403538]
2025-12-13 21:33:16,404 - INFO - num_full_subsets = 2
2025-12-13 21:33:16,437 - INFO - phi = [ 1.17637798  0.19925394 -0.13459124 -0.45453246]
2025-12-13 21:33:16,453 - INFO - num_full_subsets = 2
2025-12-13 21:33:16,486 - INFO - phi = [-0.17632755  0.59378144 -0.0717329  -0.05535269]
2025-12-13 21:33:16,502 - INFO - num_full_subsets = 2
2025-12-13 21:33:16,535 - INFO - phi = [0.09752599 2.03031066 0.18591495 0.33983547]
2025-12-13 21:33:16,551 - INFO - num_full_subsets = 2
2025-12-13 21:33:16,584 - INFO - phi = [-0.36788675 -0.94306325 -0.13276364  0.33527493]
2025-12-13 21:33:16,600 - INFO - num_full_subsets = 2
2025-12-13 21:33:16,632 - INFO - phi = [-0.35916135 -0.81004476 -0.14255994 -0.58758279]
2025-12-13 21:33:16,648 - INFO - num_full_subsets = 2
2025-12-13 21:33:16,682 - INFO - phi = [-0.26413679  0.55501192  0.15244199  0.30133152]
2025-12-13 21:33:16,698 - INFO - num_full_subsets = 2
2025-12-13 21:33:16,731 - INFO - phi = [-0.26434285 -0.36016328  0.3437983   0.16526043]
2025-12-13 21:33:16,747 - INFO - num_full_subsets = 2
2025-12-13 21:33:16,780 - INFO - phi = [-3.25645406e-01 -3.88430792e-01 -3.34697828e-01 -1.18693486e-04]
2025-12-13 21:33:16,797 - INFO - num_full_subsets = 2
2025-12-13 21:33:16,829 - INFO - phi = [-0.2455147  -0.32574303  0.10173527 -0.88795313]
2025-12-13 21:33:16,845 - INFO - num_full_subsets = 2
2025-12-13 21:33:16,879 - INFO - phi = [-0.43773162 -1.47440774 -0.33185625  0.18263034]
2025-12-13 21:33:16,894 - INFO - num_full_subsets = 2
2025-12-13 21:33:16,928 - INFO - phi = [0.41430117 0.46820101 0.01058986 0.41089691]
2025-12-13 21:33:16,944 - INFO - num_full_subsets = 2
2025-12-13 21:33:16,977 - INFO - phi = [-0.30390303 -0.80758865  0.10248395 -0.74937532]
2025-12-13 21:33:16,993 - INFO - num_full_subsets = 2
2025-12-13 21:33:17,026 - INFO - phi = [ 0.01285092  0.6534114  -0.34311224  0.57318626]
2025-12-13 21:33:17,042 - INFO - num_full_subsets = 2
2025-12-13 21:33:17,075 - INFO - phi = [-0.09700928  0.29897459 -0.98473236  0.14210385]
2025-12-13 21:33:17,091 - INFO - num_full_subsets = 2
2025-12-13 21:33:17,124 - INFO - phi = [-0.42718569 -1.34079864 -0.4222951   0.2071202 ]
2025-12-13 21:33:17,140 - INFO - num_full_subsets = 2
2025-12-13 21:33:17,173 - INFO - phi = [-0.40139283 -1.49301384 -0.23323019  0.27561063]
2025-12-13 21:33:17,189 - INFO - num_full_subsets = 2
2025-12-13 21:33:17,222 - INFO - phi = [-0.32970089  0.55765103 -0.12400956  0.2515504 ]
2025-12-13 21:33:17,238 - INFO - num_full_subsets = 2
2025-12-13 21:33:17,271 - INFO - phi = [-0.12601255  1.11306538 -0.25981094  0.64570314]
2025-12-13 21:33:17,287 - INFO - num_full_subsets = 2
2025-12-13 21:33:17,320 - INFO - phi = [-0.13860298  0.75561177 -1.1664451   0.44787923]
2025-12-13 21:33:17,336 - INFO - num_full_subsets = 2
2025-12-13 21:33:17,369 - INFO - phi = [0.77429135 0.22114354 0.53671211 0.6697761 ]
2025-12-13 21:33:17,888 - INFO - Computing feature importance...
2025-12-13 21:33:18,719 - INFO - Experiment completed for SVM
2025-12-13 21:33:18,719 - INFO - Total time: 24.64s (0.41 min)
2025-12-13 21:33:18,719 - INFO - Starting comprehensive experiment for SVM
2025-12-13 21:33:27,062 - INFO - Performing feature analysis...
2025-12-13 21:33:28,212 - INFO - Model justification: Effective for high-dimensional spaces and non-linear relationships using kernel trick
2025-12-13 21:33:28,212 - INFO - Performing robust cross-validation...
2025-12-13 21:33:28,395 - INFO - CV Results - MSE: 1.6280 ± 0.3095
2025-12-13 21:33:28,395 - INFO - Starting hyperparameter optimization...
2025-12-13 21:33:32,100 - INFO - Best parameters for SVM: {'C': 6.377498741418523, 'epsilon': 0.030132263538030505, 'kernel': 'rbf'}
2025-12-13 21:33:32,100 - INFO - ⏱️ HPO took 3.71 seconds
2025-12-13 21:33:32,100 - INFO - Training final model...
2025-12-13 21:33:32,118 - INFO - ⏱️ Training took 0.02 seconds
2025-12-13 21:33:32,118 - INFO - Performing residual analysis...
2025-12-13 21:33:33,152 - INFO - Generating XAI explanations...
2025-12-13 21:33:33,154 - WARNING - Using 168 background data samples could cause slower run times. Consider using shap.sample(data, K) or shap.kmeans(data, K) to summarize the background as K samples.
2025-12-13 21:33:33,171 - INFO - num_full_subsets = 2
2025-12-13 21:33:33,206 - INFO - phi = [-0.26275954 -0.42667511 -0.31846098 -0.04784589]
2025-12-13 21:33:33,223 - INFO - num_full_subsets = 2
2025-12-13 21:33:33,258 - INFO - phi = [-0.06372115  0.59253743 -0.30510552  0.67265418]
2025-12-13 21:33:33,274 - INFO - num_full_subsets = 2
2025-12-13 21:33:33,309 - INFO - phi = [0.25047607 0.46162121 0.10778919 0.89013039]
2025-12-13 21:33:33,325 - INFO - num_full_subsets = 2
2025-12-13 21:33:33,361 - INFO - phi = [-0.33290608 -0.56061905 -0.14636065 -0.54495185]
2025-12-13 21:33:33,377 - INFO - num_full_subsets = 2
2025-12-13 21:33:33,413 - INFO - phi = [-0.31071523 -0.88239616 -0.10057124 -0.49409682]
2025-12-13 21:33:33,428 - INFO - num_full_subsets = 2
2025-12-13 21:33:33,464 - INFO - phi = [ 1.05316999  0.34441395 -0.10252837 -0.56837854]
2025-12-13 21:33:33,480 - INFO - num_full_subsets = 2
2025-12-13 21:33:33,515 - INFO - phi = [ 0.29713551  0.50404168  0.64944459 -0.7389624 ]
2025-12-13 21:33:33,531 - INFO - num_full_subsets = 2
2025-12-13 21:33:33,567 - INFO - phi = [-0.11742805 -0.9226037   0.98740813 -1.07039759]
2025-12-13 21:33:33,583 - INFO - num_full_subsets = 2
2025-12-13 21:33:33,618 - INFO - phi = [ 0.43967904  0.63699439 -0.19719771  0.67464009]
2025-12-13 21:33:33,634 - INFO - num_full_subsets = 2
2025-12-13 21:33:33,670 - INFO - phi = [-0.09189126  0.22414223 -1.14485432  0.37804005]
2025-12-13 21:33:33,686 - INFO - num_full_subsets = 2
2025-12-13 21:33:33,721 - INFO - phi = [-0.04596412  0.6413485  -0.66780029  0.62076625]
2025-12-13 21:33:33,736 - INFO - num_full_subsets = 2
2025-12-13 21:33:33,772 - INFO - phi = [-0.14623437  0.16208002 -0.61774539  0.49976206]
2025-12-13 21:33:33,788 - INFO - num_full_subsets = 2
2025-12-13 21:33:33,824 - INFO - phi = [-0.33243837 -0.74554259 -0.18413903 -0.4074878 ]
2025-12-13 21:33:33,840 - INFO - num_full_subsets = 2
2025-12-13 21:33:33,875 - INFO - phi = [0.19028761 0.9380884  1.0591846  0.63170672]
2025-12-13 21:33:33,891 - INFO - num_full_subsets = 2
2025-12-13 21:33:33,927 - INFO - phi = [ 0.51364959  0.42983087 -0.30720504 -0.19160115]
2025-12-13 21:33:33,943 - INFO - num_full_subsets = 2
2025-12-13 21:33:33,978 - INFO - phi = [-0.05290888  0.52934052 -0.31595691  0.7565785 ]
2025-12-13 21:33:33,994 - INFO - num_full_subsets = 2
2025-12-13 21:33:34,030 - INFO - phi = [-0.28589364 -1.47661625 -0.39738635  0.32536899]
2025-12-13 21:33:34,046 - INFO - num_full_subsets = 2
2025-12-13 21:33:34,081 - INFO - phi = [-0.19470372 -0.26181384  0.3248628  -0.51746907]
2025-12-13 21:33:34,098 - INFO - num_full_subsets = 2
2025-12-13 21:33:34,133 - INFO - phi = [-0.12458717  0.44903863 -0.54218887  0.58690231]
2025-12-13 21:33:34,149 - INFO - num_full_subsets = 2
2025-12-13 21:33:34,184 - INFO - phi = [ 0.78389332  0.32890229 -0.42280416 -0.43572554]
2025-12-13 21:33:34,200 - INFO - num_full_subsets = 2
2025-12-13 21:33:34,235 - INFO - phi = [-0.29438469 -0.73178406 -0.07605187 -0.51563749]
2025-12-13 21:33:34,251 - INFO - num_full_subsets = 2
2025-12-13 21:33:34,287 - INFO - phi = [-0.26288613 -0.9957186   0.8273764  -1.22828584]
2025-12-13 21:33:34,303 - INFO - num_full_subsets = 2
2025-12-13 21:33:34,338 - INFO - phi = [-0.12353048  0.77561997  0.16871008  0.43907163]
2025-12-13 21:33:34,354 - INFO - num_full_subsets = 2
2025-12-13 21:33:34,389 - INFO - phi = [-0.09515106 -0.92687371  1.14106235  0.97363369]
2025-12-13 21:33:34,405 - INFO - num_full_subsets = 2
2025-12-13 21:33:34,440 - INFO - phi = [ 0.94742842  0.34313534 -0.08802745 -0.54863941]
2025-12-13 21:33:34,456 - INFO - num_full_subsets = 2
2025-12-13 21:33:34,491 - INFO - phi = [-0.20327679 -0.79114912 -0.23552531 -0.59106391]
2025-12-13 21:33:34,507 - INFO - num_full_subsets = 2
2025-12-13 21:33:34,542 - INFO - phi = [-0.13085622  0.1721551  -0.13691107  0.58666338]
2025-12-13 21:33:34,558 - INFO - num_full_subsets = 2
2025-12-13 21:33:34,593 - INFO - phi = [ 0.35541431  0.58795344  0.4696083  -0.55203593]
2025-12-13 21:33:34,610 - INFO - num_full_subsets = 2
2025-12-13 21:33:34,645 - INFO - phi = [-0.22982294  0.50670682 -0.1383365   0.49140707]
2025-12-13 21:33:34,660 - INFO - num_full_subsets = 2
2025-12-13 21:33:34,696 - INFO - phi = [-0.11275772  0.57928431  1.03409896 -0.27204758]
2025-12-13 21:33:34,712 - INFO - num_full_subsets = 2
2025-12-13 21:33:34,748 - INFO - phi = [-0.28182391 -0.84938388 -0.35062223 -0.40344854]
2025-12-13 21:33:34,763 - INFO - num_full_subsets = 2
2025-12-13 21:33:34,799 - INFO - phi = [ 0.45257336  0.1123252  -0.17980996 -0.50722767]
2025-12-13 21:33:34,815 - INFO - num_full_subsets = 2
2025-12-13 21:33:34,850 - INFO - phi = [-0.22254019 -0.18266454 -0.23020184  0.35661406]
2025-12-13 21:33:34,866 - INFO - num_full_subsets = 2
2025-12-13 21:33:34,902 - INFO - phi = [0.33479203 0.84129701 0.05711178 0.61812823]
2025-12-13 21:33:34,918 - INFO - num_full_subsets = 2
2025-12-13 21:33:34,953 - INFO - phi = [-0.28312936 -0.67526402  0.16145161 -0.72980211]
2025-12-13 21:33:34,969 - INFO - num_full_subsets = 2
2025-12-13 21:33:35,005 - INFO - phi = [-0.1610116  -0.38864289  0.43549852  0.19341327]
2025-12-13 21:33:35,021 - INFO - num_full_subsets = 2
2025-12-13 21:33:35,057 - INFO - phi = [-0.3312946  -1.13287301 -0.15981423 -0.26685016]
2025-12-13 21:33:35,073 - INFO - num_full_subsets = 2
2025-12-13 21:33:35,109 - INFO - phi = [0.06446147 0.10176005 1.1245258  0.98121229]
2025-12-13 21:33:35,125 - INFO - num_full_subsets = 2
2025-12-13 21:33:35,160 - INFO - phi = [-0.07296651  0.02731929  1.35382105 -0.09238399]
2025-12-13 21:33:35,176 - INFO - num_full_subsets = 2
2025-12-13 21:33:35,211 - INFO - phi = [0.28721941 1.0058591  0.59406161 0.76399345]
2025-12-13 21:33:35,228 - INFO - num_full_subsets = 2
2025-12-13 21:33:35,264 - INFO - phi = [ 0.21064262 -0.02443551 -0.47046836 -0.0678982 ]
2025-12-13 21:33:35,280 - INFO - num_full_subsets = 2
2025-12-13 21:33:35,315 - INFO - phi = [-0.26884295 -1.38412409 -0.40185879  0.39380539]
2025-12-13 21:33:35,331 - INFO - num_full_subsets = 2
2025-12-13 21:33:35,367 - INFO - phi = [ 0.25279332  0.33085659 -0.12583141 -0.31727153]
2025-12-13 21:33:35,383 - INFO - num_full_subsets = 2
2025-12-13 21:33:35,419 - INFO - phi = [-0.0785813   0.37185652 -0.31590105  0.61198485]
2025-12-13 21:33:35,435 - INFO - num_full_subsets = 2
2025-12-13 21:33:35,470 - INFO - phi = [-0.02200642  0.63387663 -0.13364688  0.20998002]
2025-12-13 21:33:35,486 - INFO - num_full_subsets = 2
2025-12-13 21:33:35,521 - INFO - phi = [0.11547379 1.17650475 0.64062406 0.53239655]
2025-12-13 21:33:35,537 - INFO - num_full_subsets = 2
2025-12-13 21:33:35,572 - INFO - phi = [-0.07785173  0.68361691 -0.1649535   0.77977167]
2025-12-13 21:33:35,588 - INFO - num_full_subsets = 2
2025-12-13 21:33:35,623 - INFO - phi = [-0.30508178 -1.06282527 -0.31290611 -0.18844639]
2025-12-13 21:33:35,640 - INFO - num_full_subsets = 2
2025-12-13 21:33:35,675 - INFO - phi = [-0.3212022  -0.56512607 -0.13119093 -0.73293711]
2025-12-13 21:33:35,691 - INFO - num_full_subsets = 2
2025-12-13 21:33:35,726 - INFO - phi = [-0.06056131  0.87063881 -0.56175175  0.71727675]
2025-12-13 21:33:35,743 - INFO - num_full_subsets = 2
2025-12-13 21:33:35,778 - INFO - phi = [-0.26004467 -0.77706512  0.46198229 -1.18759509]
2025-12-13 21:33:35,794 - INFO - num_full_subsets = 2
2025-12-13 21:33:35,829 - INFO - phi = [-0.21596128 -0.88551447 -0.24632045  0.63551746]
2025-12-13 21:33:35,845 - INFO - num_full_subsets = 2
2025-12-13 21:33:35,880 - INFO - phi = [ 0.72072057  0.06454103 -0.15554155 -0.95427331]
2025-12-13 21:33:35,896 - INFO - num_full_subsets = 2
2025-12-13 21:33:35,932 - INFO - phi = [-0.13156354  0.41976488 -0.33157002  0.76233397]
2025-12-13 21:33:35,948 - INFO - num_full_subsets = 2
2025-12-13 21:33:35,984 - INFO - phi = [-0.23077611  0.46170482 -0.15437353  0.31888009]
2025-12-13 21:33:36,000 - INFO - num_full_subsets = 2
2025-12-13 21:33:36,035 - INFO - phi = [ 0.44382506 -0.19724311 -0.39687615  0.45345049]
2025-12-13 21:33:36,052 - INFO - num_full_subsets = 2
2025-12-13 21:33:36,087 - INFO - phi = [-0.22713363 -1.15660215 -0.01496461  0.65021711]
2025-12-13 21:33:36,103 - INFO - num_full_subsets = 2
2025-12-13 21:33:36,139 - INFO - phi = [-0.31605526 -0.90511894 -0.225245   -0.41799796]
2025-12-13 21:33:36,155 - INFO - num_full_subsets = 2
2025-12-13 21:33:36,190 - INFO - phi = [0.09536097 1.79855262 0.09285281 0.38524937]
2025-12-13 21:33:36,206 - INFO - num_full_subsets = 2
2025-12-13 21:33:36,241 - INFO - phi = [ 0.57214834  0.25633892 -0.18989705 -1.08401075]
2025-12-13 21:33:36,258 - INFO - num_full_subsets = 2
2025-12-13 21:33:36,292 - INFO - phi = [0.18246108 0.94034311 1.10052537 0.66402469]
2025-12-13 21:33:36,308 - INFO - num_full_subsets = 2
2025-12-13 21:33:36,344 - INFO - phi = [0.06952118 0.74058734 1.03186487 0.52999298]
2025-12-13 21:33:36,360 - INFO - num_full_subsets = 2
2025-12-13 21:33:36,396 - INFO - phi = [-0.29438469 -0.73178406 -0.07605187 -0.51563749]
2025-12-13 21:33:36,411 - INFO - num_full_subsets = 2
2025-12-13 21:33:36,447 - INFO - phi = [0.21451474 0.92040654 1.23175483 0.64456506]
2025-12-13 21:33:36,463 - INFO - num_full_subsets = 2
2025-12-13 21:33:36,499 - INFO - phi = [-0.24017753 -0.32282322  0.17428146 -0.96529665]
2025-12-13 21:33:36,515 - INFO - num_full_subsets = 2
2025-12-13 21:33:36,549 - INFO - phi = [-0.32204482 -0.88030782 -0.12832541 -0.49646712]
2025-12-13 21:33:36,566 - INFO - num_full_subsets = 2
2025-12-13 21:33:36,601 - INFO - phi = [-0.29745009 -1.16192725 -0.23928905  0.14097588]
2025-12-13 21:33:36,617 - INFO - num_full_subsets = 2
2025-12-13 21:33:36,652 - INFO - phi = [0.30201602 0.74278514 0.24888383 0.69117929]
2025-12-13 21:33:36,668 - INFO - num_full_subsets = 2
2025-12-13 21:33:36,704 - INFO - phi = [ 0.1200337   1.02524554  1.63437859 -1.46992021]
2025-12-13 21:33:36,719 - INFO - num_full_subsets = 2
2025-12-13 21:33:36,755 - INFO - phi = [-0.01385587  1.47677026  0.82892579  0.14340656]
2025-12-13 21:33:36,771 - INFO - num_full_subsets = 2
2025-12-13 21:33:36,807 - INFO - phi = [ 0.00455868  0.57079113 -0.17603909  0.0343381 ]
2025-12-13 21:33:36,822 - INFO - num_full_subsets = 2
2025-12-13 21:33:36,857 - INFO - phi = [-0.06948754  0.77446768 -0.30591481  0.86316764]
2025-12-13 21:33:36,873 - INFO - num_full_subsets = 2
2025-12-13 21:33:36,909 - INFO - phi = [ 0.74266958  0.34486031 -0.37210247 -0.61074366]
2025-12-13 21:33:36,925 - INFO - num_full_subsets = 2
2025-12-13 21:33:36,960 - INFO - phi = [ 0.55590068  0.14507876 -0.22333476  0.63204355]
2025-12-13 21:33:36,976 - INFO - num_full_subsets = 2
2025-12-13 21:33:37,012 - INFO - phi = [ 0.39289796 -0.27350171 -0.32849168  0.60620465]
2025-12-13 21:33:37,028 - INFO - num_full_subsets = 2
2025-12-13 21:33:37,064 - INFO - phi = [-0.30329474 -1.18892768 -0.15390685 -0.16123553]
2025-12-13 21:33:37,080 - INFO - num_full_subsets = 2
2025-12-13 21:33:37,116 - INFO - phi = [-0.02654202  0.96791869 -0.03964863  0.8396097 ]
2025-12-13 21:33:37,132 - INFO - num_full_subsets = 2
2025-12-13 21:33:37,168 - INFO - phi = [-0.13305528 -0.3959304   0.09829142  0.87258341]
2025-12-13 21:33:37,184 - INFO - num_full_subsets = 2
2025-12-13 21:33:37,219 - INFO - phi = [-0.00939756  0.84569655  0.16561063  0.41970882]
2025-12-13 21:33:37,235 - INFO - num_full_subsets = 2
2025-12-13 21:33:37,271 - INFO - phi = [-0.29870168 -0.29568994 -0.15669765 -1.23433749]
2025-12-13 21:33:37,287 - INFO - num_full_subsets = 2
2025-12-13 21:33:37,324 - INFO - phi = [-0.18962215 -0.24019825  0.15312612 -0.05192067]
2025-12-13 21:33:37,340 - INFO - num_full_subsets = 2
2025-12-13 21:33:37,375 - INFO - phi = [-0.17888816 -0.82565797  1.26114541 -1.21165685]
2025-12-13 21:33:37,391 - INFO - num_full_subsets = 2
2025-12-13 21:33:37,427 - INFO - phi = [ 0.94742842  0.34313534 -0.08802745 -0.54863941]
2025-12-13 21:33:37,443 - INFO - num_full_subsets = 2
2025-12-13 21:33:37,479 - INFO - phi = [ 0.52308653  0.42663887 -0.20850809 -0.63530818]
2025-12-13 21:33:37,495 - INFO - num_full_subsets = 2
2025-12-13 21:33:37,531 - INFO - phi = [-0.11470133  0.9116488  -0.28179029  0.43034788]
2025-12-13 21:33:37,546 - INFO - num_full_subsets = 2
2025-12-13 21:33:37,582 - INFO - phi = [ 0.40607028  0.34495322 -0.17452773  0.68342962]
2025-12-13 21:33:37,599 - INFO - num_full_subsets = 2
2025-12-13 21:33:37,634 - INFO - phi = [-0.31071523 -0.88239616 -0.10057124 -0.49409682]
2025-12-13 21:33:37,650 - INFO - num_full_subsets = 2
2025-12-13 21:33:37,686 - INFO - phi = [-0.20815883  0.5254099  -0.27131148  0.10757201]
2025-12-13 21:33:37,703 - INFO - num_full_subsets = 2
2025-12-13 21:33:37,738 - INFO - phi = [-0.31585982 -0.92166247 -0.24532508 -0.31681213]
2025-12-13 21:33:37,755 - INFO - num_full_subsets = 2
2025-12-13 21:33:37,790 - INFO - phi = [-0.18349859  0.28208964 -0.84520907  0.00303282]
2025-12-13 21:33:37,806 - INFO - num_full_subsets = 2
2025-12-13 21:33:37,842 - INFO - phi = [-0.20932788 -0.90611292 -0.65345514  0.42574788]
2025-12-13 21:33:37,858 - INFO - num_full_subsets = 2
2025-12-13 21:33:37,895 - INFO - phi = [-0.13610759 -0.43066109  0.12325563  0.58286869]
2025-12-13 21:33:37,911 - INFO - num_full_subsets = 2
2025-12-13 21:33:37,947 - INFO - phi = [ 0.45690843  0.35677517  0.29145196 -1.00274986]
2025-12-13 21:33:37,963 - INFO - num_full_subsets = 2
2025-12-13 21:33:37,998 - INFO - phi = [-0.11901356  0.94531789 -0.15450726  0.42431151]
2025-12-13 21:33:38,015 - INFO - num_full_subsets = 2
2025-12-13 21:33:38,051 - INFO - phi = [ 0.48302058  0.07922783 -0.23643741  0.61336431]
2025-12-13 21:33:38,067 - INFO - num_full_subsets = 2
2025-12-13 21:33:38,102 - INFO - phi = [ 0.01675687  0.42805353  0.47362379 -1.25869429]
2025-12-13 21:33:38,119 - INFO - num_full_subsets = 2
2025-12-13 21:33:38,154 - INFO - phi = [-0.24604015 -0.99729762  1.16153163 -1.29966101]
2025-12-13 21:33:38,170 - INFO - num_full_subsets = 2
2025-12-13 21:33:38,205 - INFO - phi = [-0.13510446  0.30056993 -0.58232755  0.53272752]
2025-12-13 21:33:38,222 - INFO - num_full_subsets = 2
2025-12-13 21:33:38,257 - INFO - phi = [-0.31207821 -0.6788615  -0.11808845 -0.74544299]
2025-12-13 21:33:38,273 - INFO - num_full_subsets = 2
2025-12-13 21:33:38,308 - INFO - phi = [-0.16045921 -1.15077196  0.72912    -1.00587969]
2025-12-13 21:33:38,324 - INFO - num_full_subsets = 2
2025-12-13 21:33:38,360 - INFO - phi = [ 0.21064262 -0.02443551 -0.47046836 -0.0678982 ]
2025-12-13 21:33:38,375 - INFO - num_full_subsets = 2
2025-12-13 21:33:38,411 - INFO - phi = [ 0.05142744  0.51425559 -0.21407966 -0.21274579]
2025-12-13 21:33:38,427 - INFO - num_full_subsets = 2
2025-12-13 21:33:38,462 - INFO - phi = [ 0.77146683 -0.05767507 -0.22589498 -0.86338493]
2025-12-13 21:33:38,478 - INFO - num_full_subsets = 2
2025-12-13 21:33:38,513 - INFO - phi = [0.08256007 1.45698441 0.21270898 0.46217397]
2025-12-13 21:33:38,529 - INFO - num_full_subsets = 2
2025-12-13 21:33:38,564 - INFO - phi = [ 0.28022774  0.24189515 -0.64014779  0.53506103]
2025-12-13 21:33:38,580 - INFO - num_full_subsets = 2
2025-12-13 21:33:38,616 - INFO - phi = [-0.18422244 -0.89922737 -0.09430714 -0.75397606]
2025-12-13 21:33:38,631 - INFO - num_full_subsets = 2
2025-12-13 21:33:38,666 - INFO - phi = [-0.07470652  0.40178033  0.47853444  0.62576937]
2025-12-13 21:33:38,682 - INFO - num_full_subsets = 2
2025-12-13 21:33:38,717 - INFO - phi = [ 0.07341886  0.75199516 -0.62345401  0.50086379]
2025-12-13 21:33:38,734 - INFO - num_full_subsets = 2
2025-12-13 21:33:38,769 - INFO - phi = [-0.13537666  0.82176812 -0.09023689 -0.57554012]
2025-12-13 21:33:38,784 - INFO - num_full_subsets = 2
2025-12-13 21:33:38,820 - INFO - phi = [ 0.04560719  0.91177359 -0.21631624  0.43638352]
2025-12-13 21:33:38,836 - INFO - num_full_subsets = 2
2025-12-13 21:33:38,871 - INFO - phi = [-0.29003008 -1.03821051  0.26854468 -0.88929015]
2025-12-13 21:33:38,887 - INFO - num_full_subsets = 2
2025-12-13 21:33:38,922 - INFO - phi = [-0.30627153 -0.70570676 -0.08723532 -0.81135721]
2025-12-13 21:33:38,938 - INFO - num_full_subsets = 2
2025-12-13 21:33:38,973 - INFO - phi = [ 0.61408872 -0.04242453 -0.19638555 -1.34599387]
2025-12-13 21:33:38,989 - INFO - num_full_subsets = 2
2025-12-13 21:33:39,025 - INFO - phi = [-0.24064487  0.02011764 -0.22620263  0.15499882]
2025-12-13 21:33:39,041 - INFO - num_full_subsets = 2
2025-12-13 21:33:39,076 - INFO - phi = [-0.12457176 -0.57730898 -0.23547377  0.2992063 ]
2025-12-13 21:33:39,092 - INFO - num_full_subsets = 2
2025-12-13 21:33:39,128 - INFO - phi = [ 0.52658388  0.71190606 -0.15206927  0.15008372]
2025-12-13 21:33:39,144 - INFO - num_full_subsets = 2
2025-12-13 21:33:39,180 - INFO - phi = [-0.34609177  0.28587053  0.35538525  0.34349464]
2025-12-13 21:33:39,196 - INFO - num_full_subsets = 2
2025-12-13 21:33:39,231 - INFO - phi = [ 0.14392122  0.43385429 -0.12889375  0.08123487]
2025-12-13 21:33:39,247 - INFO - num_full_subsets = 2
2025-12-13 21:33:39,282 - INFO - phi = [ 0.90084286  0.46721857 -0.08072833 -1.16907554]
2025-12-13 21:33:39,298 - INFO - num_full_subsets = 2
2025-12-13 21:33:39,333 - INFO - phi = [-0.33546806 -1.29531794 -0.21590719 -0.04733714]
2025-12-13 21:33:39,349 - INFO - num_full_subsets = 2
2025-12-13 21:33:39,384 - INFO - phi = [-0.21057155 -0.26385525 -0.20766345  0.26590164]
2025-12-13 21:33:39,400 - INFO - num_full_subsets = 2
2025-12-13 21:33:39,435 - INFO - phi = [-0.32710918 -1.18662954 -0.18959525 -0.19633965]
2025-12-13 21:33:39,451 - INFO - num_full_subsets = 2
2025-12-13 21:33:39,487 - INFO - phi = [-0.13510446  0.30056993 -0.58232755  0.53272752]
2025-12-13 21:33:39,502 - INFO - num_full_subsets = 2
2025-12-13 21:33:39,538 - INFO - phi = [-0.2611352  -0.73593392 -0.51218031 -0.27937796]
2025-12-13 21:33:39,555 - INFO - num_full_subsets = 2
2025-12-13 21:33:39,590 - INFO - phi = [-0.2759797  -1.31401538 -0.39184667  0.28042044]
2025-12-13 21:33:39,607 - INFO - num_full_subsets = 2
2025-12-13 21:33:39,643 - INFO - phi = [-0.13214524 -1.16777942  0.83022195 -1.04919417]
2025-12-13 21:33:39,659 - INFO - num_full_subsets = 2
2025-12-13 21:33:39,694 - INFO - phi = [ 0.36210822 -0.12647328 -0.49199491  0.5017399 ]
2025-12-13 21:33:39,710 - INFO - num_full_subsets = 2
2025-12-13 21:33:39,746 - INFO - phi = [-0.3050019  -0.74630996 -0.1019174  -0.76852991]
2025-12-13 21:33:39,762 - INFO - num_full_subsets = 2
2025-12-13 21:33:39,798 - INFO - phi = [-0.20507225 -0.71560489 -0.12533703 -0.69300975]
2025-12-13 21:33:39,814 - INFO - num_full_subsets = 2
2025-12-13 21:33:39,850 - INFO - phi = [ 0.13763104  0.44865537 -0.42067685  0.64169433]
2025-12-13 21:33:39,866 - INFO - num_full_subsets = 2
2025-12-13 21:33:39,902 - INFO - phi = [0.06588143 0.88051201 0.74077695 0.92841007]
2025-12-13 21:33:39,918 - INFO - num_full_subsets = 2
2025-12-13 21:33:39,953 - INFO - phi = [-0.28212244 -1.35064954 -0.47258266  0.25012477]
2025-12-13 21:33:39,969 - INFO - num_full_subsets = 2
2025-12-13 21:33:40,005 - INFO - phi = [-0.11418348  0.44650465 -0.036695   -0.2749633 ]
2025-12-13 21:33:40,021 - INFO - num_full_subsets = 2
2025-12-13 21:33:40,057 - INFO - phi = [-0.68590104  0.47709028  0.93037065  0.50707464]
2025-12-13 21:33:40,073 - INFO - num_full_subsets = 2
2025-12-13 21:33:40,109 - INFO - phi = [-0.10659808  0.99231861 -0.26220822  0.84207508]
2025-12-13 21:33:40,125 - INFO - num_full_subsets = 2
2025-12-13 21:33:40,161 - INFO - phi = [-0.24549647 -1.03491881  0.59540303 -1.10524173]
2025-12-13 21:33:40,177 - INFO - num_full_subsets = 2
2025-12-13 21:33:40,213 - INFO - phi = [-0.29538242 -1.3921311  -0.4121614   0.27623659]
2025-12-13 21:33:40,229 - INFO - num_full_subsets = 2
2025-12-13 21:33:40,264 - INFO - phi = [-0.07539532  0.73357813 -0.1651961   0.54536466]
2025-12-13 21:33:40,281 - INFO - num_full_subsets = 2
2025-12-13 21:33:40,316 - INFO - phi = [-0.25644308 -0.05103714 -0.06415565 -0.45192064]
2025-12-13 21:33:40,332 - INFO - num_full_subsets = 2
2025-12-13 21:33:40,368 - INFO - phi = [-0.14334876  0.16956798 -0.43467154  0.58417194]
2025-12-13 21:33:40,384 - INFO - num_full_subsets = 2
2025-12-13 21:33:40,419 - INFO - phi = [-0.1101573   0.55498337 -0.21692589 -0.26351215]
2025-12-13 21:33:40,435 - INFO - num_full_subsets = 2
2025-12-13 21:33:40,471 - INFO - phi = [ 0.25578403  0.67826762 -0.10152106  0.71766822]
2025-12-13 21:33:40,487 - INFO - num_full_subsets = 2
2025-12-13 21:33:40,522 - INFO - phi = [-0.14340752 -0.95906472  0.95249581 -1.06378679]
2025-12-13 21:33:40,538 - INFO - num_full_subsets = 2
2025-12-13 21:33:40,573 - INFO - phi = [ 0.00153326  0.93638003 -0.4802727   0.79619154]
2025-12-13 21:33:40,589 - INFO - num_full_subsets = 2
2025-12-13 21:33:40,624 - INFO - phi = [ 0.37640205  0.48737393 -0.30106201  0.06223664]
2025-12-13 21:33:40,640 - INFO - num_full_subsets = 2
2025-12-13 21:33:40,675 - INFO - phi = [-0.26387401 -0.70299502 -0.45419532 -0.42655293]
2025-12-13 21:33:40,691 - INFO - num_full_subsets = 2
2025-12-13 21:33:40,727 - INFO - phi = [-0.00774031  0.16495619 -0.24496731  0.77829021]
2025-12-13 21:33:40,742 - INFO - num_full_subsets = 2
2025-12-13 21:33:40,778 - INFO - phi = [ 0.33321913  0.17136168 -0.18866019  0.55424827]
2025-12-13 21:33:40,794 - INFO - num_full_subsets = 2
2025-12-13 21:33:40,829 - INFO - phi = [-0.09704113  0.91767287 -0.2471982   0.89321973]
2025-12-13 21:33:40,844 - INFO - num_full_subsets = 2
2025-12-13 21:33:40,880 - INFO - phi = [-0.13689415 -1.10485357  0.7545767   0.63616725]
2025-12-13 21:33:40,896 - INFO - num_full_subsets = 2
2025-12-13 21:33:40,931 - INFO - phi = [-0.25362676 -1.20286926  0.30768486 -0.34432972]
2025-12-13 21:33:40,947 - INFO - num_full_subsets = 2
2025-12-13 21:33:40,982 - INFO - phi = [-0.10090427  0.99450028 -0.35203342  0.75368262]
2025-12-13 21:33:40,998 - INFO - num_full_subsets = 2
2025-12-13 21:33:41,033 - INFO - phi = [-0.16526786 -0.15200662  0.39729911 -1.33713066]
2025-12-13 21:33:41,049 - INFO - num_full_subsets = 2
2025-12-13 21:33:41,084 - INFO - phi = [-0.33123978 -1.16261341 -0.15447359 -0.23340462]
2025-12-13 21:33:41,101 - INFO - num_full_subsets = 2
2025-12-13 21:33:41,136 - INFO - phi = [ 0.24928189  0.34582697 -0.06249857  0.57107072]
2025-12-13 21:33:41,152 - INFO - num_full_subsets = 2
2025-12-13 21:33:41,187 - INFO - phi = [ 0.43323205  0.20822446 -0.18075385  0.63996779]
2025-12-13 21:33:41,203 - INFO - num_full_subsets = 2
2025-12-13 21:33:41,239 - INFO - phi = [-0.28182391 -0.84938388 -0.35062223 -0.40344854]
2025-12-13 21:33:41,254 - INFO - num_full_subsets = 2
2025-12-13 21:33:41,290 - INFO - phi = [-0.26571101 -1.11859742  0.96180162 -1.19734271]
2025-12-13 21:33:41,306 - INFO - num_full_subsets = 2
2025-12-13 21:33:41,341 - INFO - phi = [ 0.15631942  0.65425071 -0.04643612  0.65738409]
2025-12-13 21:33:41,357 - INFO - num_full_subsets = 2
2025-12-13 21:33:41,392 - INFO - phi = [ 0.35309833  0.61457792 -0.01951077  0.67308698]
2025-12-13 21:33:41,408 - INFO - num_full_subsets = 2
2025-12-13 21:33:41,443 - INFO - phi = [0.43717695 0.39432599 0.08831155 0.04639186]
2025-12-13 21:33:41,459 - INFO - num_full_subsets = 2
2025-12-13 21:33:41,494 - INFO - phi = [ 0.45782941  0.47190415 -0.16570851 -0.2227884 ]
2025-12-13 21:33:41,511 - INFO - num_full_subsets = 2
2025-12-13 21:33:41,545 - INFO - phi = [0.19820156 1.04138031 1.12300619 0.83839582]
2025-12-13 21:33:41,561 - INFO - num_full_subsets = 2
2025-12-13 21:33:41,596 - INFO - phi = [-0.24964046 -0.60357949  0.0755351  -1.05973712]
2025-12-13 21:33:41,613 - INFO - num_full_subsets = 2
2025-12-13 21:33:41,648 - INFO - phi = [-0.09646642  0.80613061 -0.34829975  0.13685047]
2025-12-13 21:33:41,663 - INFO - num_full_subsets = 2
2025-12-13 21:33:41,699 - INFO - phi = [ 0.19481446  0.74561647 -0.34230423  0.53232375]
2025-12-13 21:33:41,715 - INFO - num_full_subsets = 2
2025-12-13 21:33:41,751 - INFO - phi = [-0.29275069 -1.23895713 -0.36973169  0.26085119]
2025-12-13 21:33:41,767 - INFO - num_full_subsets = 2
2025-12-13 21:33:41,802 - INFO - phi = [-0.1101573   0.55498337 -0.21692589 -0.26351215]
2025-12-13 21:33:42,313 - INFO - Computing feature importance...
2025-12-13 21:33:43,171 - INFO - Experiment completed for SVM
2025-12-13 21:33:43,171 - INFO - Total time: 24.07s (0.40 min)
2025-12-13 21:33:43,171 - INFO - Starting comprehensive experiment for SVM
2025-12-13 21:33:51,493 - INFO - Performing feature analysis...
2025-12-13 21:33:52,652 - INFO - Model justification: Effective for high-dimensional spaces and non-linear relationships using kernel trick
2025-12-13 21:33:52,652 - INFO - Performing robust cross-validation...
2025-12-13 21:33:52,833 - INFO - CV Results - MSE: 1.8856 ± 0.4828
2025-12-13 21:33:52,833 - INFO - Starting hyperparameter optimization...
2025-12-13 21:33:58,178 - INFO - Best parameters for SVM: {'C': 40.33015653898988, 'epsilon': 0.059269259044504294, 'kernel': 'rbf'}
2025-12-13 21:33:58,178 - INFO - ⏱️ HPO took 5.34 seconds
2025-12-13 21:33:58,178 - INFO - Training final model...
2025-12-13 21:33:58,208 - INFO - ⏱️ Training took 0.03 seconds
2025-12-13 21:33:58,208 - INFO - Performing residual analysis...
2025-12-13 21:33:59,264 - INFO - Generating XAI explanations...
2025-12-13 21:33:59,266 - WARNING - Using 168 background data samples could cause slower run times. Consider using shap.sample(data, K) or shap.kmeans(data, K) to summarize the background as K samples.
2025-12-13 21:33:59,283 - INFO - num_full_subsets = 2
2025-12-13 21:33:59,315 - INFO - phi = [-0.12425954 -0.5002684   1.07993556 -2.13777682]
2025-12-13 21:33:59,331 - INFO - num_full_subsets = 2
2025-12-13 21:33:59,365 - INFO - phi = [ 0.69884406 -0.03574014 -0.15019918 -2.06530056]
2025-12-13 21:33:59,380 - INFO - num_full_subsets = 2
2025-12-13 21:33:59,413 - INFO - phi = [ 0.32556848  0.56785097 -0.11455166  0.61334171]
2025-12-13 21:33:59,430 - INFO - num_full_subsets = 2
2025-12-13 21:33:59,463 - INFO - phi = [-0.0951309  -0.25931908 -0.27178455  0.61745907]
2025-12-13 21:33:59,479 - INFO - num_full_subsets = 2
2025-12-13 21:33:59,512 - INFO - phi = [ 0.78340697  0.54820538 -0.21865397 -1.02392935]
2025-12-13 21:33:59,528 - INFO - num_full_subsets = 2
2025-12-13 21:33:59,561 - INFO - phi = [-0.16366149 -1.17472996 -0.22572523 -1.23469444]
2025-12-13 21:33:59,578 - INFO - num_full_subsets = 2
2025-12-13 21:33:59,611 - INFO - phi = [ 0.38102052  0.61909832 -0.36752885  0.67194337]
2025-12-13 21:33:59,627 - INFO - num_full_subsets = 2
2025-12-13 21:33:59,659 - INFO - phi = [-0.08105596 -1.19114738  1.5479827  -1.23690555]
2025-12-13 21:33:59,675 - INFO - num_full_subsets = 2
2025-12-13 21:33:59,709 - INFO - phi = [ 0.5310304   0.16862194 -0.8299297   0.30582904]
2025-12-13 21:33:59,725 - INFO - num_full_subsets = 2
2025-12-13 21:33:59,758 - INFO - phi = [0.86660679 0.28150326 0.06654491 0.07785909]
2025-12-13 21:33:59,774 - INFO - num_full_subsets = 2
2025-12-13 21:33:59,808 - INFO - phi = [-0.2411381   0.49090663 -1.00285481  0.08290949]
2025-12-13 21:33:59,824 - INFO - num_full_subsets = 2
2025-12-13 21:33:59,857 - INFO - phi = [-0.24981217  0.78497064  0.51936479  0.75695006]
2025-12-13 21:33:59,873 - INFO - num_full_subsets = 2
2025-12-13 21:33:59,906 - INFO - phi = [-0.37466385 -1.22457439 -0.28029804  0.1388098 ]
2025-12-13 21:33:59,922 - INFO - num_full_subsets = 2
2025-12-13 21:33:59,955 - INFO - phi = [ 0.01934911 -0.54526895  1.82227689 -1.48124465]
2025-12-13 21:33:59,971 - INFO - num_full_subsets = 2
2025-12-13 21:34:00,005 - INFO - phi = [-0.22698636 -0.79138002  1.37964677  1.2527181 ]
2025-12-13 21:34:00,021 - INFO - num_full_subsets = 2
2025-12-13 21:34:00,055 - INFO - phi = [-0.4003014  -0.65254966 -0.11165785 -0.51388407]
2025-12-13 21:34:00,071 - INFO - num_full_subsets = 2
2025-12-13 21:34:00,105 - INFO - phi = [-0.11525227  0.5840006  -0.27264655  0.68837618]
2025-12-13 21:34:00,121 - INFO - num_full_subsets = 2
2025-12-13 21:34:00,154 - INFO - phi = [ 0.27077575  0.26173698 -0.02879134  0.80192648]
2025-12-13 21:34:00,171 - INFO - num_full_subsets = 2
2025-12-13 21:34:00,204 - INFO - phi = [-0.40283447 -0.68857239 -0.18474887 -0.40687297]
2025-12-13 21:34:00,220 - INFO - num_full_subsets = 2
2025-12-13 21:34:00,253 - INFO - phi = [-0.25527236  0.45954479 -0.29920814  0.37812948]
2025-12-13 21:34:00,269 - INFO - num_full_subsets = 2
2025-12-13 21:34:00,302 - INFO - phi = [-0.30427542 -0.45598467 -0.13818299 -0.85179979]
2025-12-13 21:34:00,318 - INFO - num_full_subsets = 2
2025-12-13 21:34:00,352 - INFO - phi = [ 0.64933294 -0.28957236 -0.55240091  0.57120637]
2025-12-13 21:34:00,368 - INFO - num_full_subsets = 2
2025-12-13 21:34:00,400 - INFO - phi = [-0.39813519 -0.53121497 -0.23236633 -0.10741835]
2025-12-13 21:34:00,416 - INFO - num_full_subsets = 2
2025-12-13 21:34:00,449 - INFO - phi = [-0.37046125 -0.47943925 -0.3256503   0.76558816]
2025-12-13 21:34:00,465 - INFO - num_full_subsets = 2
2025-12-13 21:34:00,499 - INFO - phi = [-0.40872295 -1.01325986 -0.0347823   0.87388946]
2025-12-13 21:34:00,515 - INFO - num_full_subsets = 2
2025-12-13 21:34:00,548 - INFO - phi = [-0.10480172 -0.83525131  1.04882672 -1.24730761]
2025-12-13 21:34:00,564 - INFO - num_full_subsets = 2
2025-12-13 21:34:00,597 - INFO - phi = [ 0.590347    0.73257917 -0.29141429  0.63003946]
2025-12-13 21:34:00,613 - INFO - num_full_subsets = 2
2025-12-13 21:34:00,646 - INFO - phi = [-0.41167367 -1.02771123 -0.48467053  0.05722634]
2025-12-13 21:34:00,662 - INFO - num_full_subsets = 2
2025-12-13 21:34:00,695 - INFO - phi = [-0.11484647  0.41093853  0.95740153  0.84550603]
2025-12-13 21:34:00,711 - INFO - num_full_subsets = 2
2025-12-13 21:34:00,744 - INFO - phi = [-0.26851107  0.72529689 -0.77344415  0.37589087]
2025-12-13 21:34:00,761 - INFO - num_full_subsets = 2
2025-12-13 21:34:00,794 - INFO - phi = [-0.21154557 -0.38842151  0.48287542 -1.14932469]
2025-12-13 21:34:00,810 - INFO - num_full_subsets = 2
2025-12-13 21:34:00,843 - INFO - phi = [-0.30964864  0.09043835 -0.81510351  0.48453402]
2025-12-13 21:34:00,859 - INFO - num_full_subsets = 2
2025-12-13 21:34:00,892 - INFO - phi = [0.21307844 1.02594257 0.38144963 0.32116538]
2025-12-13 21:34:00,908 - INFO - num_full_subsets = 2
2025-12-13 21:34:00,941 - INFO - phi = [ 0.85865438  0.08333198 -0.36523848  0.63117088]
2025-12-13 21:34:00,957 - INFO - num_full_subsets = 2
2025-12-13 21:34:00,990 - INFO - phi = [-0.26158918  0.34994276  1.06933086  0.64670116]
2025-12-13 21:34:01,006 - INFO - num_full_subsets = 2
2025-12-13 21:34:01,040 - INFO - phi = [-0.22786504  0.85676284 -0.53249858  0.62149408]
2025-12-13 21:34:01,056 - INFO - num_full_subsets = 2
2025-12-13 21:34:01,090 - INFO - phi = [0.36446099 0.77461993 0.50439856 0.72004585]
2025-12-13 21:34:01,106 - INFO - num_full_subsets = 2
2025-12-13 21:34:01,139 - INFO - phi = [ 0.46827918  0.56789332 -0.61475078  0.08417256]
2025-12-13 21:34:01,155 - INFO - num_full_subsets = 2
2025-12-13 21:34:01,189 - INFO - phi = [-0.09730659  0.87705608 -0.33081071  0.84568594]
2025-12-13 21:34:01,205 - INFO - num_full_subsets = 2
2025-12-13 21:34:01,239 - INFO - phi = [-0.32952256 -0.47658682  0.40755723  1.06674415]
2025-12-13 21:34:01,255 - INFO - num_full_subsets = 2
2025-12-13 21:34:01,288 - INFO - phi = [-0.36736484 -0.76666614 -0.2502199   0.83531219]
2025-12-13 21:34:01,304 - INFO - num_full_subsets = 2
2025-12-13 21:34:01,337 - INFO - phi = [-0.27985584 -0.90768023  0.71460929 -0.39259651]
2025-12-13 21:34:01,353 - INFO - num_full_subsets = 2
2025-12-13 21:34:01,386 - INFO - phi = [-0.22283611  0.61949215 -0.4644074   0.89317682]
2025-12-13 21:34:01,402 - INFO - num_full_subsets = 2
2025-12-13 21:34:01,436 - INFO - phi = [-0.38319952 -1.0318264  -0.21184332 -0.06819497]
2025-12-13 21:34:01,452 - INFO - num_full_subsets = 2
2025-12-13 21:34:01,485 - INFO - phi = [-0.37687432 -1.09704883 -0.26398189  0.22953602]
2025-12-13 21:34:01,501 - INFO - num_full_subsets = 2
2025-12-13 21:34:01,534 - INFO - phi = [-0.27417171 -0.0288122  -0.25626238  1.04448182]
2025-12-13 21:34:01,550 - INFO - num_full_subsets = 2
2025-12-13 21:34:01,583 - INFO - phi = [-0.17998769  0.51382801 -0.08098011  0.8535824 ]
2025-12-13 21:34:01,599 - INFO - num_full_subsets = 2
2025-12-13 21:34:01,632 - INFO - phi = [ 0.94870836  0.62449063  0.37517249 -1.46567367]
2025-12-13 21:34:01,648 - INFO - num_full_subsets = 2
2025-12-13 21:34:01,682 - INFO - phi = [-0.18382365  0.77706614 -0.49533124 -0.09701269]
2025-12-13 21:34:01,698 - INFO - num_full_subsets = 2
2025-12-13 21:34:01,731 - INFO - phi = [-0.24236664  0.77493821 -0.13749569  0.3686537 ]
2025-12-13 21:34:01,747 - INFO - num_full_subsets = 2
2025-12-13 21:34:01,781 - INFO - phi = [-0.41560184 -1.27049683 -0.26915941  0.13772476]
2025-12-13 21:34:01,797 - INFO - num_full_subsets = 2
2025-12-13 21:34:01,830 - INFO - phi = [ 0.92290707  0.40137069  0.38138441 -1.4506114 ]
2025-12-13 21:34:01,846 - INFO - num_full_subsets = 2
2025-12-13 21:34:01,879 - INFO - phi = [-0.32565263  0.89425938 -0.40740749 -0.46818869]
2025-12-13 21:34:01,895 - INFO - num_full_subsets = 2
2025-12-13 21:34:01,928 - INFO - phi = [-0.41583812 -0.95844338 -0.37753755 -0.13254989]
2025-12-13 21:34:01,944 - INFO - num_full_subsets = 2
2025-12-13 21:34:01,977 - INFO - phi = [-0.34178022  0.07658311 -0.2102083   1.00132738]
2025-12-13 21:34:01,993 - INFO - num_full_subsets = 2
2025-12-13 21:34:02,026 - INFO - phi = [-0.05369813  0.76828828 -0.58476134  0.5573844 ]
2025-12-13 21:34:02,043 - INFO - num_full_subsets = 2
2025-12-13 21:34:02,076 - INFO - phi = [ 0.16488798  0.64078219 -0.20209276  0.61183148]
2025-12-13 21:34:02,093 - INFO - num_full_subsets = 2
2025-12-13 21:34:02,126 - INFO - phi = [-0.36021082  0.80119586 -0.25082431  0.2994569 ]
2025-12-13 21:34:02,142 - INFO - num_full_subsets = 2
2025-12-13 21:34:02,176 - INFO - phi = [-0.26208223 -1.13891801 -0.83688841  0.40082396]
2025-12-13 21:34:02,192 - INFO - num_full_subsets = 2
2025-12-13 21:34:02,225 - INFO - phi = [-0.18971066 -1.09443557  0.08283052 -1.60345981]
2025-12-13 21:34:02,242 - INFO - num_full_subsets = 2
2025-12-13 21:34:02,275 - INFO - phi = [-0.11700435  1.04477202  1.07614469  0.46386411]
2025-12-13 21:34:02,291 - INFO - num_full_subsets = 2
2025-12-13 21:34:02,324 - INFO - phi = [-0.36989215 -0.67687384 -0.09821219 -0.67244405]
2025-12-13 21:34:02,341 - INFO - num_full_subsets = 2
2025-12-13 21:34:02,374 - INFO - phi = [0.65723425 0.54055063 0.66487076 0.45216963]
2025-12-13 21:34:02,390 - INFO - num_full_subsets = 2
2025-12-13 21:34:02,423 - INFO - phi = [ 1.29985632  0.14535765  0.02654392 -0.57027904]
2025-12-13 21:34:02,438 - INFO - num_full_subsets = 2
2025-12-13 21:34:02,471 - INFO - phi = [ 0.3943289   0.90979268  0.51503276 -0.75665846]
2025-12-13 21:34:02,487 - INFO - num_full_subsets = 2
2025-12-13 21:34:02,520 - INFO - phi = [ 1.14055034 -0.03280862 -0.11544935 -1.41029957]
2025-12-13 21:34:02,536 - INFO - num_full_subsets = 2
2025-12-13 21:34:02,569 - INFO - phi = [-0.43198902  0.27087366 -0.27672761 -0.77725194]
2025-12-13 21:34:02,585 - INFO - num_full_subsets = 2
2025-12-13 21:34:02,618 - INFO - phi = [ 0.83621137  0.68544742  0.32277058 -1.66815511]
2025-12-13 21:34:02,634 - INFO - num_full_subsets = 2
2025-12-13 21:34:02,667 - INFO - phi = [ 0.63771635 -0.23982087 -0.35063415  0.59405169]
2025-12-13 21:34:02,683 - INFO - num_full_subsets = 2
2025-12-13 21:34:02,716 - INFO - phi = [ 0.394696    0.58381575  0.50333488 -1.65991875]
2025-12-13 21:34:02,732 - INFO - num_full_subsets = 2
2025-12-13 21:34:02,765 - INFO - phi = [-0.39246847 -1.19190097 -0.25020742  0.0054924 ]
2025-12-13 21:34:02,781 - INFO - num_full_subsets = 2
2025-12-13 21:34:02,814 - INFO - phi = [-0.00732977  0.36754103  2.17539679 -1.18911748]
2025-12-13 21:34:02,830 - INFO - num_full_subsets = 2
2025-12-13 21:34:02,864 - INFO - phi = [-0.377563   -0.61657261 -0.35930585 -0.1016639 ]
2025-12-13 21:34:02,880 - INFO - num_full_subsets = 2
2025-12-13 21:34:02,913 - INFO - phi = [-0.13571716 -0.81572795  1.74434612 -1.21050237]
2025-12-13 21:34:02,929 - INFO - num_full_subsets = 2
2025-12-13 21:34:02,962 - INFO - phi = [ 0.01728349 -0.06940318  0.13627417  0.87415618]
2025-12-13 21:34:02,978 - INFO - num_full_subsets = 2
2025-12-13 21:34:03,012 - INFO - phi = [-0.39034975 -0.38230699 -0.22056115 -0.49511307]
2025-12-13 21:34:03,027 - INFO - num_full_subsets = 2
2025-12-13 21:34:03,061 - INFO - phi = [-0.16197956  0.63919295  0.73481768  1.02693928]
2025-12-13 21:34:03,077 - INFO - num_full_subsets = 2
2025-12-13 21:34:03,110 - INFO - phi = [ 0.36608907 -0.30868735  0.49694247 -0.47524031]
2025-12-13 21:34:03,126 - INFO - num_full_subsets = 2
2025-12-13 21:34:03,160 - INFO - phi = [ 1.28743419  0.72189086 -0.06671563 -1.31734149]
2025-12-13 21:34:03,176 - INFO - num_full_subsets = 2
2025-12-13 21:34:03,209 - INFO - phi = [-0.37786907 -0.94034439 -0.17350265 -0.36163291]
2025-12-13 21:34:03,225 - INFO - num_full_subsets = 2
2025-12-13 21:34:03,258 - INFO - phi = [-0.23593523  0.49535842 -0.3948387   0.92688895]
2025-12-13 21:34:03,274 - INFO - num_full_subsets = 2
2025-12-13 21:34:03,307 - INFO - phi = [ 0.536289    0.73617825 -0.07775462  0.54063515]
2025-12-13 21:34:03,323 - INFO - num_full_subsets = 2
2025-12-13 21:34:03,357 - INFO - phi = [-0.28649746  0.09493838 -0.88689157  0.7279744 ]
2025-12-13 21:34:03,373 - INFO - num_full_subsets = 2
2025-12-13 21:34:03,406 - INFO - phi = [-0.24274447  0.53818885  0.08283453  0.67198876]
2025-12-13 21:34:03,422 - INFO - num_full_subsets = 2
2025-12-13 21:34:03,456 - INFO - phi = [ 0.18352126  0.72848229 -0.69329727  0.41315802]
2025-12-13 21:34:03,472 - INFO - num_full_subsets = 2
2025-12-13 21:34:03,506 - INFO - phi = [-0.34697938 -0.56568858 -0.17760661 -0.6206855 ]
2025-12-13 21:34:03,522 - INFO - num_full_subsets = 2
2025-12-13 21:34:03,555 - INFO - phi = [ 0.23105299 -0.01105914 -0.29254583  0.29597776]
2025-12-13 21:34:03,571 - INFO - num_full_subsets = 2
2025-12-13 21:34:03,605 - INFO - phi = [-0.09249182  0.07305694 -0.3854005   0.57713588]
2025-12-13 21:34:03,620 - INFO - num_full_subsets = 2
2025-12-13 21:34:03,654 - INFO - phi = [-0.13719228  0.89301869 -0.38866969  0.74331608]
2025-12-13 21:34:03,670 - INFO - num_full_subsets = 2
2025-12-13 21:34:03,704 - INFO - phi = [-0.36645151 -0.77844695 -0.19608744 -0.27601029]
2025-12-13 21:34:03,720 - INFO - num_full_subsets = 2
2025-12-13 21:34:03,753 - INFO - phi = [-0.35459683 -0.60231373 -0.41685439 -0.46299421]
2025-12-13 21:34:03,769 - INFO - num_full_subsets = 2
2025-12-13 21:34:03,802 - INFO - phi = [-0.27355166  0.36427106 -0.50938262  0.69844625]
2025-12-13 21:34:03,818 - INFO - num_full_subsets = 2
2025-12-13 21:34:03,851 - INFO - phi = [-0.38733022 -0.18705772 -0.28394906  0.59362562]
2025-12-13 21:34:03,867 - INFO - num_full_subsets = 2
2025-12-13 21:34:03,900 - INFO - phi = [0.1032014  0.87755821 1.02593497 0.69142   ]
2025-12-13 21:34:03,916 - INFO - num_full_subsets = 2
2025-12-13 21:34:03,948 - INFO - phi = [ 0.41033527 -0.00427691 -0.3086313  -0.48436367]
2025-12-13 21:34:03,964 - INFO - num_full_subsets = 2
2025-12-13 21:34:03,998 - INFO - phi = [-0.0805357   0.50216899 -0.27285279  0.93012317]
2025-12-13 21:34:04,014 - INFO - num_full_subsets = 2
2025-12-13 21:34:04,047 - INFO - phi = [ 0.85865438  0.08333198 -0.36523848  0.63117088]
2025-12-13 21:34:04,063 - INFO - num_full_subsets = 2
2025-12-13 21:34:04,097 - INFO - phi = [-0.38954825 -0.23246109 -0.16531425 -0.51290862]
2025-12-13 21:34:04,112 - INFO - num_full_subsets = 2
2025-12-13 21:34:04,146 - INFO - phi = [ 0.15665964 -0.01952606  0.12281359  0.03437863]
2025-12-13 21:34:04,162 - INFO - num_full_subsets = 2
2025-12-13 21:34:04,195 - INFO - phi = [0.11914248 0.58217174 1.11346673 0.71430608]
2025-12-13 21:34:04,211 - INFO - num_full_subsets = 2
2025-12-13 21:34:04,244 - INFO - phi = [ 0.13001588 -0.26991391  1.40167033  0.88866739]
2025-12-13 21:34:04,260 - INFO - num_full_subsets = 2
2025-12-13 21:34:04,293 - INFO - phi = [-0.09962032  0.16284995  1.29853493  0.83388992]
2025-12-13 21:34:04,309 - INFO - num_full_subsets = 2
2025-12-13 21:34:04,342 - INFO - phi = [-0.41290546 -0.90796955 -0.49191157  0.0029766 ]
2025-12-13 21:34:04,358 - INFO - num_full_subsets = 2
2025-12-13 21:34:04,391 - INFO - phi = [-0.34152647 -0.28504118 -1.2703036   0.64285699]
2025-12-13 21:34:04,407 - INFO - num_full_subsets = 2
2025-12-13 21:34:04,439 - INFO - phi = [-0.19850956  0.27453869 -0.2718551   0.74721245]
2025-12-13 21:34:04,455 - INFO - num_full_subsets = 2
2025-12-13 21:34:04,488 - INFO - phi = [ 0.57760489 -0.66847199 -0.47199827 -1.41219344]
2025-12-13 21:34:04,504 - INFO - num_full_subsets = 2
2025-12-13 21:34:04,537 - INFO - phi = [-0.3288964  -1.0426016   1.15573524 -1.31678937]
2025-12-13 21:34:04,553 - INFO - num_full_subsets = 2
2025-12-13 21:34:04,586 - INFO - phi = [ 0.65335646  0.49785382  0.56997227 -1.17603136]
2025-12-13 21:34:04,602 - INFO - num_full_subsets = 2
2025-12-13 21:34:04,635 - INFO - phi = [-0.23541461 -0.77275658 -0.05087267 -0.71323064]
2025-12-13 21:34:04,651 - INFO - num_full_subsets = 2
2025-12-13 21:34:04,683 - INFO - phi = [-0.13842304  0.38834217 -0.46589802  0.73475341]
2025-12-13 21:34:04,699 - INFO - num_full_subsets = 2
2025-12-13 21:34:04,732 - INFO - phi = [-0.18658487  0.34135644 -0.24522991  0.64324769]
2025-12-13 21:34:04,749 - INFO - num_full_subsets = 2
2025-12-13 21:34:04,781 - INFO - phi = [-0.36849655 -0.29287799 -0.26686232  0.80200475]
2025-12-13 21:34:04,797 - INFO - num_full_subsets = 2
2025-12-13 21:34:04,830 - INFO - phi = [-0.23298781  0.763217   -0.28820548  0.30059857]
2025-12-13 21:34:04,846 - INFO - num_full_subsets = 2
2025-12-13 21:34:04,880 - INFO - phi = [-0.38368708 -0.82688152  0.09317887 -0.78859736]
2025-12-13 21:34:04,896 - INFO - num_full_subsets = 2
2025-12-13 21:34:04,929 - INFO - phi = [-0.36330131 -0.74619061 -0.15208346 -0.4505203 ]
2025-12-13 21:34:04,945 - INFO - num_full_subsets = 2
2025-12-13 21:34:04,979 - INFO - phi = [0.40715926 0.63438205 0.15319084 0.64671393]
2025-12-13 21:34:04,994 - INFO - num_full_subsets = 2
2025-12-13 21:34:05,027 - INFO - phi = [-0.41764823 -1.08993079 -0.23668595 -0.0826648 ]
2025-12-13 21:34:05,044 - INFO - num_full_subsets = 2
2025-12-13 21:34:05,077 - INFO - phi = [-0.19671738 -0.09933272 -0.68678119  0.34826773]
2025-12-13 21:34:05,092 - INFO - num_full_subsets = 2
2025-12-13 21:34:05,126 - INFO - phi = [-0.08262472 -0.57676623  1.80691912 -1.21429884]
2025-12-13 21:34:05,142 - INFO - num_full_subsets = 2
2025-12-13 21:34:05,175 - INFO - phi = [0.29803692 0.32168435 0.0338093  0.91677192]
2025-12-13 21:34:05,191 - INFO - num_full_subsets = 2
2025-12-13 21:34:05,225 - INFO - phi = [ 0.06022824 -0.08341066  2.16210365 -1.29891722]
2025-12-13 21:34:05,241 - INFO - num_full_subsets = 2
2025-12-13 21:34:05,274 - INFO - phi = [ 1.05316993  0.44685186 -0.65708836 -0.52281022]
2025-12-13 21:34:05,289 - INFO - num_full_subsets = 2
2025-12-13 21:34:05,323 - INFO - phi = [ 0.27077575  0.26173698 -0.02879134  0.80192648]
2025-12-13 21:34:05,339 - INFO - num_full_subsets = 2
2025-12-13 21:34:05,373 - INFO - phi = [-0.36918226 -1.29812899 -0.56095789  0.49812682]
2025-12-13 21:34:05,388 - INFO - num_full_subsets = 2
2025-12-13 21:34:05,421 - INFO - phi = [ 0.9308737   0.58444737 -0.38410016 -0.58117106]
2025-12-13 21:34:05,437 - INFO - num_full_subsets = 2
2025-12-13 21:34:05,470 - INFO - phi = [ 0.28912376  0.32132193 -0.56603976  0.62093619]
2025-12-13 21:34:05,486 - INFO - num_full_subsets = 2
2025-12-13 21:34:05,519 - INFO - phi = [-0.2717902   0.41922773 -0.27465086  0.98443585]
2025-12-13 21:34:05,535 - INFO - num_full_subsets = 2
2025-12-13 21:34:05,568 - INFO - phi = [ 0.06255526  0.00965441 -0.35927283  0.31119714]
2025-12-13 21:34:05,584 - INFO - num_full_subsets = 2
2025-12-13 21:34:05,617 - INFO - phi = [-0.31538401  0.18453964 -0.66929021  0.09636562]
2025-12-13 21:34:05,633 - INFO - num_full_subsets = 2
2025-12-13 21:34:05,666 - INFO - phi = [-0.0176026   0.80903077 -0.29892899  0.47375731]
2025-12-13 21:34:05,682 - INFO - num_full_subsets = 2
2025-12-13 21:34:05,715 - INFO - phi = [ 1.23567367  0.80849447  0.00235267 -1.55561906]
2025-12-13 21:34:05,731 - INFO - num_full_subsets = 2
2025-12-13 21:34:05,765 - INFO - phi = [-0.12290155 -0.80680699 -0.10465243 -0.55263554]
2025-12-13 21:34:05,781 - INFO - num_full_subsets = 2
2025-12-13 21:34:05,814 - INFO - phi = [-0.17592117 -1.24820696  0.56415768 -1.16595699]
2025-12-13 21:34:05,830 - INFO - num_full_subsets = 2
2025-12-13 21:34:05,863 - INFO - phi = [-0.3213567  -0.96011329  0.84378674 -0.93765096]
2025-12-13 21:34:05,879 - INFO - num_full_subsets = 2
2025-12-13 21:34:05,912 - INFO - phi = [-0.32200039 -0.71806191  0.08705806 -0.84915501]
2025-12-13 21:34:05,928 - INFO - num_full_subsets = 2
2025-12-13 21:34:05,962 - INFO - phi = [-0.10901708 -1.04031344  1.15108976 -1.23089732]
2025-12-13 21:34:05,978 - INFO - num_full_subsets = 2
2025-12-13 21:34:06,011 - INFO - phi = [ 0.10166557  0.472116   -0.18372035  0.68453141]
2025-12-13 21:34:06,027 - INFO - num_full_subsets = 2
2025-12-13 21:34:06,061 - INFO - phi = [-0.2235364   0.93159651  1.11505513  0.40793883]
2025-12-13 21:34:06,077 - INFO - num_full_subsets = 2
2025-12-13 21:34:06,111 - INFO - phi = [-0.34431055 -0.72221307 -0.08606794 -0.60623694]
2025-12-13 21:34:06,127 - INFO - num_full_subsets = 2
2025-12-13 21:34:06,159 - INFO - phi = [ 0.2887783   0.51316666 -0.01066795  0.91682686]
2025-12-13 21:34:06,175 - INFO - num_full_subsets = 2
2025-12-13 21:34:06,208 - INFO - phi = [-0.42014769 -0.61078424 -0.18620205 -0.58863233]
2025-12-13 21:34:06,225 - INFO - num_full_subsets = 2
2025-12-13 21:34:06,259 - INFO - phi = [-0.32033819  0.89305195 -0.01341489  0.39305654]
2025-12-13 21:34:06,275 - INFO - num_full_subsets = 2
2025-12-13 21:34:06,308 - INFO - phi = [ 0.98983135  0.28453172  0.25861541 -1.27420632]
2025-12-13 21:34:06,324 - INFO - num_full_subsets = 2
2025-12-13 21:34:06,358 - INFO - phi = [ 0.09342548  0.27241414 -0.48089356 -0.35206471]
2025-12-13 21:34:06,374 - INFO - num_full_subsets = 2
2025-12-13 21:34:06,407 - INFO - phi = [-0.33572199 -0.24713401  0.10155171 -0.10216597]
2025-12-13 21:34:06,423 - INFO - num_full_subsets = 2
2025-12-13 21:34:06,456 - INFO - phi = [-0.24856347  0.62330512 -0.60645346  0.63281666]
2025-12-13 21:34:06,472 - INFO - num_full_subsets = 2
2025-12-13 21:34:06,506 - INFO - phi = [ 1.15530108  0.54192924 -0.03831306  0.2180234 ]
2025-12-13 21:34:06,522 - INFO - num_full_subsets = 2
2025-12-13 21:34:06,554 - INFO - phi = [-0.37801218 -0.9177113  -0.15376051 -0.36885473]
2025-12-13 21:34:06,570 - INFO - num_full_subsets = 2
2025-12-13 21:34:06,603 - INFO - phi = [0.08969365 0.72904099 0.90911163 0.95609782]
2025-12-13 21:34:06,619 - INFO - num_full_subsets = 2
2025-12-13 21:34:06,652 - INFO - phi = [-0.29186308  0.52389922 -0.27056951  0.64646872]
2025-12-13 21:34:06,668 - INFO - num_full_subsets = 2
2025-12-13 21:34:06,702 - INFO - phi = [ 0.17847375  0.55624903 -0.25760959  0.68762123]
2025-12-13 21:34:06,717 - INFO - num_full_subsets = 2
2025-12-13 21:34:06,751 - INFO - phi = [-0.04598575  1.58778561  0.51813347  0.35509463]
2025-12-13 21:34:06,767 - INFO - num_full_subsets = 2
2025-12-13 21:34:06,800 - INFO - phi = [-0.01333674  0.45897427 -0.48222191  0.60801023]
2025-12-13 21:34:06,816 - INFO - num_full_subsets = 2
2025-12-13 21:34:06,849 - INFO - phi = [-0.05412929  1.56169657  0.8361815   0.12757176]
2025-12-13 21:34:06,865 - INFO - num_full_subsets = 2
2025-12-13 21:34:06,898 - INFO - phi = [ 0.00364279  0.90562777 -0.33790258  0.8764554 ]
2025-12-13 21:34:06,914 - INFO - num_full_subsets = 2
2025-12-13 21:34:06,947 - INFO - phi = [-0.29175872  0.25610941 -0.26701565  1.01781958]
2025-12-13 21:34:06,963 - INFO - num_full_subsets = 2
2025-12-13 21:34:06,997 - INFO - phi = [-0.31295154  0.80142172  0.05511992  0.83444919]
2025-12-13 21:34:07,013 - INFO - num_full_subsets = 2
2025-12-13 21:34:07,046 - INFO - phi = [-0.20873245 -0.75444628 -0.19745316 -0.4979159 ]
2025-12-13 21:34:07,062 - INFO - num_full_subsets = 2
2025-12-13 21:34:07,095 - INFO - phi = [-0.37388648  0.08135246 -0.18671128 -0.8592502 ]
2025-12-13 21:34:07,111 - INFO - num_full_subsets = 2
2025-12-13 21:34:07,145 - INFO - phi = [ 0.79305082  0.08432503 -0.34999304 -1.32017582]
2025-12-13 21:34:07,161 - INFO - num_full_subsets = 2
2025-12-13 21:34:07,193 - INFO - phi = [-0.02670033  0.18820389 -0.25215257  0.75978793]
2025-12-13 21:34:07,209 - INFO - num_full_subsets = 2
2025-12-13 21:34:07,243 - INFO - phi = [ 0.31534357  0.75161523 -0.50161189  0.58649618]
2025-12-13 21:34:07,259 - INFO - num_full_subsets = 2
2025-12-13 21:34:07,292 - INFO - phi = [-0.38910205 -1.37002215 -0.54533684  0.42474557]
2025-12-13 21:34:07,308 - INFO - num_full_subsets = 2
2025-12-13 21:34:07,341 - INFO - phi = [-0.28260984 -0.6038687  -0.09940564 -0.71443149]
2025-12-13 21:34:07,357 - INFO - num_full_subsets = 2
2025-12-13 21:34:07,390 - INFO - phi = [-0.41645051 -1.10593273 -0.50563493  0.33887853]
2025-12-13 21:34:07,406 - INFO - num_full_subsets = 2
2025-12-13 21:34:07,439 - INFO - phi = [-0.41488918 -0.60091608 -0.18342805 -0.48479372]
2025-12-13 21:34:07,455 - INFO - num_full_subsets = 2
2025-12-13 21:34:07,488 - INFO - phi = [ 0.29841388 -0.04815279 -0.53861197 -0.1023227 ]
2025-12-13 21:34:07,504 - INFO - num_full_subsets = 2
2025-12-13 21:34:07,538 - INFO - phi = [-0.1778366  -1.03388206 -0.26690322 -1.25770308]
2025-12-13 21:34:08,036 - INFO - Computing feature importance...
2025-12-13 21:34:08,868 - INFO - Experiment completed for SVM
2025-12-13 21:34:08,868 - INFO - Total time: 25.32s (0.42 min)
2025-12-13 21:34:08,869 - INFO - Starting comprehensive experiment for SVM
2025-12-13 21:34:16,859 - INFO - Performing feature analysis...
2025-12-13 21:34:18,022 - INFO - Model justification: Effective for high-dimensional spaces and non-linear relationships using kernel trick
2025-12-13 21:34:18,022 - INFO - Performing robust cross-validation...
2025-12-13 21:34:18,204 - INFO - CV Results - MSE: 1.8397 ± 0.3776
2025-12-13 21:34:18,204 - INFO - Starting hyperparameter optimization...
2025-12-13 21:34:21,714 - INFO - Best parameters for SVM: {'C': 9.065731623432761, 'epsilon': 0.023752728146012436, 'kernel': 'rbf'}
2025-12-13 21:34:21,714 - INFO - ⏱️ HPO took 3.51 seconds
2025-12-13 21:34:21,714 - INFO - Training final model...
2025-12-13 21:34:21,733 - INFO - ⏱️ Training took 0.02 seconds
2025-12-13 21:34:21,733 - INFO - Performing residual analysis...
2025-12-13 21:34:22,785 - INFO - Generating XAI explanations...
2025-12-13 21:34:22,788 - WARNING - Using 168 background data samples could cause slower run times. Consider using shap.sample(data, K) or shap.kmeans(data, K) to summarize the background as K samples.
2025-12-13 21:34:22,804 - INFO - num_full_subsets = 2
2025-12-13 21:34:22,839 - INFO - phi = [-0.02982312  1.08438108 -0.17343125  0.64427516]
2025-12-13 21:34:22,855 - INFO - num_full_subsets = 2
2025-12-13 21:34:22,890 - INFO - phi = [ 0.37814595  0.45881295 -0.14914666  0.59427847]
2025-12-13 21:34:22,907 - INFO - num_full_subsets = 2
2025-12-13 21:34:22,943 - INFO - phi = [-0.11658967  1.04821362  0.29978848  0.40787269]
2025-12-13 21:34:22,959 - INFO - num_full_subsets = 2
2025-12-13 21:34:22,995 - INFO - phi = [-0.26619105 -0.72327331 -0.11750613 -0.56729951]
2025-12-13 21:34:23,012 - INFO - num_full_subsets = 2
2025-12-13 21:34:23,048 - INFO - phi = [-0.26853198 -0.74648257 -0.17273903  0.11295615]
2025-12-13 21:34:23,064 - INFO - num_full_subsets = 2
2025-12-13 21:34:23,099 - INFO - phi = [-0.05543289  0.74297188 -0.92865896  0.65487039]
2025-12-13 21:34:23,116 - INFO - num_full_subsets = 2
2025-12-13 21:34:23,152 - INFO - phi = [ 0.28059873  1.11659086  0.58282105 -0.06003964]
2025-12-13 21:34:23,168 - INFO - num_full_subsets = 2
2025-12-13 21:34:23,203 - INFO - phi = [-0.19452328 -0.78172205  0.41344109 -0.89591018]
2025-12-13 21:34:23,220 - INFO - num_full_subsets = 2
2025-12-13 21:34:23,256 - INFO - phi = [-0.09980527  0.6817384  -0.15122059  0.69918373]
2025-12-13 21:34:23,272 - INFO - num_full_subsets = 2
2025-12-13 21:34:23,307 - INFO - phi = [-0.25032317 -0.82025129 -0.09646542 -0.50583428]
2025-12-13 21:34:23,323 - INFO - num_full_subsets = 2
2025-12-13 21:34:23,359 - INFO - phi = [-0.21913401  0.08051087 -0.02434149 -0.33461204]
2025-12-13 21:34:23,375 - INFO - num_full_subsets = 2
2025-12-13 21:34:23,410 - INFO - phi = [-0.13644643  1.08349655 -0.36194858  0.7072712 ]
2025-12-13 21:34:23,426 - INFO - num_full_subsets = 2
2025-12-13 21:34:23,462 - INFO - phi = [-0.03899271 -0.23592379 -0.1735417  -0.83286906]
2025-12-13 21:34:23,478 - INFO - num_full_subsets = 2
2025-12-13 21:34:23,513 - INFO - phi = [-0.18112648 -0.96971256 -0.11812213 -0.4622793 ]
2025-12-13 21:34:23,530 - INFO - num_full_subsets = 2
2025-12-13 21:34:23,565 - INFO - phi = [-0.29701312 -1.32415037 -0.30013568  0.22110534]
2025-12-13 21:34:23,581 - INFO - num_full_subsets = 2
2025-12-13 21:34:23,617 - INFO - phi = [ 0.32896678  0.16502178 -0.4610869  -0.10227921]
2025-12-13 21:34:23,633 - INFO - num_full_subsets = 2
2025-12-13 21:34:23,668 - INFO - phi = [0.38313935 0.8743977  0.06305233 0.88955103]
2025-12-13 21:34:23,684 - INFO - num_full_subsets = 2
2025-12-13 21:34:23,719 - INFO - phi = [-0.27126099 -1.29463389 -0.19392623  0.36918112]
2025-12-13 21:34:23,735 - INFO - num_full_subsets = 2
2025-12-13 21:34:23,770 - INFO - phi = [-0.25400885  0.42271242 -0.20496103 -0.81176786]
2025-12-13 21:34:23,786 - INFO - num_full_subsets = 2
2025-12-13 21:34:23,822 - INFO - phi = [0.19005178 1.27053348 1.01703737 0.61149101]
2025-12-13 21:34:23,838 - INFO - num_full_subsets = 2
2025-12-13 21:34:23,873 - INFO - phi = [-0.29255264 -1.05651229 -0.21138601 -0.19092986]
2025-12-13 21:34:23,889 - INFO - num_full_subsets = 2
2025-12-13 21:34:23,924 - INFO - phi = [-0.13828147  1.16449105 -0.02517762  0.46686291]
2025-12-13 21:34:23,941 - INFO - num_full_subsets = 2
2025-12-13 21:34:23,977 - INFO - phi = [ 0.60542272  0.09805793 -0.06469512 -0.5348309 ]
2025-12-13 21:34:23,993 - INFO - num_full_subsets = 2
2025-12-13 21:34:24,029 - INFO - phi = [-0.09449678  0.83274288 -0.40282337  0.10212942]
2025-12-13 21:34:24,045 - INFO - num_full_subsets = 2
2025-12-13 21:34:24,080 - INFO - phi = [-0.21214481  0.23085927 -0.22830403  0.69948383]
2025-12-13 21:34:24,096 - INFO - num_full_subsets = 2
2025-12-13 21:34:24,132 - INFO - phi = [ 0.05773578  0.54779165 -0.26198498 -0.22166768]
2025-12-13 21:34:24,148 - INFO - num_full_subsets = 2
2025-12-13 21:34:24,184 - INFO - phi = [-0.19033879 -1.12983944  0.83242494 -0.71924682]
2025-12-13 21:34:24,200 - INFO - num_full_subsets = 2
2025-12-13 21:34:24,235 - INFO - phi = [-0.04583038  1.13304929 -0.17945768  0.93660637]
2025-12-13 21:34:24,251 - INFO - num_full_subsets = 2
2025-12-13 21:34:24,287 - INFO - phi = [-0.2923942  -1.36073046 -0.17023619  0.11384554]
2025-12-13 21:34:24,303 - INFO - num_full_subsets = 2
2025-12-13 21:34:24,339 - INFO - phi = [-0.18275485 -0.99913058  1.0089237  -0.8806854 ]
2025-12-13 21:34:24,355 - INFO - num_full_subsets = 2
2025-12-13 21:34:24,391 - INFO - phi = [-0.28809088 -1.00452557 -0.16823714 -0.22585904]
2025-12-13 21:34:24,407 - INFO - num_full_subsets = 2
2025-12-13 21:34:24,443 - INFO - phi = [-0.25079533 -0.57122289 -0.15912177 -0.52643458]
2025-12-13 21:34:24,459 - INFO - num_full_subsets = 2
2025-12-13 21:34:24,494 - INFO - phi = [-0.2646867  -0.39234501 -0.17561398 -0.95286482]
2025-12-13 21:34:24,510 - INFO - num_full_subsets = 2
2025-12-13 21:34:24,546 - INFO - phi = [-0.29761125 -1.06903265 -0.12256066  0.14600395]
2025-12-13 21:34:24,562 - INFO - num_full_subsets = 2
2025-12-13 21:34:24,598 - INFO - phi = [ 0.55224867  0.41154885 -0.05361125  0.39886151]
2025-12-13 21:34:24,613 - INFO - num_full_subsets = 2
2025-12-13 21:34:24,649 - INFO - phi = [-0.26648496 -0.89810152 -0.2248143  -0.3098536 ]
2025-12-13 21:34:24,665 - INFO - num_full_subsets = 2
2025-12-13 21:34:24,701 - INFO - phi = [-0.20222541 -1.31229834 -0.18696653 -0.48932441]
2025-12-13 21:34:24,717 - INFO - num_full_subsets = 2
2025-12-13 21:34:24,753 - INFO - phi = [-0.1888567  -0.91159094 -0.07743713 -0.37002253]
2025-12-13 21:34:24,769 - INFO - num_full_subsets = 2
2025-12-13 21:34:24,804 - INFO - phi = [-0.13093147 -1.36365737  0.3972821  -0.65115988]
2025-12-13 21:34:24,820 - INFO - num_full_subsets = 2
2025-12-13 21:34:24,856 - INFO - phi = [-0.22860101 -0.52691888 -0.20772139  0.55795264]
2025-12-13 21:34:24,872 - INFO - num_full_subsets = 2
2025-12-13 21:34:24,908 - INFO - phi = [-0.22900022  0.08674377 -0.20904376  0.22344272]
2025-12-13 21:34:24,924 - INFO - num_full_subsets = 2
2025-12-13 21:34:24,960 - INFO - phi = [-0.31514075 -1.27330128 -0.09167629 -0.01554504]
2025-12-13 21:34:24,976 - INFO - num_full_subsets = 2
2025-12-13 21:34:25,011 - INFO - phi = [-0.13612374  0.27321892 -1.03840855  0.09554601]
2025-12-13 21:34:25,028 - INFO - num_full_subsets = 2
2025-12-13 21:34:25,064 - INFO - phi = [-0.1222299   0.76307524 -0.44149637  0.6837641 ]
2025-12-13 21:34:25,080 - INFO - num_full_subsets = 2
2025-12-13 21:34:25,117 - INFO - phi = [ 0.81584418  0.60541419 -0.27166617 -0.02513461]
2025-12-13 21:34:25,133 - INFO - num_full_subsets = 2
2025-12-13 21:34:25,169 - INFO - phi = [-0.02696191  1.0103398  -0.49941386  0.66957023]
2025-12-13 21:34:25,185 - INFO - num_full_subsets = 2
2025-12-13 21:34:25,221 - INFO - phi = [-0.25312841 -0.10057967 -0.15633222  0.61889635]
2025-12-13 21:34:25,237 - INFO - num_full_subsets = 2
2025-12-13 21:34:25,273 - INFO - phi = [ 0.35828998  0.03326022  0.30106148 -0.22958978]
2025-12-13 21:34:25,289 - INFO - num_full_subsets = 2
2025-12-13 21:34:25,325 - INFO - phi = [-0.26992809 -0.50327388 -0.12039993 -0.69136925]
2025-12-13 21:34:25,341 - INFO - num_full_subsets = 2
2025-12-13 21:34:25,377 - INFO - phi = [0.18133584 1.25994999 0.85086157 0.89066696]
2025-12-13 21:34:25,393 - INFO - num_full_subsets = 2
2025-12-13 21:34:25,428 - INFO - phi = [-0.15103001 -0.97243668  0.56303147 -0.18286889]
2025-12-13 21:34:25,444 - INFO - num_full_subsets = 2
2025-12-13 21:34:25,480 - INFO - phi = [-0.1608638   0.91541288 -0.30863612  0.61507707]
2025-12-13 21:34:25,496 - INFO - num_full_subsets = 2
2025-12-13 21:34:25,531 - INFO - phi = [ 0.11900782  0.38117694  0.83546636 -0.0444356 ]
2025-12-13 21:34:25,547 - INFO - num_full_subsets = 2
2025-12-13 21:34:25,583 - INFO - phi = [ 0.55714392 -0.22678435 -0.65738191 -0.0777939 ]
2025-12-13 21:34:25,599 - INFO - num_full_subsets = 2
2025-12-13 21:34:25,635 - INFO - phi = [-0.2127935  -0.70639532 -0.09170148 -0.62807785]
2025-12-13 21:34:25,650 - INFO - num_full_subsets = 2
2025-12-13 21:34:25,686 - INFO - phi = [-0.25957494 -0.75826364 -0.10634789 -0.58685528]
2025-12-13 21:34:25,702 - INFO - num_full_subsets = 2
2025-12-13 21:34:25,737 - INFO - phi = [ 0.26526042  0.7682691   0.03029472 -1.07123131]
2025-12-13 21:34:25,753 - INFO - num_full_subsets = 2
2025-12-13 21:34:25,789 - INFO - phi = [-0.17329337 -0.17764856 -0.28690329 -0.51904727]
2025-12-13 21:34:25,805 - INFO - num_full_subsets = 2
2025-12-13 21:34:25,841 - INFO - phi = [-0.10170968  0.7866421  -0.11424764  0.70800351]
2025-12-13 21:34:25,857 - INFO - num_full_subsets = 2
2025-12-13 21:34:25,892 - INFO - phi = [-0.18421685  0.24222929 -0.17653825  0.80410144]
2025-12-13 21:34:25,908 - INFO - num_full_subsets = 2
2025-12-13 21:34:25,944 - INFO - phi = [-0.10166962  0.61583928  0.01799447  0.41243951]
2025-12-13 21:34:25,960 - INFO - num_full_subsets = 2
2025-12-13 21:34:25,995 - INFO - phi = [-0.20188643 -0.18306252 -0.37554987  0.42213808]
2025-12-13 21:34:26,011 - INFO - num_full_subsets = 2
2025-12-13 21:34:26,047 - INFO - phi = [-0.08576384  0.99817551  0.10927673  0.84401148]
2025-12-13 21:34:26,063 - INFO - num_full_subsets = 2
2025-12-13 21:34:26,099 - INFO - phi = [-0.02381308  0.93276526  0.03684824  0.87696819]
2025-12-13 21:34:26,115 - INFO - num_full_subsets = 2
2025-12-13 21:34:26,151 - INFO - phi = [-0.25312097 -0.62726567 -0.12245755 -0.69371157]
2025-12-13 21:34:26,167 - INFO - num_full_subsets = 2
2025-12-13 21:34:26,203 - INFO - phi = [-0.07825254 -1.23497797  1.03552089 -0.80999093]
2025-12-13 21:34:26,219 - INFO - num_full_subsets = 2
2025-12-13 21:34:26,254 - INFO - phi = [ 0.98118018  0.56451543 -0.12390155 -0.60647701]
2025-12-13 21:34:26,270 - INFO - num_full_subsets = 2
2025-12-13 21:34:26,306 - INFO - phi = [-0.33504353  1.09514312  0.90272063  0.40778333]
2025-12-13 21:34:26,322 - INFO - num_full_subsets = 2
2025-12-13 21:34:26,358 - INFO - phi = [-0.07895104  0.04487614 -0.42663159  0.38153674]
2025-12-13 21:34:26,374 - INFO - num_full_subsets = 2
2025-12-13 21:34:26,409 - INFO - phi = [-0.21361706  0.92369599  0.25145388  0.44131697]
2025-12-13 21:34:26,425 - INFO - num_full_subsets = 2
2025-12-13 21:34:26,461 - INFO - phi = [-0.20889516 -1.15423097 -0.20234505 -0.48212452]
2025-12-13 21:34:26,477 - INFO - num_full_subsets = 2
2025-12-13 21:34:26,513 - INFO - phi = [-0.22021419 -0.69014611 -0.43409689  0.43482388]
2025-12-13 21:34:26,529 - INFO - num_full_subsets = 2
2025-12-13 21:34:26,565 - INFO - phi = [-0.0957128   0.60643166 -0.28781641  0.75097641]
2025-12-13 21:34:26,581 - INFO - num_full_subsets = 2
2025-12-13 21:34:26,617 - INFO - phi = [-0.28810596 -0.87995641 -0.16395032 -0.22373198]
2025-12-13 21:34:26,633 - INFO - num_full_subsets = 2
2025-12-13 21:34:26,668 - INFO - phi = [-0.1573732   0.27414261 -0.3919875   0.60753907]
2025-12-13 21:34:26,684 - INFO - num_full_subsets = 2
2025-12-13 21:34:26,720 - INFO - phi = [-0.07198295  0.70209353 -1.10037209  0.56318784]
2025-12-13 21:34:26,736 - INFO - num_full_subsets = 2
2025-12-13 21:34:26,772 - INFO - phi = [-0.29793998 -1.40754285 -0.18802048  0.34264368]
2025-12-13 21:34:26,788 - INFO - num_full_subsets = 2
2025-12-13 21:34:26,824 - INFO - phi = [-0.02379148 -0.36867182  0.92695098  0.85195855]
2025-12-13 21:34:26,840 - INFO - num_full_subsets = 2
2025-12-13 21:34:26,875 - INFO - phi = [-0.28612128 -0.46166259 -0.1349891  -0.51353068]
2025-12-13 21:34:26,891 - INFO - num_full_subsets = 2
2025-12-13 21:34:26,927 - INFO - phi = [ 1.06178347  0.33143128 -0.05508121 -0.73188734]
2025-12-13 21:34:26,943 - INFO - num_full_subsets = 2
2025-12-13 21:34:26,979 - INFO - phi = [0.37396784 0.45320616 0.04635962 0.80903497]
2025-12-13 21:34:26,994 - INFO - num_full_subsets = 2
2025-12-13 21:34:27,030 - INFO - phi = [-0.18685796 -1.22961975  0.0169328  -0.69217629]
2025-12-13 21:34:27,047 - INFO - num_full_subsets = 2
2025-12-13 21:34:27,082 - INFO - phi = [-0.27406315 -0.59148674 -0.2326186  -0.3974242 ]
2025-12-13 21:34:27,098 - INFO - num_full_subsets = 2
2025-12-13 21:34:27,134 - INFO - phi = [0.76444554 0.65151344 0.16900547 0.27302685]
2025-12-13 21:34:27,150 - INFO - num_full_subsets = 2
2025-12-13 21:34:27,185 - INFO - phi = [-0.2600891  -1.00920065  0.02383108 -0.5499372 ]
2025-12-13 21:34:27,201 - INFO - num_full_subsets = 2
2025-12-13 21:34:27,237 - INFO - phi = [-0.35017383  0.46066194  0.57882083  0.64215828]
2025-12-13 21:34:27,254 - INFO - num_full_subsets = 2
2025-12-13 21:34:27,290 - INFO - phi = [-0.15248206 -0.40696915 -0.6783025  -0.01812912]
2025-12-13 21:34:27,305 - INFO - num_full_subsets = 2
2025-12-13 21:34:27,341 - INFO - phi = [0.07268742 1.14542994 0.84850767 0.89662254]
2025-12-13 21:34:27,357 - INFO - num_full_subsets = 2
2025-12-13 21:34:27,393 - INFO - phi = [ 0.48055722  0.46440126  0.03950416 -0.31035577]
2025-12-13 21:34:27,409 - INFO - num_full_subsets = 2
2025-12-13 21:34:27,445 - INFO - phi = [-0.28181414 -1.0051347  -0.13154677  0.34551534]
2025-12-13 21:34:27,461 - INFO - num_full_subsets = 2
2025-12-13 21:34:27,496 - INFO - phi = [ 1.10550103 -0.13569687 -0.06965429 -0.99814111]
2025-12-13 21:34:27,513 - INFO - num_full_subsets = 2
2025-12-13 21:34:27,548 - INFO - phi = [-0.22569153 -1.0444832  -0.19260717  0.28372117]
2025-12-13 21:34:27,565 - INFO - num_full_subsets = 2
2025-12-13 21:34:27,600 - INFO - phi = [-0.19603448  0.52327526 -0.49605102 -0.0984689 ]
2025-12-13 21:34:27,616 - INFO - num_full_subsets = 2
2025-12-13 21:34:27,652 - INFO - phi = [0.40482754 0.96687494 0.70258753 0.56542061]
2025-12-13 21:34:27,668 - INFO - num_full_subsets = 2
2025-12-13 21:34:27,704 - INFO - phi = [-0.16726369  0.60857483  0.69304919 -0.34705149]
2025-12-13 21:34:27,719 - INFO - num_full_subsets = 2
2025-12-13 21:34:27,755 - INFO - phi = [-0.17231501  0.38746897 -0.54600638  0.14625281]
2025-12-13 21:34:27,771 - INFO - num_full_subsets = 2
2025-12-13 21:34:27,807 - INFO - phi = [ 0.57154121 -0.2022276   0.44492059 -0.29227937]
2025-12-13 21:34:27,823 - INFO - num_full_subsets = 2
2025-12-13 21:34:27,859 - INFO - phi = [ 0.00864347  0.20016026 -0.1879061   0.3805002 ]
2025-12-13 21:34:27,875 - INFO - num_full_subsets = 2
2025-12-13 21:34:27,912 - INFO - phi = [0.47758531 0.8140978  0.14972201 0.2573254 ]
2025-12-13 21:34:27,928 - INFO - num_full_subsets = 2
2025-12-13 21:34:27,963 - INFO - phi = [ 0.44363103 -0.41314811 -0.11358985 -0.72772906]
2025-12-13 21:34:27,980 - INFO - num_full_subsets = 2
2025-12-13 21:34:28,015 - INFO - phi = [-0.19603448  0.52327526 -0.49605102 -0.0984689 ]
2025-12-13 21:34:28,031 - INFO - num_full_subsets = 2
2025-12-13 21:34:28,067 - INFO - phi = [-0.02737632 -0.87344813  1.42032384 -0.96706401]
2025-12-13 21:34:28,083 - INFO - num_full_subsets = 2
2025-12-13 21:34:28,119 - INFO - phi = [-0.30638575 -0.85907791 -0.13107392 -0.18210511]
2025-12-13 21:34:28,135 - INFO - num_full_subsets = 2
2025-12-13 21:34:28,171 - INFO - phi = [0.10633962 1.95666452 0.38304494 0.50631946]
2025-12-13 21:34:28,187 - INFO - num_full_subsets = 2
2025-12-13 21:34:28,223 - INFO - phi = [ 0.2585499   0.63999705 -0.09268474  0.73447305]
2025-12-13 21:34:28,239 - INFO - num_full_subsets = 2
2025-12-13 21:34:28,275 - INFO - phi = [ 0.86244853 -0.16324675 -0.09254044 -0.6921531 ]
2025-12-13 21:34:28,291 - INFO - num_full_subsets = 2
2025-12-13 21:34:28,328 - INFO - phi = [-0.08622701 -0.34471785  0.81081623  0.61739353]
2025-12-13 21:34:28,344 - INFO - num_full_subsets = 2
2025-12-13 21:34:28,379 - INFO - phi = [ 0.49397751 -0.16965789  0.56506074 -0.7519435 ]
2025-12-13 21:34:28,395 - INFO - num_full_subsets = 2
2025-12-13 21:34:28,431 - INFO - phi = [-0.04553173  0.14509675 -0.16022513  0.79825857]
2025-12-13 21:34:28,447 - INFO - num_full_subsets = 2
2025-12-13 21:34:28,483 - INFO - phi = [-0.28674067 -0.78274113 -0.16367433 -0.05762195]
2025-12-13 21:34:28,499 - INFO - num_full_subsets = 2
2025-12-13 21:34:28,534 - INFO - phi = [-0.16520369  0.22335706 -0.88140889 -0.10060145]
2025-12-13 21:34:28,550 - INFO - num_full_subsets = 2
2025-12-13 21:34:28,586 - INFO - phi = [ 0.21608929  0.42987922  0.49708279 -0.9637243 ]
2025-12-13 21:34:28,602 - INFO - num_full_subsets = 2
2025-12-13 21:34:28,638 - INFO - phi = [-0.20043831 -0.93002843 -0.17357213 -0.35206643]
2025-12-13 21:34:28,653 - INFO - num_full_subsets = 2
2025-12-13 21:34:28,689 - INFO - phi = [-0.03710425  1.00774221 -0.51991535  0.59333633]
2025-12-13 21:34:28,705 - INFO - num_full_subsets = 2
2025-12-13 21:34:28,741 - INFO - phi = [-0.22246749 -1.72284018  0.06068178  0.24590679]
2025-12-13 21:34:28,757 - INFO - num_full_subsets = 2
2025-12-13 21:34:28,792 - INFO - phi = [0.05902765 1.26969845 0.92323605 0.61907174]
2025-12-13 21:34:28,809 - INFO - num_full_subsets = 2
2025-12-13 21:34:28,844 - INFO - phi = [-0.01190739  1.11885508  0.29145636  0.39715749]
2025-12-13 21:34:28,860 - INFO - num_full_subsets = 2
2025-12-13 21:34:28,895 - INFO - phi = [-0.03224257  0.31825335  0.79416975 -1.22226259]
2025-12-13 21:34:28,911 - INFO - num_full_subsets = 2
2025-12-13 21:34:28,946 - INFO - phi = [ 0.40143996  0.5755     -0.16729637 -0.36274583]
2025-12-13 21:34:28,962 - INFO - num_full_subsets = 2
2025-12-13 21:34:28,998 - INFO - phi = [-0.02105821  0.702018   -0.33392174  0.70279575]
2025-12-13 21:34:29,014 - INFO - num_full_subsets = 2
2025-12-13 21:34:29,050 - INFO - phi = [0.02750349 0.93793526 0.71556658 0.81164544]
2025-12-13 21:34:29,066 - INFO - num_full_subsets = 2
2025-12-13 21:34:29,101 - INFO - phi = [0.41190088 1.05466266 0.15472398 0.54264474]
2025-12-13 21:34:29,117 - INFO - num_full_subsets = 2
2025-12-13 21:34:29,153 - INFO - phi = [-0.2758579  -0.69357725 -0.14003814 -0.4742114 ]
2025-12-13 21:34:29,169 - INFO - num_full_subsets = 2
2025-12-13 21:34:29,204 - INFO - phi = [ 0.59863355  0.29641993  0.09064958 -0.98452111]
2025-12-13 21:34:29,220 - INFO - num_full_subsets = 2
2025-12-13 21:34:29,256 - INFO - phi = [-0.29341988 -1.28280716 -0.16315606 -0.07428036]
2025-12-13 21:34:29,272 - INFO - num_full_subsets = 2
2025-12-13 21:34:29,307 - INFO - phi = [-0.30252527 -1.17615894 -0.21041831  0.26209737]
2025-12-13 21:34:29,323 - INFO - num_full_subsets = 2
2025-12-13 21:34:29,359 - INFO - phi = [-0.29808776 -1.3164544  -0.16853842  0.20353149]
2025-12-13 21:34:29,375 - INFO - num_full_subsets = 2
2025-12-13 21:34:29,410 - INFO - phi = [-0.07287095  0.4515418  -0.16295704  0.84820314]
2025-12-13 21:34:29,426 - INFO - num_full_subsets = 2
2025-12-13 21:34:29,462 - INFO - phi = [-0.17733945  0.90694081 -0.12428432  0.54190037]
2025-12-13 21:34:29,478 - INFO - num_full_subsets = 2
2025-12-13 21:34:29,514 - INFO - phi = [ 0.03585862  0.05327288  1.53883372 -1.06155932]
2025-12-13 21:34:29,530 - INFO - num_full_subsets = 2
2025-12-13 21:34:29,565 - INFO - phi = [0.35675836 0.19927041 1.01094884 0.9076585 ]
2025-12-13 21:34:29,581 - INFO - num_full_subsets = 2
2025-12-13 21:34:29,616 - INFO - phi = [-0.12158441 -1.35648244  0.58274688 -0.67591354]
2025-12-13 21:34:29,633 - INFO - num_full_subsets = 2
2025-12-13 21:34:29,668 - INFO - phi = [ 0.18268178  0.63235752 -0.49694386  0.52659362]
2025-12-13 21:34:29,684 - INFO - num_full_subsets = 2
2025-12-13 21:34:29,719 - INFO - phi = [0.28649928 0.32741235 0.09900877 0.76469743]
2025-12-13 21:34:29,735 - INFO - num_full_subsets = 2
2025-12-13 21:34:29,771 - INFO - phi = [0.16008322 0.18951068 0.25950549 0.67097562]
2025-12-13 21:34:29,787 - INFO - num_full_subsets = 2
2025-12-13 21:34:29,822 - INFO - phi = [-0.24429324 -0.2916644  -0.30953755 -0.03519578]
2025-12-13 21:34:29,839 - INFO - num_full_subsets = 2
2025-12-13 21:34:29,874 - INFO - phi = [0.07437857 1.82365802 0.54465768 0.32560778]
2025-12-13 21:34:29,890 - INFO - num_full_subsets = 2
2025-12-13 21:34:29,925 - INFO - phi = [-0.28607879 -0.9393037  -0.12400858 -0.35069122]
2025-12-13 21:34:29,942 - INFO - num_full_subsets = 2
2025-12-13 21:34:29,978 - INFO - phi = [-0.25691634  0.66370292 -0.34451695 -0.83139189]
2025-12-13 21:34:29,994 - INFO - num_full_subsets = 2
2025-12-13 21:34:30,030 - INFO - phi = [-0.25896748 -0.71327977 -0.19147602 -0.52023089]
2025-12-13 21:34:30,046 - INFO - num_full_subsets = 2
2025-12-13 21:34:30,082 - INFO - phi = [-0.25226311 -0.77161497 -0.37782556  0.16077023]
2025-12-13 21:34:30,097 - INFO - num_full_subsets = 2
2025-12-13 21:34:30,133 - INFO - phi = [ 1.05323869e+00 -3.57914035e-04 -7.07595464e-02 -1.09196860e+00]
2025-12-13 21:34:30,149 - INFO - num_full_subsets = 2
2025-12-13 21:34:30,185 - INFO - phi = [-0.28574147 -0.50872436 -0.15481725 -0.00373939]
2025-12-13 21:34:30,201 - INFO - num_full_subsets = 2
2025-12-13 21:34:30,236 - INFO - phi = [ 0.14244447  0.34360191 -0.11565423  0.85277979]
2025-12-13 21:34:30,252 - INFO - num_full_subsets = 2
2025-12-13 21:34:30,288 - INFO - phi = [-0.26219623 -0.4428803  -0.1724421  -0.90426504]
2025-12-13 21:34:30,304 - INFO - num_full_subsets = 2
2025-12-13 21:34:30,340 - INFO - phi = [-0.22649642 -0.53801781  0.0724854  -0.91308624]
2025-12-13 21:34:30,356 - INFO - num_full_subsets = 2
2025-12-13 21:34:30,391 - INFO - phi = [0.38480404 1.23181476 0.48805088 0.64992042]
2025-12-13 21:34:30,407 - INFO - num_full_subsets = 2
2025-12-13 21:34:30,442 - INFO - phi = [-0.21068487 -0.16166017 -0.19936605  0.57755159]
2025-12-13 21:34:30,459 - INFO - num_full_subsets = 2
2025-12-13 21:34:30,494 - INFO - phi = [-0.20801389 -1.13929048 -0.025401   -0.27347813]
2025-12-13 21:34:30,510 - INFO - num_full_subsets = 2
2025-12-13 21:34:30,546 - INFO - phi = [ 0.50441981  0.06298175 -0.27529245 -0.18577518]
2025-12-13 21:34:30,562 - INFO - num_full_subsets = 2
2025-12-13 21:34:30,597 - INFO - phi = [ 0.38699555  0.14144442 -0.09793353 -0.16677766]
2025-12-13 21:34:30,613 - INFO - num_full_subsets = 2
2025-12-13 21:34:30,649 - INFO - phi = [-0.21214481  0.23085927 -0.22830403  0.69948383]
2025-12-13 21:34:30,665 - INFO - num_full_subsets = 2
2025-12-13 21:34:30,701 - INFO - phi = [0.27860711 0.12194663 0.02334805 0.70182771]
2025-12-13 21:34:30,716 - INFO - num_full_subsets = 2
2025-12-13 21:34:30,752 - INFO - phi = [-0.22631096 -0.50744488 -0.13031172 -0.85011937]
2025-12-13 21:34:30,768 - INFO - num_full_subsets = 2
2025-12-13 21:34:30,803 - INFO - phi = [-0.25104222 -0.8124586   0.02463029 -0.65189309]
2025-12-13 21:34:30,819 - INFO - num_full_subsets = 2
2025-12-13 21:34:30,856 - INFO - phi = [-0.13679555  0.19662415  0.07663515  0.51679203]
2025-12-13 21:34:30,872 - INFO - num_full_subsets = 2
2025-12-13 21:34:30,907 - INFO - phi = [-0.17949855 -1.03638534  0.98349321 -0.92366195]
2025-12-13 21:34:30,923 - INFO - num_full_subsets = 2
2025-12-13 21:34:30,959 - INFO - phi = [-0.25632175 -0.68382766 -0.0956641  -0.36711763]
2025-12-13 21:34:30,975 - INFO - num_full_subsets = 2
2025-12-13 21:34:31,011 - INFO - phi = [ 0.52792605  0.39644891 -0.08671889 -0.46762371]
2025-12-13 21:34:31,027 - INFO - num_full_subsets = 2
2025-12-13 21:34:31,063 - INFO - phi = [ 0.91039341  0.45082517 -0.17269646 -0.83022423]
2025-12-13 21:34:31,079 - INFO - num_full_subsets = 2
2025-12-13 21:34:31,115 - INFO - phi = [0.33207282 0.73389945 0.04875049 0.01020781]
2025-12-13 21:34:31,131 - INFO - num_full_subsets = 2
2025-12-13 21:34:31,166 - INFO - phi = [-0.02723695  0.50563169 -0.79950484  0.55009247]
2025-12-13 21:34:31,183 - INFO - num_full_subsets = 2
2025-12-13 21:34:31,218 - INFO - phi = [-0.15439131  0.26803662 -0.60070603  0.49813471]
2025-12-13 21:34:31,234 - INFO - num_full_subsets = 2
2025-12-13 21:34:31,270 - INFO - phi = [-0.0679336   0.65695705  0.40972215  0.21312633]
2025-12-13 21:34:31,286 - INFO - num_full_subsets = 2
2025-12-13 21:34:31,322 - INFO - phi = [-0.05110322  1.09115211  0.05123862 -0.15202691]
2025-12-13 21:34:31,338 - INFO - num_full_subsets = 2
2025-12-13 21:34:31,374 - INFO - phi = [ 0.79751947  0.31731412 -0.09037169 -1.20038261]
2025-12-13 21:34:31,390 - INFO - num_full_subsets = 2
2025-12-13 21:34:31,425 - INFO - phi = [-0.18237687 -0.9358932   0.82148486 -0.94732281]
2025-12-13 21:34:31,441 - INFO - num_full_subsets = 2
2025-12-13 21:34:31,477 - INFO - phi = [-0.12160784  0.87527514 -0.81678074  0.26837327]
2025-12-13 21:34:32,163 - INFO - Computing feature importance...
2025-12-13 21:34:33,021 - INFO - Experiment completed for SVM
2025-12-13 21:34:33,021 - INFO - Total time: 23.78s (0.40 min)
2025-12-13 21:34:33,021 - INFO - Starting comprehensive experiment for SVM
2025-12-13 21:34:41,650 - INFO - Performing feature analysis...
2025-12-13 21:34:42,803 - INFO - Model justification: Effective for high-dimensional spaces and non-linear relationships using kernel trick
2025-12-13 21:34:42,803 - INFO - Performing robust cross-validation...
2025-12-13 21:34:42,981 - INFO - CV Results - MSE: 1.6970 ± 0.3839
2025-12-13 21:34:42,981 - INFO - Starting hyperparameter optimization...
2025-12-13 21:34:47,164 - INFO - Best parameters for SVM: {'C': 15.27301051353847, 'epsilon': 0.02981470471381016, 'kernel': 'rbf'}
2025-12-13 21:34:47,164 - INFO - ⏱️ HPO took 4.18 seconds
2025-12-13 21:34:47,164 - INFO - Training final model...
2025-12-13 21:34:47,187 - INFO - ⏱️ Training took 0.02 seconds
2025-12-13 21:34:47,187 - INFO - Performing residual analysis...
2025-12-13 21:34:48,230 - INFO - Generating XAI explanations...
2025-12-13 21:34:48,232 - WARNING - Using 168 background data samples could cause slower run times. Consider using shap.sample(data, K) or shap.kmeans(data, K) to summarize the background as K samples.
2025-12-13 21:34:48,248 - INFO - num_full_subsets = 2
2025-12-13 21:34:48,283 - INFO - phi = [-0.0883293   0.94896451  0.04450596 -0.33188611]
2025-12-13 21:34:48,299 - INFO - num_full_subsets = 2
2025-12-13 21:34:48,334 - INFO - phi = [ 0.63624862  0.52031108 -0.0767745   0.53324386]
2025-12-13 21:34:48,350 - INFO - num_full_subsets = 2
2025-12-13 21:34:48,384 - INFO - phi = [0.24384575 0.9931606  0.63953582 0.21818538]
2025-12-13 21:34:48,400 - INFO - num_full_subsets = 2
2025-12-13 21:34:48,435 - INFO - phi = [-0.22834425 -0.7636352  -0.05555696 -0.62321566]
2025-12-13 21:34:48,451 - INFO - num_full_subsets = 2
2025-12-13 21:34:48,486 - INFO - phi = [ 0.92365868  0.62990317 -0.21812685  0.52810791]
2025-12-13 21:34:48,502 - INFO - num_full_subsets = 2
2025-12-13 21:34:48,537 - INFO - phi = [-0.35771667 -0.88761638 -0.17101322 -0.28328802]
2025-12-13 21:34:48,553 - INFO - num_full_subsets = 2
2025-12-13 21:34:48,588 - INFO - phi = [0.04262383 0.83487351 1.04018046 0.5990882 ]
2025-12-13 21:34:48,604 - INFO - num_full_subsets = 2
2025-12-13 21:34:48,638 - INFO - phi = [-0.0996986   0.58173271 -0.3930666   0.60773583]
2025-12-13 21:34:48,654 - INFO - num_full_subsets = 2
2025-12-13 21:34:48,689 - INFO - phi = [-0.16537443 -0.87774866  1.46911058 -1.04253974]
2025-12-13 21:34:48,705 - INFO - num_full_subsets = 2
2025-12-13 21:34:48,740 - INFO - phi = [ 0.54632074  0.19803883 -0.48375788  0.49854151]
2025-12-13 21:34:48,756 - INFO - num_full_subsets = 2
2025-12-13 21:34:48,791 - INFO - phi = [-0.09742298  0.87076645 -0.28878424  0.74001146]
2025-12-13 21:34:48,807 - INFO - num_full_subsets = 2
2025-12-13 21:34:48,842 - INFO - phi = [-0.37186315 -1.08048882 -0.13902032 -0.22429706]
2025-12-13 21:34:48,858 - INFO - num_full_subsets = 2
2025-12-13 21:34:48,893 - INFO - phi = [-0.20189127  0.27833106 -0.68423546  0.09114115]
2025-12-13 21:34:48,909 - INFO - num_full_subsets = 2
2025-12-13 21:34:48,943 - INFO - phi = [0.15347651 0.4847976  1.05090136 0.65240958]
2025-12-13 21:34:48,959 - INFO - num_full_subsets = 2
2025-12-13 21:34:48,995 - INFO - phi = [ 0.10338655  0.0446569  -0.22724225  0.1806137 ]
2025-12-13 21:34:49,011 - INFO - num_full_subsets = 2
2025-12-13 21:34:49,045 - INFO - phi = [-0.2585134  -0.35447044 -0.294724    0.07012082]
2025-12-13 21:34:49,062 - INFO - num_full_subsets = 2
2025-12-13 21:34:49,097 - INFO - phi = [ 0.73126541  0.51670661  0.02778704 -1.04950563]
2025-12-13 21:34:49,113 - INFO - num_full_subsets = 2
2025-12-13 21:34:49,148 - INFO - phi = [0.01456217 0.94633295 1.06953393 0.61200574]
2025-12-13 21:34:49,164 - INFO - num_full_subsets = 2
2025-12-13 21:34:49,199 - INFO - phi = [-0.06385007  0.42480596 -0.20032376 -0.31613391]
2025-12-13 21:34:49,215 - INFO - num_full_subsets = 2
2025-12-13 21:34:49,249 - INFO - phi = [-0.36822893 -0.42891696 -0.18827326 -0.29156629]
2025-12-13 21:34:49,266 - INFO - num_full_subsets = 2
2025-12-13 21:34:49,300 - INFO - phi = [ 0.41018937  0.39645769 -0.12089036 -0.30943791]
2025-12-13 21:34:49,316 - INFO - num_full_subsets = 2
2025-12-13 21:34:49,351 - INFO - phi = [-0.10149763  0.84642444  0.09055891  0.70241324]
2025-12-13 21:34:49,367 - INFO - num_full_subsets = 2
2025-12-13 21:34:49,402 - INFO - phi = [-0.31461364 -0.09577844 -0.16972985 -0.66120671]
2025-12-13 21:34:49,418 - INFO - num_full_subsets = 2
2025-12-13 21:34:49,453 - INFO - phi = [-0.09034082  0.71386465 -0.30901831  0.34178522]
2025-12-13 21:34:49,469 - INFO - num_full_subsets = 2
2025-12-13 21:34:49,504 - INFO - phi = [0.32187517 0.78259585 1.02652417 0.47151493]
2025-12-13 21:34:49,520 - INFO - num_full_subsets = 2
2025-12-13 21:34:49,555 - INFO - phi = [ 0.51850725  0.1542852  -0.26554324  0.40780062]
2025-12-13 21:34:49,572 - INFO - num_full_subsets = 2
2025-12-13 21:34:49,608 - INFO - phi = [-0.29165072 -0.72274351 -0.52075972 -0.26227787]
2025-12-13 21:34:49,624 - INFO - num_full_subsets = 2
2025-12-13 21:34:49,658 - INFO - phi = [ 0.51123464  0.52153508 -0.01969237  0.39839467]
2025-12-13 21:34:49,674 - INFO - num_full_subsets = 2
2025-12-13 21:34:49,709 - INFO - phi = [ 0.75046627  0.61430033 -0.06950175  0.52916601]
2025-12-13 21:34:49,725 - INFO - num_full_subsets = 2
2025-12-13 21:34:49,759 - INFO - phi = [0.54754324 0.02823505 1.35000729 0.58897439]
2025-12-13 21:34:49,776 - INFO - num_full_subsets = 2
2025-12-13 21:34:49,811 - INFO - phi = [-0.19919238  0.10557001 -0.52048713  0.34566865]
2025-12-13 21:34:49,827 - INFO - num_full_subsets = 2
2025-12-13 21:34:49,862 - INFO - phi = [-0.38295991 -1.37195899 -0.34180768  0.09588372]
2025-12-13 21:34:49,878 - INFO - num_full_subsets = 2
2025-12-13 21:34:49,913 - INFO - phi = [ 0.59029563  0.32754276 -0.10747925 -0.21027446]
2025-12-13 21:34:49,928 - INFO - num_full_subsets = 2
2025-12-13 21:34:49,963 - INFO - phi = [ 0.02749122  0.8484113  -0.26277077  0.7708805 ]
2025-12-13 21:34:49,980 - INFO - num_full_subsets = 2
2025-12-13 21:34:50,015 - INFO - phi = [-0.35444603 -0.70786565 -0.12268808 -0.58527262]
2025-12-13 21:34:50,031 - INFO - num_full_subsets = 2
2025-12-13 21:34:50,066 - INFO - phi = [ 0.01859343  0.88154308 -0.28712534  0.78696861]
2025-12-13 21:34:50,082 - INFO - num_full_subsets = 2
2025-12-13 21:34:50,117 - INFO - phi = [ 0.36730619  0.62644784 -0.26733405  0.54937346]
2025-12-13 21:34:50,133 - INFO - num_full_subsets = 2
2025-12-13 21:34:50,168 - INFO - phi = [-0.13935869 -0.10108715 -0.45542831  0.19106349]
2025-12-13 21:34:50,185 - INFO - num_full_subsets = 2
2025-12-13 21:34:50,219 - INFO - phi = [-0.35974438 -0.75007125 -0.05890795 -0.6738018 ]
2025-12-13 21:34:50,235 - INFO - num_full_subsets = 2
2025-12-13 21:34:50,270 - INFO - phi = [-0.22566318 -0.74848766 -0.11924678  0.644613  ]
2025-12-13 21:34:50,286 - INFO - num_full_subsets = 2
2025-12-13 21:34:50,321 - INFO - phi = [-0.23534334 -0.70565841  0.08940621 -0.86886584]
2025-12-13 21:34:50,337 - INFO - num_full_subsets = 2
2025-12-13 21:34:50,372 - INFO - phi = [-0.2326948  -0.33471745  0.55203839  0.06258103]
2025-12-13 21:34:50,389 - INFO - num_full_subsets = 2
2025-12-13 21:34:50,423 - INFO - phi = [-0.05736195  0.59119077 -0.26962132  0.0486337 ]
2025-12-13 21:34:50,439 - INFO - num_full_subsets = 2
2025-12-13 21:34:50,474 - INFO - phi = [ 0.59029563  0.32754276 -0.10747925 -0.21027446]
2025-12-13 21:34:50,490 - INFO - num_full_subsets = 2
2025-12-13 21:34:50,525 - INFO - phi = [-0.24848571 -0.27952729  0.25110468 -0.93157255]
2025-12-13 21:34:50,541 - INFO - num_full_subsets = 2
2025-12-13 21:34:50,575 - INFO - phi = [-0.26388319 -0.62941554 -0.00207988 -0.81888757]
2025-12-13 21:34:50,592 - INFO - num_full_subsets = 2
2025-12-13 21:34:50,627 - INFO - phi = [ 0.47099381  0.04526985 -0.11658095 -0.399786  ]
2025-12-13 21:34:50,642 - INFO - num_full_subsets = 2
2025-12-13 21:34:50,677 - INFO - phi = [-0.35625418 -1.03906348 -0.21466652 -0.21950189]
2025-12-13 21:34:50,693 - INFO - num_full_subsets = 2
2025-12-13 21:34:50,728 - INFO - phi = [ 0.53850185  0.02948625 -0.54604151 -0.0725455 ]
2025-12-13 21:34:50,744 - INFO - num_full_subsets = 2
2025-12-13 21:34:50,779 - INFO - phi = [-0.22949608 -0.3517357   0.39402471 -0.36320638]
2025-12-13 21:34:50,795 - INFO - num_full_subsets = 2
2025-12-13 21:34:50,830 - INFO - phi = [-0.17950096  0.37765334 -0.32608981  0.59213816]
2025-12-13 21:34:50,846 - INFO - num_full_subsets = 2
2025-12-13 21:34:50,881 - INFO - phi = [ 0.11524666  0.85753025 -0.24403896  0.82426814]
2025-12-13 21:34:50,897 - INFO - num_full_subsets = 2
2025-12-13 21:34:50,932 - INFO - phi = [-0.26946525  0.7645838  -0.30411107 -0.03085508]
2025-12-13 21:34:50,948 - INFO - num_full_subsets = 2
2025-12-13 21:34:50,983 - INFO - phi = [ 0.25772449  0.49048425 -0.43311496  0.34764016]
2025-12-13 21:34:50,999 - INFO - num_full_subsets = 2
2025-12-13 21:34:51,034 - INFO - phi = [-3.42538978e-01 -9.49378790e-01 -1.53122433e-01  8.47812537e-04]
2025-12-13 21:34:51,051 - INFO - num_full_subsets = 2
2025-12-13 21:34:51,086 - INFO - phi = [-0.33417849 -0.70479726 -0.03093349 -0.7443081 ]
2025-12-13 21:34:51,102 - INFO - num_full_subsets = 2
2025-12-13 21:34:51,137 - INFO - phi = [-0.35974438 -0.75007125 -0.05890795 -0.6738018 ]
2025-12-13 21:34:51,153 - INFO - num_full_subsets = 2
2025-12-13 21:34:51,188 - INFO - phi = [ 0.4092846   0.37421693 -0.10047874 -1.06135241]
2025-12-13 21:34:51,205 - INFO - num_full_subsets = 2
2025-12-13 21:34:51,240 - INFO - phi = [ 0.05002373  0.24268608 -0.48179283  0.5114742 ]
2025-12-13 21:34:51,256 - INFO - num_full_subsets = 2
2025-12-13 21:34:51,291 - INFO - phi = [ 0.66116404  0.75839433 -0.21064879  0.54872   ]
2025-12-13 21:34:51,307 - INFO - num_full_subsets = 2
2025-12-13 21:34:51,342 - INFO - phi = [-0.35556582 -0.54662036 -0.12475088 -0.49558003]
2025-12-13 21:34:51,357 - INFO - num_full_subsets = 2
2025-12-13 21:34:51,392 - INFO - phi = [-0.04231631  0.74719535 -0.71430181  0.60830491]
2025-12-13 21:34:51,408 - INFO - num_full_subsets = 2
2025-12-13 21:34:51,443 - INFO - phi = [-0.18906558 -0.42940213 -0.47602473  0.64988455]
2025-12-13 21:34:51,459 - INFO - num_full_subsets = 2
2025-12-13 21:34:51,494 - INFO - phi = [-0.37281543 -0.59746766 -0.0908835  -0.6196185 ]
2025-12-13 21:34:51,510 - INFO - num_full_subsets = 2
2025-12-13 21:34:51,545 - INFO - phi = [-0.34659855 -1.15551988 -0.31188098 -0.10315086]
2025-12-13 21:34:51,560 - INFO - num_full_subsets = 2
2025-12-13 21:34:51,595 - INFO - phi = [-0.12628132 -0.30997436 -0.73990992  0.83568786]
2025-12-13 21:34:51,612 - INFO - num_full_subsets = 2
2025-12-13 21:34:51,646 - INFO - phi = [ 0.96555533  0.10047941 -0.22202425  0.48074917]
2025-12-13 21:34:51,663 - INFO - num_full_subsets = 2
2025-12-13 21:34:51,697 - INFO - phi = [-0.27791903 -0.87554107  0.55076668 -1.00722662]
2025-12-13 21:34:51,713 - INFO - num_full_subsets = 2
2025-12-13 21:34:51,749 - INFO - phi = [ 0.11705092  0.80844091  0.64631193 -0.37175882]
2025-12-13 21:34:51,765 - INFO - num_full_subsets = 2
2025-12-13 21:34:51,799 - INFO - phi = [ 0.72370296  0.09028711 -0.10287658 -0.88664482]
2025-12-13 21:34:51,816 - INFO - num_full_subsets = 2
2025-12-13 21:34:51,850 - INFO - phi = [ 0.61638388  0.47180837 -0.19661682  0.51448828]
2025-12-13 21:34:51,866 - INFO - num_full_subsets = 2
2025-12-13 21:34:51,901 - INFO - phi = [0.18550346 0.68898285 1.18522156 0.57745963]
2025-12-13 21:34:51,917 - INFO - num_full_subsets = 2
2025-12-13 21:34:51,952 - INFO - phi = [-0.06419087  0.36515906  0.71678239  0.91457622]
2025-12-13 21:34:51,968 - INFO - num_full_subsets = 2
2025-12-13 21:34:52,002 - INFO - phi = [0.10630511 0.40601149 1.12388055 0.56070546]
2025-12-13 21:34:52,019 - INFO - num_full_subsets = 2
2025-12-13 21:34:52,054 - INFO - phi = [-0.21420179 -0.76071359 -0.18537631 -0.63329987]
2025-12-13 21:34:52,070 - INFO - num_full_subsets = 2
2025-12-13 21:34:52,104 - INFO - phi = [-0.2687311  -0.96233354  1.30804591 -1.06283655]
2025-12-13 21:34:52,121 - INFO - num_full_subsets = 2
2025-12-13 21:34:52,156 - INFO - phi = [-0.2933397  -1.23281687 -0.29147598  0.40067329]
2025-12-13 21:34:52,172 - INFO - num_full_subsets = 2
2025-12-13 21:34:52,206 - INFO - phi = [-0.34332002 -0.60066885 -0.23717669 -0.22985572]
2025-12-13 21:34:52,222 - INFO - num_full_subsets = 2
2025-12-13 21:34:52,258 - INFO - phi = [ 0.72831464  0.34620498 -0.27173726 -0.54345872]
2025-12-13 21:34:52,274 - INFO - num_full_subsets = 2
2025-12-13 21:34:52,308 - INFO - phi = [-0.04337738  0.56414972 -0.23985989  0.57015901]
2025-12-13 21:34:52,325 - INFO - num_full_subsets = 2
2025-12-13 21:34:52,359 - INFO - phi = [ 0.58029592 -0.48387636 -0.12308015 -0.89086912]
2025-12-13 21:34:52,376 - INFO - num_full_subsets = 2
2025-12-13 21:34:52,410 - INFO - phi = [-0.07210596  0.71743305 -0.3518339   0.69277177]
2025-12-13 21:34:52,426 - INFO - num_full_subsets = 2
2025-12-13 21:34:52,461 - INFO - phi = [-0.36766109 -0.68149031 -0.11853109 -0.49049376]
2025-12-13 21:34:52,477 - INFO - num_full_subsets = 2
2025-12-13 21:34:52,512 - INFO - phi = [-0.20493243 -0.95709212 -0.05074433 -0.52786032]
2025-12-13 21:34:52,528 - INFO - num_full_subsets = 2
2025-12-13 21:34:52,563 - INFO - phi = [ 0.98182849 -0.39076354 -0.10116206  0.41233807]
2025-12-13 21:34:52,579 - INFO - num_full_subsets = 2
2025-12-13 21:34:52,613 - INFO - phi = [-0.28273917 -0.17007579 -0.18573812  0.44796196]
2025-12-13 21:34:52,629 - INFO - num_full_subsets = 2
2025-12-13 21:34:52,665 - INFO - phi = [-0.35940169 -0.62168804 -0.10322729 -0.69784818]
2025-12-13 21:34:52,681 - INFO - num_full_subsets = 2
2025-12-13 21:34:52,716 - INFO - phi = [-0.3445204  -0.73734726 -0.26870937 -0.05609897]
2025-12-13 21:34:52,732 - INFO - num_full_subsets = 2
2025-12-13 21:34:52,768 - INFO - phi = [-0.31906795 -0.76072303 -0.02528329 -0.68078088]
2025-12-13 21:34:52,783 - INFO - num_full_subsets = 2
2025-12-13 21:34:52,818 - INFO - phi = [-0.03878571  0.88812596 -0.29398991  0.6657812 ]
2025-12-13 21:34:52,834 - INFO - num_full_subsets = 2
2025-12-13 21:34:52,870 - INFO - phi = [ 0.75926508  0.29638287 -0.01888341 -0.55378948]
2025-12-13 21:34:52,886 - INFO - num_full_subsets = 2
2025-12-13 21:34:52,921 - INFO - phi = [-0.12291043  0.11771225 -0.15348598  0.90086062]
2025-12-13 21:34:52,937 - INFO - num_full_subsets = 2
2025-12-13 21:34:52,973 - INFO - phi = [ 0.01879944  0.47530024 -0.32760356  0.48220111]
2025-12-13 21:34:52,989 - INFO - num_full_subsets = 2
2025-12-13 21:34:53,023 - INFO - phi = [-0.08853037  0.1819572   0.76110426 -1.97614086]
2025-12-13 21:34:53,040 - INFO - num_full_subsets = 2
2025-12-13 21:34:53,075 - INFO - phi = [-0.2312369  -0.18275706 -0.14425969  0.49403257]
2025-12-13 21:34:53,090 - INFO - num_full_subsets = 2
2025-12-13 21:34:53,125 - INFO - phi = [ 0.31973156  0.44361796  0.31505329 -0.92840197]
2025-12-13 21:34:53,141 - INFO - num_full_subsets = 2
2025-12-13 21:34:53,176 - INFO - phi = [-0.13612734  0.57556382 -0.04349333  0.55358935]
2025-12-13 21:34:53,192 - INFO - num_full_subsets = 2
2025-12-13 21:34:53,227 - INFO - phi = [-0.08439261 -0.15428785 -0.78348381  0.47203644]
2025-12-13 21:34:53,243 - INFO - num_full_subsets = 2
2025-12-13 21:34:53,278 - INFO - phi = [-0.01952289  0.26089618 -0.2513175   0.77285331]
2025-12-13 21:34:53,294 - INFO - num_full_subsets = 2
2025-12-13 21:34:53,329 - INFO - phi = [0.48942265 0.88418781 1.2243063  0.74306355]
2025-12-13 21:34:53,345 - INFO - num_full_subsets = 2
2025-12-13 21:34:53,380 - INFO - phi = [-0.04337738  0.56414972 -0.23985989  0.57015901]
2025-12-13 21:34:53,396 - INFO - num_full_subsets = 2
2025-12-13 21:34:53,431 - INFO - phi = [-0.11692561  0.51986225 -0.24258404 -0.39766216]
2025-12-13 21:34:53,447 - INFO - num_full_subsets = 2
2025-12-13 21:34:53,482 - INFO - phi = [-0.10716878  0.68031618 -0.38508634  0.57909275]
2025-12-13 21:34:53,498 - INFO - num_full_subsets = 2
2025-12-13 21:34:53,533 - INFO - phi = [-0.01091085  0.88685805  0.28126606  0.2715505 ]
2025-12-13 21:34:53,549 - INFO - num_full_subsets = 2
2025-12-13 21:34:53,585 - INFO - phi = [-0.33028005 -0.37405507 -0.16150271 -0.94493856]
2025-12-13 21:34:53,601 - INFO - num_full_subsets = 2
2025-12-13 21:34:53,635 - INFO - phi = [-0.35169563  0.28608495 -0.13568633 -0.82776249]
2025-12-13 21:34:53,652 - INFO - num_full_subsets = 2
2025-12-13 21:34:53,687 - INFO - phi = [-0.32480657 -0.85480967  0.01356813 -0.66550425]
2025-12-13 21:34:53,702 - INFO - num_full_subsets = 2
2025-12-13 21:34:53,737 - INFO - phi = [-0.29602547 -0.8957543  -0.11740028  0.27668499]
2025-12-13 21:34:53,753 - INFO - num_full_subsets = 2
2025-12-13 21:34:53,788 - INFO - phi = [-0.35809969  0.07777403 -0.21587649 -0.90642466]
2025-12-13 21:34:53,804 - INFO - num_full_subsets = 2
2025-12-13 21:34:53,838 - INFO - phi = [-0.25117869 -0.72632102 -0.49236815  0.42259563]
2025-12-13 21:34:53,855 - INFO - num_full_subsets = 2
2025-12-13 21:34:53,889 - INFO - phi = [-0.22910754 -1.19291409  1.32153482 -0.19093731]
2025-12-13 21:34:53,905 - INFO - num_full_subsets = 2
2025-12-13 21:34:53,939 - INFO - phi = [ 1.06333829  0.53064331 -0.16771776  0.13924015]
2025-12-13 21:34:53,956 - INFO - num_full_subsets = 2
2025-12-13 21:34:53,991 - INFO - phi = [-0.10931771 -1.07837263  1.00957439 -1.08306288]
2025-12-13 21:34:54,007 - INFO - num_full_subsets = 2
2025-12-13 21:34:54,042 - INFO - phi = [-0.07104462  0.39668652 -0.30222673  0.62846273]
2025-12-13 21:34:54,058 - INFO - num_full_subsets = 2
2025-12-13 21:34:54,093 - INFO - phi = [ 0.24865027  0.55208344 -0.14857755  0.33281553]
2025-12-13 21:34:54,109 - INFO - num_full_subsets = 2
2025-12-13 21:34:54,144 - INFO - phi = [-0.33400157 -0.6936323  -0.0731675  -0.65525252]
2025-12-13 21:34:54,160 - INFO - num_full_subsets = 2
2025-12-13 21:34:54,195 - INFO - phi = [-0.11313408  0.75371223 -0.28363919  0.68457483]
2025-12-13 21:34:54,212 - INFO - num_full_subsets = 2
2025-12-13 21:34:54,246 - INFO - phi = [-0.05094953 -0.24824976 -0.18333329  0.45769424]
2025-12-13 21:34:54,263 - INFO - num_full_subsets = 2
2025-12-13 21:34:54,297 - INFO - phi = [0.28183243 0.58792325 0.02323381 0.19199685]
2025-12-13 21:34:54,313 - INFO - num_full_subsets = 2
2025-12-13 21:34:54,347 - INFO - phi = [-0.09703736 -0.47628711 -0.1443937   0.19130277]
2025-12-13 21:34:54,363 - INFO - num_full_subsets = 2
2025-12-13 21:34:54,398 - INFO - phi = [-0.35691844 -0.79885517 -0.10301403 -0.37241634]
2025-12-13 21:34:54,414 - INFO - num_full_subsets = 2
2025-12-13 21:34:54,448 - INFO - phi = [-0.14219994  0.85931369  0.0398189   0.49283977]
2025-12-13 21:34:54,464 - INFO - num_full_subsets = 2
2025-12-13 21:34:54,500 - INFO - phi = [-0.36995923 -0.25996175 -0.11933119 -0.86848556]
2025-12-13 21:34:54,516 - INFO - num_full_subsets = 2
2025-12-13 21:34:54,550 - INFO - phi = [-0.30910451 -0.80654705 -0.39678034  0.03714643]
2025-12-13 21:34:54,567 - INFO - num_full_subsets = 2
2025-12-13 21:34:54,601 - INFO - phi = [-0.30579435 -0.05142451 -0.23925023  0.03036447]
2025-12-13 21:34:54,617 - INFO - num_full_subsets = 2
2025-12-13 21:34:54,652 - INFO - phi = [-0.03288968  1.10007188  1.17865874  0.34282611]
2025-12-13 21:34:54,668 - INFO - num_full_subsets = 2
2025-12-13 21:34:54,703 - INFO - phi = [-0.2933397  -1.23281687 -0.29147598  0.40067329]
2025-12-13 21:34:54,719 - INFO - num_full_subsets = 2
2025-12-13 21:34:54,754 - INFO - phi = [-0.3444072  -1.14285064 -0.0078392  -0.01172459]
2025-12-13 21:34:54,770 - INFO - num_full_subsets = 2
2025-12-13 21:34:54,804 - INFO - phi = [-0.13834228 -0.33734789  0.15697383  0.8952737 ]
2025-12-13 21:34:54,820 - INFO - num_full_subsets = 2
2025-12-13 21:34:54,855 - INFO - phi = [0.76361953 0.07985552 0.29703277 0.64725573]
2025-12-13 21:34:54,871 - INFO - num_full_subsets = 2
2025-12-13 21:34:54,906 - INFO - phi = [-0.3555899  -0.50401674 -0.15026586 -0.16630054]
2025-12-13 21:34:54,922 - INFO - num_full_subsets = 2
2025-12-13 21:34:54,956 - INFO - phi = [0.67405307 0.80350981 0.20800371 0.49966429]
2025-12-13 21:34:54,973 - INFO - num_full_subsets = 2
2025-12-13 21:34:55,007 - INFO - phi = [-0.13541568  0.12540153 -0.41710902  0.8022416 ]
2025-12-13 21:34:55,023 - INFO - num_full_subsets = 2
2025-12-13 21:34:55,058 - INFO - phi = [-0.13831564 -0.495149   -0.71485537 -0.09166306]
2025-12-13 21:34:55,074 - INFO - num_full_subsets = 2
2025-12-13 21:34:55,110 - INFO - phi = [0.84992756 0.07672706 0.6740562  0.63496281]
2025-12-13 21:34:55,126 - INFO - num_full_subsets = 2
2025-12-13 21:34:55,160 - INFO - phi = [-0.11130628  0.30433689  1.1464184   0.44432588]
2025-12-13 21:34:55,176 - INFO - num_full_subsets = 2
2025-12-13 21:34:55,211 - INFO - phi = [-0.30099161 -0.52853151 -0.23271245 -0.73126832]
2025-12-13 21:34:55,227 - INFO - num_full_subsets = 2
2025-12-13 21:34:55,262 - INFO - phi = [-0.00469588  0.83656157 -0.39046375  0.3953552 ]
2025-12-13 21:34:55,278 - INFO - num_full_subsets = 2
2025-12-13 21:34:55,313 - INFO - phi = [-0.10716878  0.68031618 -0.38508634  0.57909275]
2025-12-13 21:34:55,329 - INFO - num_full_subsets = 2
2025-12-13 21:34:55,364 - INFO - phi = [ 0.98539874  0.0117844  -0.25426853  0.17738335]
2025-12-13 21:34:55,380 - INFO - num_full_subsets = 2
2025-12-13 21:34:55,415 - INFO - phi = [0.52895574 0.45426042 0.02068993 0.54365373]
2025-12-13 21:34:55,431 - INFO - num_full_subsets = 2
2025-12-13 21:34:55,465 - INFO - phi = [-0.22301626  0.6719274  -0.30257461  0.36875471]
2025-12-13 21:34:55,481 - INFO - num_full_subsets = 2
2025-12-13 21:34:55,517 - INFO - phi = [-0.13173283  0.84088213 -0.29799193  0.35048737]
2025-12-13 21:34:55,533 - INFO - num_full_subsets = 2
2025-12-13 21:34:55,568 - INFO - phi = [-0.35321007  0.07099724 -0.09317693 -0.49778789]
2025-12-13 21:34:55,584 - INFO - num_full_subsets = 2
2025-12-13 21:34:55,619 - INFO - phi = [-0.27976717 -0.20547343  0.34245478 -1.17474083]
2025-12-13 21:34:55,635 - INFO - num_full_subsets = 2
2025-12-13 21:34:55,670 - INFO - phi = [0.06405271 0.82987485 1.27771339 0.42075825]
2025-12-13 21:34:55,686 - INFO - num_full_subsets = 2
2025-12-13 21:34:55,721 - INFO - phi = [-0.00805859  0.66639437  1.13581191 -2.43917981]
2025-12-13 21:34:55,737 - INFO - num_full_subsets = 2
2025-12-13 21:34:55,772 - INFO - phi = [ 0.41460941  0.97141907  0.56388757 -0.05594135]
2025-12-13 21:34:55,788 - INFO - num_full_subsets = 2
2025-12-13 21:34:55,823 - INFO - phi = [ 0.54159672  0.50246913 -0.52191401  0.02927181]
2025-12-13 21:34:55,839 - INFO - num_full_subsets = 2
2025-12-13 21:34:55,874 - INFO - phi = [-0.04835285  0.42802465 -0.21320584  1.10062108]
2025-12-13 21:34:55,890 - INFO - num_full_subsets = 2
2025-12-13 21:34:55,925 - INFO - phi = [-0.16875345 -1.08995699  0.34090801 -0.85597456]
2025-12-13 21:34:55,940 - INFO - num_full_subsets = 2
2025-12-13 21:34:55,975 - INFO - phi = [-0.24167278  0.23743731  1.03504655  0.55090346]
2025-12-13 21:34:55,991 - INFO - num_full_subsets = 2
2025-12-13 21:34:56,026 - INFO - phi = [-0.2933266  -0.78639612 -0.30745151  0.30893351]
2025-12-13 21:34:56,043 - INFO - num_full_subsets = 2
2025-12-13 21:34:56,078 - INFO - phi = [ 0.26684002  0.33668208 -0.37412507  0.48467042]
2025-12-13 21:34:56,094 - INFO - num_full_subsets = 2
2025-12-13 21:34:56,129 - INFO - phi = [-0.33268628 -0.62697177 -0.1043949  -0.67451928]
2025-12-13 21:34:56,145 - INFO - num_full_subsets = 2
2025-12-13 21:34:56,180 - INFO - phi = [-0.16726839 -1.30406755  0.53626465 -0.98340186]
2025-12-13 21:34:56,197 - INFO - num_full_subsets = 2
2025-12-13 21:34:56,232 - INFO - phi = [-0.31564434 -0.5906934  -0.15416712 -0.72163275]
2025-12-13 21:34:56,248 - INFO - num_full_subsets = 2
2025-12-13 21:34:56,283 - INFO - phi = [-0.32124419 -1.10809138 -0.11420665  0.09755084]
2025-12-13 21:34:56,299 - INFO - num_full_subsets = 2
2025-12-13 21:34:56,334 - INFO - phi = [-0.10306423  0.21302725  0.49973965  0.35431698]
2025-12-13 21:34:56,350 - INFO - num_full_subsets = 2
2025-12-13 21:34:56,385 - INFO - phi = [-0.40500141 -1.41035581 -0.25016047 -0.0067824 ]
2025-12-13 21:34:56,401 - INFO - num_full_subsets = 2
2025-12-13 21:34:56,436 - INFO - phi = [-0.00398208  0.573626   -0.74684635  0.51233209]
2025-12-13 21:34:56,452 - INFO - num_full_subsets = 2
2025-12-13 21:34:56,486 - INFO - phi = [ 0.60746401  0.26019336 -0.11451584 -0.98075355]
2025-12-13 21:34:56,503 - INFO - num_full_subsets = 2
2025-12-13 21:34:56,537 - INFO - phi = [ 0.04247594  0.51803372 -0.1841263   0.76590451]
2025-12-13 21:34:56,553 - INFO - num_full_subsets = 2
2025-12-13 21:34:56,589 - INFO - phi = [-0.3488129  -0.68779183 -0.15160648 -0.48993177]
2025-12-13 21:34:56,605 - INFO - num_full_subsets = 2
2025-12-13 21:34:56,640 - INFO - phi = [-0.38537666 -0.98218795 -0.13225384 -0.26510373]
2025-12-13 21:34:56,657 - INFO - num_full_subsets = 2
2025-12-13 21:34:56,692 - INFO - phi = [-0.17219368  0.36088165  0.61208038 -0.99134244]
2025-12-13 21:34:56,708 - INFO - num_full_subsets = 2
2025-12-13 21:34:56,743 - INFO - phi = [ 0.45006988  0.18815914 -0.63413511  0.17517247]
2025-12-13 21:34:56,759 - INFO - num_full_subsets = 2
2025-12-13 21:34:56,794 - INFO - phi = [-0.50319868  0.48848466  0.64003733 -0.96522287]
2025-12-13 21:34:57,309 - INFO - Computing feature importance...
2025-12-13 21:34:58,161 - INFO - Experiment completed for SVM
2025-12-13 21:34:58,161 - INFO - Total time: 24.76s (0.41 min)
2025-12-13 21:34:58,161 - INFO - Starting comprehensive experiment for SVM
2025-12-13 21:35:06,120 - INFO - Performing feature analysis...
2025-12-13 21:35:07,288 - INFO - Model justification: Effective for high-dimensional spaces and non-linear relationships using kernel trick
2025-12-13 21:35:07,288 - INFO - Performing robust cross-validation...
2025-12-13 21:35:07,469 - INFO - CV Results - MSE: 1.7887 ± 0.3123
2025-12-13 21:35:07,469 - INFO - Starting hyperparameter optimization...
2025-12-13 21:35:12,933 - INFO - Best parameters for SVM: {'C': 34.89659465717485, 'epsilon': 0.040416865284115984, 'kernel': 'rbf'}
2025-12-13 21:35:12,933 - INFO - ⏱️ HPO took 5.46 seconds
2025-12-13 21:35:12,933 - INFO - Training final model...
2025-12-13 21:35:12,963 - INFO - ⏱️ Training took 0.03 seconds
2025-12-13 21:35:12,964 - INFO - Performing residual analysis...
2025-12-13 21:35:14,007 - INFO - Generating XAI explanations...
2025-12-13 21:35:14,009 - WARNING - Using 168 background data samples could cause slower run times. Consider using shap.sample(data, K) or shap.kmeans(data, K) to summarize the background as K samples.
2025-12-13 21:35:14,026 - INFO - num_full_subsets = 2
2025-12-13 21:35:14,061 - INFO - phi = [ 0.03365585  0.75389842  0.4539069  -0.52162078]
2025-12-13 21:35:14,077 - INFO - num_full_subsets = 2
2025-12-13 21:35:14,113 - INFO - phi = [-0.26883795  0.78002345  0.77669897  0.46501481]
2025-12-13 21:35:14,129 - INFO - num_full_subsets = 2
2025-12-13 21:35:14,165 - INFO - phi = [ 0.34955643 -0.21953777 -0.81920073 -0.09641979]
2025-12-13 21:35:14,181 - INFO - num_full_subsets = 2
2025-12-13 21:35:14,216 - INFO - phi = [0.3299462  0.69393225 0.14029699 0.1065043 ]
2025-12-13 21:35:14,233 - INFO - num_full_subsets = 2
2025-12-13 21:35:14,268 - INFO - phi = [-0.44047518 -1.1857743  -0.21379526  0.17314689]
2025-12-13 21:35:14,284 - INFO - num_full_subsets = 2
2025-12-13 21:35:14,319 - INFO - phi = [-0.43948208 -0.60024265 -0.4296113  -0.01672415]
2025-12-13 21:35:14,336 - INFO - num_full_subsets = 2
2025-12-13 21:35:14,371 - INFO - phi = [-0.41973883 -0.73792261 -0.07379876 -0.40863534]
2025-12-13 21:35:14,387 - INFO - num_full_subsets = 2
2025-12-13 21:35:14,422 - INFO - phi = [-0.42551953 -1.25739382 -0.11796421  0.12201397]
2025-12-13 21:35:14,439 - INFO - num_full_subsets = 2
2025-12-13 21:35:14,475 - INFO - phi = [0.13767996 0.67132447 0.08628728 0.67990201]
2025-12-13 21:35:14,492 - INFO - num_full_subsets = 2
2025-12-13 21:35:14,527 - INFO - phi = [ 1.07131843  0.21784518 -0.10246203 -0.36108908]
2025-12-13 21:35:14,543 - INFO - num_full_subsets = 2
2025-12-13 21:35:14,579 - INFO - phi = [-0.32698305 -0.14276813 -0.35345389  0.41924125]
2025-12-13 21:35:14,595 - INFO - num_full_subsets = 2
2025-12-13 21:35:14,631 - INFO - phi = [ 0.29555673  0.3666693  -0.17810578 -0.50887515]
2025-12-13 21:35:14,648 - INFO - num_full_subsets = 2
2025-12-13 21:35:14,683 - INFO - phi = [-0.41416608 -0.53687654  0.09712485 -0.60710247]
2025-12-13 21:35:14,699 - INFO - num_full_subsets = 2
2025-12-13 21:35:14,734 - INFO - phi = [-0.17018538  0.63793021 -0.3913471   0.62116417]
2025-12-13 21:35:14,751 - INFO - num_full_subsets = 2
2025-12-13 21:35:14,786 - INFO - phi = [-0.41131522 -1.12471513 -0.11966573 -0.12223574]
2025-12-13 21:35:14,802 - INFO - num_full_subsets = 2
2025-12-13 21:35:14,839 - INFO - phi = [-0.04322628  0.31494529 -0.13524727  0.81311374]
2025-12-13 21:35:14,855 - INFO - num_full_subsets = 2
2025-12-13 21:35:14,891 - INFO - phi = [-0.40835361 -1.32723142 -0.2149136   0.37793665]
2025-12-13 21:35:14,907 - INFO - num_full_subsets = 2
2025-12-13 21:35:14,942 - INFO - phi = [-0.15749007  0.71149757 -0.43036907 -0.09894495]
2025-12-13 21:35:14,958 - INFO - num_full_subsets = 2
2025-12-13 21:35:14,994 - INFO - phi = [-0.11076381  0.53122636 -0.16857704  0.58652384]
2025-12-13 21:35:15,010 - INFO - num_full_subsets = 2
2025-12-13 21:35:15,045 - INFO - phi = [-0.30507309 -0.19555149  0.13873455 -0.82925035]
2025-12-13 21:35:15,062 - INFO - num_full_subsets = 2
2025-12-13 21:35:15,097 - INFO - phi = [-0.34312411  0.86073563 -0.33349776 -0.54865441]
2025-12-13 21:35:15,113 - INFO - num_full_subsets = 2
2025-12-13 21:35:15,149 - INFO - phi = [-0.07502068  0.88841858 -0.51122111 -0.20692412]
2025-12-13 21:35:15,166 - INFO - num_full_subsets = 2
2025-12-13 21:35:15,202 - INFO - phi = [-0.17923477 -0.46296645  1.51886523 -1.01011076]
2025-12-13 21:35:15,220 - INFO - num_full_subsets = 2
2025-12-13 21:35:15,255 - INFO - phi = [-0.12375289  0.25876749 -0.19486686  0.57201439]
2025-12-13 21:35:15,272 - INFO - num_full_subsets = 2
2025-12-13 21:35:15,308 - INFO - phi = [-0.40988058 -0.64750114 -0.10521798 -0.43962675]
2025-12-13 21:35:15,324 - INFO - num_full_subsets = 2
2025-12-13 21:35:15,360 - INFO - phi = [ 1.06569844 -0.21107545 -0.18039724 -1.33001586]
2025-12-13 21:35:15,376 - INFO - num_full_subsets = 2
2025-12-13 21:35:15,412 - INFO - phi = [-0.07559427 -0.31230922  1.03814018 -1.07468536]
2025-12-13 21:35:15,428 - INFO - num_full_subsets = 2
2025-12-13 21:35:15,464 - INFO - phi = [-0.27481331 -0.11924152  0.27390489 -0.47718272]
2025-12-13 21:35:15,480 - INFO - num_full_subsets = 2
2025-12-13 21:35:15,516 - INFO - phi = [-0.4885016  -1.44289496 -0.26704745  0.2183712 ]
2025-12-13 21:35:15,532 - INFO - num_full_subsets = 2
2025-12-13 21:35:15,568 - INFO - phi = [ 1.20865098  0.29539147 -0.08650956 -0.74291749]
2025-12-13 21:35:15,585 - INFO - num_full_subsets = 2
2025-12-13 21:35:15,620 - INFO - phi = [-0.40126549 -1.07034845  0.7669264  -0.79203678]
2025-12-13 21:35:15,637 - INFO - num_full_subsets = 2
2025-12-13 21:35:15,672 - INFO - phi = [ 0.57173152  0.05115179  0.32604395 -0.36415673]
2025-12-13 21:35:15,689 - INFO - num_full_subsets = 2
2025-12-13 21:35:15,724 - INFO - phi = [-0.27568817 -0.90292125 -0.08894352 -0.48779229]
2025-12-13 21:35:15,741 - INFO - num_full_subsets = 2
2025-12-13 21:35:15,776 - INFO - phi = [0.05750448 1.14164579 1.08713815 0.62895624]
2025-12-13 21:35:15,792 - INFO - num_full_subsets = 2
2025-12-13 21:35:15,828 - INFO - phi = [-0.38471169 -0.38307412  0.11068354 -0.64725708]
2025-12-13 21:35:15,844 - INFO - num_full_subsets = 2
2025-12-13 21:35:15,880 - INFO - phi = [ 1.65622441  0.34842617  0.05761161 -0.76847986]
2025-12-13 21:35:15,896 - INFO - num_full_subsets = 2
2025-12-13 21:35:15,932 - INFO - phi = [0.04240252 0.12761544 0.1776957  0.65603911]
2025-12-13 21:35:15,948 - INFO - num_full_subsets = 2
2025-12-13 21:35:15,984 - INFO - phi = [ 0.23031945  0.35085209 -0.63081556  0.53597169]
2025-12-13 21:35:16,000 - INFO - num_full_subsets = 2
2025-12-13 21:35:16,036 - INFO - phi = [ 0.91157796  0.41687526  0.04773247 -1.15550136]
2025-12-13 21:35:16,052 - INFO - num_full_subsets = 2
2025-12-13 21:35:16,088 - INFO - phi = [-0.41131522 -1.12471513 -0.11966573 -0.12223574]
2025-12-13 21:35:16,105 - INFO - num_full_subsets = 2
2025-12-13 21:35:16,140 - INFO - phi = [-0.41142107 -0.81074083 -0.07497327 -0.4715574 ]
2025-12-13 21:35:16,156 - INFO - num_full_subsets = 2
2025-12-13 21:35:16,192 - INFO - phi = [-0.37856837  0.79274794 -0.31284989 -0.19948833]
2025-12-13 21:35:16,208 - INFO - num_full_subsets = 2
2025-12-13 21:35:16,244 - INFO - phi = [-0.01849818  0.49333871  0.86272256 -0.38936864]
2025-12-13 21:35:16,260 - INFO - num_full_subsets = 2
2025-12-13 21:35:16,295 - INFO - phi = [-0.38138288 -0.19128993  0.18325876 -0.81959   ]
2025-12-13 21:35:16,312 - INFO - num_full_subsets = 2
2025-12-13 21:35:16,347 - INFO - phi = [ 0.41035219  0.11651862 -0.15773466 -0.59026161]
2025-12-13 21:35:16,364 - INFO - num_full_subsets = 2
2025-12-13 21:35:16,399 - INFO - phi = [-0.27116262  1.02445513 -0.18164799  0.84015952]
2025-12-13 21:35:16,415 - INFO - num_full_subsets = 2
2025-12-13 21:35:16,450 - INFO - phi = [-0.45500077 -0.70297838 -0.12805822 -0.4986042 ]
2025-12-13 21:35:16,466 - INFO - num_full_subsets = 2
2025-12-13 21:35:16,501 - INFO - phi = [-0.33941231  0.10532327 -0.17776639  0.1863374 ]
2025-12-13 21:35:16,517 - INFO - num_full_subsets = 2
2025-12-13 21:35:16,552 - INFO - phi = [-0.43260038 -0.25776254 -0.20336356 -0.47191071]
2025-12-13 21:35:16,568 - INFO - num_full_subsets = 2
2025-12-13 21:35:16,603 - INFO - phi = [0.22394485 0.95056488 1.12432409 0.74731704]
2025-12-13 21:35:16,620 - INFO - num_full_subsets = 2
2025-12-13 21:35:16,655 - INFO - phi = [0.26748188 1.10809989 1.16546224 0.62821603]
2025-12-13 21:35:16,671 - INFO - num_full_subsets = 2
2025-12-13 21:35:16,706 - INFO - phi = [-0.34969034  0.52332093 -0.20379721 -0.06924687]
2025-12-13 21:35:16,722 - INFO - num_full_subsets = 2
2025-12-13 21:35:16,757 - INFO - phi = [-0.23786874  0.81381078 -0.07262554  0.81292757]
2025-12-13 21:35:16,774 - INFO - num_full_subsets = 2
2025-12-13 21:35:16,809 - INFO - phi = [-0.14408506  0.4346819  -0.71987324 -0.02162828]
2025-12-13 21:35:16,826 - INFO - num_full_subsets = 2
2025-12-13 21:35:16,861 - INFO - phi = [-0.16428873  1.05761865 -0.05967862  0.49495765]
2025-12-13 21:35:16,877 - INFO - num_full_subsets = 2
2025-12-13 21:35:16,913 - INFO - phi = [ 0.72933079 -0.35462588 -0.10493012  0.48183345]
2025-12-13 21:35:16,929 - INFO - num_full_subsets = 2
2025-12-13 21:35:16,964 - INFO - phi = [ 1.51119791  0.35886872  0.0148907  -0.79990004]
2025-12-13 21:35:16,980 - INFO - num_full_subsets = 2
2025-12-13 21:35:17,015 - INFO - phi = [-0.40256883 -0.87512567 -0.07868476 -0.29121493]
2025-12-13 21:35:17,032 - INFO - num_full_subsets = 2
2025-12-13 21:35:17,067 - INFO - phi = [-0.43879685 -0.70243905 -0.3596019  -0.14515791]
2025-12-13 21:35:17,083 - INFO - num_full_subsets = 2
2025-12-13 21:35:17,119 - INFO - phi = [-0.26558581  0.30024285 -0.12825254  0.83831087]
2025-12-13 21:35:17,135 - INFO - num_full_subsets = 2
2025-12-13 21:35:17,170 - INFO - phi = [-0.47069665 -1.34178057 -0.12567842  0.12685349]
2025-12-13 21:35:17,186 - INFO - num_full_subsets = 2
2025-12-13 21:35:17,222 - INFO - phi = [ 0.70869165 -0.02656117 -0.39722781  0.49063109]
2025-12-13 21:35:17,238 - INFO - num_full_subsets = 2
2025-12-13 21:35:17,274 - INFO - phi = [-0.43648225 -0.85003876 -0.09813956 -0.3215379 ]
2025-12-13 21:35:17,290 - INFO - num_full_subsets = 2
2025-12-13 21:35:17,325 - INFO - phi = [0.70294982 0.82238556 0.75097446 0.49278181]
2025-12-13 21:35:17,342 - INFO - num_full_subsets = 2
2025-12-13 21:35:17,376 - INFO - phi = [-0.40165056 -0.75459881 -0.33388768  0.20272909]
2025-12-13 21:35:17,392 - INFO - num_full_subsets = 2
2025-12-13 21:35:17,428 - INFO - phi = [ 0.27282254  0.02793759 -0.51671815  0.54233538]
2025-12-13 21:35:17,444 - INFO - num_full_subsets = 2
2025-12-13 21:35:17,479 - INFO - phi = [-0.47771253  0.38742512  0.84128377  0.68465285]
2025-12-13 21:35:17,495 - INFO - num_full_subsets = 2
2025-12-13 21:35:17,530 - INFO - phi = [-0.04331636  0.97129427 -0.48639074  0.74007809]
2025-12-13 21:35:17,547 - INFO - num_full_subsets = 2
2025-12-13 21:35:17,582 - INFO - phi = [0.59820365 0.26170277 1.23300988 0.94808776]
2025-12-13 21:35:17,598 - INFO - num_full_subsets = 2
2025-12-13 21:35:17,633 - INFO - phi = [ 0.34290357  0.51795003 -0.05251696  0.07698631]
2025-12-13 21:35:17,650 - INFO - num_full_subsets = 2
2025-12-13 21:35:17,684 - INFO - phi = [-0.06511895  0.72164321 -0.26793807  0.17570074]
2025-12-13 21:35:17,701 - INFO - num_full_subsets = 2
2025-12-13 21:35:17,736 - INFO - phi = [-0.06953517  0.88529691  0.8042883   0.81903602]
2025-12-13 21:35:17,752 - INFO - num_full_subsets = 2
2025-12-13 21:35:17,787 - INFO - phi = [-0.29091466  0.49956349 -0.33058806 -0.0691777 ]
2025-12-13 21:35:17,803 - INFO - num_full_subsets = 2
2025-12-13 21:35:17,839 - INFO - phi = [-0.43155215 -0.84042995 -0.56506841  0.32815846]
2025-12-13 21:35:17,856 - INFO - num_full_subsets = 2
2025-12-13 21:35:17,891 - INFO - phi = [ 0.23195596  0.62280102 -0.90904309  0.51694644]
2025-12-13 21:35:17,907 - INFO - num_full_subsets = 2
2025-12-13 21:35:17,943 - INFO - phi = [ 1.05174228  0.18198013 -0.36393178 -0.72310661]
2025-12-13 21:35:17,960 - INFO - num_full_subsets = 2
2025-12-13 21:35:17,995 - INFO - phi = [-0.19361383 -0.16700538 -0.22075536 -0.4672302 ]
2025-12-13 21:35:18,012 - INFO - num_full_subsets = 2
2025-12-13 21:35:18,047 - INFO - phi = [-0.18934128 -1.03159755  0.05268522 -0.33792357]
2025-12-13 21:35:18,064 - INFO - num_full_subsets = 2
2025-12-13 21:35:18,099 - INFO - phi = [-0.38642156  0.29353101 -0.21093693 -0.87563382]
2025-12-13 21:35:18,115 - INFO - num_full_subsets = 2
2025-12-13 21:35:18,150 - INFO - phi = [ 0.23741019  0.52389048 -0.41122387  0.62115276]
2025-12-13 21:35:18,166 - INFO - num_full_subsets = 2
2025-12-13 21:35:18,201 - INFO - phi = [ 0.48425233 -0.06474303  0.19063461 -0.74460406]
2025-12-13 21:35:18,217 - INFO - num_full_subsets = 2
2025-12-13 21:35:18,253 - INFO - phi = [ 0.15147125  0.55722906  0.19229951 -0.80681379]
2025-12-13 21:35:18,270 - INFO - num_full_subsets = 2
2025-12-13 21:35:18,305 - INFO - phi = [ 0.20602234  0.56764178 -0.14340713  0.46903081]
2025-12-13 21:35:18,321 - INFO - num_full_subsets = 2
2025-12-13 21:35:18,357 - INFO - phi = [-0.37948596 -0.89249285 -0.17896991 -0.28000096]
2025-12-13 21:35:18,373 - INFO - num_full_subsets = 2
2025-12-13 21:35:18,408 - INFO - phi = [-0.08013565  0.54688075 -0.20212142 -0.29752172]
2025-12-13 21:35:18,424 - INFO - num_full_subsets = 2
2025-12-13 21:35:18,459 - INFO - phi = [-0.20865761  0.67163448 -0.12075824  0.96584318]
2025-12-13 21:35:18,475 - INFO - num_full_subsets = 2
2025-12-13 21:35:18,510 - INFO - phi = [-0.36825593 -0.12969591  0.20818771 -1.046668  ]
2025-12-13 21:35:18,527 - INFO - num_full_subsets = 2
2025-12-13 21:35:18,561 - INFO - phi = [ 0.00481974  0.90209535 -0.22173831  0.5256504 ]
2025-12-13 21:35:18,578 - INFO - num_full_subsets = 2
2025-12-13 21:35:18,613 - INFO - phi = [-0.28763655 -1.29084762  0.63592019 -0.74251894]
2025-12-13 21:35:18,629 - INFO - num_full_subsets = 2
2025-12-13 21:35:18,664 - INFO - phi = [ 0.59647199 -0.14299146 -0.38933922  0.51888788]
2025-12-13 21:35:18,681 - INFO - num_full_subsets = 2
2025-12-13 21:35:18,715 - INFO - phi = [-0.46647759 -0.53862574 -0.17821175 -0.50921384]
2025-12-13 21:35:18,731 - INFO - num_full_subsets = 2
2025-12-13 21:35:18,766 - INFO - phi = [-0.28616688 -0.99287908 -0.20664731  0.16848049]
2025-12-13 21:35:18,782 - INFO - num_full_subsets = 2
2025-12-13 21:35:18,817 - INFO - phi = [-0.28102961  1.03131711 -0.06044843  0.36854246]
2025-12-13 21:35:18,833 - INFO - num_full_subsets = 2
2025-12-13 21:35:18,868 - INFO - phi = [0.04015273 1.08811037 1.01870143 0.98929086]
2025-12-13 21:35:18,884 - INFO - num_full_subsets = 2
2025-12-13 21:35:18,919 - INFO - phi = [-0.27219575  0.37297424 -0.40302694  0.16476505]
2025-12-13 21:35:18,935 - INFO - num_full_subsets = 2
2025-12-13 21:35:18,971 - INFO - phi = [-0.43461847 -0.83433941 -0.12036317 -0.16055235]
2025-12-13 21:35:18,987 - INFO - num_full_subsets = 2
2025-12-13 21:35:19,023 - INFO - phi = [-0.28095422 -0.26050983  0.24333449 -0.23728336]
2025-12-13 21:35:19,039 - INFO - num_full_subsets = 2
2025-12-13 21:35:19,074 - INFO - phi = [-0.32571074 -0.90257755  0.55051786 -0.28534745]
2025-12-13 21:35:19,090 - INFO - num_full_subsets = 2
2025-12-13 21:35:19,125 - INFO - phi = [-0.46430173 -0.99889995 -0.13810475  0.07078493]
2025-12-13 21:35:19,142 - INFO - num_full_subsets = 2
2025-12-13 21:35:19,177 - INFO - phi = [-0.04413341  1.09611165  0.75378788  0.62782871]
2025-12-13 21:35:19,193 - INFO - num_full_subsets = 2
2025-12-13 21:35:19,229 - INFO - phi = [0.02456315 0.26030942 1.14882583 1.00339751]
2025-12-13 21:35:19,245 - INFO - num_full_subsets = 2
2025-12-13 21:35:19,280 - INFO - phi = [ 0.02209507  0.87830914 -0.34278998  0.5679031 ]
2025-12-13 21:35:19,296 - INFO - num_full_subsets = 2
2025-12-13 21:35:19,331 - INFO - phi = [0.16772813 0.55693688 1.08420861 0.21919442]
2025-12-13 21:35:19,347 - INFO - num_full_subsets = 2
2025-12-13 21:35:19,383 - INFO - phi = [-0.432418   -0.42178142 -0.17079088 -0.06457502]
2025-12-13 21:35:19,399 - INFO - num_full_subsets = 2
2025-12-13 21:35:19,434 - INFO - phi = [ 1.20865098  0.29539147 -0.08650956 -0.74291749]
2025-12-13 21:35:19,450 - INFO - num_full_subsets = 2
2025-12-13 21:35:19,485 - INFO - phi = [-0.16496016 -0.21756137  0.71372197 -0.4245697 ]
2025-12-13 21:35:19,502 - INFO - num_full_subsets = 2
2025-12-13 21:35:19,536 - INFO - phi = [0.76153919 0.24706133 0.58005059 0.71102789]
2025-12-13 21:35:19,552 - INFO - num_full_subsets = 2
2025-12-13 21:35:19,587 - INFO - phi = [-0.20957508 -1.09878804 -0.0191407  -0.34653605]
2025-12-13 21:35:19,604 - INFO - num_full_subsets = 2
2025-12-13 21:35:19,639 - INFO - phi = [-0.01361897  1.07321285  0.81810689  0.9857732 ]
2025-12-13 21:35:19,655 - INFO - num_full_subsets = 2
2025-12-13 21:35:19,690 - INFO - phi = [-0.41685816 -1.03640797 -0.20329476 -0.08661748]
2025-12-13 21:35:19,706 - INFO - num_full_subsets = 2
2025-12-13 21:35:19,741 - INFO - phi = [-0.42550127 -0.97961292 -0.16051062 -0.037002  ]
2025-12-13 21:35:19,757 - INFO - num_full_subsets = 2
2025-12-13 21:35:19,792 - INFO - phi = [ 0.34693653  0.80011758 -0.27878433  0.69703133]
2025-12-13 21:35:19,808 - INFO - num_full_subsets = 2
2025-12-13 21:35:19,843 - INFO - phi = [-0.38950956 -1.06831346  0.88069262 -0.77045266]
2025-12-13 21:35:19,860 - INFO - num_full_subsets = 2
2025-12-13 21:35:19,895 - INFO - phi = [-0.46797282 -1.21905676 -0.1575438   0.10548704]
2025-12-13 21:35:19,911 - INFO - num_full_subsets = 2
2025-12-13 21:35:19,946 - INFO - phi = [-0.4365445  -1.20438206 -0.25016793  0.0436917 ]
2025-12-13 21:35:19,963 - INFO - num_full_subsets = 2
2025-12-13 21:35:19,998 - INFO - phi = [ 0.17003412  0.16142878 -0.18165845  0.30353733]
2025-12-13 21:35:20,014 - INFO - num_full_subsets = 2
2025-12-13 21:35:20,050 - INFO - phi = [-0.33581805 -0.859123    0.40751484 -0.06068649]
2025-12-13 21:35:20,067 - INFO - num_full_subsets = 2
2025-12-13 21:35:20,102 - INFO - phi = [ 0.75302405  0.32446847 -0.1114747  -1.11004253]
2025-12-13 21:35:20,119 - INFO - num_full_subsets = 2
2025-12-13 21:35:20,153 - INFO - phi = [-0.11540617  0.71821798 -0.18627545  0.62029723]
2025-12-13 21:35:20,170 - INFO - num_full_subsets = 2
2025-12-13 21:35:20,205 - INFO - phi = [ 0.58969855  0.77623407 -0.20472047  0.64156022]
2025-12-13 21:35:20,221 - INFO - num_full_subsets = 2
2025-12-13 21:35:20,257 - INFO - phi = [ 0.79912429  0.11125816  0.12732191 -0.89058562]
2025-12-13 21:35:20,273 - INFO - num_full_subsets = 2
2025-12-13 21:35:20,308 - INFO - phi = [ 0.86219839  0.36995007 -0.10046808  0.32790933]
2025-12-13 21:35:20,324 - INFO - num_full_subsets = 2
2025-12-13 21:35:20,359 - INFO - phi = [-0.37365425 -0.74533077  0.0829701  -0.5951468 ]
2025-12-13 21:35:20,376 - INFO - num_full_subsets = 2
2025-12-13 21:35:20,411 - INFO - phi = [ 0.31512898  0.42093758  0.32868202 -0.03906275]
2025-12-13 21:35:20,428 - INFO - num_full_subsets = 2
2025-12-13 21:35:20,463 - INFO - phi = [-0.22110185  0.93816724 -0.37629256  0.6048812 ]
2025-12-13 21:35:20,479 - INFO - num_full_subsets = 2
2025-12-13 21:35:20,514 - INFO - phi = [-0.05111678  1.33588163  0.83200922  0.33313665]
2025-12-13 21:35:20,530 - INFO - num_full_subsets = 2
2025-12-13 21:35:20,565 - INFO - phi = [ 1.21100908 -0.33128677 -0.04954888 -1.08762763]
2025-12-13 21:35:20,581 - INFO - num_full_subsets = 2
2025-12-13 21:35:20,615 - INFO - phi = [-0.42310461 -1.00309923 -0.10976243 -0.1730416 ]
2025-12-13 21:35:20,632 - INFO - num_full_subsets = 2
2025-12-13 21:35:20,667 - INFO - phi = [-0.42236511 -0.67476712 -0.10034343 -0.45651152]
2025-12-13 21:35:20,684 - INFO - num_full_subsets = 2
2025-12-13 21:35:20,719 - INFO - phi = [-0.05949115  0.62899471 -0.39197933  0.00541026]
2025-12-13 21:35:20,735 - INFO - num_full_subsets = 2
2025-12-13 21:35:20,770 - INFO - phi = [-0.07735024  0.0870769  -0.53518838 -0.13896557]
2025-12-13 21:35:20,786 - INFO - num_full_subsets = 2
2025-12-13 21:35:20,821 - INFO - phi = [-0.27568817 -0.90292125 -0.08894352 -0.48779229]
2025-12-13 21:35:20,837 - INFO - num_full_subsets = 2
2025-12-13 21:35:20,873 - INFO - phi = [ 0.21433067  0.48657876 -0.05391238 -1.01578316]
2025-12-13 21:35:20,889 - INFO - num_full_subsets = 2
2025-12-13 21:35:20,924 - INFO - phi = [0.71255163 0.24595692 0.24090056 0.69499216]
2025-12-13 21:35:20,940 - INFO - num_full_subsets = 2
2025-12-13 21:35:20,975 - INFO - phi = [ 0.29056756  0.8762845  -0.42542846  0.60545572]
2025-12-13 21:35:20,991 - INFO - num_full_subsets = 2
2025-12-13 21:35:21,026 - INFO - phi = [-0.39643072 -0.34223656 -0.13606714 -0.19927456]
2025-12-13 21:35:21,042 - INFO - num_full_subsets = 2
2025-12-13 21:35:21,078 - INFO - phi = [-0.36628483  0.00996438 -0.19338516  0.37975238]
2025-12-13 21:35:21,094 - INFO - num_full_subsets = 2
2025-12-13 21:35:21,129 - INFO - phi = [-0.30813826 -0.0967057  -0.21593639  0.56770348]
2025-12-13 21:35:21,146 - INFO - num_full_subsets = 2
2025-12-13 21:35:21,182 - INFO - phi = [ 0.71089777  0.32473031 -0.07458247  0.63451056]
2025-12-13 21:35:21,198 - INFO - num_full_subsets = 2
2025-12-13 21:35:21,233 - INFO - phi = [-0.26250272  0.31680351 -0.54997997  0.61787084]
2025-12-13 21:35:21,250 - INFO - num_full_subsets = 2
2025-12-13 21:35:21,285 - INFO - phi = [0.45186215 0.75764407 0.05713295 0.61930358]
2025-12-13 21:35:21,301 - INFO - num_full_subsets = 2
2025-12-13 21:35:21,336 - INFO - phi = [-0.1619346   0.93458429 -0.27767117  0.81167455]
2025-12-13 21:35:21,353 - INFO - num_full_subsets = 2
2025-12-13 21:35:21,388 - INFO - phi = [-0.42887237 -0.33062595 -0.88994196  0.32056243]
2025-12-13 21:35:21,404 - INFO - num_full_subsets = 2
2025-12-13 21:35:21,439 - INFO - phi = [-0.39814321 -1.61500862  0.0887439   0.25836231]
2025-12-13 21:35:21,456 - INFO - num_full_subsets = 2
2025-12-13 21:35:21,490 - INFO - phi = [ 0.43063821 -0.08863985  1.29307433  0.421665  ]
2025-12-13 21:35:21,507 - INFO - num_full_subsets = 2
2025-12-13 21:35:21,542 - INFO - phi = [-0.41861383 -0.55201889 -0.10876249 -0.60379014]
2025-12-13 21:35:21,558 - INFO - num_full_subsets = 2
2025-12-13 21:35:21,592 - INFO - phi = [-0.40899103 -0.85352461 -0.16839372  0.38763892]
2025-12-13 21:35:21,608 - INFO - num_full_subsets = 2
2025-12-13 21:35:21,643 - INFO - phi = [ 0.03544136  0.07302389 -0.04325391  0.33161046]
2025-12-13 21:35:21,660 - INFO - num_full_subsets = 2
2025-12-13 21:35:21,695 - INFO - phi = [-0.458585   -0.96383429 -0.09752658 -0.15778841]
2025-12-13 21:35:21,711 - INFO - num_full_subsets = 2
2025-12-13 21:35:21,746 - INFO - phi = [ 0.89061564  0.07183528 -0.09699481 -1.62060231]
2025-12-13 21:35:21,762 - INFO - num_full_subsets = 2
2025-12-13 21:35:21,797 - INFO - phi = [-0.44470128 -0.62644982 -0.42060744 -0.05593376]
2025-12-13 21:35:21,813 - INFO - num_full_subsets = 2
2025-12-13 21:35:21,848 - INFO - phi = [-0.05924166  1.13649679 -0.05452062 -0.2702117 ]
2025-12-13 21:35:21,864 - INFO - num_full_subsets = 2
2025-12-13 21:35:21,899 - INFO - phi = [ 0.18368223  0.71165739  0.07780091 -0.00131843]
2025-12-13 21:35:21,916 - INFO - num_full_subsets = 2
2025-12-13 21:35:21,950 - INFO - phi = [-0.02805736  0.8857835  -0.47974885  0.51387548]
2025-12-13 21:35:21,967 - INFO - num_full_subsets = 2
2025-12-13 21:35:22,002 - INFO - phi = [ 1.35260019 -0.03396832 -0.0433709  -1.11336454]
2025-12-13 21:35:22,018 - INFO - num_full_subsets = 2
2025-12-13 21:35:22,053 - INFO - phi = [-0.11947607  0.88650301 -0.10722284  0.79004161]
2025-12-13 21:35:22,070 - INFO - num_full_subsets = 2
2025-12-13 21:35:22,106 - INFO - phi = [-0.01074545  0.66343319 -0.33692786  0.63544349]
2025-12-13 21:35:22,122 - INFO - num_full_subsets = 2
2025-12-13 21:35:22,157 - INFO - phi = [-0.42568372 -1.07547423 -0.09128003 -0.16476221]
2025-12-13 21:35:22,174 - INFO - num_full_subsets = 2
2025-12-13 21:35:22,209 - INFO - phi = [-0.38671496 -0.8735592   0.00284195  0.32885568]
2025-12-13 21:35:22,226 - INFO - num_full_subsets = 2
2025-12-13 21:35:22,261 - INFO - phi = [-0.10876065  0.06518602 -0.38299947  0.3802781 ]
2025-12-13 21:35:22,278 - INFO - num_full_subsets = 2
2025-12-13 21:35:22,314 - INFO - phi = [ 0.85715054  0.46595254  0.24970824 -1.24027233]
2025-12-13 21:35:22,330 - INFO - num_full_subsets = 2
2025-12-13 21:35:22,366 - INFO - phi = [-0.20634594  0.92637674  0.15704675  0.85935806]
2025-12-13 21:35:22,382 - INFO - num_full_subsets = 2
2025-12-13 21:35:22,418 - INFO - phi = [-0.41648906 -1.10341045 -0.19218443 -0.10913128]
2025-12-13 21:35:22,434 - INFO - num_full_subsets = 2
2025-12-13 21:35:22,469 - INFO - phi = [ 0.69984397 -0.07138163 -0.51905748  0.48927805]
2025-12-13 21:35:22,485 - INFO - num_full_subsets = 2
2025-12-13 21:35:22,520 - INFO - phi = [ 1.55794182  0.18271834  0.04686282 -1.14851236]
2025-12-13 21:35:22,537 - INFO - num_full_subsets = 2
2025-12-13 21:35:22,572 - INFO - phi = [-0.43228266 -1.05506351 -0.04172637  0.48824341]
2025-12-13 21:35:22,589 - INFO - num_full_subsets = 2
2025-12-13 21:35:22,624 - INFO - phi = [-0.39233036 -1.15021979  0.17968078 -0.25432908]
2025-12-13 21:35:22,641 - INFO - num_full_subsets = 2
2025-12-13 21:35:22,677 - INFO - phi = [-0.29091466  0.49956349 -0.33058806 -0.0691777 ]
2025-12-13 21:35:23,190 - INFO - Computing feature importance...
2025-12-13 21:35:24,046 - INFO - Experiment completed for SVM
2025-12-13 21:35:24,047 - INFO - Total time: 25.51s (0.43 min)
2025-12-13 21:35:24,047 - INFO - Starting comprehensive experiment for SVM
2025-12-13 21:35:33,350 - INFO - Performing feature analysis...
2025-12-13 21:35:34,525 - INFO - Model justification: Effective for high-dimensional spaces and non-linear relationships using kernel trick
2025-12-13 21:35:34,525 - INFO - Performing robust cross-validation...
2025-12-13 21:35:34,709 - INFO - CV Results - MSE: 1.6671 ± 0.2482
2025-12-13 21:35:34,709 - INFO - Starting hyperparameter optimization...
2025-12-13 21:35:38,996 - INFO - Best parameters for SVM: {'C': 12.987873716115738, 'epsilon': 0.04047659823027333, 'kernel': 'rbf'}
2025-12-13 21:35:38,996 - INFO - ⏱️ HPO took 4.29 seconds
2025-12-13 21:35:38,996 - INFO - Training final model...
2025-12-13 21:35:39,017 - INFO - ⏱️ Training took 0.02 seconds
2025-12-13 21:35:39,017 - INFO - Performing residual analysis...
2025-12-13 21:35:40,083 - INFO - Generating XAI explanations...
2025-12-13 21:35:40,086 - WARNING - Using 168 background data samples could cause slower run times. Consider using shap.sample(data, K) or shap.kmeans(data, K) to summarize the background as K samples.
2025-12-13 21:35:40,103 - INFO - num_full_subsets = 2
2025-12-13 21:35:40,137 - INFO - phi = [-0.28311608 -0.37363953  0.13818288 -1.10898184]
2025-12-13 21:35:40,154 - INFO - num_full_subsets = 2
2025-12-13 21:35:40,189 - INFO - phi = [ 0.02824904  1.09924249 -0.29750498  0.87874172]
2025-12-13 21:35:40,206 - INFO - num_full_subsets = 2
2025-12-13 21:35:40,241 - INFO - phi = [-0.08349467 -1.08500991  0.78675036 -1.05538616]
2025-12-13 21:35:40,258 - INFO - num_full_subsets = 2
2025-12-13 21:35:40,293 - INFO - phi = [-0.03955701  0.11951334  0.12607163  0.6632598 ]
2025-12-13 21:35:40,310 - INFO - num_full_subsets = 2
2025-12-13 21:35:40,345 - INFO - phi = [-0.13697993  0.57474561 -0.25670111  0.94188619]
2025-12-13 21:35:40,361 - INFO - num_full_subsets = 2
2025-12-13 21:35:40,397 - INFO - phi = [-0.02830302  0.79317442 -0.33233572  0.27826676]
2025-12-13 21:35:40,413 - INFO - num_full_subsets = 2
2025-12-13 21:35:40,448 - INFO - phi = [ 0.26880406  0.53016425 -0.08061252  0.12645569]
2025-12-13 21:35:40,464 - INFO - num_full_subsets = 2
2025-12-13 21:35:40,498 - INFO - phi = [ 0.88284537  0.22284262  0.07828727 -0.19917788]
2025-12-13 21:35:40,515 - INFO - num_full_subsets = 2
2025-12-13 21:35:40,550 - INFO - phi = [-0.05608377 -0.86289868  1.03263434 -1.10722842]
2025-12-13 21:35:40,566 - INFO - num_full_subsets = 2
2025-12-13 21:35:40,600 - INFO - phi = [-0.35119115 -0.24855972 -0.20368079 -0.45766537]
2025-12-13 21:35:40,617 - INFO - num_full_subsets = 2
2025-12-13 21:35:40,651 - INFO - phi = [ 0.02727418 -0.34152981  1.62160922 -1.16814465]
2025-12-13 21:35:40,668 - INFO - num_full_subsets = 2
2025-12-13 21:35:40,702 - INFO - phi = [ 0.58087941  1.02843697 -0.24078783  0.76981203]
2025-12-13 21:35:40,718 - INFO - num_full_subsets = 2
2025-12-13 21:35:40,753 - INFO - phi = [-0.46368082  0.55347356  0.87015257  0.76877994]
2025-12-13 21:35:40,769 - INFO - num_full_subsets = 2
2025-12-13 21:35:40,804 - INFO - phi = [ 0.88680667  0.31638819 -0.1415812  -0.52748975]
2025-12-13 21:35:40,820 - INFO - num_full_subsets = 2
2025-12-13 21:35:40,856 - INFO - phi = [-0.05404984  0.55193945 -0.13172535  0.75237019]
2025-12-13 21:35:40,872 - INFO - num_full_subsets = 2
2025-12-13 21:35:40,907 - INFO - phi = [ 0.35608492  0.44137926  0.5130689  -0.91537406]
2025-12-13 21:35:40,923 - INFO - num_full_subsets = 2
2025-12-13 21:35:40,958 - INFO - phi = [0.06931271 1.02279006 0.96734035 0.75969621]
2025-12-13 21:35:40,974 - INFO - num_full_subsets = 2
2025-12-13 21:35:41,008 - INFO - phi = [-0.02888342  0.74308237 -0.2941041   0.73572001]
2025-12-13 21:35:41,025 - INFO - num_full_subsets = 2
2025-12-13 21:35:41,060 - INFO - phi = [ 0.01775634  0.38069282  0.40728958 -0.69503357]
2025-12-13 21:35:41,076 - INFO - num_full_subsets = 2
2025-12-13 21:35:41,111 - INFO - phi = [-0.33216281 -0.63008059  0.09519202 -0.88580322]
2025-12-13 21:35:41,128 - INFO - num_full_subsets = 2
2025-12-13 21:35:41,163 - INFO - phi = [-0.17241652  0.94496202 -0.25881939  0.92745552]
2025-12-13 21:35:41,179 - INFO - num_full_subsets = 2
2025-12-13 21:35:41,214 - INFO - phi = [-0.35076586 -0.29370152 -1.92131554 -0.07094333]
2025-12-13 21:35:41,231 - INFO - num_full_subsets = 2
2025-12-13 21:35:41,265 - INFO - phi = [-0.14813943  0.58770501 -0.26452471  0.89935377]
2025-12-13 21:35:41,282 - INFO - num_full_subsets = 2
2025-12-13 21:35:41,318 - INFO - phi = [ 0.09061719  0.25415434 -0.14975741  0.53338657]
2025-12-13 21:35:41,334 - INFO - num_full_subsets = 2
2025-12-13 21:35:41,370 - INFO - phi = [-0.30567375 -0.50297147 -0.14879277 -0.70497091]
2025-12-13 21:35:41,386 - INFO - num_full_subsets = 2
2025-12-13 21:35:41,421 - INFO - phi = [ 0.73904085  0.82734779 -0.30315702  0.49228545]
2025-12-13 21:35:41,438 - INFO - num_full_subsets = 2
2025-12-13 21:35:41,473 - INFO - phi = [ 0.69518898 -0.12589348 -0.49838239  0.50489358]
2025-12-13 21:35:41,489 - INFO - num_full_subsets = 2
2025-12-13 21:35:41,525 - INFO - phi = [-0.06312669  0.53753685 -0.45672053  0.75736295]
2025-12-13 21:35:41,541 - INFO - num_full_subsets = 2
2025-12-13 21:35:41,576 - INFO - phi = [-0.1293408   0.97135748 -1.28452374  0.48662526]
2025-12-13 21:35:41,593 - INFO - num_full_subsets = 2
2025-12-13 21:35:41,628 - INFO - phi = [-0.34135765 -0.79852289 -0.25139581 -0.26718839]
2025-12-13 21:35:41,644 - INFO - num_full_subsets = 2
2025-12-13 21:35:41,679 - INFO - phi = [-0.34295997 -1.02274375 -0.21305343  0.21194476]
2025-12-13 21:35:41,695 - INFO - num_full_subsets = 2
2025-12-13 21:35:41,730 - INFO - phi = [ 0.5257278  -0.25854801 -0.16018191  0.45060706]
2025-12-13 21:35:41,746 - INFO - num_full_subsets = 2
2025-12-13 21:35:41,781 - INFO - phi = [-0.34784464 -0.60598387 -0.10664932 -0.5383997 ]
2025-12-13 21:35:41,797 - INFO - num_full_subsets = 2
2025-12-13 21:35:41,832 - INFO - phi = [-0.34601333 -1.3560026  -0.35565383  0.20238868]
2025-12-13 21:35:41,849 - INFO - num_full_subsets = 2
2025-12-13 21:35:41,883 - INFO - phi = [-0.29084778  0.7963954  -0.36487415 -0.68841928]
2025-12-13 21:35:41,900 - INFO - num_full_subsets = 2
2025-12-13 21:35:41,934 - INFO - phi = [ 0.54023715  0.26431224 -0.73950071  0.45039757]
2025-12-13 21:35:41,950 - INFO - num_full_subsets = 2
2025-12-13 21:35:41,985 - INFO - phi = [ 0.6596229   0.31407629 -0.00982879 -0.64014662]
2025-12-13 21:35:42,002 - INFO - num_full_subsets = 2
2025-12-13 21:35:42,037 - INFO - phi = [ 0.33231969  0.73557648 -0.10964052  0.69415601]
2025-12-13 21:35:42,053 - INFO - num_full_subsets = 2
2025-12-13 21:35:42,088 - INFO - phi = [-0.10532573  0.80569816 -0.53016564  0.68725344]
2025-12-13 21:35:42,104 - INFO - num_full_subsets = 2
2025-12-13 21:35:42,139 - INFO - phi = [-0.02888342  0.74308237 -0.2941041   0.73572001]
2025-12-13 21:35:42,156 - INFO - num_full_subsets = 2
2025-12-13 21:35:42,190 - INFO - phi = [-0.016287    0.81107565  0.22652203  0.57910231]
2025-12-13 21:35:42,206 - INFO - num_full_subsets = 2
2025-12-13 21:35:42,241 - INFO - phi = [-0.23928517 -0.69201387  0.49933014 -1.15090543]
2025-12-13 21:35:42,257 - INFO - num_full_subsets = 2
2025-12-13 21:35:42,293 - INFO - phi = [-0.25599572 -0.05555045  0.25746501 -1.2725423 ]
2025-12-13 21:35:42,309 - INFO - num_full_subsets = 2
2025-12-13 21:35:42,344 - INFO - phi = [-0.27533941 -1.08887214  0.44491994 -0.38693764]
2025-12-13 21:35:42,361 - INFO - num_full_subsets = 2
2025-12-13 21:35:42,396 - INFO - phi = [-0.39824115  0.71670796  0.34159913  0.48406198]
2025-12-13 21:35:42,412 - INFO - num_full_subsets = 2
2025-12-13 21:35:42,447 - INFO - phi = [ 0.23617889  0.4588001  -0.58784158  0.64220449]
2025-12-13 21:35:42,464 - INFO - num_full_subsets = 2
2025-12-13 21:35:42,499 - INFO - phi = [-0.2248568  -0.07540866 -0.23355019  0.69192237]
2025-12-13 21:35:42,515 - INFO - num_full_subsets = 2
2025-12-13 21:35:42,551 - INFO - phi = [ 0.66428539  0.31348708 -0.14312849 -1.05111881]
2025-12-13 21:35:42,567 - INFO - num_full_subsets = 2
2025-12-13 21:35:42,602 - INFO - phi = [ 0.94661953  0.05166993 -0.0880515  -1.01035367]
2025-12-13 21:35:42,618 - INFO - num_full_subsets = 2
2025-12-13 21:35:42,652 - INFO - phi = [ 0.70555452  0.40860019 -0.14011672 -0.16880856]
2025-12-13 21:35:42,668 - INFO - num_full_subsets = 2
2025-12-13 21:35:42,703 - INFO - phi = [ 0.56915203 -0.07360708  0.63298014 -0.82775282]
2025-12-13 21:35:42,719 - INFO - num_full_subsets = 2
2025-12-13 21:35:42,753 - INFO - phi = [ 0.73620064  0.05895447 -0.09762491 -1.48496453]
2025-12-13 21:35:42,770 - INFO - num_full_subsets = 2
2025-12-13 21:35:42,805 - INFO - phi = [-0.00380138  0.84719256  0.16140856  0.53449924]
2025-12-13 21:35:42,821 - INFO - num_full_subsets = 2
2025-12-13 21:35:42,856 - INFO - phi = [-0.78869946  0.52188704  0.79794014  0.7604603 ]
2025-12-13 21:35:42,872 - INFO - num_full_subsets = 2
2025-12-13 21:35:42,907 - INFO - phi = [-0.08830929  1.08190742 -0.35602111  0.59994835]
2025-12-13 21:35:42,923 - INFO - num_full_subsets = 2
2025-12-13 21:35:42,958 - INFO - phi = [-0.20608105  0.51665669  0.64573786 -0.41598861]
2025-12-13 21:35:42,974 - INFO - num_full_subsets = 2
2025-12-13 21:35:43,009 - INFO - phi = [-0.37102333 -0.44468405 -1.90438762 -0.01502341]
2025-12-13 21:35:43,026 - INFO - num_full_subsets = 2
2025-12-13 21:35:43,061 - INFO - phi = [-0.05759076 -0.15446549 -0.24464686  0.65708893]
2025-12-13 21:35:43,077 - INFO - num_full_subsets = 2
2025-12-13 21:35:43,112 - INFO - phi = [-0.69317433  0.37317363  0.83383324  0.79572792]
2025-12-13 21:35:43,129 - INFO - num_full_subsets = 2
2025-12-13 21:35:43,164 - INFO - phi = [ 1.02922055  0.43608099  0.01529057 -0.97278818]
2025-12-13 21:35:43,180 - INFO - num_full_subsets = 2
2025-12-13 21:35:43,215 - INFO - phi = [-0.11463481  0.40553004 -0.41166703  0.52826444]
2025-12-13 21:35:43,232 - INFO - num_full_subsets = 2
2025-12-13 21:35:43,266 - INFO - phi = [-0.31180383 -0.80657516 -1.06356818  0.30916172]
2025-12-13 21:35:43,283 - INFO - num_full_subsets = 2
2025-12-13 21:35:43,318 - INFO - phi = [ 0.38689569  0.76442273 -0.05302372  0.5990451 ]
2025-12-13 21:35:43,334 - INFO - num_full_subsets = 2
2025-12-13 21:35:43,369 - INFO - phi = [ 0.57609093  0.65243927 -0.27433361  0.58236511]
2025-12-13 21:35:43,386 - INFO - num_full_subsets = 2
2025-12-13 21:35:43,420 - INFO - phi = [-0.34365045 -0.94044865 -0.16761798 -0.1694564 ]
2025-12-13 21:35:43,436 - INFO - num_full_subsets = 2
2025-12-13 21:35:43,471 - INFO - phi = [0.10205938 0.92411877 1.11716553 1.10531965]
2025-12-13 21:35:43,487 - INFO - num_full_subsets = 2
2025-12-13 21:35:43,522 - INFO - phi = [0.02268285 0.79372315 0.88377425 0.89279169]
2025-12-13 21:35:43,538 - INFO - num_full_subsets = 2
2025-12-13 21:35:43,573 - INFO - phi = [ 1.0666569   0.33663437 -0.05286528 -1.01918973]
2025-12-13 21:35:43,589 - INFO - num_full_subsets = 2
2025-12-13 21:35:43,624 - INFO - phi = [-0.11463481  0.40553004 -0.41166703  0.52826444]
2025-12-13 21:35:43,640 - INFO - num_full_subsets = 2
2025-12-13 21:35:43,675 - INFO - phi = [-0.29044124 -1.13151852 -0.49105515  0.36387305]
2025-12-13 21:35:43,691 - INFO - num_full_subsets = 2
2025-12-13 21:35:43,726 - INFO - phi = [0.11934421 0.24717321 1.37806902 1.18181094]
2025-12-13 21:35:43,742 - INFO - num_full_subsets = 2
2025-12-13 21:35:43,777 - INFO - phi = [-0.04886358 -1.14151277  0.85683832 -1.19522546]
2025-12-13 21:35:43,793 - INFO - num_full_subsets = 2
2025-12-13 21:35:43,828 - INFO - phi = [ 0.55397897  0.50399217 -0.19813362 -0.22113305]
2025-12-13 21:35:43,844 - INFO - num_full_subsets = 2
2025-12-13 21:35:43,879 - INFO - phi = [-0.2570721  -0.95018446  0.07380121  0.78332558]
2025-12-13 21:35:43,896 - INFO - num_full_subsets = 2
2025-12-13 21:35:43,931 - INFO - phi = [-0.09320296  0.95939801 -0.3758381   0.84372623]
2025-12-13 21:35:43,947 - INFO - num_full_subsets = 2
2025-12-13 21:35:43,981 - INFO - phi = [-0.06385175 -0.01578014  0.09930079  0.17013862]
2025-12-13 21:35:43,998 - INFO - num_full_subsets = 2
2025-12-13 21:35:44,033 - INFO - phi = [-0.13369555 -0.81588798 -0.06466702 -0.59702427]
2025-12-13 21:35:44,050 - INFO - num_full_subsets = 2
2025-12-13 21:35:44,085 - INFO - phi = [-0.06934432 -0.3900237  -0.06171308  0.33649463]
2025-12-13 21:35:44,102 - INFO - num_full_subsets = 2
2025-12-13 21:35:44,136 - INFO - phi = [ 0.15495969  0.89854534 -0.25671845  0.82552802]
2025-12-13 21:35:44,153 - INFO - num_full_subsets = 2
2025-12-13 21:35:44,188 - INFO - phi = [ 0.34025878  0.82187632 -0.35510305  0.75104918]
2025-12-13 21:35:44,204 - INFO - num_full_subsets = 2
2025-12-13 21:35:44,239 - INFO - phi = [ 0.82450087  0.36428066 -0.10655523  0.38969853]
2025-12-13 21:35:44,255 - INFO - num_full_subsets = 2
2025-12-13 21:35:44,290 - INFO - phi = [-0.1485684  -0.97906699  1.01382017 -1.12287515]
2025-12-13 21:35:44,307 - INFO - num_full_subsets = 2
2025-12-13 21:35:44,341 - INFO - phi = [-0.36574437 -0.91201598 -0.14647287 -0.16443425]
2025-12-13 21:35:44,358 - INFO - num_full_subsets = 2
2025-12-13 21:35:44,392 - INFO - phi = [-0.34928643 -0.98960709 -0.31320373 -0.05357978]
2025-12-13 21:35:44,408 - INFO - num_full_subsets = 2
2025-12-13 21:35:44,444 - INFO - phi = [-0.33614008 -0.98063098 -0.48122296  0.10551729]
2025-12-13 21:35:44,460 - INFO - num_full_subsets = 2
2025-12-13 21:35:44,494 - INFO - phi = [-0.33532219 -0.5461276  -0.18670276 -0.57467927]
2025-12-13 21:35:44,511 - INFO - num_full_subsets = 2
2025-12-13 21:35:44,546 - INFO - phi = [ 0.75860726  0.18815245 -0.29692366  0.64238308]
2025-12-13 21:35:44,562 - INFO - num_full_subsets = 2
2025-12-13 21:35:44,597 - INFO - phi = [-0.24759372 -0.90620915 -0.56675928  0.20713416]
2025-12-13 21:35:44,614 - INFO - num_full_subsets = 2
2025-12-13 21:35:44,649 - INFO - phi = [ 0.28319816  0.85792498 -0.388891    0.56673412]
2025-12-13 21:35:44,665 - INFO - num_full_subsets = 2
2025-12-13 21:35:44,699 - INFO - phi = [-0.33029892 -0.9400272  -0.20980504  0.22164448]
2025-12-13 21:35:44,716 - INFO - num_full_subsets = 2
2025-12-13 21:35:44,750 - INFO - phi = [-0.1311503   0.60539174 -0.43008749  0.51793951]
2025-12-13 21:35:44,766 - INFO - num_full_subsets = 2
2025-12-13 21:35:44,800 - INFO - phi = [ 0.88284537  0.22284262  0.07828727 -0.19917788]
2025-12-13 21:35:44,817 - INFO - num_full_subsets = 2
2025-12-13 21:35:44,851 - INFO - phi = [-0.34170694 -0.52759695 -0.04195144 -0.51204226]
2025-12-13 21:35:44,867 - INFO - num_full_subsets = 2
2025-12-13 21:35:44,902 - INFO - phi = [-0.14372098 -0.03180464 -0.73339576  0.40452584]
2025-12-13 21:35:44,918 - INFO - num_full_subsets = 2
2025-12-13 21:35:44,953 - INFO - phi = [ 0.10520298  1.02574762 -0.22168464  0.46200447]
2025-12-13 21:35:44,970 - INFO - num_full_subsets = 2
2025-12-13 21:35:45,004 - INFO - phi = [-0.22014339 -0.43791875 -0.99068745  0.19610227]
2025-12-13 21:35:45,021 - INFO - num_full_subsets = 2
2025-12-13 21:35:45,056 - INFO - phi = [-0.07004209  0.38854566 -0.19671836  0.55499561]
2025-12-13 21:35:45,073 - INFO - num_full_subsets = 2
2025-12-13 21:35:45,108 - INFO - phi = [-0.19534751 -0.64761147  0.02928726 -0.79775438]
2025-12-13 21:35:45,125 - INFO - num_full_subsets = 2
2025-12-13 21:35:45,160 - INFO - phi = [ 0.12838771  0.62652428  2.03637889 -1.18490612]
2025-12-13 21:35:45,177 - INFO - num_full_subsets = 2
2025-12-13 21:35:45,212 - INFO - phi = [ 0.29427492  1.01107349 -0.48103384  0.69132431]
2025-12-13 21:35:45,228 - INFO - num_full_subsets = 2
2025-12-13 21:35:45,264 - INFO - phi = [-0.36943008 -0.62857103 -0.07079433 -0.66803581]
2025-12-13 21:35:45,280 - INFO - num_full_subsets = 2
2025-12-13 21:35:45,315 - INFO - phi = [ 0.04274423 -0.68068354  1.57657305 -1.30752322]
2025-12-13 21:35:45,331 - INFO - num_full_subsets = 2
2025-12-13 21:35:45,367 - INFO - phi = [ 0.01157726  1.13477498 -0.39161038  0.84175521]
2025-12-13 21:35:45,383 - INFO - num_full_subsets = 2
2025-12-13 21:35:45,418 - INFO - phi = [-0.37177639 -0.56885551 -0.15536582 -0.37778023]
2025-12-13 21:35:45,435 - INFO - num_full_subsets = 2
2025-12-13 21:35:45,470 - INFO - phi = [-0.36640521 -0.51514801 -0.09831733 -0.69107264]
2025-12-13 21:35:45,486 - INFO - num_full_subsets = 2
2025-12-13 21:35:45,522 - INFO - phi = [-0.34535431 -0.99943244 -0.12422684 -0.19734171]
2025-12-13 21:35:45,539 - INFO - num_full_subsets = 2
2025-12-13 21:35:45,574 - INFO - phi = [-0.29477278 -0.75491859 -0.63647415  0.26778476]
2025-12-13 21:35:45,590 - INFO - num_full_subsets = 2
2025-12-13 21:35:45,625 - INFO - phi = [0.138278   1.22831026 1.42652882 0.53553135]
2025-12-13 21:35:45,642 - INFO - num_full_subsets = 2
2025-12-13 21:35:45,676 - INFO - phi = [ 1.08515107  0.35627677  0.03288566 -0.69103824]
2025-12-13 21:35:45,693 - INFO - num_full_subsets = 2
2025-12-13 21:35:45,727 - INFO - phi = [-0.28571662 -0.41760089  0.24784809 -1.10827496]
2025-12-13 21:35:45,744 - INFO - num_full_subsets = 2
2025-12-13 21:35:45,779 - INFO - phi = [ 0.73191684 -0.18263163 -0.64165176  0.47718001]
2025-12-13 21:35:45,795 - INFO - num_full_subsets = 2
2025-12-13 21:35:45,829 - INFO - phi = [-0.26797432  0.90775661 -0.36031141 -0.08715204]
2025-12-13 21:35:45,846 - INFO - num_full_subsets = 2
2025-12-13 21:35:45,881 - INFO - phi = [-0.19066625 -0.74832106  1.15540279 -1.32179083]
2025-12-13 21:35:45,898 - INFO - num_full_subsets = 2
2025-12-13 21:35:45,933 - INFO - phi = [ 0.45680585  0.11200359 -0.14914222 -0.36252977]
2025-12-13 21:35:45,949 - INFO - num_full_subsets = 2
2025-12-13 21:35:45,985 - INFO - phi = [ 0.64339111 -0.30376192 -0.85609627  0.09825408]
2025-12-13 21:35:46,001 - INFO - num_full_subsets = 2
2025-12-13 21:35:46,037 - INFO - phi = [-0.00631467  1.30014824  0.6759932   0.39548216]
2025-12-13 21:35:46,053 - INFO - num_full_subsets = 2
2025-12-13 21:35:46,088 - INFO - phi = [-0.02494206  0.51682216  0.75553358  1.11681981]
2025-12-13 21:35:46,105 - INFO - num_full_subsets = 2
2025-12-13 21:35:46,140 - INFO - phi = [-0.31605197 -0.34510626 -1.04118313  0.27120418]
2025-12-13 21:35:46,157 - INFO - num_full_subsets = 2
2025-12-13 21:35:46,192 - INFO - phi = [-0.0558941  -0.70478371  1.41961438  1.20068214]
2025-12-13 21:35:46,208 - INFO - num_full_subsets = 2
2025-12-13 21:35:46,243 - INFO - phi = [-0.01130447 -0.62155671  1.02618939 -1.16726414]
2025-12-13 21:35:46,259 - INFO - num_full_subsets = 2
2025-12-13 21:35:46,294 - INFO - phi = [-0.10796699 -0.39274979 -0.21720384  0.37633794]
2025-12-13 21:35:46,311 - INFO - num_full_subsets = 2
2025-12-13 21:35:46,346 - INFO - phi = [-0.34606334 -0.79419558  0.10812569 -0.81110513]
2025-12-13 21:35:46,362 - INFO - num_full_subsets = 2
2025-12-13 21:35:46,398 - INFO - phi = [-0.30023618 -0.82814013  0.2835627  -0.93144684]
2025-12-13 21:35:46,414 - INFO - num_full_subsets = 2
2025-12-13 21:35:46,449 - INFO - phi = [ 0.66180727  0.4878612  -0.38986205  0.61698315]
2025-12-13 21:35:46,465 - INFO - num_full_subsets = 2
2025-12-13 21:35:46,500 - INFO - phi = [-0.34939502 -1.199798   -0.21268713  0.16603109]
2025-12-13 21:35:46,516 - INFO - num_full_subsets = 2
2025-12-13 21:35:46,551 - INFO - phi = [ 0.23617889  0.4588001  -0.58784158  0.64220449]
2025-12-13 21:35:46,567 - INFO - num_full_subsets = 2
2025-12-13 21:35:46,602 - INFO - phi = [-0.19944414 -0.70680545  0.58348202 -0.08060909]
2025-12-13 21:35:46,619 - INFO - num_full_subsets = 2
2025-12-13 21:35:46,655 - INFO - phi = [ 0.40769462  0.06969181  0.41643132 -0.26880779]
2025-12-13 21:35:46,671 - INFO - num_full_subsets = 2
2025-12-13 21:35:46,706 - INFO - phi = [-0.33255621 -0.92950259 -0.29617063  0.01824758]
2025-12-13 21:35:46,722 - INFO - num_full_subsets = 2
2025-12-13 21:35:46,757 - INFO - phi = [-0.08481172 -0.65438945  1.38216718 -1.18792699]
2025-12-13 21:35:46,773 - INFO - num_full_subsets = 2
2025-12-13 21:35:46,809 - INFO - phi = [-0.03167883  0.38541798 -0.36685323  0.81268083]
2025-12-13 21:35:46,825 - INFO - num_full_subsets = 2
2025-12-13 21:35:46,860 - INFO - phi = [-0.17444071  0.87016921 -0.39344333  0.61004591]
2025-12-13 21:35:46,877 - INFO - num_full_subsets = 2
2025-12-13 21:35:46,912 - INFO - phi = [-0.21447811 -0.04930915  0.21224232 -0.03171811]
2025-12-13 21:35:46,928 - INFO - num_full_subsets = 2
2025-12-13 21:35:46,963 - INFO - phi = [-0.01987929 -0.9984007   1.24450048 -1.16203432]
2025-12-13 21:35:46,980 - INFO - num_full_subsets = 2
2025-12-13 21:35:47,015 - INFO - phi = [-0.35809599 -0.87732626 -0.11560076 -0.28462965]
2025-12-13 21:35:47,031 - INFO - num_full_subsets = 2
2025-12-13 21:35:47,067 - INFO - phi = [-0.33174034 -0.84909273 -0.24124547 -0.15118584]
2025-12-13 21:35:47,083 - INFO - num_full_subsets = 2
2025-12-13 21:35:47,118 - INFO - phi = [-0.15120026  0.97993942 -0.80317986  0.3909692 ]
2025-12-13 21:35:47,134 - INFO - num_full_subsets = 2
2025-12-13 21:35:47,169 - INFO - phi = [-0.18466578  0.20263239 -0.64324789  0.58701913]
2025-12-13 21:35:47,185 - INFO - num_full_subsets = 2
2025-12-13 21:35:47,219 - INFO - phi = [-0.236257   -0.91833187  0.8635322  -1.07254691]
2025-12-13 21:35:47,235 - INFO - num_full_subsets = 2
2025-12-13 21:35:47,270 - INFO - phi = [-0.32697045 -0.2688905  -0.15739975 -0.94508241]
2025-12-13 21:35:47,286 - INFO - num_full_subsets = 2
2025-12-13 21:35:47,322 - INFO - phi = [-0.14685312 -0.22156668  1.01805563 -1.37144016]
2025-12-13 21:35:47,338 - INFO - num_full_subsets = 2
2025-12-13 21:35:47,373 - INFO - phi = [-0.22851624 -0.17654878 -0.20254885  0.79623939]
2025-12-13 21:35:47,389 - INFO - num_full_subsets = 2
2025-12-13 21:35:47,424 - INFO - phi = [0.51707698 0.21324013 0.5989868  0.83563021]
2025-12-13 21:35:47,440 - INFO - num_full_subsets = 2
2025-12-13 21:35:47,474 - INFO - phi = [-0.1811813  -0.80687671  0.46529943  0.79430692]
2025-12-13 21:35:47,491 - INFO - num_full_subsets = 2
2025-12-13 21:35:47,526 - INFO - phi = [ 0.73191684 -0.18263163 -0.64165176  0.47718001]
2025-12-13 21:35:47,542 - INFO - num_full_subsets = 2
2025-12-13 21:35:47,576 - INFO - phi = [-0.29922838 -1.23070161 -0.46048749  0.38230059]
2025-12-13 21:35:47,593 - INFO - num_full_subsets = 2
2025-12-13 21:35:47,628 - INFO - phi = [-0.26151804  0.09739902 -0.30204919  0.21987939]
2025-12-13 21:35:47,644 - INFO - num_full_subsets = 2
2025-12-13 21:35:47,679 - INFO - phi = [ 0.007832    0.69009058  1.00921985 -2.56150786]
2025-12-13 21:35:47,695 - INFO - num_full_subsets = 2
2025-12-13 21:35:47,730 - INFO - phi = [-0.34214746 -0.57285726 -0.05679555 -0.64823257]
2025-12-13 21:35:47,746 - INFO - num_full_subsets = 2
2025-12-13 21:35:47,780 - INFO - phi = [-0.48183653 -0.22081412  1.10549505  0.82714357]
2025-12-13 21:35:47,797 - INFO - num_full_subsets = 2
2025-12-13 21:35:47,832 - INFO - phi = [-0.21238796 -0.544159    0.04685226 -0.8880013 ]
2025-12-13 21:35:47,848 - INFO - num_full_subsets = 2
2025-12-13 21:35:47,883 - INFO - phi = [-0.12691278  1.11617667 -0.40829307  0.78116116]
2025-12-13 21:35:47,900 - INFO - num_full_subsets = 2
2025-12-13 21:35:47,935 - INFO - phi = [-0.20662036  0.56619747 -0.7403048  -0.63525171]
2025-12-13 21:35:47,951 - INFO - num_full_subsets = 2
2025-12-13 21:35:47,986 - INFO - phi = [-0.24012613 -0.70877487  0.17800458  0.42264456]
2025-12-13 21:35:48,002 - INFO - num_full_subsets = 2
2025-12-13 21:35:48,037 - INFO - phi = [-0.21420082  0.18388716 -0.90563338  0.48641405]
2025-12-13 21:35:48,053 - INFO - num_full_subsets = 2
2025-12-13 21:35:48,088 - INFO - phi = [-0.32721193 -0.93474855 -0.02488019 -0.0056988 ]
2025-12-13 21:35:48,105 - INFO - num_full_subsets = 2
2025-12-13 21:35:48,139 - INFO - phi = [-0.06471955 -0.01849603 -0.62963689  0.42447093]
2025-12-13 21:35:48,155 - INFO - num_full_subsets = 2
2025-12-13 21:35:48,191 - INFO - phi = [-0.16947972  0.22501041 -0.13475239  0.88669198]
2025-12-13 21:35:48,207 - INFO - num_full_subsets = 2
2025-12-13 21:35:48,242 - INFO - phi = [-0.50044203  0.97319997  0.87022814  0.48742914]
2025-12-13 21:35:48,258 - INFO - num_full_subsets = 2
2025-12-13 21:35:48,292 - INFO - phi = [ 0.69337406  0.47199266 -0.04189707 -0.66979314]
2025-12-13 21:35:48,309 - INFO - num_full_subsets = 2
2025-12-13 21:35:48,344 - INFO - phi = [-0.09715238 -0.0232532   0.43758788 -1.27024005]
2025-12-13 21:35:48,360 - INFO - num_full_subsets = 2
2025-12-13 21:35:48,395 - INFO - phi = [-0.31625727 -0.47577427 -0.19142308 -0.16091768]
2025-12-13 21:35:48,411 - INFO - num_full_subsets = 2
2025-12-13 21:35:48,446 - INFO - phi = [-0.31690825 -0.84374268 -1.13320243  0.27276471]
2025-12-13 21:35:48,462 - INFO - num_full_subsets = 2
2025-12-13 21:35:48,496 - INFO - phi = [-0.22851624 -0.17654878 -0.20254885  0.79623939]
2025-12-13 21:35:48,513 - INFO - num_full_subsets = 2
2025-12-13 21:35:48,547 - INFO - phi = [-0.2708987  -0.97842676  0.32981016 -0.36695852]
2025-12-13 21:35:48,563 - INFO - num_full_subsets = 2
2025-12-13 21:35:48,599 - INFO - phi = [ 0.39811917  0.06245143 -0.32233211 -0.08131731]
2025-12-13 21:35:48,615 - INFO - num_full_subsets = 2
2025-12-13 21:35:48,650 - INFO - phi = [ 0.29741284  0.38489456  0.60999886 -0.97976177]
2025-12-13 21:35:48,666 - INFO - num_full_subsets = 2
2025-12-13 21:35:48,700 - INFO - phi = [ 0.14554191  0.48018495  0.43337724 -1.38567355]
2025-12-13 21:35:49,202 - INFO - Computing feature importance...
2025-12-13 21:35:50,055 - INFO - Experiment completed for SVM
2025-12-13 21:35:50,055 - INFO - Total time: 25.63s (0.43 min)
2025-12-13 21:35:50,055 - INFO - Starting comprehensive experiment for SVM
2025-12-13 21:35:59,207 - INFO - Performing feature analysis...
2025-12-13 21:36:00,530 - INFO - Model justification: Effective for high-dimensional spaces and non-linear relationships using kernel trick
2025-12-13 21:36:00,530 - INFO - Performing robust cross-validation...
2025-12-13 21:36:00,711 - INFO - CV Results - MSE: 1.7485 ± 0.2878
2025-12-13 21:36:00,711 - INFO - Starting hyperparameter optimization...
2025-12-13 21:36:05,305 - INFO - Best parameters for SVM: {'C': 21.368329072358772, 'epsilon': 0.022021571957149343, 'kernel': 'rbf'}
2025-12-13 21:36:05,305 - INFO - ⏱️ HPO took 4.59 seconds
2025-12-13 21:36:05,305 - INFO - Training final model...
2025-12-13 21:36:05,332 - INFO - ⏱️ Training took 0.03 seconds
2025-12-13 21:36:05,332 - INFO - Performing residual analysis...
2025-12-13 21:36:06,371 - INFO - Generating XAI explanations...
2025-12-13 21:36:06,374 - WARNING - Using 168 background data samples could cause slower run times. Consider using shap.sample(data, K) or shap.kmeans(data, K) to summarize the background as K samples.
2025-12-13 21:36:06,390 - INFO - num_full_subsets = 2
2025-12-13 21:36:06,425 - INFO - phi = [0.2425126  0.04816182 0.08912628 0.56876055]
2025-12-13 21:36:06,441 - INFO - num_full_subsets = 2
2025-12-13 21:36:06,476 - INFO - phi = [0.01934622 0.12265236 0.83988827 0.83729552]
2025-12-13 21:36:06,492 - INFO - num_full_subsets = 2
2025-12-13 21:36:06,528 - INFO - phi = [-0.04904739  0.2440237   0.80489951 -1.40630133]
2025-12-13 21:36:06,544 - INFO - num_full_subsets = 2
2025-12-13 21:36:06,579 - INFO - phi = [ 0.76315642  0.30565152  0.49345804 -1.24974026]
2025-12-13 21:36:06,595 - INFO - num_full_subsets = 2
2025-12-13 21:36:06,631 - INFO - phi = [ 1.08751859  0.4430458   0.09969834 -1.38177926]
2025-12-13 21:36:06,647 - INFO - num_full_subsets = 2
2025-12-13 21:36:06,683 - INFO - phi = [-0.1145232   0.41887722  0.22912676  0.17309773]
2025-12-13 21:36:06,699 - INFO - num_full_subsets = 2
2025-12-13 21:36:06,735 - INFO - phi = [-0.07344772  1.08844569  0.05099534 -0.16107071]
2025-12-13 21:36:06,751 - INFO - num_full_subsets = 2
2025-12-13 21:36:06,787 - INFO - phi = [ 0.77847288  0.17266893 -0.17427105  0.60417213]
2025-12-13 21:36:06,803 - INFO - num_full_subsets = 2
2025-12-13 21:36:06,839 - INFO - phi = [-0.32029519  0.33887325 -0.20017128 -0.87752443]
2025-12-13 21:36:06,854 - INFO - num_full_subsets = 2
2025-12-13 21:36:06,890 - INFO - phi = [ 0.24088525  0.49020879 -0.19644115 -0.26485402]
2025-12-13 21:36:06,906 - INFO - num_full_subsets = 2
2025-12-13 21:36:06,942 - INFO - phi = [-0.35287342 -0.65028081 -0.07789965 -0.44919214]
2025-12-13 21:36:06,957 - INFO - num_full_subsets = 2
2025-12-13 21:36:06,993 - INFO - phi = [-0.32090483 -0.559353   -0.22833486 -0.19640935]
2025-12-13 21:36:07,009 - INFO - num_full_subsets = 2
2025-12-13 21:36:07,045 - INFO - phi = [-0.27483814 -0.82334333 -0.03891422 -0.4566476 ]
2025-12-13 21:36:07,061 - INFO - num_full_subsets = 2
2025-12-13 21:36:07,097 - INFO - phi = [ 0.67394518 -0.0211636   0.2784464  -0.43835394]
2025-12-13 21:36:07,113 - INFO - num_full_subsets = 2
2025-12-13 21:36:07,149 - INFO - phi = [ 0.39955938  0.39465772  0.53217495 -1.42486753]
2025-12-13 21:36:07,165 - INFO - num_full_subsets = 2
2025-12-13 21:36:07,201 - INFO - phi = [-0.30001795 -0.40646834 -0.67762774 -0.21574833]
2025-12-13 21:36:07,217 - INFO - num_full_subsets = 2
2025-12-13 21:36:07,252 - INFO - phi = [-0.22596133  0.4586509  -0.48529844 -0.16419425]
2025-12-13 21:36:07,268 - INFO - num_full_subsets = 2
2025-12-13 21:36:07,304 - INFO - phi = [-0.20305443 -0.35596453  0.23025643 -0.22775632]
2025-12-13 21:36:07,320 - INFO - num_full_subsets = 2
2025-12-13 21:36:07,356 - INFO - phi = [-0.31358425 -0.69654411  0.0764888  -0.35907735]
2025-12-13 21:36:07,372 - INFO - num_full_subsets = 2
2025-12-13 21:36:07,407 - INFO - phi = [-0.30847939 -0.44806334 -0.0983845  -0.86930764]
2025-12-13 21:36:07,424 - INFO - num_full_subsets = 2
2025-12-13 21:36:07,459 - INFO - phi = [-0.26367276 -0.59528369 -0.26970997 -0.60253833]
2025-12-13 21:36:07,475 - INFO - num_full_subsets = 2
2025-12-13 21:36:07,511 - INFO - phi = [-0.25944877 -0.6092035  -0.42627361 -0.40416085]
2025-12-13 21:36:07,527 - INFO - num_full_subsets = 2
2025-12-13 21:36:07,563 - INFO - phi = [-0.28878083 -0.83483329 -0.03460411 -0.56435571]
2025-12-13 21:36:07,579 - INFO - num_full_subsets = 2
2025-12-13 21:36:07,614 - INFO - phi = [-0.29615439 -0.45662582  0.1254323  -0.6441907 ]
2025-12-13 21:36:07,630 - INFO - num_full_subsets = 2
2025-12-13 21:36:07,666 - INFO - phi = [-0.33859643 -0.81814941 -0.05026969 -0.53114778]
2025-12-13 21:36:07,682 - INFO - num_full_subsets = 2
2025-12-13 21:36:07,718 - INFO - phi = [-0.28418037 -0.8132892  -0.111626    0.66998176]
2025-12-13 21:36:07,734 - INFO - num_full_subsets = 2
2025-12-13 21:36:07,769 - INFO - phi = [-0.29575885 -0.67605545 -0.40481991  0.56577948]
2025-12-13 21:36:07,786 - INFO - num_full_subsets = 2
2025-12-13 21:36:07,821 - INFO - phi = [ 0.35765184  0.78551638 -0.17657188  0.73113128]
2025-12-13 21:36:07,837 - INFO - num_full_subsets = 2
2025-12-13 21:36:07,873 - INFO - phi = [-0.14252182  0.7329077  -0.08059274  0.77619796]
2025-12-13 21:36:07,889 - INFO - num_full_subsets = 2
2025-12-13 21:36:07,925 - INFO - phi = [ 0.18450275  0.07681563 -0.14812207  0.26890799]
2025-12-13 21:36:07,942 - INFO - num_full_subsets = 2
2025-12-13 21:36:07,976 - INFO - phi = [-0.38648919 -0.5906807  -0.13111613 -0.56314554]
2025-12-13 21:36:07,992 - INFO - num_full_subsets = 2
2025-12-13 21:36:08,029 - INFO - phi = [ 0.90063845  0.17450217 -0.71022264 -1.20467021]
2025-12-13 21:36:08,045 - INFO - num_full_subsets = 2
2025-12-13 21:36:08,081 - INFO - phi = [ 0.39065827  0.23539038 -0.09680934  0.39675803]
2025-12-13 21:36:08,097 - INFO - num_full_subsets = 2
2025-12-13 21:36:08,133 - INFO - phi = [-0.36327792 -0.55264794 -0.13566118 -0.45901664]
2025-12-13 21:36:08,150 - INFO - num_full_subsets = 2
2025-12-13 21:36:08,185 - INFO - phi = [-0.05677969  0.98856865  0.62127086  0.56290678]
2025-12-13 21:36:08,201 - INFO - num_full_subsets = 2
2025-12-13 21:36:08,237 - INFO - phi = [0.40879101 0.30105942 0.21432947 0.00567366]
2025-12-13 21:36:08,253 - INFO - num_full_subsets = 2
2025-12-13 21:36:08,289 - INFO - phi = [0.54019406 0.72478964 0.70047593 0.45558344]
2025-12-13 21:36:08,305 - INFO - num_full_subsets = 2
2025-12-13 21:36:08,341 - INFO - phi = [-0.35811665 -0.77448712 -0.08986145 -0.27666024]
2025-12-13 21:36:08,357 - INFO - num_full_subsets = 2
2025-12-13 21:36:08,392 - INFO - phi = [-0.30486051 -0.60693582 -0.06889436 -0.62607269]
2025-12-13 21:36:08,408 - INFO - num_full_subsets = 2
2025-12-13 21:36:08,443 - INFO - phi = [ 0.48793173  0.2466515  -0.06205807 -0.49938635]
2025-12-13 21:36:08,459 - INFO - num_full_subsets = 2
2025-12-13 21:36:08,495 - INFO - phi = [-0.36102235 -0.39711915 -0.13262142 -0.92575623]
2025-12-13 21:36:08,510 - INFO - num_full_subsets = 2
2025-12-13 21:36:08,546 - INFO - phi = [-0.02090636 -0.01264595  1.59513572 -1.02965602]
2025-12-13 21:36:08,562 - INFO - num_full_subsets = 2
2025-12-13 21:36:08,597 - INFO - phi = [-0.37254294 -0.80855257 -0.11089634 -0.30295957]
2025-12-13 21:36:08,613 - INFO - num_full_subsets = 2
2025-12-13 21:36:08,649 - INFO - phi = [-0.2502174  -0.18618968 -0.33535391  0.41630108]
2025-12-13 21:36:08,665 - INFO - num_full_subsets = 2
2025-12-13 21:36:08,700 - INFO - phi = [-0.31776901 -0.54221325 -0.1248445  -0.60251894]
2025-12-13 21:36:08,716 - INFO - num_full_subsets = 2
2025-12-13 21:36:08,752 - INFO - phi = [-0.05202659  0.86855903 -0.24370806  0.52913662]
2025-12-13 21:36:08,768 - INFO - num_full_subsets = 2
2025-12-13 21:36:08,804 - INFO - phi = [-0.20247543  0.25067446 -0.57337243  0.51361515]
2025-12-13 21:36:08,819 - INFO - num_full_subsets = 2
2025-12-13 21:36:08,854 - INFO - phi = [-0.0821471   0.32322437  0.74469205  0.22573696]
2025-12-13 21:36:08,870 - INFO - num_full_subsets = 2
2025-12-13 21:36:08,906 - INFO - phi = [-0.13755586  0.83421154 -0.66744078  0.44571071]
2025-12-13 21:36:08,922 - INFO - num_full_subsets = 2
2025-12-13 21:36:08,958 - INFO - phi = [-0.16982398  0.15424307 -0.8403975   0.02584542]
2025-12-13 21:36:08,974 - INFO - num_full_subsets = 2
2025-12-13 21:36:09,009 - INFO - phi = [ 1.38987385  0.24371168 -0.49002273 -0.7415597 ]
2025-12-13 21:36:09,025 - INFO - num_full_subsets = 2
2025-12-13 21:36:09,060 - INFO - phi = [ 0.41765387  0.21448605  0.11638734 -1.10944148]
2025-12-13 21:36:09,076 - INFO - num_full_subsets = 2
2025-12-13 21:36:09,112 - INFO - phi = [ 0.22738936  0.56422837 -0.37643104  0.58420199]
2025-12-13 21:36:09,128 - INFO - num_full_subsets = 2
2025-12-13 21:36:09,163 - INFO - phi = [-0.13336492  0.09815346 -1.07313919  0.1710725 ]
2025-12-13 21:36:09,179 - INFO - num_full_subsets = 2
2025-12-13 21:36:09,215 - INFO - phi = [-0.32953251  0.1134141  -0.16266314 -0.46017702]
2025-12-13 21:36:09,231 - INFO - num_full_subsets = 2
2025-12-13 21:36:09,265 - INFO - phi = [ 1.13777155  0.13935936 -0.067519   -0.43840455]
2025-12-13 21:36:09,281 - INFO - num_full_subsets = 2
2025-12-13 21:36:09,317 - INFO - phi = [0.00312722 0.98581796 0.59961287 0.86293435]
2025-12-13 21:36:09,333 - INFO - num_full_subsets = 2
2025-12-13 21:36:09,368 - INFO - phi = [-6.86929315e-04  6.89239791e-01 -2.11925468e-01  7.31884757e-02]
2025-12-13 21:36:09,385 - INFO - num_full_subsets = 2
2025-12-13 21:36:09,421 - INFO - phi = [-0.22182779  0.817518   -0.18122571  0.09730231]
2025-12-13 21:36:09,437 - INFO - num_full_subsets = 2
2025-12-13 21:36:09,473 - INFO - phi = [-0.28747457 -0.2668865   0.19434758 -0.81764627]
2025-12-13 21:36:09,489 - INFO - num_full_subsets = 2
2025-12-13 21:36:09,525 - INFO - phi = [-0.31125861 -0.62373093  0.03583575 -0.77222775]
2025-12-13 21:36:09,541 - INFO - num_full_subsets = 2
2025-12-13 21:36:09,577 - INFO - phi = [0.01547613 0.98155083 0.9748301  0.42099955]
2025-12-13 21:36:09,593 - INFO - num_full_subsets = 2
2025-12-13 21:36:09,629 - INFO - phi = [-0.33503981 -1.28537952  0.26588495 -0.2361821 ]
2025-12-13 21:36:09,646 - INFO - num_full_subsets = 2
2025-12-13 21:36:09,681 - INFO - phi = [-0.0875007   0.77663524 -0.14657485  0.94907915]
2025-12-13 21:36:09,698 - INFO - num_full_subsets = 2
2025-12-13 21:36:09,734 - INFO - phi = [-0.12010892  0.40078628 -0.21322325  0.47198086]
2025-12-13 21:36:09,750 - INFO - num_full_subsets = 2
2025-12-13 21:36:09,786 - INFO - phi = [-0.32847694 -0.53114266 -0.2627926  -0.22682207]
2025-12-13 21:36:09,802 - INFO - num_full_subsets = 2
2025-12-13 21:36:09,839 - INFO - phi = [-0.1610581   1.03691543 -0.05384245  0.85756382]
2025-12-13 21:36:09,855 - INFO - num_full_subsets = 2
2025-12-13 21:36:09,891 - INFO - phi = [-0.28163198 -0.06295729 -0.1172122  -0.74705762]
2025-12-13 21:36:09,907 - INFO - num_full_subsets = 2
2025-12-13 21:36:09,943 - INFO - phi = [ 0.0515808   0.69857031 -0.07825344  0.91661486]
2025-12-13 21:36:09,959 - INFO - num_full_subsets = 2
2025-12-13 21:36:09,994 - INFO - phi = [0.89237257 0.34833967 0.13955166 0.05279759]
2025-12-13 21:36:10,011 - INFO - num_full_subsets = 2
2025-12-13 21:36:10,046 - INFO - phi = [-0.27911047 -0.92160226  0.00726824 -0.59292776]
2025-12-13 21:36:10,062 - INFO - num_full_subsets = 2
2025-12-13 21:36:10,098 - INFO - phi = [ 0.1764645   0.15820223 -0.04802906  0.5109193 ]
2025-12-13 21:36:10,114 - INFO - num_full_subsets = 2
2025-12-13 21:36:10,150 - INFO - phi = [-0.14172561 -0.17568803 -0.3685986  -0.61856199]
2025-12-13 21:36:10,166 - INFO - num_full_subsets = 2
2025-12-13 21:36:10,202 - INFO - phi = [ 0.41393953 -0.15783667  0.20261839 -0.37946494]
2025-12-13 21:36:10,218 - INFO - num_full_subsets = 2
2025-12-13 21:36:10,253 - INFO - phi = [0.21497863 0.70047068 0.31739695 0.5040532 ]
2025-12-13 21:36:10,269 - INFO - num_full_subsets = 2
2025-12-13 21:36:10,304 - INFO - phi = [-0.17339154  0.96064561 -0.08840634  0.9091899 ]
2025-12-13 21:36:10,321 - INFO - num_full_subsets = 2
2025-12-13 21:36:10,356 - INFO - phi = [0.50910769 0.58893197 0.22761075 0.24564249]
2025-12-13 21:36:10,372 - INFO - num_full_subsets = 2
2025-12-13 21:36:10,408 - INFO - phi = [-0.25727083  0.83116085 -0.17149241 -0.15420014]
2025-12-13 21:36:10,424 - INFO - num_full_subsets = 2
2025-12-13 21:36:10,459 - INFO - phi = [ 0.68050019 -0.21111456  0.97943587  0.53497175]
2025-12-13 21:36:10,475 - INFO - num_full_subsets = 2
2025-12-13 21:36:10,510 - INFO - phi = [0.03677517 1.01357714 0.77609289 0.85944517]
2025-12-13 21:36:10,527 - INFO - num_full_subsets = 2
2025-12-13 21:36:10,562 - INFO - phi = [-0.34588662 -0.86123969 -0.35439447 -0.11230766]
2025-12-13 21:36:10,578 - INFO - num_full_subsets = 2
2025-12-13 21:36:10,612 - INFO - phi = [-0.32333123 -0.98241897 -0.09458049  0.37791349]
2025-12-13 21:36:10,629 - INFO - num_full_subsets = 2
2025-12-13 21:36:10,665 - INFO - phi = [-0.19811299  0.86044265  0.27675537  0.43078133]
2025-12-13 21:36:10,680 - INFO - num_full_subsets = 2
2025-12-13 21:36:10,716 - INFO - phi = [-0.3798198  -1.19954138 -0.08792073  0.09014299]
2025-12-13 21:36:10,732 - INFO - num_full_subsets = 2
2025-12-13 21:36:10,767 - INFO - phi = [-0.35761894 -0.76415749 -0.16316856 -0.12903062]
2025-12-13 21:36:10,783 - INFO - num_full_subsets = 2
2025-12-13 21:36:10,818 - INFO - phi = [-0.11110044  0.28348203 -1.29207339  0.51291102]
2025-12-13 21:36:10,834 - INFO - num_full_subsets = 2
2025-12-13 21:36:10,869 - INFO - phi = [-0.342872   -1.25682709 -0.06039265 -0.16044845]
2025-12-13 21:36:10,885 - INFO - num_full_subsets = 2
2025-12-13 21:36:10,920 - INFO - phi = [-0.29510825 -0.69386542 -0.4321894   0.55289301]
2025-12-13 21:36:10,937 - INFO - num_full_subsets = 2
2025-12-13 21:36:10,972 - INFO - phi = [ 0.1764645   0.15820223 -0.04802906  0.5109193 ]
2025-12-13 21:36:10,987 - INFO - num_full_subsets = 2
2025-12-13 21:36:11,023 - INFO - phi = [-0.37139848 -1.17793797 -0.28697847  0.27413286]
2025-12-13 21:36:11,039 - INFO - num_full_subsets = 2
2025-12-13 21:36:11,075 - INFO - phi = [-0.21419796 -0.38635578  0.03545255  0.54564671]
2025-12-13 21:36:11,091 - INFO - num_full_subsets = 2
2025-12-13 21:36:11,127 - INFO - phi = [-0.02204288  0.54423497 -0.10325711 -0.31622499]
2025-12-13 21:36:11,143 - INFO - num_full_subsets = 2
2025-12-13 21:36:11,179 - INFO - phi = [-0.34549415 -1.36357526 -0.152966    0.38374902]
2025-12-13 21:36:11,195 - INFO - num_full_subsets = 2
2025-12-13 21:36:11,231 - INFO - phi = [ 0.25436933  0.47252656 -0.36176607  0.65884734]
2025-12-13 21:36:11,247 - INFO - num_full_subsets = 2
2025-12-13 21:36:11,283 - INFO - phi = [-0.34145728 -1.04592538 -0.03110625  0.47051487]
2025-12-13 21:36:11,299 - INFO - num_full_subsets = 2
2025-12-13 21:36:11,334 - INFO - phi = [ 0.22355315  0.33896994  0.20020318 -0.85859749]
2025-12-13 21:36:11,350 - INFO - num_full_subsets = 2
2025-12-13 21:36:11,385 - INFO - phi = [-0.35152783 -1.02005982 -0.07660569  0.09905145]
2025-12-13 21:36:11,401 - INFO - num_full_subsets = 2
2025-12-13 21:36:11,437 - INFO - phi = [-0.12216418  0.49654336 -0.37490409  0.6058114 ]
2025-12-13 21:36:11,453 - INFO - num_full_subsets = 2
2025-12-13 21:36:11,489 - INFO - phi = [ 0.65090457  0.40571985  0.58670844 -1.01535762]
2025-12-13 21:36:11,505 - INFO - num_full_subsets = 2
2025-12-13 21:36:11,540 - INFO - phi = [-0.16939798 -0.55056998  1.39319788 -0.53854131]
2025-12-13 21:36:11,556 - INFO - num_full_subsets = 2
2025-12-13 21:36:11,592 - INFO - phi = [ 0.39467185  0.0592314  -0.1344635  -0.15591156]
2025-12-13 21:36:11,608 - INFO - num_full_subsets = 2
2025-12-13 21:36:11,643 - INFO - phi = [-0.23124035 -1.05735729 -0.00844629 -0.39706768]
2025-12-13 21:36:11,660 - INFO - num_full_subsets = 2
2025-12-13 21:36:11,695 - INFO - phi = [-0.38586248 -1.17466838 -0.08205892  0.13981488]
2025-12-13 21:36:11,711 - INFO - num_full_subsets = 2
2025-12-13 21:36:11,746 - INFO - phi = [ 0.80725924  0.21784116  0.00772424 -0.89459385]
2025-12-13 21:36:11,762 - INFO - num_full_subsets = 2
2025-12-13 21:36:11,798 - INFO - phi = [0.5084818  0.6735179  0.11145021 0.59570917]
2025-12-13 21:36:11,814 - INFO - num_full_subsets = 2
2025-12-13 21:36:11,850 - INFO - phi = [ 0.089974    0.21115081  0.49319682 -0.76319952]
2025-12-13 21:36:11,867 - INFO - num_full_subsets = 2
2025-12-13 21:36:11,903 - INFO - phi = [ 0.23887033  0.30904834 -0.46024709  0.4480715 ]
2025-12-13 21:36:11,919 - INFO - num_full_subsets = 2
2025-12-13 21:36:11,955 - INFO - phi = [0.57924104 0.11443092 0.93392066 0.79318768]
2025-12-13 21:36:11,972 - INFO - num_full_subsets = 2
2025-12-13 21:36:12,008 - INFO - phi = [-0.24049238 -0.13679759 -0.71768734  0.80200162]
2025-12-13 21:36:12,024 - INFO - num_full_subsets = 2
2025-12-13 21:36:12,060 - INFO - phi = [ 0.84708975  0.81003432  0.55624784 -0.20519141]
2025-12-13 21:36:12,076 - INFO - num_full_subsets = 2
2025-12-13 21:36:12,112 - INFO - phi = [-0.08569788  0.37030765  0.71675332 -0.50234663]
2025-12-13 21:36:12,128 - INFO - num_full_subsets = 2
2025-12-13 21:36:12,164 - INFO - phi = [-0.22019141 -0.2506118  -0.40241888  0.73707081]
2025-12-13 21:36:12,180 - INFO - num_full_subsets = 2
2025-12-13 21:36:12,216 - INFO - phi = [-0.37224994 -0.91363246 -0.19762284 -0.13793785]
2025-12-13 21:36:12,231 - INFO - num_full_subsets = 2
2025-12-13 21:36:12,266 - INFO - phi = [-0.1773138   0.83895475 -0.20556877  0.56646297]
2025-12-13 21:36:12,283 - INFO - num_full_subsets = 2
2025-12-13 21:36:12,320 - INFO - phi = [-0.25741378  0.39623782 -0.18078726  0.17189943]
2025-12-13 21:36:12,336 - INFO - num_full_subsets = 2
2025-12-13 21:36:12,372 - INFO - phi = [ 0.18173681  0.14982852 -0.27984402  0.01606787]
2025-12-13 21:36:12,388 - INFO - num_full_subsets = 2
2025-12-13 21:36:12,424 - INFO - phi = [ 0.63263921  0.47095291  0.27135192 -1.56955079]
2025-12-13 21:36:12,440 - INFO - num_full_subsets = 2
2025-12-13 21:36:12,475 - INFO - phi = [ 0.39257877 -0.00108268  0.07636167  0.30520434]
2025-12-13 21:36:12,491 - INFO - num_full_subsets = 2
2025-12-13 21:36:12,527 - INFO - phi = [ 0.04228106  0.81872499 -0.08116465  0.75134278]
2025-12-13 21:36:12,543 - INFO - num_full_subsets = 2
2025-12-13 21:36:12,579 - INFO - phi = [-0.37227881 -1.12611508 -0.21090326  0.11882842]
2025-12-13 21:36:12,595 - INFO - num_full_subsets = 2
2025-12-13 21:36:12,631 - INFO - phi = [ 0.49300869 -0.00562944 -0.41203847  0.57115779]
2025-12-13 21:36:12,647 - INFO - num_full_subsets = 2
2025-12-13 21:36:12,682 - INFO - phi = [-0.12549997  0.5062561   0.31951539  0.08797333]
2025-12-13 21:36:12,698 - INFO - num_full_subsets = 2
2025-12-13 21:36:12,734 - INFO - phi = [-0.39579901 -0.78813282 -0.07576509 -0.41929553]
2025-12-13 21:36:12,750 - INFO - num_full_subsets = 2
2025-12-13 21:36:12,786 - INFO - phi = [-0.2997037  -0.2994884  -0.30139927 -0.11178005]
2025-12-13 21:36:12,803 - INFO - num_full_subsets = 2
2025-12-13 21:36:12,838 - INFO - phi = [-0.39254478 -0.93320739 -0.06631716 -0.32547955]
2025-12-13 21:36:12,854 - INFO - num_full_subsets = 2
2025-12-13 21:36:12,889 - INFO - phi = [-0.01947128  0.79733878  0.52169625  0.86484254]
2025-12-13 21:36:12,906 - INFO - num_full_subsets = 2
2025-12-13 21:36:12,942 - INFO - phi = [-0.09986746  0.85281208 -0.34883115  0.68836893]
2025-12-13 21:36:12,957 - INFO - num_full_subsets = 2
2025-12-13 21:36:12,993 - INFO - phi = [ 0.87238969  0.61983062 -0.10895161  0.1573835 ]
2025-12-13 21:36:13,009 - INFO - num_full_subsets = 2
2025-12-13 21:36:13,045 - INFO - phi = [ 0.48265484  0.56558658 -0.74024759  0.08742788]
2025-12-13 21:36:13,061 - INFO - num_full_subsets = 2
2025-12-13 21:36:13,097 - INFO - phi = [ 0.0284392   0.88692668 -0.09076256  0.81638816]
2025-12-13 21:36:13,113 - INFO - num_full_subsets = 2
2025-12-13 21:36:13,149 - INFO - phi = [-0.23836369 -0.16041042 -0.09890033  0.6366004 ]
2025-12-13 21:36:13,165 - INFO - num_full_subsets = 2
2025-12-13 21:36:13,201 - INFO - phi = [-0.35304172 -0.84056645  0.04791525 -0.65237129]
2025-12-13 21:36:13,217 - INFO - num_full_subsets = 2
2025-12-13 21:36:13,253 - INFO - phi = [0.84683559 0.35340897 0.03730928 0.52473383]
2025-12-13 21:36:13,269 - INFO - num_full_subsets = 2
2025-12-13 21:36:13,305 - INFO - phi = [ 0.8433261   0.06492427  0.55710542 -1.28166102]
2025-12-13 21:36:13,321 - INFO - num_full_subsets = 2
2025-12-13 21:36:13,356 - INFO - phi = [-0.38446202 -0.71138993 -0.09952708 -0.58855694]
2025-12-13 21:36:13,372 - INFO - num_full_subsets = 2
2025-12-13 21:36:13,407 - INFO - phi = [-0.21575086 -0.89131926  1.26175762 -0.81084582]
2025-12-13 21:36:13,423 - INFO - num_full_subsets = 2
2025-12-13 21:36:13,458 - INFO - phi = [-0.27771016 -0.56978322 -0.39243196  0.5618855 ]
2025-12-13 21:36:13,473 - INFO - num_full_subsets = 2
2025-12-13 21:36:13,509 - INFO - phi = [0.11195704 0.83303674 1.32874331 0.16130745]
2025-12-13 21:36:13,525 - INFO - num_full_subsets = 2
2025-12-13 21:36:13,560 - INFO - phi = [-0.03583575  1.02597391  0.4250276   0.85498072]
2025-12-13 21:36:13,576 - INFO - num_full_subsets = 2
2025-12-13 21:36:13,611 - INFO - phi = [-0.33587143 -0.36706725 -0.13444549 -0.97348752]
2025-12-13 21:36:13,628 - INFO - num_full_subsets = 2
2025-12-13 21:36:13,663 - INFO - phi = [0.36397093 0.481671   0.98549377 0.41888847]
2025-12-13 21:36:13,679 - INFO - num_full_subsets = 2
2025-12-13 21:36:13,715 - INFO - phi = [-0.1589438   0.19505877 -0.94299955 -0.06808636]
2025-12-13 21:36:13,731 - INFO - num_full_subsets = 2
2025-12-13 21:36:13,766 - INFO - phi = [-0.29324439 -0.24133089 -0.21459716  0.07901209]
2025-12-13 21:36:13,782 - INFO - num_full_subsets = 2
2025-12-13 21:36:13,817 - INFO - phi = [-0.34549415 -1.36357526 -0.152966    0.38374902]
2025-12-13 21:36:13,834 - INFO - num_full_subsets = 2
2025-12-13 21:36:13,869 - INFO - phi = [-0.1292146   0.6006147  -0.30266321  0.27011966]
2025-12-13 21:36:13,885 - INFO - num_full_subsets = 2
2025-12-13 21:36:13,920 - INFO - phi = [-0.16180239 -0.86445082  0.79494785 -0.78323671]
2025-12-13 21:36:13,936 - INFO - num_full_subsets = 2
2025-12-13 21:36:13,972 - INFO - phi = [ 0.01751537  0.90650062 -0.44258895  0.56396875]
2025-12-13 21:36:13,988 - INFO - num_full_subsets = 2
2025-12-13 21:36:14,023 - INFO - phi = [ 0.71554657  0.67681906 -0.08647223  0.63216421]
2025-12-13 21:36:14,040 - INFO - num_full_subsets = 2
2025-12-13 21:36:14,075 - INFO - phi = [ 0.25436933  0.47252656 -0.36176607  0.65884734]
2025-12-13 21:36:14,091 - INFO - num_full_subsets = 2
2025-12-13 21:36:14,127 - INFO - phi = [ 0.77847288  0.17266893 -0.17427105  0.60417213]
2025-12-13 21:36:14,144 - INFO - num_full_subsets = 2
2025-12-13 21:36:14,179 - INFO - phi = [0.08122689 2.33398264 0.25574256 0.40420886]
2025-12-13 21:36:14,195 - INFO - num_full_subsets = 2
2025-12-13 21:36:14,231 - INFO - phi = [-0.31643684 -1.267856   -0.13686459  0.48263377]
2025-12-13 21:36:14,247 - INFO - num_full_subsets = 2
2025-12-13 21:36:14,283 - INFO - phi = [0.23590617 1.09610677 0.79221277 0.81234401]
2025-12-13 21:36:14,299 - INFO - num_full_subsets = 2
2025-12-13 21:36:14,334 - INFO - phi = [-0.02237651  0.32460933  0.93154007  0.68014205]
2025-12-13 21:36:14,351 - INFO - num_full_subsets = 2
2025-12-13 21:36:14,386 - INFO - phi = [-0.35707219 -0.54387881 -0.09197777 -0.7491373 ]
2025-12-13 21:36:14,402 - INFO - num_full_subsets = 2
2025-12-13 21:36:14,437 - INFO - phi = [-0.13135055 -0.43053924  0.72810052  0.81202013]
2025-12-13 21:36:14,454 - INFO - num_full_subsets = 2
2025-12-13 21:36:14,490 - INFO - phi = [-0.27952628 -0.66401898 -0.11497241 -0.5828938 ]
2025-12-13 21:36:14,506 - INFO - num_full_subsets = 2
2025-12-13 21:36:14,542 - INFO - phi = [0.02435209 0.43933876 0.08149548 0.52094822]
2025-12-13 21:36:14,558 - INFO - num_full_subsets = 2
2025-12-13 21:36:14,594 - INFO - phi = [-0.3046253   0.24856666 -0.16008932 -0.97952958]
2025-12-13 21:36:14,610 - INFO - num_full_subsets = 2
2025-12-13 21:36:14,646 - INFO - phi = [-0.38892532 -1.19364164 -0.08948648 -0.06637533]
2025-12-13 21:36:14,662 - INFO - num_full_subsets = 2
2025-12-13 21:36:14,698 - INFO - phi = [-0.39736581 -0.76012411 -0.07840771 -0.08852585]
2025-12-13 21:36:14,713 - INFO - num_full_subsets = 2
2025-12-13 21:36:14,749 - INFO - phi = [-0.12216418  0.49654336 -0.37490409  0.6058114 ]
2025-12-13 21:36:14,765 - INFO - num_full_subsets = 2
2025-12-13 21:36:14,800 - INFO - phi = [-0.15449691 -0.23629866 -0.97090338  0.2881168 ]
2025-12-13 21:36:14,816 - INFO - num_full_subsets = 2
2025-12-13 21:36:14,851 - INFO - phi = [ 0.01751537  0.90650062 -0.44258895  0.56396875]
2025-12-13 21:36:14,867 - INFO - num_full_subsets = 2
2025-12-13 21:36:14,903 - INFO - phi = [-0.34532658 -0.53162781 -0.11148144 -0.28698459]
2025-12-13 21:36:14,918 - INFO - num_full_subsets = 2
2025-12-13 21:36:14,954 - INFO - phi = [-0.38285086 -1.05585958 -0.06389832 -0.23844596]
2025-12-13 21:36:14,970 - INFO - num_full_subsets = 2
2025-12-13 21:36:15,006 - INFO - phi = [0.46942602 0.54746893 0.12351218 0.45339859]
2025-12-13 21:36:15,022 - INFO - num_full_subsets = 2
2025-12-13 21:36:15,057 - INFO - phi = [-0.28878083 -0.83483329 -0.03460411 -0.56435571]
2025-12-13 21:36:15,571 - INFO - Computing feature importance...
2025-12-13 21:36:16,431 - INFO - Experiment completed for SVM
2025-12-13 21:36:16,431 - INFO - Total time: 26.00s (0.43 min)
2025-12-13 21:36:16,431 - INFO - Starting comprehensive experiment for SVM
2025-12-13 21:36:25,097 - INFO - Performing feature analysis...
2025-12-13 21:36:26,254 - INFO - Model justification: Effective for high-dimensional spaces and non-linear relationships using kernel trick
2025-12-13 21:36:26,254 - INFO - Performing robust cross-validation...
2025-12-13 21:36:26,434 - INFO - CV Results - MSE: 1.7482 ± 0.3672
2025-12-13 21:36:26,434 - INFO - Starting hyperparameter optimization...
2025-12-13 21:36:29,773 - INFO - Best parameters for SVM: {'C': 4.326277961525458, 'epsilon': 0.040610822531617415, 'kernel': 'rbf'}
2025-12-13 21:36:29,773 - INFO - ⏱️ HPO took 3.34 seconds
2025-12-13 21:36:29,773 - INFO - Training final model...
2025-12-13 21:36:29,789 - INFO - ⏱️ Training took 0.02 seconds
2025-12-13 21:36:29,789 - INFO - Performing residual analysis...
2025-12-13 21:36:30,796 - INFO - Generating XAI explanations...
2025-12-13 21:36:30,798 - WARNING - Using 168 background data samples could cause slower run times. Consider using shap.sample(data, K) or shap.kmeans(data, K) to summarize the background as K samples.
2025-12-13 21:36:30,814 - INFO - num_full_subsets = 2
2025-12-13 21:36:30,847 - INFO - phi = [ 0.51095753  0.27221434 -0.13277458 -1.16538383]
2025-12-13 21:36:30,863 - INFO - num_full_subsets = 2
2025-12-13 21:36:30,898 - INFO - phi = [-0.31642766 -0.89340431 -0.15080889 -0.38453308]
2025-12-13 21:36:30,914 - INFO - num_full_subsets = 2
2025-12-13 21:36:30,948 - INFO - phi = [-0.28733009 -1.28019791 -0.42865816  0.18042477]
2025-12-13 21:36:30,964 - INFO - num_full_subsets = 2
2025-12-13 21:36:30,998 - INFO - phi = [-0.32391881 -1.18569893 -0.21344483 -0.07717096]
2025-12-13 21:36:31,014 - INFO - num_full_subsets = 2
2025-12-13 21:36:31,049 - INFO - phi = [ 0.5403872   0.07171029  0.20595076 -0.71008914]
2025-12-13 21:36:31,065 - INFO - num_full_subsets = 2
2025-12-13 21:36:31,099 - INFO - phi = [-0.30510942 -1.38030946 -0.38118389  0.14029387]
2025-12-13 21:36:31,115 - INFO - num_full_subsets = 2
2025-12-13 21:36:31,150 - INFO - phi = [0.22224858 0.16280028 0.62131592 0.68801611]
2025-12-13 21:36:31,166 - INFO - num_full_subsets = 2
2025-12-13 21:36:31,200 - INFO - phi = [-0.32194312 -1.29430109 -0.23142945  0.05032074]
2025-12-13 21:36:31,216 - INFO - num_full_subsets = 2
2025-12-13 21:36:31,250 - INFO - phi = [-0.12036343  0.33708284 -0.22810594  0.7728361 ]
2025-12-13 21:36:31,266 - INFO - num_full_subsets = 2
2025-12-13 21:36:31,301 - INFO - phi = [-0.14883202  1.07898333  0.17684174  0.43896606]
2025-12-13 21:36:31,317 - INFO - num_full_subsets = 2
2025-12-13 21:36:31,351 - INFO - phi = [ 0.81620744 -0.42481907 -0.08558499 -0.98792804]
2025-12-13 21:36:31,367 - INFO - num_full_subsets = 2
2025-12-13 21:36:31,401 - INFO - phi = [-0.20011562 -0.57362159 -0.64458308 -0.05705608]
2025-12-13 21:36:31,417 - INFO - num_full_subsets = 2
2025-12-13 21:36:31,452 - INFO - phi = [ 0.39945976 -0.14970013  0.49957725 -0.83648136]
2025-12-13 21:36:31,468 - INFO - num_full_subsets = 2
2025-12-13 21:36:31,502 - INFO - phi = [-0.09207877  0.26608691  0.83553856  0.6202014 ]
2025-12-13 21:36:31,518 - INFO - num_full_subsets = 2
2025-12-13 21:36:31,552 - INFO - phi = [-0.30880738 -0.21888457 -0.17991904 -0.81040214]
2025-12-13 21:36:31,568 - INFO - num_full_subsets = 2
2025-12-13 21:36:31,603 - INFO - phi = [ 0.38942862  0.20447262 -0.2858561   0.532908  ]
2025-12-13 21:36:31,619 - INFO - num_full_subsets = 2
2025-12-13 21:36:31,653 - INFO - phi = [-0.1501806  -0.83997463 -0.07942542 -0.46386303]
2025-12-13 21:36:31,669 - INFO - num_full_subsets = 2
2025-12-13 21:36:31,703 - INFO - phi = [-0.12117074  1.01805688 -0.11502705 -0.32598861]
2025-12-13 21:36:31,720 - INFO - num_full_subsets = 2
2025-12-13 21:36:31,754 - INFO - phi = [-0.32462081 -1.08731415 -0.19254082 -0.15302684]
2025-12-13 21:36:31,770 - INFO - num_full_subsets = 2
2025-12-13 21:36:31,804 - INFO - phi = [-0.12965136  0.72081289 -0.30166303  0.15221006]
2025-12-13 21:36:31,820 - INFO - num_full_subsets = 2
2025-12-13 21:36:31,854 - INFO - phi = [-0.0579677   0.70531473  0.9989509   0.17006259]
2025-12-13 21:36:31,870 - INFO - num_full_subsets = 2
2025-12-13 21:36:31,904 - INFO - phi = [-0.13807253 -0.78160208 -0.14230499 -0.72237565]
2025-12-13 21:36:31,920 - INFO - num_full_subsets = 2
2025-12-13 21:36:31,954 - INFO - phi = [ 0.04819854  0.66390586 -0.5768976   0.43239099]
2025-12-13 21:36:31,971 - INFO - num_full_subsets = 2
2025-12-13 21:36:32,005 - INFO - phi = [-0.20990696 -0.26178169 -0.29301177 -0.52841829]
2025-12-13 21:36:32,021 - INFO - num_full_subsets = 2
2025-12-13 21:36:32,056 - INFO - phi = [-0.21833894 -0.64173101 -0.14965381 -0.73795447]
2025-12-13 21:36:32,072 - INFO - num_full_subsets = 2
2025-12-13 21:36:32,106 - INFO - phi = [ 0.58662336  0.31334371 -0.01390553 -0.54106923]
2025-12-13 21:36:32,122 - INFO - num_full_subsets = 2
2025-12-13 21:36:32,157 - INFO - phi = [0.05571523 1.82239518 0.2936632  0.45915432]
2025-12-13 21:36:32,173 - INFO - num_full_subsets = 2
2025-12-13 21:36:32,207 - INFO - phi = [-0.0695652   1.36325625  0.00186108 -0.47979371]
2025-12-13 21:36:32,223 - INFO - num_full_subsets = 2
2025-12-13 21:36:32,257 - INFO - phi = [0.2444827  0.06975198 0.90175577 0.81601689]
2025-12-13 21:36:32,274 - INFO - num_full_subsets = 2
2025-12-13 21:36:32,308 - INFO - phi = [-0.18682609 -0.65739086  0.38078461 -1.08382116]
2025-12-13 21:36:32,324 - INFO - num_full_subsets = 2
2025-12-13 21:36:32,358 - INFO - phi = [-0.18413904 -0.71139895  0.08972576 -0.96425341]
2025-12-13 21:36:32,374 - INFO - num_full_subsets = 2
2025-12-13 21:36:32,408 - INFO - phi = [-0.14629379  0.14115096 -0.14674625  0.73956886]
2025-12-13 21:36:32,424 - INFO - num_full_subsets = 2
2025-12-13 21:36:32,458 - INFO - phi = [ 0.4401254   0.58045709 -0.25726291  0.5625077 ]
2025-12-13 21:36:32,475 - INFO - num_full_subsets = 2
2025-12-13 21:36:32,509 - INFO - phi = [-0.126494   -0.86572681 -0.31549689  0.65000273]
2025-12-13 21:36:32,525 - INFO - num_full_subsets = 2
2025-12-13 21:36:32,559 - INFO - phi = [-0.14860654  0.90810156 -0.21519158  0.7442656 ]
2025-12-13 21:36:32,575 - INFO - num_full_subsets = 2
2025-12-13 21:36:32,610 - INFO - phi = [ 0.4055199   0.87934089 -0.36729768  0.57425802]
2025-12-13 21:36:32,626 - INFO - num_full_subsets = 2
2025-12-13 21:36:32,661 - INFO - phi = [-0.2071681  -0.43423077 -0.25292604  0.57275227]
2025-12-13 21:36:32,677 - INFO - num_full_subsets = 2
2025-12-13 21:36:32,711 - INFO - phi = [-0.2592887  -0.83340347  0.07870098  0.26540516]
2025-12-13 21:36:32,727 - INFO - num_full_subsets = 2
2025-12-13 21:36:32,762 - INFO - phi = [-0.20070871 -0.76361606 -0.21357043  0.57936886]
2025-12-13 21:36:32,778 - INFO - num_full_subsets = 2
2025-12-13 21:36:32,812 - INFO - phi = [ 0.48385861  0.39063584  0.13311263 -0.09927995]
2025-12-13 21:36:32,828 - INFO - num_full_subsets = 2
2025-12-13 21:36:32,863 - INFO - phi = [0.3967778  0.12905844 0.13619629 0.32160958]
2025-12-13 21:36:32,880 - INFO - num_full_subsets = 2
2025-12-13 21:36:32,914 - INFO - phi = [-0.20986869 -0.1590292  -0.21904414  0.50759961]
2025-12-13 21:36:32,930 - INFO - num_full_subsets = 2
2025-12-13 21:36:32,964 - INFO - phi = [-0.04132878  1.02329466 -0.34700463  0.7469225 ]
2025-12-13 21:36:32,981 - INFO - num_full_subsets = 2
2025-12-13 21:36:33,015 - INFO - phi = [-0.29796772 -0.53630177 -0.19352008 -0.23443689]
2025-12-13 21:36:33,031 - INFO - num_full_subsets = 2
2025-12-13 21:36:33,066 - INFO - phi = [-0.15913236 -0.68008627 -0.01713542 -0.912463  ]
2025-12-13 21:36:33,082 - INFO - num_full_subsets = 2
2025-12-13 21:36:33,116 - INFO - phi = [-0.11332289  0.67478646 -0.52589804  0.56341479]
2025-12-13 21:36:33,132 - INFO - num_full_subsets = 2
2025-12-13 21:36:33,167 - INFO - phi = [-0.22305065 -1.06558983 -0.04344176  0.57959217]
2025-12-13 21:36:33,183 - INFO - num_full_subsets = 2
2025-12-13 21:36:33,218 - INFO - phi = [-0.10335835 -0.33877294  0.81044487  0.80578415]
2025-12-13 21:36:33,234 - INFO - num_full_subsets = 2
2025-12-13 21:36:33,268 - INFO - phi = [-0.04646098  0.09039401  0.81842226  0.78713801]
2025-12-13 21:36:33,284 - INFO - num_full_subsets = 2
2025-12-13 21:36:33,319 - INFO - phi = [ 0.02110649  0.99059838 -0.50304417  0.43968267]
2025-12-13 21:36:33,335 - INFO - num_full_subsets = 2
2025-12-13 21:36:33,369 - INFO - phi = [-0.06347123 -0.63523275  1.03980618 -1.29308388]
2025-12-13 21:36:33,385 - INFO - num_full_subsets = 2
2025-12-13 21:36:33,419 - INFO - phi = [ 0.35898498  0.74432386 -0.2215574   0.64324301]
2025-12-13 21:36:33,435 - INFO - num_full_subsets = 2
2025-12-13 21:36:33,469 - INFO - phi = [0.28033069 0.99104037 0.68862624 0.61951608]
2025-12-13 21:36:33,486 - INFO - num_full_subsets = 2
2025-12-13 21:36:33,520 - INFO - phi = [-0.27677499 -1.16894062 -0.32919003  0.2674571 ]
2025-12-13 21:36:33,536 - INFO - num_full_subsets = 2
2025-12-13 21:36:33,571 - INFO - phi = [ 0.29023962 -0.11186381  0.68325892  0.77543811]
2025-12-13 21:36:33,587 - INFO - num_full_subsets = 2
2025-12-13 21:36:33,622 - INFO - phi = [-0.27745221 -0.40102726  0.14206019 -0.63884729]
2025-12-13 21:36:33,638 - INFO - num_full_subsets = 2
2025-12-13 21:36:33,672 - INFO - phi = [ 0.58383072  0.47372498 -0.52376175  0.14470502]
2025-12-13 21:36:33,688 - INFO - num_full_subsets = 2
2025-12-13 21:36:33,723 - INFO - phi = [-0.15052701  1.01446944 -0.27391581  0.70428444]
2025-12-13 21:36:33,739 - INFO - num_full_subsets = 2
2025-12-13 21:36:33,773 - INFO - phi = [0.25063358 0.04130045 0.04912221 0.57660002]
2025-12-13 21:36:33,789 - INFO - num_full_subsets = 2
2025-12-13 21:36:33,823 - INFO - phi = [-0.07353447  0.70241971 -0.37282914  0.58903335]
2025-12-13 21:36:33,839 - INFO - num_full_subsets = 2
2025-12-13 21:36:33,873 - INFO - phi = [-0.3220888  -0.82380351 -0.18067252 -0.30026996]
2025-12-13 21:36:33,889 - INFO - num_full_subsets = 2
2025-12-13 21:36:33,923 - INFO - phi = [-0.13375892  0.36326354 -0.23660274  0.62705855]
2025-12-13 21:36:33,939 - INFO - num_full_subsets = 2
2025-12-13 21:36:33,973 - INFO - phi = [-0.29468563 -0.91760259  0.04461787 -0.71768506]
2025-12-13 21:36:33,989 - INFO - num_full_subsets = 2
2025-12-13 21:36:34,024 - INFO - phi = [-0.16219409 -0.74748778  0.99341708 -1.11797763]
2025-12-13 21:36:34,040 - INFO - num_full_subsets = 2
2025-12-13 21:36:34,075 - INFO - phi = [-0.14814712  0.7018952  -0.13976018  0.59295975]
2025-12-13 21:36:34,091 - INFO - num_full_subsets = 2
2025-12-13 21:36:34,125 - INFO - phi = [-0.10765006  0.47914698 -0.30171522  0.64298943]
2025-12-13 21:36:34,141 - INFO - num_full_subsets = 2
2025-12-13 21:36:34,176 - INFO - phi = [ 0.06677201  0.99459182  1.16989793 -1.34643961]
2025-12-13 21:36:34,192 - INFO - num_full_subsets = 2
2025-12-13 21:36:34,226 - INFO - phi = [0.00096264 0.5230549  0.6740449  0.63628144]
2025-12-13 21:36:34,243 - INFO - num_full_subsets = 2
2025-12-13 21:36:34,278 - INFO - phi = [-0.28456698 -0.74177284  0.03879044 -0.78635031]
2025-12-13 21:36:34,293 - INFO - num_full_subsets = 2
2025-12-13 21:36:34,329 - INFO - phi = [-0.29045373 -0.64288962  0.11766473 -0.3678464 ]
2025-12-13 21:36:34,345 - INFO - num_full_subsets = 2
2025-12-13 21:36:34,380 - INFO - phi = [ 0.1575101   0.16809822 -0.24667466  0.57902554]
2025-12-13 21:36:34,396 - INFO - num_full_subsets = 2
2025-12-13 21:36:34,430 - INFO - phi = [-0.14637425  0.07390557  1.02202611 -0.06307242]
2025-12-13 21:36:34,446 - INFO - num_full_subsets = 2
2025-12-13 21:36:34,481 - INFO - phi = [-0.22328571 -0.75070886 -0.25263572 -0.55987426]
2025-12-13 21:36:34,496 - INFO - num_full_subsets = 2
2025-12-13 21:36:34,530 - INFO - phi = [-0.07025732  0.23469221  0.5733164  -0.82887075]
2025-12-13 21:36:34,547 - INFO - num_full_subsets = 2
2025-12-13 21:36:34,581 - INFO - phi = [ 0.1342387   0.33499501 -0.11572136  0.54155706]
2025-12-13 21:36:34,597 - INFO - num_full_subsets = 2
2025-12-13 21:36:34,631 - INFO - phi = [-0.21177072 -0.67194335 -0.15845509 -0.71203125]
2025-12-13 21:36:34,647 - INFO - num_full_subsets = 2
2025-12-13 21:36:34,682 - INFO - phi = [-0.0226958   1.15912692  0.76425316  0.6290082 ]
2025-12-13 21:36:34,698 - INFO - num_full_subsets = 2
2025-12-13 21:36:34,732 - INFO - phi = [-0.27692095 -0.84374816  0.06042942 -0.79251927]
2025-12-13 21:36:34,749 - INFO - num_full_subsets = 2
2025-12-13 21:36:34,783 - INFO - phi = [ 0.6399019   0.46403887  0.16189308 -1.00323117]
2025-12-13 21:36:34,798 - INFO - num_full_subsets = 2
2025-12-13 21:36:34,833 - INFO - phi = [ 0.68822004  0.08215061 -0.100561   -0.98730977]
2025-12-13 21:36:34,849 - INFO - num_full_subsets = 2
2025-12-13 21:36:34,884 - INFO - phi = [-0.19645706  0.59153298 -0.72095565 -0.04711377]
2025-12-13 21:36:34,899 - INFO - num_full_subsets = 2
2025-12-13 21:36:34,934 - INFO - phi = [-0.05484369 -0.59926794  1.12627465 -1.15526062]
2025-12-13 21:36:34,950 - INFO - num_full_subsets = 2
2025-12-13 21:36:34,984 - INFO - phi = [-0.10866117  0.61223825 -0.23430981  0.80761047]
2025-12-13 21:36:35,000 - INFO - num_full_subsets = 2
2025-12-13 21:36:35,035 - INFO - phi = [-0.08011345 -0.83148867  0.73623281 -1.09848135]
2025-12-13 21:36:35,051 - INFO - num_full_subsets = 2
2025-12-13 21:36:35,085 - INFO - phi = [ 0.7232572   0.18656715  0.05183584 -0.03199355]
2025-12-13 21:36:35,101 - INFO - num_full_subsets = 2
2025-12-13 21:36:35,135 - INFO - phi = [-0.27501873 -1.19064756 -0.35632134  0.21832993]
2025-12-13 21:36:35,152 - INFO - num_full_subsets = 2
2025-12-13 21:36:35,186 - INFO - phi = [-0.30709555 -0.49775251 -0.21162698 -0.08325315]
2025-12-13 21:36:35,202 - INFO - num_full_subsets = 2
2025-12-13 21:36:35,236 - INFO - phi = [-0.12499631  0.03118049  0.43489246  0.66092615]
2025-12-13 21:36:35,252 - INFO - num_full_subsets = 2
2025-12-13 21:36:35,287 - INFO - phi = [-0.27127351 -0.6978543  -0.1402092  -0.71969595]
2025-12-13 21:36:35,302 - INFO - num_full_subsets = 2
2025-12-13 21:36:35,337 - INFO - phi = [-0.21538398  0.75871291 -0.30934501  0.2177152 ]
2025-12-13 21:36:35,353 - INFO - num_full_subsets = 2
2025-12-13 21:36:35,387 - INFO - phi = [ 0.04094256  0.4003984  -0.37594724  0.53628853]
2025-12-13 21:36:35,403 - INFO - num_full_subsets = 2
2025-12-13 21:36:35,438 - INFO - phi = [ 0.45226182  0.06555303 -0.1335516   0.41718075]
2025-12-13 21:36:35,454 - INFO - num_full_subsets = 2
2025-12-13 21:36:35,488 - INFO - phi = [ 0.33932186  0.32951573  0.16942634 -1.14072011]
2025-12-13 21:36:35,504 - INFO - num_full_subsets = 2
2025-12-13 21:36:35,539 - INFO - phi = [-0.29090617 -0.88619048 -0.23202416 -0.3125457 ]
2025-12-13 21:36:35,555 - INFO - num_full_subsets = 2
2025-12-13 21:36:35,589 - INFO - phi = [-0.19339149  0.49604507 -0.75222067  0.04857023]
2025-12-13 21:36:35,605 - INFO - num_full_subsets = 2
2025-12-13 21:36:35,639 - INFO - phi = [-0.28984959  0.03067265 -0.02423996 -0.38075596]
2025-12-13 21:36:35,656 - INFO - num_full_subsets = 2
2025-12-13 21:36:35,690 - INFO - phi = [ 0.06519791  0.84590524 -0.17725201  0.64328638]
2025-12-13 21:36:35,706 - INFO - num_full_subsets = 2
2025-12-13 21:36:35,740 - INFO - phi = [0.40261553 0.6334547  0.85632403 0.76597691]
2025-12-13 21:36:35,757 - INFO - num_full_subsets = 2
2025-12-13 21:36:35,791 - INFO - phi = [0.05898745 0.94835776 0.6598978  0.75856568]
2025-12-13 21:36:35,806 - INFO - num_full_subsets = 2
2025-12-13 21:36:35,841 - INFO - phi = [0.49842942 0.45104825 0.14986657 0.14476527]
2025-12-13 21:36:35,857 - INFO - num_full_subsets = 2
2025-12-13 21:36:35,891 - INFO - phi = [ 0.2513119  -0.34011522 -0.25252949  0.5217455 ]
2025-12-13 21:36:35,907 - INFO - num_full_subsets = 2
2025-12-13 21:36:35,941 - INFO - phi = [-0.1113701   0.14853854 -0.18062121  0.79174445]
2025-12-13 21:36:35,957 - INFO - num_full_subsets = 2
2025-12-13 21:36:35,992 - INFO - phi = [ 3.06319528e-04  4.81449159e-01  5.93831699e-01 -2.67245083e-01]
2025-12-13 21:36:36,008 - INFO - num_full_subsets = 2
2025-12-13 21:36:36,042 - INFO - phi = [ 0.64074349 -0.00615919 -0.11870528 -1.3952631 ]
2025-12-13 21:36:36,058 - INFO - num_full_subsets = 2
2025-12-13 21:36:36,093 - INFO - phi = [ 0.45496231  0.95418699 -0.57976358  0.52010452]
2025-12-13 21:36:36,109 - INFO - num_full_subsets = 2
2025-12-13 21:36:36,144 - INFO - phi = [-0.10353385 -1.01791709  0.40696451 -1.01454482]
2025-12-13 21:36:36,160 - INFO - num_full_subsets = 2
2025-12-13 21:36:36,195 - INFO - phi = [-0.25323175 -1.06887576 -0.13661811  0.3727131 ]
2025-12-13 21:36:36,211 - INFO - num_full_subsets = 2
2025-12-13 21:36:36,246 - INFO - phi = [-0.30639489 -1.00853826 -0.25579256 -0.12773244]
2025-12-13 21:36:36,262 - INFO - num_full_subsets = 2
2025-12-13 21:36:36,296 - INFO - phi = [-0.19427025  0.12950303 -0.52245631  0.39622088]
2025-12-13 21:36:36,312 - INFO - num_full_subsets = 2
2025-12-13 21:36:36,346 - INFO - phi = [ 0.39487742 -0.26852379 -0.45115152  0.40175239]
2025-12-13 21:36:36,362 - INFO - num_full_subsets = 2
2025-12-13 21:36:36,396 - INFO - phi = [ 0.36729489  0.43718462 -0.29605261  0.63208703]
2025-12-13 21:36:36,412 - INFO - num_full_subsets = 2
2025-12-13 21:36:36,447 - INFO - phi = [-0.27748978 -1.28412265 -0.34716984  0.24036576]
2025-12-13 21:36:36,463 - INFO - num_full_subsets = 2
2025-12-13 21:36:36,497 - INFO - phi = [ 0.20711151  0.37210963  0.42732456 -0.68205091]
2025-12-13 21:36:36,513 - INFO - num_full_subsets = 2
2025-12-13 21:36:36,548 - INFO - phi = [-0.1883225   0.79883214 -0.31162995  0.46341306]
2025-12-13 21:36:36,564 - INFO - num_full_subsets = 2
2025-12-13 21:36:36,598 - INFO - phi = [ 0.26265016  0.45191491  0.31250837 -1.14488749]
2025-12-13 21:36:36,614 - INFO - num_full_subsets = 2
2025-12-13 21:36:36,649 - INFO - phi = [-0.2873672  -0.63327289 -0.28542411 -0.18916076]
2025-12-13 21:36:36,665 - INFO - num_full_subsets = 2
2025-12-13 21:36:36,699 - INFO - phi = [-0.26131401  0.03817721 -0.25588581  0.08949533]
2025-12-13 21:36:36,715 - INFO - num_full_subsets = 2
2025-12-13 21:36:36,749 - INFO - phi = [-0.19231264 -0.61887941 -0.09263064 -0.88887133]
2025-12-13 21:36:36,765 - INFO - num_full_subsets = 2
2025-12-13 21:36:36,799 - INFO - phi = [0.31926533 0.72741066 0.57469096 0.46478848]
2025-12-13 21:36:36,815 - INFO - num_full_subsets = 2
2025-12-13 21:36:36,849 - INFO - phi = [-0.26502621 -1.38975224  0.18769348  0.23915634]
2025-12-13 21:36:36,866 - INFO - num_full_subsets = 2
2025-12-13 21:36:36,900 - INFO - phi = [-0.24594311  0.35892073 -0.27522872  0.14730882]
2025-12-13 21:36:36,915 - INFO - num_full_subsets = 2
2025-12-13 21:36:36,950 - INFO - phi = [-0.28343523 -0.76696136 -0.26474394  0.03233165]
2025-12-13 21:36:36,966 - INFO - num_full_subsets = 2
2025-12-13 21:36:37,001 - INFO - phi = [-0.05945998  1.05310967  0.7267356   0.50615895]
2025-12-13 21:36:37,017 - INFO - num_full_subsets = 2
2025-12-13 21:36:37,052 - INFO - phi = [ 0.25526289  0.65570274 -0.04337246  0.5496071 ]
2025-12-13 21:36:37,069 - INFO - num_full_subsets = 2
2025-12-13 21:36:37,103 - INFO - phi = [-0.31440682 -0.87285431 -0.20072149 -0.22156147]
2025-12-13 21:36:37,119 - INFO - num_full_subsets = 2
2025-12-13 21:36:37,154 - INFO - phi = [-0.07225627 -0.35376965  0.8221574  -1.40083255]
2025-12-13 21:36:37,170 - INFO - num_full_subsets = 2
2025-12-13 21:36:37,205 - INFO - phi = [-0.24460416 -1.22368307 -0.34143154  0.37072625]
2025-12-13 21:36:37,221 - INFO - num_full_subsets = 2
2025-12-13 21:36:37,255 - INFO - phi = [-0.24693937 -0.82642159  0.61702703 -0.70549524]
2025-12-13 21:36:37,271 - INFO - num_full_subsets = 2
2025-12-13 21:36:37,305 - INFO - phi = [-0.21983511  0.2667024  -0.44949132  0.08081333]
2025-12-13 21:36:37,321 - INFO - num_full_subsets = 2
2025-12-13 21:36:37,355 - INFO - phi = [-0.06590343  0.09011578 -0.2543686   0.25349036]
2025-12-13 21:36:37,371 - INFO - num_full_subsets = 2
2025-12-13 21:36:37,405 - INFO - phi = [-0.1501806  -0.83997463 -0.07942542 -0.46386303]
2025-12-13 21:36:37,421 - INFO - num_full_subsets = 2
2025-12-13 21:36:37,455 - INFO - phi = [ 0.23680864  0.85693935 -0.1374092   0.72171939]
2025-12-13 21:36:37,470 - INFO - num_full_subsets = 2
2025-12-13 21:36:37,504 - INFO - phi = [-0.10534634  0.3896717   0.41026051  0.7912321 ]
2025-12-13 21:36:37,520 - INFO - num_full_subsets = 2
2025-12-13 21:36:37,555 - INFO - phi = [-0.28769574 -0.76490878 -0.31046534  0.00256355]
2025-12-13 21:36:37,571 - INFO - num_full_subsets = 2
2025-12-13 21:36:37,605 - INFO - phi = [ 0.84406894 -0.11396252  0.12990022 -0.86334293]
2025-12-13 21:36:37,622 - INFO - num_full_subsets = 2
2025-12-13 21:36:37,657 - INFO - phi = [ 0.33260475  0.63654669 -0.41798031  0.52057586]
2025-12-13 21:36:37,673 - INFO - num_full_subsets = 2
2025-12-13 21:36:37,708 - INFO - phi = [-0.28518634  0.68712386 -0.3535333  -0.70159648]
2025-12-13 21:36:37,724 - INFO - num_full_subsets = 2
2025-12-13 21:36:37,759 - INFO - phi = [ 0.26091245  0.20773566 -0.21082815  0.54198639]
2025-12-13 21:36:37,775 - INFO - num_full_subsets = 2
2025-12-13 21:36:37,809 - INFO - phi = [ 0.45485739  0.25528807  0.13556737 -0.91951828]
2025-12-13 21:36:37,825 - INFO - num_full_subsets = 2
2025-12-13 21:36:37,860 - INFO - phi = [-0.29547025 -0.63951665 -0.16257114 -0.69785538]
2025-12-13 21:36:37,876 - INFO - num_full_subsets = 2
2025-12-13 21:36:37,911 - INFO - phi = [ 0.07744094  0.94788202 -0.36831793  0.56617862]
2025-12-13 21:36:37,927 - INFO - num_full_subsets = 2
2025-12-13 21:36:37,961 - INFO - phi = [-0.23653932 -0.29705204  0.26250764 -0.21348591]
2025-12-13 21:36:37,977 - INFO - num_full_subsets = 2
2025-12-13 21:36:38,012 - INFO - phi = [-0.08284784  0.99563808 -0.41561919  0.48930735]
2025-12-13 21:36:38,028 - INFO - num_full_subsets = 2
2025-12-13 21:36:38,063 - INFO - phi = [0.13268246 0.99192115 0.84350419 0.58666757]
2025-12-13 21:36:38,079 - INFO - num_full_subsets = 2
2025-12-13 21:36:38,113 - INFO - phi = [ 0.26905409  0.99487825 -0.32374212  0.64105374]
2025-12-13 21:36:38,129 - INFO - num_full_subsets = 2
2025-12-13 21:36:38,164 - INFO - phi = [ 0.66477154 -0.17406685 -0.15227352 -0.60795763]
2025-12-13 21:36:38,179 - INFO - num_full_subsets = 2
2025-12-13 21:36:38,214 - INFO - phi = [-0.18415225  0.14983449 -0.39045235  0.47862307]
2025-12-13 21:36:38,231 - INFO - num_full_subsets = 2
2025-12-13 21:36:38,265 - INFO - phi = [ 1.12610547  0.13305147 -0.06119317 -0.81779371]
2025-12-13 21:36:38,281 - INFO - num_full_subsets = 2
2025-12-13 21:36:38,315 - INFO - phi = [-0.32887969 -0.99418708 -0.17494764 -0.21086948]
2025-12-13 21:36:38,331 - INFO - num_full_subsets = 2
2025-12-13 21:36:38,366 - INFO - phi = [ 0.44769957 -0.00441577 -0.34881238 -0.1169955 ]
2025-12-13 21:36:38,382 - INFO - num_full_subsets = 2
2025-12-13 21:36:38,416 - INFO - phi = [0.06079141 1.4094076  0.64733591 0.50551575]
2025-12-13 21:36:38,433 - INFO - num_full_subsets = 2
2025-12-13 21:36:38,467 - INFO - phi = [-0.25681387 -0.78203375 -0.10662388 -0.72512724]
2025-12-13 21:36:38,483 - INFO - num_full_subsets = 2
2025-12-13 21:36:38,518 - INFO - phi = [ 0.39711654  0.56344168 -0.15668497 -1.12767412]
2025-12-13 21:36:38,534 - INFO - num_full_subsets = 2
2025-12-13 21:36:38,569 - INFO - phi = [-0.08464788  0.76147443 -0.75155256  0.47256989]
2025-12-13 21:36:38,585 - INFO - num_full_subsets = 2
2025-12-13 21:36:38,619 - INFO - phi = [-0.25734196 -0.78132861 -0.37971185 -0.38914913]
2025-12-13 21:36:38,635 - INFO - num_full_subsets = 2
2025-12-13 21:36:38,669 - INFO - phi = [0.30780084 0.43899563 0.46037225 0.66971469]
2025-12-13 21:36:38,685 - INFO - num_full_subsets = 2
2025-12-13 21:36:38,719 - INFO - phi = [-0.05455121  0.90002233 -0.30476388  0.71812378]
2025-12-13 21:36:38,736 - INFO - num_full_subsets = 2
2025-12-13 21:36:38,770 - INFO - phi = [-0.12733371 -0.72525597 -0.13673742 -0.83311039]
2025-12-13 21:36:38,786 - INFO - num_full_subsets = 2
2025-12-13 21:36:38,821 - INFO - phi = [ 0.10103097  0.75636915 -0.28714283  0.61634113]
2025-12-13 21:36:38,837 - INFO - num_full_subsets = 2
2025-12-13 21:36:38,871 - INFO - phi = [-0.06941058  0.48859319 -0.30532176  0.81267561]
2025-12-13 21:36:38,887 - INFO - num_full_subsets = 2
2025-12-13 21:36:38,921 - INFO - phi = [-0.296634   -1.20870878 -0.35617424 -0.07894495]
2025-12-13 21:36:38,937 - INFO - num_full_subsets = 2
2025-12-13 21:36:38,972 - INFO - phi = [-0.13595204  0.16258071 -0.44439043  0.68191475]
2025-12-13 21:36:38,988 - INFO - num_full_subsets = 2
2025-12-13 21:36:39,022 - INFO - phi = [-0.03073648  0.03739891 -0.25275969  0.22253956]
2025-12-13 21:36:39,038 - INFO - num_full_subsets = 2
2025-12-13 21:36:39,073 - INFO - phi = [0.19753214 0.68151789 0.15776359 0.28325159]
2025-12-13 21:36:39,088 - INFO - num_full_subsets = 2
2025-12-13 21:36:39,123 - INFO - phi = [-0.27234029 -0.91032973  0.21255473  0.17184058]
2025-12-13 21:36:39,139 - INFO - num_full_subsets = 2
2025-12-13 21:36:39,173 - INFO - phi = [3.08828441e-04 1.30467006e+00 1.14666984e+00 4.79406524e-01]
2025-12-13 21:36:39,189 - INFO - num_full_subsets = 2
2025-12-13 21:36:39,224 - INFO - phi = [-0.2497079  -0.82289487  0.53235423 -0.2665107 ]
2025-12-13 21:36:39,240 - INFO - num_full_subsets = 2
2025-12-13 21:36:39,274 - INFO - phi = [-0.2309069  -0.56267555 -0.12690307 -0.89741384]
2025-12-13 21:36:39,776 - INFO - Computing feature importance...
2025-12-13 21:36:40,623 - INFO - Experiment completed for SVM
2025-12-13 21:36:40,623 - INFO - Total time: 23.81s (0.40 min)
